condition,episode,rso,uncertainty_km
correct,0,0,1.0961499214172363
correct,0,1,0.19145476818084717
correct,0,2,0.24686510860919952
correct,0,3,0.07204118371009827
correct,0,4,0.8261750936508179
correct,0,5,0.3049176335334778
correct,0,6,0.5411766171455383
correct,0,7,0.5334655046463013
correct,0,8,0.1693122535943985
correct,0,9,0.676807701587677
correct,0,10,1.1842707395553589
correct,0,11,0.6471853256225586
correct,0,12,0.1511552333831787
correct,0,13,0.8270637392997742
correct,0,14,0.5050615072250366
correct,0,15,0.48964545130729675
correct,0,16,0.349208801984787
correct,0,17,0.5283780097961426
correct,0,18,0.2782924473285675
correct,0,19,0.0990164577960968
correct,0,20,0.7974065542221069
correct,0,21,0.20154881477355957
correct,0,22,0.910556972026825
correct,0,23,0.5308365225791931
correct,0,24,1.3879684209823608
correct,0,25,0.3805324137210846
correct,0,26,0.08011715114116669
correct,0,27,0.07440191507339478
correct,0,28,0.4691340923309326
correct,0,29,1.2148500680923462
correct,0,30,0.4068065881729126
correct,0,31,0.37092798948287964
correct,0,32,0.40064018964767456
correct,0,33,1.1144822835922241
correct,0,34,0.41094475984573364
correct,0,35,0.236115962266922
correct,0,36,0.1414628028869629
correct,0,37,0.6082780361175537
correct,0,38,0.3883240818977356
correct,0,39,0.5002313852310181
correct,0,40,0.8813319802284241
correct,0,41,0.745470404624939
correct,0,42,0.38250836730003357
correct,0,43,0.608109712600708
correct,0,44,0.801160991191864
correct,0,45,0.5548981428146362
correct,0,46,0.8599317669868469
correct,0,47,0.15393713116645813
correct,0,48,0.6772183179855347
correct,0,49,1.0976824760437012
correct,0,50,0.7393394708633423
correct,0,51,2.1100094318389893
correct,0,52,0.26063022017478943
correct,0,53,0.7514365911483765
correct,0,54,0.41771915555000305
correct,0,55,0.5225153565406799
correct,0,56,0.71877521276474
correct,0,57,0.3926437199115753
correct,0,58,0.2590547502040863
correct,0,59,0.37152099609375
correct,0,60,0.378837525844574
correct,0,61,0.6682946681976318
correct,0,62,0.6385121941566467
correct,0,63,0.6137576103210449
correct,0,64,0.45715153217315674
correct,0,65,1.2414301633834839
correct,0,66,0.8199294209480286
correct,0,67,0.5235783457756042
correct,0,68,0.5458859205245972
correct,0,69,1.2105761766433716
correct,0,70,0.5479950904846191
correct,0,71,0.05999999865889549
correct,0,72,0.5720443725585938
correct,0,73,0.33394718170166016
correct,0,74,0.25789347290992737
correct,0,75,0.6525384187698364
correct,0,76,0.05999999865889549
correct,0,77,0.6856799721717834
correct,0,78,0.3167458176612854
correct,0,79,0.9227868914604187
correct,0,80,0.44183051586151123
correct,0,81,0.24317869544029236
correct,0,82,0.12107572704553604
correct,0,83,0.3002483546733856
correct,0,84,0.4726821184158325
correct,0,85,0.9943069219589233
correct,0,86,0.06264882534742355
correct,0,87,0.4169937074184418
correct,0,88,0.3602503538131714
correct,0,89,0.7491819858551025
correct,0,90,0.18439218401908875
correct,0,91,0.29700902104377747
correct,0,92,0.7683449387550354
correct,0,93,0.16282252967357635
correct,0,94,0.20342028141021729
correct,0,95,0.05999999865889549
correct,0,96,1.222951889038086
correct,0,97,0.5885182619094849
correct,0,98,0.6885786652565002
correct,0,99,0.09893065690994263
correct,0,100,0.4465956687927246
correct,0,101,0.29082444310188293
correct,0,102,0.8375596404075623
correct,0,103,0.11333800107240677
correct,0,104,0.16438627243041992
correct,0,105,0.11622975021600723
correct,0,106,0.5340316295623779
correct,0,107,0.498974472284317
correct,0,108,0.17299653589725494
correct,0,109,0.07448031008243561
correct,0,110,0.34199196100234985
correct,0,111,0.7691285610198975
correct,0,112,0.5252206325531006
correct,0,113,0.2650330662727356
correct,0,114,0.4684899151325226
correct,0,115,0.23327146470546722
correct,0,116,0.6354607939720154
correct,0,117,0.32611966133117676
correct,0,118,0.3111996054649353
correct,0,119,0.8606674671173096
correct,0,120,0.31151968240737915
correct,0,121,0.6865881681442261
correct,0,122,0.07737937569618225
correct,0,123,0.06955313682556152
correct,0,124,0.5588089227676392
correct,0,125,0.3319481611251831
correct,0,126,0.5848547220230103
correct,0,127,0.12226027250289917
correct,0,128,0.4965543746948242
correct,0,129,1.1299374103546143
correct,0,130,0.6181666851043701
correct,0,131,0.41630446910858154
correct,0,132,0.211531400680542
correct,0,133,0.35281282663345337
correct,0,134,0.08438465744256973
correct,0,135,0.4470807909965515
correct,0,136,0.23638659715652466
correct,0,137,0.2142421454191208
correct,0,138,0.7137297987937927
correct,0,139,0.758010983467102
correct,0,140,0.05999999865889549
correct,0,141,0.18256688117980957
correct,0,142,0.49408042430877686
correct,0,143,0.2112198770046234
correct,0,144,0.40537917613983154
correct,0,145,0.2569570541381836
correct,0,146,0.18469274044036865
correct,0,147,0.2710550129413605
correct,0,148,0.622717022895813
correct,0,149,0.5520523190498352
correct,0,150,0.3799908757209778
correct,0,151,0.5094038248062134
correct,0,152,0.3747321665287018
correct,0,153,0.30614951252937317
correct,0,154,0.05999999865889549
correct,0,155,0.18340282142162323
correct,0,156,0.6789982318878174
correct,0,157,0.7801415324211121
correct,0,158,1.0659847259521484
correct,0,159,0.6342653036117554
correct,0,160,0.33539652824401855
correct,0,161,0.13849902153015137
correct,0,162,0.7184308171272278
correct,0,163,0.24057117104530334
correct,0,164,0.8659854531288147
correct,0,165,0.8755403757095337
correct,0,166,0.34082674980163574
correct,0,167,0.2285865694284439
correct,0,168,0.9478508830070496
correct,0,169,0.2533656656742096
correct,0,170,0.2024039775133133
correct,0,171,0.23165084421634674
correct,0,172,0.295285701751709
correct,0,173,1.0814568996429443
correct,0,174,0.24429769814014435
correct,0,175,0.3058105409145355
correct,0,176,0.2855145335197449
correct,0,177,0.5911702513694763
correct,0,178,1.2580066919326782
correct,0,179,0.6625508069992065
correct,0,180,0.4813844561576843
correct,0,181,0.23305058479309082
correct,0,182,0.7173243165016174
correct,0,183,0.7143121361732483
correct,0,184,0.5345906615257263
correct,0,185,0.7612812519073486
correct,0,186,0.39762499928474426
correct,0,187,0.764864444732666
correct,0,188,0.23439143598079681
correct,0,189,1.3423320055007935
correct,0,190,0.1677926480770111
correct,0,191,0.5782738924026489
correct,0,192,0.7485939264297485
correct,0,193,0.5769599080085754
correct,0,194,0.1555728018283844
correct,0,195,0.5053667426109314
correct,0,196,0.3965020775794983
correct,0,197,0.6173987984657288
correct,0,198,0.6221529245376587
correct,0,199,0.34679120779037476
correct,0,200,1.17188560962677
correct,0,201,0.22143962979316711
correct,0,202,0.49246108531951904
correct,0,203,0.35658615827560425
correct,0,204,0.7618529200553894
correct,0,205,0.21604131162166595
correct,0,206,0.29976046085357666
correct,0,207,0.5103431940078735
correct,0,208,0.39906662702560425
correct,0,209,0.8511002659797668
correct,0,210,0.3263828158378601
correct,0,211,0.6364957690238953
correct,0,212,0.21128015220165253
correct,0,213,0.05999999865889549
correct,0,214,0.5621463060379028
correct,0,215,0.7954005599021912
correct,0,216,0.1781560629606247
correct,0,217,0.9371808767318726
correct,0,218,0.3905137777328491
correct,0,219,0.2245863974094391
correct,0,220,0.28928589820861816
correct,0,221,0.5456674098968506
correct,0,222,1.0358844995498657
correct,0,223,0.3045339584350586
correct,0,224,0.27088993787765503
correct,0,225,0.23983965814113617
correct,0,226,0.402729868888855
correct,0,227,0.09437388181686401
correct,0,228,0.47623634338378906
correct,0,229,0.7028539776802063
correct,0,230,0.5636753439903259
correct,0,231,0.36921069025993347
correct,0,232,0.9481654167175293
correct,0,233,0.6854285001754761
correct,0,234,0.6702397465705872
correct,0,235,0.24309855699539185
correct,0,236,0.05999999865889549
correct,0,237,0.5539314150810242
correct,0,238,0.8472411632537842
correct,0,239,0.28508493304252625
correct,1,0,0.27806785702705383
correct,1,1,0.5316572189331055
correct,1,2,0.6365118026733398
correct,1,3,0.3983289897441864
correct,1,4,0.8534807562828064
correct,1,5,0.9364411234855652
correct,1,6,0.9074311256408691
correct,1,7,0.08033525943756104
correct,1,8,0.3442235291004181
correct,1,9,1.166823148727417
correct,1,10,0.42998889088630676
correct,1,11,0.3646165132522583
correct,1,12,0.40127718448638916
correct,1,13,0.7162728905677795
correct,1,14,0.2459220588207245
correct,1,15,0.06775020062923431
correct,1,16,0.3066185414791107
correct,1,17,0.4149678349494934
correct,1,18,0.05999999865889549
correct,1,19,0.6715596318244934
correct,1,20,1.3687164783477783
correct,1,21,0.06519787013530731
correct,1,22,0.5230703353881836
correct,1,23,0.4351949393749237
correct,1,24,1.4252299070358276
correct,1,25,0.9079136252403259
correct,1,26,0.34888046979904175
correct,1,27,0.7590296268463135
correct,1,28,0.06227194890379906
correct,1,29,0.35242581367492676
correct,1,30,0.34101951122283936
correct,1,31,0.4504825472831726
correct,1,32,0.2273751199245453
correct,1,33,0.29351577162742615
correct,1,34,0.3843185007572174
correct,1,35,1.7364187240600586
correct,1,36,0.41699525713920593
correct,1,37,0.9414994716644287
correct,1,38,0.3600642681121826
correct,1,39,0.5093194246292114
correct,1,40,0.647544801235199
correct,1,41,0.5427070260047913
correct,1,42,0.2885536551475525
correct,1,43,0.3864230811595917
correct,1,44,0.3775957226753235
correct,1,45,0.42454060912132263
correct,1,46,0.3395920395851135
correct,1,47,0.38191062211990356
correct,1,48,0.33072394132614136
correct,1,49,0.9460810422897339
correct,1,50,0.28432440757751465
correct,1,51,0.7433313727378845
correct,1,52,1.0120155811309814
correct,1,53,0.2448408007621765
correct,1,54,0.7600693106651306
correct,1,55,0.8835344314575195
correct,1,56,0.7837220430374146
correct,1,57,0.4624413847923279
correct,1,58,0.5966750383377075
correct,1,59,0.16975879669189453
correct,1,60,0.32743191719055176
correct,1,61,0.7397152185440063
correct,1,62,0.2321891039609909
correct,1,63,0.0850522518157959
correct,1,64,0.23775750398635864
correct,1,65,0.2003590315580368
correct,1,66,1.8490335941314697
correct,1,67,0.8999183773994446
correct,1,68,0.369016170501709
correct,1,69,0.2784043550491333
correct,1,70,1.8640230894088745
correct,1,71,0.5191110372543335
correct,1,72,0.405995637178421
correct,1,73,0.20833206176757812
correct,1,74,0.06979352235794067
correct,1,75,0.2860737442970276
correct,1,76,0.1643623262643814
correct,1,77,0.43035200238227844
correct,1,78,0.4645046591758728
correct,1,79,0.10154125839471817
correct,1,80,0.6383781433105469
correct,1,81,0.4982821047306061
correct,1,82,0.6727301478385925
correct,1,83,0.4616185426712036
correct,1,84,0.5237176418304443
correct,1,85,0.43343430757522583
correct,1,86,0.40040722489356995
correct,1,87,0.3269345164299011
correct,1,88,0.3419624865055084
correct,1,89,0.6055048108100891
correct,1,90,0.4646390974521637
correct,1,91,0.27864697575569153
correct,1,92,0.7624014616012573
correct,1,93,0.1601739227771759
correct,1,94,0.6137226223945618
correct,1,95,0.31268227100372314
correct,1,96,0.06809572130441666
correct,1,97,1.7832396030426025
correct,1,98,1.6551947593688965
correct,1,99,0.4196484386920929
correct,1,100,0.1844768226146698
correct,1,101,1.0083048343658447
correct,1,102,1.1532819271087646
correct,1,103,0.21830210089683533
correct,1,104,0.3748617470264435
correct,1,105,0.09580259025096893
correct,1,106,1.3357328176498413
correct,1,107,0.29243674874305725
correct,1,108,0.42937397956848145
correct,1,109,0.5408943891525269
correct,1,110,0.7841638326644897
correct,1,111,0.5905151963233948
correct,1,112,0.313622385263443
correct,1,113,1.8822643756866455
correct,1,114,0.567719578742981
correct,1,115,0.30074113607406616
correct,1,116,1.5593410730361938
correct,1,117,0.503989577293396
correct,1,118,0.1080818921327591
correct,1,119,1.6603128910064697
correct,1,120,0.17262277007102966
correct,1,121,0.8802011609077454
correct,1,122,0.39980849623680115
correct,1,123,0.3388705849647522
correct,1,124,0.32606592774391174
correct,1,125,0.25700339674949646
correct,1,126,0.38159528374671936
correct,1,127,0.26916033029556274
correct,1,128,0.23760968446731567
correct,1,129,0.5318376421928406
correct,1,130,0.5713212490081787
correct,1,131,0.4097689688205719
correct,1,132,1.1597553491592407
correct,1,133,0.2964472770690918
correct,1,134,0.11346472054719925
correct,1,135,0.05999999865889549
correct,1,136,2.090884208679199
correct,1,137,0.6330905556678772
correct,1,138,0.7163993120193481
correct,1,139,0.6110444068908691
correct,1,140,2.213158130645752
correct,1,141,1.0506929159164429
correct,1,142,0.49917981028556824
correct,1,143,0.09565538167953491
correct,1,144,1.4874837398529053
correct,1,145,0.3101358115673065
correct,1,146,0.3690791726112366
correct,1,147,0.07811994850635529
correct,1,148,0.05999999865889549
correct,1,149,0.2622790038585663
correct,1,150,1.9037787914276123
correct,1,151,0.3094334006309509
correct,1,152,0.6891218423843384
correct,1,153,0.46300745010375977
correct,1,154,0.4276030361652374
correct,1,155,0.0800027847290039
correct,1,156,0.11088444292545319
correct,1,157,0.3666943311691284
correct,1,158,0.2450685352087021
correct,1,159,0.5753641128540039
correct,1,160,0.06042740121483803
correct,1,161,0.4817805290222168
correct,1,162,2.5092132091522217
correct,1,163,0.4003887176513672
correct,1,164,0.7659941911697388
correct,1,165,0.30685102939605713
correct,1,166,0.05999999865889549
correct,1,167,0.8766472935676575
correct,1,168,0.6207911372184753
correct,1,169,0.6054539084434509
correct,1,170,0.1977100968360901
correct,1,171,0.9728807210922241
correct,1,172,1.141111135482788
correct,1,173,0.34997835755348206
correct,1,174,1.97602379322052
correct,1,175,0.7281074523925781
correct,1,176,0.34640228748321533
correct,1,177,0.08900859951972961
correct,1,178,0.35037291049957275
correct,1,179,2.456958770751953
correct,1,180,0.26226407289505005
correct,1,181,0.564935564994812
correct,1,182,0.5865152478218079
correct,1,183,0.08211177587509155
correct,1,184,0.2898862361907959
correct,1,185,0.7076717615127563
correct,1,186,0.05999999865889549
correct,1,187,0.2739604413509369
correct,1,188,0.4237041473388672
correct,1,189,0.29926520586013794
correct,1,190,0.16948434710502625
correct,1,191,1.1208055019378662
correct,1,192,0.4257584810256958
correct,1,193,0.9449264407157898
correct,1,194,0.3317580223083496
correct,1,195,0.3475208580493927
correct,1,196,0.27466773986816406
correct,1,197,0.3619242012500763
correct,1,198,0.2930363118648529
correct,1,199,0.3338216245174408
correct,1,200,0.5366792678833008
correct,1,201,0.6939361691474915
correct,1,202,0.5298500061035156
correct,1,203,0.36474767327308655
correct,1,204,0.6672430634498596
correct,1,205,0.061272840946912766
correct,1,206,0.9402990341186523
correct,1,207,0.14554846286773682
correct,1,208,1.163689374923706
correct,1,209,0.08352821320295334
correct,1,210,0.2080889344215393
correct,1,211,0.1331106722354889
correct,1,212,0.1924978494644165
correct,1,213,1.100106954574585
correct,1,214,0.4250226616859436
correct,1,215,0.06935271620750427
correct,1,216,0.7626081705093384
correct,1,217,0.7554290294647217
correct,1,218,0.36695143580436707
correct,1,219,0.9153317809104919
correct,1,220,2.215136766433716
correct,1,221,0.8235753774642944
correct,1,222,0.340821236371994
correct,1,223,0.37981584668159485
correct,1,224,0.3304443657398224
correct,1,225,0.05999999865889549
correct,1,226,0.28033554553985596
correct,1,227,0.1530526876449585
correct,1,228,0.7376338839530945
correct,1,229,0.3819732666015625
correct,1,230,0.3097315728664398
correct,1,231,0.5410628318786621
correct,1,232,0.9179238080978394
correct,1,233,0.7124495506286621
correct,1,234,0.8913573026657104
correct,1,235,1.0538909435272217
correct,1,236,0.6905391812324524
correct,1,237,0.2615341544151306
correct,1,238,0.05999999865889549
correct,1,239,0.3209666311740875
correct,2,0,1.1670759916305542
correct,2,1,1.0333597660064697
correct,2,2,0.7986587882041931
correct,2,3,0.3733530044555664
correct,2,4,0.4405222237110138
correct,2,5,0.4507792592048645
correct,2,6,0.32084736227989197
correct,2,7,0.20532427728176117
correct,2,8,0.22526904940605164
correct,2,9,0.0735248327255249
correct,2,10,0.3147258758544922
correct,2,11,0.4313809275627136
correct,2,12,0.5268300175666809
correct,2,13,0.32175934314727783
correct,2,14,1.3995168209075928
correct,2,15,0.920625627040863
correct,2,16,0.13306143879890442
correct,2,17,0.6001911163330078
correct,2,18,2.4816994667053223
correct,2,19,0.11729253828525543
correct,2,20,0.7130506038665771
correct,2,21,0.11149880290031433
correct,2,22,0.6426621079444885
correct,2,23,0.6935446262359619
correct,2,24,0.6786778569221497
correct,2,25,0.5345690846443176
correct,2,26,0.21737779676914215
correct,2,27,0.22509334981441498
correct,2,28,0.781571626663208
correct,2,29,1.6535757780075073
correct,2,30,0.11296354234218597
correct,2,31,0.3083696961402893
correct,2,32,0.31393691897392273
correct,2,33,0.2974942922592163
correct,2,34,0.5909360647201538
correct,2,35,11.35018539428711
correct,2,36,1.0212446451187134
correct,2,37,1.4380682706832886
correct,2,38,0.14374947547912598
correct,2,39,0.34160059690475464
correct,2,40,0.4547474980354309
correct,2,41,0.39796775579452515
correct,2,42,0.3405292332172394
correct,2,43,0.29763102531433105
correct,2,44,0.9822361469268799
correct,2,45,0.3138805031776428
correct,2,46,0.2795335650444031
correct,2,47,0.8652046918869019
correct,2,48,0.19196435809135437
correct,2,49,0.14345534145832062
correct,2,50,1.033764123916626
correct,2,51,0.09056057035923004
correct,2,52,0.6168577671051025
correct,2,53,2.2783284187316895
correct,2,54,0.7608979940414429
correct,2,55,0.2889147102832794
correct,2,56,0.4769187271595001
correct,2,57,0.8816947937011719
correct,2,58,0.6452564001083374
correct,2,59,0.3237346410751343
correct,2,60,0.17499172687530518
correct,2,61,0.0956542044878006
correct,2,62,0.3125726878643036
correct,2,63,3.1602883338928223
correct,2,64,0.8070812225341797
correct,2,65,0.38953232765197754
correct,2,66,0.27512821555137634
correct,2,67,0.28992360830307007
correct,2,68,0.42461803555488586
correct,2,69,0.832618236541748
correct,2,70,0.5205816030502319
correct,2,71,0.13628610968589783
correct,2,72,0.1525784134864807
correct,2,73,1.197713017463684
correct,2,74,0.5145285129547119
correct,2,75,0.21627014875411987
correct,2,76,0.14676445722579956
correct,2,77,0.21599262952804565
correct,2,78,0.28379228711128235
correct,2,79,0.3119547665119171
correct,2,80,0.086811862885952
correct,2,81,0.4226425588130951
correct,2,82,0.13252028822898865
correct,2,83,0.17071734368801117
correct,2,84,0.6336397528648376
correct,2,85,0.22337386012077332
correct,2,86,0.33104392886161804
correct,2,87,0.34406715631484985
correct,2,88,0.9268558621406555
correct,2,89,0.09553149342536926
correct,2,90,0.6176761984825134
correct,2,91,0.3088544011116028
correct,2,92,0.6159140467643738
correct,2,93,1.5290786027908325
correct,2,94,0.3165714144706726
correct,2,95,1.0164463520050049
correct,2,96,0.05999999865889549
correct,2,97,0.223968043923378
correct,2,98,0.3851194977760315
correct,2,99,0.4690697193145752
correct,2,100,0.2487492859363556
correct,2,101,0.25766441226005554
correct,2,102,0.8289905786514282
correct,2,103,0.6352416276931763
correct,2,104,1.1067280769348145
correct,2,105,0.602426290512085
correct,2,106,0.36488956212997437
correct,2,107,0.13868995010852814
correct,2,108,0.6582236289978027
correct,2,109,0.2474776953458786
correct,2,110,0.2283027619123459
correct,2,111,0.29410409927368164
correct,2,112,0.8223164081573486
correct,2,113,0.7338618636131287
correct,2,114,0.3993935286998749
correct,2,115,0.6254094839096069
correct,2,116,0.33524444699287415
correct,2,117,0.5616176724433899
correct,2,118,1.1411908864974976
correct,2,119,0.05999999865889549
correct,2,120,0.08691340684890747
correct,2,121,2.5066423416137695
correct,2,122,0.27989307045936584
correct,2,123,1.457444190979004
correct,2,124,0.07128868997097015
correct,2,125,0.4660463333129883
correct,2,126,0.7071540355682373
correct,2,127,0.5917240381240845
correct,2,128,0.39147597551345825
correct,2,129,0.9900528192520142
correct,2,130,0.22366827726364136
correct,2,131,0.20957377552986145
correct,2,132,0.973369300365448
correct,2,133,0.6850882768630981
correct,2,134,0.6131892800331116
correct,2,135,0.31070676445961
correct,2,136,1.0050740242004395
correct,2,137,0.29623666405677795
correct,2,138,0.9795832633972168
correct,2,139,0.7966198921203613
correct,2,140,0.2524343729019165
correct,2,141,0.9832525253295898
correct,2,142,0.202841117978096
correct,2,143,0.45771485567092896
correct,2,144,0.25087714195251465
correct,2,145,1.880656123161316
correct,2,146,0.49257299304008484
correct,2,147,0.5342951416969299
correct,2,148,0.07900604605674744
correct,2,149,0.5615501403808594
correct,2,150,1.0083948373794556
correct,2,151,0.5699387788772583
correct,2,152,0.3556729853153229
correct,2,153,0.5874942541122437
correct,2,154,1.1208686828613281
correct,2,155,0.3383232653141022
correct,2,156,0.29637300968170166
correct,2,157,0.05999999865889549
correct,2,158,0.23715755343437195
correct,2,159,0.5436428785324097
correct,2,160,0.2392151802778244
correct,2,161,0.05999999865889549
correct,2,162,0.7952618598937988
correct,2,163,0.07436611503362656
correct,2,164,0.5911242365837097
correct,2,165,0.42077261209487915
correct,2,166,0.2963002324104309
correct,2,167,0.7582951784133911
correct,2,168,0.7269164323806763
correct,2,169,0.5691119432449341
correct,2,170,0.5994029641151428
correct,2,171,0.29579269886016846
correct,2,172,0.17700546979904175
correct,2,173,0.8362151384353638
correct,2,174,0.5545883774757385
correct,2,175,0.2732886075973511
correct,2,176,0.8286081552505493
correct,2,177,0.3123043179512024
correct,2,178,0.8831008672714233
correct,2,179,0.19254042208194733
correct,2,180,0.20876260101795197
correct,2,181,0.13643740117549896
correct,2,182,0.716784656047821
correct,2,183,0.13080601394176483
correct,2,184,0.3719819188117981
correct,2,185,0.328693151473999
correct,2,186,1.7470660209655762
correct,2,187,0.2398708462715149
correct,2,188,0.926101565361023
correct,2,189,0.05999999865889549
correct,2,190,0.1826644390821457
correct,2,191,0.07352348417043686
correct,2,192,0.48175299167633057
correct,2,193,0.10510073602199554
correct,2,194,0.05999999865889549
correct,2,195,0.8005023002624512
correct,2,196,0.8893762826919556
correct,2,197,0.9044310450553894
correct,2,198,0.373234361410141
correct,2,199,0.23529939353466034
correct,2,200,0.1519458144903183
correct,2,201,0.866530179977417
correct,2,202,0.8737971186637878
correct,2,203,0.21247458457946777
correct,2,204,1.2820656299591064
correct,2,205,0.6375724673271179
correct,2,206,1.2648088932037354
correct,2,207,1.0956056118011475
correct,2,208,0.408911794424057
correct,2,209,0.17253544926643372
correct,2,210,0.5302669405937195
correct,2,211,0.3015475869178772
correct,2,212,0.6485862731933594
correct,2,213,0.4912005066871643
correct,2,214,0.5447678565979004
correct,2,215,0.6787104606628418
correct,2,216,0.17127668857574463
correct,2,217,0.2160070836544037
correct,2,218,1.155457615852356
correct,2,219,0.06785540282726288
correct,2,220,0.7709336280822754
correct,2,221,1.5706934928894043
correct,2,222,0.9848020672798157
correct,2,223,0.14032450318336487
correct,2,224,1.651921272277832
correct,2,225,0.7214345335960388
correct,2,226,0.12493492662906647
correct,2,227,0.18748918175697327
correct,2,228,0.9525448083877563
correct,2,229,0.34637004137039185
correct,2,230,1.5070408582687378
correct,2,231,0.6221721768379211
correct,2,232,0.17979931831359863
correct,2,233,0.37330883741378784
correct,2,234,0.45114919543266296
correct,2,235,0.8157509565353394
correct,2,236,0.5571415424346924
correct,2,237,0.2852553725242615
correct,2,238,1.9234455823898315
correct,2,239,1.7251847982406616
correct,3,0,1.0119060277938843
correct,3,1,0.6262471079826355
correct,3,2,0.3520995080471039
correct,3,3,0.8344801664352417
correct,3,4,0.5432436466217041
correct,3,5,0.3989276885986328
correct,3,6,0.33445265889167786
correct,3,7,1.101452350616455
correct,3,8,0.16253793239593506
correct,3,9,0.8275996446609497
correct,3,10,0.05999999865889549
correct,3,11,0.3626047968864441
correct,3,12,0.5808730721473694
correct,3,13,0.43622568249702454
correct,3,14,0.21864496171474457
correct,3,15,0.4949784278869629
correct,3,16,0.5652179718017578
correct,3,17,0.4915168583393097
correct,3,18,0.41444283723831177
correct,3,19,0.4340823292732239
correct,3,20,0.18841072916984558
correct,3,21,0.49072691798210144
correct,3,22,0.5089740753173828
correct,3,23,0.9321138262748718
correct,3,24,1.4595474004745483
correct,3,25,0.3032881021499634
correct,3,26,1.0467884540557861
correct,3,27,0.5374970436096191
correct,3,28,0.35381028056144714
correct,3,29,0.24239441752433777
correct,3,30,0.57530677318573
correct,3,31,0.801303505897522
correct,3,32,0.19356733560562134
correct,3,33,0.1575765609741211
correct,3,34,0.20983296632766724
correct,3,35,0.1639162003993988
correct,3,36,0.1293002963066101
correct,3,37,0.35650432109832764
correct,3,38,0.7207536101341248
correct,3,39,0.19961154460906982
correct,3,40,1.3959450721740723
correct,3,41,0.18858371675014496
correct,3,42,1.1904935836791992
correct,3,43,0.7809435725212097
correct,3,44,0.10144565999507904
correct,3,45,0.07615993171930313
correct,3,46,0.6122398972511292
correct,3,47,0.36031654477119446
correct,3,48,0.5737167000770569
correct,3,49,0.20133574306964874
correct,3,50,0.8252227306365967
correct,3,51,0.2931388020515442
correct,3,52,1.2094289064407349
correct,3,53,0.05999999865889549
correct,3,54,0.5981985926628113
correct,3,55,0.3221406936645508
correct,3,56,0.39814722537994385
correct,3,57,0.3261106014251709
correct,3,58,1.3415225744247437
correct,3,59,0.40312469005584717
correct,3,60,0.7040747404098511
correct,3,61,1.107983946800232
correct,3,62,0.4007035195827484
correct,3,63,0.2515398859977722
correct,3,64,0.6811699867248535
correct,3,65,0.5483257174491882
correct,3,66,0.6547293663024902
correct,3,67,0.08468689024448395
correct,3,68,0.6457275152206421
correct,3,69,1.0819141864776611
correct,3,70,0.3833668529987335
correct,3,71,0.3168114125728607
correct,3,72,0.5900566577911377
correct,3,73,0.1198008805513382
correct,3,74,0.27109023928642273
correct,3,75,0.46349117159843445
correct,3,76,0.40982040762901306
correct,3,77,0.4830794334411621
correct,3,78,0.3111999034881592
correct,3,79,1.2472314834594727
correct,3,80,0.7761845588684082
correct,3,81,0.24343928694725037
correct,3,82,0.22341902554035187
correct,3,83,0.36522555351257324
correct,3,84,0.05999999865889549
correct,3,85,0.05999999865889549
correct,3,86,0.26590925455093384
correct,3,87,0.3198549449443817
correct,3,88,0.4402366280555725
correct,3,89,0.08002541959285736
correct,3,90,0.26849082112312317
correct,3,91,0.6036674976348877
correct,3,92,0.08498901128768921
correct,3,93,0.590355634689331
correct,3,94,0.06364426016807556
correct,3,95,0.5650497674942017
correct,3,96,0.3021695017814636
correct,3,97,1.2212140560150146
correct,3,98,0.519982635974884
correct,3,99,1.371985673904419
correct,3,100,0.05999999865889549
correct,3,101,0.4566991627216339
correct,3,102,0.8300672173500061
correct,3,103,0.37880685925483704
correct,3,104,0.12574538588523865
correct,3,105,1.19794499874115
correct,3,106,0.5706137418746948
correct,3,107,0.7090082764625549
correct,3,108,0.3496857285499573
correct,3,109,0.22153839468955994
correct,3,110,0.05999999865889549
correct,3,111,0.23867571353912354
correct,3,112,0.3304499089717865
correct,3,113,0.9569834470748901
correct,3,114,0.6786078810691833
correct,3,115,0.3252631425857544
correct,3,116,0.5407373905181885
correct,3,117,0.3326011896133423
correct,3,118,0.17213129997253418
correct,3,119,0.5079638957977295
correct,3,120,0.22594240307807922
correct,3,121,0.8159114122390747
correct,3,122,0.401205450296402
correct,3,123,0.3298419117927551
correct,3,124,0.16207370162010193
correct,3,125,0.3252909779548645
correct,3,126,0.1723669022321701
correct,3,127,0.0900152325630188
correct,3,128,1.200933814048767
correct,3,129,0.703305721282959
correct,3,130,0.19022026658058167
correct,3,131,1.107116937637329
correct,3,132,0.46385490894317627
correct,3,133,0.27413779497146606
correct,3,134,0.5248342156410217
correct,3,135,0.7494206428527832
correct,3,136,0.5902803540229797
correct,3,137,0.9596229195594788
correct,3,138,0.35666996240615845
correct,3,139,1.149560570716858
correct,3,140,0.5462908744812012
correct,3,141,0.6053361892700195
correct,3,142,0.5733319520950317
correct,3,143,1.128781795501709
correct,3,144,0.5235501527786255
correct,3,145,0.5651642680168152
correct,3,146,0.540485143661499
correct,3,147,0.23532257974147797
correct,3,148,0.2735557556152344
correct,3,149,1.2281084060668945
correct,3,150,0.6048046946525574
correct,3,151,0.43655097484588623
correct,3,152,0.9127784371376038
correct,3,153,0.34694623947143555
correct,3,154,0.11886679381132126
correct,3,155,0.41171401739120483
correct,3,156,0.34453314542770386
correct,3,157,0.3911128044128418
correct,3,158,1.0306824445724487
correct,3,159,0.09934355318546295
correct,3,160,0.4891519248485565
correct,3,161,0.14463910460472107
correct,3,162,0.33532097935676575
correct,3,163,0.4817010760307312
correct,3,164,0.10082598030567169
correct,3,165,0.5094513893127441
correct,3,166,2.582554340362549
correct,3,167,0.1690678894519806
correct,3,168,0.41615599393844604
correct,3,169,0.36779287457466125
correct,3,170,1.5475144386291504
correct,3,171,0.10889086872339249
correct,3,172,0.08856247365474701
correct,3,173,0.40850093960762024
correct,3,174,0.26272398233413696
correct,3,175,0.11236797273159027
correct,3,176,0.3100416362285614
correct,3,177,0.9343175888061523
correct,3,178,0.8063026666641235
correct,3,179,0.5309298634529114
correct,3,180,0.5130497217178345
correct,3,181,2.1200459003448486
correct,3,182,0.22767935693264008
correct,3,183,0.4739793837070465
correct,3,184,0.10264525562524796
correct,3,185,0.46949073672294617
correct,3,186,1.1465539932250977
correct,3,187,0.24826771020889282
correct,3,188,0.4066978693008423
correct,3,189,0.27084168791770935
correct,3,190,0.21573606133460999
correct,3,191,0.2882986068725586
correct,3,192,0.9490560293197632
correct,3,193,0.9083505868911743
correct,3,194,0.06862074136734009
correct,3,195,1.8557662963867188
correct,3,196,0.5753217935562134
correct,3,197,0.497822105884552
correct,3,198,0.7371985912322998
correct,3,199,0.06028002128005028
correct,3,200,1.1233147382736206
correct,3,201,0.9771319031715393
correct,3,202,0.7842338681221008
correct,3,203,0.5032808184623718
correct,3,204,0.21412062644958496
correct,3,205,0.19615572690963745
correct,3,206,0.5435313582420349
correct,3,207,0.8837161660194397
correct,3,208,0.38896995782852173
correct,3,209,0.13811638951301575
correct,3,210,1.0315237045288086
correct,3,211,0.19476982951164246
correct,3,212,0.6361081600189209
correct,3,213,0.16555167734622955
correct,3,214,0.1690417379140854
correct,3,215,0.10951901972293854
correct,3,216,0.7265294790267944
correct,3,217,0.2500513195991516
correct,3,218,0.8496871590614319
correct,3,219,0.2032019942998886
correct,3,220,0.46208468079566956
correct,3,221,0.8252487778663635
correct,3,222,1.356768012046814
correct,3,223,0.7506418824195862
correct,3,224,0.7758157253265381
correct,3,225,0.8812208771705627
correct,3,226,0.8388756513595581
correct,3,227,1.3338983058929443
correct,3,228,0.4524918794631958
correct,3,229,0.11321331560611725
correct,3,230,0.37626123428344727
correct,3,231,0.25289443135261536
correct,3,232,0.38493382930755615
correct,3,233,0.2690071165561676
correct,3,234,0.18665702641010284
correct,3,235,0.23365646600723267
correct,3,236,0.07677856087684631
correct,3,237,0.5751041173934937
correct,3,238,0.8828513026237488
correct,3,239,0.2889716625213623
correct,4,0,0.42837026715278625
correct,4,1,0.7412323355674744
correct,4,2,1.7807847261428833
correct,4,3,0.3726271390914917
correct,4,4,0.07889117300510406
correct,4,5,0.3005572259426117
correct,4,6,0.2991999387741089
correct,4,7,0.622643768787384
correct,4,8,1.0743327140808105
correct,4,9,0.304742693901062
correct,4,10,0.31984853744506836
correct,4,11,1.0172526836395264
correct,4,12,0.14806856215000153
correct,4,13,0.13143868744373322
correct,4,14,0.568482518196106
correct,4,15,1.1381022930145264
correct,4,16,0.5157269239425659
correct,4,17,0.8928488492965698
correct,4,18,0.26942160725593567
correct,4,19,0.27146583795547485
correct,4,20,0.2128201425075531
correct,4,21,0.6729030013084412
correct,4,22,1.0330004692077637
correct,4,23,0.4716570973396301
correct,4,24,0.30598610639572144
correct,4,25,1.3119051456451416
correct,4,26,1.799767255783081
correct,4,27,0.4619807004928589
correct,4,28,0.25655990839004517
correct,4,29,0.7121241092681885
correct,4,30,0.3504887819290161
correct,4,31,0.11139483749866486
correct,4,32,0.7573937773704529
correct,4,33,0.13314782083034515
correct,4,34,0.2962256968021393
correct,4,35,0.05999999865889549
correct,4,36,0.7678272724151611
correct,4,37,0.7796069383621216
correct,4,38,0.05999999865889549
correct,4,39,0.4021860361099243
correct,4,40,0.37344104051589966
correct,4,41,0.7407903671264648
correct,4,42,1.0424994230270386
correct,4,43,0.6331471800804138
correct,4,44,0.30044952034950256
correct,4,45,0.8108555674552917
correct,4,46,0.7177759408950806
correct,4,47,0.9657419919967651
correct,4,48,0.22979870438575745
correct,4,49,1.3564163446426392
correct,4,50,0.41431689262390137
correct,4,51,0.381879985332489
correct,4,52,0.10605752468109131
correct,4,53,0.5171667337417603
correct,4,54,0.7569381594657898
correct,4,55,1.0336592197418213
correct,4,56,0.4505848288536072
correct,4,57,0.4054834246635437
correct,4,58,0.20627251267433167
correct,4,59,0.4803413152694702
correct,4,60,0.13149236142635345
correct,4,61,0.11699167639017105
correct,4,62,0.7792777419090271
correct,4,63,0.35571080446243286
correct,4,64,7.947802543640137
correct,4,65,0.5253494381904602
correct,4,66,0.608497142791748
correct,4,67,1.6954967975616455
correct,4,68,1.120660662651062
correct,4,69,1.262997031211853
correct,4,70,0.7646217346191406
correct,4,71,0.2374240607023239
correct,4,72,0.11655449867248535
correct,4,73,0.3468235731124878
correct,4,74,0.5541337132453918
correct,4,75,1.4106448888778687
correct,4,76,0.5017030239105225
correct,4,77,0.2603883743286133
correct,4,78,0.2025730013847351
correct,4,79,0.20366349816322327
correct,4,80,1.478132963180542
correct,4,81,0.5462321639060974
correct,4,82,0.46729806065559387
correct,4,83,11.911971092224121
correct,4,84,0.5824875235557556
correct,4,85,0.5698851943016052
correct,4,86,0.8211480975151062
correct,4,87,0.4534223675727844
correct,4,88,0.11888688057661057
correct,4,89,2.551128387451172
correct,4,90,1.0201358795166016
correct,4,91,0.361002653837204
correct,4,92,0.26839375495910645
correct,4,93,0.5876198410987854
correct,4,94,0.4425496459007263
correct,4,95,0.14544104039669037
correct,4,96,0.21461039781570435
correct,4,97,0.12500593066215515
correct,4,98,0.36148273944854736
correct,4,99,0.5895217657089233
correct,4,100,0.3402571678161621
correct,4,101,0.48603516817092896
correct,4,102,0.07520808279514313
correct,4,103,0.5602750778198242
correct,4,104,0.47193992137908936
correct,4,105,0.49491816759109497
correct,4,106,0.3398759663105011
correct,4,107,1.6990963220596313
correct,4,108,1.3809409141540527
correct,4,109,1.2541735172271729
correct,4,110,0.6604493856430054
correct,4,111,1.1007497310638428
correct,4,112,1.4888709783554077
correct,4,113,0.7451285123825073
correct,4,114,0.2505447268486023
correct,4,115,0.0748855471611023
correct,4,116,0.6740651726722717
correct,4,117,0.6718469858169556
correct,4,118,0.8493514060974121
correct,4,119,0.22658412158489227
correct,4,120,0.628226637840271
correct,4,121,0.9503395557403564
correct,4,122,0.2413775622844696
correct,4,123,0.37711793184280396
correct,4,124,0.9113765954971313
correct,4,125,0.31158018112182617
correct,4,126,0.7268562912940979
correct,4,127,0.20630806684494019
correct,4,128,0.5355149507522583
correct,4,129,0.5566717386245728
correct,4,130,0.6142581105232239
correct,4,131,0.4338245689868927
correct,4,132,0.8812636137008667
correct,4,133,0.5672767758369446
correct,4,134,1.4360888004302979
correct,4,135,0.6716400384902954
correct,4,136,0.4832930266857147
correct,4,137,0.8733229041099548
correct,4,138,0.4715675413608551
correct,4,139,0.4800749123096466
correct,4,140,0.10007387399673462
correct,4,141,0.6100313067436218
correct,4,142,0.4655141532421112
correct,4,143,0.645218014717102
correct,4,144,1.3414692878723145
correct,4,145,0.0638672262430191
correct,4,146,0.05999999865889549
correct,4,147,0.5449844002723694
correct,4,148,0.6099854111671448
correct,4,149,1.0500400066375732
correct,4,150,0.7479969263076782
correct,4,151,0.8015655279159546
correct,4,152,0.5783242583274841
correct,4,153,0.5879451036453247
correct,4,154,0.2913815379142761
correct,4,155,0.358978807926178
correct,4,156,0.4942516088485718
correct,4,157,0.28222838044166565
correct,4,158,0.6421982645988464
correct,4,159,0.37334126234054565
correct,4,160,0.33626502752304077
correct,4,161,0.0846513882279396
correct,4,162,0.3709191381931305
correct,4,163,0.2089463472366333
correct,4,164,0.41408711671829224
correct,4,165,0.37571170926094055
correct,4,166,1.3889615535736084
correct,4,167,0.5257025957107544
correct,4,168,0.46724632382392883
correct,4,169,1.4854408502578735
correct,4,170,0.13592922687530518
correct,4,171,0.3551204800605774
correct,4,172,0.08113670349121094
correct,4,173,0.9146602153778076
correct,4,174,0.2744586765766144
correct,4,175,1.7071418762207031
correct,4,176,0.38173970580101013
correct,4,177,0.12046027928590775
correct,4,178,0.4964187741279602
correct,4,179,1.1633273363113403
correct,4,180,0.09329130500555038
correct,4,181,0.2559038996696472
correct,4,182,0.165062814950943
correct,4,183,0.556367039680481
correct,4,184,0.32114481925964355
correct,4,185,0.5958511233329773
correct,4,186,0.1975747048854828
correct,4,187,0.532537579536438
correct,4,188,0.3788073658943176
correct,4,189,0.37102898955345154
correct,4,190,0.40206781029701233
correct,4,191,0.21786841750144958
correct,4,192,0.42214083671569824
correct,4,193,0.5734053254127502
correct,4,194,0.40881237387657166
correct,4,195,0.05999999865889549
correct,4,196,0.6441736221313477
correct,4,197,0.05999999865889549
correct,4,198,0.525688111782074
correct,4,199,1.6748789548873901
correct,4,200,0.17850065231323242
correct,4,201,12.899791717529297
correct,4,202,0.47828519344329834
correct,4,203,0.08119083940982819
correct,4,204,0.26035428047180176
correct,4,205,2.2604479789733887
correct,4,206,0.47861120104789734
correct,4,207,0.13440166413784027
correct,4,208,0.2459661066532135
correct,4,209,0.5215468406677246
correct,4,210,0.4075480103492737
correct,4,211,0.38331425189971924
correct,4,212,0.2031416893005371
correct,4,213,0.10590580850839615
correct,4,214,0.5891140103340149
correct,4,215,2.2688488960266113
correct,4,216,0.6405088901519775
correct,4,217,0.8799315690994263
correct,4,218,0.19779951870441437
correct,4,219,1.1951693296432495
correct,4,220,0.22934585809707642
correct,4,221,0.08815104514360428
correct,4,222,0.3119330406188965
correct,4,223,0.18312430381774902
correct,4,224,0.24410110712051392
correct,4,225,1.1494437456130981
correct,4,226,0.3154067397117615
correct,4,227,1.4396475553512573
correct,4,228,0.8043429255485535
correct,4,229,1.6052618026733398
correct,4,230,0.23032982647418976
correct,4,231,0.1312587410211563
correct,4,232,0.2364889681339264
correct,4,233,0.31448894739151
correct,4,234,0.20348790287971497
correct,4,235,0.40702182054519653
correct,4,236,0.21779462695121765
correct,4,237,0.07576078176498413
correct,4,238,0.4456977844238281
correct,4,239,0.20723795890808105
correct,5,0,0.380951464176178
correct,5,1,0.34768375754356384
correct,5,2,0.4595271050930023
correct,5,3,0.21765170991420746
correct,5,4,0.17510391771793365
correct,5,5,0.362532377243042
correct,5,6,0.05999999865889549
correct,5,7,0.7034168839454651
correct,5,8,0.17641589045524597
correct,5,9,0.9873664975166321
correct,5,10,1.2464686632156372
correct,5,11,0.3973635137081146
correct,5,12,0.8648742437362671
correct,5,13,0.6921253800392151
correct,5,14,2.089317798614502
correct,5,15,1.0129528045654297
correct,5,16,0.36745938658714294
correct,5,17,0.22797022759914398
correct,5,18,0.7988798022270203
correct,5,19,2.1307878494262695
correct,5,20,0.7354236245155334
correct,5,21,0.37911349534988403
correct,5,22,0.7948305010795593
correct,5,23,0.3012484312057495
correct,5,24,1.0452613830566406
correct,5,25,0.1664963811635971
correct,5,26,0.266682893037796
correct,5,27,0.5166407823562622
correct,5,28,0.6033985614776611
correct,5,29,0.19277143478393555
correct,5,30,0.22772593796253204
correct,5,31,0.510789692401886
correct,5,32,0.2281578630208969
correct,5,33,0.9571593999862671
correct,5,34,1.5834485292434692
correct,5,35,0.4566473364830017
correct,5,36,0.8097460269927979
correct,5,37,0.49608850479125977
correct,5,38,0.7884311676025391
correct,5,39,0.5178155303001404
correct,5,40,0.3789903521537781
correct,5,41,0.5419304370880127
correct,5,42,0.23543572425842285
correct,5,43,0.49550074338912964
correct,5,44,0.303383469581604
correct,5,45,0.7492732405662537
correct,5,46,2.1838667392730713
correct,5,47,1.1720839738845825
correct,5,48,0.8166044354438782
correct,5,49,0.20588786900043488
correct,5,50,0.3816450834274292
correct,5,51,1.5253679752349854
correct,5,52,1.4349758625030518
correct,5,53,0.2244645208120346
correct,5,54,0.05999999865889549
correct,5,55,0.806804895401001
correct,5,56,0.3865918517112732
correct,5,57,0.4501250982284546
correct,5,58,1.0478086471557617
correct,5,59,1.340370774269104
correct,5,60,0.08514745533466339
correct,5,61,0.9182772040367126
correct,5,62,0.9963829517364502
correct,5,63,0.4138681888580322
correct,5,64,0.26248711347579956
correct,5,65,0.4471564292907715
correct,5,66,0.24144524335861206
correct,5,67,1.1988084316253662
correct,5,68,0.48961538076400757
correct,5,69,0.26100170612335205
correct,5,70,0.3070984184741974
correct,5,71,0.24848335981369019
correct,5,72,0.6372936367988586
correct,5,73,0.2905796766281128
correct,5,74,0.5526256561279297
correct,5,75,0.34618911147117615
correct,5,76,0.3024548292160034
correct,5,77,0.2661249041557312
correct,5,78,0.8445178270339966
correct,5,79,0.2410414218902588
correct,5,80,0.8783711194992065
correct,5,81,0.17887945473194122
correct,5,82,0.534091055393219
correct,5,83,0.3478955030441284
correct,5,84,1.363396167755127
correct,5,85,0.46893832087516785
correct,5,86,0.6989079713821411
correct,5,87,0.05999999865889549
correct,5,88,1.4085863828659058
correct,5,89,0.27027541399002075
correct,5,90,0.9835965633392334
correct,5,91,0.720279335975647
correct,5,92,0.06469934433698654
correct,5,93,0.0991206020116806
correct,5,94,0.38530510663986206
correct,5,95,0.30577343702316284
correct,5,96,0.24418368935585022
correct,5,97,0.4700089693069458
correct,5,98,0.231654554605484
correct,5,99,1.9604699611663818
correct,5,100,0.6331732869148254
correct,5,101,0.7211380004882812
correct,5,102,0.3901609778404236
correct,5,103,0.6950256824493408
correct,5,104,1.900648593902588
correct,5,105,0.36106908321380615
correct,5,106,1.3744136095046997
correct,5,107,0.22907811403274536
correct,5,108,0.5101335644721985
correct,5,109,0.5533096790313721
correct,5,110,1.4653443098068237
correct,5,111,0.10229764878749847
correct,5,112,0.46489349007606506
correct,5,113,0.9188922643661499
correct,5,114,0.8091483116149902
correct,5,115,1.8366398811340332
correct,5,116,0.7966129183769226
correct,5,117,0.2093656063079834
correct,5,118,0.1481374204158783
correct,5,119,0.4224868416786194
correct,5,120,1.6320551633834839
correct,5,121,0.1859133541584015
correct,5,122,1.0463478565216064
correct,5,123,0.4447690546512604
correct,5,124,0.06838127970695496
correct,5,125,0.40258586406707764
correct,5,126,0.414957195520401
correct,5,127,1.386860728263855
correct,5,128,1.1977258920669556
correct,5,129,0.12820786237716675
correct,5,130,0.8923854827880859
correct,5,131,0.7675752639770508
correct,5,132,0.39299142360687256
correct,5,133,0.7647848129272461
correct,5,134,0.582721471786499
correct,5,135,0.4979487657546997
correct,5,136,1.021679162979126
correct,5,137,0.6810807585716248
correct,5,138,0.2163955569267273
correct,5,139,0.6561679840087891
correct,5,140,0.27857381105422974
correct,5,141,0.4576749801635742
correct,5,142,0.5174292325973511
correct,5,143,0.20279589295387268
correct,5,144,0.11291864514350891
correct,5,145,0.1597028523683548
correct,5,146,0.797179102897644
correct,5,147,1.7413078546524048
correct,5,148,1.3969550132751465
correct,5,149,0.5157738924026489
correct,5,150,0.3629988431930542
correct,5,151,0.7919408082962036
correct,5,152,0.07393619418144226
correct,5,153,0.8468422293663025
correct,5,154,0.33742955327033997
correct,5,155,0.1817285716533661
correct,5,156,0.2687014043331146
correct,5,157,0.31351977586746216
correct,5,158,0.18686364591121674
correct,5,159,0.5834305882453918
correct,5,160,1.2872300148010254
correct,5,161,0.0884915441274643
correct,5,162,0.7095550298690796
correct,5,163,0.9901052713394165
correct,5,164,0.36840423941612244
correct,5,165,0.6854224801063538
correct,5,166,0.7617356181144714
correct,5,167,0.32706207036972046
correct,5,168,0.4288567900657654
correct,5,169,0.08204741775989532
correct,5,170,0.8073031306266785
correct,5,171,0.367318332195282
correct,5,172,0.3106842637062073
correct,5,173,0.29919320344924927
correct,5,174,0.5383267402648926
correct,5,175,0.7091838717460632
correct,5,176,0.41064581274986267
correct,5,177,0.05999999865889549
correct,5,178,0.25805363059043884
correct,5,179,0.4112411439418793
correct,5,180,0.24992112815380096
correct,5,181,0.1792791336774826
correct,5,182,0.22881977260112762
correct,5,183,1.8151971101760864
correct,5,184,0.932731568813324
correct,5,185,1.0718823671340942
correct,5,186,0.5044978857040405
correct,5,187,0.20181699097156525
correct,5,188,0.2443588674068451
correct,5,189,0.05999999865889549
correct,5,190,0.33331549167633057
correct,5,191,0.7608286142349243
correct,5,192,0.45156383514404297
correct,5,193,0.11313781887292862
correct,5,194,1.1394175291061401
correct,5,195,0.1337885856628418
correct,5,196,0.77530437707901
correct,5,197,0.35762709379196167
correct,5,198,0.6413196921348572
correct,5,199,2.04860520362854
correct,5,200,0.3505505919456482
correct,5,201,0.27543455362319946
correct,5,202,0.49550291895866394
correct,5,203,0.914154052734375
correct,5,204,0.0752234160900116
correct,5,205,0.41757458448410034
correct,5,206,0.6436821222305298
correct,5,207,0.38033297657966614
correct,5,208,0.49480360746383667
correct,5,209,0.9846978187561035
correct,5,210,0.2487320899963379
correct,5,211,0.16263419389724731
correct,5,212,0.4254535436630249
correct,5,213,1.6893441677093506
correct,5,214,1.1295831203460693
correct,5,215,0.31560584902763367
correct,5,216,0.3194538354873657
correct,5,217,1.3656766414642334
correct,5,218,0.32191258668899536
correct,5,219,0.3347911834716797
correct,5,220,0.17071843147277832
correct,5,221,0.6816520094871521
correct,5,222,0.5122693777084351
correct,5,223,0.4738560616970062
correct,5,224,1.4163024425506592
correct,5,225,0.05999999865889549
correct,5,226,0.39039963483810425
correct,5,227,0.7369231581687927
correct,5,228,0.8476841449737549
correct,5,229,1.7986583709716797
correct,5,230,0.8629164695739746
correct,5,231,1.5724236965179443
correct,5,232,0.5086528062820435
correct,5,233,0.4858842194080353
correct,5,234,0.47579750418663025
correct,5,235,0.37531307339668274
correct,5,236,0.37920573353767395
correct,5,237,0.14321553707122803
correct,5,238,0.9979993104934692
correct,5,239,0.9406243562698364
correct,6,0,0.8115255832672119
correct,6,1,0.9371360540390015
correct,6,2,0.18721702694892883
correct,6,3,0.31866011023521423
correct,6,4,0.5922116041183472
correct,6,5,0.251278817653656
correct,6,6,0.06990081071853638
correct,6,7,0.5261858105659485
correct,6,8,0.24125133454799652
correct,6,9,0.2076091170310974
correct,6,10,0.17828641831874847
correct,6,11,0.417505145072937
correct,6,12,0.36056917905807495
correct,6,13,0.12996453046798706
correct,6,14,0.3771420121192932
correct,6,15,0.241580992937088
correct,6,16,0.3968750834465027
correct,6,17,0.08660253882408142
correct,6,18,0.7343332171440125
correct,6,19,0.3218868672847748
correct,6,20,0.05999999865889549
correct,6,21,0.25192245841026306
correct,6,22,0.4084346294403076
correct,6,23,0.7919328212738037
correct,6,24,0.3656773567199707
correct,6,25,0.21175746619701385
correct,6,26,1.0028736591339111
correct,6,27,0.3805118203163147
correct,6,28,0.15388280153274536
correct,6,29,0.11788538098335266
correct,6,30,0.8925865888595581
correct,6,31,0.957870602607727
correct,6,32,0.9089303016662598
correct,6,33,0.31265953183174133
correct,6,34,0.45674577355384827
correct,6,35,0.5541807413101196
correct,6,36,0.8309078216552734
correct,6,37,0.36041203141212463
correct,6,38,0.0746571347117424
correct,6,39,0.09163320064544678
correct,6,40,0.4081850051879883
correct,6,41,0.3432265520095825
correct,6,42,1.0521658658981323
correct,6,43,1.2825489044189453
correct,6,44,0.7815086245536804
correct,6,45,0.05999999865889549
correct,6,46,0.26957234740257263
correct,6,47,0.5775766372680664
correct,6,48,0.29586243629455566
correct,6,49,0.14567434787750244
correct,6,50,0.5488693714141846
correct,6,51,0.9000261425971985
correct,6,52,0.5170034170150757
correct,6,53,0.7050883769989014
correct,6,54,0.05999999865889549
correct,6,55,1.92128586769104
correct,6,56,0.5172457695007324
correct,6,57,0.3538970351219177
correct,6,58,0.354195773601532
correct,6,59,0.4133301377296448
correct,6,60,0.23913083970546722
correct,6,61,0.13919340074062347
correct,6,62,0.4906020164489746
correct,6,63,0.5331049561500549
correct,6,64,0.9515422582626343
correct,6,65,0.8842335939407349
correct,6,66,0.3905301094055176
correct,6,67,0.3563477396965027
correct,6,68,0.47800564765930176
correct,6,69,0.19214145839214325
correct,6,70,0.4056076407432556
correct,6,71,0.27485907077789307
correct,6,72,0.41983193159103394
correct,6,73,0.497179239988327
correct,6,74,0.3970802426338196
correct,6,75,0.294069766998291
correct,6,76,0.05999999865889549
correct,6,77,0.3632325530052185
correct,6,78,1.6377880573272705
correct,6,79,0.5467602014541626
correct,6,80,0.4293884038925171
correct,6,81,0.7560165524482727
correct,6,82,0.10771334171295166
correct,6,83,0.7212268710136414
correct,6,84,1.559247612953186
correct,6,85,0.21333721280097961
correct,6,86,0.3292922377586365
correct,6,87,0.14944395422935486
correct,6,88,0.20046161115169525
correct,6,89,1.6454715728759766
correct,6,90,0.2908232808113098
correct,6,91,0.22596167027950287
correct,6,92,0.5181850790977478
correct,6,93,0.3899230659008026
correct,6,94,0.59440016746521
correct,6,95,1.2818604707717896
correct,6,96,0.9295645356178284
correct,6,97,0.6623588800430298
correct,6,98,0.295253187417984
correct,6,99,0.30899322032928467
correct,6,100,0.8220437169075012
correct,6,101,1.0470528602600098
correct,6,102,0.8107010126113892
correct,6,103,1.2425615787506104
correct,6,104,1.8436415195465088
correct,6,105,0.24442239105701447
correct,6,106,1.2489702701568604
correct,6,107,0.3537065386772156
correct,6,108,0.276364803314209
correct,6,109,0.41850918531417847
correct,6,110,2.006925582885742
correct,6,111,0.1733803153038025
correct,6,112,0.12099060416221619
correct,6,113,0.1108926311135292
correct,6,114,0.5592196583747864
correct,6,115,0.153233602643013
correct,6,116,0.17151519656181335
correct,6,117,0.21224159002304077
correct,6,118,0.5397284030914307
correct,6,119,0.5549852848052979
correct,6,120,0.2065993696451187
correct,6,121,1.403114676475525
correct,6,122,0.8435550332069397
correct,6,123,0.3616228401660919
correct,6,124,0.32789158821105957
correct,6,125,0.6832374930381775
correct,6,126,0.11973299086093903
correct,6,127,0.940342903137207
correct,6,128,0.5100023746490479
correct,6,129,1.1960813999176025
correct,6,130,0.43704426288604736
correct,6,131,0.24156220257282257
correct,6,132,0.6457619667053223
correct,6,133,1.3201481103897095
correct,6,134,0.24989378452301025
correct,6,135,0.9653313159942627
correct,6,136,0.4472752809524536
correct,6,137,2.079573631286621
correct,6,138,0.2191064953804016
correct,6,139,0.6533994674682617
correct,6,140,0.05999999865889549
correct,6,141,0.837226152420044
correct,6,142,0.11215785145759583
correct,6,143,0.7095689177513123
correct,6,144,0.2725265622138977
correct,6,145,0.393329918384552
correct,6,146,0.35471710562705994
correct,6,147,0.7753561735153198
correct,6,148,0.29101061820983887
correct,6,149,1.1484100818634033
correct,6,150,0.3176116943359375
correct,6,151,0.3974563479423523
correct,6,152,0.44625526666641235
correct,6,153,0.6311244368553162
correct,6,154,1.0111329555511475
correct,6,155,0.5399099588394165
correct,6,156,0.5659435987472534
correct,6,157,0.08314289152622223
correct,6,158,0.9064082503318787
correct,6,159,0.4511460065841675
correct,6,160,0.5844411849975586
correct,6,161,0.10234277695417404
correct,6,162,0.564812421798706
correct,6,163,0.3437371551990509
correct,6,164,0.15365518629550934
correct,6,165,1.455075979232788
correct,6,166,1.1960170269012451
correct,6,167,0.9277100563049316
correct,6,168,0.6643751859664917
correct,6,169,0.4349765181541443
correct,6,170,0.6941673159599304
correct,6,171,0.8482030034065247
correct,6,172,1.327477216720581
correct,6,173,0.2608034014701843
correct,6,174,0.3410037159919739
correct,6,175,0.9374762773513794
correct,6,176,0.22631525993347168
correct,6,177,0.7385038137435913
correct,6,178,0.6100038886070251
correct,6,179,0.20080667734146118
correct,6,180,0.06390522420406342
correct,6,181,0.8519279360771179
correct,6,182,0.384583443403244
correct,6,183,0.16382011771202087
correct,6,184,0.4471593499183655
correct,6,185,0.4127492308616638
correct,6,186,0.8520855903625488
correct,6,187,0.5452165603637695
correct,6,188,0.21591618657112122
correct,6,189,0.5068180561065674
correct,6,190,0.16169904172420502
correct,6,191,0.6026527881622314
correct,6,192,1.0393528938293457
correct,6,193,0.16660064458847046
correct,6,194,0.1037909984588623
correct,6,195,0.7692344188690186
correct,6,196,0.13275890052318573
correct,6,197,0.7165554761886597
correct,6,198,0.8301116228103638
correct,6,199,0.2782100737094879
correct,6,200,0.7503871917724609
correct,6,201,0.0781019777059555
correct,6,202,0.09558737277984619
correct,6,203,0.3482802212238312
correct,6,204,0.74594646692276
correct,6,205,0.06957420706748962
correct,6,206,0.988274335861206
correct,6,207,0.8725332617759705
correct,6,208,1.0726324319839478
correct,6,209,0.32441502809524536
correct,6,210,0.926584005355835
correct,6,211,0.47414931654930115
correct,6,212,0.31643912196159363
correct,6,213,0.5550981760025024
correct,6,214,1.3653782606124878
correct,6,215,1.0248465538024902
correct,6,216,0.3914148807525635
correct,6,217,0.4359927475452423
correct,6,218,0.616272509098053
correct,6,219,0.6646997332572937
correct,6,220,0.29244470596313477
correct,6,221,0.23682808876037598
correct,6,222,0.06443390250205994
correct,6,223,1.6250629425048828
correct,6,224,0.34273406863212585
correct,6,225,0.8072109818458557
correct,6,226,0.5078397989273071
correct,6,227,0.5504812002182007
correct,6,228,1.5139460563659668
correct,6,229,0.08629942685365677
correct,6,230,0.40457186102867126
correct,6,231,0.27206262946128845
correct,6,232,0.7185527086257935
correct,6,233,0.4871671199798584
correct,6,234,0.5735389590263367
correct,6,235,0.730836808681488
correct,6,236,0.1510615348815918
correct,6,237,0.05999999865889549
correct,6,238,0.25303730368614197
correct,6,239,0.38900652527809143
correct,7,0,0.05999999865889549
correct,7,1,1.310189962387085
correct,7,2,0.1668218970298767
correct,7,3,0.3516443967819214
correct,7,4,0.3816013038158417
correct,7,5,0.3543080985546112
correct,7,6,0.10487262904644012
correct,7,7,0.44854700565338135
correct,7,8,0.7420281767845154
correct,7,9,0.4785993993282318
correct,7,10,1.0431476831436157
correct,7,11,0.33513960242271423
correct,7,12,1.452214002609253
correct,7,13,0.5092384815216064
correct,7,14,0.3818872272968292
correct,7,15,0.15768060088157654
correct,7,16,2.617811679840088
correct,7,17,0.363040030002594
correct,7,18,0.9749107956886292
correct,7,19,1.1075756549835205
correct,7,20,0.8220354318618774
correct,7,21,0.1827547401189804
correct,7,22,0.691410481929779
correct,7,23,0.42835772037506104
correct,7,24,0.9141013622283936
correct,7,25,0.6127509474754333
correct,7,26,0.7234630584716797
correct,7,27,1.8994507789611816
correct,7,28,0.05999999865889549
correct,7,29,0.20992639660835266
correct,7,30,0.7615151405334473
correct,7,31,0.35736310482025146
correct,7,32,0.22678278386592865
correct,7,33,0.4052327871322632
correct,7,34,1.5046894550323486
correct,7,35,0.0830162763595581
correct,7,36,0.5903307199478149
correct,7,37,0.060765109956264496
correct,7,38,0.36216866970062256
correct,7,39,0.42429763078689575
correct,7,40,0.2954380214214325
correct,7,41,0.14647385478019714
correct,7,42,0.09834867715835571
correct,7,43,0.4709722697734833
correct,7,44,0.5461577773094177
correct,7,45,0.1288100779056549
correct,7,46,0.9910224676132202
correct,7,47,0.497972309589386
correct,7,48,0.4778827428817749
correct,7,49,0.27879029512405396
correct,7,50,1.7204508781433105
correct,7,51,0.3716878294944763
correct,7,52,0.5381425023078918
correct,7,53,0.2243071049451828
correct,7,54,1.8581210374832153
correct,7,55,0.5234453678131104
correct,7,56,0.5454711318016052
correct,7,57,0.3495942950248718
correct,7,58,0.8923900723457336
correct,7,59,1.3388893604278564
correct,7,60,0.32654473185539246
correct,7,61,0.625300407409668
correct,7,62,0.26684004068374634
correct,7,63,0.405390202999115
correct,7,64,0.7321949005126953
correct,7,65,0.7398497462272644
correct,7,66,0.6271358132362366
correct,7,67,0.44743043184280396
correct,7,68,0.43637529015541077
correct,7,69,0.14631527662277222
correct,7,70,0.3058755397796631
correct,7,71,0.3975287973880768
correct,7,72,0.9714328050613403
correct,7,73,0.05999999865889549
correct,7,74,0.17628546059131622
correct,7,75,0.05999999865889549
correct,7,76,0.5056723356246948
correct,7,77,0.06477561593055725
correct,7,78,0.7323547601699829
correct,7,79,0.3053964376449585
correct,7,80,0.405350923538208
correct,7,81,0.3307214379310608
correct,7,82,0.681163489818573
correct,7,83,0.18368826806545258
correct,7,84,0.2568151354789734
correct,7,85,1.2162238359451294
correct,7,86,1.0829412937164307
correct,7,87,0.3934614658355713
correct,7,88,0.3502764105796814
correct,7,89,0.3496236503124237
correct,7,90,0.6865768432617188
correct,7,91,1.4784013032913208
correct,7,92,0.24025636911392212
correct,7,93,1.2787452936172485
correct,7,94,0.4911661744117737
correct,7,95,0.37735313177108765
correct,7,96,0.5740900039672852
correct,7,97,0.3014591634273529
correct,7,98,0.31564342975616455
correct,7,99,0.3115837574005127
correct,7,100,0.9331516027450562
correct,7,101,0.4601914882659912
correct,7,102,0.4777225852012634
correct,7,103,0.3064498007297516
correct,7,104,0.47697213292121887
correct,7,105,0.5409624576568604
correct,7,106,0.53563392162323
correct,7,107,0.7338850498199463
correct,7,108,0.16293860971927643
correct,7,109,0.5227518677711487
correct,7,110,0.22455990314483643
correct,7,111,0.594007134437561
correct,7,112,0.09753228724002838
correct,7,113,0.14588412642478943
correct,7,114,0.3277392089366913
correct,7,115,0.8594281673431396
correct,7,116,0.6113453507423401
correct,7,117,0.44548290967941284
correct,7,118,0.5817590951919556
correct,7,119,0.4649788737297058
correct,7,120,0.1255565583705902
correct,7,121,0.45772305130958557
correct,7,122,1.3415392637252808
correct,7,123,0.3973659873008728
correct,7,124,0.5185360908508301
correct,7,125,1.2221072912216187
correct,7,126,0.24933084845542908
correct,7,127,0.5864869952201843
correct,7,128,0.3546757400035858
correct,7,129,0.0727498009800911
correct,7,130,0.35226869583129883
correct,7,131,1.4199070930480957
correct,7,132,1.126312017440796
correct,7,133,0.09690442681312561
correct,7,134,0.8128693103790283
correct,7,135,0.315551221370697
correct,7,136,0.613537609577179
correct,7,137,0.08242078125476837
correct,7,138,0.4703715443611145
correct,7,139,0.5887829065322876
correct,7,140,0.5448678731918335
correct,7,141,0.31524160504341125
correct,7,142,0.3697875440120697
correct,7,143,0.1272014081478119
correct,7,144,1.3596138954162598
correct,7,145,0.8280222415924072
correct,7,146,0.07887586951255798
correct,7,147,0.223455011844635
correct,7,148,0.5250812768936157
correct,7,149,0.5437437295913696
correct,7,150,0.4301767945289612
correct,7,151,0.14340241253376007
correct,7,152,0.35583603382110596
correct,7,153,0.25934505462646484
correct,7,154,0.2592613101005554
correct,7,155,0.21191582083702087
correct,7,156,0.2855132222175598
correct,7,157,1.2687666416168213
correct,7,158,0.6683330535888672
correct,7,159,1.0425301790237427
correct,7,160,1.0929443836212158
correct,7,161,0.28827327489852905
correct,7,162,0.18327778577804565
correct,7,163,0.5402445793151855
correct,7,164,0.6286149621009827
correct,7,165,0.4717308580875397
correct,7,166,0.8445332050323486
correct,7,167,0.5745739340782166
correct,7,168,0.35478296875953674
correct,7,169,0.30340519547462463
correct,7,170,0.42588430643081665
correct,7,171,0.30929893255233765
correct,7,172,1.765008568763733
correct,7,173,0.18629081547260284
correct,7,174,0.5226577520370483
correct,7,175,0.44961056113243103
correct,7,176,0.34270140528678894
correct,7,177,0.24733129143714905
correct,7,178,0.1853334754705429
correct,7,179,1.0595862865447998
correct,7,180,0.4216040372848511
correct,7,181,0.809268057346344
correct,7,182,0.10331419110298157
correct,7,183,0.27781176567077637
correct,7,184,0.14178800582885742
correct,7,185,1.1981123685836792
correct,7,186,2.072983741760254
correct,7,187,0.2513557970523834
correct,7,188,0.05999999865889549
correct,7,189,0.774909496307373
correct,7,190,0.30661362409591675
correct,7,191,1.3809548616409302
correct,7,192,0.5319987535476685
correct,7,193,0.11549603939056396
correct,7,194,0.3187682330608368
correct,7,195,0.2860933542251587
correct,7,196,0.08358900249004364
correct,7,197,0.05999999865889549
correct,7,198,0.8459385633468628
correct,7,199,0.28781092166900635
correct,7,200,0.1396057903766632
correct,7,201,0.4157111346721649
correct,7,202,0.08192796260118484
correct,7,203,0.3296220302581787
correct,7,204,0.11448501795530319
correct,7,205,0.4330248236656189
correct,7,206,0.05999999865889549
correct,7,207,1.305578351020813
correct,7,208,0.095467709004879
correct,7,209,0.5565694570541382
correct,7,210,0.8867502212524414
correct,7,211,1.0171573162078857
correct,7,212,0.984404981136322
correct,7,213,0.31881338357925415
correct,7,214,0.375019907951355
correct,7,215,1.0914021730422974
correct,7,216,0.2127087414264679
correct,7,217,0.4954718351364136
correct,7,218,0.7178952693939209
correct,7,219,0.3572547733783722
correct,7,220,0.19579395651817322
correct,7,221,0.6868401169776917
correct,7,222,0.4629550278186798
correct,7,223,0.2953207492828369
correct,7,224,1.0321067571640015
correct,7,225,0.34329912066459656
correct,7,226,0.6199950575828552
correct,7,227,0.2789541184902191
correct,7,228,1.11057710647583
correct,7,229,0.48807525634765625
correct,7,230,0.6608996987342834
correct,7,231,0.46964704990386963
correct,7,232,0.2642176151275635
correct,7,233,0.34945544600486755
correct,7,234,0.6306095123291016
correct,7,235,0.2821609377861023
correct,7,236,0.1702631562948227
correct,7,237,0.34119316935539246
correct,7,238,0.35653406381607056
correct,7,239,0.6961405873298645
correct,8,0,0.2908444404602051
correct,8,1,0.16206416487693787
correct,8,2,0.39072877168655396
correct,8,3,1.8608434200286865
correct,8,4,0.2629997134208679
correct,8,5,0.24902543425559998
correct,8,6,1.0505778789520264
correct,8,7,1.3505163192749023
correct,8,8,0.43131810426712036
correct,8,9,0.33510226011276245
correct,8,10,0.1402277946472168
correct,8,11,0.22851595282554626
correct,8,12,0.2422410249710083
correct,8,13,0.18765538930892944
correct,8,14,0.2325896918773651
correct,8,15,0.3288510739803314
correct,8,16,0.9081740975379944
correct,8,17,0.9506103992462158
correct,8,18,0.6383205056190491
correct,8,19,0.16770677268505096
correct,8,20,0.3529975414276123
correct,8,21,2.111969470977783
correct,8,22,0.5680610537528992
correct,8,23,0.3914334774017334
correct,8,24,0.26145410537719727
correct,8,25,0.34466060996055603
correct,8,26,1.0131169557571411
correct,8,27,0.3116905093193054
correct,8,28,0.25302308797836304
correct,8,29,0.16308079659938812
correct,8,30,0.73415207862854
correct,8,31,0.9439411163330078
correct,8,32,0.07299253344535828
correct,8,33,0.828475832939148
correct,8,34,0.7308195233345032
correct,8,35,1.3917157649993896
correct,8,36,0.09942913055419922
correct,8,37,0.7483502626419067
correct,8,38,0.39401933550834656
correct,8,39,0.7127084732055664
correct,8,40,0.3279001712799072
correct,8,41,0.9490972757339478
correct,8,42,0.4171810746192932
correct,8,43,0.24853065609931946
correct,8,44,0.5680221319198608
correct,8,45,0.8854640126228333
correct,8,46,0.26600009202957153
correct,8,47,0.17844538390636444
correct,8,48,0.3727429509162903
correct,8,49,1.9667761325836182
correct,8,50,1.6295193433761597
correct,8,51,0.4596196115016937
correct,8,52,1.0465978384017944
correct,8,53,0.9716075658798218
correct,8,54,0.8749442100524902
correct,8,55,0.23574449121952057
correct,8,56,0.6534034609794617
correct,8,57,0.26716601848602295
correct,8,58,0.05999999865889549
correct,8,59,0.3935518264770508
correct,8,60,0.5575199127197266
correct,8,61,0.5202205181121826
correct,8,62,0.42860156297683716
correct,8,63,0.218161940574646
correct,8,64,0.9728711247444153
correct,8,65,1.3673022985458374
correct,8,66,0.6656051874160767
correct,8,67,0.31511008739471436
correct,8,68,0.09070304036140442
correct,8,69,0.3596373498439789
correct,8,70,0.3512515127658844
correct,8,71,0.6801352500915527
correct,8,72,0.5368847846984863
correct,8,73,0.13305111229419708
correct,8,74,0.8705283999443054
correct,8,75,0.6484459042549133
correct,8,76,0.32765039801597595
correct,8,77,0.16737765073776245
correct,8,78,0.6210514307022095
correct,8,79,0.35454243421554565
correct,8,80,0.9229556918144226
correct,8,81,0.27338945865631104
correct,8,82,1.0094895362854004
correct,8,83,0.3674378991127014
correct,8,84,0.42773082852363586
correct,8,85,0.8969866633415222
correct,8,86,0.2473355531692505
correct,8,87,0.46336156129837036
correct,8,88,0.5338045954704285
correct,8,89,0.26819348335266113
correct,8,90,0.13622213900089264
correct,8,91,0.26561757922172546
correct,8,92,0.4576018750667572
correct,8,93,0.38294097781181335
correct,8,94,0.24245835840702057
correct,8,95,0.45900458097457886
correct,8,96,1.1325470209121704
correct,8,97,1.9822198152542114
correct,8,98,0.4664807617664337
correct,8,99,0.1306065022945404
correct,8,100,0.13615262508392334
correct,8,101,0.36971279978752136
correct,8,102,2.015679121017456
correct,8,103,0.3118419647216797
correct,8,104,0.11455849558115005
correct,8,105,0.6407244205474854
correct,8,106,0.7446709275245667
correct,8,107,0.05999999865889549
correct,8,108,0.3017197847366333
correct,8,109,0.21086104214191437
correct,8,110,0.35823705792427063
correct,8,111,0.3694155514240265
correct,8,112,0.16566576063632965
correct,8,113,0.8637763261795044
correct,8,114,0.6303994059562683
correct,8,115,0.23009175062179565
correct,8,116,0.37770602107048035
correct,8,117,1.387031078338623
correct,8,118,0.13546881079673767
correct,8,119,0.05999999865889549
correct,8,120,1.0519428253173828
correct,8,121,0.8346904516220093
correct,8,122,0.29562506079673767
correct,8,123,0.40427741408348083
correct,8,124,1.0803006887435913
correct,8,125,0.261222779750824
correct,8,126,0.23152314126491547
correct,8,127,0.4713899493217468
correct,8,128,0.4486989974975586
correct,8,129,0.2993827164173126
correct,8,130,0.629305899143219
correct,8,131,1.1274772882461548
correct,8,132,0.49527662992477417
correct,8,133,0.5176587104797363
correct,8,134,0.16519910097122192
correct,8,135,0.4198743402957916
correct,8,136,0.6664290428161621
correct,8,137,0.44162166118621826
correct,8,138,0.7766204476356506
correct,8,139,0.3240776062011719
correct,8,140,0.4596624970436096
correct,8,141,0.4089929461479187
correct,8,142,0.42887237668037415
correct,8,143,0.48454463481903076
correct,8,144,0.17182593047618866
correct,8,145,0.17856749892234802
correct,8,146,0.121660016477108
correct,8,147,0.9818597435951233
correct,8,148,0.23514460027217865
correct,8,149,1.2042782306671143
correct,8,150,0.3885420560836792
correct,8,151,5.083110332489014
correct,8,152,0.18932487070560455
correct,8,153,0.5280879735946655
correct,8,154,0.05999999865889549
correct,8,155,0.4958939552307129
correct,8,156,0.10412183403968811
correct,8,157,0.2801147699356079
correct,8,158,0.5544372200965881
correct,8,159,0.20067118108272552
correct,8,160,0.6472635269165039
correct,8,161,0.35247430205345154
correct,8,162,0.33293235301971436
correct,8,163,0.5781958103179932
correct,8,164,0.46529319882392883
correct,8,165,0.33502113819122314
correct,8,166,0.27069002389907837
correct,8,167,0.6149864792823792
correct,8,168,1.10349440574646
correct,8,169,0.5743455290794373
correct,8,170,0.26821741461753845
correct,8,171,0.7791896462440491
correct,8,172,0.6533770561218262
correct,8,173,0.3960708975791931
correct,8,174,0.06654630601406097
correct,8,175,0.5759617686271667
correct,8,176,0.42866387963294983
correct,8,177,0.6012206673622131
correct,8,178,0.5914593935012817
correct,8,179,0.44712603092193604
correct,8,180,0.2769329845905304
correct,8,181,0.4675934910774231
correct,8,182,0.18631789088249207
correct,8,183,0.6716685891151428
correct,8,184,0.7317200303077698
correct,8,185,0.5193569660186768
correct,8,186,0.17037953436374664
correct,8,187,0.2552576959133148
correct,8,188,0.5260182023048401
correct,8,189,0.9800128936767578
correct,8,190,0.11469288170337677
correct,8,191,0.13919734954833984
correct,8,192,0.45760130882263184
correct,8,193,0.2665403485298157
correct,8,194,0.9074217081069946
correct,8,195,0.06858387589454651
correct,8,196,0.1376769244670868
correct,8,197,1.8275285959243774
correct,8,198,0.07585383951663971
correct,8,199,0.8825368881225586
correct,8,200,0.191918283700943
correct,8,201,0.13919630646705627
correct,8,202,0.05999999865889549
correct,8,203,0.3509468734264374
correct,8,204,0.36546072363853455
correct,8,205,0.7456299066543579
correct,8,206,0.7521451711654663
correct,8,207,0.3984447419643402
correct,8,208,0.19995278120040894
correct,8,209,0.15940698981285095
correct,8,210,0.6296208500862122
correct,8,211,0.24576503038406372
correct,8,212,0.8261221051216125
correct,8,213,0.4121161699295044
correct,8,214,0.3780090808868408
correct,8,215,0.21807986497879028
correct,8,216,0.8522825837135315
correct,8,217,0.7393909096717834
correct,8,218,0.4499188959598541
correct,8,219,0.6871708631515503
correct,8,220,0.6143343448638916
correct,8,221,0.8399587869644165
correct,8,222,0.45017361640930176
correct,8,223,0.45773792266845703
correct,8,224,0.27287665009498596
correct,8,225,0.29754871129989624
correct,8,226,0.1143682450056076
correct,8,227,0.49664559960365295
correct,8,228,0.6051467657089233
correct,8,229,0.6119585633277893
correct,8,230,0.2211654633283615
correct,8,231,0.30407410860061646
correct,8,232,1.3220269680023193
correct,8,233,0.3659211993217468
correct,8,234,0.3013203740119934
correct,8,235,0.4292547106742859
correct,8,236,1.2084646224975586
correct,8,237,0.17567327618598938
correct,8,238,0.47300010919570923
correct,8,239,0.4367731213569641
correct,9,0,0.4768521189689636
correct,9,1,0.5797533988952637
correct,9,2,0.8580993413925171
correct,9,3,0.517970621585846
correct,9,4,0.396293580532074
correct,9,5,0.7445205450057983
correct,9,6,1.3146330118179321
correct,9,7,0.35167771577835083
correct,9,8,1.2606897354125977
correct,9,9,1.106960415840149
correct,9,10,0.2019912153482437
correct,9,11,0.40058836340904236
correct,9,12,0.7035826444625854
correct,9,13,0.5607008337974548
correct,9,14,0.2593727707862854
correct,9,15,0.61903977394104
correct,9,16,0.43286770582199097
correct,9,17,0.6409928798675537
correct,9,18,0.4586050510406494
correct,9,19,0.38303840160369873
correct,9,20,0.29283037781715393
correct,9,21,0.1970513015985489
correct,9,22,1.271889328956604
correct,9,23,0.3835891783237457
correct,9,24,0.3516700267791748
correct,9,25,0.6129006147384644
correct,9,26,0.9720999002456665
correct,9,27,0.630042552947998
correct,9,28,0.08270737528800964
correct,9,29,0.0882590264081955
correct,9,30,0.33295300602912903
correct,9,31,0.05999999865889549
correct,9,32,0.5825743079185486
correct,9,33,0.5860379934310913
correct,9,34,0.4000778794288635
correct,9,35,0.6240233778953552
correct,9,36,0.36997660994529724
correct,9,37,0.06166732311248779
correct,9,38,0.12807580828666687
correct,9,39,0.4700995087623596
correct,9,40,0.27788394689559937
correct,9,41,0.20196223258972168
correct,9,42,0.3485269844532013
correct,9,43,0.22320792078971863
correct,9,44,0.6238174438476562
correct,9,45,1.2786734104156494
correct,9,46,0.5489217042922974
correct,9,47,0.467276930809021
correct,9,48,0.5782030820846558
correct,9,49,0.8043522834777832
correct,9,50,0.2490953505039215
correct,9,51,1.5928621292114258
correct,9,52,0.5499072074890137
correct,9,53,0.24014386534690857
correct,9,54,0.08986479043960571
correct,9,55,0.12098555266857147
correct,9,56,0.33608633279800415
correct,9,57,0.36274439096450806
correct,9,58,0.2644849419593811
correct,9,59,0.8227514624595642
correct,9,60,0.28695887327194214
correct,9,61,0.3616175949573517
correct,9,62,0.5045384168624878
correct,9,63,0.40324845910072327
correct,9,64,2.431382656097412
correct,9,65,0.2178761065006256
correct,9,66,0.5647266507148743
correct,9,67,0.39531147480010986
correct,9,68,0.2863762080669403
correct,9,69,0.5593504309654236
correct,9,70,0.6461570262908936
correct,9,71,0.48620671033859253
correct,9,72,0.403044193983078
correct,9,73,0.8087905645370483
correct,9,74,0.5237778425216675
correct,9,75,0.6107925176620483
correct,9,76,0.1964733600616455
correct,9,77,0.11702004075050354
correct,9,78,0.42070290446281433
correct,9,79,0.3634559214115143
correct,9,80,0.2577984631061554
correct,9,81,0.47583141922950745
correct,9,82,0.48260825872421265
correct,9,83,0.39371955394744873
correct,9,84,0.3718280792236328
correct,9,85,0.3485966920852661
correct,9,86,0.13175517320632935
correct,9,87,0.4042922854423523
correct,9,88,0.5545622706413269
correct,9,89,0.8065714836120605
correct,9,90,0.6957203149795532
correct,9,91,0.8590846657752991
correct,9,92,0.4180254340171814
correct,9,93,0.5060341954231262
correct,9,94,0.5957722663879395
correct,9,95,0.4139569103717804
correct,9,96,0.558078408241272
correct,9,97,0.37671223282814026
correct,9,98,0.21784278750419617
correct,9,99,0.241453617811203
correct,9,100,0.2800171375274658
correct,9,101,0.09747107326984406
correct,9,102,2.3143272399902344
correct,9,103,0.8294600248336792
correct,9,104,0.8890549540519714
correct,9,105,0.4194156527519226
correct,9,106,0.7056783437728882
correct,9,107,0.2552589178085327
correct,9,108,0.4273998737335205
correct,9,109,0.36782777309417725
correct,9,110,0.4784280061721802
correct,9,111,0.5159310698509216
correct,9,112,0.2323102205991745
correct,9,113,0.5198699831962585
correct,9,114,0.2896464169025421
correct,9,115,0.1963624656200409
correct,9,116,0.3165808320045471
correct,9,117,1.276559829711914
correct,9,118,1.1953099966049194
correct,9,119,0.7040640711784363
correct,9,120,2.0696959495544434
correct,9,121,0.47785279154777527
correct,9,122,0.36751851439476013
correct,9,123,0.0687548965215683
correct,9,124,0.505852222442627
correct,9,125,0.5278504490852356
correct,9,126,0.3436279594898224
correct,9,127,0.3693278431892395
correct,9,128,0.929153323173523
correct,9,129,0.05999999865889549
correct,9,130,0.14314258098602295
correct,9,131,1.068202018737793
correct,9,132,0.6484012603759766
correct,9,133,0.41219842433929443
correct,9,134,0.2359773814678192
correct,9,135,2.122884750366211
correct,9,136,0.8240528106689453
correct,9,137,0.4719080924987793
correct,9,138,0.24264904856681824
correct,9,139,0.3054141700267792
correct,9,140,0.777282178401947
correct,9,141,0.1339711844921112
correct,9,142,0.5033636689186096
correct,9,143,0.1437942236661911
correct,9,144,0.558482825756073
correct,9,145,0.49832192063331604
correct,9,146,0.9691285490989685
correct,9,147,0.379903644323349
correct,9,148,1.6430644989013672
correct,9,149,0.9775910377502441
correct,9,150,0.8160161972045898
correct,9,151,0.05999999865889549
correct,9,152,0.26317620277404785
correct,9,153,1.7408158779144287
correct,9,154,0.2123793214559555
correct,9,155,0.05999999865889549
correct,9,156,0.83219313621521
correct,9,157,0.2937668561935425
correct,9,158,1.0442572832107544
correct,9,159,0.43270936608314514
correct,9,160,0.10549446195363998
correct,9,161,0.595926821231842
correct,9,162,0.6558215618133545
correct,9,163,0.3880332410335541
correct,9,164,0.5713735818862915
correct,9,165,0.8240063190460205
correct,9,166,0.7555392980575562
correct,9,167,0.3570973873138428
correct,9,168,0.35108712315559387
correct,9,169,0.42055702209472656
correct,9,170,0.8427213430404663
correct,9,171,1.2549012899398804
correct,9,172,0.41636401414871216
correct,9,173,0.4972144663333893
correct,9,174,0.05999999865889549
correct,9,175,0.2973681390285492
correct,9,176,0.5365742444992065
correct,9,177,0.1710544377565384
correct,9,178,0.3815433979034424
correct,9,179,0.403257817029953
correct,9,180,0.5566840767860413
correct,9,181,0.31217747926712036
correct,9,182,3.680161476135254
correct,9,183,0.21008716523647308
correct,9,184,0.29290497303009033
correct,9,185,0.4205699861049652
correct,9,186,1.0898606777191162
correct,9,187,0.07189204543828964
correct,9,188,0.8657299280166626
correct,9,189,0.46932607889175415
correct,9,190,0.38053593039512634
correct,9,191,0.3526788353919983
correct,9,192,0.4007471799850464
correct,9,193,0.7674009799957275
correct,9,194,0.9024189710617065
correct,9,195,0.5444496870040894
correct,9,196,0.976677417755127
correct,9,197,0.5068295001983643
correct,9,198,0.8094884157180786
correct,9,199,0.6269596815109253
correct,9,200,0.2389708161354065
correct,9,201,0.29651468992233276
correct,9,202,0.5165245532989502
correct,9,203,0.16638049483299255
correct,9,204,0.28027069568634033
correct,9,205,1.0671602487564087
correct,9,206,0.19340714812278748
correct,9,207,1.3592309951782227
correct,9,208,0.09034718573093414
correct,9,209,0.3836453855037689
correct,9,210,0.30798590183258057
correct,9,211,0.9995125532150269
correct,9,212,0.10062900185585022
correct,9,213,1.2361102104187012
correct,9,214,1.1524512767791748
correct,9,215,0.285045325756073
correct,9,216,0.9958637356758118
correct,9,217,0.3249197006225586
correct,9,218,1.4546630382537842
correct,9,219,0.28586333990097046
correct,9,220,0.3626837432384491
correct,9,221,0.4546186625957489
correct,9,222,0.2797646224498749
correct,9,223,0.6971681714057922
correct,9,224,0.36971455812454224
correct,9,225,0.20033228397369385
correct,9,226,1.3198431730270386
correct,9,227,0.3496344983577728
correct,9,228,0.9534375667572021
correct,9,229,0.4955183267593384
correct,9,230,0.43159055709838867
correct,9,231,0.05999999865889549
correct,9,232,0.07557874917984009
correct,9,233,0.9011383652687073
correct,9,234,0.5607881546020508
correct,9,235,0.3509955406188965
correct,9,236,0.24219414591789246
correct,9,237,0.2647155523300171
correct,9,238,0.49684810638427734
correct,9,239,0.4786073565483093
correct,10,0,0.2032441943883896
correct,10,1,1.724511742591858
correct,10,2,2.4426116943359375
correct,10,3,0.633037805557251
correct,10,4,0.45009201765060425
correct,10,5,0.13541585206985474
correct,10,6,0.17087769508361816
correct,10,7,0.14557117223739624
correct,10,8,0.39090055227279663
correct,10,9,0.9601689577102661
correct,10,10,0.9386429786682129
correct,10,11,0.2866421639919281
correct,10,12,0.4442650377750397
correct,10,13,0.5338945388793945
correct,10,14,0.3541285991668701
correct,10,15,0.09039530903100967
correct,10,16,0.23331889510154724
correct,10,17,0.7896664142608643
correct,10,18,2.5736420154571533
correct,10,19,0.425285279750824
correct,10,20,0.07507341355085373
correct,10,21,0.05999999865889549
correct,10,22,0.6822844743728638
correct,10,23,0.6107937693595886
correct,10,24,0.5290440917015076
correct,10,25,0.40411898493766785
correct,10,26,0.1586090326309204
correct,10,27,0.5687894821166992
correct,10,28,0.46239766478538513
correct,10,29,0.21384309232234955
correct,10,30,0.5682331323623657
correct,10,31,0.6777936816215515
correct,10,32,0.38003304600715637
correct,10,33,0.643269419670105
correct,10,34,0.1795732080936432
correct,10,35,0.09889496117830276
correct,10,36,0.08292154967784882
correct,10,37,1.1756815910339355
correct,10,38,0.4513213336467743
correct,10,39,0.3714960217475891
correct,10,40,0.7918627262115479
correct,10,41,0.6336187124252319
correct,10,42,0.9217015504837036
correct,10,43,0.49863576889038086
correct,10,44,0.24611225724220276
correct,10,45,0.5093388557434082
correct,10,46,0.09682342410087585
correct,10,47,0.503257691860199
correct,10,48,0.5457326173782349
correct,10,49,0.4042761027812958
correct,10,50,1.337620496749878
correct,10,51,0.3757038116455078
correct,10,52,0.49437692761421204
correct,10,53,0.5580400824546814
correct,10,54,0.6101304888725281
correct,10,55,0.5528572797775269
correct,10,56,0.4483567476272583
correct,10,57,0.05999999865889549
correct,10,58,0.7096064686775208
correct,10,59,0.3324247896671295
correct,10,60,0.868495523929596
correct,10,61,0.2936604619026184
correct,10,62,0.34886351227760315
correct,10,63,0.21676506102085114
correct,10,64,1.2746691703796387
correct,10,65,0.47769907116889954
correct,10,66,0.5318911671638489
correct,10,67,2.8157548904418945
correct,10,68,0.20233982801437378
correct,10,69,0.08537329733371735
correct,10,70,0.5736629962921143
correct,10,71,0.5167540907859802
correct,10,72,1.3561280965805054
correct,10,73,0.20409977436065674
correct,10,74,0.4306356608867645
correct,10,75,0.39126572012901306
correct,10,76,0.8657529950141907
correct,10,77,0.29931509494781494
correct,10,78,0.44040197134017944
correct,10,79,0.1252654790878296
correct,10,80,1.580927848815918
correct,10,81,0.22454307973384857
correct,10,82,4.613632678985596
correct,10,83,0.46145156025886536
correct,10,84,0.8687631487846375
correct,10,85,0.40821871161460876
correct,10,86,0.2986455261707306
correct,10,87,0.10349927842617035
correct,10,88,1.0491549968719482
correct,10,89,0.4942490756511688
correct,10,90,0.3204113841056824
correct,10,91,1.3218692541122437
correct,10,92,0.11584615707397461
correct,10,93,0.7190101146697998
correct,10,94,0.4623003602027893
correct,10,95,0.4471534192562103
correct,10,96,0.6217716336250305
correct,10,97,0.5928640365600586
correct,10,98,1.1023491621017456
correct,10,99,0.23150071501731873
correct,10,100,0.6796940565109253
correct,10,101,0.81595778465271
correct,10,102,0.40773439407348633
correct,10,103,0.30165618658065796
correct,10,104,0.44872796535491943
correct,10,105,0.9927160143852234
correct,10,106,0.35229843854904175
correct,10,107,0.4365040361881256
correct,10,108,0.9817746877670288
correct,10,109,0.28635817766189575
correct,10,110,0.8238704800605774
correct,10,111,0.5065086483955383
correct,10,112,0.5176253914833069
correct,10,113,0.6994840502738953
correct,10,114,0.18103864789009094
correct,10,115,0.36665627360343933
correct,10,116,0.18634957075119019
correct,10,117,0.3786226212978363
correct,10,118,0.37196671962738037
correct,10,119,0.6272977590560913
correct,10,120,0.2710651159286499
correct,10,121,0.24038678407669067
correct,10,122,0.9206188321113586
correct,10,123,0.20379890501499176
correct,10,124,0.564849853515625
correct,10,125,0.1658586859703064
correct,10,126,0.34112441539764404
correct,10,127,0.21435007452964783
correct,10,128,0.2565614581108093
correct,10,129,0.21738113462924957
correct,10,130,0.7394858002662659
correct,10,131,0.23936691880226135
correct,10,132,0.16296140849590302
correct,10,133,0.05999999865889549
correct,10,134,1.4053983688354492
correct,10,135,0.05999999865889549
correct,10,136,0.5386788845062256
correct,10,137,0.42218559980392456
correct,10,138,0.2829001247882843
correct,10,139,0.45236936211586
correct,10,140,0.5223972797393799
correct,10,141,0.1941232532262802
correct,10,142,0.31665387749671936
correct,10,143,0.8435991406440735
correct,10,144,0.4589087963104248
correct,10,145,0.33184364438056946
correct,10,146,0.30779600143432617
correct,10,147,0.3319237530231476
correct,10,148,0.38307490944862366
correct,10,149,0.37172695994377136
correct,10,150,0.17382019758224487
correct,10,151,0.3474995195865631
correct,10,152,0.5124417543411255
correct,10,153,0.6217055320739746
correct,10,154,0.5614898800849915
correct,10,155,0.9012033939361572
correct,10,156,0.23496350646018982
correct,10,157,0.38281041383743286
correct,10,158,0.08816594630479813
correct,10,159,0.24710270762443542
correct,10,160,0.4561411738395691
correct,10,161,0.6177446842193604
correct,10,162,0.7909432053565979
correct,10,163,0.17989906668663025
correct,10,164,0.23515728116035461
correct,10,165,0.352875679731369
correct,10,166,0.26598060131073
correct,10,167,1.0088196992874146
correct,10,168,0.29854974150657654
correct,10,169,0.29834550619125366
correct,10,170,0.07366388291120529
correct,10,171,0.7199702262878418
correct,10,172,0.8643252849578857
correct,10,173,0.4214668571949005
correct,10,174,0.08514337241649628
correct,10,175,0.2881767749786377
correct,10,176,0.7423505783081055
correct,10,177,0.7726668119430542
correct,10,178,0.08419424295425415
correct,10,179,0.6370270252227783
correct,10,180,0.5112727880477905
correct,10,181,0.5258916616439819
correct,10,182,0.39793387055397034
correct,10,183,0.2025274932384491
correct,10,184,0.5015144944190979
correct,10,185,2.8334333896636963
correct,10,186,0.4358844757080078
correct,10,187,0.30233603715896606
correct,10,188,1.4917302131652832
correct,10,189,0.22566884756088257
correct,10,190,0.584237277507782
correct,10,191,0.05999999865889549
correct,10,192,0.5307947397232056
correct,10,193,0.315109521150589
correct,10,194,2.1185755729675293
correct,10,195,0.45723965764045715
correct,10,196,0.07899725437164307
correct,10,197,0.713071346282959
correct,10,198,0.6360265016555786
correct,10,199,0.31172943115234375
correct,10,200,0.3724822700023651
correct,10,201,0.6608731150627136
correct,10,202,0.5873433947563171
correct,10,203,2.4925007820129395
correct,10,204,0.10836794972419739
correct,10,205,0.24456751346588135
correct,10,206,0.09076128900051117
correct,10,207,0.2659711539745331
correct,10,208,1.4995696544647217
correct,10,209,0.5978572368621826
correct,10,210,0.10984256863594055
correct,10,211,0.39377960562705994
correct,10,212,0.4368588328361511
correct,10,213,1.2068617343902588
correct,10,214,0.9068384766578674
correct,10,215,0.4461168944835663
correct,10,216,0.1986500769853592
correct,10,217,0.6957639455795288
correct,10,218,0.4499102234840393
correct,10,219,1.912794589996338
correct,10,220,1.786630392074585
correct,10,221,0.07365617901086807
correct,10,222,0.6886225342750549
correct,10,223,0.13827826082706451
correct,10,224,0.8458986878395081
correct,10,225,0.23130297660827637
correct,10,226,0.13664890825748444
correct,10,227,0.12674175202846527
correct,10,228,0.5734217762947083
correct,10,229,0.3230334520339966
correct,10,230,1.2228362560272217
correct,10,231,0.19169902801513672
correct,10,232,0.8709948062896729
correct,10,233,0.15361270308494568
correct,10,234,0.6701237559318542
correct,10,235,0.5569722652435303
correct,10,236,0.15867190062999725
correct,10,237,0.27639520168304443
correct,10,238,0.5454080700874329
correct,10,239,0.26257550716400146
correct,11,0,1.5206971168518066
correct,11,1,0.465648889541626
correct,11,2,1.7804802656173706
correct,11,3,0.39768046140670776
correct,11,4,1.0484737157821655
correct,11,5,0.17328381538391113
correct,11,6,0.4486958682537079
correct,11,7,0.5096033215522766
correct,11,8,0.6726537942886353
correct,11,9,0.4820387363433838
correct,11,10,0.24442178010940552
correct,11,11,0.16331258416175842
correct,11,12,0.22647126019001007
correct,11,13,0.4105204641819
correct,11,14,1.1506257057189941
correct,11,15,0.6280925273895264
correct,11,16,0.20079872012138367
correct,11,17,0.2636689841747284
correct,11,18,0.06463269889354706
correct,11,19,1.1611498594284058
correct,11,20,0.07008500397205353
correct,11,21,0.6234335899353027
correct,11,22,1.5575966835021973
correct,11,23,0.4089590013027191
correct,11,24,0.19995692372322083
correct,11,25,2.123537302017212
correct,11,26,0.30044475197792053
correct,11,27,0.3135415315628052
correct,11,28,0.05999999865889549
correct,11,29,0.7001215815544128
correct,11,30,0.4329155683517456
correct,11,31,0.31470757722854614
correct,11,32,0.06311725080013275
correct,11,33,0.3815837502479553
correct,11,34,0.519318699836731
correct,11,35,0.28498929738998413
correct,11,36,0.3218057155609131
correct,11,37,0.6735146641731262
correct,11,38,0.42906466126441956
correct,11,39,0.4469117522239685
correct,11,40,0.5940032601356506
correct,11,41,0.5655659437179565
correct,11,42,0.06923063844442368
correct,11,43,0.1968747228384018
correct,11,44,0.8150354027748108
correct,11,45,0.05999999865889549
correct,11,46,0.47467654943466187
correct,11,47,0.40099257230758667
correct,11,48,0.14675016701221466
correct,11,49,0.43403226137161255
correct,11,50,0.21109282970428467
correct,11,51,0.3770422637462616
correct,11,52,0.7552505135536194
correct,11,53,0.27470946311950684
correct,11,54,0.8130149245262146
correct,11,55,0.5713469386100769
correct,11,56,0.3555333614349365
correct,11,57,0.439073383808136
correct,11,58,0.6346773505210876
correct,11,59,2.076141834259033
correct,11,60,0.25018641352653503
correct,11,61,0.39924195408821106
correct,11,62,1.2201544046401978
correct,11,63,1.024350881576538
correct,11,64,0.5039777755737305
correct,11,65,0.35239583253860474
correct,11,66,1.1516236066818237
correct,11,67,0.5085299611091614
correct,11,68,0.10905559360980988
correct,11,69,0.05999999865889549
correct,11,70,0.19852077960968018
correct,11,71,0.6895496845245361
correct,11,72,0.4525877833366394
correct,11,73,0.5109893083572388
correct,11,74,0.6816598773002625
correct,11,75,0.2750933766365051
correct,11,76,0.4049641191959381
correct,11,77,0.3341834843158722
correct,11,78,1.3687779903411865
correct,11,79,0.06963548064231873
correct,11,80,0.3483699560165405
correct,11,81,0.24701787531375885
correct,11,82,0.0798024982213974
correct,11,83,0.5691446661949158
correct,11,84,0.7723718285560608
correct,11,85,0.3949493169784546
correct,11,86,0.5687928199768066
correct,11,87,1.2780410051345825
correct,11,88,0.05999999865889549
correct,11,89,0.3793809115886688
correct,11,90,1.030665397644043
correct,11,91,0.628835141658783
correct,11,92,0.6111742854118347
correct,11,93,0.05999999865889549
correct,11,94,0.69671630859375
correct,11,95,0.15487605333328247
correct,11,96,0.40914809703826904
correct,11,97,0.3850301206111908
correct,11,98,0.05999999865889549
correct,11,99,0.08556298911571503
correct,11,100,0.08801770210266113
correct,11,101,0.11235374957323074
correct,11,102,1.7290802001953125
correct,11,103,0.543868899345398
correct,11,104,0.5316575765609741
correct,11,105,0.30378127098083496
correct,11,106,0.377262145280838
correct,11,107,0.14643560349941254
correct,11,108,0.05999999865889549
correct,11,109,0.2904958724975586
correct,11,110,0.8253098726272583
correct,11,111,0.45410001277923584
correct,11,112,1.4564862251281738
correct,11,113,0.1592164933681488
correct,11,114,0.17782732844352722
correct,11,115,0.1548864096403122
correct,11,116,1.9899723529815674
correct,11,117,0.3875162601470947
correct,11,118,0.20601478219032288
correct,11,119,0.27099746465682983
correct,11,120,0.5135671496391296
correct,11,121,0.3863007128238678
correct,11,122,0.3782007694244385
correct,11,123,0.7046066522598267
correct,11,124,0.0786871463060379
correct,11,125,0.6194692850112915
correct,11,126,0.21515025198459625
correct,11,127,0.31557080149650574
correct,11,128,0.6413555145263672
correct,11,129,1.0126957893371582
correct,11,130,0.7334060072898865
correct,11,131,0.27014294266700745
correct,11,132,0.27899718284606934
correct,11,133,0.42130008339881897
correct,11,134,0.5241740942001343
correct,11,135,0.5478254556655884
correct,11,136,0.49175411462783813
correct,11,137,0.1771721988916397
correct,11,138,0.5741498470306396
correct,11,139,0.5272178053855896
correct,11,140,0.07142360508441925
correct,11,141,0.7350226640701294
correct,11,142,0.1753368079662323
correct,11,143,0.5537864565849304
correct,11,144,0.15212146937847137
correct,11,145,0.3196355998516083
correct,11,146,0.25646352767944336
correct,11,147,0.6341514587402344
correct,11,148,0.22825084626674652
correct,11,149,0.5151561498641968
correct,11,150,0.625989556312561
correct,11,151,0.20982018113136292
correct,11,152,0.41477033495903015
correct,11,153,0.7044947743415833
correct,11,154,0.7099226713180542
correct,11,155,0.46272170543670654
correct,11,156,0.3222668170928955
correct,11,157,0.4314919114112854
correct,11,158,0.5324963927268982
correct,11,159,0.7037190198898315
correct,11,160,0.2964545786380768
correct,11,161,0.25384724140167236
correct,11,162,1.548319697380066
correct,11,163,0.6585857272148132
correct,11,164,0.30489155650138855
correct,11,165,0.42793571949005127
correct,11,166,0.32266125082969666
correct,11,167,0.22632642090320587
correct,11,168,0.40448319911956787
correct,11,169,0.49085667729377747
correct,11,170,0.35143181681632996
correct,11,171,0.5578016638755798
correct,11,172,0.34508711099624634
correct,11,173,0.39344462752342224
correct,11,174,0.631152331829071
correct,11,175,0.11619631946086884
correct,11,176,0.16878154873847961
correct,11,177,0.05999999865889549
correct,11,178,0.07603438943624496
correct,11,179,0.5837940573692322
correct,11,180,0.800285816192627
correct,11,181,0.4668102264404297
correct,11,182,0.48816978931427
correct,11,183,0.5727472901344299
correct,11,184,0.8096190690994263
correct,11,185,0.6347413063049316
correct,11,186,0.20124849677085876
correct,11,187,0.06542015075683594
correct,11,188,1.4585460424423218
correct,11,189,0.2230553776025772
correct,11,190,1.7103826999664307
correct,11,191,0.6418266296386719
correct,11,192,1.0480581521987915
correct,11,193,0.8838961720466614
correct,11,194,0.13104869425296783
correct,11,195,0.681281328201294
correct,11,196,0.9034364223480225
correct,11,197,0.2877533435821533
correct,11,198,0.29803457856178284
correct,11,199,0.5009497404098511
correct,11,200,0.7398359179496765
correct,11,201,0.4738331735134125
correct,11,202,0.3011930584907532
correct,11,203,0.7170939445495605
correct,11,204,0.8663344979286194
correct,11,205,0.6162919998168945
correct,11,206,0.38036176562309265
correct,11,207,0.2918128967285156
correct,11,208,0.6344805955886841
correct,11,209,0.5039359331130981
correct,11,210,0.9418550133705139
correct,11,211,1.4010810852050781
correct,11,212,0.8126501441001892
correct,11,213,0.20382925868034363
correct,11,214,0.631134569644928
correct,11,215,0.6792547702789307
correct,11,216,0.2125062644481659
correct,11,217,0.1131022572517395
correct,11,218,0.7655602693557739
correct,11,219,0.9516340494155884
correct,11,220,12.087011337280273
correct,11,221,1.6384528875350952
correct,11,222,0.3783412575721741
correct,11,223,0.7048225402832031
correct,11,224,0.20519240200519562
correct,11,225,0.05999999865889549
correct,11,226,0.7390892505645752
correct,11,227,0.25801920890808105
correct,11,228,0.6499073505401611
correct,11,229,1.373563528060913
correct,11,230,0.2193710207939148
correct,11,231,0.17035776376724243
correct,11,232,0.3542494773864746
correct,11,233,0.6110984086990356
correct,11,234,0.378402978181839
correct,11,235,0.09158653765916824
correct,11,236,1.1999883651733398
correct,11,237,0.18710675835609436
correct,11,238,5.900343894958496
correct,11,239,0.3635188639163971
swapped,0,0,0.7410306334495544
swapped,0,1,0.6427930593490601
swapped,0,2,0.23373296856880188
swapped,0,3,0.1534184217453003
swapped,0,4,1.950392246246338
swapped,0,5,1.7116559743881226
swapped,0,6,0.9176339507102966
swapped,0,7,0.4852108061313629
swapped,0,8,0.4068361520767212
swapped,0,9,0.3269115388393402
swapped,0,10,1.4537874460220337
swapped,0,11,1.2444015741348267
swapped,0,12,0.34657713770866394
swapped,0,13,0.6176687479019165
swapped,0,14,0.5231084227561951
swapped,0,15,1.060868740081787
swapped,0,16,0.7088521718978882
swapped,0,17,1.1051914691925049
swapped,0,18,0.36416688561439514
swapped,0,19,0.3800429701805115
swapped,0,20,6.28699254989624
swapped,0,21,0.5727212429046631
swapped,0,22,0.7324643135070801
swapped,0,23,0.3308863043785095
swapped,0,24,0.491813063621521
swapped,0,25,0.6791844367980957
swapped,0,26,0.2986204922199249
swapped,0,27,0.07628276944160461
swapped,0,28,1.7133152484893799
swapped,0,29,2.656282663345337
swapped,0,30,0.6720725297927856
swapped,0,31,0.7664264440536499
swapped,0,32,0.4013197422027588
swapped,0,33,0.14142198860645294
swapped,0,34,0.2945150136947632
swapped,0,35,0.05999999865889549
swapped,0,36,0.16083186864852905
swapped,0,37,1.0879509449005127
swapped,0,38,1.050796389579773
swapped,0,39,0.3434359133243561
swapped,0,40,0.8902455568313599
swapped,0,41,0.9216966032981873
swapped,0,42,0.321951687335968
swapped,0,43,0.9656975269317627
swapped,0,44,0.5861045718193054
swapped,0,45,2.136861562728882
swapped,0,46,0.7943665981292725
swapped,0,47,0.1809292435646057
swapped,0,48,1.1568788290023804
swapped,0,49,0.8691679835319519
swapped,0,50,0.9936346411705017
swapped,0,51,0.6704502701759338
swapped,0,52,0.7501981854438782
swapped,0,53,0.42289799451828003
swapped,0,54,0.14873915910720825
swapped,0,55,0.4814232885837555
swapped,0,56,1.3420629501342773
swapped,0,57,0.4775744378566742
swapped,0,58,1.2835692167282104
swapped,0,59,0.7199296355247498
swapped,0,60,1.3070549964904785
swapped,0,61,0.4976385831832886
swapped,0,62,0.6625286936759949
swapped,0,63,0.8351390361785889
swapped,0,64,0.05999999865889549
swapped,0,65,1.4831966161727905
swapped,0,66,0.4562700390815735
swapped,0,67,0.21729782223701477
swapped,0,68,0.6527196168899536
swapped,0,69,0.668097198009491
swapped,0,70,1.0720899105072021
swapped,0,71,0.23134461045265198
swapped,0,72,0.6413978338241577
swapped,0,73,0.5204466581344604
swapped,0,74,0.5262129902839661
swapped,0,75,0.6255335211753845
swapped,0,76,0.9549842476844788
swapped,0,77,4.760590553283691
swapped,0,78,0.9827373027801514
swapped,0,79,0.8852534294128418
swapped,0,80,0.9863911867141724
swapped,0,81,0.5002750754356384
swapped,0,82,0.3753780126571655
swapped,0,83,0.05999999865889549
swapped,0,84,0.42876136302948
swapped,0,85,0.3488524556159973
swapped,0,86,0.14958709478378296
swapped,0,87,0.829808235168457
swapped,0,88,0.8002671599388123
swapped,0,89,0.8381780982017517
swapped,0,90,0.69913649559021
swapped,0,91,0.475789874792099
swapped,0,92,2.3156321048736572
swapped,0,93,0.29931268095970154
swapped,0,94,0.48429426550865173
swapped,0,95,0.9680843949317932
swapped,0,96,0.9870818257331848
swapped,0,97,0.8240119814872742
swapped,0,98,1.5357340574264526
swapped,0,99,0.10482119023799896
swapped,0,100,0.0686703622341156
swapped,0,101,0.8191915154457092
swapped,0,102,0.5866610407829285
swapped,0,103,0.26653119921684265
swapped,0,104,0.23968246579170227
swapped,0,105,0.7221249938011169
swapped,0,106,1.1393771171569824
swapped,0,107,0.7676414251327515
swapped,0,108,0.2407531440258026
swapped,0,109,0.7842604517936707
swapped,0,110,0.25446873903274536
swapped,0,111,0.7779321074485779
swapped,0,112,0.38833561539649963
swapped,0,113,0.6695840358734131
swapped,0,114,0.5087511539459229
swapped,0,115,1.124463677406311
swapped,0,116,0.87837153673172
swapped,0,117,0.7397449016571045
swapped,0,118,0.41378432512283325
swapped,0,119,3.069824695587158
swapped,0,120,0.47804734110832214
swapped,0,121,0.7077779769897461
swapped,0,122,0.24333235621452332
swapped,0,123,0.06286641210317612
swapped,0,124,0.7203107476234436
swapped,0,125,0.9115771651268005
swapped,0,126,1.5372898578643799
swapped,0,127,0.3954087495803833
swapped,0,128,1.310964584350586
swapped,0,129,0.6757318377494812
swapped,0,130,0.8829073309898376
swapped,0,131,0.8304583430290222
swapped,0,132,0.4038855731487274
swapped,0,133,0.5527164936065674
swapped,0,134,0.21470661461353302
swapped,0,135,0.2867882251739502
swapped,0,136,0.7116065621376038
swapped,0,137,0.8327499032020569
swapped,0,138,1.2699463367462158
swapped,0,139,1.7502208948135376
swapped,0,140,0.7195898294448853
swapped,0,141,0.8997169733047485
swapped,0,142,1.6483687162399292
swapped,0,143,0.5983264446258545
swapped,0,144,0.6736947298049927
swapped,0,145,0.6519165635108948
swapped,0,146,0.1806190013885498
swapped,0,147,0.28441816568374634
swapped,0,148,0.9934694170951843
swapped,0,149,0.40007075667381287
swapped,0,150,1.554235816001892
swapped,0,151,0.05999999865889549
swapped,0,152,2.494108200073242
swapped,0,153,2.161184787750244
swapped,0,154,0.21481570601463318
swapped,0,155,0.18997687101364136
swapped,0,156,0.43806523084640503
swapped,0,157,1.2626694440841675
swapped,0,158,0.9642156362533569
swapped,0,159,0.7717057466506958
swapped,0,160,0.4220280349254608
swapped,0,161,0.3474872410297394
swapped,0,162,0.5218961238861084
swapped,0,163,0.3336179554462433
swapped,0,164,1.872011661529541
swapped,0,165,2.5563650131225586
swapped,0,166,0.5777164697647095
swapped,0,167,0.44654566049575806
swapped,0,168,0.4245753884315491
swapped,0,169,0.05999999865889549
swapped,0,170,0.2662826478481293
swapped,0,171,0.7779042720794678
swapped,0,172,1.0551270246505737
swapped,0,173,0.666114866733551
swapped,0,174,0.41693222522735596
swapped,0,175,0.36616086959838867
swapped,0,176,0.25847357511520386
swapped,0,177,1.986548662185669
swapped,0,178,0.8332234621047974
swapped,0,179,0.7047775387763977
swapped,0,180,0.3015204071998596
swapped,0,181,3.440452814102173
swapped,0,182,0.499327152967453
swapped,0,183,0.4103088974952698
swapped,0,184,0.6739609241485596
swapped,0,185,1.5567600727081299
swapped,0,186,0.7590985894203186
swapped,0,187,0.9035994410514832
swapped,0,188,0.22632485628128052
swapped,0,189,0.6491962671279907
swapped,0,190,0.5189305543899536
swapped,0,191,0.6723703742027283
swapped,0,192,1.0151143074035645
swapped,0,193,1.2692848443984985
swapped,0,194,0.5884605050086975
swapped,0,195,0.6998059749603271
swapped,0,196,0.31809377670288086
swapped,0,197,0.07897140085697174
swapped,0,198,1.4594299793243408
swapped,0,199,0.2572345733642578
swapped,0,200,0.5028220415115356
swapped,0,201,1.540319561958313
swapped,0,202,1.0968161821365356
swapped,0,203,0.5212227702140808
swapped,0,204,0.48400840163230896
swapped,0,205,0.11989700794219971
swapped,0,206,0.20291022956371307
swapped,0,207,0.7012559771537781
swapped,0,208,0.5866118669509888
swapped,0,209,0.1648833155632019
swapped,0,210,0.7022330164909363
swapped,0,211,1.098495364189148
swapped,0,212,0.13926532864570618
swapped,0,213,0.5917872190475464
swapped,0,214,0.5040836334228516
swapped,0,215,1.4276281595230103
swapped,0,216,0.34373214840888977
swapped,0,217,1.8908463716506958
swapped,0,218,0.5211917161941528
swapped,0,219,0.23477570712566376
swapped,0,220,0.8542723059654236
swapped,0,221,0.6560221314430237
swapped,0,222,0.9648346304893494
swapped,0,223,0.41431924700737
swapped,0,224,0.42934340238571167
swapped,0,225,0.5091331601142883
swapped,0,226,0.5702080726623535
swapped,0,227,0.383181631565094
swapped,0,228,1.1377105712890625
swapped,0,229,0.6102339029312134
swapped,0,230,1.081426739692688
swapped,0,231,0.9300842881202698
swapped,0,232,1.0513434410095215
swapped,0,233,0.8558194637298584
swapped,0,234,0.8472283482551575
swapped,0,235,0.3414093852043152
swapped,0,236,0.09219412505626678
swapped,0,237,1.0968161821365356
swapped,0,238,0.7226152420043945
swapped,0,239,0.9487686157226562
swapped,1,0,1.4992361068725586
swapped,1,1,0.890039324760437
swapped,1,2,0.6296296119689941
swapped,1,3,0.6319788098335266
swapped,1,4,0.6281331777572632
swapped,1,5,0.6155504584312439
swapped,1,6,1.1414273977279663
swapped,1,7,0.8661287426948547
swapped,1,8,0.41206055879592896
swapped,1,9,0.4022701382637024
swapped,1,10,0.518456757068634
swapped,1,11,0.8496427536010742
swapped,1,12,1.0502784252166748
swapped,1,13,0.5665205717086792
swapped,1,14,0.8439364433288574
swapped,1,15,0.19011327624320984
swapped,1,16,0.47521859407424927
swapped,1,17,1.1741708517074585
swapped,1,18,0.2735134959220886
swapped,1,19,0.9994876980781555
swapped,1,20,1.9112682342529297
swapped,1,21,2.363227367401123
swapped,1,22,0.2620770037174225
swapped,1,23,0.18730086088180542
swapped,1,24,0.3727973401546478
swapped,1,25,1.3458127975463867
swapped,1,26,0.37734007835388184
swapped,1,27,1.5085375308990479
swapped,1,28,0.14352978765964508
swapped,1,29,1.5963743925094604
swapped,1,30,0.4833524227142334
swapped,1,31,1.3169138431549072
swapped,1,32,0.248665452003479
swapped,1,33,0.37071943283081055
swapped,1,34,0.8425523042678833
swapped,1,35,1.1836199760437012
swapped,1,36,0.5125532150268555
swapped,1,37,0.9790151119232178
swapped,1,38,0.4208841919898987
swapped,1,39,0.05999999865889549
swapped,1,40,0.6243007183074951
swapped,1,41,1.5316060781478882
swapped,1,42,1.256916880607605
swapped,1,43,1.1085340976715088
swapped,1,44,0.8130301833152771
swapped,1,45,0.6969074010848999
swapped,1,46,0.05999999865889549
swapped,1,47,0.2762971818447113
swapped,1,48,0.6049710512161255
swapped,1,49,0.9211542010307312
swapped,1,50,0.41686779260635376
swapped,1,51,0.5714426040649414
swapped,1,52,0.7560415267944336
swapped,1,53,0.45047324895858765
swapped,1,54,0.5738533735275269
swapped,1,55,0.918268084526062
swapped,1,56,0.9101666212081909
swapped,1,57,1.029852271080017
swapped,1,58,0.7714452743530273
swapped,1,59,0.08099707961082458
swapped,1,60,0.70151287317276
swapped,1,61,1.7181826829910278
swapped,1,62,1.2848091125488281
swapped,1,63,0.25233444571495056
swapped,1,64,0.9528923034667969
swapped,1,65,0.13056811690330505
swapped,1,66,0.9589711427688599
swapped,1,67,0.6850250363349915
swapped,1,68,1.5523617267608643
swapped,1,69,1.0533246994018555
swapped,1,70,0.29313063621520996
swapped,1,71,0.24201670289039612
swapped,1,72,1.1650277376174927
swapped,1,73,0.15356256067752838
swapped,1,74,0.29549500346183777
swapped,1,75,0.5250310897827148
swapped,1,76,0.2642282247543335
swapped,1,77,1.4587836265563965
swapped,1,78,1.284257411956787
swapped,1,79,0.08988964557647705
swapped,1,80,16.209142684936523
swapped,1,81,1.5053640604019165
swapped,1,82,0.4314902722835541
swapped,1,83,0.1766718626022339
swapped,1,84,0.702447772026062
swapped,1,85,1.658384919166565
swapped,1,86,0.9828038215637207
swapped,1,87,0.9977729916572571
swapped,1,88,0.6966310143470764
swapped,1,89,0.6809666156768799
swapped,1,90,0.2911154329776764
swapped,1,91,0.18668803572654724
swapped,1,92,1.8674811124801636
swapped,1,93,0.29800331592559814
swapped,1,94,1.6129052639007568
swapped,1,95,0.6688033938407898
swapped,1,96,0.18665550649166107
swapped,1,97,1.1668556928634644
swapped,1,98,0.4989275336265564
swapped,1,99,0.45891496539115906
swapped,1,100,2.265354633331299
swapped,1,101,0.9116417765617371
swapped,1,102,0.715477705001831
swapped,1,103,0.135450541973114
swapped,1,104,1.073586106300354
swapped,1,105,0.47911280393600464
swapped,1,106,1.7656360864639282
swapped,1,107,1.345190167427063
swapped,1,108,0.7337149381637573
swapped,1,109,1.079166293144226
swapped,1,110,0.7161208391189575
swapped,1,111,0.35036420822143555
swapped,1,112,1.1500234603881836
swapped,1,113,0.5267183780670166
swapped,1,114,0.4158242344856262
swapped,1,115,0.47488829493522644
swapped,1,116,1.0971306562423706
swapped,1,117,1.3242132663726807
swapped,1,118,0.2454800009727478
swapped,1,119,3.2450103759765625
swapped,1,120,0.3118290305137634
swapped,1,121,1.0062559843063354
swapped,1,122,0.6568272709846497
swapped,1,123,0.3881249725818634
swapped,1,124,0.6458076238632202
swapped,1,125,1.6324437856674194
swapped,1,126,0.4931162893772125
swapped,1,127,1.039240837097168
swapped,1,128,0.8238575458526611
swapped,1,129,0.4654175639152527
swapped,1,130,0.634290874004364
swapped,1,131,1.2793843746185303
swapped,1,132,0.8354450464248657
swapped,1,133,0.3604961633682251
swapped,1,134,0.15648901462554932
swapped,1,135,0.05999999865889549
swapped,1,136,1.7503644227981567
swapped,1,137,0.3755880892276764
swapped,1,138,0.9053464531898499
swapped,1,139,0.6367436051368713
swapped,1,140,1.8842509984970093
swapped,1,141,1.0501714944839478
swapped,1,142,0.6717591881752014
swapped,1,143,0.1917470097541809
swapped,1,144,1.1939109563827515
swapped,1,145,1.8650842905044556
swapped,1,146,0.7072604894638062
swapped,1,147,0.14638444781303406
swapped,1,148,0.07583819329738617
swapped,1,149,0.5757444500923157
swapped,1,150,0.6096554398536682
swapped,1,151,0.6491903066635132
swapped,1,152,1.050680160522461
swapped,1,153,0.18024921417236328
swapped,1,154,0.9432499408721924
swapped,1,155,0.46843814849853516
swapped,1,156,0.2603042721748352
swapped,1,157,0.05999999865889549
swapped,1,158,0.8866422176361084
swapped,1,159,1.419830083847046
swapped,1,160,0.11067850887775421
swapped,1,161,2.1838183403015137
swapped,1,162,1.6417944431304932
swapped,1,163,1.4440033435821533
swapped,1,164,1.6446830034255981
swapped,1,165,1.6081116199493408
swapped,1,166,0.27457860112190247
swapped,1,167,1.1292424201965332
swapped,1,168,0.9877320528030396
swapped,1,169,0.7407553195953369
swapped,1,170,0.5250340104103088
swapped,1,171,0.33000046014785767
swapped,1,172,0.6582962274551392
swapped,1,173,1.1844735145568848
swapped,1,174,1.5321288108825684
swapped,1,175,2.226224422454834
swapped,1,176,2.5137839317321777
swapped,1,177,0.18343442678451538
swapped,1,178,1.931694746017456
swapped,1,179,2.6141042709350586
swapped,1,180,0.4779720902442932
swapped,1,181,0.2913561463356018
swapped,1,182,0.21014869213104248
swapped,1,183,0.25683462619781494
swapped,1,184,0.09672749042510986
swapped,1,185,1.570783257484436
swapped,1,186,0.3427867591381073
swapped,1,187,0.19463488459587097
swapped,1,188,0.4411919116973877
swapped,1,189,0.7773748636245728
swapped,1,190,0.5737544298171997
swapped,1,191,2.184152126312256
swapped,1,192,0.8130033016204834
swapped,1,193,0.37583258748054504
swapped,1,194,0.7588216066360474
swapped,1,195,0.9095808267593384
swapped,1,196,0.7118003964424133
swapped,1,197,2.1048288345336914
swapped,1,198,0.547813355922699
swapped,1,199,0.7423233389854431
swapped,1,200,0.5605948567390442
swapped,1,201,1.1433826684951782
swapped,1,202,0.786784291267395
swapped,1,203,0.5524583458900452
swapped,1,204,0.496040403842926
swapped,1,205,0.42308712005615234
swapped,1,206,0.4714369475841522
swapped,1,207,0.24722027778625488
swapped,1,208,0.7619601488113403
swapped,1,209,0.18420808017253876
swapped,1,210,1.3643763065338135
swapped,1,211,0.14604249596595764
swapped,1,212,0.7200890183448792
swapped,1,213,0.3854715824127197
swapped,1,214,0.7285071611404419
swapped,1,215,0.17096658051013947
swapped,1,216,1.2270147800445557
swapped,1,217,0.8353496193885803
swapped,1,218,0.5426040887832642
swapped,1,219,1.5182052850723267
swapped,1,220,1.9566235542297363
swapped,1,221,2.802837371826172
swapped,1,222,0.5352979898452759
swapped,1,223,1.106337308883667
swapped,1,224,0.8301814198493958
swapped,1,225,0.47345948219299316
swapped,1,226,0.8896801471710205
swapped,1,227,0.591983437538147
swapped,1,228,1.3149924278259277
swapped,1,229,2.5650851726531982
swapped,1,230,0.409970760345459
swapped,1,231,1.9173825979232788
swapped,1,232,0.9480668306350708
swapped,1,233,0.28204095363616943
swapped,1,234,0.710478663444519
swapped,1,235,1.2598347663879395
swapped,1,236,1.1766810417175293
swapped,1,237,1.0757873058319092
swapped,1,238,0.5539169907569885
swapped,1,239,1.0569307804107666
swapped,2,0,0.5778841376304626
swapped,2,1,0.6047951579093933
swapped,2,2,2.0874547958374023
swapped,2,3,1.0727341175079346
swapped,2,4,0.6058613657951355
swapped,2,5,0.448843389749527
swapped,2,6,0.5083969831466675
swapped,2,7,0.3434993624687195
swapped,2,8,0.8125895261764526
swapped,2,9,0.9796730279922485
swapped,2,10,0.4218601584434509
swapped,2,11,1.2129013538360596
swapped,2,12,1.0408638715744019
swapped,2,13,0.3126322031021118
swapped,2,14,0.5127902626991272
swapped,2,15,0.45656269788742065
swapped,2,16,0.4456261992454529
swapped,2,17,1.7625304460525513
swapped,2,18,0.804663896560669
swapped,2,19,0.3446062505245209
swapped,2,20,0.6371485590934753
swapped,2,21,0.06152041256427765
swapped,2,22,0.5921021103858948
swapped,2,23,1.5271825790405273
swapped,2,24,0.9532008171081543
swapped,2,25,0.5429534912109375
swapped,2,26,0.24791164696216583
swapped,2,27,0.38317984342575073
swapped,2,28,0.640601396560669
swapped,2,29,0.48939189314842224
swapped,2,30,0.3325444459915161
swapped,2,31,0.7843260765075684
swapped,2,32,0.545825183391571
swapped,2,33,0.6157561540603638
swapped,2,34,0.9360132217407227
swapped,2,35,0.8349752426147461
swapped,2,36,1.3935937881469727
swapped,2,37,1.2361047267913818
swapped,2,38,0.5261406302452087
swapped,2,39,0.45019179582595825
swapped,2,40,0.9390085935592651
swapped,2,41,0.6418867111206055
swapped,2,42,0.20886802673339844
swapped,2,43,0.6345633864402771
swapped,2,44,0.8522326350212097
swapped,2,45,0.9211052060127258
swapped,2,46,0.7798066735267639
swapped,2,47,2.021705150604248
swapped,2,48,0.17101626098155975
swapped,2,49,0.1530463546514511
swapped,2,50,1.2995004653930664
swapped,2,51,0.1367523968219757
swapped,2,52,0.46300286054611206
swapped,2,53,1.7939729690551758
swapped,2,54,0.6957064867019653
swapped,2,55,0.24919259548187256
swapped,2,56,0.439307302236557
swapped,2,57,0.3459729850292206
swapped,2,58,0.71156907081604
swapped,2,59,0.09169093519449234
swapped,2,60,0.3568264842033386
swapped,2,61,0.29460230469703674
swapped,2,62,0.5967357754707336
swapped,2,63,1.2044343948364258
swapped,2,64,1.0190718173980713
swapped,2,65,1.3001306056976318
swapped,2,66,0.33551621437072754
swapped,2,67,0.05999999865889549
swapped,2,68,1.6466295719146729
swapped,2,69,0.9151988625526428
swapped,2,70,0.05999999865889549
swapped,2,71,0.07979127764701843
swapped,2,72,0.330257385969162
swapped,2,73,1.4297624826431274
swapped,2,74,0.4232059717178345
swapped,2,75,0.39988958835601807
swapped,2,76,0.05999999865889549
swapped,2,77,0.3236120045185089
swapped,2,78,0.500307559967041
swapped,2,79,0.8076974749565125
swapped,2,80,0.8306741118431091
swapped,2,81,0.44933876395225525
swapped,2,82,2.265470504760742
swapped,2,83,0.3209949731826782
swapped,2,84,1.5669115781784058
swapped,2,85,1.0226658582687378
swapped,2,86,0.6887972354888916
swapped,2,87,0.6451793909072876
swapped,2,88,1.5797429084777832
swapped,2,89,0.23641939461231232
swapped,2,90,0.8948361873626709
swapped,2,91,0.6476248502731323
swapped,2,92,1.3216419219970703
swapped,2,93,0.28586769104003906
swapped,2,94,0.8468612432479858
swapped,2,95,0.05999999865889549
swapped,2,96,0.6020176410675049
swapped,2,97,0.2515677809715271
swapped,2,98,0.9158643484115601
swapped,2,99,0.6589091420173645
swapped,2,100,0.3790375888347626
swapped,2,101,0.5527141094207764
swapped,2,102,1.7937235832214355
swapped,2,103,1.6542487144470215
swapped,2,104,1.1191294193267822
swapped,2,105,0.2521531283855438
swapped,2,106,0.771989643573761
swapped,2,107,0.3999061584472656
swapped,2,108,0.46980470418930054
swapped,2,109,0.3887837529182434
swapped,2,110,0.15599706768989563
swapped,2,111,0.43559736013412476
swapped,2,112,0.27793943881988525
swapped,2,113,1.264702558517456
swapped,2,114,0.7575061917304993
swapped,2,115,0.8106958270072937
swapped,2,116,0.525816023349762
swapped,2,117,0.36156025528907776
swapped,2,118,1.144821286201477
swapped,2,119,0.34973669052124023
swapped,2,120,0.34071916341781616
swapped,2,121,0.6063280701637268
swapped,2,122,0.39874234795570374
swapped,2,123,0.8641068935394287
swapped,2,124,0.19893276691436768
swapped,2,125,0.46147847175598145
swapped,2,126,0.9230589270591736
swapped,2,127,1.9494807720184326
swapped,2,128,0.4278440773487091
swapped,2,129,1.0285601615905762
swapped,2,130,0.3152818977832794
swapped,2,131,0.731225311756134
swapped,2,132,0.6010164618492126
swapped,2,133,1.2606487274169922
swapped,2,134,0.9940916895866394
swapped,2,135,2.0565903186798096
swapped,2,136,1.2169209718704224
swapped,2,137,0.36081790924072266
swapped,2,138,1.4585986137390137
swapped,2,139,0.8898253440856934
swapped,2,140,0.6788719296455383
swapped,2,141,1.1101852655410767
swapped,2,142,1.5515594482421875
swapped,2,143,0.5472148060798645
swapped,2,144,1.0903013944625854
swapped,2,145,0.6402243375778198
swapped,2,146,0.6647787690162659
swapped,2,147,1.468917727470398
swapped,2,148,0.07225646078586578
swapped,2,149,0.6634003520011902
swapped,2,150,1.4808927774429321
swapped,2,151,0.45614132285118103
swapped,2,152,0.4793994426727295
swapped,2,153,0.6044906377792358
swapped,2,154,0.8519394397735596
swapped,2,155,0.5086420774459839
swapped,2,156,0.39780551195144653
swapped,2,157,0.1368190348148346
swapped,2,158,0.4545259475708008
swapped,2,159,0.5257861614227295
swapped,2,160,1.0484024286270142
swapped,2,161,0.1147882267832756
swapped,2,162,0.05999999865889549
swapped,2,163,0.14687256515026093
swapped,2,164,1.0357967615127563
swapped,2,165,0.5376578569412231
swapped,2,166,1.0152546167373657
swapped,2,167,0.23962974548339844
swapped,2,168,0.3517024517059326
swapped,2,169,0.5217856764793396
swapped,2,170,0.8062577247619629
swapped,2,171,0.4456937909126282
swapped,2,172,0.658474326133728
swapped,2,173,0.6907252073287964
swapped,2,174,1.230355978012085
swapped,2,175,0.05999999865889549
swapped,2,176,1.0660980939865112
swapped,2,177,1.8385847806930542
swapped,2,178,1.2816263437271118
swapped,2,179,0.6643211245536804
swapped,2,180,0.710322380065918
swapped,2,181,0.11435793340206146
swapped,2,182,0.4915701746940613
swapped,2,183,0.8985114097595215
swapped,2,184,2.039684772491455
swapped,2,185,0.8154630661010742
swapped,2,186,1.101792573928833
swapped,2,187,0.2996337115764618
swapped,2,188,1.0674175024032593
swapped,2,189,0.6300762295722961
swapped,2,190,0.4373059868812561
swapped,2,191,0.4025014042854309
swapped,2,192,0.5700306296348572
swapped,2,193,0.0731862336397171
swapped,2,194,0.6416260004043579
swapped,2,195,0.4868921637535095
swapped,2,196,1.086957573890686
swapped,2,197,1.471310019493103
swapped,2,198,0.9903559684753418
swapped,2,199,0.6859132051467896
swapped,2,200,0.37798523902893066
swapped,2,201,0.9767454862594604
swapped,2,202,1.0644407272338867
swapped,2,203,0.38890722393989563
swapped,2,204,0.41212308406829834
swapped,2,205,1.254525065422058
swapped,2,206,0.6152706742286682
swapped,2,207,0.6963385939598083
swapped,2,208,0.5032675266265869
swapped,2,209,0.19083431363105774
swapped,2,210,0.6667928695678711
swapped,2,211,0.31784090399742126
swapped,2,212,1.534580945968628
swapped,2,213,0.7910110354423523
swapped,2,214,0.48215681314468384
swapped,2,215,1.8561251163482666
swapped,2,216,0.30243760347366333
swapped,2,217,0.6673113703727722
swapped,2,218,0.5765047073364258
swapped,2,219,0.2509886622428894
swapped,2,220,0.5416838526725769
swapped,2,221,1.5124603509902954
swapped,2,222,1.1717079877853394
swapped,2,223,0.12325306236743927
swapped,2,224,0.8295689225196838
swapped,2,225,2.011298179626465
swapped,2,226,0.11614133417606354
swapped,2,227,0.22801929712295532
swapped,2,228,0.558039128780365
swapped,2,229,0.6391617059707642
swapped,2,230,0.8572782278060913
swapped,2,231,0.3869176208972931
swapped,2,232,0.9902186393737793
swapped,2,233,0.4944791793823242
swapped,2,234,0.7113903164863586
swapped,2,235,0.8051588535308838
swapped,2,236,0.8375039100646973
swapped,2,237,1.1961257457733154
swapped,2,238,1.3869632482528687
swapped,2,239,1.152350664138794
swapped,3,0,1.3722758293151855
swapped,3,1,0.6689202189445496
swapped,3,2,1.2454251050949097
swapped,3,3,1.189141869544983
swapped,3,4,0.5010172128677368
swapped,3,5,0.9954842329025269
swapped,3,6,1.1305644512176514
swapped,3,7,0.5513006448745728
swapped,3,8,0.20687352120876312
swapped,3,9,1.195028305053711
swapped,3,10,0.05999999865889549
swapped,3,11,0.57456374168396
swapped,3,12,0.2861020565032959
swapped,3,13,0.5097007751464844
swapped,3,14,1.194819688796997
swapped,3,15,0.549081563949585
swapped,3,16,0.9048166275024414
swapped,3,17,0.11270035058259964
swapped,3,18,0.5303179025650024
swapped,3,19,0.36606404185295105
swapped,3,20,0.13890792429447174
swapped,3,21,0.8343901634216309
swapped,3,22,0.3856957256793976
swapped,3,23,0.7475013732910156
swapped,3,24,0.9183995723724365
swapped,3,25,0.20895972847938538
swapped,3,26,0.6206257939338684
swapped,3,27,0.8097049593925476
swapped,3,28,0.9308391809463501
swapped,3,29,0.8984410762786865
swapped,3,30,0.24071744084358215
swapped,3,31,2.280160427093506
swapped,3,32,0.1023903489112854
swapped,3,33,0.45878469944000244
swapped,3,34,0.20604614913463593
swapped,3,35,0.552669882774353
swapped,3,36,0.07935468852519989
swapped,3,37,0.7838726043701172
swapped,3,38,0.713173508644104
swapped,3,39,0.28252142667770386
swapped,3,40,1.4264622926712036
swapped,3,41,0.09025675058364868
swapped,3,42,0.9607570767402649
swapped,3,43,0.9874556064605713
swapped,3,44,0.3979078531265259
swapped,3,45,1.2782148122787476
swapped,3,46,0.5299071073532104
swapped,3,47,0.13951098918914795
swapped,3,48,1.146921992301941
swapped,3,49,0.09966354817152023
swapped,3,50,0.6923888921737671
swapped,3,51,0.1404726207256317
swapped,3,52,2.0038158893585205
swapped,3,53,0.5515321493148804
swapped,3,54,0.6885221600532532
swapped,3,55,0.48307424783706665
swapped,3,56,0.24162013828754425
swapped,3,57,0.37908750772476196
swapped,3,58,1.3707044124603271
swapped,3,59,0.8199677467346191
swapped,3,60,0.7809844017028809
swapped,3,61,0.49922531843185425
swapped,3,62,0.3222978413105011
swapped,3,63,0.3958856761455536
swapped,3,64,0.9241063594818115
swapped,3,65,0.6649022698402405
swapped,3,66,0.5931729078292847
swapped,3,67,0.2754787504673004
swapped,3,68,0.9878872036933899
swapped,3,69,0.658426821231842
swapped,3,70,0.5971450209617615
swapped,3,71,0.7170221209526062
swapped,3,72,0.24447837471961975
swapped,3,73,0.24846094846725464
swapped,3,74,0.49797141551971436
swapped,3,75,1.5043585300445557
swapped,3,76,0.3986550271511078
swapped,3,77,0.6447396278381348
swapped,3,78,0.3050146698951721
swapped,3,79,0.6749420166015625
swapped,3,80,0.7273687720298767
swapped,3,81,0.648158609867096
swapped,3,82,0.13436788320541382
swapped,3,83,0.2623410224914551
swapped,3,84,0.05999999865889549
swapped,3,85,1.689945936203003
swapped,3,86,0.3867865800857544
swapped,3,87,0.31563669443130493
swapped,3,88,0.31155791878700256
swapped,3,89,0.15480650961399078
swapped,3,90,0.34273743629455566
swapped,3,91,0.6463558077812195
swapped,3,92,0.2340179979801178
swapped,3,93,1.0441850423812866
swapped,3,94,0.49965277314186096
swapped,3,95,1.2423808574676514
swapped,3,96,0.17553752660751343
swapped,3,97,0.43553397059440613
swapped,3,98,0.5830827355384827
swapped,3,99,0.7764810919761658
swapped,3,100,0.2641173303127289
swapped,3,101,0.7271202206611633
swapped,3,102,0.6948423385620117
swapped,3,103,0.2506728172302246
swapped,3,104,0.3681587278842926
swapped,3,105,0.6971272230148315
swapped,3,106,0.9253294467926025
swapped,3,107,0.7122355699539185
swapped,3,108,0.38806426525115967
swapped,3,109,0.18019311130046844
swapped,3,110,0.2727745771408081
swapped,3,111,0.05999999865889549
swapped,3,112,1.27234947681427
swapped,3,113,0.8263800144195557
swapped,3,114,1.0004266500473022
swapped,3,115,0.602949321269989
swapped,3,116,0.6767182946205139
swapped,3,117,1.274988055229187
swapped,3,118,0.577002763748169
swapped,3,119,1.082015872001648
swapped,3,120,0.284231036901474
swapped,3,121,0.05999999865889549
swapped,3,122,0.24548783898353577
swapped,3,123,0.9398487210273743
swapped,3,124,0.28862473368644714
swapped,3,125,0.45725640654563904
swapped,3,126,0.14936646819114685
swapped,3,127,0.35580840706825256
swapped,3,128,2.9231629371643066
swapped,3,129,0.5980738401412964
swapped,3,130,0.05999999865889549
swapped,3,131,0.7012733221054077
swapped,3,132,0.7983359098434448
swapped,3,133,0.27807557582855225
swapped,3,134,0.39064475893974304
swapped,3,135,0.634887158870697
swapped,3,136,0.9322457313537598
swapped,3,137,0.40031951665878296
swapped,3,138,1.6215423345565796
swapped,3,139,1.0669596195220947
swapped,3,140,0.7084222435951233
swapped,3,141,0.9079965949058533
swapped,3,142,0.8838270902633667
swapped,3,143,0.8190733194351196
swapped,3,144,0.6724551916122437
swapped,3,145,0.5452187657356262
swapped,3,146,0.18658438324928284
swapped,3,147,1.2473371028900146
swapped,3,148,0.8087305426597595
swapped,3,149,0.6071139574050903
swapped,3,150,1.0702227354049683
swapped,3,151,0.5443254709243774
swapped,3,152,0.5750467777252197
swapped,3,153,0.8144974112510681
swapped,3,154,0.15566784143447876
swapped,3,155,0.7833685278892517
swapped,3,156,0.5219532251358032
swapped,3,157,0.48674237728118896
swapped,3,158,1.0553597211837769
swapped,3,159,0.4938594698905945
swapped,3,160,0.38102778792381287
swapped,3,161,0.1741052269935608
swapped,3,162,0.6408294439315796
swapped,3,163,1.9469265937805176
swapped,3,164,0.8664320707321167
swapped,3,165,0.212478369474411
swapped,3,166,1.2553654909133911
swapped,3,167,0.5519101619720459
swapped,3,168,0.6505597829818726
swapped,3,169,0.45473676919937134
swapped,3,170,1.1438219547271729
swapped,3,171,0.2907453179359436
swapped,3,172,0.05999999865889549
swapped,3,173,0.6648571491241455
swapped,3,174,0.22520503401756287
swapped,3,175,0.27111437916755676
swapped,3,176,0.6029316186904907
swapped,3,177,0.3258475661277771
swapped,3,178,0.7055213451385498
swapped,3,179,1.0257048606872559
swapped,3,180,0.5873318910598755
swapped,3,181,0.6849390864372253
swapped,3,182,0.9421215057373047
swapped,3,183,0.05999999865889549
swapped,3,184,0.05999999865889549
swapped,3,185,0.4081101417541504
swapped,3,186,2.604370355606079
swapped,3,187,0.26344260573387146
swapped,3,188,1.521384596824646
swapped,3,189,1.052594780921936
swapped,3,190,0.40495964884757996
swapped,3,191,0.11584457755088806
swapped,3,192,0.6991559267044067
swapped,3,193,0.6013079881668091
swapped,3,194,0.05999999865889549
swapped,3,195,1.2366362810134888
swapped,3,196,0.5698944330215454
swapped,3,197,0.05999999865889549
swapped,3,198,1.1789485216140747
swapped,3,199,0.467774897813797
swapped,3,200,0.8535699844360352
swapped,3,201,1.0233899354934692
swapped,3,202,0.4399636387825012
swapped,3,203,1.231028437614441
swapped,3,204,0.5620899200439453
swapped,3,205,0.8067375421524048
swapped,3,206,0.6249403357505798
swapped,3,207,0.8548223376274109
swapped,3,208,0.20892444252967834
swapped,3,209,0.42311403155326843
swapped,3,210,2.482578754425049
swapped,3,211,0.10425903648138046
swapped,3,212,0.2923743724822998
swapped,3,213,0.05999999865889549
swapped,3,214,0.1459120512008667
swapped,3,215,0.39761412143707275
swapped,3,216,0.9505299925804138
swapped,3,217,0.05999999865889549
swapped,3,218,0.7518512606620789
swapped,3,219,0.3848346173763275
swapped,3,220,0.336000919342041
swapped,3,221,0.5028460025787354
swapped,3,222,0.6905096769332886
swapped,3,223,1.3275606632232666
swapped,3,224,0.4661403298377991
swapped,3,225,0.9517003297805786
swapped,3,226,1.1263248920440674
swapped,3,227,0.7727019190788269
swapped,3,228,0.05999999865889549
swapped,3,229,0.28484001755714417
swapped,3,230,0.28564202785491943
swapped,3,231,0.651883602142334
swapped,3,232,0.3837677240371704
swapped,3,233,0.8852188587188721
swapped,3,234,0.2079819291830063
swapped,3,235,0.22627905011177063
swapped,3,236,0.10603886097669601
swapped,3,237,0.48580673336982727
swapped,3,238,0.7377434372901917
swapped,3,239,0.7699552774429321
swapped,4,0,0.6215250492095947
swapped,4,1,3.164438486099243
swapped,4,2,0.495267391204834
swapped,4,3,0.4480569362640381
swapped,4,4,0.5292976498603821
swapped,4,5,0.13698890805244446
swapped,4,6,0.8752222657203674
swapped,4,7,0.37539565563201904
swapped,4,8,1.0473542213439941
swapped,4,9,0.6787072420120239
swapped,4,10,1.2253644466400146
swapped,4,11,0.46281683444976807
swapped,4,12,0.5304048657417297
swapped,4,13,0.05999999865889549
swapped,4,14,0.8765367865562439
swapped,4,15,1.407476544380188
swapped,4,16,1.0861375331878662
swapped,4,17,0.9877058267593384
swapped,4,18,0.46230944991111755
swapped,4,19,0.9758389592170715
swapped,4,20,0.20537401735782623
swapped,4,21,0.7865005731582642
swapped,4,22,1.0824602842330933
swapped,4,23,1.444360613822937
swapped,4,24,0.31660202145576477
swapped,4,25,0.8380080461502075
swapped,4,26,2.267604351043701
swapped,4,27,0.5642877221107483
swapped,4,28,0.33779069781303406
swapped,4,29,0.801210880279541
swapped,4,30,0.4962897300720215
swapped,4,31,0.10594277828931808
swapped,4,32,1.1314918994903564
swapped,4,33,0.7868310213088989
swapped,4,34,1.2547235488891602
swapped,4,35,0.43281978368759155
swapped,4,36,0.6484399437904358
swapped,4,37,0.6431279182434082
swapped,4,38,0.5254406929016113
swapped,4,39,0.728098452091217
swapped,4,40,0.8909544944763184
swapped,4,41,0.6201371550559998
swapped,4,42,1.2238006591796875
swapped,4,43,0.7807095646858215
swapped,4,44,0.43966221809387207
swapped,4,45,0.5427642464637756
swapped,4,46,1.8586598634719849
swapped,4,47,0.3054651618003845
swapped,4,48,0.27999210357666016
swapped,4,49,0.6729720830917358
swapped,4,50,0.7906262278556824
swapped,4,51,0.934416651725769
swapped,4,52,0.346265971660614
swapped,4,53,0.6115586757659912
swapped,4,54,0.6630882024765015
swapped,4,55,0.6346021890640259
swapped,4,56,0.5715159177780151
swapped,4,57,0.6312284469604492
swapped,4,58,0.1826339215040207
swapped,4,59,0.5339187383651733
swapped,4,60,0.42046481370925903
swapped,4,61,0.27352970838546753
swapped,4,62,0.4513806402683258
swapped,4,63,0.3486115038394928
swapped,4,64,0.9729599952697754
swapped,4,65,0.6742193698883057
swapped,4,66,0.45403704047203064
swapped,4,67,0.21551543474197388
swapped,4,68,0.725746750831604
swapped,4,69,0.47345566749572754
swapped,4,70,1.6541852951049805
swapped,4,71,1.0465248823165894
swapped,4,72,1.4148311614990234
swapped,4,73,0.21161355078220367
swapped,4,74,2.06689453125
swapped,4,75,0.2863635718822479
swapped,4,76,0.8820780515670776
swapped,4,77,1.5031636953353882
swapped,4,78,0.7059865593910217
swapped,4,79,0.41931140422821045
swapped,4,80,1.0267951488494873
swapped,4,81,0.6039770245552063
swapped,4,82,0.7506587505340576
swapped,4,83,0.9921824932098389
swapped,4,84,0.30125004053115845
swapped,4,85,0.4936515688896179
swapped,4,86,0.507427453994751
swapped,4,87,0.5810946822166443
swapped,4,88,0.3392907381057739
swapped,4,89,0.9688068628311157
swapped,4,90,0.8957153558731079
swapped,4,91,1.0314579010009766
swapped,4,92,0.8385653495788574
swapped,4,93,0.7577630281448364
swapped,4,94,0.4913886785507202
swapped,4,95,0.45600301027297974
swapped,4,96,0.4308816194534302
swapped,4,97,0.07049524784088135
swapped,4,98,0.6030168533325195
swapped,4,99,0.6573957204818726
swapped,4,100,1.0065901279449463
swapped,4,101,0.6609276533126831
swapped,4,102,0.2565687298774719
swapped,4,103,1.612278699874878
swapped,4,104,0.5651362538337708
swapped,4,105,0.5400663614273071
swapped,4,106,1.2784559726715088
swapped,4,107,0.8576379418373108
swapped,4,108,0.9446343183517456
swapped,4,109,0.6686299443244934
swapped,4,110,1.1453509330749512
swapped,4,111,0.6554715037345886
swapped,4,112,0.5870738625526428
swapped,4,113,1.0456140041351318
swapped,4,114,0.9193136692047119
swapped,4,115,0.24904970824718475
swapped,4,116,0.6499812602996826
swapped,4,117,0.7902534604072571
swapped,4,118,1.8510117530822754
swapped,4,119,0.2927621006965637
swapped,4,120,1.1630864143371582
swapped,4,121,0.5468226671218872
swapped,4,122,0.22615377604961395
swapped,4,123,0.593614399433136
swapped,4,124,0.7259193062782288
swapped,4,125,0.2501354515552521
swapped,4,126,0.9087679386138916
swapped,4,127,0.5681014657020569
swapped,4,128,0.43657612800598145
swapped,4,129,0.42679670453071594
swapped,4,130,2.473447799682617
swapped,4,131,0.6056298017501831
swapped,4,132,0.9657014608383179
swapped,4,133,1.1229422092437744
swapped,4,134,0.8369103074073792
swapped,4,135,0.6918256282806396
swapped,4,136,0.7939069271087646
swapped,4,137,0.757248044013977
swapped,4,138,0.4835589528083801
swapped,4,139,0.430367112159729
swapped,4,140,0.05999999865889549
swapped,4,141,0.3741457760334015
swapped,4,142,1.2383149862289429
swapped,4,143,0.4449818432331085
swapped,4,144,1.2359340190887451
swapped,4,145,0.2946870028972626
swapped,4,146,0.20812666416168213
swapped,4,147,1.239115834236145
swapped,4,148,0.5670886635780334
swapped,4,149,0.3041704595088959
swapped,4,150,1.0677711963653564
swapped,4,151,0.552166223526001
swapped,4,152,0.7751888036727905
swapped,4,153,0.43352845311164856
swapped,4,154,0.9125751256942749
swapped,4,155,1.314496397972107
swapped,4,156,1.3530508279800415
swapped,4,157,0.5720157623291016
swapped,4,158,0.6743119955062866
swapped,4,159,0.8513954877853394
swapped,4,160,0.31081727147102356
swapped,4,161,0.2704927623271942
swapped,4,162,0.2880948781967163
swapped,4,163,0.39451974630355835
swapped,4,164,1.1158931255340576
swapped,4,165,0.9472066760063171
swapped,4,166,0.45709675550460815
swapped,4,167,1.1752455234527588
swapped,4,168,0.5339064598083496
swapped,4,169,0.9622836112976074
swapped,4,170,0.46306097507476807
swapped,4,171,1.0230591297149658
swapped,4,172,0.1808166652917862
swapped,4,173,0.4521216154098511
swapped,4,174,0.773669421672821
swapped,4,175,1.119771957397461
swapped,4,176,0.24807146191596985
swapped,4,177,0.1614426076412201
swapped,4,178,0.7099916934967041
swapped,4,179,0.7208658456802368
swapped,4,180,0.21288710832595825
swapped,4,181,0.31529080867767334
swapped,4,182,1.4494516849517822
swapped,4,183,0.7738519310951233
swapped,4,184,0.7219446301460266
swapped,4,185,0.7616820931434631
swapped,4,186,0.4546627700328827
swapped,4,187,0.4640302062034607
swapped,4,188,0.49162259697914124
swapped,4,189,0.7270156145095825
swapped,4,190,0.6339668035507202
swapped,4,191,0.4081040620803833
swapped,4,192,0.38784652948379517
swapped,4,193,0.8418002724647522
swapped,4,194,0.2670086920261383
swapped,4,195,0.5362796783447266
swapped,4,196,0.5749800205230713
swapped,4,197,0.5511936545372009
swapped,4,198,0.3909725546836853
swapped,4,199,0.6223945617675781
swapped,4,200,0.41037437319755554
swapped,4,201,0.7637686729431152
swapped,4,202,1.437546730041504
swapped,4,203,0.21088123321533203
swapped,4,204,0.5894021987915039
swapped,4,205,1.0540955066680908
swapped,4,206,0.6968315839767456
swapped,4,207,0.2897724211215973
swapped,4,208,0.42868709564208984
swapped,4,209,0.13362088799476624
swapped,4,210,0.384479820728302
swapped,4,211,0.8775317072868347
swapped,4,212,0.6498886942863464
swapped,4,213,0.8655874729156494
swapped,4,214,1.0563528537750244
swapped,4,215,0.6895506978034973
swapped,4,216,0.6738080978393555
swapped,4,217,1.0905451774597168
swapped,4,218,0.2568461298942566
swapped,4,219,0.717361330986023
swapped,4,220,0.5299230813980103
swapped,4,221,0.0806041955947876
swapped,4,222,0.7229925394058228
swapped,4,223,0.26345789432525635
swapped,4,224,0.8434195518493652
swapped,4,225,1.2760288715362549
swapped,4,226,0.5115706920623779
swapped,4,227,0.7426807284355164
swapped,4,228,0.883213222026825
swapped,4,229,1.0635432004928589
swapped,4,230,0.637139618396759
swapped,4,231,0.14916923642158508
swapped,4,232,0.50287926197052
swapped,4,233,0.4380624294281006
swapped,4,234,0.25904208421707153
swapped,4,235,0.9006673097610474
swapped,4,236,0.6305783987045288
swapped,4,237,0.3664420545101166
swapped,4,238,0.5119932889938354
swapped,4,239,0.1743849217891693
swapped,5,0,0.5405381917953491
swapped,5,1,0.5647891163825989
swapped,5,2,1.3346335887908936
swapped,5,3,0.3128032088279724
swapped,5,4,0.15334615111351013
swapped,5,5,1.0091418027877808
swapped,5,6,0.21474547684192657
swapped,5,7,1.7000324726104736
swapped,5,8,0.4765704572200775
swapped,5,9,1.1629233360290527
swapped,5,10,1.590167760848999
swapped,5,11,1.3433449268341064
swapped,5,12,1.2260513305664062
swapped,5,13,0.3303200602531433
swapped,5,14,0.9597523808479309
swapped,5,15,0.9956081509590149
swapped,5,16,0.8729041814804077
swapped,5,17,0.46397528052330017
swapped,5,18,0.33056944608688354
swapped,5,19,0.7303947806358337
swapped,5,20,1.4362335205078125
swapped,5,21,0.39956676959991455
swapped,5,22,0.525688648223877
swapped,5,23,0.702255129814148
swapped,5,24,0.35395348072052
swapped,5,25,0.7382838726043701
swapped,5,26,0.5452757477760315
swapped,5,27,0.4000632166862488
swapped,5,28,1.1754887104034424
swapped,5,29,0.7328435778617859
swapped,5,30,0.21489989757537842
swapped,5,31,0.4101082384586334
swapped,5,32,0.7472176551818848
swapped,5,33,1.698488473892212
swapped,5,34,1.3717695474624634
swapped,5,35,1.2613555192947388
swapped,5,36,0.26643452048301697
swapped,5,37,0.2910793423652649
swapped,5,38,1.3320659399032593
swapped,5,39,0.977075457572937
swapped,5,40,1.1538801193237305
swapped,5,41,0.911743700504303
swapped,5,42,0.33351823687553406
swapped,5,43,0.740997314453125
swapped,5,44,0.4406189024448395
swapped,5,45,1.1219630241394043
swapped,5,46,1.671565055847168
swapped,5,47,0.9309819936752319
swapped,5,48,0.8583650588989258
swapped,5,49,0.1721402108669281
swapped,5,50,0.7581033706665039
swapped,5,51,0.7930511236190796
swapped,5,52,1.7615787982940674
swapped,5,53,0.4736514985561371
swapped,5,54,0.23769956827163696
swapped,5,55,1.403342604637146
swapped,5,56,1.6950969696044922
swapped,5,57,0.5583579540252686
swapped,5,58,1.1213583946228027
swapped,5,59,1.4927499294281006
swapped,5,60,0.12748079001903534
swapped,5,61,0.7980048060417175
swapped,5,62,2.09521484375
swapped,5,63,0.7175305485725403
swapped,5,64,0.18287377059459686
swapped,5,65,1.471112608909607
swapped,5,66,0.24216291308403015
swapped,5,67,0.5945006608963013
swapped,5,68,0.43743711709976196
swapped,5,69,0.2851013243198395
swapped,5,70,0.8024097681045532
swapped,5,71,0.48747938871383667
swapped,5,72,0.8846399784088135
swapped,5,73,0.40469712018966675
swapped,5,74,0.14139607548713684
swapped,5,75,0.5047631859779358
swapped,5,76,1.170793056488037
swapped,5,77,0.4415220022201538
swapped,5,78,1.1892586946487427
swapped,5,79,0.1341971457004547
swapped,5,80,0.17629867792129517
swapped,5,81,0.4672556221485138
swapped,5,82,0.7430627942085266
swapped,5,83,0.2624416947364807
swapped,5,84,1.4954086542129517
swapped,5,85,0.6305967569351196
swapped,5,86,1.2622545957565308
swapped,5,87,0.14902517199516296
swapped,5,88,0.42740973830223083
swapped,5,89,1.1531660556793213
swapped,5,90,0.6350046992301941
swapped,5,91,0.6266860961914062
swapped,5,92,1.0591517686843872
swapped,5,93,0.06551152467727661
swapped,5,94,0.6361515522003174
swapped,5,95,0.37645184993743896
swapped,5,96,0.1838231384754181
swapped,5,97,0.37417298555374146
swapped,5,98,0.35562753677368164
swapped,5,99,0.5949793457984924
swapped,5,100,0.8775120377540588
swapped,5,101,0.7276036739349365
swapped,5,102,0.7019129395484924
swapped,5,103,0.9944509267807007
swapped,5,104,0.7791813015937805
swapped,5,105,0.14927832782268524
swapped,5,106,0.3729422390460968
swapped,5,107,0.4328029453754425
swapped,5,108,0.7256162166595459
swapped,5,109,0.6166335344314575
swapped,5,110,0.8071519136428833
swapped,5,111,0.26158657670021057
swapped,5,112,1.2644164562225342
swapped,5,113,0.3193122148513794
swapped,5,114,1.608910083770752
swapped,5,115,0.7408934831619263
swapped,5,116,1.2854223251342773
swapped,5,117,0.31947043538093567
swapped,5,118,0.2757519781589508
swapped,5,119,1.4516440629959106
swapped,5,120,0.7808310985565186
swapped,5,121,0.13934330642223358
swapped,5,122,0.6368517875671387
swapped,5,123,0.8598527908325195
swapped,5,124,0.1524733603000641
swapped,5,125,0.9865796566009521
swapped,5,126,0.4615238904953003
swapped,5,127,1.3661247491836548
swapped,5,128,1.5960222482681274
swapped,5,129,0.1824718415737152
swapped,5,130,0.38109883666038513
swapped,5,131,0.4369295835494995
swapped,5,132,0.8783791661262512
swapped,5,133,1.1986234188079834
swapped,5,134,0.05999999865889549
swapped,5,135,0.8283631801605225
swapped,5,136,0.8985551595687866
swapped,5,137,0.49711301922798157
swapped,5,138,0.15893949568271637
swapped,5,139,1.42759370803833
swapped,5,140,0.266357958316803
swapped,5,141,0.571465790271759
swapped,5,142,0.33412715792655945
swapped,5,143,0.29471439123153687
swapped,5,144,0.10495322942733765
swapped,5,145,0.164451465010643
swapped,5,146,0.8955315351486206
swapped,5,147,0.6411125659942627
swapped,5,148,1.8690682649612427
swapped,5,149,0.2155781239271164
swapped,5,150,0.5829988121986389
swapped,5,151,1.4588191509246826
swapped,5,152,0.06681153178215027
swapped,5,153,1.409116506576538
swapped,5,154,1.1565297842025757
swapped,5,155,0.09418480843305588
swapped,5,156,0.5607335567474365
swapped,5,157,0.800151526927948
swapped,5,158,0.3900103271007538
swapped,5,159,0.5908936858177185
swapped,5,160,1.1817152500152588
swapped,5,161,0.2688416838645935
swapped,5,162,0.5870990753173828
swapped,5,163,0.5694991946220398
swapped,5,164,0.7300717234611511
swapped,5,165,0.1753290742635727
swapped,5,166,0.6781220436096191
swapped,5,167,0.7120797634124756
swapped,5,168,1.9475476741790771
swapped,5,169,0.19960495829582214
swapped,5,170,0.8162834644317627
swapped,5,171,0.7230758666992188
swapped,5,172,0.2938516139984131
swapped,5,173,0.760736882686615
swapped,5,174,1.61185622215271
swapped,5,175,0.5807061195373535
swapped,5,176,1.1083941459655762
swapped,5,177,0.2738109230995178
swapped,5,178,0.3213479220867157
swapped,5,179,0.4376780092716217
swapped,5,180,0.05999999865889549
swapped,5,181,0.4592165946960449
swapped,5,182,0.2918788492679596
swapped,5,183,2.341085910797119
swapped,5,184,0.7222070693969727
swapped,5,185,0.9837003350257874
swapped,5,186,1.1079760789871216
swapped,5,187,0.3089222311973572
swapped,5,188,0.2998759150505066
swapped,5,189,0.05999999865889549
swapped,5,190,0.9450104236602783
swapped,5,191,0.9107018113136292
swapped,5,192,0.3996647894382477
swapped,5,193,0.1510249823331833
swapped,5,194,0.6432027816772461
swapped,5,195,0.05999999865889549
swapped,5,196,1.3513649702072144
swapped,5,197,0.35374462604522705
swapped,5,198,0.606656551361084
swapped,5,199,0.723267674446106
swapped,5,200,0.50559401512146
swapped,5,201,0.6432755589485168
swapped,5,202,0.3594284653663635
swapped,5,203,1.0611335039138794
swapped,5,204,0.08547839522361755
swapped,5,205,0.05999999865889549
swapped,5,206,0.9411519765853882
swapped,5,207,0.05999999865889549
swapped,5,208,0.6328790783882141
swapped,5,209,0.7561150789260864
swapped,5,210,0.2742230296134949
swapped,5,211,0.23019534349441528
swapped,5,212,0.735881507396698
swapped,5,213,0.7941086292266846
swapped,5,214,0.6971989870071411
swapped,5,215,0.15691091120243073
swapped,5,216,0.28641751408576965
swapped,5,217,0.7247183322906494
swapped,5,218,0.08949632942676544
swapped,5,219,0.37950316071510315
swapped,5,220,0.34353452920913696
swapped,5,221,0.9940137267112732
swapped,5,222,1.267348289489746
swapped,5,223,0.7465448975563049
swapped,5,224,1.211340069770813
swapped,5,225,0.6344670057296753
swapped,5,226,0.5936147570610046
swapped,5,227,1.1127034425735474
swapped,5,228,0.9231946468353271
swapped,5,229,0.3624299466609955
swapped,5,230,0.43021517992019653
swapped,5,231,1.4835026264190674
swapped,5,232,0.7159837484359741
swapped,5,233,0.794542133808136
swapped,5,234,1.169726014137268
swapped,5,235,0.583160936832428
swapped,5,236,0.36178335547447205
swapped,5,237,0.22385099530220032
swapped,5,238,0.7430354952812195
swapped,5,239,0.6041192412376404
swapped,6,0,0.34908080101013184
swapped,6,1,0.8161718249320984
swapped,6,2,0.15418663620948792
swapped,6,3,0.4193486273288727
swapped,6,4,0.7781070470809937
swapped,6,5,0.8597180247306824
swapped,6,6,0.29290521144866943
swapped,6,7,0.5494410991668701
swapped,6,8,0.9924817681312561
swapped,6,9,0.6545672416687012
swapped,6,10,0.10790145397186279
swapped,6,11,1.1409841775894165
swapped,6,12,0.49265721440315247
swapped,6,13,0.23370769619941711
swapped,6,14,0.4110032021999359
swapped,6,15,0.5260626673698425
swapped,6,16,1.1584903001785278
swapped,6,17,0.41034257411956787
swapped,6,18,1.0160176753997803
swapped,6,19,0.05999999865889549
swapped,6,20,0.5706504583358765
swapped,6,21,0.4221292734146118
swapped,6,22,0.49945372343063354
swapped,6,23,0.9774788618087769
swapped,6,24,1.0287340879440308
swapped,6,25,0.37752044200897217
swapped,6,26,0.7192900776863098
swapped,6,27,0.3168960213661194
swapped,6,28,0.5116920471191406
swapped,6,29,0.3307059407234192
swapped,6,30,0.6455947756767273
swapped,6,31,0.41086792945861816
swapped,6,32,0.6018450260162354
swapped,6,33,0.8199063539505005
swapped,6,34,0.433322936296463
swapped,6,35,0.9028582572937012
swapped,6,36,0.4812963008880615
swapped,6,37,0.639177143573761
swapped,6,38,0.12721487879753113
swapped,6,39,0.33836957812309265
swapped,6,40,1.3027504682540894
swapped,6,41,0.7727738618850708
swapped,6,42,1.1527609825134277
swapped,6,43,1.0932178497314453
swapped,6,44,1.1243257522583008
swapped,6,45,0.4511239528656006
swapped,6,46,0.44652798771858215
swapped,6,47,0.29807761311531067
swapped,6,48,0.7023568153381348
swapped,6,49,0.37452661991119385
swapped,6,50,1.846236228942871
swapped,6,51,1.0907084941864014
swapped,6,52,0.9365712404251099
swapped,6,53,1.412684679031372
swapped,6,54,0.9014617204666138
swapped,6,55,1.4621732234954834
swapped,6,56,0.7978495359420776
swapped,6,57,0.24247974157333374
swapped,6,58,0.39318734407424927
swapped,6,59,0.320981502532959
swapped,6,60,0.47699594497680664
swapped,6,61,0.09945179522037506
swapped,6,62,0.6837982535362244
swapped,6,63,0.7923376560211182
swapped,6,64,1.298990249633789
swapped,6,65,1.7951395511627197
swapped,6,66,0.5857754945755005
swapped,6,67,0.45022574067115784
swapped,6,68,0.1009579747915268
swapped,6,69,0.6697763800621033
swapped,6,70,0.7738699316978455
swapped,6,71,0.22793927788734436
swapped,6,72,0.4881533086299896
swapped,6,73,0.4343685209751129
swapped,6,74,0.41287949681282043
swapped,6,75,1.463847041130066
swapped,6,76,0.3626437783241272
swapped,6,77,0.5875862240791321
swapped,6,78,1.2866344451904297
swapped,6,79,0.44443386793136597
swapped,6,80,0.24671252071857452
swapped,6,81,0.6725251078605652
swapped,6,82,0.3396332859992981
swapped,6,83,0.5891508460044861
swapped,6,84,0.7799264192581177
swapped,6,85,0.9164378643035889
swapped,6,86,0.7530777454376221
swapped,6,87,0.08987291157245636
swapped,6,88,0.12547677755355835
swapped,6,89,1.4009714126586914
swapped,6,90,0.8990681171417236
swapped,6,91,0.05999999865889549
swapped,6,92,0.36800986528396606
swapped,6,93,0.3499254286289215
swapped,6,94,0.7773206830024719
swapped,6,95,0.7588116526603699
swapped,6,96,1.620715618133545
swapped,6,97,0.05999999865889549
swapped,6,98,1.3610217571258545
swapped,6,99,1.3344563245773315
swapped,6,100,0.9179037809371948
swapped,6,101,0.8528038263320923
swapped,6,102,0.8107719421386719
swapped,6,103,0.8193175196647644
swapped,6,104,0.3510299324989319
swapped,6,105,0.4083658456802368
swapped,6,106,0.6237743496894836
swapped,6,107,1.9419207572937012
swapped,6,108,0.141413152217865
swapped,6,109,0.5819969773292542
swapped,6,110,1.559282660484314
swapped,6,111,0.5962196588516235
swapped,6,112,0.7938291430473328
swapped,6,113,0.3259352743625641
swapped,6,114,1.0202571153640747
swapped,6,115,0.22289815545082092
swapped,6,116,0.6886304020881653
swapped,6,117,0.6070047616958618
swapped,6,118,0.7699623703956604
swapped,6,119,1.119936227798462
swapped,6,120,0.4812949001789093
swapped,6,121,0.6707873940467834
swapped,6,122,0.6955983638763428
swapped,6,123,0.4206077456474304
swapped,6,124,0.3450523614883423
swapped,6,125,0.6585258841514587
swapped,6,126,0.08481446653604507
swapped,6,127,0.21009397506713867
swapped,6,128,0.6870810985565186
swapped,6,129,0.9029197692871094
swapped,6,130,1.5313605070114136
swapped,6,131,1.0246355533599854
swapped,6,132,1.1651411056518555
swapped,6,133,0.9549895524978638
swapped,6,134,0.14014217257499695
swapped,6,135,0.4822230339050293
swapped,6,136,0.6190656423568726
swapped,6,137,1.2640585899353027
swapped,6,138,0.14479300379753113
swapped,6,139,0.9811213612556458
swapped,6,140,0.05999999865889549
swapped,6,141,0.7124685645103455
swapped,6,142,0.2263512909412384
swapped,6,143,2.0367767810821533
swapped,6,144,1.136597990989685
swapped,6,145,0.5812557339668274
swapped,6,146,1.1047699451446533
swapped,6,147,0.5973854660987854
swapped,6,148,0.14857396483421326
swapped,6,149,0.8341394662857056
swapped,6,150,0.313278466463089
swapped,6,151,0.3416217565536499
swapped,6,152,1.048978567123413
swapped,6,153,0.5956531167030334
swapped,6,154,1.734158992767334
swapped,6,155,0.514281153678894
swapped,6,156,2.2862186431884766
swapped,6,157,0.19245418906211853
swapped,6,158,0.7190788984298706
swapped,6,159,0.6099787354469299
swapped,6,160,0.33917906880378723
swapped,6,161,0.2939653992652893
swapped,6,162,0.5030483603477478
swapped,6,163,0.2384091317653656
swapped,6,164,0.2189943790435791
swapped,6,165,1.3613824844360352
swapped,6,166,0.5984597206115723
swapped,6,167,0.5149251222610474
swapped,6,168,1.1290346384048462
swapped,6,169,1.102759599685669
swapped,6,170,0.5251554250717163
swapped,6,171,1.7218799591064453
swapped,6,172,0.8142935633659363
swapped,6,173,1.4422245025634766
swapped,6,174,0.5078178644180298
swapped,6,175,0.7934600710868835
swapped,6,176,1.822237491607666
swapped,6,177,1.6073710918426514
swapped,6,178,0.29219990968704224
swapped,6,179,0.2281261682510376
swapped,6,180,0.15517470240592957
swapped,6,181,0.6776954531669617
swapped,6,182,0.6601977348327637
swapped,6,183,0.44990020990371704
swapped,6,184,1.0525765419006348
swapped,6,185,0.9834505319595337
swapped,6,186,0.7360341548919678
swapped,6,187,1.3063935041427612
swapped,6,188,0.110600546002388
swapped,6,189,0.6944823265075684
swapped,6,190,0.23839274048805237
swapped,6,191,0.2590847611427307
swapped,6,192,1.0607374906539917
swapped,6,193,0.31195181608200073
swapped,6,194,0.2591657042503357
swapped,6,195,0.6280771493911743
swapped,6,196,0.26858586072921753
swapped,6,197,1.2970285415649414
swapped,6,198,0.6152807474136353
swapped,6,199,0.34118738770484924
swapped,6,200,0.5451453924179077
swapped,6,201,0.27450427412986755
swapped,6,202,0.42167356610298157
swapped,6,203,0.40942466259002686
swapped,6,204,0.4783201515674591
swapped,6,205,0.3750460147857666
swapped,6,206,0.7588540315628052
swapped,6,207,0.405287504196167
swapped,6,208,0.6806102991104126
swapped,6,209,0.7426373958587646
swapped,6,210,0.9817953109741211
swapped,6,211,0.1425790637731552
swapped,6,212,0.961629331111908
swapped,6,213,0.3213249146938324
swapped,6,214,0.4919013977050781
swapped,6,215,1.1913095712661743
swapped,6,216,0.7699791789054871
swapped,6,217,0.6605279445648193
swapped,6,218,0.725055456161499
swapped,6,219,0.5332609415054321
swapped,6,220,0.4718382954597473
swapped,6,221,0.5278359055519104
swapped,6,222,0.27108392119407654
swapped,6,223,0.8038419485092163
swapped,6,224,0.6569651961326599
swapped,6,225,0.7843669652938843
swapped,6,226,0.6988920569419861
swapped,6,227,0.4160724878311157
swapped,6,228,0.44316402077674866
swapped,6,229,0.2592686414718628
swapped,6,230,0.4658730626106262
swapped,6,231,1.2807550430297852
swapped,6,232,1.2536603212356567
swapped,6,233,0.5907383561134338
swapped,6,234,0.2838941216468811
swapped,6,235,0.5946378111839294
swapped,6,236,0.5494231581687927
swapped,6,237,0.7323407530784607
swapped,6,238,0.6207832098007202
swapped,6,239,0.8881692290306091
swapped,7,0,0.11991065740585327
swapped,7,1,1.0076351165771484
swapped,7,2,1.726725459098816
swapped,7,3,1.1088979244232178
swapped,7,4,0.571922779083252
swapped,7,5,0.9804849624633789
swapped,7,6,0.2859683930873871
swapped,7,7,0.503230094909668
swapped,7,8,0.5884071588516235
swapped,7,9,0.4039350748062134
swapped,7,10,0.5449415445327759
swapped,7,11,0.1299980878829956
swapped,7,12,1.5913004875183105
swapped,7,13,0.5884183049201965
swapped,7,14,0.7941197156906128
swapped,7,15,0.22044017910957336
swapped,7,16,0.2544091045856476
swapped,7,17,0.1766325831413269
swapped,7,18,0.7514845132827759
swapped,7,19,0.509903073310852
swapped,7,20,1.2482719421386719
swapped,7,21,0.6493459939956665
swapped,7,22,0.7537857890129089
swapped,7,23,0.3782643675804138
swapped,7,24,1.45560884475708
swapped,7,25,0.8253853917121887
swapped,7,26,0.4910227656364441
swapped,7,27,1.573061466217041
swapped,7,28,1.536952257156372
swapped,7,29,0.5380402207374573
swapped,7,30,0.31896156072616577
swapped,7,31,0.34105053544044495
swapped,7,32,0.19277621805667877
swapped,7,33,0.7461848258972168
swapped,7,34,0.84897381067276
swapped,7,35,3.0978331565856934
swapped,7,36,0.9401792287826538
swapped,7,37,0.05999999865889549
swapped,7,38,0.6639147400856018
swapped,7,39,0.5896457433700562
swapped,7,40,0.19434499740600586
swapped,7,41,0.4601486623287201
swapped,7,42,0.5062195062637329
swapped,7,43,0.5065737366676331
swapped,7,44,0.8373494744300842
swapped,7,45,0.25763753056526184
swapped,7,46,1.0296401977539062
swapped,7,47,0.9139084219932556
swapped,7,48,1.0709644556045532
swapped,7,49,0.5450538396835327
swapped,7,50,2.656787395477295
swapped,7,51,0.25641199946403503
swapped,7,52,1.5952577590942383
swapped,7,53,0.26818254590034485
swapped,7,54,1.0153992176055908
swapped,7,55,0.27016788721084595
swapped,7,56,0.6438592672348022
swapped,7,57,0.12876667082309723
swapped,7,58,0.4263032376766205
swapped,7,59,0.8580715656280518
swapped,7,60,1.0650951862335205
swapped,7,61,0.5844467878341675
swapped,7,62,0.45796456933021545
swapped,7,63,1.1267693042755127
swapped,7,64,1.9171779155731201
swapped,7,65,0.93583083152771
swapped,7,66,0.74733567237854
swapped,7,67,0.639561653137207
swapped,7,68,0.3666604459285736
swapped,7,69,0.3550015687942505
swapped,7,70,0.7855937480926514
swapped,7,71,0.39822423458099365
swapped,7,72,1.9409559965133667
swapped,7,73,1.0504207611083984
swapped,7,74,0.15052387118339539
swapped,7,75,0.6521605849266052
swapped,7,76,1.1457933187484741
swapped,7,77,0.18754376471042633
swapped,7,78,0.6437714099884033
swapped,7,79,0.9553262591362
swapped,7,80,0.3545897305011749
swapped,7,81,0.5400751829147339
swapped,7,82,0.40026357769966125
swapped,7,83,0.22608637809753418
swapped,7,84,1.528759241104126
swapped,7,85,0.9889482259750366
swapped,7,86,1.1479679346084595
swapped,7,87,0.8130446076393127
swapped,7,88,0.2751046121120453
swapped,7,89,0.6150586605072021
swapped,7,90,0.827441394329071
swapped,7,91,1.2214417457580566
swapped,7,92,0.3832334578037262
swapped,7,93,0.8801431059837341
swapped,7,94,0.7210989594459534
swapped,7,95,0.6465533375740051
swapped,7,96,0.3763406574726105
swapped,7,97,0.3646138906478882
swapped,7,98,0.9969819784164429
swapped,7,99,0.5668962001800537
swapped,7,100,1.5693553686141968
swapped,7,101,0.7703882455825806
swapped,7,102,0.8220523595809937
swapped,7,103,0.34033435583114624
swapped,7,104,0.3904995322227478
swapped,7,105,1.0354243516921997
swapped,7,106,0.8509696125984192
swapped,7,107,0.7454515695571899
swapped,7,108,0.44266432523727417
swapped,7,109,0.3231422007083893
swapped,7,110,0.388274610042572
swapped,7,111,0.5395601391792297
swapped,7,112,0.9565820693969727
swapped,7,113,0.43028461933135986
swapped,7,114,0.41648486256599426
swapped,7,115,0.19651377201080322
swapped,7,116,1.180336833000183
swapped,7,117,1.283094048500061
swapped,7,118,1.1492310762405396
swapped,7,119,0.949131429195404
swapped,7,120,0.3713717460632324
swapped,7,121,0.05999999865889549
swapped,7,122,1.1643517017364502
swapped,7,123,0.6374474763870239
swapped,7,124,0.4863300323486328
swapped,7,125,0.43916580080986023
swapped,7,126,0.09435147047042847
swapped,7,127,0.7644404172897339
swapped,7,128,0.963320255279541
swapped,7,129,0.224784716963768
swapped,7,130,0.7731078863143921
swapped,7,131,1.139580488204956
swapped,7,132,0.7599220275878906
swapped,7,133,0.2355850338935852
swapped,7,134,1.7312431335449219
swapped,7,135,0.5791093111038208
swapped,7,136,0.571826159954071
swapped,7,137,0.15133681893348694
swapped,7,138,0.8695501089096069
swapped,7,139,0.6920765042304993
swapped,7,140,1.7201387882232666
swapped,7,141,0.05999999865889549
swapped,7,142,0.6029845476150513
swapped,7,143,0.2152419090270996
swapped,7,144,0.5712853074073792
swapped,7,145,0.9313156008720398
swapped,7,146,0.08889089524745941
swapped,7,147,1.1963669061660767
swapped,7,148,0.39385756850242615
swapped,7,149,0.5909340381622314
swapped,7,150,1.8884402513504028
swapped,7,151,0.18753807246685028
swapped,7,152,1.2325142621994019
swapped,7,153,0.19972334802150726
swapped,7,154,0.23757441341876984
swapped,7,155,0.12074223905801773
swapped,7,156,0.19887501001358032
swapped,7,157,0.8996722102165222
swapped,7,158,0.5442317128181458
swapped,7,159,0.7420175075531006
swapped,7,160,0.8656657338142395
swapped,7,161,1.519081711769104
swapped,7,162,0.18611563742160797
swapped,7,163,0.509697675704956
swapped,7,164,0.35945072770118713
swapped,7,165,0.7963277697563171
swapped,7,166,1.2348763942718506
swapped,7,167,1.347328543663025
swapped,7,168,0.18079343438148499
swapped,7,169,0.4695931077003479
swapped,7,170,0.48230260610580444
swapped,7,171,0.17550121247768402
swapped,7,172,1.373420000076294
swapped,7,173,0.6191388964653015
swapped,7,174,0.43322762846946716
swapped,7,175,0.8944191336631775
swapped,7,176,0.6792466640472412
swapped,7,177,0.3690727949142456
swapped,7,178,0.3107067048549652
swapped,7,179,1.2558976411819458
swapped,7,180,1.5527210235595703
swapped,7,181,1.101305603981018
swapped,7,182,0.17499269545078278
swapped,7,183,0.5441584587097168
swapped,7,184,0.5450307726860046
swapped,7,185,1.0750552415847778
swapped,7,186,0.5962563157081604
swapped,7,187,1.1977003812789917
swapped,7,188,0.05999999865889549
swapped,7,189,1.2820748090744019
swapped,7,190,1.3307185173034668
swapped,7,191,0.6891738176345825
swapped,7,192,0.4205383360385895
swapped,7,193,0.1258734166622162
swapped,7,194,0.7897633910179138
swapped,7,195,0.3729496896266937
swapped,7,196,0.17608952522277832
swapped,7,197,0.24612237513065338
swapped,7,198,0.3122081756591797
swapped,7,199,0.5593770146369934
swapped,7,200,0.2729087769985199
swapped,7,201,0.5582360029220581
swapped,7,202,0.6786710619926453
swapped,7,203,0.6041100025177002
swapped,7,204,0.08686448633670807
swapped,7,205,0.8439615964889526
swapped,7,206,0.27925199270248413
swapped,7,207,0.7270373702049255
swapped,7,208,0.17680004239082336
swapped,7,209,0.45977625250816345
swapped,7,210,0.9323962926864624
swapped,7,211,0.5317938923835754
swapped,7,212,0.2606266140937805
swapped,7,213,0.3099643886089325
swapped,7,214,0.7488870024681091
swapped,7,215,1.048917293548584
swapped,7,216,0.45704910159111023
swapped,7,217,0.8381240963935852
swapped,7,218,0.8907601237297058
swapped,7,219,0.1583128720521927
swapped,7,220,0.05999999865889549
swapped,7,221,0.16800209879875183
swapped,7,222,0.45447561144828796
swapped,7,223,0.299995481967926
swapped,7,224,0.3048200309276581
swapped,7,225,0.8141610026359558
swapped,7,226,0.5272395610809326
swapped,7,227,1.3330330848693848
swapped,7,228,1.2164416313171387
swapped,7,229,0.4403042793273926
swapped,7,230,0.4955054521560669
swapped,7,231,1.2465312480926514
swapped,7,232,0.6240710020065308
swapped,7,233,1.0952566862106323
swapped,7,234,1.733178973197937
swapped,7,235,0.3494175672531128
swapped,7,236,0.29373836517333984
swapped,7,237,0.13150329887866974
swapped,7,238,0.4636996388435364
swapped,7,239,1.2428704500198364
swapped,8,0,0.6679666042327881
swapped,8,1,0.47735869884490967
swapped,8,2,0.29406997561454773
swapped,8,3,0.7444718480110168
swapped,8,4,0.9502133727073669
swapped,8,5,1.1093058586120605
swapped,8,6,1.4125306606292725
swapped,8,7,0.4477158784866333
swapped,8,8,0.6972253322601318
swapped,8,9,0.9688196778297424
swapped,8,10,0.7521909475326538
swapped,8,11,0.05999999865889549
swapped,8,12,0.5716326832771301
swapped,8,13,0.32083868980407715
swapped,8,14,0.5400115847587585
swapped,8,15,0.05999999865889549
swapped,8,16,1.4340509176254272
swapped,8,17,1.2317698001861572
swapped,8,18,1.0673061609268188
swapped,8,19,0.2951190173625946
swapped,8,20,0.24273909628391266
swapped,8,21,1.5117785930633545
swapped,8,22,0.34485241770744324
swapped,8,23,0.41154152154922485
swapped,8,24,0.37199124693870544
swapped,8,25,0.9162632822990417
swapped,8,26,1.1056361198425293
swapped,8,27,0.6803992390632629
swapped,8,28,1.1171427965164185
swapped,8,29,0.12372303009033203
swapped,8,30,0.6004584431648254
swapped,8,31,1.505075454711914
swapped,8,32,0.06516597419977188
swapped,8,33,0.5176103711128235
swapped,8,34,1.0201644897460938
swapped,8,35,0.44872963428497314
swapped,8,36,0.07209403812885284
swapped,8,37,0.30758947134017944
swapped,8,38,1.1309454441070557
swapped,8,39,1.3224952220916748
swapped,8,40,1.7823680639266968
swapped,8,41,1.6604105234146118
swapped,8,42,0.5823803544044495
swapped,8,43,0.11004555970430374
swapped,8,44,0.31522953510284424
swapped,8,45,0.6167286038398743
swapped,8,46,0.35870638489723206
swapped,8,47,0.44227415323257446
swapped,8,48,1.2479770183563232
swapped,8,49,0.8803365230560303
swapped,8,50,1.576863408088684
swapped,8,51,0.5778105854988098
swapped,8,52,1.160955548286438
swapped,8,53,0.6055880784988403
swapped,8,54,0.5147538781166077
swapped,8,55,1.3971433639526367
swapped,8,56,0.9203099012374878
swapped,8,57,0.5932116508483887
swapped,8,58,1.257986068725586
swapped,8,59,0.28301024436950684
swapped,8,60,0.6740312576293945
swapped,8,61,1.3850886821746826
swapped,8,62,0.13064947724342346
swapped,8,63,0.657289445400238
swapped,8,64,0.9604159593582153
swapped,8,65,0.7052896022796631
swapped,8,66,0.9530794024467468
swapped,8,67,1.2785933017730713
swapped,8,68,0.14875248074531555
swapped,8,69,0.6877945065498352
swapped,8,70,0.2599831521511078
swapped,8,71,2.2814090251922607
swapped,8,72,0.6863518953323364
swapped,8,73,1.0832918882369995
swapped,8,74,0.8873567581176758
swapped,8,75,1.16314697265625
swapped,8,76,0.5488981008529663
swapped,8,77,0.19382604956626892
swapped,8,78,0.5832254886627197
swapped,8,79,0.7796988487243652
swapped,8,80,0.2704426050186157
swapped,8,81,0.2809595465660095
swapped,8,82,0.4444977045059204
swapped,8,83,0.3069007396697998
swapped,8,84,1.339977502822876
swapped,8,85,0.44231653213500977
swapped,8,86,0.3149530291557312
swapped,8,87,0.8637979030609131
swapped,8,88,0.912618100643158
swapped,8,89,0.3013644814491272
swapped,8,90,0.1677030324935913
swapped,8,91,0.723659873008728
swapped,8,92,0.13425040245056152
swapped,8,93,0.5831074714660645
swapped,8,94,0.09377692639827728
swapped,8,95,0.9161745309829712
swapped,8,96,0.31193310022354126
swapped,8,97,0.6849229335784912
swapped,8,98,0.5813961029052734
swapped,8,99,0.42504188418388367
swapped,8,100,0.7423267364501953
swapped,8,101,0.6785464286804199
swapped,8,102,0.5490879416465759
swapped,8,103,1.905408263206482
swapped,8,104,0.15912583470344543
swapped,8,105,0.4767366945743561
swapped,8,106,0.7701939940452576
swapped,8,107,0.18422743678092957
swapped,8,108,0.8323222398757935
swapped,8,109,1.1353366374969482
swapped,8,110,0.5220163464546204
swapped,8,111,0.5754895210266113
swapped,8,112,2.19880747795105
swapped,8,113,0.9466125965118408
swapped,8,114,0.6624031066894531
swapped,8,115,0.3415975570678711
swapped,8,116,1.0087000131607056
swapped,8,117,1.3048405647277832
swapped,8,118,0.370913565158844
swapped,8,119,1.0261127948760986
swapped,8,120,0.8873708248138428
swapped,8,121,0.6344424486160278
swapped,8,122,0.3908464312553406
swapped,8,123,0.46294140815734863
swapped,8,124,0.9641588926315308
swapped,8,125,0.7026089429855347
swapped,8,126,0.2885318398475647
swapped,8,127,0.3299964368343353
swapped,8,128,0.4602789282798767
swapped,8,129,0.48215964436531067
swapped,8,130,1.147334337234497
swapped,8,131,1.0500630140304565
swapped,8,132,0.8906617760658264
swapped,8,133,0.8606871366500854
swapped,8,134,0.05999999865889549
swapped,8,135,1.1355791091918945
swapped,8,136,0.5635422468185425
swapped,8,137,0.7804893851280212
swapped,8,138,1.4499670267105103
swapped,8,139,0.4026290774345398
swapped,8,140,0.36428117752075195
swapped,8,141,0.5831730365753174
swapped,8,142,1.2247281074523926
swapped,8,143,1.4019513130187988
swapped,8,144,0.2851557433605194
swapped,8,145,0.15271063148975372
swapped,8,146,0.3200867176055908
swapped,8,147,1.4074199199676514
swapped,8,148,0.05999999865889549
swapped,8,149,1.3204233646392822
swapped,8,150,0.8894622325897217
swapped,8,151,1.7425565719604492
swapped,8,152,0.08359912037849426
swapped,8,153,0.9431280493736267
swapped,8,154,0.2306295484304428
swapped,8,155,1.218129277229309
swapped,8,156,0.2626796364784241
swapped,8,157,0.4147898554801941
swapped,8,158,1.2771421670913696
swapped,8,159,0.16848579049110413
swapped,8,160,0.5490576028823853
swapped,8,161,0.3409311771392822
swapped,8,162,1.1734024286270142
swapped,8,163,1.5895626544952393
swapped,8,164,0.05999999865889549
swapped,8,165,1.3143032789230347
swapped,8,166,1.7324777841567993
swapped,8,167,0.949060320854187
swapped,8,168,0.28657716512680054
swapped,8,169,0.9546485543251038
swapped,8,170,0.2235165238380432
swapped,8,171,0.30240070819854736
swapped,8,172,0.749126672744751
swapped,8,173,1.3935863971710205
swapped,8,174,0.09310123324394226
swapped,8,175,0.2924266457557678
swapped,8,176,0.39757198095321655
swapped,8,177,0.5220417976379395
swapped,8,178,0.5884339809417725
swapped,8,179,0.6651512980461121
swapped,8,180,0.32216978073120117
swapped,8,181,1.2465084791183472
swapped,8,182,0.11723965406417847
swapped,8,183,0.2789384722709656
swapped,8,184,1.1816463470458984
swapped,8,185,0.9138991832733154
swapped,8,186,0.16129043698310852
swapped,8,187,0.7128945589065552
swapped,8,188,0.9118693470954895
swapped,8,189,1.2646502256393433
swapped,8,190,0.7476171255111694
swapped,8,191,0.7831801772117615
swapped,8,192,0.8666670322418213
swapped,8,193,0.1949220895767212
swapped,8,194,0.6981844305992126
swapped,8,195,0.2885509729385376
swapped,8,196,1.0751210451126099
swapped,8,197,1.792708396911621
swapped,8,198,0.3175305128097534
swapped,8,199,0.6061764359474182
swapped,8,200,0.1322612762451172
swapped,8,201,0.14246238768100739
swapped,8,202,0.13660089671611786
swapped,8,203,1.1578798294067383
swapped,8,204,1.0508955717086792
swapped,8,205,0.5232985615730286
swapped,8,206,0.5269364714622498
swapped,8,207,0.16852375864982605
swapped,8,208,0.20089125633239746
swapped,8,209,0.23355692625045776
swapped,8,210,0.4486941695213318
swapped,8,211,0.5976782441139221
swapped,8,212,2.083219051361084
swapped,8,213,2.130930185317993
swapped,8,214,0.6614785194396973
swapped,8,215,0.39406096935272217
swapped,8,216,2.251802921295166
swapped,8,217,0.7039790153503418
swapped,8,218,0.6398764848709106
swapped,8,219,0.80849289894104
swapped,8,220,0.8319057822227478
swapped,8,221,1.3438894748687744
swapped,8,222,0.8805856108665466
swapped,8,223,1.0175468921661377
swapped,8,224,0.4256076216697693
swapped,8,225,0.2224685102701187
swapped,8,226,0.6079100966453552
swapped,8,227,0.113959401845932
swapped,8,228,0.5942888855934143
swapped,8,229,0.6764141917228699
swapped,8,230,0.6357010006904602
swapped,8,231,0.2165878415107727
swapped,8,232,3.0677590370178223
swapped,8,233,0.7243047952651978
swapped,8,234,0.7134079337120056
swapped,8,235,0.5621359944343567
swapped,8,236,0.5214011669158936
swapped,8,237,0.05999999865889549
swapped,8,238,0.5451751947402954
swapped,8,239,0.4581717848777771
swapped,9,0,1.4823598861694336
swapped,9,1,0.9995744228363037
swapped,9,2,0.6147407293319702
swapped,9,3,0.334762841463089
swapped,9,4,1.1419777870178223
swapped,9,5,0.661412239074707
swapped,9,6,0.27554064989089966
swapped,9,7,1.1102981567382812
swapped,9,8,0.2863825857639313
swapped,9,9,0.9082248210906982
swapped,9,10,0.2925536036491394
swapped,9,11,0.4118855893611908
swapped,9,12,0.7274380922317505
swapped,9,13,0.7234254479408264
swapped,9,14,0.5834794044494629
swapped,9,15,1.3135658502578735
swapped,9,16,0.5596350431442261
swapped,9,17,0.08677396923303604
swapped,9,18,0.9318087100982666
swapped,9,19,0.4653558135032654
swapped,9,20,0.8932569026947021
swapped,9,21,0.9714288115501404
swapped,9,22,0.830137312412262
swapped,9,23,0.42903193831443787
swapped,9,24,0.40432727336883545
swapped,9,25,0.7684330344200134
swapped,9,26,0.8439049124717712
swapped,9,27,0.7012681365013123
swapped,9,28,0.25070714950561523
swapped,9,29,0.19182749092578888
swapped,9,30,1.147578477859497
swapped,9,31,0.6664963364601135
swapped,9,32,0.302472859621048
swapped,9,33,1.2776679992675781
swapped,9,34,0.47048550844192505
swapped,9,35,0.7769927978515625
swapped,9,36,0.5789154171943665
swapped,9,37,0.2452380657196045
swapped,9,38,0.4618493318557739
swapped,9,39,0.5009344220161438
swapped,9,40,0.9643673896789551
swapped,9,41,1.2499545812606812
swapped,9,42,0.6319389939308167
swapped,9,43,0.675341010093689
swapped,9,44,1.1329752206802368
swapped,9,45,1.5106546878814697
swapped,9,46,0.494183212518692
swapped,9,47,0.48979324102401733
swapped,9,48,1.1205040216445923
swapped,9,49,0.8171216249465942
swapped,9,50,2.25588321685791
swapped,9,51,0.9370138645172119
swapped,9,52,0.3963097929954529
swapped,9,53,0.31437188386917114
swapped,9,54,0.6155667901039124
swapped,9,55,0.3801424503326416
swapped,9,56,1.9684514999389648
swapped,9,57,2.049699068069458
swapped,9,58,0.29868483543395996
swapped,9,59,0.7237710952758789
swapped,9,60,0.2822801470756531
swapped,9,61,0.7916377782821655
swapped,9,62,1.1167237758636475
swapped,9,63,0.5926071405410767
swapped,9,64,0.7326337099075317
swapped,9,65,0.24223792552947998
swapped,9,66,0.9099704623222351
swapped,9,67,0.4777650833129883
swapped,9,68,0.39383572340011597
swapped,9,69,0.6056337952613831
swapped,9,70,0.8484607934951782
swapped,9,71,0.13956530392169952
swapped,9,72,0.3558632433414459
swapped,9,73,5.224815845489502
swapped,9,74,1.0396453142166138
swapped,9,75,0.7804508805274963
swapped,9,76,0.4475759267807007
swapped,9,77,0.908843457698822
swapped,9,78,0.6760037541389465
swapped,9,79,1.0398533344268799
swapped,9,80,0.2516787648200989
swapped,9,81,0.6999918222427368
swapped,9,82,0.6164553761482239
swapped,9,83,0.16267135739326477
swapped,9,84,2.4198379516601562
swapped,9,85,0.4248194694519043
swapped,9,86,0.4859080910682678
swapped,9,87,0.5413063168525696
swapped,9,88,0.5261752605438232
swapped,9,89,2.225010395050049
swapped,9,90,0.6923365592956543
swapped,9,91,1.9926130771636963
swapped,9,92,0.48920774459838867
swapped,9,93,0.9916397333145142
swapped,9,94,0.23497124016284943
swapped,9,95,0.6585172414779663
swapped,9,96,0.8261587619781494
swapped,9,97,0.5055522322654724
swapped,9,98,0.10937825590372086
swapped,9,99,0.187157541513443
swapped,9,100,0.14729253947734833
swapped,9,101,0.2227436602115631
swapped,9,102,7.804445266723633
swapped,9,103,0.4579707086086273
swapped,9,104,0.7670913934707642
swapped,9,105,0.18131877481937408
swapped,9,106,0.5918136239051819
swapped,9,107,0.12651820480823517
swapped,9,108,0.353681743144989
swapped,9,109,0.7398839592933655
swapped,9,110,0.39851486682891846
swapped,9,111,0.7074180841445923
swapped,9,112,0.6649041175842285
swapped,9,113,1.0632129907608032
swapped,9,114,0.5968682765960693
swapped,9,115,0.3239610493183136
swapped,9,116,0.7741016149520874
swapped,9,117,0.05999999865889549
swapped,9,118,0.05999999865889549
swapped,9,119,0.9884268045425415
swapped,9,120,1.2111308574676514
swapped,9,121,0.8519459962844849
swapped,9,122,1.5720579624176025
swapped,9,123,0.1854991465806961
swapped,9,124,0.6939131617546082
swapped,9,125,0.3297928273677826
swapped,9,126,1.339023470878601
swapped,9,127,0.6520611047744751
swapped,9,128,1.3380643129348755
swapped,9,129,0.10356709361076355
swapped,9,130,0.6710180044174194
swapped,9,131,0.7030121684074402
swapped,9,132,0.7172199487686157
swapped,9,133,0.9455936551094055
swapped,9,134,0.31161031126976013
swapped,9,135,0.8487889766693115
swapped,9,136,0.3387337923049927
swapped,9,137,0.05999999865889549
swapped,9,138,0.14172519743442535
swapped,9,139,0.7008426785469055
swapped,9,140,0.8805403709411621
swapped,9,141,0.5833063125610352
swapped,9,142,3.2390456199645996
swapped,9,143,0.07588553428649902
swapped,9,144,0.05999999865889549
swapped,9,145,0.8238104581832886
swapped,9,146,1.206795334815979
swapped,9,147,0.6506164073944092
swapped,9,148,0.882077693939209
swapped,9,149,3.1669421195983887
swapped,9,150,0.6554352641105652
swapped,9,151,0.14623698592185974
swapped,9,152,0.8790864944458008
swapped,9,153,0.6649169325828552
swapped,9,154,0.21387749910354614
swapped,9,155,1.3120566606521606
swapped,9,156,0.6530095934867859
swapped,9,157,0.7347761988639832
swapped,9,158,1.1757489442825317
swapped,9,159,0.44108518958091736
swapped,9,160,1.143234372138977
swapped,9,161,1.35456383228302
swapped,9,162,0.5609541535377502
swapped,9,163,1.0238676071166992
swapped,9,164,0.05999999865889549
swapped,9,165,0.8854546546936035
swapped,9,166,0.7373930811882019
swapped,9,167,1.2463784217834473
swapped,9,168,0.39393338561058044
swapped,9,169,0.8718343377113342
swapped,9,170,0.41118913888931274
swapped,9,171,1.2990518808364868
swapped,9,172,1.476391315460205
swapped,9,173,0.7378715872764587
swapped,9,174,0.08770338445901871
swapped,9,175,1.8411831855773926
swapped,9,176,0.4629265069961548
swapped,9,177,0.2065502107143402
swapped,9,178,0.46317851543426514
swapped,9,179,0.49462348222732544
swapped,9,180,0.4586949646472931
swapped,9,181,0.9152065515518188
swapped,9,182,0.6782705187797546
swapped,9,183,0.2722267806529999
swapped,9,184,0.6206318140029907
swapped,9,185,1.0844792127609253
swapped,9,186,1.3438646793365479
swapped,9,187,0.14302629232406616
swapped,9,188,0.2873806059360504
swapped,9,189,1.409285068511963
swapped,9,190,0.3279954195022583
swapped,9,191,0.5467813014984131
swapped,9,192,0.7058002948760986
swapped,9,193,0.9851291179656982
swapped,9,194,0.7049089074134827
swapped,9,195,0.9741050004959106
swapped,9,196,0.6449795961380005
swapped,9,197,0.822324812412262
swapped,9,198,0.9018455743789673
swapped,9,199,1.08847177028656
swapped,9,200,0.19151389598846436
swapped,9,201,0.41211098432540894
swapped,9,202,0.5625613331794739
swapped,9,203,1.815024733543396
swapped,9,204,0.5987042188644409
swapped,9,205,1.3459038734436035
swapped,9,206,0.3087513744831085
swapped,9,207,0.4231525957584381
swapped,9,208,0.8298186659812927
swapped,9,209,0.7338687181472778
swapped,9,210,0.8373492360115051
swapped,9,211,0.24611839652061462
swapped,9,212,0.05999999865889549
swapped,9,213,2.4393935203552246
swapped,9,214,1.7705495357513428
swapped,9,215,0.441489577293396
swapped,9,216,2.2986865043640137
swapped,9,217,0.5093216896057129
swapped,9,218,0.6262769103050232
swapped,9,219,0.9592913389205933
swapped,9,220,0.2199026197195053
swapped,9,221,0.4655754864215851
swapped,9,222,0.6566694378852844
swapped,9,223,0.42105773091316223
swapped,9,224,0.3760950565338135
swapped,9,225,0.4433106780052185
swapped,9,226,0.54278963804245
swapped,9,227,0.4972708523273468
swapped,9,228,0.8604919910430908
swapped,9,229,1.2000141143798828
swapped,9,230,0.7636790871620178
swapped,9,231,0.8651509284973145
swapped,9,232,0.29574719071388245
swapped,9,233,1.8091559410095215
swapped,9,234,0.5424776673316956
swapped,9,235,1.4884583950042725
swapped,9,236,0.48714280128479004
swapped,9,237,0.9922160506248474
swapped,9,238,0.5247042775154114
swapped,9,239,0.6401763558387756
swapped,10,0,0.5167264938354492
swapped,10,1,0.8337777853012085
swapped,10,2,0.6332134008407593
swapped,10,3,1.347923994064331
swapped,10,4,0.813879132270813
swapped,10,5,0.3374817371368408
swapped,10,6,0.717829167842865
swapped,10,7,1.0070985555648804
swapped,10,8,0.30286407470703125
swapped,10,9,1.709646224975586
swapped,10,10,0.5272156000137329
swapped,10,11,0.38997533917427063
swapped,10,12,0.659231424331665
swapped,10,13,0.05999999865889549
swapped,10,14,0.43260812759399414
swapped,10,15,0.06440030038356781
swapped,10,16,0.7726722955703735
swapped,10,17,0.6049897074699402
swapped,10,18,0.8775491714477539
swapped,10,19,0.621880054473877
swapped,10,20,4.374155521392822
swapped,10,21,1.1135845184326172
swapped,10,22,3.881147861480713
swapped,10,23,0.5692752003669739
swapped,10,24,0.6449812054634094
swapped,10,25,1.1529150009155273
swapped,10,26,0.5011042356491089
swapped,10,27,1.0796623229980469
swapped,10,28,1.327645182609558
swapped,10,29,0.5912598371505737
swapped,10,30,0.8449950814247131
swapped,10,31,0.5663129091262817
swapped,10,32,1.0926144123077393
swapped,10,33,0.6707257032394409
swapped,10,34,0.12606464326381683
swapped,10,35,0.6099706888198853
swapped,10,36,0.07656676322221756
swapped,10,37,0.969058632850647
swapped,10,38,0.6395984292030334
swapped,10,39,0.4965169429779053
swapped,10,40,0.5736864805221558
swapped,10,41,0.6019369959831238
swapped,10,42,0.31919825077056885
swapped,10,43,1.3978184461593628
swapped,10,44,0.22363683581352234
swapped,10,45,1.6014918088912964
swapped,10,46,0.05999999865889549
swapped,10,47,0.7050491571426392
swapped,10,48,0.7039751410484314
swapped,10,49,0.7300951480865479
swapped,10,50,2.1681671142578125
swapped,10,51,0.6909552216529846
swapped,10,52,0.6784838438034058
swapped,10,53,0.8220879435539246
swapped,10,54,1.4781943559646606
swapped,10,55,0.4278864562511444
swapped,10,56,0.8318959474563599
swapped,10,57,0.37410473823547363
swapped,10,58,0.9842547178268433
swapped,10,59,0.31633472442626953
swapped,10,60,0.74408358335495
swapped,10,61,0.36998406052589417
swapped,10,62,0.6388819217681885
swapped,10,63,1.019838809967041
swapped,10,64,1.2475310564041138
swapped,10,65,0.8774110078811646
swapped,10,66,0.4948476552963257
swapped,10,67,0.33646687865257263
swapped,10,68,0.05999999865889549
swapped,10,69,0.05999999865889549
swapped,10,70,1.685109257698059
swapped,10,71,0.7196308374404907
swapped,10,72,0.734810471534729
swapped,10,73,0.8287007808685303
swapped,10,74,1.2034927606582642
swapped,10,75,0.817483127117157
swapped,10,76,1.0558103322982788
swapped,10,77,0.7654109001159668
swapped,10,78,0.7505935430526733
swapped,10,79,0.45214980840682983
swapped,10,80,0.9207193851470947
swapped,10,81,0.11631400883197784
swapped,10,82,0.5145556330680847
swapped,10,83,0.5652207136154175
swapped,10,84,1.0302674770355225
swapped,10,85,1.2342875003814697
swapped,10,86,0.3766019344329834
swapped,10,87,0.14456966519355774
swapped,10,88,0.35537075996398926
swapped,10,89,0.4985152781009674
swapped,10,90,0.8115072846412659
swapped,10,91,1.1134113073349
swapped,10,92,0.2211991250514984
swapped,10,93,0.8420436978340149
swapped,10,94,1.062761664390564
swapped,10,95,0.3463817238807678
swapped,10,96,0.8442097306251526
swapped,10,97,0.6848825812339783
swapped,10,98,2.1566665172576904
swapped,10,99,0.9915999174118042
swapped,10,100,2.2005105018615723
swapped,10,101,0.7412793040275574
swapped,10,102,0.5768750905990601
swapped,10,103,0.05999999865889549
swapped,10,104,0.3792702555656433
swapped,10,105,0.6785072088241577
swapped,10,106,0.7649064660072327
swapped,10,107,1.2424604892730713
swapped,10,108,0.9823504090309143
swapped,10,109,0.7511346340179443
swapped,10,110,1.1691162586212158
swapped,10,111,0.672461748123169
swapped,10,112,1.1268751621246338
swapped,10,113,0.9715479016304016
swapped,10,114,0.3608265519142151
swapped,10,115,0.25213688611984253
swapped,10,116,0.09540057182312012
swapped,10,117,0.32633355259895325
swapped,10,118,0.7334400415420532
swapped,10,119,0.3773193359375
swapped,10,120,0.05999999865889549
swapped,10,121,0.5986514091491699
swapped,10,122,1.5014554262161255
swapped,10,123,0.3199087083339691
swapped,10,124,0.7237697243690491
swapped,10,125,2.6271140575408936
swapped,10,126,0.47772300243377686
swapped,10,127,0.2724464237689972
swapped,10,128,0.2852939963340759
swapped,10,129,0.6318415403366089
swapped,10,130,1.4786419868469238
swapped,10,131,0.42223554849624634
swapped,10,132,0.18351298570632935
swapped,10,133,0.05999999865889549
swapped,10,134,1.1442601680755615
swapped,10,135,0.30639347434043884
swapped,10,136,0.7405058741569519
swapped,10,137,0.9246989488601685
swapped,10,138,0.9684658050537109
swapped,10,139,1.3343766927719116
swapped,10,140,0.4591754674911499
swapped,10,141,0.06786184757947922
swapped,10,142,0.7164461612701416
swapped,10,143,0.587099552154541
swapped,10,144,0.5913777351379395
swapped,10,145,0.9174752235412598
swapped,10,146,0.24658149480819702
swapped,10,147,1.200308918952942
swapped,10,148,0.6505667567253113
swapped,10,149,1.3706414699554443
swapped,10,150,0.2630336582660675
swapped,10,151,0.5739343166351318
swapped,10,152,0.4846251904964447
swapped,10,153,1.0009262561798096
swapped,10,154,0.6249253749847412
swapped,10,155,1.0222667455673218
swapped,10,156,0.9271667003631592
swapped,10,157,0.2733044922351837
swapped,10,158,0.6377283930778503
swapped,10,159,0.184951052069664
swapped,10,160,0.12320316582918167
swapped,10,161,0.6223446130752563
swapped,10,162,0.9284237027168274
swapped,10,163,0.374728798866272
swapped,10,164,1.0384896993637085
swapped,10,165,1.442617654800415
swapped,10,166,0.5085386037826538
swapped,10,167,0.3239806890487671
swapped,10,168,0.5803033709526062
swapped,10,169,0.48037612438201904
swapped,10,170,0.15803620219230652
swapped,10,171,0.36577871441841125
swapped,10,172,0.710369348526001
swapped,10,173,0.5375691056251526
swapped,10,174,0.27428996562957764
swapped,10,175,0.4505390524864197
swapped,10,176,0.5724565386772156
swapped,10,177,0.5146855115890503
swapped,10,178,0.12236732244491577
swapped,10,179,1.2657017707824707
swapped,10,180,0.7450007796287537
swapped,10,181,0.41421687602996826
swapped,10,182,2.1068341732025146
swapped,10,183,1.1483664512634277
swapped,10,184,0.9098473787307739
swapped,10,185,1.4675571918487549
swapped,10,186,0.6243829131126404
swapped,10,187,1.4474267959594727
swapped,10,188,1.6193392276763916
swapped,10,189,0.05999999865889549
swapped,10,190,1.5110057592391968
swapped,10,191,2.071568250656128
swapped,10,192,0.5132371187210083
swapped,10,193,1.4274991750717163
swapped,10,194,1.4498448371887207
swapped,10,195,0.2934318780899048
swapped,10,196,0.05999999865889549
swapped,10,197,0.7569143176078796
swapped,10,198,0.7966784834861755
swapped,10,199,0.45138582587242126
swapped,10,200,1.091112494468689
swapped,10,201,0.7253473997116089
swapped,10,202,0.8084635734558105
swapped,10,203,0.70846027135849
swapped,10,204,0.23100636899471283
swapped,10,205,0.1733425408601761
swapped,10,206,0.5957650542259216
swapped,10,207,0.4016486704349518
swapped,10,208,0.05999999865889549
swapped,10,209,0.6881722807884216
swapped,10,210,0.256472647190094
swapped,10,211,1.2078919410705566
swapped,10,212,1.0446290969848633
swapped,10,213,1.0462387800216675
swapped,10,214,0.7901765704154968
swapped,10,215,1.5239012241363525
swapped,10,216,2.4455597400665283
swapped,10,217,0.9606944918632507
swapped,10,218,0.6884152293205261
swapped,10,219,1.2326483726501465
swapped,10,220,0.6381485462188721
swapped,10,221,0.23728342354297638
swapped,10,222,1.191349983215332
swapped,10,223,0.16855385899543762
swapped,10,224,0.679335355758667
swapped,10,225,0.11311274766921997
swapped,10,226,0.2760432958602905
swapped,10,227,0.21445424854755402
swapped,10,228,0.9475232362747192
swapped,10,229,0.3836226463317871
swapped,10,230,0.2386816442012787
swapped,10,231,0.22218091785907745
swapped,10,232,0.3306407928466797
swapped,10,233,0.16880230605602264
swapped,10,234,0.6652528643608093
swapped,10,235,0.7755030393600464
swapped,10,236,0.12665094435214996
swapped,10,237,0.636204183101654
swapped,10,238,0.4847705364227295
swapped,10,239,0.34872815012931824
swapped,11,0,0.2965180277824402
swapped,11,1,1.1093546152114868
swapped,11,2,2.416883945465088
swapped,11,3,1.4284627437591553
swapped,11,4,1.0842905044555664
swapped,11,5,0.6421303749084473
swapped,11,6,0.29571276903152466
swapped,11,7,1.3124289512634277
swapped,11,8,1.5226924419403076
swapped,11,9,0.4119965732097626
swapped,11,10,0.32776179909706116
swapped,11,11,0.3056553602218628
swapped,11,12,0.2509872317314148
swapped,11,13,0.5084764957427979
swapped,11,14,0.39006873965263367
swapped,11,15,0.5720195174217224
swapped,11,16,0.3471081554889679
swapped,11,17,0.35643163323402405
swapped,11,18,0.17536479234695435
swapped,11,19,0.3917589783668518
swapped,11,20,0.3286851644515991
swapped,11,21,0.05999999865889549
swapped,11,22,0.9294587969779968
swapped,11,23,0.4040546417236328
swapped,11,24,0.4916766285896301
swapped,11,25,1.0229954719543457
swapped,11,26,0.2353031486272812
swapped,11,27,0.8168107271194458
swapped,11,28,0.13647472858428955
swapped,11,29,0.5613797903060913
swapped,11,30,0.9703398942947388
swapped,11,31,0.877203643321991
swapped,11,32,0.23535367846488953
swapped,11,33,0.25579676032066345
swapped,11,34,0.47539129853248596
swapped,11,35,0.570957362651825
swapped,11,36,0.2475670576095581
swapped,11,37,1.1526494026184082
swapped,11,38,1.4326173067092896
swapped,11,39,1.0170676708221436
swapped,11,40,0.6876071095466614
swapped,11,41,1.0177621841430664
swapped,11,42,0.15375423431396484
swapped,11,43,0.05999999865889549
swapped,11,44,1.1659287214279175
swapped,11,45,0.4630657434463501
swapped,11,46,0.41255083680152893
swapped,11,47,0.593565046787262
swapped,11,48,0.6626248359680176
swapped,11,49,0.4745452105998993
swapped,11,50,0.1535341888666153
swapped,11,51,2.496297836303711
swapped,11,52,1.2458913326263428
swapped,11,53,0.1702549308538437
swapped,11,54,0.32227838039398193
swapped,11,55,1.0931698083877563
swapped,11,56,1.4060299396514893
swapped,11,57,1.3536674976348877
swapped,11,58,1.6003928184509277
swapped,11,59,2.4993510246276855
swapped,11,60,0.5865522623062134
swapped,11,61,0.33366698026657104
swapped,11,62,0.8125933408737183
swapped,11,63,0.15732908248901367
swapped,11,64,0.05999999865889549
swapped,11,65,0.5699086785316467
swapped,11,66,0.6913429498672485
swapped,11,67,0.8378943204879761
swapped,11,68,0.15359649062156677
swapped,11,69,0.7488866448402405
swapped,11,70,0.40220654010772705
swapped,11,71,0.6719650030136108
swapped,11,72,2.5415291786193848
swapped,11,73,0.200660839676857
swapped,11,74,0.7458804249763489
swapped,11,75,0.21515417098999023
swapped,11,76,0.4846930205821991
swapped,11,77,0.3351120054721832
swapped,11,78,0.6621861457824707
swapped,11,79,0.6254379749298096
swapped,11,80,18.95431900024414
swapped,11,81,0.37677067518234253
swapped,11,82,0.4484570622444153
swapped,11,83,0.303228497505188
swapped,11,84,0.943428635597229
swapped,11,85,0.4355825185775757
swapped,11,86,1.452955722808838
swapped,11,87,1.1931266784667969
swapped,11,88,0.34279316663742065
swapped,11,89,0.9094460606575012
swapped,11,90,0.42284655570983887
swapped,11,91,0.49968385696411133
swapped,11,92,1.4559803009033203
swapped,11,93,0.7604103684425354
swapped,11,94,0.689351499080658
swapped,11,95,0.07496269047260284
swapped,11,96,1.0271544456481934
swapped,11,97,0.4039611518383026
swapped,11,98,0.4539490044116974
swapped,11,99,0.0924256443977356
swapped,11,100,0.05999999865889549
swapped,11,101,0.25818341970443726
swapped,11,102,0.33886078000068665
swapped,11,103,0.2002141773700714
swapped,11,104,1.2874457836151123
swapped,11,105,0.43695417046546936
swapped,11,106,0.6992636322975159
swapped,11,107,0.3102857172489166
swapped,11,108,0.39521318674087524
swapped,11,109,0.5172512531280518
swapped,11,110,0.3609643578529358
swapped,11,111,0.23663891851902008
swapped,11,112,0.35978254675865173
swapped,11,113,0.14531190693378448
swapped,11,114,0.06979742646217346
swapped,11,115,0.5048313736915588
swapped,11,116,1.346787929534912
swapped,11,117,0.43728601932525635
swapped,11,118,0.5874283313751221
swapped,11,119,0.4181439280509949
swapped,11,120,1.2542320489883423
swapped,11,121,1.6532995700836182
swapped,11,122,1.1910207271575928
swapped,11,123,0.404495507478714
swapped,11,124,0.28552326560020447
swapped,11,125,0.5295752286911011
swapped,11,126,0.23950687050819397
swapped,11,127,0.20392856001853943
swapped,11,128,0.3842552900314331
swapped,11,129,0.4644203186035156
swapped,11,130,0.5395113229751587
swapped,11,131,0.31531184911727905
swapped,11,132,0.2995017170906067
swapped,11,133,1.6466952562332153
swapped,11,134,0.5592513680458069
swapped,11,135,1.8216673135757446
swapped,11,136,0.8879116773605347
swapped,11,137,0.14021000266075134
swapped,11,138,1.798368215560913
swapped,11,139,0.7792190313339233
swapped,11,140,0.16218441724777222
swapped,11,141,0.5104547142982483
swapped,11,142,0.32282260060310364
swapped,11,143,0.5612770318984985
swapped,11,144,0.614530622959137
swapped,11,145,0.579184889793396
swapped,11,146,1.0268664360046387
swapped,11,147,0.9802601337432861
swapped,11,148,0.59783935546875
swapped,11,149,1.1700024604797363
swapped,11,150,0.7660061120986938
swapped,11,151,0.14927548170089722
swapped,11,152,0.851321280002594
swapped,11,153,0.7125324010848999
swapped,11,154,0.46783363819122314
swapped,11,155,0.5260315537452698
swapped,11,156,0.22224269807338715
swapped,11,157,1.5965073108673096
swapped,11,158,0.6131805181503296
swapped,11,159,0.7034801244735718
swapped,11,160,0.36499208211898804
swapped,11,161,0.46789035201072693
swapped,11,162,0.39218220114707947
swapped,11,163,1.9996764659881592
swapped,11,164,0.8289371132850647
swapped,11,165,1.2531250715255737
swapped,11,166,0.5857003331184387
swapped,11,167,0.6209346652030945
swapped,11,168,1.1801519393920898
swapped,11,169,0.44517001509666443
swapped,11,170,0.36261847615242004
swapped,11,171,1.4005043506622314
swapped,11,172,0.44597694277763367
swapped,11,173,1.290860652923584
swapped,11,174,0.6641716361045837
swapped,11,175,0.493628591299057
swapped,11,176,0.6584686040878296
swapped,11,177,0.5554324388504028
swapped,11,178,0.06924830377101898
swapped,11,179,0.5919392108917236
swapped,11,180,1.220305323600769
swapped,11,181,0.9185616374015808
swapped,11,182,0.627387523651123
swapped,11,183,0.8210930824279785
swapped,11,184,0.45572876930236816
swapped,11,185,0.11535248905420303
swapped,11,186,0.6444636583328247
swapped,11,187,0.5386795997619629
swapped,11,188,0.4182749390602112
swapped,11,189,0.3588215112686157
swapped,11,190,0.9121888875961304
swapped,11,191,1.993149757385254
swapped,11,192,0.9367920756340027
swapped,11,193,0.7090075612068176
swapped,11,194,0.3669578731060028
swapped,11,195,1.3542346954345703
swapped,11,196,0.6397317051887512
swapped,11,197,0.510405957698822
swapped,11,198,0.5038326978683472
swapped,11,199,0.6593250632286072
swapped,11,200,0.5748403668403625
swapped,11,201,0.3698767423629761
swapped,11,202,0.6981039643287659
swapped,11,203,0.08732853084802628
swapped,11,204,0.5980954170227051
swapped,11,205,0.5361616015434265
swapped,11,206,0.08451849967241287
swapped,11,207,0.3600839376449585
swapped,11,208,2.0917909145355225
swapped,11,209,1.3395934104919434
swapped,11,210,1.3890634775161743
swapped,11,211,0.43599891662597656
swapped,11,212,1.298136830329895
swapped,11,213,0.3912239968776703
swapped,11,214,1.885895013809204
swapped,11,215,0.7786628603935242
swapped,11,216,0.28373074531555176
swapped,11,217,0.18031419813632965
swapped,11,218,1.332837700843811
swapped,11,219,0.9488659501075745
swapped,11,220,0.6369498372077942
swapped,11,221,0.6167967915534973
swapped,11,222,0.9535107016563416
swapped,11,223,0.4076421856880188
swapped,11,224,1.527815818786621
swapped,11,225,0.05999999865889549
swapped,11,226,1.0597158670425415
swapped,11,227,0.8485085964202881
swapped,11,228,0.6377748250961304
swapped,11,229,0.5956478714942932
swapped,11,230,1.1766602993011475
swapped,11,231,0.46872565150260925
swapped,11,232,0.07239089906215668
swapped,11,233,0.5548388361930847
swapped,11,234,0.8774144053459167
swapped,11,235,0.7611674666404724
swapped,11,236,1.2996275424957275
swapped,11,237,0.37118637561798096
swapped,11,238,0.6129801869392395
swapped,11,239,1.0160466432571411
neutral,0,0,0.6629433035850525
neutral,0,1,1.299031376838684
neutral,0,2,0.1553030014038086
neutral,0,3,0.22629733383655548
neutral,0,4,1.2901993989944458
neutral,0,5,0.3873470723628998
neutral,0,6,0.6432090997695923
neutral,0,7,0.4007614552974701
neutral,0,8,0.14808423817157745
neutral,0,9,0.6832180023193359
neutral,0,10,1.3362065553665161
neutral,0,11,0.7697204351425171
neutral,0,12,0.241489440202713
neutral,0,13,0.05999999865889549
neutral,0,14,0.8622589111328125
neutral,0,15,0.7464767098426819
neutral,0,16,0.5347017049789429
neutral,0,17,0.509300708770752
neutral,0,18,0.6656489968299866
neutral,0,19,0.1361943930387497
neutral,0,20,0.40907198190689087
neutral,0,21,0.6600295305252075
neutral,0,22,0.44121474027633667
neutral,0,23,0.951367974281311
neutral,0,24,0.36474543809890747
neutral,0,25,0.32837921380996704
neutral,0,26,0.2342458963394165
neutral,0,27,0.0600128211081028
neutral,0,28,0.331940621137619
neutral,0,29,0.40384840965270996
neutral,0,30,0.3377601206302643
neutral,0,31,0.666267454624176
neutral,0,32,0.44779524207115173
neutral,0,33,0.35413190722465515
neutral,0,34,0.3769744336605072
neutral,0,35,0.2844170331954956
neutral,0,36,0.09517636895179749
neutral,0,37,0.34327778220176697
neutral,0,38,0.289045125246048
neutral,0,39,0.9764007329940796
neutral,0,40,1.1636444330215454
neutral,0,41,0.05999999865889549
neutral,0,42,0.5001349449157715
neutral,0,43,1.454351544380188
neutral,0,44,0.887830913066864
neutral,0,45,0.6803348064422607
neutral,0,46,0.8117730617523193
neutral,0,47,0.10460876673460007
neutral,0,48,0.9028816819190979
neutral,0,49,1.2316607236862183
neutral,0,50,0.6418534517288208
neutral,0,51,0.9578289985656738
neutral,0,52,0.49535608291625977
neutral,0,53,0.45776838064193726
neutral,0,54,0.8338196277618408
neutral,0,55,0.3220684826374054
neutral,0,56,0.3386439085006714
neutral,0,57,0.7649774551391602
neutral,0,58,0.37010011076927185
neutral,0,59,1.596846342086792
neutral,0,60,0.7757320404052734
neutral,0,61,0.3046664893627167
neutral,0,62,0.39426279067993164
neutral,0,63,0.4499049782752991
neutral,0,64,1.0982234477996826
neutral,0,65,0.4671201705932617
neutral,0,66,2.1837527751922607
neutral,0,67,0.35916775465011597
neutral,0,68,0.6846148371696472
neutral,0,69,0.5144723653793335
neutral,0,70,0.4793606996536255
neutral,0,71,0.25301316380500793
neutral,0,72,0.268371045589447
neutral,0,73,0.2683565616607666
neutral,0,74,0.4043152332305908
neutral,0,75,0.48772555589675903
neutral,0,76,0.21800628304481506
neutral,0,77,1.0638415813446045
neutral,0,78,0.8374302387237549
neutral,0,79,0.3508477210998535
neutral,0,80,0.9094774723052979
neutral,0,81,0.523737907409668
neutral,0,82,0.24817682802677155
neutral,0,83,0.38545963168144226
neutral,0,84,0.5661516189575195
neutral,0,85,0.05999999865889549
neutral,0,86,0.10411515831947327
neutral,0,87,0.5440418124198914
neutral,0,88,1.0150635242462158
neutral,0,89,0.6595768928527832
neutral,0,90,1.0478589534759521
neutral,0,91,1.2951561212539673
neutral,0,92,0.9706655144691467
neutral,0,93,0.7082769870758057
neutral,0,94,0.16120673716068268
neutral,0,95,0.4615820050239563
neutral,0,96,1.1064914464950562
neutral,0,97,1.0565472841262817
neutral,0,98,1.1151506900787354
neutral,0,99,0.17188918590545654
neutral,0,100,0.20960143208503723
neutral,0,101,0.8400776982307434
neutral,0,102,0.08297725021839142
neutral,0,103,0.23584067821502686
neutral,0,104,3.5643649101257324
neutral,0,105,0.9936145544052124
neutral,0,106,0.5960342288017273
neutral,0,107,0.6518858671188354
neutral,0,108,0.19311611354351044
neutral,0,109,0.2157626897096634
neutral,0,110,1.6364343166351318
neutral,0,111,0.5262936949729919
neutral,0,112,0.5189208984375
neutral,0,113,0.4915359616279602
neutral,0,114,0.665845513343811
neutral,0,115,0.5145905017852783
neutral,0,116,0.2580944001674652
neutral,0,117,0.5969732403755188
neutral,0,118,0.09907592087984085
neutral,0,119,0.6538254022598267
neutral,0,120,0.23261885344982147
neutral,0,121,1.203032374382019
neutral,0,122,0.12985049188137054
neutral,0,123,0.06273068487644196
neutral,0,124,0.2859455943107605
neutral,0,125,0.49704301357269287
neutral,0,126,0.8429857492446899
neutral,0,127,0.06614139676094055
neutral,0,128,0.32111993432044983
neutral,0,129,1.3606077432632446
neutral,0,130,0.3308779001235962
neutral,0,131,0.6010152101516724
neutral,0,132,0.20425060391426086
neutral,0,133,0.5821971297264099
neutral,0,134,0.17896980047225952
neutral,0,135,0.3473668098449707
neutral,0,136,0.7349910736083984
neutral,0,137,0.2472964972257614
neutral,0,138,0.5439334511756897
neutral,0,139,1.2037334442138672
neutral,0,140,1.1320128440856934
neutral,0,141,0.17880859971046448
neutral,0,142,0.1884789764881134
neutral,0,143,0.34049245715141296
neutral,0,144,0.3681508004665375
neutral,0,145,0.86944979429245
neutral,0,146,0.15752378106117249
neutral,0,147,0.1892443746328354
neutral,0,148,0.8131992220878601
neutral,0,149,0.2730426788330078
neutral,0,150,0.9044063687324524
neutral,0,151,0.22956274449825287
neutral,0,152,0.5957452058792114
neutral,0,153,1.917315125465393
neutral,0,154,0.1599285900592804
neutral,0,155,0.05999999865889549
neutral,0,156,1.5018320083618164
neutral,0,157,0.22537462413311005
neutral,0,158,0.92299485206604
neutral,0,159,0.8720591068267822
neutral,0,160,1.9594752788543701
neutral,0,161,0.3130498230457306
neutral,0,162,0.5981346368789673
neutral,0,163,0.6524910926818848
neutral,0,164,0.5217962265014648
neutral,0,165,1.1381292343139648
neutral,0,166,0.6630376577377319
neutral,0,167,0.3184058964252472
neutral,0,168,0.9416881799697876
neutral,0,169,0.05999999865889549
neutral,0,170,0.4412848651409149
neutral,0,171,0.7199037671089172
neutral,0,172,0.6042048931121826
neutral,0,173,1.7724673748016357
neutral,0,174,2.0623819828033447
neutral,0,175,0.27735912799835205
neutral,0,176,0.18354687094688416
neutral,0,177,0.4113541841506958
neutral,0,178,0.7180415987968445
neutral,0,179,0.9887352585792542
neutral,0,180,0.1370508372783661
neutral,0,181,0.35826122760772705
neutral,0,182,0.422815203666687
neutral,0,183,0.2805713415145874
neutral,0,184,0.36148929595947266
neutral,0,185,0.8664199113845825
neutral,0,186,0.46190181374549866
neutral,0,187,0.6761908531188965
neutral,0,188,0.07180939614772797
neutral,0,189,0.31910836696624756
neutral,0,190,0.3829955458641052
neutral,0,191,0.742306113243103
neutral,0,192,0.4144996702671051
neutral,0,193,0.7424372434616089
neutral,0,194,0.15690863132476807
neutral,0,195,1.3412418365478516
neutral,0,196,0.46834796667099
neutral,0,197,1.1650282144546509
neutral,0,198,0.05999999865889549
neutral,0,199,0.7129148244857788
neutral,0,200,0.44849395751953125
neutral,0,201,0.7257993817329407
neutral,0,202,1.310835838317871
neutral,0,203,0.46753066778182983
neutral,0,204,1.559385061264038
neutral,0,205,0.1680561602115631
neutral,0,206,0.34821775555610657
neutral,0,207,0.7494939565658569
neutral,0,208,0.863845944404602
neutral,0,209,0.37806594371795654
neutral,0,210,0.05999999865889549
neutral,0,211,1.0255709886550903
neutral,0,212,0.4114386737346649
neutral,0,213,0.6850552558898926
neutral,0,214,1.4427616596221924
neutral,0,215,0.8340346813201904
neutral,0,216,0.05999999865889549
neutral,0,217,0.47216686606407166
neutral,0,218,0.337170273065567
neutral,0,219,0.3588474988937378
neutral,0,220,0.409200519323349
neutral,0,221,1.1406816244125366
neutral,0,222,0.40766558051109314
neutral,0,223,0.42185354232788086
neutral,0,224,0.18762537837028503
neutral,0,225,0.4397444427013397
neutral,0,226,0.6227322220802307
neutral,0,227,0.20464080572128296
neutral,0,228,0.896860659122467
neutral,0,229,1.0174610614776611
neutral,0,230,0.6597527265548706
neutral,0,231,0.36105018854141235
neutral,0,232,0.48734477162361145
neutral,0,233,0.5797829627990723
neutral,0,234,0.5515469312667847
neutral,0,235,0.4849277138710022
neutral,0,236,0.10074473917484283
neutral,0,237,0.34933680295944214
neutral,0,238,2.201186180114746
neutral,0,239,0.43820616602897644
neutral,1,0,0.7183894515037537
neutral,1,1,0.5146341919898987
neutral,1,2,0.9151154160499573
neutral,1,3,0.33804646134376526
neutral,1,4,0.6098204851150513
neutral,1,5,0.4345986545085907
neutral,1,6,0.5716663002967834
neutral,1,7,0.3273211121559143
neutral,1,8,0.9875399470329285
neutral,1,9,0.48899972438812256
neutral,1,10,0.4893818497657776
neutral,1,11,0.5633996725082397
neutral,1,12,0.22202327847480774
neutral,1,13,1.1312350034713745
neutral,1,14,0.3636230230331421
neutral,1,15,0.09526839852333069
neutral,1,16,0.5640884637832642
neutral,1,17,0.42528191208839417
neutral,1,18,0.14994686841964722
neutral,1,19,2.0349924564361572
neutral,1,20,0.7056570649147034
neutral,1,21,0.5785956978797913
neutral,1,22,1.032291293144226
neutral,1,23,0.3101215064525604
neutral,1,24,2.0148162841796875
neutral,1,25,0.831810712814331
neutral,1,26,0.4152797758579254
neutral,1,27,0.6958010196685791
neutral,1,28,0.19765786826610565
neutral,1,29,2.151963472366333
neutral,1,30,0.42534226179122925
neutral,1,31,0.4716690182685852
neutral,1,32,1.4031578302383423
neutral,1,33,0.4331020712852478
neutral,1,34,0.4470196068286896
neutral,1,35,0.6631859540939331
neutral,1,36,0.16394448280334473
neutral,1,37,1.0875035524368286
neutral,1,38,0.6611971855163574
neutral,1,39,0.6451568007469177
neutral,1,40,0.9714092016220093
neutral,1,41,0.5037028193473816
neutral,1,42,0.3491782248020172
neutral,1,43,0.5865674018859863
neutral,1,44,0.3080469071865082
neutral,1,45,0.3408129811286926
neutral,1,46,0.31895893812179565
neutral,1,47,0.7379391193389893
neutral,1,48,0.35736021399497986
neutral,1,49,0.6548635363578796
neutral,1,50,0.9308851957321167
neutral,1,51,0.5980991125106812
neutral,1,52,0.8410272598266602
neutral,1,53,0.8725457191467285
neutral,1,54,1.5777597427368164
neutral,1,55,0.5060949325561523
neutral,1,56,1.5989006757736206
neutral,1,57,0.7485973834991455
neutral,1,58,0.3697773516178131
neutral,1,59,0.07784690707921982
neutral,1,60,0.1743870973587036
neutral,1,61,0.4597184658050537
neutral,1,62,0.36006930470466614
neutral,1,63,0.18710044026374817
neutral,1,64,0.38282468914985657
neutral,1,65,0.1286403238773346
neutral,1,66,1.3935598134994507
neutral,1,67,0.4876788854598999
neutral,1,68,0.5650085806846619
neutral,1,69,1.2998440265655518
neutral,1,70,0.3650745153427124
neutral,1,71,0.2135390043258667
neutral,1,72,0.6034195423126221
neutral,1,73,0.5465625524520874
neutral,1,74,0.14998027682304382
neutral,1,75,0.05999999865889549
neutral,1,76,0.13478484749794006
neutral,1,77,0.6836758852005005
neutral,1,78,0.9819515943527222
neutral,1,79,0.143059641122818
neutral,1,80,0.594611406326294
neutral,1,81,2.1489415168762207
neutral,1,82,0.8122603297233582
neutral,1,83,0.3541865646839142
neutral,1,84,0.6232883930206299
neutral,1,85,0.6588404178619385
neutral,1,86,0.35045164823532104
neutral,1,87,0.5630576610565186
neutral,1,88,1.2602863311767578
neutral,1,89,0.5489268898963928
neutral,1,90,0.27859216928482056
neutral,1,91,0.275460422039032
neutral,1,92,0.893557071685791
neutral,1,93,0.13766270875930786
neutral,1,94,0.5607197284698486
neutral,1,95,0.21465271711349487
neutral,1,96,0.0669170618057251
neutral,1,97,0.7870497703552246
neutral,1,98,0.5899497866630554
neutral,1,99,0.6100832223892212
neutral,1,100,0.350492924451828
neutral,1,101,1.2015295028686523
neutral,1,102,0.5643793940544128
neutral,1,103,0.11054602265357971
neutral,1,104,1.2725098133087158
neutral,1,105,0.15797282755374908
neutral,1,106,1.5456063747406006
neutral,1,107,1.2529224157333374
neutral,1,108,0.5153209567070007
neutral,1,109,1.476297378540039
neutral,1,110,0.8271227478981018
neutral,1,111,0.5390003323554993
neutral,1,112,1.2290277481079102
neutral,1,113,0.6240584850311279
neutral,1,114,1.1375172138214111
neutral,1,115,0.3737037777900696
neutral,1,116,2.193260669708252
neutral,1,117,2.2357888221740723
neutral,1,118,0.12430150806903839
neutral,1,119,0.6220824718475342
neutral,1,120,0.22313827276229858
neutral,1,121,0.3953414857387543
neutral,1,122,0.27269190549850464
neutral,1,123,0.6220458745956421
neutral,1,124,1.1334986686706543
neutral,1,125,0.7111096382141113
neutral,1,126,0.35847389698028564
neutral,1,127,1.633971929550171
neutral,1,128,0.30552393198013306
neutral,1,129,0.42563316226005554
neutral,1,130,0.7186741232872009
neutral,1,131,1.421457290649414
neutral,1,132,0.5554209351539612
neutral,1,133,1.3678818941116333
neutral,1,134,0.11672398447990417
neutral,1,135,0.16925546526908875
neutral,1,136,1.1787354946136475
neutral,1,137,0.7381494045257568
neutral,1,138,0.3670373558998108
neutral,1,139,0.9456852674484253
neutral,1,140,1.5098942518234253
neutral,1,141,1.2006442546844482
neutral,1,142,0.35528093576431274
neutral,1,143,0.8069614171981812
neutral,1,144,0.8300962448120117
neutral,1,145,0.7976953983306885
neutral,1,146,1.270100712776184
neutral,1,147,0.34462079405784607
neutral,1,148,0.16146500408649445
neutral,1,149,0.21540090441703796
neutral,1,150,0.9771437644958496
neutral,1,151,0.2560793161392212
neutral,1,152,0.3835521638393402
neutral,1,153,0.20810100436210632
neutral,1,154,1.2832614183425903
neutral,1,155,0.47647494077682495
neutral,1,156,0.16144080460071564
neutral,1,157,0.28066563606262207
neutral,1,158,0.3331707715988159
neutral,1,159,0.6300075650215149
neutral,1,160,0.08454132825136185
neutral,1,161,0.5268073678016663
neutral,1,162,0.41186079382896423
neutral,1,163,2.02317214012146
neutral,1,164,0.3416535258293152
neutral,1,165,1.2842144966125488
neutral,1,166,0.05999999865889549
neutral,1,167,0.8986087441444397
neutral,1,168,1.006916880607605
neutral,1,169,0.4600589871406555
neutral,1,170,0.38225826621055603
neutral,1,171,0.2694864273071289
neutral,1,172,0.45866659283638
neutral,1,173,1.2925325632095337
neutral,1,174,0.9703130125999451
neutral,1,175,0.2898745536804199
neutral,1,176,0.8480157256126404
neutral,1,177,0.18541719019412994
neutral,1,178,0.9547744989395142
neutral,1,179,1.270601749420166
neutral,1,180,0.3465251922607422
neutral,1,181,0.561110258102417
neutral,1,182,1.0584375858306885
neutral,1,183,0.2215806543827057
neutral,1,184,0.34121042490005493
neutral,1,185,0.49988609552383423
neutral,1,186,0.05999999865889549
neutral,1,187,0.6552241444587708
neutral,1,188,0.49418944120407104
neutral,1,189,0.7026832103729248
neutral,1,190,0.16851601004600525
neutral,1,191,2.0014612674713135
neutral,1,192,0.5325877070426941
neutral,1,193,0.7308144569396973
neutral,1,194,0.4829249978065491
neutral,1,195,0.5095276832580566
neutral,1,196,0.420379638671875
neutral,1,197,0.9237729907035828
neutral,1,198,0.9933261275291443
neutral,1,199,0.47706761956214905
neutral,1,200,0.3461384177207947
neutral,1,201,0.4282248616218567
neutral,1,202,1.0489306449890137
neutral,1,203,0.5578321814537048
neutral,1,204,1.1206786632537842
neutral,1,205,0.18204180896282196
neutral,1,206,0.8026565313339233
neutral,1,207,0.4831774830818176
neutral,1,208,1.1310542821884155
neutral,1,209,0.05999999865889549
neutral,1,210,0.6431559920310974
neutral,1,211,0.29818347096443176
neutral,1,212,0.3067490756511688
neutral,1,213,0.643714427947998
neutral,1,214,0.2330138385295868
neutral,1,215,0.09544957429170609
neutral,1,216,0.45370328426361084
neutral,1,217,1.076436996459961
neutral,1,218,0.31087526679039
neutral,1,219,0.7935393452644348
neutral,1,220,0.7971729040145874
neutral,1,221,1.784909963607788
neutral,1,222,0.38911154866218567
neutral,1,223,0.21593275666236877
neutral,1,224,0.2625386416912079
neutral,1,225,0.6419559717178345
neutral,1,226,0.44591018557548523
neutral,1,227,0.15897265076637268
neutral,1,228,1.1081595420837402
neutral,1,229,0.4975796043872833
neutral,1,230,0.3066117763519287
neutral,1,231,1.0954771041870117
neutral,1,232,0.05999999865889549
neutral,1,233,0.08356280624866486
neutral,1,234,0.37899935245513916
neutral,1,235,0.6431759595870972
neutral,1,236,0.9312270283699036
neutral,1,237,0.4703841507434845
neutral,1,238,0.6039683818817139
neutral,1,239,0.8564738035202026
neutral,2,0,0.4030129909515381
neutral,2,1,0.5324856638908386
neutral,2,2,1.2681546211242676
neutral,2,3,0.39782142639160156
neutral,2,4,1.1766020059585571
neutral,2,5,0.7136885523796082
neutral,2,6,0.5692500472068787
neutral,2,7,0.22682896256446838
neutral,2,8,0.19645604491233826
neutral,2,9,0.26241636276245117
neutral,2,10,0.35256150364875793
neutral,2,11,0.6766157150268555
neutral,2,12,0.7876380085945129
neutral,2,13,0.21188797056674957
neutral,2,14,1.3510911464691162
neutral,2,15,0.21942022442817688
neutral,2,16,0.14601604640483856
neutral,2,17,0.9619239568710327
neutral,2,18,1.3032233715057373
neutral,2,19,0.23053842782974243
neutral,2,20,0.33554694056510925
neutral,2,21,0.12892696261405945
neutral,2,22,0.4570872187614441
neutral,2,23,0.5327056050300598
neutral,2,24,0.9108505249023438
neutral,2,25,0.5578780770301819
neutral,2,26,0.20756734907627106
neutral,2,27,0.5135552883148193
neutral,2,28,0.6620684266090393
neutral,2,29,0.5274974703788757
neutral,2,30,0.37733617424964905
neutral,2,31,0.5066811442375183
neutral,2,32,0.8640350103378296
neutral,2,33,0.2693161964416504
neutral,2,34,0.6623947620391846
neutral,2,35,0.9273333549499512
neutral,2,36,0.4488510489463806
neutral,2,37,0.3952503204345703
neutral,2,38,0.19388175010681152
neutral,2,39,0.25319427251815796
neutral,2,40,0.29864633083343506
neutral,2,41,0.18364518880844116
neutral,2,42,0.23701341450214386
neutral,2,43,0.39993029832839966
neutral,2,44,2.2311322689056396
neutral,2,45,0.8625024557113647
neutral,2,46,0.3546699285507202
neutral,2,47,1.3612726926803589
neutral,2,48,0.2383483350276947
neutral,2,49,0.2517779767513275
neutral,2,50,0.34981080889701843
neutral,2,51,0.08819490671157837
neutral,2,52,0.6144806146621704
neutral,2,53,1.0804862976074219
neutral,2,54,0.3261852562427521
neutral,2,55,0.1705687940120697
neutral,2,56,1.370993971824646
neutral,2,57,0.367668092250824
neutral,2,58,0.378555566072464
neutral,2,59,0.22030854225158691
neutral,2,60,0.169994056224823
neutral,2,61,0.13379450142383575
neutral,2,62,0.42241087555885315
neutral,2,63,0.9541163444519043
neutral,2,64,0.376207172870636
neutral,2,65,0.36880409717559814
neutral,2,66,0.3771670162677765
neutral,2,67,0.3029124140739441
neutral,2,68,0.6736330986022949
neutral,2,69,0.6387150287628174
neutral,2,70,0.5749435424804688
neutral,2,71,0.14115114510059357
neutral,2,72,0.20844322443008423
neutral,2,73,1.1592397689819336
neutral,2,74,0.3251414895057678
neutral,2,75,0.5031300783157349
neutral,2,76,0.36937135457992554
neutral,2,77,0.5397754907608032
neutral,2,78,0.31633323431015015
neutral,2,79,0.28616440296173096
neutral,2,80,0.6154004335403442
neutral,2,81,0.5671015977859497
neutral,2,82,0.6245652437210083
neutral,2,83,0.0764450654387474
neutral,2,84,1.2251558303833008
neutral,2,85,1.0276004076004028
neutral,2,86,0.19597095251083374
neutral,2,87,0.7542046308517456
neutral,2,88,0.789854884147644
neutral,2,89,0.10257476568222046
neutral,2,90,0.4942571818828583
neutral,2,91,0.3032226860523224
neutral,2,92,0.2523568868637085
neutral,2,93,0.8983942270278931
neutral,2,94,0.37724754214286804
neutral,2,95,0.6180422902107239
neutral,2,96,0.05999999865889549
neutral,2,97,0.8002194762229919
neutral,2,98,0.5911223888397217
neutral,2,99,1.066977620124817
neutral,2,100,0.20251436531543732
neutral,2,101,0.4211810231208801
neutral,2,102,1.0582211017608643
neutral,2,103,1.0526230335235596
neutral,2,104,0.9962537288665771
neutral,2,105,0.427053838968277
neutral,2,106,0.610650360584259
neutral,2,107,0.3133664131164551
neutral,2,108,0.48660096526145935
neutral,2,109,0.3889783024787903
neutral,2,110,0.17342537641525269
neutral,2,111,0.4023347496986389
neutral,2,112,0.2565334439277649
neutral,2,113,0.46441784501075745
neutral,2,114,0.5559475421905518
neutral,2,115,0.474884033203125
neutral,2,116,0.2508404850959778
neutral,2,117,0.3466538190841675
neutral,2,118,0.3672513961791992
neutral,2,119,0.17992624640464783
neutral,2,120,0.09695859253406525
neutral,2,121,0.7152119874954224
neutral,2,122,1.3590195178985596
neutral,2,123,1.1399667263031006
neutral,2,124,0.43227583169937134
neutral,2,125,0.8836113214492798
neutral,2,126,0.35707658529281616
neutral,2,127,0.6013591289520264
neutral,2,128,0.18302243947982788
neutral,2,129,0.47643592953681946
neutral,2,130,0.5807593464851379
neutral,2,131,0.2138681560754776
neutral,2,132,1.2696083784103394
neutral,2,133,0.4158869683742523
neutral,2,134,1.015407919883728
neutral,2,135,0.7544229626655579
neutral,2,136,0.5032428503036499
neutral,2,137,0.37654760479927063
neutral,2,138,1.0822066068649292
neutral,2,139,0.9168710112571716
neutral,2,140,0.6826112270355225
neutral,2,141,0.944474995136261
neutral,2,142,0.38331499695777893
neutral,2,143,0.42578110098838806
neutral,2,144,0.5870325565338135
neutral,2,145,0.48523378372192383
neutral,2,146,0.6502650380134583
neutral,2,147,1.0878885984420776
neutral,2,148,0.1041935384273529
neutral,2,149,0.38904163241386414
neutral,2,150,0.4698306918144226
neutral,2,151,0.6530420780181885
neutral,2,152,2.1326732635498047
neutral,2,153,1.0111013650894165
neutral,2,154,0.4410836100578308
neutral,2,155,0.4548659026622772
neutral,2,156,0.4462074935436249
neutral,2,157,0.2208801507949829
neutral,2,158,0.69522625207901
neutral,2,159,0.7683126926422119
neutral,2,160,0.15248019993305206
neutral,2,161,0.05999999865889549
neutral,2,162,0.3780894875526428
neutral,2,163,0.07264687120914459
neutral,2,164,0.05999999865889549
neutral,2,165,0.29382193088531494
neutral,2,166,0.373067170381546
neutral,2,167,0.5394126772880554
neutral,2,168,0.1308334469795227
neutral,2,169,0.6822365522384644
neutral,2,170,0.9067720174789429
neutral,2,171,0.42115166783332825
neutral,2,172,0.26818138360977173
neutral,2,173,1.6964325904846191
neutral,2,174,0.40158915519714355
neutral,2,175,0.08891458809375763
neutral,2,176,0.2683883309364319
neutral,2,177,0.7623787522315979
neutral,2,178,1.5060070753097534
neutral,2,179,0.08654578030109406
neutral,2,180,0.4059085547924042
neutral,2,181,0.17109054327011108
neutral,2,182,0.3900906443595886
neutral,2,183,0.2503094971179962
neutral,2,184,1.1116278171539307
neutral,2,185,0.20941480994224548
neutral,2,186,0.2055342197418213
neutral,2,187,0.09136485308408737
neutral,2,188,0.5280653834342957
neutral,2,189,0.6586058139801025
neutral,2,190,0.3057857155799866
neutral,2,191,0.3114933669567108
neutral,2,192,0.7552111148834229
neutral,2,193,0.10609698295593262
neutral,2,194,0.9097892045974731
neutral,2,195,0.722099781036377
neutral,2,196,1.0915565490722656
neutral,2,197,0.31244727969169617
neutral,2,198,0.05999999865889549
neutral,2,199,0.416551798582077
neutral,2,200,0.1260906308889389
neutral,2,201,0.7145501971244812
neutral,2,202,1.172333002090454
neutral,2,203,0.07828905433416367
neutral,2,204,0.3091658651828766
neutral,2,205,0.7701625823974609
neutral,2,206,0.5714007616043091
neutral,2,207,0.3030635118484497
neutral,2,208,0.8107499480247498
neutral,2,209,0.05999999865889549
neutral,2,210,0.09518179297447205
neutral,2,211,0.07972793281078339
neutral,2,212,1.0328823328018188
neutral,2,213,0.2565058469772339
neutral,2,214,0.6607397794723511
neutral,2,215,0.7857083082199097
neutral,2,216,0.19123528897762299
neutral,2,217,0.09112906455993652
neutral,2,218,0.3533596098423004
neutral,2,219,0.2390415072441101
neutral,2,220,0.6129040718078613
neutral,2,221,0.7197374105453491
neutral,2,222,0.5422682762145996
neutral,2,223,0.0796068087220192
neutral,2,224,0.8586114048957825
neutral,2,225,0.7972255349159241
neutral,2,226,0.0736764520406723
neutral,2,227,0.2989671528339386
neutral,2,228,0.3324372172355652
neutral,2,229,0.1981903612613678
neutral,2,230,0.43573474884033203
neutral,2,231,0.2623010277748108
neutral,2,232,0.5347329378128052
neutral,2,233,0.5528451204299927
neutral,2,234,0.4378979802131653
neutral,2,235,0.31342074275016785
neutral,2,236,0.3619494140148163
neutral,2,237,0.3314128518104553
neutral,2,238,0.7624828219413757
neutral,2,239,0.6045734882354736
neutral,3,0,0.7702590227127075
neutral,3,1,1.405829906463623
neutral,3,2,0.9395859837532043
neutral,3,3,0.4070630669593811
neutral,3,4,0.25663289427757263
neutral,3,5,0.4453662037849426
neutral,3,6,1.0857133865356445
neutral,3,7,0.6514285206794739
neutral,3,8,0.3171730935573578
neutral,3,9,1.616024374961853
neutral,3,10,0.8594836592674255
neutral,3,11,0.6826311945915222
neutral,3,12,0.5946048498153687
neutral,3,13,0.26777777075767517
neutral,3,14,0.7009921073913574
neutral,3,15,0.5277044177055359
neutral,3,16,0.2063635289669037
neutral,3,17,0.6558924913406372
neutral,3,18,0.2941302955150604
neutral,3,19,1.6304997205734253
neutral,3,20,0.4814497232437134
neutral,3,21,0.6407297849655151
neutral,3,22,0.2848623991012573
neutral,3,23,0.8321912288665771
neutral,3,24,0.414642870426178
neutral,3,25,0.5001111626625061
neutral,3,26,0.4337557256221771
neutral,3,27,0.3421754837036133
neutral,3,28,0.40636786818504333
neutral,3,29,1.1521834135055542
neutral,3,30,0.38692110776901245
neutral,3,31,0.5121410489082336
neutral,3,32,0.7716917991638184
neutral,3,33,0.13653282821178436
neutral,3,34,0.15760307013988495
neutral,3,35,0.631669819355011
neutral,3,36,0.3150113821029663
neutral,3,37,1.3906385898590088
neutral,3,38,1.0775400400161743
neutral,3,39,0.3550674319267273
neutral,3,40,1.1576274633407593
neutral,3,41,0.4010361433029175
neutral,3,42,1.3689284324645996
neutral,3,43,0.6643674373626709
neutral,3,44,0.6120704412460327
neutral,3,45,0.12784045934677124
neutral,3,46,0.382331520318985
neutral,3,47,0.3076554834842682
neutral,3,48,0.2647891938686371
neutral,3,49,0.05999999865889549
neutral,3,50,0.5514447689056396
neutral,3,51,0.20811894536018372
neutral,3,52,1.403555989265442
neutral,3,53,0.5194372534751892
neutral,3,54,0.3564576804637909
neutral,3,55,0.3577275276184082
neutral,3,56,0.11950358748435974
neutral,3,57,0.8262773752212524
neutral,3,58,0.9732437133789062
neutral,3,59,0.4926767945289612
neutral,3,60,0.8275454640388489
neutral,3,61,0.45797500014305115
neutral,3,62,1.1982687711715698
neutral,3,63,0.3025990128517151
neutral,3,64,0.6260768175125122
neutral,3,65,0.46705129742622375
neutral,3,66,0.7972940802574158
neutral,3,67,0.13391701877117157
neutral,3,68,0.5141527652740479
neutral,3,69,1.408840298652649
neutral,3,70,0.6236197352409363
neutral,3,71,0.8537954688072205
neutral,3,72,0.44496309757232666
neutral,3,73,0.21365848183631897
neutral,3,74,0.19521713256835938
neutral,3,75,0.18179044127464294
neutral,3,76,0.478027880191803
neutral,3,77,1.1894961595535278
neutral,3,78,0.5435263514518738
neutral,3,79,0.8163624405860901
neutral,3,80,0.5466490983963013
neutral,3,81,0.23316600918769836
neutral,3,82,0.07435247302055359
neutral,3,83,0.44131162762641907
neutral,3,84,0.11555540561676025
neutral,3,85,0.2515137493610382
neutral,3,86,0.34536319971084595
neutral,3,87,0.547182023525238
neutral,3,88,0.49186569452285767
neutral,3,89,0.2561754882335663
neutral,3,90,0.3393529951572418
neutral,3,91,1.0041937828063965
neutral,3,92,0.06342931091785431
neutral,3,93,1.2015269994735718
neutral,3,94,0.28427064418792725
neutral,3,95,0.41029033064842224
neutral,3,96,0.09086739271879196
neutral,3,97,0.2317521870136261
neutral,3,98,0.3463711738586426
neutral,3,99,0.9336807727813721
neutral,3,100,0.840721845626831
neutral,3,101,0.631957471370697
neutral,3,102,1.4417837858200073
neutral,3,103,0.18456828594207764
neutral,3,104,0.24864232540130615
neutral,3,105,0.2750687897205353
neutral,3,106,1.1704641580581665
neutral,3,107,1.0958918333053589
neutral,3,108,0.4112825393676758
neutral,3,109,0.2117793709039688
neutral,3,110,0.38834047317504883
neutral,3,111,0.28441739082336426
neutral,3,112,0.7383008003234863
neutral,3,113,1.4996287822723389
neutral,3,114,1.2001049518585205
neutral,3,115,0.5110145211219788
neutral,3,116,1.0095492601394653
neutral,3,117,1.414278268814087
neutral,3,118,0.40682584047317505
neutral,3,119,0.4770749509334564
neutral,3,120,0.22299276292324066
neutral,3,121,0.6611067056655884
neutral,3,122,0.6404266357421875
neutral,3,123,0.33938631415367126
neutral,3,124,0.1145307719707489
neutral,3,125,0.2750599980354309
neutral,3,126,0.09667206555604935
neutral,3,127,0.14935392141342163
neutral,3,128,0.4153652787208557
neutral,3,129,0.9748992919921875
neutral,3,130,0.22576522827148438
neutral,3,131,0.276560515165329
neutral,3,132,0.5881994366645813
neutral,3,133,0.09585461765527725
neutral,3,134,1.1478315591812134
neutral,3,135,0.46578359603881836
neutral,3,136,0.05999999865889549
neutral,3,137,0.628730297088623
neutral,3,138,0.9176756739616394
neutral,3,139,2.375462532043457
neutral,3,140,1.0245857238769531
neutral,3,141,0.817275881767273
neutral,3,142,0.7917438745498657
neutral,3,143,0.5799951553344727
neutral,3,144,0.05999999865889549
neutral,3,145,0.5356863141059875
neutral,3,146,0.37264353036880493
neutral,3,147,0.1083856076002121
neutral,3,148,0.6735245585441589
neutral,3,149,0.5589838624000549
neutral,3,150,1.462669849395752
neutral,3,151,0.750829815864563
neutral,3,152,0.6850191354751587
neutral,3,153,0.05999999865889549
neutral,3,154,1.2204790115356445
neutral,3,155,1.1095218658447266
neutral,3,156,0.3119004964828491
neutral,3,157,0.4572484493255615
neutral,3,158,1.5140091180801392
neutral,3,159,1.0141702890396118
neutral,3,160,0.5846842527389526
neutral,3,161,0.22170403599739075
neutral,3,162,0.19545039534568787
neutral,3,163,0.2812505066394806
neutral,3,164,0.5827479362487793
neutral,3,165,0.2729722559452057
neutral,3,166,0.3414876461029053
neutral,3,167,0.10930328071117401
neutral,3,168,0.4451248049736023
neutral,3,169,0.4686965346336365
neutral,3,170,0.823124885559082
neutral,3,171,0.07967966794967651
neutral,3,172,0.23269161581993103
neutral,3,173,0.8054438829421997
neutral,3,174,0.124339759349823
neutral,3,175,0.15272367000579834
neutral,3,176,0.4906308352947235
neutral,3,177,0.05999999865889549
neutral,3,178,0.3055196702480316
neutral,3,179,0.4236597716808319
neutral,3,180,1.753669261932373
neutral,3,181,0.36177101731300354
neutral,3,182,0.2334064543247223
neutral,3,183,0.4196021854877472
neutral,3,184,0.05999999865889549
neutral,3,185,0.7408691644668579
neutral,3,186,1.2977609634399414
neutral,3,187,0.5362263321876526
neutral,3,188,0.3939216732978821
neutral,3,189,0.24681492149829865
neutral,3,190,0.8599432110786438
neutral,3,191,0.30742397904396057
neutral,3,192,1.348776936531067
neutral,3,193,0.6204156875610352
neutral,3,194,0.12037108838558197
neutral,3,195,1.4490855932235718
neutral,3,196,0.16429811716079712
neutral,3,197,0.7443211674690247
neutral,3,198,1.4366971254348755
neutral,3,199,0.0636383518576622
neutral,3,200,0.7377565503120422
neutral,3,201,1.5156726837158203
neutral,3,202,0.9219053983688354
neutral,3,203,0.8639665246009827
neutral,3,204,0.4050334692001343
neutral,3,205,0.11517951637506485
neutral,3,206,0.8156338930130005
neutral,3,207,0.37057194113731384
neutral,3,208,1.0682063102722168
neutral,3,209,0.1810266375541687
neutral,3,210,0.5291959047317505
neutral,3,211,0.2771984934806824
neutral,3,212,0.371939092874527
neutral,3,213,0.2973943054676056
neutral,3,214,0.0833616629242897
neutral,3,215,0.20808053016662598
neutral,3,216,0.7656822204589844
neutral,3,217,0.22318899631500244
neutral,3,218,1.1595152616500854
neutral,3,219,1.0333878993988037
neutral,3,220,0.8506208062171936
neutral,3,221,0.10003750026226044
neutral,3,222,0.7063710689544678
neutral,3,223,1.9036674499511719
neutral,3,224,0.619638979434967
neutral,3,225,0.45702287554740906
neutral,3,226,0.578728437423706
neutral,3,227,1.2381219863891602
neutral,3,228,0.5224143266677856
neutral,3,229,0.42471829056739807
neutral,3,230,0.29527461528778076
neutral,3,231,0.18989874422550201
neutral,3,232,0.2741187512874603
neutral,3,233,0.7248427867889404
neutral,3,234,0.3600477874279022
neutral,3,235,0.11766298860311508
neutral,3,236,0.15789034962654114
neutral,3,237,0.3555474877357483
neutral,3,238,1.3078112602233887
neutral,3,239,0.2934337258338928
neutral,4,0,0.6203476786613464
neutral,4,1,0.8426282405853271
neutral,4,2,0.6676041483879089
neutral,4,3,0.34375256299972534
neutral,4,4,0.7250024676322937
neutral,4,5,0.07519696652889252
neutral,4,6,0.6877241730690002
neutral,4,7,1.7363805770874023
neutral,4,8,1.5472017526626587
neutral,4,9,0.22766773402690887
neutral,4,10,2.586121082305908
neutral,4,11,0.6520353555679321
neutral,4,12,0.14516419172286987
neutral,4,13,0.27041223645210266
neutral,4,14,0.20913246273994446
neutral,4,15,0.14629627764225006
neutral,4,16,0.10251997411251068
neutral,4,17,0.8481877446174622
neutral,4,18,0.4907420873641968
neutral,4,19,1.2906904220581055
neutral,4,20,0.176671102643013
neutral,4,21,0.15128138661384583
neutral,4,22,0.7769121527671814
neutral,4,23,0.554961085319519
neutral,4,24,0.2620582580566406
neutral,4,25,0.5255811810493469
neutral,4,26,0.5646630525588989
neutral,4,27,0.14600591361522675
neutral,4,28,0.18235266208648682
neutral,4,29,1.2843055725097656
neutral,4,30,0.14474116265773773
neutral,4,31,0.337092787027359
neutral,4,32,0.8277074694633484
neutral,4,33,0.10953541845083237
neutral,4,34,2.264808416366577
neutral,4,35,0.5494689345359802
neutral,4,36,0.5324790477752686
neutral,4,37,0.6485127210617065
neutral,4,38,0.6920652389526367
neutral,4,39,0.3431400656700134
neutral,4,40,1.0564031600952148
neutral,4,41,0.9700379371643066
neutral,4,42,0.705549955368042
neutral,4,43,1.1148146390914917
neutral,4,44,0.6119577884674072
neutral,4,45,0.8113222718238831
neutral,4,46,1.7415401935577393
neutral,4,47,3.712238311767578
neutral,4,48,0.1037195473909378
neutral,4,49,1.2228387594223022
neutral,4,50,0.9610432982444763
neutral,4,51,1.0154954195022583
neutral,4,52,0.2170126736164093
neutral,4,53,0.7410122156143188
neutral,4,54,0.5797163844108582
neutral,4,55,0.4824918508529663
neutral,4,56,0.9635916352272034
neutral,4,57,0.44271939992904663
neutral,4,58,0.0897587239742279
neutral,4,59,0.41795724630355835
neutral,4,60,0.8062781095504761
neutral,4,61,0.2723393440246582
neutral,4,62,1.2903372049331665
neutral,4,63,0.15355823934078217
neutral,4,64,0.6728948354721069
neutral,4,65,1.4575141668319702
neutral,4,66,1.9229964017868042
neutral,4,67,0.05999999865889549
neutral,4,68,0.8593081831932068
neutral,4,69,0.32497015595436096
neutral,4,70,0.21885992586612701
neutral,4,71,0.3503362536430359
neutral,4,72,0.9530905485153198
neutral,4,73,0.27895858883857727
neutral,4,74,0.47831177711486816
neutral,4,75,1.3741018772125244
neutral,4,76,0.1493833363056183
neutral,4,77,0.5352445840835571
neutral,4,78,0.1953085958957672
neutral,4,79,0.20821914076805115
neutral,4,80,0.9741325378417969
neutral,4,81,0.6281225681304932
neutral,4,82,0.9588623046875
neutral,4,83,0.5327547192573547
neutral,4,84,0.3333314061164856
neutral,4,85,0.3162344694137573
neutral,4,86,0.2643033564090729
neutral,4,87,0.5846792459487915
neutral,4,88,0.6800388097763062
neutral,4,89,0.6578541398048401
neutral,4,90,0.581275463104248
neutral,4,91,0.6191410422325134
neutral,4,92,1.577114462852478
neutral,4,93,0.7532757520675659
neutral,4,94,0.7914494872093201
neutral,4,95,0.10573318600654602
neutral,4,96,0.19932657480239868
neutral,4,97,0.07157935947179794
neutral,4,98,1.3578742742538452
neutral,4,99,1.0395532846450806
neutral,4,100,0.3760451674461365
neutral,4,101,1.040794014930725
neutral,4,102,0.2747066915035248
neutral,4,103,0.6113016605377197
neutral,4,104,1.7195543050765991
neutral,4,105,0.7656635046005249
neutral,4,106,0.8325888514518738
neutral,4,107,0.84650719165802
neutral,4,108,0.8187245726585388
neutral,4,109,1.046684980392456
neutral,4,110,0.8202509880065918
neutral,4,111,0.3469680845737457
neutral,4,112,0.16216027736663818
neutral,4,113,1.1229677200317383
neutral,4,114,0.5113211274147034
neutral,4,115,0.07334661483764648
neutral,4,116,0.4079262316226959
neutral,4,117,1.1202117204666138
neutral,4,118,0.4246429204940796
neutral,4,119,0.18294933438301086
neutral,4,120,0.7110479474067688
neutral,4,121,2.174297332763672
neutral,4,122,0.48725253343582153
neutral,4,123,0.5681647062301636
neutral,4,124,0.866837739944458
neutral,4,125,0.4835338294506073
neutral,4,126,1.0094259977340698
neutral,4,127,0.30693838000297546
neutral,4,128,0.7112548351287842
neutral,4,129,1.1135680675506592
neutral,4,130,0.41409531235694885
neutral,4,131,0.8793551921844482
neutral,4,132,0.9860376119613647
neutral,4,133,0.2413332611322403
neutral,4,134,0.31372877955436707
neutral,4,135,1.0298017263412476
neutral,4,136,0.8553329706192017
neutral,4,137,0.9828330874443054
neutral,4,138,0.3747774660587311
neutral,4,139,0.6194344758987427
neutral,4,140,0.3033584952354431
neutral,4,141,0.6898768544197083
neutral,4,142,0.41931241750717163
neutral,4,143,1.4015299081802368
neutral,4,144,16.45762062072754
neutral,4,145,0.22060613334178925
neutral,4,146,0.16568291187286377
neutral,4,147,0.22013379633426666
neutral,4,148,0.734015166759491
neutral,4,149,0.19038620591163635
neutral,4,150,0.30456605553627014
neutral,4,151,0.9221494197845459
neutral,4,152,1.1993563175201416
neutral,4,153,0.4417112469673157
neutral,4,154,0.459212064743042
neutral,4,155,1.2300090789794922
neutral,4,156,0.8807066082954407
neutral,4,157,0.842388927936554
neutral,4,158,0.688086211681366
neutral,4,159,0.39315107464790344
neutral,4,160,1.225038766860962
neutral,4,161,0.3081476092338562
neutral,4,162,0.26462289690971375
neutral,4,163,0.05999999865889549
neutral,4,164,1.0116548538208008
neutral,4,165,0.3936898708343506
neutral,4,166,0.704878568649292
neutral,4,167,0.5631024241447449
neutral,4,168,0.7563880085945129
neutral,4,169,0.2802981436252594
neutral,4,170,0.05999999865889549
neutral,4,171,0.05999999865889549
neutral,4,172,0.10486555099487305
neutral,4,173,1.265486478805542
neutral,4,174,0.6222966313362122
neutral,4,175,0.49254921078681946
neutral,4,176,0.1644640415906906
neutral,4,177,0.10934273898601532
neutral,4,178,0.6158949732780457
neutral,4,179,0.8460452556610107
neutral,4,180,0.19867193698883057
neutral,4,181,0.21493810415267944
neutral,4,182,0.9247176051139832
neutral,4,183,0.6473411917686462
neutral,4,184,1.2520360946655273
neutral,4,185,0.3675158619880676
neutral,4,186,0.22290679812431335
neutral,4,187,0.34764420986175537
neutral,4,188,0.27750569581985474
neutral,4,189,0.482333779335022
neutral,4,190,0.13981923460960388
neutral,4,191,0.11749933660030365
neutral,4,192,0.35932648181915283
neutral,4,193,0.7587411999702454
neutral,4,194,0.16156500577926636
neutral,4,195,0.20504450798034668
neutral,4,196,1.2239181995391846
neutral,4,197,0.2372940480709076
neutral,4,198,0.47148773074150085
neutral,4,199,0.49677735567092896
neutral,4,200,0.22236661612987518
neutral,4,201,1.184412956237793
neutral,4,202,0.5523201823234558
neutral,4,203,0.266650527715683
neutral,4,204,0.5775989294052124
neutral,4,205,0.43575501441955566
neutral,4,206,0.05999999865889549
neutral,4,207,0.05999999865889549
neutral,4,208,0.44744306802749634
neutral,4,209,0.27592602372169495
neutral,4,210,0.6678926944732666
neutral,4,211,0.3944414258003235
neutral,4,212,0.2949885129928589
neutral,4,213,1.0372450351715088
neutral,4,214,0.6670978665351868
neutral,4,215,0.40369561314582825
neutral,4,216,0.7184827327728271
neutral,4,217,0.24015378952026367
neutral,4,218,0.08054971694946289
neutral,4,219,0.05999999865889549
neutral,4,220,0.301090270280838
neutral,4,221,0.12106166034936905
neutral,4,222,0.32221776247024536
neutral,4,223,0.15964756906032562
neutral,4,224,0.6288485527038574
neutral,4,225,0.5392963290214539
neutral,4,226,0.4917348623275757
neutral,4,227,1.2742289304733276
neutral,4,228,1.1521952152252197
neutral,4,229,0.8042991161346436
neutral,4,230,0.9576101899147034
neutral,4,231,0.1117682158946991
neutral,4,232,0.38606148958206177
neutral,4,233,0.34683817625045776
neutral,4,234,0.37228506803512573
neutral,4,235,0.17729856073856354
neutral,4,236,0.27172982692718506
neutral,4,237,0.05999999865889549
neutral,4,238,0.651994526386261
neutral,4,239,0.26844796538352966
neutral,5,0,0.22357821464538574
neutral,5,1,0.7711895704269409
neutral,5,2,0.801418662071228
neutral,5,3,0.21914853155612946
neutral,5,4,0.07385233044624329
neutral,5,5,0.45091891288757324
neutral,5,6,0.14859288930892944
neutral,5,7,1.3202409744262695
neutral,5,8,0.23106426000595093
neutral,5,9,0.9994485974311829
neutral,5,10,0.7965128421783447
neutral,5,11,1.323487639427185
neutral,5,12,1.5588798522949219
neutral,5,13,0.9505423903465271
neutral,5,14,1.1444650888442993
neutral,5,15,0.5734391212463379
neutral,5,16,0.6173456907272339
neutral,5,17,0.26957130432128906
neutral,5,18,1.692009449005127
neutral,5,19,0.9411430358886719
neutral,5,20,1.2159345149993896
neutral,5,21,2.160451650619507
neutral,5,22,1.1706955432891846
neutral,5,23,0.3666425347328186
neutral,5,24,0.21200156211853027
neutral,5,25,0.13185976445674896
neutral,5,26,0.22542160749435425
neutral,5,27,0.9346386790275574
neutral,5,28,0.538715660572052
neutral,5,29,0.8560400009155273
neutral,5,30,0.05999999865889549
neutral,5,31,0.3324740529060364
neutral,5,32,0.4698415994644165
neutral,5,33,0.6038432121276855
neutral,5,34,0.9812897443771362
neutral,5,35,0.6560137271881104
neutral,5,36,0.36828893423080444
neutral,5,37,0.08290962129831314
neutral,5,38,1.0733890533447266
neutral,5,39,0.7388372421264648
neutral,5,40,0.8219181299209595
neutral,5,41,0.4325158894062042
neutral,5,42,0.25924134254455566
neutral,5,43,0.5868567824363708
neutral,5,44,0.767481803894043
neutral,5,45,1.4020906686782837
neutral,5,46,1.7697250843048096
neutral,5,47,0.934006929397583
neutral,5,48,0.5972092151641846
neutral,5,49,0.16926127672195435
neutral,5,50,0.5179304480552673
neutral,5,51,0.7677959203720093
neutral,5,52,0.6005082130432129
neutral,5,53,0.5432971119880676
neutral,5,54,0.20457443594932556
neutral,5,55,1.6312779188156128
neutral,5,56,0.6966508030891418
neutral,5,57,2.110471725463867
neutral,5,58,0.7176207304000854
neutral,5,59,0.44324880838394165
neutral,5,60,0.11391596496105194
neutral,5,61,0.9453591108322144
neutral,5,62,1.9662373065948486
neutral,5,63,0.9193822145462036
neutral,5,64,0.14016351103782654
neutral,5,65,0.7403091192245483
neutral,5,66,0.2559710144996643
neutral,5,67,0.43274757266044617
neutral,5,68,0.4667510390281677
neutral,5,69,0.8257745504379272
neutral,5,70,0.5509951114654541
neutral,5,71,0.17989256978034973
neutral,5,72,0.8497903943061829
neutral,5,73,0.05999999865889549
neutral,5,74,0.7048732042312622
neutral,5,75,0.28370290994644165
neutral,5,76,0.790799081325531
neutral,5,77,0.2761215269565582
neutral,5,78,0.6635358333587646
neutral,5,79,0.14093846082687378
neutral,5,80,0.05999999865889549
neutral,5,81,0.05999999865889549
neutral,5,82,0.5369480848312378
neutral,5,83,0.17296451330184937
neutral,5,84,0.7838975191116333
neutral,5,85,1.4321434497833252
neutral,5,86,1.4553972482681274
neutral,5,87,0.08463205397129059
neutral,5,88,0.6797900199890137
neutral,5,89,0.2533162534236908
neutral,5,90,0.16274425387382507
neutral,5,91,0.5949435830116272
neutral,5,92,0.45731210708618164
neutral,5,93,0.06826519966125488
neutral,5,94,0.3157285153865814
neutral,5,95,0.2114918828010559
neutral,5,96,0.5313854217529297
neutral,5,97,0.05999999865889549
neutral,5,98,0.2270241230726242
neutral,5,99,0.8495817184448242
neutral,5,100,1.0181628465652466
neutral,5,101,0.6683404445648193
neutral,5,102,0.5395551919937134
neutral,5,103,1.158104658126831
neutral,5,104,0.8127207159996033
neutral,5,105,0.26871052384376526
neutral,5,106,0.7905284762382507
neutral,5,107,0.8911116123199463
neutral,5,108,0.5032956004142761
neutral,5,109,0.46420156955718994
neutral,5,110,1.2719335556030273
neutral,5,111,0.24593161046504974
neutral,5,112,0.05999999865889549
neutral,5,113,0.8738673329353333
neutral,5,114,0.4866923987865448
neutral,5,115,1.3759897947311401
neutral,5,116,1.124834656715393
neutral,5,117,0.1447630673646927
neutral,5,118,0.13420379161834717
neutral,5,119,0.8842846155166626
neutral,5,120,1.1230312585830688
neutral,5,121,0.06995806097984314
neutral,5,122,0.5236749053001404
neutral,5,123,0.7724102735519409
neutral,5,124,0.11855018138885498
neutral,5,125,0.15432608127593994
neutral,5,126,0.6866185069084167
neutral,5,127,0.4578865170478821
neutral,5,128,1.1055995225906372
neutral,5,129,0.19781696796417236
neutral,5,130,0.829241931438446
neutral,5,131,0.495494544506073
neutral,5,132,1.8138771057128906
neutral,5,133,0.6100909113883972
neutral,5,134,0.3228457570075989
neutral,5,135,0.5205777287483215
neutral,5,136,0.383772611618042
neutral,5,137,0.48787152767181396
neutral,5,138,0.16466489434242249
neutral,5,139,0.9532094597816467
neutral,5,140,0.1838058978319168
neutral,5,141,0.5039360523223877
neutral,5,142,0.4394313097000122
neutral,5,143,0.5697103142738342
neutral,5,144,0.11813771724700928
neutral,5,145,0.07523652911186218
neutral,5,146,1.28505539894104
neutral,5,147,0.8928909301757812
neutral,5,148,0.3641311228275299
neutral,5,149,0.23863749206066132
neutral,5,150,0.6084170937538147
neutral,5,151,0.7039443850517273
neutral,5,152,0.05999999865889549
neutral,5,153,1.2397677898406982
neutral,5,154,1.1548715829849243
neutral,5,155,0.11104448139667511
neutral,5,156,0.6873798966407776
neutral,5,157,0.8304687142372131
neutral,5,158,0.33014926314353943
neutral,5,159,0.7953232526779175
neutral,5,160,1.02678382396698
neutral,5,161,0.06750286370515823
neutral,5,162,1.786423683166504
neutral,5,163,1.3087519407272339
neutral,5,164,0.45312777161598206
neutral,5,165,0.29981550574302673
neutral,5,166,0.5438516736030579
neutral,5,167,0.05999999865889549
neutral,5,168,1.2285172939300537
neutral,5,169,0.28699517250061035
neutral,5,170,1.2174233198165894
neutral,5,171,0.32119089365005493
neutral,5,172,0.21276094019412994
neutral,5,173,1.4852755069732666
neutral,5,174,1.0994319915771484
neutral,5,175,0.5484052300453186
neutral,5,176,0.9616015553474426
neutral,5,177,0.21084818243980408
neutral,5,178,0.4206835925579071
neutral,5,179,1.1914395093917847
neutral,5,180,0.0701737031340599
neutral,5,181,0.6102569103240967
neutral,5,182,0.4580765664577484
neutral,5,183,0.4808456301689148
neutral,5,184,1.2012568712234497
neutral,5,185,1.1659085750579834
neutral,5,186,0.8094668984413147
neutral,5,187,0.19359949231147766
neutral,5,188,0.24712300300598145
neutral,5,189,0.08554750680923462
neutral,5,190,1.4257574081420898
neutral,5,191,0.3326208293437958
neutral,5,192,0.9180728793144226
neutral,5,193,0.10733047127723694
neutral,5,194,0.8737975358963013
neutral,5,195,0.09372241795063019
neutral,5,196,1.1030148267745972
neutral,5,197,2.2161669731140137
neutral,5,198,0.7977786660194397
neutral,5,199,1.4631876945495605
neutral,5,200,0.37468141317367554
neutral,5,201,0.9677318334579468
neutral,5,202,0.25419268012046814
neutral,5,203,0.7108782529830933
neutral,5,204,0.23173537850379944
neutral,5,205,0.08240757137537003
neutral,5,206,1.0574114322662354
neutral,5,207,0.43461912870407104
neutral,5,208,1.631103515625
neutral,5,209,0.2974676787853241
neutral,5,210,0.4206114113330841
neutral,5,211,0.05999999865889549
neutral,5,212,0.6245563626289368
neutral,5,213,0.5108088850975037
neutral,5,214,0.6714372038841248
neutral,5,215,0.2556486427783966
neutral,5,216,0.3584674596786499
neutral,5,217,1.4882138967514038
neutral,5,218,0.33183225989341736
neutral,5,219,0.2377215027809143
neutral,5,220,0.22532828152179718
neutral,5,221,0.7193654775619507
neutral,5,222,1.520500659942627
neutral,5,223,0.44869524240493774
neutral,5,224,0.7923128008842468
neutral,5,225,0.4055696427822113
neutral,5,226,1.0426561832427979
neutral,5,227,0.7688413858413696
neutral,5,228,0.6034154295921326
neutral,5,229,0.2502072751522064
neutral,5,230,3.0222842693328857
neutral,5,231,1.3478584289550781
neutral,5,232,0.8081709146499634
neutral,5,233,0.830040454864502
neutral,5,234,1.4543242454528809
neutral,5,235,0.37192830443382263
neutral,5,236,2.107248306274414
neutral,5,237,0.1106397956609726
neutral,5,238,0.9866986870765686
neutral,5,239,1.3451869487762451
neutral,6,0,0.5645064115524292
neutral,6,1,0.8397536277770996
neutral,6,2,0.3633098602294922
neutral,6,3,0.6607252955436707
neutral,6,4,1.3541642427444458
neutral,6,5,1.4374115467071533
neutral,6,6,0.1482946276664734
neutral,6,7,1.4033554792404175
neutral,6,8,0.8832040429115295
neutral,6,9,0.2621787190437317
neutral,6,10,0.37771838903427124
neutral,6,11,0.6899105906486511
neutral,6,12,0.8729510307312012
neutral,6,13,0.1615631878376007
neutral,6,14,0.3091087341308594
neutral,6,15,0.16612063348293304
neutral,6,16,0.8861015439033508
neutral,6,17,0.1510709971189499
neutral,6,18,0.484661728143692
neutral,6,19,0.41715165972709656
neutral,6,20,0.7571332454681396
neutral,6,21,0.2036539912223816
neutral,6,22,0.27740877866744995
neutral,6,23,0.7815566062927246
neutral,6,24,0.4855116009712219
neutral,6,25,1.1655874252319336
neutral,6,26,1.3240770101547241
neutral,6,27,0.2684621214866638
neutral,6,28,0.4768659472465515
neutral,6,29,0.9949966669082642
neutral,6,30,2.3077006340026855
neutral,6,31,1.2921650409698486
neutral,6,32,1.22877037525177
neutral,6,33,2.5197622776031494
neutral,6,34,0.6309179663658142
neutral,6,35,0.5175417065620422
neutral,6,36,0.9363573789596558
neutral,6,37,0.37279823422431946
neutral,6,38,0.16575317084789276
neutral,6,39,0.14036878943443298
neutral,6,40,0.39351630210876465
neutral,6,41,0.4393012523651123
neutral,6,42,0.2894059717655182
neutral,6,43,0.7365069389343262
neutral,6,44,1.2110908031463623
neutral,6,45,0.2051333487033844
neutral,6,46,0.3947948217391968
neutral,6,47,0.24633386731147766
neutral,6,48,0.9874706864356995
neutral,6,49,0.5187944173812866
neutral,6,50,0.46004217863082886
neutral,6,51,0.760190486907959
neutral,6,52,0.5070313215255737
neutral,6,53,1.9772975444793701
neutral,6,54,0.6145710945129395
neutral,6,55,1.3607542514801025
neutral,6,56,0.5913459062576294
neutral,6,57,0.43321144580841064
neutral,6,58,0.2676166892051697
neutral,6,59,0.6494297981262207
neutral,6,60,0.06172085553407669
neutral,6,61,0.3044999837875366
neutral,6,62,0.9126523733139038
neutral,6,63,0.8441500067710876
neutral,6,64,0.3870302736759186
neutral,6,65,1.6145193576812744
neutral,6,66,0.5654619336128235
neutral,6,67,0.2777068614959717
neutral,6,68,0.2895560562610626
neutral,6,69,0.15837690234184265
neutral,6,70,0.5964251160621643
neutral,6,71,0.13956479728221893
neutral,6,72,1.3713867664337158
neutral,6,73,0.8558045625686646
neutral,6,74,0.6059053540229797
neutral,6,75,0.5115638375282288
neutral,6,76,0.05999999865889549
neutral,6,77,0.7209325432777405
neutral,6,78,0.47170138359069824
neutral,6,79,0.5654627084732056
neutral,6,80,0.3422430753707886
neutral,6,81,1.0367374420166016
neutral,6,82,0.06717529892921448
neutral,6,83,0.4334661364555359
neutral,6,84,0.4937034845352173
neutral,6,85,2.482686996459961
neutral,6,86,0.4262138903141022
neutral,6,87,0.1831304430961609
neutral,6,88,0.0852794200181961
neutral,6,89,0.4460788071155548
neutral,6,90,1.8023967742919922
neutral,6,91,0.38787421584129333
neutral,6,92,0.16588881611824036
neutral,6,93,0.5894027352333069
neutral,6,94,1.3705602884292603
neutral,6,95,0.6670017838478088
neutral,6,96,0.5455161333084106
neutral,6,97,0.3885401487350464
neutral,6,98,0.2275252640247345
neutral,6,99,0.05999999865889549
neutral,6,100,0.3734998106956482
neutral,6,101,0.9203717708587646
neutral,6,102,0.6807580590248108
neutral,6,103,1.6486749649047852
neutral,6,104,0.19935749471187592
neutral,6,105,0.2538524270057678
neutral,6,106,0.9380557537078857
neutral,6,107,0.709327220916748
neutral,6,108,0.3318982720375061
neutral,6,109,0.3476334810256958
neutral,6,110,0.2689186632633209
neutral,6,111,0.35888946056365967
neutral,6,112,0.2074388563632965
neutral,6,113,0.19828397035598755
neutral,6,114,0.35409310460090637
neutral,6,115,0.4123547375202179
neutral,6,116,1.1959091424942017
neutral,6,117,0.7533941268920898
neutral,6,118,0.8189955949783325
neutral,6,119,0.7886096239089966
neutral,6,120,0.3533087968826294
neutral,6,121,0.4738360047340393
neutral,6,122,0.5511451363563538
neutral,6,123,0.2326022982597351
neutral,6,124,0.5935173630714417
neutral,6,125,0.34098020195961
neutral,6,126,0.2837980091571808
neutral,6,127,0.508827269077301
neutral,6,128,1.0397906303405762
neutral,6,129,0.9433218240737915
neutral,6,130,0.5485925078392029
neutral,6,131,0.46301692724227905
neutral,6,132,0.3828788101673126
neutral,6,133,7.237373352050781
neutral,6,134,1.981421709060669
neutral,6,135,0.6244483590126038
neutral,6,136,1.100853443145752
neutral,6,137,0.3731756806373596
neutral,6,138,0.11042486876249313
neutral,6,139,0.7029293179512024
neutral,6,140,0.1492978036403656
neutral,6,141,0.34881705045700073
neutral,6,142,0.07817728817462921
neutral,6,143,1.5658129453659058
neutral,6,144,0.3590569496154785
neutral,6,145,1.4522806406021118
neutral,6,146,1.3113168478012085
neutral,6,147,0.5193743109703064
neutral,6,148,0.7529337406158447
neutral,6,149,1.3113090991973877
neutral,6,150,0.4297899901866913
neutral,6,151,0.3401123285293579
neutral,6,152,0.4859883189201355
neutral,6,153,1.1734066009521484
neutral,6,154,1.095260739326477
neutral,6,155,0.20622023940086365
neutral,6,156,0.4016503095626831
neutral,6,157,0.12544579803943634
neutral,6,158,0.2777993381023407
neutral,6,159,0.5836464762687683
neutral,6,160,0.49849820137023926
neutral,6,161,0.17180325090885162
neutral,6,162,0.32056137919425964
neutral,6,163,0.36102283000946045
neutral,6,164,0.07515886425971985
neutral,6,165,0.8986498713493347
neutral,6,166,1.8907872438430786
neutral,6,167,1.3920090198516846
neutral,6,168,0.05999999865889549
neutral,6,169,0.9781160354614258
neutral,6,170,0.36921361088752747
neutral,6,171,0.4679945707321167
neutral,6,172,0.660734236240387
neutral,6,173,1.5993492603302002
neutral,6,174,0.42717716097831726
neutral,6,175,0.2860527038574219
neutral,6,176,0.7297713160514832
neutral,6,177,0.3317965865135193
neutral,6,178,0.7485719919204712
neutral,6,179,0.78466796875
neutral,6,180,0.10933968424797058
neutral,6,181,1.0859485864639282
neutral,6,182,0.6653249263763428
neutral,6,183,0.22225071489810944
neutral,6,184,0.6188092231750488
neutral,6,185,1.8792250156402588
neutral,6,186,0.4508715867996216
neutral,6,187,0.8581191897392273
neutral,6,188,0.3105471134185791
neutral,6,189,0.8868804574012756
neutral,6,190,1.0038189888000488
neutral,6,191,0.20571255683898926
neutral,6,192,1.0394469499588013
neutral,6,193,0.8761389851570129
neutral,6,194,0.05999999865889549
neutral,6,195,0.4971242845058441
neutral,6,196,0.16117273271083832
neutral,6,197,0.42820221185684204
neutral,6,198,0.9499655961990356
neutral,6,199,0.20772604644298553
neutral,6,200,0.8794984817504883
neutral,6,201,0.23840275406837463
neutral,6,202,0.23481228947639465
neutral,6,203,0.37692970037460327
neutral,6,204,1.1649998426437378
neutral,6,205,0.12199386209249496
neutral,6,206,0.9249712824821472
neutral,6,207,0.6684545278549194
neutral,6,208,1.0512166023254395
neutral,6,209,0.38064044713974
neutral,6,210,0.7266477346420288
neutral,6,211,0.1443275511264801
neutral,6,212,0.6762114763259888
neutral,6,213,0.4444541931152344
neutral,6,214,0.7682037949562073
neutral,6,215,0.41341084241867065
neutral,6,216,0.31067684292793274
neutral,6,217,0.3357487916946411
neutral,6,218,0.6664608716964722
neutral,6,219,0.05999999865889549
neutral,6,220,0.46974867582321167
neutral,6,221,0.3848695158958435
neutral,6,222,0.08650955557823181
neutral,6,223,1.3448302745819092
neutral,6,224,0.5369001030921936
neutral,6,225,0.5695655345916748
neutral,6,226,0.5779022574424744
neutral,6,227,0.5211365222930908
neutral,6,228,1.1330801248550415
neutral,6,229,0.09269306808710098
neutral,6,230,0.5775987505912781
neutral,6,231,0.3422592282295227
neutral,6,232,1.0862973928451538
neutral,6,233,0.3084207773208618
neutral,6,234,9.758500099182129
neutral,6,235,1.124176025390625
neutral,6,236,0.2845085859298706
neutral,6,237,1.0057581663131714
neutral,6,238,0.4499487280845642
neutral,6,239,0.7192322611808777
neutral,7,0,0.25332099199295044
neutral,7,1,0.8319109678268433
neutral,7,2,0.5078034996986389
neutral,7,3,0.34552809596061707
neutral,7,4,0.5704507231712341
neutral,7,5,0.3975546360015869
neutral,7,6,0.0856652557849884
neutral,7,7,0.42604464292526245
neutral,7,8,0.23296229541301727
neutral,7,9,0.7391117215156555
neutral,7,10,0.9531221389770508
neutral,7,11,0.2515563666820526
neutral,7,12,0.6442211866378784
neutral,7,13,0.881756067276001
neutral,7,14,0.1943628042936325
neutral,7,15,0.20841403305530548
neutral,7,16,0.7087673544883728
neutral,7,17,0.0797472670674324
neutral,7,18,0.5383681058883667
neutral,7,19,0.5671831965446472
neutral,7,20,0.3863247334957123
neutral,7,21,0.23350585997104645
neutral,7,22,0.7718117833137512
neutral,7,23,0.4042399227619171
neutral,7,24,0.5661880970001221
neutral,7,25,0.5914691686630249
neutral,7,26,1.047813892364502
neutral,7,27,0.9450980424880981
neutral,7,28,0.9805189967155457
neutral,7,29,0.2033536285161972
neutral,7,30,0.6994712948799133
neutral,7,31,0.1340649574995041
neutral,7,32,1.0960301160812378
neutral,7,33,0.7812148332595825
neutral,7,34,0.5278470516204834
neutral,7,35,0.626054584980011
neutral,7,36,0.39196157455444336
neutral,7,37,0.0619419664144516
neutral,7,38,0.7880162000656128
neutral,7,39,0.659782886505127
neutral,7,40,0.8878400325775146
neutral,7,41,0.4019834101200104
neutral,7,42,0.17770427465438843
neutral,7,43,0.6179801225662231
neutral,7,44,0.6459696292877197
neutral,7,45,0.24964450299739838
neutral,7,46,0.7976763844490051
neutral,7,47,0.9197124242782593
neutral,7,48,0.9550145268440247
neutral,7,49,0.08683528006076813
neutral,7,50,0.5854164361953735
neutral,7,51,0.3435207009315491
neutral,7,52,1.0556052923202515
neutral,7,53,0.2046368271112442
neutral,7,54,0.5643454790115356
neutral,7,55,0.4942167103290558
neutral,7,56,0.27949607372283936
neutral,7,57,0.20300376415252686
neutral,7,58,0.5483282208442688
neutral,7,59,0.4531518220901489
neutral,7,60,0.48187410831451416
neutral,7,61,0.6707504391670227
neutral,7,62,0.556105375289917
neutral,7,63,0.6082784533500671
neutral,7,64,1.2981678247451782
neutral,7,65,1.730048418045044
neutral,7,66,0.6596024632453918
neutral,7,67,0.3620262145996094
neutral,7,68,1.2341669797897339
neutral,7,69,0.16267375648021698
neutral,7,70,0.8008329272270203
neutral,7,71,0.16263358294963837
neutral,7,72,1.0432515144348145
neutral,7,73,0.11214575916528702
neutral,7,74,0.10257118940353394
neutral,7,75,0.14525683224201202
neutral,7,76,0.5092843174934387
neutral,7,77,0.11112580448389053
neutral,7,78,0.5556195974349976
neutral,7,79,0.6435823440551758
neutral,7,80,0.2537510395050049
neutral,7,81,0.5116509199142456
neutral,7,82,0.48427724838256836
neutral,7,83,0.05999999865889549
neutral,7,84,1.2994805574417114
neutral,7,85,0.49712860584259033
neutral,7,86,0.6170672178268433
neutral,7,87,0.8869808912277222
neutral,7,88,0.24445664882659912
neutral,7,89,0.5069650411605835
neutral,7,90,0.4367067813873291
neutral,7,91,1.142760992050171
neutral,7,92,0.2582826614379883
neutral,7,93,0.5050220489501953
neutral,7,94,0.2323218286037445
neutral,7,95,0.11127995699644089
neutral,7,96,0.5074765682220459
neutral,7,97,0.2885172963142395
neutral,7,98,0.2377234846353531
neutral,7,99,0.2374417632818222
neutral,7,100,0.5394629836082458
neutral,7,101,0.5972158312797546
neutral,7,102,1.3615503311157227
neutral,7,103,0.21653379499912262
neutral,7,104,0.18530750274658203
neutral,7,105,0.5323853492736816
neutral,7,106,1.6336156129837036
neutral,7,107,0.4145638346672058
neutral,7,108,0.6164514422416687
neutral,7,109,0.3381352722644806
neutral,7,110,1.074203372001648
neutral,7,111,0.19356907904148102
neutral,7,112,0.37444353103637695
neutral,7,113,1.3406870365142822
neutral,7,114,0.3968026638031006
neutral,7,115,0.5369938611984253
neutral,7,116,1.0010826587677002
neutral,7,117,0.38648176193237305
neutral,7,118,0.660005509853363
neutral,7,119,0.48941701650619507
neutral,7,120,0.10212881118059158
neutral,7,121,0.6658549308776855
neutral,7,122,0.5466926097869873
neutral,7,123,0.15970394015312195
neutral,7,124,0.9455499649047852
neutral,7,125,0.7815724611282349
neutral,7,126,0.6796455383300781
neutral,7,127,0.3672288656234741
neutral,7,128,0.41455721855163574
neutral,7,129,0.20989041030406952
neutral,7,130,0.26657533645629883
neutral,7,131,1.4762978553771973
neutral,7,132,0.9786033630371094
neutral,7,133,0.11239634454250336
neutral,7,134,1.53840172290802
neutral,7,135,0.08792586624622345
neutral,7,136,0.9869036078453064
neutral,7,137,0.25033193826675415
neutral,7,138,0.9283755421638489
neutral,7,139,0.6434203386306763
neutral,7,140,0.8731253147125244
neutral,7,141,0.34037065505981445
neutral,7,142,0.2602740526199341
neutral,7,143,0.10889826714992523
neutral,7,144,0.23378261923789978
neutral,7,145,0.6502023339271545
neutral,7,146,0.10634428262710571
neutral,7,147,0.3352310061454773
neutral,7,148,0.5297719240188599
neutral,7,149,0.7309132218360901
neutral,7,150,0.7825400829315186
neutral,7,151,0.22349616885185242
neutral,7,152,0.217843696475029
neutral,7,153,0.05999999865889549
neutral,7,154,0.8404539227485657
neutral,7,155,3.186124324798584
neutral,7,156,0.23907096683979034
neutral,7,157,0.7190268039703369
neutral,7,158,1.1506962776184082
neutral,7,159,0.5518466830253601
neutral,7,160,0.4975411891937256
neutral,7,161,0.28036531805992126
neutral,7,162,0.22354336082935333
neutral,7,163,0.6058836579322815
neutral,7,164,0.6679174900054932
neutral,7,165,0.5154767632484436
neutral,7,166,0.4810871481895447
neutral,7,167,1.2636364698410034
neutral,7,168,0.8988757729530334
neutral,7,169,1.8339036703109741
neutral,7,170,0.23088625073432922
neutral,7,171,0.31830134987831116
neutral,7,172,0.5555470585823059
neutral,7,173,0.20273807644844055
neutral,7,174,0.49332302808761597
neutral,7,175,0.5466594099998474
neutral,7,176,0.8955245018005371
neutral,7,177,0.34284985065460205
neutral,7,178,0.4951273798942566
neutral,7,179,0.6141653060913086
neutral,7,180,1.079374074935913
neutral,7,181,0.5136799216270447
neutral,7,182,0.5720697641372681
neutral,7,183,0.4301212728023529
neutral,7,184,0.2888559401035309
neutral,7,185,0.5663478374481201
neutral,7,186,0.37861210107803345
neutral,7,187,0.6554243564605713
neutral,7,188,0.05999999865889549
neutral,7,189,1.6633042097091675
neutral,7,190,0.6899906992912292
neutral,7,191,0.5046272277832031
neutral,7,192,0.21363218128681183
neutral,7,193,0.05999999865889549
neutral,7,194,0.258969783782959
neutral,7,195,0.21448644995689392
neutral,7,196,0.07436206191778183
neutral,7,197,0.10055026412010193
neutral,7,198,1.0921552181243896
neutral,7,199,0.3423175811767578
neutral,7,200,0.25865858793258667
neutral,7,201,0.7192138433456421
neutral,7,202,0.180308535695076
neutral,7,203,0.4863901138305664
neutral,7,204,0.10255960375070572
neutral,7,205,1.2668627500534058
neutral,7,206,0.1168513223528862
neutral,7,207,0.9362943172454834
neutral,7,208,0.4334666430950165
neutral,7,209,1.2919855117797852
neutral,7,210,0.6223578453063965
neutral,7,211,0.6434609889984131
neutral,7,212,0.11004869639873505
neutral,7,213,0.6040355563163757
neutral,7,214,0.8644042015075684
neutral,7,215,0.6617105007171631
neutral,7,216,0.07848406583070755
neutral,7,217,2.0565686225891113
neutral,7,218,0.4206748902797699
neutral,7,219,0.14991477131843567
neutral,7,220,0.1926080584526062
neutral,7,221,0.4083011746406555
neutral,7,222,0.23259419202804565
neutral,7,223,0.3361279368400574
neutral,7,224,0.5046262145042419
neutral,7,225,0.48554879426956177
neutral,7,226,0.6400847434997559
neutral,7,227,0.335838258266449
neutral,7,228,0.7581255435943604
neutral,7,229,0.4199899137020111
neutral,7,230,0.5076218247413635
neutral,7,231,0.3392767310142517
neutral,7,232,0.7302626371383667
neutral,7,233,0.45007041096687317
neutral,7,234,0.9256796836853027
neutral,7,235,0.4491083323955536
neutral,7,236,0.2363111674785614
neutral,7,237,0.31654730439186096
neutral,7,238,1.5552884340286255
neutral,7,239,0.7015041708946228
neutral,8,0,0.28223031759262085
neutral,8,1,0.1680864542722702
neutral,8,2,0.8553511500358582
neutral,8,3,0.6568727493286133
neutral,8,4,1.5972068309783936
neutral,8,5,1.0313763618469238
neutral,8,6,0.8538693785667419
neutral,8,7,1.011592149734497
neutral,8,8,0.724768340587616
neutral,8,9,0.6079745292663574
neutral,8,10,0.47996455430984497
neutral,8,11,0.1347787082195282
neutral,8,12,1.503315806388855
neutral,8,13,0.34099826216697693
neutral,8,14,0.33921897411346436
neutral,8,15,0.3730885982513428
neutral,8,16,0.05999999865889549
neutral,8,17,0.20156696438789368
neutral,8,18,0.6159989237785339
neutral,8,19,0.14806026220321655
neutral,8,20,0.3638659715652466
neutral,8,21,1.15061354637146
neutral,8,22,0.23504778742790222
neutral,8,23,0.31933385133743286
neutral,8,24,1.2369619607925415
neutral,8,25,3.023792028427124
neutral,8,26,1.8090014457702637
neutral,8,27,0.5344261527061462
neutral,8,28,0.3852991759777069
neutral,8,29,0.11300074309110641
neutral,8,30,0.688552975654602
neutral,8,31,0.9406078457832336
neutral,8,32,0.21679344773292542
neutral,8,33,1.0689736604690552
neutral,8,34,0.4251437783241272
neutral,8,35,1.0956251621246338
neutral,8,36,0.18507279455661774
neutral,8,37,0.2441708743572235
neutral,8,38,0.703860342502594
neutral,8,39,0.9044385552406311
neutral,8,40,0.1296515017747879
neutral,8,41,0.584708034992218
neutral,8,42,0.6342769265174866
neutral,8,43,0.20431363582611084
neutral,8,44,0.6581758856773376
neutral,8,45,0.6954631805419922
neutral,8,46,0.33895838260650635
neutral,8,47,0.13622643053531647
neutral,8,48,0.29654043912887573
neutral,8,49,0.6453622579574585
neutral,8,50,0.5202546715736389
neutral,8,51,0.6427367925643921
neutral,8,52,0.9229219555854797
neutral,8,53,0.8454868793487549
neutral,8,54,0.08263173699378967
neutral,8,55,0.5994065999984741
neutral,8,56,0.5988263487815857
neutral,8,57,0.42799174785614014
neutral,8,58,0.7328432202339172
neutral,8,59,0.9145256280899048
neutral,8,60,0.6317156553268433
neutral,8,61,0.9407762885093689
neutral,8,62,0.1470540463924408
neutral,8,63,0.35908615589141846
neutral,8,64,0.751756489276886
neutral,8,65,0.6014450788497925
neutral,8,66,0.37164342403411865
neutral,8,67,0.9092606902122498
neutral,8,68,0.3074354827404022
neutral,8,69,0.7111080884933472
neutral,8,70,0.40405192971229553
neutral,8,71,2.607429265975952
neutral,8,72,0.35607993602752686
neutral,8,73,0.41146618127822876
neutral,8,74,1.3433295488357544
neutral,8,75,0.34144940972328186
neutral,8,76,0.725208580493927
neutral,8,77,0.1838616132736206
neutral,8,78,1.226679801940918
neutral,8,79,0.45650649070739746
neutral,8,80,0.4292965531349182
neutral,8,81,0.23405355215072632
neutral,8,82,0.3758288621902466
neutral,8,83,0.05999999865889549
neutral,8,84,0.22076019644737244
neutral,8,85,0.35970279574394226
neutral,8,86,0.7149219512939453
neutral,8,87,0.32280832529067993
neutral,8,88,1.1178667545318604
neutral,8,89,0.5178708434104919
neutral,8,90,0.09767861664295197
neutral,8,91,0.8410297632217407
neutral,8,92,0.6615632772445679
neutral,8,93,0.2675012946128845
neutral,8,94,3.261707305908203
neutral,8,95,0.9155899882316589
neutral,8,96,0.8541228175163269
neutral,8,97,0.3994620740413666
neutral,8,98,0.5487053990364075
neutral,8,99,0.16976600885391235
neutral,8,100,0.11575452983379364
neutral,8,101,1.1872164011001587
neutral,8,102,0.28737133741378784
neutral,8,103,0.5763165950775146
neutral,8,104,0.25167250633239746
neutral,8,105,0.3962537944316864
neutral,8,106,1.1131696701049805
neutral,8,107,0.1833133101463318
neutral,8,108,0.7599344253540039
neutral,8,109,1.3659683465957642
neutral,8,110,0.36239123344421387
neutral,8,111,0.4261975586414337
neutral,8,112,0.5476951599121094
neutral,8,113,0.48798269033432007
neutral,8,114,1.2571099996566772
neutral,8,115,0.7799328565597534
neutral,8,116,0.9828352332115173
neutral,8,117,0.9974275827407837
neutral,8,118,0.24899733066558838
neutral,8,119,0.9617359042167664
neutral,8,120,0.7502728700637817
neutral,8,121,0.05999999865889549
neutral,8,122,0.2947264313697815
neutral,8,123,0.8203775882720947
neutral,8,124,0.377815842628479
neutral,8,125,0.05999999865889549
neutral,8,126,0.2316233217716217
neutral,8,127,0.32874560356140137
neutral,8,128,0.16505268216133118
neutral,8,129,0.20411428809165955
neutral,8,130,0.8718940615653992
neutral,8,131,1.600271224975586
neutral,8,132,1.0028318166732788
neutral,8,133,0.5319788455963135
neutral,8,134,0.05999999865889549
neutral,8,135,0.5314258337020874
neutral,8,136,0.7489551305770874
neutral,8,137,0.5317071676254272
neutral,8,138,1.2027496099472046
neutral,8,139,0.43513473868370056
neutral,8,140,1.239235520362854
neutral,8,141,0.1768270879983902
neutral,8,142,1.697798252105713
neutral,8,143,0.24144843220710754
neutral,8,144,0.13784553110599518
neutral,8,145,0.13315467536449432
neutral,8,146,0.11038298159837723
neutral,8,147,0.4344004988670349
neutral,8,148,0.10305586457252502
neutral,8,149,1.1421787738800049
neutral,8,150,0.6470246315002441
neutral,8,151,0.5373786687850952
neutral,8,152,0.15945325791835785
neutral,8,153,0.6996324062347412
neutral,8,154,0.16839085519313812
neutral,8,155,6.6623854637146
neutral,8,156,0.07174661010503769
neutral,8,157,0.7664967775344849
neutral,8,158,1.7294203042984009
neutral,8,159,0.2785583734512329
neutral,8,160,2.1444251537323
neutral,8,161,0.12830793857574463
neutral,8,162,1.0955191850662231
neutral,8,163,1.6367027759552002
neutral,8,164,0.2406628131866455
neutral,8,165,0.44949185848236084
neutral,8,166,1.659916639328003
neutral,8,167,0.4532773792743683
neutral,8,168,0.31773635745048523
neutral,8,169,0.9200849533081055
neutral,8,170,0.6437538266181946
neutral,8,171,0.580656886100769
neutral,8,172,0.44615089893341064
neutral,8,173,0.8130154013633728
neutral,8,174,0.49952179193496704
neutral,8,175,0.39057886600494385
neutral,8,176,0.6649672985076904
neutral,8,177,0.6173443794250488
neutral,8,178,0.5243366956710815
neutral,8,179,1.0373115539550781
neutral,8,180,0.35733944177627563
neutral,8,181,0.48199963569641113
neutral,8,182,0.08533284813165665
neutral,8,183,0.2267618179321289
neutral,8,184,0.5507263541221619
neutral,8,185,1.3082489967346191
neutral,8,186,0.2905734181404114
neutral,8,187,1.1662830114364624
neutral,8,188,1.0750147104263306
neutral,8,189,0.6526696681976318
neutral,8,190,0.22196808457374573
neutral,8,191,0.3942463994026184
neutral,8,192,2.7019593715667725
neutral,8,193,0.35938653349876404
neutral,8,194,2.4037022590637207
neutral,8,195,0.11018198728561401
neutral,8,196,0.1393999457359314
neutral,8,197,2.5818095207214355
neutral,8,198,1.0435919761657715
neutral,8,199,0.8322052359580994
neutral,8,200,0.3662203252315521
neutral,8,201,0.09091781079769135
neutral,8,202,0.141447976231575
neutral,8,203,0.9168208837509155
neutral,8,204,0.4220731556415558
neutral,8,205,0.3400370180606842
neutral,8,206,0.7338231205940247
neutral,8,207,0.8941050171852112
neutral,8,208,0.44836682081222534
neutral,8,209,0.1794053316116333
neutral,8,210,1.935849905014038
neutral,8,211,0.44538867473602295
neutral,8,212,0.6587368845939636
neutral,8,213,0.953353762626648
neutral,8,214,1.0048062801361084
neutral,8,215,0.38249582052230835
neutral,8,216,2.423609733581543
neutral,8,217,1.4394747018814087
neutral,8,218,0.744240403175354
neutral,8,219,0.7440994381904602
neutral,8,220,0.867781400680542
neutral,8,221,0.7223385572433472
neutral,8,222,0.6539474725723267
neutral,8,223,0.9089388847351074
neutral,8,224,0.271328330039978
neutral,8,225,0.5486041903495789
neutral,8,226,0.23349308967590332
neutral,8,227,0.05999999865889549
neutral,8,228,0.7264057397842407
neutral,8,229,1.406791090965271
neutral,8,230,0.5369341373443604
neutral,8,231,0.7982391119003296
neutral,8,232,2.449392318725586
neutral,8,233,0.3142147958278656
neutral,8,234,0.42446091771125793
neutral,8,235,1.2225749492645264
neutral,8,236,1.5844740867614746
neutral,8,237,0.30183085799217224
neutral,8,238,0.1155470460653305
neutral,8,239,1.178187370300293
neutral,9,0,0.9606823325157166
neutral,9,1,0.6258776187896729
neutral,9,2,0.5529957413673401
neutral,9,3,0.32885944843292236
neutral,9,4,1.0823132991790771
neutral,9,5,0.8614979386329651
neutral,9,6,0.43017733097076416
neutral,9,7,0.8436022996902466
neutral,9,8,0.7507219314575195
neutral,9,9,0.8935494422912598
neutral,9,10,0.496990829706192
neutral,9,11,0.512191891670227
neutral,9,12,0.3961958587169647
neutral,9,13,0.7151789665222168
neutral,9,14,0.4913705587387085
neutral,9,15,0.6110780239105225
neutral,9,16,1.279543399810791
neutral,9,17,0.4036494195461273
neutral,9,18,0.3038933575153351
neutral,9,19,0.7687724828720093
neutral,9,20,0.2358148694038391
neutral,9,21,0.2564932703971863
neutral,9,22,1.1638975143432617
neutral,9,23,0.3935635983943939
neutral,9,24,0.6476995944976807
neutral,9,25,1.138291597366333
neutral,9,26,0.5433216691017151
neutral,9,27,0.16554883122444153
neutral,9,28,0.15592455863952637
neutral,9,29,0.23473164439201355
neutral,9,30,0.31303486227989197
neutral,9,31,0.375664621591568
neutral,9,32,0.26677945256233215
neutral,9,33,0.9533941745758057
neutral,9,34,0.22495587170124054
neutral,9,35,1.2372782230377197
neutral,9,36,0.7405169010162354
neutral,9,37,0.48165956139564514
neutral,9,38,0.15669573843479156
neutral,9,39,0.28064823150634766
neutral,9,40,0.2699131667613983
neutral,9,41,0.7679444551467896
neutral,9,42,0.05999999865889549
neutral,9,43,0.2753174304962158
neutral,9,44,0.5907154679298401
neutral,9,45,0.3470500409603119
neutral,9,46,0.6492300033569336
neutral,9,47,1.0043303966522217
neutral,9,48,0.29222989082336426
neutral,9,49,1.2202776670455933
neutral,9,50,0.09463420510292053
neutral,9,51,1.444420337677002
neutral,9,52,0.34946808218955994
neutral,9,53,0.36658158898353577
neutral,9,54,0.209372878074646
neutral,9,55,0.16778934001922607
neutral,9,56,0.4276491701602936
neutral,9,57,5.156801700592041
neutral,9,58,0.6955182552337646
neutral,9,59,0.33654463291168213
neutral,9,60,0.20559784770011902
neutral,9,61,1.81674325466156
neutral,9,62,1.6478071212768555
neutral,9,63,0.6132661700248718
neutral,9,64,1.321967601776123
neutral,9,65,0.2744205594062805
neutral,9,66,0.8907756209373474
neutral,9,67,0.2808728516101837
neutral,9,68,0.25104770064353943
neutral,9,69,1.0632981061935425
neutral,9,70,0.46064385771751404
neutral,9,71,0.1609676629304886
neutral,9,72,0.47610920667648315
neutral,9,73,0.25976043939590454
neutral,9,74,0.879091739654541
neutral,9,75,0.5275214910507202
neutral,9,76,1.4510396718978882
neutral,9,77,0.05999999865889549
neutral,9,78,0.33023059368133545
neutral,9,79,0.5468306541442871
neutral,9,80,0.20749367773532867
neutral,9,81,0.8301868438720703
neutral,9,82,0.55128014087677
neutral,9,83,0.1381940245628357
neutral,9,84,0.7319968938827515
neutral,9,85,0.28268322348594666
neutral,9,86,0.5996676683425903
neutral,9,87,0.47157612442970276
neutral,9,88,0.7104824185371399
neutral,9,89,0.28575780987739563
neutral,9,90,1.3153845071792603
neutral,9,91,1.1682575941085815
neutral,9,92,1.4950976371765137
neutral,9,93,0.9188568592071533
neutral,9,94,0.1679149866104126
neutral,9,95,0.17572131752967834
neutral,9,96,0.7906637787818909
neutral,9,97,0.5141944885253906
neutral,9,98,0.10868577659130096
neutral,9,99,0.22766056656837463
neutral,9,100,0.13485246896743774
neutral,9,101,0.14424073696136475
neutral,9,102,1.2301807403564453
neutral,9,103,1.7634929418563843
neutral,9,104,1.1306958198547363
neutral,9,105,0.05999999865889549
neutral,9,106,0.5424166917800903
neutral,9,107,0.270391583442688
neutral,9,108,0.41914793848991394
neutral,9,109,1.054612398147583
neutral,9,110,0.9839602112770081
neutral,9,111,0.9302123188972473
neutral,9,112,0.6946487426757812
neutral,9,113,0.7546154260635376
neutral,9,114,0.34002795815467834
neutral,9,115,0.17476758360862732
neutral,9,116,0.6393898725509644
neutral,9,117,2.1393327713012695
neutral,9,118,0.8656104207038879
neutral,9,119,0.29953280091285706
neutral,9,120,1.2618725299835205
neutral,9,121,2.173103094100952
neutral,9,122,0.261256605386734
neutral,9,123,0.06445594131946564
neutral,9,124,1.5429761409759521
neutral,9,125,0.48667168617248535
neutral,9,126,0.7817302942276001
neutral,9,127,0.7747904658317566
neutral,9,128,0.4490843117237091
neutral,9,129,0.11805126070976257
neutral,9,130,0.15601134300231934
neutral,9,131,0.6210488677024841
neutral,9,132,1.670703411102295
neutral,9,133,0.6146191954612732
neutral,9,134,0.19193266332149506
neutral,9,135,12.758076667785645
neutral,9,136,0.2153533697128296
neutral,9,137,0.34586992859840393
neutral,9,138,0.05999999865889549
neutral,9,139,1.4700663089752197
neutral,9,140,0.252308189868927
neutral,9,141,0.1830364167690277
neutral,9,142,0.05999999865889549
neutral,9,143,0.09090989083051682
neutral,9,144,0.05999999865889549
neutral,9,145,0.6825695633888245
neutral,9,146,1.8652229309082031
neutral,9,147,0.05999999865889549
neutral,9,148,1.3888535499572754
neutral,9,149,0.49356725811958313
neutral,9,150,0.9294397830963135
neutral,9,151,0.1835980862379074
neutral,9,152,0.111951544880867
neutral,9,153,0.23395657539367676
neutral,9,154,0.24366195499897003
neutral,9,155,0.47044989466667175
neutral,9,156,0.3419457972049713
neutral,9,157,0.568159282207489
neutral,9,158,0.1902015507221222
neutral,9,159,0.22358965873718262
neutral,9,160,0.5563646554946899
neutral,9,161,0.6067261695861816
neutral,9,162,0.6349539160728455
neutral,9,163,0.9371616840362549
neutral,9,164,0.7140273451805115
neutral,9,165,0.790654182434082
neutral,9,166,0.5270971059799194
neutral,9,167,0.2799009680747986
neutral,9,168,0.6427947878837585
neutral,9,169,0.38934069871902466
neutral,9,170,0.304415225982666
neutral,9,171,1.5657745599746704
neutral,9,172,0.6907706260681152
neutral,9,173,0.9792666435241699
neutral,9,174,0.2995692789554596
neutral,9,175,0.5283506512641907
neutral,9,176,0.412462443113327
neutral,9,177,0.05999999865889549
neutral,9,178,0.5677288770675659
neutral,9,179,0.3344120383262634
neutral,9,180,0.7718278765678406
neutral,9,181,0.7490954399108887
neutral,9,182,0.22475361824035645
neutral,9,183,0.3221343159675598
neutral,9,184,0.21511858701705933
neutral,9,185,0.9407135248184204
neutral,9,186,1.4851888418197632
neutral,9,187,0.14040055871009827
neutral,9,188,1.1885939836502075
neutral,9,189,1.0539147853851318
neutral,9,190,0.4933415949344635
neutral,9,191,1.6832232475280762
neutral,9,192,0.47503942251205444
neutral,9,193,2.1627185344696045
neutral,9,194,0.649027943611145
neutral,9,195,0.3267953097820282
neutral,9,196,0.81927889585495
neutral,9,197,0.05999999865889549
neutral,9,198,0.5337271690368652
neutral,9,199,0.6671155095100403
neutral,9,200,0.29474949836730957
neutral,9,201,0.23209789395332336
neutral,9,202,1.0658905506134033
neutral,9,203,1.2311694622039795
neutral,9,204,0.2581987679004669
neutral,9,205,1.5289236307144165
neutral,9,206,0.6643462181091309
neutral,9,207,0.8091630339622498
neutral,9,208,0.29578447341918945
neutral,9,209,0.42678993940353394
neutral,9,210,0.32256048917770386
neutral,9,211,0.12701654434204102
neutral,9,212,0.06873323023319244
neutral,9,213,0.9187196493148804
neutral,9,214,1.0393717288970947
neutral,9,215,0.5686047673225403
neutral,9,216,1.4707850217819214
neutral,9,217,0.9633162021636963
neutral,9,218,0.2585073411464691
neutral,9,219,0.6669066548347473
neutral,9,220,0.126373752951622
neutral,9,221,0.35488638281822205
neutral,9,222,0.4785614013671875
neutral,9,223,0.832844614982605
neutral,9,224,0.748087465763092
neutral,9,225,0.3468759059906006
neutral,9,226,0.3978192210197449
neutral,9,227,0.5427010655403137
neutral,9,228,0.3563061058521271
neutral,9,229,0.8038963079452515
neutral,9,230,0.31395161151885986
neutral,9,231,3.86519193649292
neutral,9,232,0.08486135303974152
neutral,9,233,0.45391586422920227
neutral,9,234,0.5830751061439514
neutral,9,235,0.2897264361381531
neutral,9,236,0.24580541253089905
neutral,9,237,0.4473303258419037
neutral,9,238,0.287986159324646
neutral,9,239,1.6672923564910889
neutral,10,0,0.30052313208580017
neutral,10,1,0.648486852645874
neutral,10,2,0.5454933643341064
neutral,10,3,0.7507253885269165
neutral,10,4,0.10229047387838364
neutral,10,5,0.14607594907283783
neutral,10,6,0.4720178246498108
neutral,10,7,0.23885835707187653
neutral,10,8,0.42179247736930847
neutral,10,9,0.951179027557373
neutral,10,10,1.2402416467666626
neutral,10,11,0.5585228204727173
neutral,10,12,0.5387707948684692
neutral,10,13,0.722787618637085
neutral,10,14,0.7311044931411743
neutral,10,15,0.589718759059906
neutral,10,16,0.32702797651290894
neutral,10,17,0.9473481178283691
neutral,10,18,0.409363716840744
neutral,10,19,0.976533830165863
neutral,10,20,0.2263631820678711
neutral,10,21,0.1804799735546112
neutral,10,22,0.47760868072509766
neutral,10,23,0.17501655220985413
neutral,10,24,0.13500764966011047
neutral,10,25,2.0501902103424072
neutral,10,26,0.349234402179718
neutral,10,27,1.533583164215088
neutral,10,28,0.8227553963661194
neutral,10,29,0.1259736865758896
neutral,10,30,0.7751576900482178
neutral,10,31,0.7014917731285095
neutral,10,32,0.394326776266098
neutral,10,33,0.6509346961975098
neutral,10,34,0.12156905233860016
neutral,10,35,1.376144289970398
neutral,10,36,0.1320732831954956
neutral,10,37,1.188127875328064
neutral,10,38,0.7300376296043396
neutral,10,39,0.8864832520484924
neutral,10,40,0.36851122975349426
neutral,10,41,1.3944774866104126
neutral,10,42,0.3016015291213989
neutral,10,43,1.6654086112976074
neutral,10,44,0.18197573721408844
neutral,10,45,0.5557875633239746
neutral,10,46,0.19147564470767975
neutral,10,47,1.121300220489502
neutral,10,48,1.393208384513855
neutral,10,49,0.9084620475769043
neutral,10,50,1.3647440671920776
neutral,10,51,0.31281396746635437
neutral,10,52,0.462635338306427
neutral,10,53,1.0654743909835815
neutral,10,54,0.48763278126716614
neutral,10,55,1.2695353031158447
neutral,10,56,0.8399343490600586
neutral,10,57,0.06498582661151886
neutral,10,58,2.1687140464782715
neutral,10,59,0.13498033583164215
neutral,10,60,1.0032473802566528
neutral,10,61,0.6280175447463989
neutral,10,62,3.902353048324585
neutral,10,63,0.20129171013832092
neutral,10,64,0.9004197716712952
neutral,10,65,0.7355092763900757
neutral,10,66,0.5811356902122498
neutral,10,67,2.994079113006592
neutral,10,68,0.14041659235954285
neutral,10,69,0.05999999865889549
neutral,10,70,2.0210790634155273
neutral,10,71,0.7449028491973877
neutral,10,72,0.7476877570152283
neutral,10,73,0.6669804453849792
neutral,10,74,0.23479688167572021
neutral,10,75,1.2583976984024048
neutral,10,76,0.811892569065094
neutral,10,77,0.8658818006515503
neutral,10,78,0.23182040452957153
neutral,10,79,0.14611807465553284
neutral,10,80,0.5615030527114868
neutral,10,81,0.32812225818634033
neutral,10,82,0.9631651639938354
neutral,10,83,0.3020212650299072
neutral,10,84,0.42261454463005066
neutral,10,85,0.9503268003463745
neutral,10,86,0.5610694885253906
neutral,10,87,0.09411467611789703
neutral,10,88,0.3939361870288849
neutral,10,89,0.21906577050685883
neutral,10,90,1.499066710472107
neutral,10,91,0.7904880046844482
neutral,10,92,0.10880494117736816
neutral,10,93,0.5135157108306885
neutral,10,94,0.7380699515342712
neutral,10,95,0.519374430179596
neutral,10,96,0.42080554366111755
neutral,10,97,1.0963108539581299
neutral,10,98,1.5786973237991333
neutral,10,99,0.7595106959342957
neutral,10,100,1.697786808013916
neutral,10,101,0.6103081107139587
neutral,10,102,0.5035267472267151
neutral,10,103,0.5449914932250977
neutral,10,104,0.1602628231048584
neutral,10,105,0.6652997136116028
neutral,10,106,0.34036120772361755
neutral,10,107,0.8331519365310669
neutral,10,108,1.0658212900161743
neutral,10,109,0.8739632368087769
neutral,10,110,0.8245651721954346
neutral,10,111,0.2568061351776123
neutral,10,112,0.4040391743183136
neutral,10,113,0.7524429559707642
neutral,10,114,0.3550228476524353
neutral,10,115,0.37156057357788086
neutral,10,116,0.09893130511045456
neutral,10,117,0.6932388544082642
neutral,10,118,0.5507577657699585
neutral,10,119,0.3141593933105469
neutral,10,120,0.3007112443447113
neutral,10,121,0.2870648205280304
neutral,10,122,0.9732969999313354
neutral,10,123,0.05999999865889549
neutral,10,124,0.8772153854370117
neutral,10,125,0.3978080153465271
neutral,10,126,0.23700952529907227
neutral,10,127,0.36052805185317993
neutral,10,128,0.21783851087093353
neutral,10,129,1.143183708190918
neutral,10,130,0.05999999865889549
neutral,10,131,0.2961699366569519
neutral,10,132,0.20241253077983856
neutral,10,133,0.5174538493156433
neutral,10,134,0.7133244872093201
neutral,10,135,0.2273278832435608
neutral,10,136,0.8598974943161011
neutral,10,137,0.4112560749053955
neutral,10,138,0.82734215259552
neutral,10,139,1.133020281791687
neutral,10,140,1.0152528285980225
neutral,10,141,0.092429980635643
neutral,10,142,0.8598758578300476
neutral,10,143,0.8125978112220764
neutral,10,144,0.5328247547149658
neutral,10,145,0.7461482286453247
neutral,10,146,0.0723930224776268
neutral,10,147,0.6912980079650879
neutral,10,148,0.05999999865889549
neutral,10,149,1.2587047815322876
neutral,10,150,0.2752685546875
neutral,10,151,0.39354613423347473
neutral,10,152,0.31684887409210205
neutral,10,153,0.05999999865889549
neutral,10,154,0.44203001260757446
neutral,10,155,0.6656391024589539
neutral,10,156,1.5053412914276123
neutral,10,157,0.4663647413253784
neutral,10,158,0.13028329610824585
neutral,10,159,0.3075205385684967
neutral,10,160,0.05999999865889549
neutral,10,161,0.588871955871582
neutral,10,162,0.8687127232551575
neutral,10,163,0.12345517426729202
neutral,10,164,0.8659318685531616
neutral,10,165,1.0955116748809814
neutral,10,166,0.2783278226852417
neutral,10,167,0.22217601537704468
neutral,10,168,0.4800698161125183
neutral,10,169,0.7959294319152832
neutral,10,170,0.15206781029701233
neutral,10,171,0.5129831433296204
neutral,10,172,0.05999999865889549
neutral,10,173,0.4693782925605774
neutral,10,174,0.12825194001197815
neutral,10,175,0.6312623023986816
neutral,10,176,0.5785031318664551
neutral,10,177,1.3003965616226196
neutral,10,178,0.1443008929491043
neutral,10,179,0.2889937460422516
neutral,10,180,1.1820380687713623
neutral,10,181,0.45239245891571045
neutral,10,182,0.547088623046875
neutral,10,183,0.19314247369766235
neutral,10,184,0.4301261007785797
neutral,10,185,0.658087432384491
neutral,10,186,1.157469630241394
neutral,10,187,0.4292820990085602
neutral,10,188,1.3362760543823242
neutral,10,189,0.19810515642166138
neutral,10,190,0.770987868309021
neutral,10,191,0.37200087308883667
neutral,10,192,0.8560525178909302
neutral,10,193,0.37071728706359863
neutral,10,194,0.945666491985321
neutral,10,195,0.34878888726234436
neutral,10,196,0.05999999865889549
neutral,10,197,0.6782813668251038
neutral,10,198,0.39400580525398254
neutral,10,199,1.3470309972763062
neutral,10,200,1.1733583211898804
neutral,10,201,0.6664007902145386
neutral,10,202,0.7547703981399536
neutral,10,203,0.6281890869140625
neutral,10,204,0.2666451930999756
neutral,10,205,0.1685199737548828
neutral,10,206,1.3903863430023193
neutral,10,207,0.38653135299682617
neutral,10,208,0.11997845023870468
neutral,10,209,0.8121575117111206
neutral,10,210,0.33409208059310913
neutral,10,211,1.0592833757400513
neutral,10,212,1.7106542587280273
neutral,10,213,0.6279312372207642
neutral,10,214,1.213432788848877
neutral,10,215,0.796683669090271
neutral,10,216,0.3212851583957672
neutral,10,217,0.9710795879364014
neutral,10,218,0.32351189851760864
neutral,10,219,1.5897685289382935
neutral,10,220,0.6181486248970032
neutral,10,221,0.21946585178375244
neutral,10,222,0.6481806635856628
neutral,10,223,0.09872908145189285
neutral,10,224,0.9125031232833862
neutral,10,225,0.14139658212661743
neutral,10,226,0.24682766199111938
neutral,10,227,0.17787449061870575
neutral,10,228,1.353816270828247
neutral,10,229,0.3110373914241791
neutral,10,230,0.31116196513175964
neutral,10,231,0.16437703371047974
neutral,10,232,0.2907673418521881
neutral,10,233,0.3490193486213684
neutral,10,234,0.5068175196647644
neutral,10,235,0.6090245842933655
neutral,10,236,0.16056855022907257
neutral,10,237,0.3780776262283325
neutral,10,238,1.165338397026062
neutral,10,239,0.434841513633728
neutral,11,0,0.11065109074115753
neutral,11,1,0.8252095580101013
neutral,11,2,0.7715500593185425
neutral,11,3,0.5622526407241821
neutral,11,4,0.6080253720283508
neutral,11,5,0.42588382959365845
neutral,11,6,0.11142519116401672
neutral,11,7,0.9000690579414368
neutral,11,8,0.21274946630001068
neutral,11,9,0.10838441550731659
neutral,11,10,0.3377423882484436
neutral,11,11,0.23054397106170654
neutral,11,12,0.43189537525177
neutral,11,13,0.7414981126785278
neutral,11,14,1.6516757011413574
neutral,11,15,0.9288651943206787
neutral,11,16,0.9509234428405762
neutral,11,17,0.2083391696214676
neutral,11,18,0.15760859847068787
neutral,11,19,0.8248643279075623
neutral,11,20,0.33258089423179626
neutral,11,21,0.7577049136161804
neutral,11,22,0.4982239007949829
neutral,11,23,0.05999999865889549
neutral,11,24,1.4879505634307861
neutral,11,25,0.3567225933074951
neutral,11,26,0.39240461587905884
neutral,11,27,0.5279282331466675
neutral,11,28,0.31018275022506714
neutral,11,29,0.9035072326660156
neutral,11,30,0.7603818774223328
neutral,11,31,0.41011783480644226
neutral,11,32,0.17477938532829285
neutral,11,33,0.14379483461380005
neutral,11,34,0.643886923789978
neutral,11,35,1.346903681755066
neutral,11,36,0.27291542291641235
neutral,11,37,0.8691019415855408
neutral,11,38,0.44466710090637207
neutral,11,39,0.41954436898231506
neutral,11,40,0.7978336215019226
neutral,11,41,0.33911293745040894
neutral,11,42,0.07724276930093765
neutral,11,43,0.07437434792518616
neutral,11,44,1.5370144844055176
neutral,11,45,0.4934479594230652
neutral,11,46,0.43305790424346924
neutral,11,47,0.37574684619903564
neutral,11,48,0.3954727351665497
neutral,11,49,0.6086129546165466
neutral,11,50,0.12900176644325256
neutral,11,51,0.8371819853782654
neutral,11,52,1.8296419382095337
neutral,11,53,0.23069831728935242
neutral,11,54,0.06229516863822937
neutral,11,55,0.3025888502597809
neutral,11,56,0.7932071089744568
neutral,11,57,0.8780660629272461
neutral,11,58,0.6689869165420532
neutral,11,59,1.1270513534545898
neutral,11,60,0.5942034721374512
neutral,11,61,0.22190101444721222
neutral,11,62,0.2879745662212372
neutral,11,63,0.9196804761886597
neutral,11,64,0.23138180375099182
neutral,11,65,0.36513054370880127
neutral,11,66,0.9123213291168213
neutral,11,67,0.15000754594802856
neutral,11,68,0.0627293586730957
neutral,11,69,0.2321583479642868
neutral,11,70,0.56467205286026
neutral,11,71,0.6728372573852539
neutral,11,72,0.7121716737747192
neutral,11,73,0.2782154083251953
neutral,11,74,0.38549789786338806
neutral,11,75,0.3517377972602844
neutral,11,76,0.4361773133277893
neutral,11,77,0.4147883951663971
neutral,11,78,0.513688325881958
neutral,11,79,0.11345720291137695
neutral,11,80,0.13087469339370728
neutral,11,81,0.35668647289276123
neutral,11,82,0.15189728140830994
neutral,11,83,0.41621068120002747
neutral,11,84,1.3683053255081177
neutral,11,85,0.37517228722572327
neutral,11,86,0.781076192855835
neutral,11,87,0.8561619520187378
neutral,11,88,0.4490128755569458
neutral,11,89,0.17063310742378235
neutral,11,90,0.23268477618694305
neutral,11,91,0.41590896248817444
neutral,11,92,1.2516415119171143
neutral,11,93,0.05999999865889549
neutral,11,94,1.3973487615585327
neutral,11,95,0.3424021899700165
neutral,11,96,0.3756603002548218
neutral,11,97,0.3401276171207428
neutral,11,98,0.28139764070510864
neutral,11,99,0.2927388548851013
neutral,11,100,0.2523569166660309
neutral,11,101,0.2472536861896515
neutral,11,102,0.9822732210159302
neutral,11,103,0.3860835134983063
neutral,11,104,1.1196670532226562
neutral,11,105,0.4160853326320648
neutral,11,106,0.8502960205078125
neutral,11,107,0.09832404553890228
neutral,11,108,0.3625415563583374
neutral,11,109,0.2223062515258789
neutral,11,110,0.4153711795806885
neutral,11,111,0.2678050994873047
neutral,11,112,0.08241130411624908
neutral,11,113,0.32050102949142456
neutral,11,114,0.08371841162443161
neutral,11,115,0.2033044397830963
neutral,11,116,0.6247395277023315
neutral,11,117,0.05999999865889549
neutral,11,118,0.2614172101020813
neutral,11,119,0.4516182541847229
neutral,11,120,0.649791955947876
neutral,11,121,1.2054697275161743
neutral,11,122,0.5068854689598083
neutral,11,123,0.6145897507667542
neutral,11,124,0.18631622195243835
neutral,11,125,0.2559940218925476
neutral,11,126,0.5437063574790955
neutral,11,127,0.8753924369812012
neutral,11,128,0.28712573647499084
neutral,11,129,0.5336535573005676
neutral,11,130,0.817104697227478
neutral,11,131,0.4198884069919586
neutral,11,132,0.6149023175239563
neutral,11,133,0.5397406220436096
neutral,11,134,0.5788185596466064
neutral,11,135,0.5885031223297119
neutral,11,136,0.37813228368759155
neutral,11,137,0.09558828175067902
neutral,11,138,0.6755454540252686
neutral,11,139,0.5854434967041016
neutral,11,140,0.06958378851413727
neutral,11,141,0.8379787802696228
neutral,11,142,0.38743460178375244
neutral,11,143,1.0423320531845093
neutral,11,144,0.3843005299568176
neutral,11,145,0.08300608396530151
neutral,11,146,0.3556799292564392
neutral,11,147,0.3774074912071228
neutral,11,148,1.6826586723327637
neutral,11,149,1.0084425210952759
neutral,11,150,1.148758053779602
neutral,11,151,0.06403882801532745
neutral,11,152,0.47560179233551025
neutral,11,153,0.45393961668014526
neutral,11,154,0.3488389849662781
neutral,11,155,0.2820708155632019
neutral,11,156,0.38609200716018677
neutral,11,157,0.8231824040412903
neutral,11,158,0.33171597123146057
neutral,11,159,0.680306077003479
neutral,11,160,1.3553043603897095
neutral,11,161,0.3187709450721741
neutral,11,162,0.6314884424209595
neutral,11,163,0.6887907981872559
neutral,11,164,0.6206893920898438
neutral,11,165,1.0743272304534912
neutral,11,166,0.4860154390335083
neutral,11,167,0.08546444028615952
neutral,11,168,0.5947025418281555
neutral,11,169,0.32008716464042664
neutral,11,170,1.2341578006744385
neutral,11,171,0.6194911003112793
neutral,11,172,0.42367038130760193
neutral,11,173,0.4909118413925171
neutral,11,174,0.7965664863586426
neutral,11,175,0.21418052911758423
neutral,11,176,0.43056613206863403
neutral,11,177,0.5306859016418457
neutral,11,178,0.05999999865889549
neutral,11,179,0.5918747782707214
neutral,11,180,0.9073610901832581
neutral,11,181,0.5731451511383057
neutral,11,182,0.5244292616844177
neutral,11,183,0.3326711058616638
neutral,11,184,1.2941441535949707
neutral,11,185,0.3145502507686615
neutral,11,186,0.5941992402076721
neutral,11,187,0.37592974305152893
neutral,11,188,0.9033747911453247
neutral,11,189,0.5674780607223511
neutral,11,190,1.1388157606124878
neutral,11,191,0.7961061596870422
neutral,11,192,0.7048633694648743
neutral,11,193,0.4905942976474762
neutral,11,194,0.14129333198070526
neutral,11,195,0.8156463503837585
neutral,11,196,0.5823653936386108
neutral,11,197,0.28351810574531555
neutral,11,198,0.8979427814483643
neutral,11,199,0.36368849873542786
neutral,11,200,1.2842882871627808
neutral,11,201,0.6381821632385254
neutral,11,202,0.4070741534233093
neutral,11,203,0.8944305777549744
neutral,11,204,0.7534875273704529
neutral,11,205,0.05999999865889549
neutral,11,206,0.22647109627723694
neutral,11,207,0.08587555587291718
neutral,11,208,0.22702477872371674
neutral,11,209,1.0215736627578735
neutral,11,210,0.407988578081131
neutral,11,211,0.6819750666618347
neutral,11,212,1.0671645402908325
neutral,11,213,0.12391570955514908
neutral,11,214,1.0206173658370972
neutral,11,215,0.7154094576835632
neutral,11,216,0.46324408054351807
neutral,11,217,0.12737540900707245
neutral,11,218,0.42316991090774536
neutral,11,219,0.37330615520477295
neutral,11,220,0.6224467754364014
neutral,11,221,0.7055974006652832
neutral,11,222,0.14064258337020874
neutral,11,223,0.7347902059555054
neutral,11,224,0.19996556639671326
neutral,11,225,0.2097625732421875
neutral,11,226,0.8008641600608826
neutral,11,227,0.23131558299064636
neutral,11,228,0.2612590193748474
neutral,11,229,0.5091289281845093
neutral,11,230,0.7154174447059631
neutral,11,231,0.17011111974716187
neutral,11,232,0.11004626750946045
neutral,11,233,0.37254807353019714
neutral,11,234,0.5925605893135071
neutral,11,235,0.42135703563690186
neutral,11,236,0.47532176971435547
neutral,11,237,0.21827910840511322
neutral,11,238,0.6226606369018555
neutral,11,239,0.4436177611351013
