scenario,scenario_label,scenario_group,method,method_label,episode_id,reset_seed,vector_env_index,num_rso,mean_uncertainty,max_uncertainty,p90_uncertainty,p95_uncertainty,p99_uncertainty,custody,fine_custody,mean_age,episode_return
id_fixed_30,ID: fixed 30,in_distribution,random_feasible,Random feasible,0,30000,0,30,36.73973083496094,118.94010925292969,106.12838973999024,108.59679565429687,115.98322525024415,0.5,0.0,7340.0791015625,-746.4270785227418
id_fixed_30,ID: fixed 30,in_distribution,random_feasible,Random feasible,1,30000,1,30,23.535512924194336,109.10488891601562,102.82014083862305,106.94986648559569,108.94975112915039,0.6333333333333333,0.06666666666666667,7277.0712890625,-718.561103604734
id_fixed_30,ID: fixed 30,in_distribution,random_feasible,Random feasible,2,30000,2,30,30.956897735595703,118.5786361694336,108.47757720947266,109.43649215698242,116.06283882141113,0.6,0.1,8057.39697265625,-746.6134189814329
id_fixed_30,ID: fixed 30,in_distribution,random_feasible,Random feasible,3,30000,3,30,21.834964752197266,110.14561462402344,105.96843032836914,108.4714511871338,109.68279876708985,0.7,0.03333333333333333,7153.474609375,-696.2189345434308
id_fixed_30,ID: fixed 30,in_distribution,random_feasible,Random feasible,4,30000,4,30,37.32733917236328,114.76253509521484,108.5555908203125,108.9239387512207,113.13623893737794,0.5333333333333333,0.03333333333333333,7737.4990234375,-765.8190894722939
id_fixed_30,ID: fixed 30,in_distribution,random_feasible,Random feasible,5,30000,5,30,45.32351303100586,115.64181518554688,108.32143173217773,111.66246337890624,115.21677597045898,0.43333333333333335,0.03333333333333333,9562.1103515625,-758.3835816904902
id_fixed_30,ID: fixed 30,in_distribution,random_feasible,Random feasible,6,30000,6,30,48.80762481689453,113.7699966430664,108.71236648559571,111.3738010406494,113.6898324584961,0.4666666666666667,0.03333333333333333,10862.810546875,-751.7847019955516
id_fixed_30,ID: fixed 30,in_distribution,random_feasible,Random feasible,7,30000,7,30,42.926353454589844,108.8081283569336,108.17266464233398,108.46731719970703,108.71793922424317,0.5,0.0,9096.6474609375,-753.5725090205669
id_fixed_30,ID: fixed 30,in_distribution,random_feasible,Random feasible,8,30000,8,30,41.86939239501953,120.63121795654297,108.78588638305663,113.32164573669431,119.48742912292481,0.4666666666666667,0.03333333333333333,9776.7607421875,-778.8299331367016
id_fixed_30,ID: fixed 30,in_distribution,random_feasible,Random feasible,9,30000,9,30,24.27735710144043,118.72554016113281,103.47520294189454,108.02456359863281,115.83941711425783,0.6666666666666666,0.06666666666666667,6254.97021484375,-734.9328331127763
id_fixed_30,ID: fixed 30,in_distribution,random_feasible,Random feasible,10,30000,10,30,25.48453712463379,104.49697875976562,102.06388626098632,102.57864990234376,103.98504486083985,0.5333333333333333,0.03333333333333333,6146.33349609375,-744.6714771091938
id_fixed_30,ID: fixed 30,in_distribution,random_feasible,Random feasible,11,30000,11,30,43.557701110839844,119.12339782714844,108.62649307250976,109.02252731323242,116.25035301208497,0.5666666666666667,0.03333333333333333,9752.5810546875,-767.4486993029714
id_fixed_30,ID: fixed 30,in_distribution,random_feasible,Random feasible,12,30000,12,30,34.849143981933594,113.85807800292969,106.69623489379883,107.33085441589355,111.99127380371094,0.6,0.03333333333333333,7332.77001953125,-711.8970576375723
id_fixed_30,ID: fixed 30,in_distribution,random_feasible,Random feasible,13,30000,13,30,26.13825225830078,109.47349548339844,106.64709091186523,108.5924789428711,109.24218269348144,0.5666666666666667,0.0,7286.0439453125,-726.1377969607711
id_fixed_30,ID: fixed 30,in_distribution,random_feasible,Random feasible,14,30000,14,30,38.873069763183594,119.2962646484375,107.5079444885254,111.87356719970701,118.12976425170899,0.43333333333333335,0.03333333333333333,9454.904296875,-749.2292192950845
id_fixed_30,ID: fixed 30,in_distribution,random_feasible,Random feasible,15,30000,15,30,35.71087646484375,115.31654357910156,107.90563735961913,108.54986228942872,113.36643341064453,0.5666666666666667,0.0,8266.7607421875,-763.8283621296287
id_fixed_30,ID: fixed 30,in_distribution,random_feasible,Random feasible,16,30000,16,30,24.67867660522461,115.37651824951172,108.25390319824218,108.73739280700684,113.50141265869141,0.7,0.0,7742.97314453125,-726.8067511096597
id_fixed_30,ID: fixed 30,in_distribution,random_feasible,Random feasible,17,30000,17,30,31.198801040649414,110.64974212646484,106.89896774291992,107.45110702514648,109.75404808044433,0.5333333333333333,0.03333333333333333,8169.4287109375,-748.8247712478042
id_fixed_30,ID: fixed 30,in_distribution,random_feasible,Random feasible,18,30000,18,30,41.76545333862305,119.50350952148438,109.4064697265625,117.02030029296874,119.40443267822266,0.5666666666666667,0.03333333333333333,8197.0830078125,-753.3168497979641
id_fixed_30,ID: fixed 30,in_distribution,random_feasible,Random feasible,19,30000,19,30,28.443395614624023,108.11424255371094,106.72840118408203,107.15297737121583,107.84827056884765,0.5,0.0,7907.6708984375,-721.8720411509275
id_fixed_30,ID: fixed 30,in_distribution,random_feasible,Random feasible,20,30001,0,30,33.40248489379883,114.10881805419922,100.37851943969727,107.74533691406249,112.34602241516114,0.6333333333333333,0.06666666666666667,5559.14208984375,-742.640086658299
id_fixed_30,ID: fixed 30,in_distribution,random_feasible,Random feasible,21,30001,1,30,38.86182403564453,119.68815612792969,107.31089706420899,114.17459487915036,119.4519204711914,0.5,0.03333333333333333,6526.833984375,-758.2750139907002
id_fixed_30,ID: fixed 30,in_distribution,random_feasible,Random feasible,22,30001,2,30,33.54904556274414,120.39186096191406,104.94019622802735,107.99451141357422,117.04284240722657,0.5666666666666667,0.03333333333333333,7326.33935546875,-757.2496315911412
id_fixed_30,ID: fixed 30,in_distribution,random_feasible,Random feasible,23,30001,3,30,31.126821517944336,108.31451416015625,107.16006546020508,107.81139602661133,108.21308097839355,0.6,0.13333333333333333,9380.619140625,-705.5172127559781
id_fixed_30,ID: fixed 30,in_distribution,random_feasible,Random feasible,24,30001,4,30,23.864665985107422,108.464111328125,88.33221206665041,104.74565124511716,108.45435409545898,0.5333333333333333,0.03333333333333333,7276.265625,-727.218701004982
id_fixed_30,ID: fixed 30,in_distribution,random_feasible,Random feasible,25,30001,5,30,25.381858825683594,114.43206024169922,107.04009399414063,108.49172897338867,112.74223808288575,0.5333333333333333,0.1,6566.02099609375,-720.5927699655294
id_fixed_30,ID: fixed 30,in_distribution,random_feasible,Random feasible,26,30001,6,30,39.302574157714844,109.17189025878906,108.03813171386719,108.36755638122558,109.00832496643066,0.5333333333333333,0.03333333333333333,8944.974609375,-764.4268694892526
id_fixed_30,ID: fixed 30,in_distribution,random_feasible,Random feasible,27,30001,7,30,31.52197265625,120.27117156982422,104.90387573242188,107.82193107604981,116.8337272644043,0.5666666666666667,0.06666666666666667,7412.04931640625,-725.1692892238498
id_fixed_30,ID: fixed 30,in_distribution,random_feasible,Random feasible,28,30001,8,30,44.282310485839844,119.44329071044922,108.7753517150879,108.94229393005371,116.41605949401857,0.43333333333333335,0.0,8919.1025390625,-755.7220153436065
id_fixed_30,ID: fixed 30,in_distribution,random_feasible,Random feasible,29,30001,9,30,52.33632278442383,119.50619506835938,108.37392654418946,112.31829185485839,118.16105545043946,0.36666666666666664,0.0,9684.791015625,-773.1670021787286
id_fixed_30,ID: fixed 30,in_distribution,random_feasible,Random feasible,30,30001,10,30,43.53624725341797,113.60287475585938,106.31180953979492,108.53460464477538,112.15069320678711,0.4666666666666667,0.03333333333333333,9331.587890625,-749.253140732646
id_fixed_30,ID: fixed 30,in_distribution,random_feasible,Random feasible,31,30001,11,30,21.796480178833008,117.4346923828125,107.18980178833007,108.03088302612305,114.89805084228516,0.6333333333333333,0.03333333333333333,6988.92431640625,-712.0519134476781
id_fixed_30,ID: fixed 30,in_distribution,random_feasible,Random feasible,32,30001,12,30,34.51807403564453,108.47200012207031,103.51324996948242,104.00139617919922,107.18595924377442,0.5666666666666667,0.03333333333333333,6588.61474609375,-746.4143500030041
id_fixed_30,ID: fixed 30,in_distribution,random_feasible,Random feasible,33,30001,13,30,32.94342803955078,115.9874267578125,107.99298400878907,108.48547973632813,113.83043670654297,0.6,0.0,9416.3212890625,-742.7389783188701
id_fixed_30,ID: fixed 30,in_distribution,random_feasible,Random feasible,34,30001,14,30,28.701507568359375,114.67786407470703,104.90314025878907,107.48822288513183,112.71471107482911,0.5,0.03333333333333333,8096.29052734375,-723.8652738630772
id_fixed_30,ID: fixed 30,in_distribution,random_feasible,Random feasible,35,30001,15,30,39.21689987182617,119.18993377685547,109.01800994873047,112.51627159118651,117.79080635070801,0.5333333333333333,0.0,8208.310546875,-739.7126063406467
id_fixed_30,ID: fixed 30,in_distribution,random_feasible,Random feasible,36,30001,16,30,37.92589569091797,108.43450164794922,107.11246719360352,108.0435562133789,108.42871589660645,0.4666666666666667,0.0,8219.86328125,-746.7779041230679
id_fixed_30,ID: fixed 30,in_distribution,random_feasible,Random feasible,37,30001,17,30,37.54924392700195,113.07270812988281,106.30955200195312,107.54332618713379,111.5667865753174,0.5333333333333333,0.03333333333333333,7794.4775390625,-741.9028957039118
id_fixed_30,ID: fixed 30,in_distribution,random_feasible,Random feasible,38,30001,18,30,35.281639099121094,120.08197784423828,108.13145370483399,112.09589462280272,118.49517967224122,0.5,0.03333333333333333,8975.62109375,-748.8109694197774
id_fixed_30,ID: fixed 30,in_distribution,random_feasible,Random feasible,39,30001,19,30,41.29892349243164,108.90487670898438,106.54473724365235,107.64169082641601,108.78022750854493,0.36666666666666664,0.03333333333333333,8789.7763671875,-769.1573599502444
id_fixed_30,ID: fixed 30,in_distribution,random_feasible,Random feasible,40,30002,0,30,38.00032424926758,115.42619323730469,109.1985336303711,114.9233097076416,115.39347221374511,0.5,0.0,6958.3359375,-759.5511477664113
id_fixed_30,ID: fixed 30,in_distribution,random_feasible,Random feasible,41,30002,1,30,42.740665435791016,114.6412124633789,107.59147109985352,107.92529792785645,112.75867500305176,0.4666666666666667,0.0,9094.767578125,-760.0884698629379
id_fixed_30,ID: fixed 30,in_distribution,random_feasible,Random feasible,42,30002,2,30,30.419939041137695,119.30819702148438,104.81004180908204,107.33935890197753,116.0265830230713,0.5333333333333333,0.0,7797.5400390625,-722.11823117733
id_fixed_30,ID: fixed 30,in_distribution,random_feasible,Random feasible,43,30002,3,30,41.97044372558594,108.8194808959961,107.75976486206055,108.55737762451172,108.79226905822753,0.43333333333333335,0.1,10253.0107421875,-750.7059784084558
id_fixed_30,ID: fixed 30,in_distribution,random_feasible,Random feasible,44,30002,4,30,36.59812927246094,109.08583068847656,108.4586669921875,108.68907356262207,108.98675605773926,0.5333333333333333,0.1,8206.0498046875,-760.5021007284522
id_fixed_30,ID: fixed 30,in_distribution,random_feasible,Random feasible,45,30002,5,30,28.34996795654297,118.78491973876953,106.72077255249023,107.50362930297851,115.6818409729004,0.5,0.06666666666666667,6381.1416015625,-744.3766924962401
id_fixed_30,ID: fixed 30,in_distribution,random_feasible,Random feasible,46,30002,6,30,53.78419494628906,109.03675842285156,107.43244247436523,108.03849067687987,108.8272412109375,0.3333333333333333,0.0,8165.17236328125,-784.84248829633
id_fixed_30,ID: fixed 30,in_distribution,random_feasible,Random feasible,47,30002,7,30,49.986087799072266,119.69166564941406,108.54661712646484,110.64996070861815,117.5012819671631,0.43333333333333335,0.03333333333333333,10119.0556640625,-783.0791107490659
id_fixed_30,ID: fixed 30,in_distribution,random_feasible,Random feasible,48,30002,8,30,36.95802688598633,115.929443359375,109.33231811523439,113.97945747375488,115.60260040283204,0.5,0.0,8076.482421875,-779.2785960510373
id_fixed_30,ID: fixed 30,in_distribution,random_feasible,Random feasible,49,30002,9,30,43.09095764160156,119.56217956542969,109.39844818115235,115.40262298583984,118.41470245361329,0.4666666666666667,0.03333333333333333,6625.857421875,-782.2226728051901
id_fixed_30,ID: fixed 30,in_distribution,random_feasible,Random feasible,50,30002,10,30,27.34720802307129,111.2817611694336,106.27908325195312,107.84127578735351,110.37742500305175,0.6,0.03333333333333333,6752.38525390625,-731.7424919381738
id_fixed_30,ID: fixed 30,in_distribution,random_feasible,Random feasible,51,30002,11,30,47.576969146728516,120.18783569335938,109.49480209350587,118.16249465942383,119.83715942382813,0.4666666666666667,0.06666666666666667,7709.7158203125,-772.6608655899763
id_fixed_30,ID: fixed 30,in_distribution,random_feasible,Random feasible,52,30002,12,30,36.72245788574219,114.46553039550781,110.32052688598634,113.97353935241699,114.41304267883301,0.6,0.06666666666666667,6970.4501953125,-761.548088811338
id_fixed_30,ID: fixed 30,in_distribution,random_feasible,Random feasible,53,30002,13,30,24.902772903442383,111.06889343261719,99.02326278686523,104.84394302368162,110.4050210571289,0.6666666666666666,0.0,5879.7568359375,-722.9551034495234
id_fixed_30,ID: fixed 30,in_distribution,random_feasible,Random feasible,54,30002,14,30,48.8243408203125,108.43321990966797,107.96214065551757,108.22888526916503,108.39520874023438,0.4666666666666667,0.06666666666666667,9718.8271484375,-762.2138222232461
id_fixed_30,ID: fixed 30,in_distribution,random_feasible,Random feasible,55,30002,15,30,36.478538513183594,117.96257781982422,108.24436645507812,112.23612518310544,117.18124031066895,0.5333333333333333,0.0,9625.6845703125,-746.4847009629011
id_fixed_30,ID: fixed 30,in_distribution,random_feasible,Random feasible,56,30002,16,30,14.461681365966797,114.46534729003906,21.440208816528454,107.24393348693847,112.4383098602295,0.6666666666666666,0.0,7145.7333984375,-728.7930931672454
id_fixed_30,ID: fixed 30,in_distribution,random_feasible,Random feasible,57,30002,17,30,34.29433822631836,108.10665893554688,105.67146759033203,107.75352973937989,108.0650479888916,0.6,0.0,7989.078125,-725.8360047787428
id_fixed_30,ID: fixed 30,in_distribution,random_feasible,Random feasible,58,30002,18,30,39.7052116394043,116.10218048095703,107.72032775878907,110.58206558227538,114.96074356079102,0.6333333333333333,0.03333333333333333,9135.087890625,-766.0618129745126
id_fixed_30,ID: fixed 30,in_distribution,random_feasible,Random feasible,59,30002,19,30,27.630826950073242,116.98792266845703,108.67357864379883,116.03402137756348,116.92708045959472,0.6,0.0,6819.45166015625,-723.9191131144762
id_fixed_30,ID: fixed 30,in_distribution,random_feasible,Random feasible,60,30003,0,30,25.11269187927246,107.84161376953125,103.32850875854493,104.85372428894043,107.12122245788575,0.6,0.03333333333333333,7705.109375,-720.2968117594719
id_fixed_30,ID: fixed 30,in_distribution,random_feasible,Random feasible,61,30003,1,30,49.224979400634766,114.05709075927734,107.24800338745118,111.35633888244628,113.89987983703614,0.4666666666666667,0.0,9541.0341796875,-783.8514127209783
id_fixed_30,ID: fixed 30,in_distribution,random_feasible,Random feasible,62,30003,2,30,41.25722122192383,118.95478057861328,106.34826736450195,108.00851325988769,115.97119361877442,0.4666666666666667,0.03333333333333333,7254.0517578125,-745.8033894822001
id_fixed_30,ID: fixed 30,in_distribution,random_feasible,Random feasible,63,30003,3,30,45.24643325805664,119.263427734375,108.22207260131836,108.76737594604492,116.30743759155274,0.43333333333333335,0.03333333333333333,8868.0673828125,-776.5830378234386
id_fixed_30,ID: fixed 30,in_distribution,random_feasible,Random feasible,64,30003,4,30,27.63367462158203,113.741455078125,104.56154251098633,105.93156089782714,111.75273635864258,0.5666666666666667,0.03333333333333333,6696.255859375,-744.4327225163579
id_fixed_30,ID: fixed 30,in_distribution,random_feasible,Random feasible,65,30003,5,30,34.67707061767578,110.87713623046875,107.37596130371094,108.49179611206054,110.28026573181153,0.6,0.03333333333333333,7252.43994140625,-760.5487452149391
id_fixed_30,ID: fixed 30,in_distribution,random_feasible,Random feasible,66,30003,6,30,31.00609016418457,118.200927734375,107.07898559570313,108.22455558776855,115.46282920837403,0.5333333333333333,0.0,8441.212890625,-724.9427818506956
id_fixed_30,ID: fixed 30,in_distribution,random_feasible,Random feasible,67,30003,7,30,30.203279495239258,108.5157699584961,106.59387893676758,106.8913745880127,108.06547920227051,0.5666666666666667,0.1,8038.69580078125,-737.3509173616767
id_fixed_30,ID: fixed 30,in_distribution,random_feasible,Random feasible,68,30003,8,30,46.92534637451172,120.69244384765625,108.84593887329102,115.19447479248043,120.52916397094727,0.4666666666666667,0.03333333333333333,10005.9853515625,-785.1929627433419
id_fixed_30,ID: fixed 30,in_distribution,random_feasible,Random feasible,69,30003,9,30,42.43633270263672,113.90074157714844,107.40360260009766,108.31825904846191,112.31840827941895,0.4666666666666667,0.06666666666666667,9757.7919921875,-765.1164640784264
id_fixed_30,ID: fixed 30,in_distribution,random_feasible,Random feasible,70,30003,10,30,28.55276870727539,107.8364028930664,103.91143035888672,105.42858276367187,107.14771705627442,0.5666666666666667,0.06666666666666667,7669.24072265625,-730.1744494885206
id_fixed_30,ID: fixed 30,in_distribution,random_feasible,Random feasible,71,30003,11,30,39.184303283691406,108.75228118896484,107.5790802001953,108.50407180786132,108.70998435974121,0.4,0.03333333333333333,9923.017578125,-768.9056092873216
id_fixed_30,ID: fixed 30,in_distribution,random_feasible,Random feasible,72,30003,12,30,43.381370544433594,118.85601806640625,109.08634643554689,115.4124687194824,118.67166168212891,0.5666666666666667,0.03333333333333333,6478.39599609375,-765.905899129808
id_fixed_30,ID: fixed 30,in_distribution,random_feasible,Random feasible,73,30003,13,30,17.298648834228516,108.64220428466797,50.62080917358405,101.0999862670898,108.62356376647949,0.6333333333333333,0.0,6171.8486328125,-752.0866152942181
id_fixed_30,ID: fixed 30,in_distribution,random_feasible,Random feasible,74,30003,14,30,17.144336700439453,108.75821685791016,78.18277816772465,105.35119934082032,107.95354606628418,0.6,0.0,7383.3681640625,-718.9632342904806
id_fixed_30,ID: fixed 30,in_distribution,random_feasible,Random feasible,75,30003,15,30,31.15386962890625,108.09710693359375,105.2155632019043,106.68737487792968,107.69096488952637,0.5666666666666667,0.03333333333333333,8400.2373046875,-724.5626607090235
id_fixed_30,ID: fixed 30,in_distribution,random_feasible,Random feasible,76,30003,16,30,37.37961196899414,108.59123992919922,108.3170654296875,108.47385025024414,108.59119789123535,0.4666666666666667,0.0,11157.720703125,-776.5932012274861
id_fixed_30,ID: fixed 30,in_distribution,random_feasible,Random feasible,77,30003,17,30,54.683509826660156,109.09147644042969,107.8886329650879,108.38577766418457,108.91004501342773,0.36666666666666664,0.06666666666666667,8102.30517578125,-775.497791312635
id_fixed_30,ID: fixed 30,in_distribution,random_feasible,Random feasible,78,30003,18,30,24.826051712036133,108.41111755371094,99.50208206176758,106.87470169067382,108.2395539855957,0.4666666666666667,0.03333333333333333,7303.064453125,-764.78276822716
id_fixed_30,ID: fixed 30,in_distribution,random_feasible,Random feasible,79,30003,19,30,35.816749572753906,113.4368667602539,108.34202499389649,110.03254165649413,112.74305229187011,0.5333333333333333,0.0,7306.07080078125,-758.1228090450168
id_fixed_30,ID: fixed 30,in_distribution,random_feasible,Random feasible,80,30004,0,30,33.5974006652832,115.68948364257812,104.61233367919922,108.65051383972168,113.71976165771486,0.5666666666666667,0.03333333333333333,6870.93212890625,-751.510742969811
id_fixed_30,ID: fixed 30,in_distribution,random_feasible,Random feasible,81,30004,1,30,39.37903594970703,114.59353637695312,108.25226135253907,108.79068717956542,113.01201507568359,0.4666666666666667,0.03333333333333333,7951.7685546875,-754.7534718364477
id_fixed_30,ID: fixed 30,in_distribution,random_feasible,Random feasible,82,30004,2,30,33.7006721496582,120.0850830078125,108.07228393554688,108.50534324645996,116.75748168945313,0.5333333333333333,0.06666666666666667,7327.73974609375,-762.9864037111402
id_fixed_30,ID: fixed 30,in_distribution,random_feasible,Random feasible,83,30004,3,30,42.08210754394531,118.06312561035156,108.71167221069337,109.06424903869629,115.49948463439942,0.5666666666666667,0.0,8146.5322265625,-775.8050643205643
id_fixed_30,ID: fixed 30,in_distribution,random_feasible,Random feasible,84,30004,4,30,43.613014221191406,110.25209045410156,108.18597946166992,108.50950393676757,109.77785797119141,0.4666666666666667,0.1,9759.4248046875,-752.3610499426723
id_fixed_30,ID: fixed 30,in_distribution,random_feasible,Random feasible,85,30004,5,30,47.27542495727539,114.88937377929688,108.44078750610352,111.49460906982421,114.62167823791503,0.5,0.0,9055.7236328125,-760.3355745971203
id_fixed_30,ID: fixed 30,in_distribution,random_feasible,Random feasible,86,30004,6,30,28.53870964050293,120.1124038696289,105.7085968017578,106.25759544372559,116.11575729370118,0.6333333333333333,0.0,8218.0908203125,-733.1027839407325
id_fixed_30,ID: fixed 30,in_distribution,random_feasible,Random feasible,87,30004,7,30,34.22894287109375,119.6455307006836,108.25876159667969,112.36397132873535,117.90584709167481,0.5,0.03333333333333333,7149.55712890625,-753.6103569716215
id_fixed_30,ID: fixed 30,in_distribution,random_feasible,Random feasible,88,30004,8,30,42.42056655883789,114.44428253173828,108.23389587402343,108.55723304748535,112.79811347961426,0.4,0.03333333333333333,9263.32421875,-750.8629784658551
id_fixed_30,ID: fixed 30,in_distribution,random_feasible,Random feasible,89,30004,9,30,43.66748809814453,118.45772552490234,107.62655105590821,111.75888137817381,117.3104165649414,0.4,0.06666666666666667,8775.9970703125,-752.5522434338927
id_fixed_30,ID: fixed 30,in_distribution,random_feasible,Random feasible,90,30004,10,30,27.636503219604492,109.92312622070312,101.39550781250001,108.02337951660157,109.55150177001953,0.6333333333333333,0.03333333333333333,6468.9638671875,-716.9597861096263
id_fixed_30,ID: fixed 30,in_distribution,random_feasible,Random feasible,91,30004,11,30,30.37093162536621,119.54769897460938,101.85158081054689,108.77310485839844,116.44754737854005,0.5,0.0,6265.21435546875,-738.2496168762445
id_fixed_30,ID: fixed 30,in_distribution,random_feasible,Random feasible,92,30004,12,30,40.85532760620117,120.42826843261719,108.84433517456054,111.75500183105467,118.58439041137696,0.5,0.0,7412.40087890625,-797.9407647624612
id_fixed_30,ID: fixed 30,in_distribution,random_feasible,Random feasible,93,30004,13,30,34.39801788330078,114.04071044921875,105.909139251709,107.75421600341797,112.23076148986817,0.43333333333333335,0.0,7521.37060546875,-734.5764968469739
id_fixed_30,ID: fixed 30,in_distribution,random_feasible,Random feasible,94,30004,14,30,23.257741928100586,110.29287719726562,99.7061752319336,102.48874588012694,108.52506576538086,0.7,0.0,6860.8056640625,-698.7180195450783
id_fixed_30,ID: fixed 30,in_distribution,random_feasible,Random feasible,95,30004,15,30,33.768489837646484,115.19234466552734,107.97843170166016,108.15863571166992,113.1885652923584,0.5666666666666667,0.06666666666666667,6977.826171875,-743.8502988889813
id_fixed_30,ID: fixed 30,in_distribution,random_feasible,Random feasible,96,30004,16,30,29.869853973388672,120.3524169921875,104.96233749389648,108.40320091247558,117.04725952148438,0.6,0.06666666666666667,8426.3291015625,-712.0572893321514
id_fixed_30,ID: fixed 30,in_distribution,random_feasible,Random feasible,97,30004,17,30,47.10923767089844,120.33647155761719,109.22360916137696,116.79372940063475,120.04325233459473,0.5,0.0,8484.0048828125,-756.4222860857844
id_fixed_30,ID: fixed 30,in_distribution,random_feasible,Random feasible,98,30004,18,30,29.17234230041504,119.18014526367188,108.53643341064453,111.298038482666,117.53053573608399,0.6333333333333333,0.0,6711.93994140625,-745.5337964445353
id_fixed_30,ID: fixed 30,in_distribution,random_feasible,Random feasible,99,30004,19,30,32.765830993652344,109.24178314208984,106.26585464477539,108.02758750915527,108.91731422424317,0.5666666666666667,0.06666666666666667,8189.2783203125,-723.5593253746629
id_fixed_30,ID: fixed 30,in_distribution,oldest_first,Oldest first,0,30000,0,30,2.5703775882720947,25.364337921142578,3.0863289833068874,12.039425373077353,23.25678230285645,0.9333333333333333,0.0,2184.5,-531.9389878883958
id_fixed_30,ID: fixed 30,in_distribution,oldest_first,Oldest first,1,30000,1,30,3.2999422550201416,28.097145080566406,3.6420711994171144,13.38872995376582,26.10932630538941,0.9333333333333333,0.1,2875.333251953125,-540.4198941141367
id_fixed_30,ID: fixed 30,in_distribution,oldest_first,Oldest first,2,30000,2,30,2.592597723007202,36.78046798706055,2.733039331436158,11.83023905754085,31.600574417114274,0.9333333333333333,0.03333333333333333,2735.0,-534.865633353591
id_fixed_30,ID: fixed 30,in_distribution,oldest_first,Oldest first,3,30000,3,30,2.118295431137085,26.900066375732422,1.9960541248321535,7.741065168380708,22.691737632751476,0.9333333333333333,0.0,2693.5,-465.46022970601916
id_fixed_30,ID: fixed 30,in_distribution,oldest_first,Oldest first,4,30000,4,30,4.66306209564209,28.39769172668457,20.104583168029787,21.31835308074951,26.381844139099126,0.8333333333333334,0.03333333333333333,2951.666748046875,-609.0353365316987
id_fixed_30,ID: fixed 30,in_distribution,oldest_first,Oldest first,5,30000,5,30,3.423624277114868,29.594013214111328,4.5874989509582536,16.922650527954044,28.60264961242676,0.9,0.0,2518.666748046875,-445.20388693362474
id_fixed_30,ID: fixed 30,in_distribution,oldest_first,Oldest first,6,30000,6,30,11.032461166381836,83.45885467529297,30.612567329406765,64.25850467681876,81.87812545776367,0.7666666666666667,0.0,4019.0,-646.3011903464794
id_fixed_30,ID: fixed 30,in_distribution,oldest_first,Oldest first,7,30000,7,30,4.269220352172852,47.9455680847168,5.261862754821795,21.455532932281468,41.49596538543703,0.9,0.0,2620.0,-562.3778102248907
id_fixed_30,ID: fixed 30,in_distribution,oldest_first,Oldest first,8,30000,8,30,9.334439277648926,82.0255126953125,29.43906612396241,33.84940929412842,68.07417671203618,0.7,0.1,2590.666748046875,-663.5204804465175
id_fixed_30,ID: fixed 30,in_distribution,oldest_first,Oldest first,9,30000,9,30,5.154647350311279,37.25959777832031,28.07909622192383,31.309667587280266,35.84631462097168,0.8666666666666667,0.03333333333333333,2835.0,-601.6324327066541
id_fixed_30,ID: fixed 30,in_distribution,oldest_first,Oldest first,10,30000,10,30,6.297107219696045,24.758079528808594,19.424266052246097,22.39011859893798,24.384242000579835,0.7,0.06666666666666667,2227.666748046875,-661.6203647628427
id_fixed_30,ID: fixed 30,in_distribution,oldest_first,Oldest first,11,30000,11,30,8.600141525268555,103.80143737792969,6.5023053169250815,59.711986541747876,98.74335433959962,0.9,0.0,3008.333251953125,-592.4068585634232
id_fixed_30,ID: fixed 30,in_distribution,oldest_first,Oldest first,12,30000,12,30,2.3499932289123535,25.53243637084961,3.744818902015686,4.257809329032896,19.43879621505739,0.9666666666666667,0.06666666666666667,3278.666748046875,-392.59607626870275
id_fixed_30,ID: fixed 30,in_distribution,oldest_first,Oldest first,13,30000,13,30,2.3963637351989746,26.214874267578125,2.4620355129241944,10.979337263107256,23.78312629699708,0.9333333333333333,0.1,2254.0,-527.823858436197
id_fixed_30,ID: fixed 30,in_distribution,oldest_first,Oldest first,14,30000,14,30,11.933707237243652,85.38040161132812,28.87835636138916,49.406911468505754,79.8186152648926,0.7,0.0,2952.5,-676.3595065250993
id_fixed_30,ID: fixed 30,in_distribution,oldest_first,Oldest first,15,30000,15,30,6.275582790374756,27.900585174560547,27.198536682128907,27.40467014312744,27.75983985900879,0.7666666666666667,0.0,2687.333251953125,-535.6374875977635
id_fixed_30,ID: fixed 30,in_distribution,oldest_first,Oldest first,16,30000,16,30,2.0066592693328857,19.531368255615234,3.0395552635192877,3.6583399891853325,14.960474519729628,0.9666666666666667,0.0,2895.0,-528.1694905757904
id_fixed_30,ID: fixed 30,in_distribution,oldest_first,Oldest first,17,30000,17,30,2.998828649520874,33.20315170288086,3.95693635940552,17.020608139038025,31.249624843597417,0.9,0.0,3550.166748046875,-546.7397990226746
id_fixed_30,ID: fixed 30,in_distribution,oldest_first,Oldest first,18,30000,18,30,4.746360778808594,101.79212951660156,2.251677894592285,10.77305221557613,77.40633811950691,0.9333333333333333,0.0,3089.833251953125,-542.4517320618033
id_fixed_30,ID: fixed 30,in_distribution,oldest_first,Oldest first,19,30000,19,30,2.657752752304077,30.010120391845703,3.8577701568603526,6.251048350334158,23.54283353805544,0.9333333333333333,0.0,2374.833251953125,-443.915496468544
id_fixed_30,ID: fixed 30,in_distribution,oldest_first,Oldest first,20,30001,0,30,1.493605375289917,4.543422698974609,3.1433871746063233,3.399645674228667,4.267484812736512,1.0,0.03333333333333333,2895.333251953125,-519.8225832683966
id_fixed_30,ID: fixed 30,in_distribution,oldest_first,Oldest first,21,30001,1,30,5.877209186553955,92.66295623779297,7.765929698944106,21.733438491821264,73.22673461914069,0.8666666666666667,0.0,2958.0,-587.1308783143759
id_fixed_30,ID: fixed 30,in_distribution,oldest_first,Oldest first,22,30001,2,30,4.70448112487793,26.178241729736328,24.850321960449218,25.277506256103514,26.008393974304198,0.8666666666666667,0.03333333333333333,3234.833251953125,-561.4929837808013
id_fixed_30,ID: fixed 30,in_distribution,oldest_first,Oldest first,23,30001,3,30,3.625542402267456,77.9884033203125,2.9462329626083377,3.9757364988326978,56.75598136901861,0.9666666666666667,0.06666666666666667,3900.333251953125,-486.1662293560803
id_fixed_30,ID: fixed 30,in_distribution,oldest_first,Oldest first,24,30001,4,30,5.442102432250977,28.41000747680664,24.62851676940918,25.08421039581299,27.45432525634766,0.8,0.03333333333333333,3120.666748046875,-587.3094309344888
id_fixed_30,ID: fixed 30,in_distribution,oldest_first,Oldest first,25,30001,5,30,8.856523513793945,101.66854095458984,16.899351119995156,58.44156951904288,93.21403823852542,0.8333333333333334,0.0,3321.833251953125,-619.3362213820219
id_fixed_30,ID: fixed 30,in_distribution,oldest_first,Oldest first,26,30001,6,30,11.0189847946167,87.26779174804688,25.6523645401001,33.284092140197714,73.32292739868168,0.6666666666666666,0.0,2733.0,-703.7395586073399
id_fixed_30,ID: fixed 30,in_distribution,oldest_first,Oldest first,27,30001,7,30,2.8367645740509033,30.25963592529297,4.7747696399688735,12.256133127212491,26.558494663238537,0.9,0.03333333333333333,2410.166748046875,-546.4420104473829
id_fixed_30,ID: fixed 30,in_distribution,oldest_first,Oldest first,28,30001,8,30,5.440954685211182,92.87760925292969,5.0878213405609145,11.564485788345308,70.56801094055183,0.9,0.0,2727.666748046875,-530.3659202456474
id_fixed_30,ID: fixed 30,in_distribution,oldest_first,Oldest first,29,30001,9,30,3.0451741218566895,26.86856460571289,3.3704269886016887,15.871864509582469,26.02263189315796,0.9,0.06666666666666667,2413.833251953125,-537.4004641324282
id_fixed_30,ID: fixed 30,in_distribution,oldest_first,Oldest first,30,30001,10,30,1.2112935781478882,5.861508369445801,2.505079293251038,2.7285727381706235,4.970019779205325,0.9666666666666667,0.03333333333333333,2707.833251953125,176.11356512410566
id_fixed_30,ID: fixed 30,in_distribution,oldest_first,Oldest first,31,30001,11,30,3.754061222076416,32.226192474365234,5.888461780548124,26.536115741729724,31.171552886962893,0.9,0.1,2664.833251953125,-516.2536388412118
id_fixed_30,ID: fixed 30,in_distribution,oldest_first,Oldest first,32,30001,12,30,2.596074342727661,23.619033813476562,4.512452268600465,14.738805580139111,23.31405612945557,0.9,0.03333333333333333,3461.333251953125,-549.8947542756796
id_fixed_30,ID: fixed 30,in_distribution,oldest_first,Oldest first,33,30001,13,30,1.8979028463363647,24.85183334350586,3.259894323348999,3.4021583199501038,18.638515529632585,0.9666666666666667,0.0,3453.833251953125,-451.0958895944059
id_fixed_30,ID: fixed 30,in_distribution,oldest_first,Oldest first,34,30001,14,30,2.6679317951202393,25.745277404785156,4.674640512466432,10.884296607971164,22.698779249191293,0.9,0.06666666666666667,2682.666748046875,-516.3123640418053
id_fixed_30,ID: fixed 30,in_distribution,oldest_first,Oldest first,35,30001,15,30,11.33754825592041,103.37016296386719,34.188398361206076,58.45514087676996,93.01432518005375,0.7333333333333333,0.0,2964.5,-669.4900999292731
id_fixed_30,ID: fixed 30,in_distribution,oldest_first,Oldest first,36,30001,16,30,2.3724606037139893,16.890071868896484,3.4538082361221316,10.719622516632043,16.792679862976076,0.9333333333333333,0.0,2204.666748046875,-564.3615380525589
id_fixed_30,ID: fixed 30,in_distribution,oldest_first,Oldest first,37,30001,17,30,8.328265190124512,80.69100952148438,27.220440101623534,27.501175498962404,65.2775975799561,0.8,0.03333333333333333,2943.333251953125,-635.1020704209805
id_fixed_30,ID: fixed 30,in_distribution,oldest_first,Oldest first,38,30001,18,30,2.301539659500122,17.767440795898438,3.8333817481994648,11.556554031372038,17.522296409606934,0.9333333333333333,0.0,3012.666748046875,-546.5834076441824
id_fixed_30,ID: fixed 30,in_distribution,oldest_first,Oldest first,39,30001,19,30,4.900249004364014,66.31086730957031,4.775632762908957,26.223836421966514,56.454979286193876,0.9,0.06666666666666667,3315.166748046875,-601.7910862788558
id_fixed_30,ID: fixed 30,in_distribution,oldest_first,Oldest first,40,30002,0,30,2.3330636024475098,28.535400390625,3.1588011264801037,4.811317622661585,21.896331481933615,0.9333333333333333,0.0,2877.666748046875,-486.79615088552237
id_fixed_30,ID: fixed 30,in_distribution,oldest_first,Oldest first,41,30002,1,30,2.5176968574523926,19.049579620361328,3.231576585769654,11.43791298866268,18.696042003631593,0.9333333333333333,0.06666666666666667,2841.666748046875,-562.1579355858266
id_fixed_30,ID: fixed 30,in_distribution,oldest_first,Oldest first,42,30002,2,30,3.1713507175445557,26.509540557861328,4.749200773239137,16.326740646362246,26.12626605987549,0.9,0.06666666666666667,2825.833251953125,-494.2809033617377
id_fixed_30,ID: fixed 30,in_distribution,oldest_first,Oldest first,43,30002,3,30,1.5685819387435913,3.983738899230957,3.4102270126342775,3.5536999464035035,3.8605328178405767,1.0,0.06666666666666667,3562.333251953125,463.94450221024454
id_fixed_30,ID: fixed 30,in_distribution,oldest_first,Oldest first,44,30002,4,30,4.516147136688232,27.145183563232422,25.020240020751952,26.302988243103023,27.07240589141846,0.8666666666666667,0.1,2833.833251953125,-560.7320593297482
id_fixed_30,ID: fixed 30,in_distribution,oldest_first,Oldest first,45,30002,5,30,3.4901745319366455,22.824867248535156,7.504886531829856,21.199556732177733,22.419404449462892,0.8666666666666667,0.0,2646.833251953125,-581.2869105413556
id_fixed_30,ID: fixed 30,in_distribution,oldest_first,Oldest first,46,30002,6,30,9.27839183807373,84.62532043457031,26.48346939086914,27.65462684631347,68.36181346893315,0.7333333333333333,0.0,2335.0,-696.9202829450369
id_fixed_30,ID: fixed 30,in_distribution,oldest_first,Oldest first,47,30002,7,30,5.976266384124756,60.66592025756836,22.314211654663087,23.763163757324218,49.9824142456055,0.8333333333333334,0.0,2786.5,-622.1523569300771
id_fixed_30,ID: fixed 30,in_distribution,oldest_first,Oldest first,48,30002,8,30,2.6492042541503906,29.292156219482422,3.2275600910186775,12.623234844207717,26.58925342559815,0.9333333333333333,0.0,2722.666748046875,-513.9273104295135
id_fixed_30,ID: fixed 30,in_distribution,oldest_first,Oldest first,49,30002,9,30,5.159204959869385,79.19573974609375,3.7667531013488773,15.996278285980162,63.70787414550786,0.9333333333333333,0.06666666666666667,3036.666748046875,-563.711915448308
id_fixed_30,ID: fixed 30,in_distribution,oldest_first,Oldest first,50,30002,10,30,6.179996013641357,82.16326141357422,16.070905113220217,24.381122303009,66.88673393249516,0.8333333333333334,0.03333333333333333,3063.5,-616.9655100852251
id_fixed_30,ID: fixed 30,in_distribution,oldest_first,Oldest first,51,30002,11,30,4.421176433563232,26.251697540283203,17.802260780334475,22.82288064956663,26.0690625,0.8666666666666667,0.06666666666666667,2900.666748046875,-601.1307804808021
id_fixed_30,ID: fixed 30,in_distribution,oldest_first,Oldest first,52,30002,12,30,4.919468879699707,27.564292907714844,23.003143119812012,24.836887073516838,27.195038623809815,0.8333333333333334,0.06666666666666667,2788.5,-606.4680043309927
id_fixed_30,ID: fixed 30,in_distribution,oldest_first,Oldest first,53,30002,13,30,2.512404441833496,20.028749465942383,4.977635860443115,5.412534928321837,15.86151393890382,0.9,0.0,2865.833251953125,-482.141675375402
id_fixed_30,ID: fixed 30,in_distribution,oldest_first,Oldest first,54,30002,14,30,7.376595497131348,39.67435073852539,26.568049049377443,27.296690464019775,36.15862953186036,0.7666666666666667,0.16666666666666666,3378.166748046875,-590.6911215409636
id_fixed_30,ID: fixed 30,in_distribution,oldest_first,Oldest first,55,30002,15,30,2.976093292236328,22.92397689819336,3.849774837493913,18.894152069091774,22.85216609954834,0.9,0.0,2748.833251953125,-592.5932943969965
id_fixed_30,ID: fixed 30,in_distribution,oldest_first,Oldest first,56,30002,16,30,5.730985164642334,39.669097900390625,17.5017869949341,34.16598253250119,39.45141426086426,0.8333333333333334,0.0,2124.5,-656.6087789535522
id_fixed_30,ID: fixed 30,in_distribution,oldest_first,Oldest first,57,30002,17,30,4.8128485679626465,27.4412784576416,23.333279418945317,26.613017559051514,27.266069202423097,0.8333333333333334,0.0,2702.666748046875,-632.9042421802878
id_fixed_30,ID: fixed 30,in_distribution,oldest_first,Oldest first,58,30002,18,30,3.5862131118774414,55.475730895996094,3.1473046064376833,16.21801033020013,47.18274135589602,0.9333333333333333,0.03333333333333333,3742.833251953125,-510.32677951827645
id_fixed_30,ID: fixed 30,in_distribution,oldest_first,Oldest first,59,30002,19,30,6.704896926879883,29.215755462646484,28.002353858947753,28.52153978347778,29.129132919311523,0.8,0.0,3358.833251953125,-626.1431222110987
id_fixed_30,ID: fixed 30,in_distribution,oldest_first,Oldest first,60,30003,0,30,9.543408393859863,102.46741485595703,28.608016395568853,36.85583810806271,84.69289199829106,0.8,0.1,3095.333251953125,-632.0081860050559
id_fixed_30,ID: fixed 30,in_distribution,oldest_first,Oldest first,61,30003,1,30,7.234853744506836,93.41981506347656,25.31937198638916,26.858020401000974,74.20047836303716,0.8333333333333334,0.0,3220.0,-606.9067916572094
id_fixed_30,ID: fixed 30,in_distribution,oldest_first,Oldest first,62,30003,2,30,3.2948124408721924,18.960187911987305,4.824634981155417,18.665147304534912,18.922323322296144,0.9,0.03333333333333333,3422.833251953125,-580.3259126134217
id_fixed_30,ID: fixed 30,in_distribution,oldest_first,Oldest first,63,30003,3,30,5.807063102722168,101.73269653320312,5.589407873153689,14.91265492439266,78.39052192687996,0.8666666666666667,0.06666666666666667,2539.5,-514.7064558565617
id_fixed_30,ID: fixed 30,in_distribution,oldest_first,Oldest first,64,30003,4,30,2.0820579528808594,6.846775054931641,3.785969853401185,4.319088768959046,6.120275101661685,0.9666666666666667,0.0,2811.333251953125,-337.00319381058216
id_fixed_30,ID: fixed 30,in_distribution,oldest_first,Oldest first,65,30003,5,30,5.451541423797607,26.99609375,25.545462036132815,26.074064445495605,26.747164840698243,0.8333333333333334,0.03333333333333333,3111.833251953125,-579.6826202720404
id_fixed_30,ID: fixed 30,in_distribution,oldest_first,Oldest first,66,30003,6,30,7.4349284172058105,101.84551239013672,5.625165462493928,42.811392402648835,88.86907772064212,0.9,0.0,3136.5,-540.8888392075896
id_fixed_30,ID: fixed 30,in_distribution,oldest_first,Oldest first,67,30003,7,30,0.8531297445297241,3.6213021278381348,1.2023876547813417,2.1845411717891645,3.429620974063874,1.0,0.03333333333333333,2940.166748046875,-220.46258986135945
id_fixed_30,ID: fixed 30,in_distribution,oldest_first,Oldest first,68,30003,8,30,0.9904512763023376,3.875885486602783,2.54112195968628,3.391984355449675,3.800960628986359,1.0,0.1,3224.166748046875,68.90928251389414
id_fixed_30,ID: fixed 30,in_distribution,oldest_first,Oldest first,69,30003,9,30,4.426660537719727,27.811508178710938,6.414442729949973,23.769558620452862,27.483417358398437,0.9,0.13333333333333333,2878.5,-598.2193647995591
id_fixed_30,ID: fixed 30,in_distribution,oldest_first,Oldest first,70,30003,10,30,1.9092549085617065,31.030624389648438,2.209243464469911,3.1446258068084703,23.01837654113772,0.9666666666666667,0.06666666666666667,2163.166748046875,-415.065630197525
id_fixed_30,ID: fixed 30,in_distribution,oldest_first,Oldest first,71,30003,11,30,3.4862568378448486,26.34633445739746,5.5417872428894235,21.653286838531475,25.930233840942385,0.9,0.0,2888.5,-576.1963625326753
id_fixed_30,ID: fixed 30,in_distribution,oldest_first,Oldest first,72,30003,12,30,2.0797884464263916,26.527835845947266,2.796087789535523,3.3493639826774593,19.822171611785908,0.9666666666666667,0.06666666666666667,3099.333251953125,-372.7347156815231
id_fixed_30,ID: fixed 30,in_distribution,oldest_first,Oldest first,73,30003,13,30,5.852149486541748,95.43292236328125,7.5377566337585575,16.11079816818237,72.51844863891608,0.8,0.0,2688.333251953125,-608.9200787618756
id_fixed_30,ID: fixed 30,in_distribution,oldest_first,Oldest first,74,30003,14,30,5.571351051330566,51.59934997558594,8.092691612243684,33.218595314025855,47.36716690063478,0.8333333333333334,0.03333333333333333,2449.0,-616.5419412851334
id_fixed_30,ID: fixed 30,in_distribution,oldest_first,Oldest first,75,30003,15,30,5.100215435028076,89.57716369628906,3.9670374393463197,15.803518390655476,70.0671853637696,0.9,0.06666666666666667,3215.333251953125,-546.3497363105416
id_fixed_30,ID: fixed 30,in_distribution,oldest_first,Oldest first,76,30003,16,30,3.239678144454956,31.35923957824707,3.364810013771057,17.266310214996267,30.569123325347903,0.9333333333333333,0.0,3238.0,-494.2270792350173
id_fixed_30,ID: fixed 30,in_distribution,oldest_first,Oldest first,77,30003,17,30,2.335146188735962,20.269176483154297,4.280111646652223,5.367941427230833,16.044767112731947,0.9333333333333333,0.1,2869.833251953125,-474.8575010970235
id_fixed_30,ID: fixed 30,in_distribution,oldest_first,Oldest first,78,30003,18,30,4.3017449378967285,25.61841583251953,18.93742866516114,23.840876579284657,25.549564285278322,0.8666666666666667,0.0,2477.666748046875,-618.784365542233
id_fixed_30,ID: fixed 30,in_distribution,oldest_first,Oldest first,79,30003,19,30,1.490154504776001,24.985952377319336,1.1342637419700623,1.4350655972957598,18.21566141128542,0.9666666666666667,0.06666666666666667,2490.333251953125,-365.7101324759424
id_fixed_30,ID: fixed 30,in_distribution,oldest_first,Oldest first,80,30004,0,30,1.3179329633712769,4.723997116088867,2.745093536376954,3.3898106098175047,4.340395510196687,1.0,0.0,2589.333251953125,101.39318908099085
id_fixed_30,ID: fixed 30,in_distribution,oldest_first,Oldest first,81,30004,1,30,1.7529348134994507,27.205965042114258,1.977780675888062,2.305085039138794,19.98609354019167,0.9666666666666667,0.06666666666666667,2555.5,-365.7028939202428
id_fixed_30,ID: fixed 30,in_distribution,oldest_first,Oldest first,82,30004,2,30,6.882414817810059,91.3956298828125,5.6365994453430375,40.91907863616932,82.15034660339359,0.9,0.03333333333333333,2994.666748046875,-569.8435294926167
id_fixed_30,ID: fixed 30,in_distribution,oldest_first,Oldest first,83,30004,3,30,2.5357635021209717,29.888668060302734,4.247340726852419,5.499811840057371,22.93207202911379,0.9,0.0,2726.5,-423.42746183276176
id_fixed_30,ID: fixed 30,in_distribution,oldest_first,Oldest first,84,30004,4,30,2.7014853954315186,26.097070693969727,3.5451272487640386,4.135168361663817,19.767665042877216,0.9666666666666667,0.06666666666666667,2889.5,-413.6826986633241
id_fixed_30,ID: fixed 30,in_distribution,oldest_first,Oldest first,85,30004,5,30,4.714461326599121,25.196775436401367,18.18163795471192,22.830256843566893,24.523172931671144,0.8333333333333334,0.03333333333333333,2343.5,-612.503442004323
id_fixed_30,ID: fixed 30,in_distribution,oldest_first,Oldest first,86,30004,6,30,1.9877108335494995,27.51055335998535,2.6000296592712413,4.522670638561242,21.152724514007588,0.9333333333333333,0.03333333333333333,2743.166748046875,-430.4709598608315
id_fixed_30,ID: fixed 30,in_distribution,oldest_first,Oldest first,87,30004,7,30,3.354921817779541,30.539173126220703,6.804067134857195,18.009536838531492,26.98976734161378,0.8666666666666667,0.06666666666666667,2858.0,-593.9526452124119
id_fixed_30,ID: fixed 30,in_distribution,oldest_first,Oldest first,88,30004,8,30,4.114294528961182,28.49597930908203,7.811201190948504,22.239285850524887,27.424301071166994,0.8333333333333334,0.03333333333333333,2416.666748046875,-576.7128130868077
id_fixed_30,ID: fixed 30,in_distribution,oldest_first,Oldest first,89,30004,9,30,3.282147169113159,38.71946334838867,3.5283636093139705,15.22415823936458,33.837387180328385,0.9,0.06666666666666667,2921.0,-538.5715897753835
id_fixed_30,ID: fixed 30,in_distribution,oldest_first,Oldest first,90,30004,10,30,2.9003825187683105,26.535066604614258,4.992388343811036,16.374877929687443,26.218166179656983,0.9,0.03333333333333333,2951.0,-484.9565269947052
id_fixed_30,ID: fixed 30,in_distribution,oldest_first,Oldest first,91,30004,11,30,10.517065048217773,107.39261627197266,22.662734794616703,62.17024459838848,103.0157164001465,0.8,0.06666666666666667,1967.3333740234375,-650.9122510328889
id_fixed_30,ID: fixed 30,in_distribution,oldest_first,Oldest first,92,30004,12,30,3.0457732677459717,28.20846176147461,5.930877017974874,18.9906735420227,25.666765708923347,0.9,0.06666666666666667,2511.5,-591.5898185744882
id_fixed_30,ID: fixed 30,in_distribution,oldest_first,Oldest first,93,30004,13,30,4.041378498077393,25.386356353759766,6.2597784996032875,17.28133115768432,23.322931194305426,0.8333333333333334,0.0,2414.666748046875,-587.144704066217
id_fixed_30,ID: fixed 30,in_distribution,oldest_first,Oldest first,94,30004,14,30,6.9329609870910645,68.45610809326172,29.142268943786625,41.01661529541011,62.417251701355,0.8666666666666667,0.0,2936.166748046875,-608.0881840586662
id_fixed_30,ID: fixed 30,in_distribution,oldest_first,Oldest first,95,30004,15,30,3.4508509635925293,25.398696899414062,4.426982164382935,15.851671886444034,25.30179828643799,0.9333333333333333,0.1,2555.333251953125,-445.1368289850652
id_fixed_30,ID: fixed 30,in_distribution,oldest_first,Oldest first,96,30004,16,30,3.5775442123413086,30.453086853027344,5.95290923118592,14.125310754775981,26.581993293762217,0.8333333333333334,0.1,2710.666748046875,-548.2519552856684
id_fixed_30,ID: fixed 30,in_distribution,oldest_first,Oldest first,97,30004,17,30,2.632256507873535,26.425270080566406,2.448797154426575,15.414978027343682,26.2947123336792,0.9333333333333333,0.0,3037.833251953125,-529.3544018566608
id_fixed_30,ID: fixed 30,in_distribution,oldest_first,Oldest first,98,30004,18,30,4.277340412139893,28.097143173217773,20.2349105834961,24.66872749328613,27.1452858543396,0.8666666666666667,0.0,2836.833251953125,-599.2570863887668
id_fixed_30,ID: fixed 30,in_distribution,oldest_first,Oldest first,99,30004,19,30,1.7879058122634888,27.269752502441406,1.677241873741151,3.654312872886651,20.73497978210451,0.9666666666666667,0.06666666666666667,3580.5,-378.91976718977094
id_fixed_30,ID: fixed 30,in_distribution,max_uncertainty_greedy,Max-U greedy,0,30000,0,30,0.7572579979896545,1.8962960243225098,1.1629570722579963,1.6353337228298181,1.8426531970500948,1.0,0.0,3951.833251953125,658.3255824260414
id_fixed_30,ID: fixed 30,in_distribution,max_uncertainty_greedy,Max-U greedy,1,30000,1,30,0.9257082343101501,2.0820770263671875,1.5425398945808413,1.6873016476631164,1.9717856919765475,1.0,0.1,3423.0,938.8067947616801
id_fixed_30,ID: fixed 30,in_distribution,max_uncertainty_greedy,Max-U greedy,2,30000,2,30,0.6433857083320618,1.1555440425872803,1.026017987728119,1.0756226301193237,1.1341793882846833,1.0,0.13333333333333333,3386.666748046875,486.13173003681004
id_fixed_30,ID: fixed 30,in_distribution,max_uncertainty_greedy,Max-U greedy,3,30000,3,30,0.6618529558181763,1.1383781433105469,1.0265653252601623,1.0833869099617002,1.1309424710273743,1.0,0.03333333333333333,3291.5,890.5686939642765
id_fixed_30,ID: fixed 30,in_distribution,max_uncertainty_greedy,Max-U greedy,4,30000,4,30,0.9462521076202393,2.9708917140960693,1.8314404845237735,2.3474738836288433,2.8719406390190128,1.0,0.06666666666666667,4013.166748046875,-378.8273139074445
id_fixed_30,ID: fixed 30,in_distribution,max_uncertainty_greedy,Max-U greedy,5,30000,5,30,1.3266205787658691,7.6632184982299805,3.0242693424224854,3.7174651861190764,6.658646540641787,0.9666666666666667,0.0,4553.33349609375,-279.4892272790894
id_fixed_30,ID: fixed 30,in_distribution,max_uncertainty_greedy,Max-U greedy,6,30000,6,30,5.00827693939209,82.05437469482422,5.8400328636169485,17.070372438430745,65.14680076599126,0.8333333333333334,0.0,6096.66650390625,-561.1711825430393
id_fixed_30,ID: fixed 30,in_distribution,max_uncertainty_greedy,Max-U greedy,7,30000,7,30,0.7766522765159607,1.688032627105713,1.204792952537537,1.445145589113235,1.6352070510387422,1.0,0.03333333333333333,4334.83349609375,-202.466002933681
id_fixed_30,ID: fixed 30,in_distribution,max_uncertainty_greedy,Max-U greedy,8,30000,8,30,0.9952080845832825,5.6598920822143555,1.2714147686958317,2.241888654232021,4.851766710281375,0.9666666666666667,0.1,3475.333251953125,-219.01069875061512
id_fixed_30,ID: fixed 30,in_distribution,max_uncertainty_greedy,Max-U greedy,9,30000,9,30,1.0335795879364014,3.127493143081665,1.9617947340011597,2.0741396546363826,2.8334099292755135,1.0,0.06666666666666667,3566.666748046875,-297.3537603672594
id_fixed_30,ID: fixed 30,in_distribution,max_uncertainty_greedy,Max-U greedy,10,30000,10,30,3.46797776222229,19.323822021484375,10.269769191741947,13.521971988677976,17.79910949707032,0.7333333333333333,0.03333333333333333,5406.0,-551.6879340298474
id_fixed_30,ID: fixed 30,in_distribution,max_uncertainty_greedy,Max-U greedy,11,30000,11,30,0.8158522844314575,1.7601563930511475,1.2376178145408634,1.5495564937591548,1.7154752576351167,1.0,0.13333333333333333,3507.666748046875,258.8560033496469
id_fixed_30,ID: fixed 30,in_distribution,max_uncertainty_greedy,Max-U greedy,12,30000,12,30,1.1204841136932373,3.296936511993408,1.9904331445693972,2.595593333244322,3.1813225698471075,1.0,0.06666666666666667,4676.66650390625,278.9505994254723
id_fixed_30,ID: fixed 30,in_distribution,max_uncertainty_greedy,Max-U greedy,13,30000,13,30,0.5056028962135315,1.0433021783828735,0.7616216719150544,0.8542415559291836,1.0039007484912874,1.0,0.1,3855.833251953125,1156.4546318352222
id_fixed_30,ID: fixed 30,in_distribution,max_uncertainty_greedy,Max-U greedy,14,30000,14,30,0.6089125275611877,1.1777331829071045,0.8385710775852204,1.048786172270774,1.1757506227493286,1.0,0.0,3709.5,158.37240393087268
id_fixed_30,ID: fixed 30,in_distribution,max_uncertainty_greedy,Max-U greedy,15,30000,15,30,1.3116395473480225,4.7505693435668945,2.6181724309921264,3.5299008965492207,4.593028755187989,1.0,0.16666666666666666,4664.33349609375,-217.32146284729242
id_fixed_30,ID: fixed 30,in_distribution,max_uncertainty_greedy,Max-U greedy,16,30000,16,30,0.9089391827583313,1.5400371551513672,1.2577163219451906,1.3909166216850282,1.497043069601059,1.0,0.0,3458.0,604.4260834055021
id_fixed_30,ID: fixed 30,in_distribution,max_uncertainty_greedy,Max-U greedy,17,30000,17,30,0.6992852091789246,2.5121307373046875,0.9429251730442048,0.9998505294322965,2.086080156564714,1.0,0.0,3341.0,-314.6123650148511
id_fixed_30,ID: fixed 30,in_distribution,max_uncertainty_greedy,Max-U greedy,18,30000,18,30,0.6425432562828064,1.5644152164459229,1.031813669204712,1.1302518725395199,1.458901551961899,1.0,0.03333333333333333,4187.83349609375,198.7784863198176
id_fixed_30,ID: fixed 30,in_distribution,max_uncertainty_greedy,Max-U greedy,19,30000,19,30,0.7825333476066589,1.9071004390716553,1.3871316909790044,1.7261293709278105,1.8660767793655397,1.0,0.1,4010.833251953125,21.512987572699785
id_fixed_30,ID: fixed 30,in_distribution,max_uncertainty_greedy,Max-U greedy,20,30001,0,30,0.8106745481491089,2.2966465950012207,1.2749298095703125,1.3233375668525693,2.0216056799888618,1.0,0.03333333333333333,3271.333251953125,596.379283003509
id_fixed_30,ID: fixed 30,in_distribution,max_uncertainty_greedy,Max-U greedy,21,30001,1,30,0.7445595264434814,1.821560263633728,1.4165034532546998,1.4772002041339871,1.731176463365555,1.0,0.03333333333333333,3781.833251953125,-47.62223459593952
id_fixed_30,ID: fixed 30,in_distribution,max_uncertainty_greedy,Max-U greedy,22,30001,2,30,0.8849378228187561,2.3199450969696045,1.3941370844841006,1.5040515601634978,2.0853588080406196,1.0,0.03333333333333333,4132.83349609375,236.7800374245271
id_fixed_30,ID: fixed 30,in_distribution,max_uncertainty_greedy,Max-U greedy,23,30001,3,30,0.8123496174812317,1.9720232486724854,1.1315350055694582,1.3093588769435875,1.81163652420044,1.0,0.06666666666666667,5273.5,261.1618477711454
id_fixed_30,ID: fixed 30,in_distribution,max_uncertainty_greedy,Max-U greedy,24,30001,4,30,2.9588513374328613,12.614309310913086,11.303409385681153,12.079084825515746,12.471123857498169,0.8,0.03333333333333333,5538.83349609375,-442.9384444989264
id_fixed_30,ID: fixed 30,in_distribution,max_uncertainty_greedy,Max-U greedy,25,30001,5,30,0.7626085877418518,1.4905903339385986,1.2197347044944764,1.3595715105533595,1.473850132226944,1.0,0.03333333333333333,3978.333251953125,484.8544356971979
id_fixed_30,ID: fixed 30,in_distribution,max_uncertainty_greedy,Max-U greedy,26,30001,6,30,0.8400624394416809,1.8618519306182861,1.4303007483482362,1.540445095300674,1.7899398398399355,1.0,0.1,3856.0,-65.63061797432601
id_fixed_30,ID: fixed 30,in_distribution,max_uncertainty_greedy,Max-U greedy,27,30001,7,30,0.774384617805481,4.438019752502441,1.1953516960144044,1.299236077070236,3.5331668233871487,1.0,0.1,2852.5,158.46293437108397
id_fixed_30,ID: fixed 30,in_distribution,max_uncertainty_greedy,Max-U greedy,28,30001,8,30,1.004812240600586,2.5043675899505615,1.780257272720337,1.9794221401214593,2.3821214675903324,1.0,0.0,3800.333251953125,-386.8604963924736
id_fixed_30,ID: fixed 30,in_distribution,max_uncertainty_greedy,Max-U greedy,29,30001,9,30,0.7563871145248413,2.6221861839294434,1.087670361995697,1.471588069200514,2.361909444332124,1.0,0.03333333333333333,3401.666748046875,-145.4715521261096
id_fixed_30,ID: fixed 30,in_distribution,max_uncertainty_greedy,Max-U greedy,30,30001,10,30,0.8314936757087708,1.8250761032104492,1.3683412909507753,1.459286057949066,1.7264165627956394,1.0,0.1,3805.333251953125,805.0228792065755
id_fixed_30,ID: fixed 30,in_distribution,max_uncertainty_greedy,Max-U greedy,31,30001,11,30,0.6821028590202332,1.51398766040802,1.1614672183990478,1.1865382254123686,1.4238102817535403,1.0,0.16666666666666666,3561.5,821.5085410773754
id_fixed_30,ID: fixed 30,in_distribution,max_uncertainty_greedy,Max-U greedy,32,30001,12,30,0.8300861120223999,3.224778413772583,1.2567534804344183,1.547720271348953,2.7414785563945783,1.0,0.13333333333333333,3980.166748046875,467.28222978301346
id_fixed_30,ID: fixed 30,in_distribution,max_uncertainty_greedy,Max-U greedy,33,30001,13,30,0.5940836668014526,1.0943102836608887,0.8425656020641327,0.8739708572626114,1.0331933069229127,1.0,0.0,3475.333251953125,966.9659315347672
id_fixed_30,ID: fixed 30,in_distribution,max_uncertainty_greedy,Max-U greedy,34,30001,14,30,0.8527752757072449,2.3124523162841797,1.3856908917427064,1.6006035327911368,2.1512409424781804,1.0,0.06666666666666667,4294.5,544.360283955466
id_fixed_30,ID: fixed 30,in_distribution,max_uncertainty_greedy,Max-U greedy,35,30001,15,30,0.5403560996055603,1.1827324628829956,0.8344477295875552,0.9933316320180893,1.1297078633308413,1.0,0.0,3731.5,666.1916538877413
id_fixed_30,ID: fixed 30,in_distribution,max_uncertainty_greedy,Max-U greedy,36,30001,16,30,2.6752350330352783,36.32831954956055,3.822985839843753,12.32468051910397,30.931423797607437,0.9,0.1,4383.66650390625,-604.5444983989
id_fixed_30,ID: fixed 30,in_distribution,max_uncertainty_greedy,Max-U greedy,37,30001,17,30,1.0080162286758423,2.3306381702423096,1.8830682396888734,1.999548226594925,2.2349611473083497,1.0,0.03333333333333333,3920.0,997.2745522931218
id_fixed_30,ID: fixed 30,in_distribution,max_uncertainty_greedy,Max-U greedy,38,30001,18,30,0.755157470703125,2.2092292308807373,1.3331356048583984,1.4176358342170712,1.9979604947566991,1.0,0.0,3643.833251953125,-233.89947966858745
id_fixed_30,ID: fixed 30,in_distribution,max_uncertainty_greedy,Max-U greedy,39,30001,19,30,0.8287258148193359,1.374439001083374,1.301143252849579,1.3418979704380034,1.3667941069602967,1.0,0.1,4507.5,384.20270420238376
id_fixed_30,ID: fixed 30,in_distribution,max_uncertainty_greedy,Max-U greedy,40,30002,0,30,0.9657896161079407,2.9546940326690674,1.6441293358802798,2.2545887053012827,2.8479864001274113,1.0,0.0,3676.333251953125,980.5990072153509
id_fixed_30,ID: fixed 30,in_distribution,max_uncertainty_greedy,Max-U greedy,41,30002,1,30,0.7844850420951843,3.120511293411255,1.0428088665008546,1.5419309139251687,2.768502461910249,1.0,0.06666666666666667,3406.5,-234.55252593476325
id_fixed_30,ID: fixed 30,in_distribution,max_uncertainty_greedy,Max-U greedy,42,30002,2,30,0.7433165311813354,1.677054524421692,1.065365195274353,1.241131103038787,1.5847986519336703,1.0,0.13333333333333333,3664.666748046875,728.1211563274264
id_fixed_30,ID: fixed 30,in_distribution,max_uncertainty_greedy,Max-U greedy,43,30002,3,30,0.8653544187545776,3.539503335952759,1.2935868740081788,1.6929652512073496,3.0921585214138045,1.0,0.16666666666666666,4366.33349609375,303.5835205446929
id_fixed_30,ID: fixed 30,in_distribution,max_uncertainty_greedy,Max-U greedy,44,30002,4,30,1.1100773811340332,10.366546630859375,1.3326754689216613,1.3880135059356686,7.772108697891243,0.9666666666666667,0.1,3528.5,-237.80719995964319
id_fixed_30,ID: fixed 30,in_distribution,max_uncertainty_greedy,Max-U greedy,45,30002,5,30,0.7942497134208679,1.4884202480316162,1.2243212819099427,1.2417479693889617,1.4188595867156986,1.0,0.0,4557.5,170.40184097690508
id_fixed_30,ID: fixed 30,in_distribution,max_uncertainty_greedy,Max-U greedy,46,30002,6,30,0.83852618932724,2.4539127349853516,1.325468957424164,1.6918664693832386,2.288677608966828,1.0,0.0,3866.166748046875,-17.055552050471306
id_fixed_30,ID: fixed 30,in_distribution,max_uncertainty_greedy,Max-U greedy,47,30002,7,30,1.8176459074020386,18.04715919494629,2.3847008943557744,7.284317398071265,16.001775512695318,0.9333333333333333,0.0,4543.0,-495.00140923820436
id_fixed_30,ID: fixed 30,in_distribution,max_uncertainty_greedy,Max-U greedy,48,30002,8,30,0.7514068484306335,1.9656472206115723,1.1946249485015872,1.4171927511692042,1.8298273301124577,1.0,0.03333333333333333,3808.0,597.2189713316038
id_fixed_30,ID: fixed 30,in_distribution,max_uncertainty_greedy,Max-U greedy,49,30002,9,30,1.0529669523239136,2.800901174545288,1.6902293443679817,2.252077114582061,2.6846438717842105,1.0,0.1,3306.333251953125,696.2084992527962
id_fixed_30,ID: fixed 30,in_distribution,max_uncertainty_greedy,Max-U greedy,50,30002,10,30,2.8721730709075928,18.926612854003906,6.08787984848024,15.91637840270996,18.08380367279053,0.8666666666666667,0.0,5761.33349609375,-566.261333424598
id_fixed_30,ID: fixed 30,in_distribution,max_uncertainty_greedy,Max-U greedy,51,30002,11,30,0.7487434148788452,1.274908185005188,1.1360353112220765,1.1697734773159025,1.2498651397228242,1.0,0.06666666666666667,3577.666748046875,503.16938431188464
id_fixed_30,ID: fixed 30,in_distribution,max_uncertainty_greedy,Max-U greedy,52,30002,12,30,0.7126826047897339,1.3363049030303955,1.1060591101646424,1.2084178984165186,1.3233436584472658,1.0,0.03333333333333333,4644.66650390625,852.0305631048977
id_fixed_30,ID: fixed 30,in_distribution,max_uncertainty_greedy,Max-U greedy,53,30002,13,30,2.940526247024536,32.81699752807617,4.533289384841925,15.452187156677212,29.359580764770516,0.9,0.06666666666666667,4570.33349609375,-585.3865322247148
id_fixed_30,ID: fixed 30,in_distribution,max_uncertainty_greedy,Max-U greedy,54,30002,14,30,5.799128532409668,83.04945373535156,17.262958145141603,23.684433555603004,66.95792076110845,0.8333333333333334,0.06666666666666667,4406.33349609375,-607.4741282835603
id_fixed_30,ID: fixed 30,in_distribution,max_uncertainty_greedy,Max-U greedy,55,30002,15,30,0.8876450061798096,3.4549167156219482,1.2410176157951356,1.3705127894878386,2.860303268432619,1.0,0.06666666666666667,3610.833251953125,278.1652003820054
id_fixed_30,ID: fixed 30,in_distribution,max_uncertainty_greedy,Max-U greedy,56,30002,16,30,1.349966287612915,4.496621131896973,3.4235586643218996,3.815023374557494,4.361352920532227,1.0,0.06666666666666667,5180.16650390625,-394.6860951576382
id_fixed_30,ID: fixed 30,in_distribution,max_uncertainty_greedy,Max-U greedy,57,30002,17,30,0.8477103114128113,2.1655139923095703,1.251207232475281,1.4812706351280207,1.989793159961701,1.0,0.03333333333333333,4236.66650390625,265.38339689653367
id_fixed_30,ID: fixed 30,in_distribution,max_uncertainty_greedy,Max-U greedy,58,30002,18,30,0.6437293291091919,1.2340748310089111,0.9974493801593781,1.1000912249088284,1.2139464247226717,1.0,0.0,4253.83349609375,674.8798060100526
id_fixed_30,ID: fixed 30,in_distribution,max_uncertainty_greedy,Max-U greedy,59,30002,19,30,0.7992388606071472,1.7032290697097778,1.4375058412551882,1.6505405366420745,1.6984343910217286,1.0,0.0,4264.0,523.9660748867318
id_fixed_30,ID: fixed 30,in_distribution,max_uncertainty_greedy,Max-U greedy,60,30003,0,30,0.9754769802093506,1.899574637413025,1.3989259958267213,1.5726019024848932,1.8358126223087312,1.0,0.06666666666666667,4361.0,-191.99901656340808
id_fixed_30,ID: fixed 30,in_distribution,max_uncertainty_greedy,Max-U greedy,61,30003,1,30,1.7742305994033813,17.860660552978516,1.8771461606025714,6.695385575294477,15.468392591476448,0.9333333333333333,0.03333333333333333,4832.0,-588.5351398810744
id_fixed_30,ID: fixed 30,in_distribution,max_uncertainty_greedy,Max-U greedy,62,30003,2,30,0.8062620759010315,1.8673145771026611,1.3447801589965822,1.5276084482669825,1.7917137241363528,1.0,0.03333333333333333,3372.833251953125,919.7746444502845
id_fixed_30,ID: fixed 30,in_distribution,max_uncertainty_greedy,Max-U greedy,63,30003,3,30,0.8962798714637756,2.1670570373535156,1.4038708448410036,1.6207902252674096,2.036926100254059,1.0,0.06666666666666667,3820.333251953125,383.6868935227394
id_fixed_30,ID: fixed 30,in_distribution,max_uncertainty_greedy,Max-U greedy,64,30003,4,30,0.8584052920341492,1.9495372772216797,1.345870876312256,1.3944720089435576,1.7960600590705875,1.0,0.1,4052.5,516.0819918983616
id_fixed_30,ID: fixed 30,in_distribution,max_uncertainty_greedy,Max-U greedy,65,30003,5,30,0.8111177086830139,1.6835665702819824,1.385252833366394,1.4696390569210052,1.626919722557068,1.0,0.03333333333333333,3828.5,578.0463108187541
id_fixed_30,ID: fixed 30,in_distribution,max_uncertainty_greedy,Max-U greedy,66,30003,6,30,0.8730434775352478,1.833380937576294,1.526710855960846,1.6537467718124386,1.7962160933017732,1.0,0.03333333333333333,4462.5,5.026823051273823
id_fixed_30,ID: fixed 30,in_distribution,max_uncertainty_greedy,Max-U greedy,67,30003,7,30,0.5962099432945251,1.2620257139205933,0.9341622352600097,1.041170156002044,1.2231635522842408,1.0,0.2,3417.166748046875,548.4703540634364
id_fixed_30,ID: fixed 30,in_distribution,max_uncertainty_greedy,Max-U greedy,68,30003,8,30,0.6063106060028076,1.54169762134552,1.096226465702057,1.2705320298671716,1.491569838523865,1.0,0.06666666666666667,3900.666748046875,-43.5086735477671
id_fixed_30,ID: fixed 30,in_distribution,max_uncertainty_greedy,Max-U greedy,69,30003,9,30,0.9249888062477112,2.187039852142334,1.3583768844604494,1.6890882968902576,2.0958026051521306,1.0,0.1,3252.333251953125,141.1236794963479
id_fixed_30,ID: fixed 30,in_distribution,max_uncertainty_greedy,Max-U greedy,70,30003,10,30,0.7205280661582947,1.4379212856292725,1.2918081283569336,1.3926406204700468,1.4353382670879364,1.0,0.06666666666666667,4263.0,140.8600107934326
id_fixed_30,ID: fixed 30,in_distribution,max_uncertainty_greedy,Max-U greedy,71,30003,11,30,2.874366521835327,35.45087814331055,7.411160182952886,11.919081306457516,28.816653556823752,0.8666666666666667,0.06666666666666667,4608.0,-511.7952372934669
id_fixed_30,ID: fixed 30,in_distribution,max_uncertainty_greedy,Max-U greedy,72,30003,12,30,0.7747403979301453,1.3351802825927734,1.0979377388954163,1.2256458580493925,1.3164295530319214,1.0,0.06666666666666667,3118.666748046875,1379.1357850786299
id_fixed_30,ID: fixed 30,in_distribution,max_uncertainty_greedy,Max-U greedy,73,30003,13,30,1.013161063194275,4.33748197555542,1.586486589908602,3.5442907333373994,4.243988575935364,1.0,0.0,4004.5,-309.8351085418835
id_fixed_30,ID: fixed 30,in_distribution,max_uncertainty_greedy,Max-U greedy,74,30003,14,30,0.8198739886283875,2.1715750694274902,1.1950499415397644,1.2618705570697784,1.9140120947361,1.0,0.1,3136.166748046875,772.7993659265339
id_fixed_30,ID: fixed 30,in_distribution,max_uncertainty_greedy,Max-U greedy,75,30003,15,30,0.8041260838508606,1.59867525100708,1.2421533584594726,1.2789603769779203,1.512921088933945,1.0,0.06666666666666667,3612.666748046875,381.70528888050467
id_fixed_30,ID: fixed 30,in_distribution,max_uncertainty_greedy,Max-U greedy,76,30003,16,30,0.7623918056488037,2.039182424545288,1.1272290706634522,1.430751961469649,1.929500848054886,1.0,0.1,4156.5,714.6316437441856
id_fixed_30,ID: fixed 30,in_distribution,max_uncertainty_greedy,Max-U greedy,77,30003,17,30,0.7473993897438049,1.4053138494491577,1.0920197248458863,1.2588643670082085,1.4002438497543335,1.0,0.1,2859.833251953125,494.5582850892097
id_fixed_30,ID: fixed 30,in_distribution,max_uncertainty_greedy,Max-U greedy,78,30003,18,30,1.4332104921340942,7.508077144622803,2.9833103418350224,3.7416080713272066,6.548745088577274,0.9666666666666667,0.0,3768.333251953125,-212.42276678979397
id_fixed_30,ID: fixed 30,in_distribution,max_uncertainty_greedy,Max-U greedy,79,30003,19,30,0.6139622926712036,1.1339010000228882,0.9120992481708526,1.0291205197572701,1.129736406803131,1.0,0.03333333333333333,3773.333251953125,1101.5403115712106
id_fixed_30,ID: fixed 30,in_distribution,max_uncertainty_greedy,Max-U greedy,80,30004,0,30,0.8567145466804504,2.989985704421997,1.2269079089164738,1.9800899446010565,2.8068234610557563,1.0,0.1,3015.666748046875,-195.2879160642624
id_fixed_30,ID: fixed 30,in_distribution,max_uncertainty_greedy,Max-U greedy,81,30004,1,30,0.7824534773826599,2.2114157676696777,1.4155457258224489,1.7411265730857834,2.14653265953064,1.0,0.06666666666666667,3130.5,1021.2500722408295
id_fixed_30,ID: fixed 30,in_distribution,max_uncertainty_greedy,Max-U greedy,82,30004,2,30,0.8373085260391235,1.9026403427124023,1.3291571259498596,1.6072378635406481,1.8789433765411379,1.0,0.03333333333333333,3608.0,353.5903219701722
id_fixed_30,ID: fixed 30,in_distribution,max_uncertainty_greedy,Max-U greedy,83,30004,3,30,0.705461859703064,1.569972276687622,1.0616441249847413,1.1334382474422453,1.4495125949382786,1.0,0.1,4034.5,372.8541186321527
id_fixed_30,ID: fixed 30,in_distribution,max_uncertainty_greedy,Max-U greedy,84,30004,4,30,0.7584209442138672,1.731391191482544,1.2885574102401733,1.47758805155754,1.698842226266861,1.0,0.06666666666666667,3404.666748046875,604.4692846424878
id_fixed_30,ID: fixed 30,in_distribution,max_uncertainty_greedy,Max-U greedy,85,30004,5,30,1.524999976158142,16.868064880371094,1.647415912151337,2.1674863636493664,12.68337281227113,0.9666666666666667,0.03333333333333333,4138.16650390625,-503.86440253816545
id_fixed_30,ID: fixed 30,in_distribution,max_uncertainty_greedy,Max-U greedy,86,30004,6,30,0.675687849521637,1.3827204704284668,1.1044026374816895,1.1480761229991914,1.315549784898758,1.0,0.03333333333333333,3647.666748046875,-167.70107346400619
id_fixed_30,ID: fixed 30,in_distribution,max_uncertainty_greedy,Max-U greedy,87,30004,7,30,1.047347903251648,3.9647722244262695,1.5759406566619885,2.9384366750717126,3.8305092597007757,1.0,0.06666666666666667,3283.0,-328.06965903099626
id_fixed_30,ID: fixed 30,in_distribution,max_uncertainty_greedy,Max-U greedy,88,30004,8,30,0.737837016582489,1.8101184368133545,1.312901520729065,1.5369900405406942,1.7795441150665283,1.0,0.1,2789.833251953125,314.00031157862395
id_fixed_30,ID: fixed 30,in_distribution,max_uncertainty_greedy,Max-U greedy,89,30004,9,30,0.8456180691719055,2.767354726791382,1.3963830828666688,1.5114043295383448,2.4261320209503183,1.0,0.1,4047.166748046875,102.96334675885737
id_fixed_30,ID: fixed 30,in_distribution,max_uncertainty_greedy,Max-U greedy,90,30004,10,30,0.6915426850318909,1.6153768301010132,1.1143029093742371,1.1558955967426299,1.4841075146198277,1.0,0.03333333333333333,4449.33349609375,1072.4995190650225
id_fixed_30,ID: fixed 30,in_distribution,max_uncertainty_greedy,Max-U greedy,91,30004,11,30,1.949926495552063,13.418733596801758,5.062350130081184,10.421240568161007,12.702995777130129,0.9,0.06666666666666667,4121.66650390625,-470.5234404169023
id_fixed_30,ID: fixed 30,in_distribution,max_uncertainty_greedy,Max-U greedy,92,30004,12,30,0.6899331212043762,2.2721521854400635,1.0921186685562134,1.183301222324371,1.9710863137245187,1.0,0.03333333333333333,3576.666748046875,-126.62588048167527
id_fixed_30,ID: fixed 30,in_distribution,max_uncertainty_greedy,Max-U greedy,93,30004,13,30,1.1370762586593628,5.49643611907959,2.325937604904175,2.348207449913025,4.5847720718383815,0.9666666666666667,0.0,4117.83349609375,15.68339997343719
id_fixed_30,ID: fixed 30,in_distribution,max_uncertainty_greedy,Max-U greedy,94,30004,14,30,0.6809949278831482,1.175369143486023,1.05100417137146,1.103408348560333,1.1631267964839935,1.0,0.03333333333333333,5755.66650390625,366.05109920725226
id_fixed_30,ID: fixed 30,in_distribution,max_uncertainty_greedy,Max-U greedy,95,30004,15,30,0.8787660598754883,2.2127513885498047,2.072242069244385,2.1532927274703977,2.2041214370727538,1.0,0.03333333333333333,2981.666748046875,61.18756846245378
id_fixed_30,ID: fixed 30,in_distribution,max_uncertainty_greedy,Max-U greedy,96,30004,16,30,1.6323927640914917,12.014616966247559,3.1195518732070933,7.418397879600507,11.534764947891237,0.9333333333333333,0.06666666666666667,4032.833251953125,-491.8553273230791
id_fixed_30,ID: fixed 30,in_distribution,max_uncertainty_greedy,Max-U greedy,97,30004,17,30,0.7087557911872864,2.1827354431152344,1.2474442601203921,1.8369285941123943,2.1728461503982546,1.0,0.16666666666666666,3887.666748046875,-286.5493853650987
id_fixed_30,ID: fixed 30,in_distribution,max_uncertainty_greedy,Max-U greedy,98,30004,18,30,0.6489778757095337,1.3734545707702637,1.0102505445480348,1.0401539266109467,1.2772581923007968,1.0,0.03333333333333333,3086.333251953125,297.07735830545425
id_fixed_30,ID: fixed 30,in_distribution,max_uncertainty_greedy,Max-U greedy,99,30004,19,30,5.316140651702881,35.655582427978516,23.981924057006847,32.88286924362181,35.54678928375244,0.8333333333333334,0.03333333333333333,4772.66650390625,-477.5743904225528
id_fixed_30,ID: fixed 30,in_distribution,expected_info_gain,Expected information gain,0,30000,0,30,0.5059795379638672,1.152191400527954,0.8435025453567506,0.9687355279922483,1.109743186235428,1.0,0.13333333333333333,3551.333251953125,304.2424604073167
id_fixed_30,ID: fixed 30,in_distribution,expected_info_gain,Expected information gain,1,30000,1,30,0.6940637826919556,1.3631248474121094,1.225969660282135,1.331970155239105,1.359440129995346,1.0,0.13333333333333333,3965.0,720.3211966312956
id_fixed_30,ID: fixed 30,in_distribution,expected_info_gain,Expected information gain,2,30000,2,30,0.4439319372177124,1.4742093086242676,0.7255034923553467,0.7534647196531296,1.2657050180435188,1.0,0.16666666666666666,4421.16650390625,952.7332695536315
id_fixed_30,ID: fixed 30,in_distribution,expected_info_gain,Expected information gain,3,30000,3,30,0.6213599443435669,1.543819546699524,1.1703049898147584,1.367068195343017,1.5189476263523103,1.0,0.06666666666666667,5339.83349609375,-160.12844664044678
id_fixed_30,ID: fixed 30,in_distribution,expected_info_gain,Expected information gain,4,30000,4,30,0.6010138988494873,1.4103833436965942,1.174066483974457,1.3537989258766172,1.4086145341396332,1.0,0.13333333333333333,3480.666748046875,384.5534687740728
id_fixed_30,ID: fixed 30,in_distribution,expected_info_gain,Expected information gain,5,30000,5,30,0.6647136211395264,1.428240180015564,1.2898085474967957,1.3347505688667296,1.4062517666816712,1.0,0.1,3552.5,421.4561926871538
id_fixed_30,ID: fixed 30,in_distribution,expected_info_gain,Expected information gain,6,30000,6,30,4.7545318603515625,82.052490234375,5.802552700042729,16.968940305709797,65.14546279907232,0.8333333333333334,0.03333333333333333,5073.5,-555.9771846532822
id_fixed_30,ID: fixed 30,in_distribution,expected_info_gain,Expected information gain,7,30000,7,30,0.7653270363807678,2.9747676849365234,1.4549588441848755,1.9088871896266915,2.773175113201142,1.0,0.16666666666666666,4399.5,-246.90379941649735
id_fixed_30,ID: fixed 30,in_distribution,expected_info_gain,Expected information gain,8,30000,8,30,0.6379366517066956,1.4664937257766724,1.1529540300369268,1.4034430980682373,1.450395087003708,1.0,0.23333333333333334,4426.16650390625,249.415918154642
id_fixed_30,ID: fixed 30,in_distribution,expected_info_gain,Expected information gain,9,30000,9,30,0.7085414528846741,3.1079249382019043,1.2191877961158752,1.428041023015975,2.6620814943313613,1.0,0.1,3601.666748046875,-133.6886426191777
id_fixed_30,ID: fixed 30,in_distribution,expected_info_gain,Expected information gain,10,30000,10,30,0.8523896932601929,3.616776943206787,1.811286866664887,2.4160250067710862,3.3345750546455393,1.0,0.06666666666666667,3306.333251953125,-500.520593711175
id_fixed_30,ID: fixed 30,in_distribution,expected_info_gain,Expected information gain,11,30000,11,30,0.7179840207099915,2.099712610244751,1.0488781094551087,1.4079101860523207,1.9771471929550175,1.0,0.03333333333333333,4613.33349609375,62.879564170725644
id_fixed_30,ID: fixed 30,in_distribution,expected_info_gain,Expected information gain,12,30000,12,30,0.8068901896476746,1.8920621871948242,1.5891551017761232,1.7616593241691583,1.8860025668144227,1.0,0.1,4906.16650390625,451.0459139999002
id_fixed_30,ID: fixed 30,in_distribution,expected_info_gain,Expected information gain,13,30000,13,30,0.41152915358543396,0.9744295477867126,0.7988101422786713,0.826570364832878,0.9350873893499375,1.0,0.16666666666666666,4493.33349609375,1171.646998539567
id_fixed_30,ID: fixed 30,in_distribution,expected_info_gain,Expected information gain,14,30000,14,30,0.39491528272628784,1.1980156898498535,0.8024276018142702,0.9095032930374144,1.1209816396236423,1.0,0.16666666666666666,4148.66650390625,982.2708185091615
id_fixed_30,ID: fixed 30,in_distribution,expected_info_gain,Expected information gain,15,30000,15,30,0.9809615015983582,2.644853353500366,1.7470409750938418,2.0250411391258236,2.4767633795738226,1.0,0.1,3480.333251953125,-258.71848467644304
id_fixed_30,ID: fixed 30,in_distribution,expected_info_gain,Expected information gain,16,30000,16,30,0.6371273398399353,1.4946041107177734,1.1788704991340637,1.2081414341926573,1.4149505352973941,1.0,0.13333333333333333,4076.333251953125,877.7954748179764
id_fixed_30,ID: fixed 30,in_distribution,expected_info_gain,Expected information gain,17,30000,17,30,0.6981291174888611,2.5141170024871826,0.9995362818241121,1.8455650746822319,2.4988927602767945,1.0,0.0,4243.16650390625,-314.5875456891954
id_fixed_30,ID: fixed 30,in_distribution,expected_info_gain,Expected information gain,18,30000,18,30,0.5132958292961121,1.4533443450927734,0.8217100441455841,0.8424853175878524,1.2803300178051,1.0,0.1,3577.166748046875,-171.18414767086506
id_fixed_30,ID: fixed 30,in_distribution,expected_info_gain,Expected information gain,19,30000,19,30,1.2063167095184326,8.046085357666016,2.501960921287539,4.787897050380702,7.297575211524966,0.9333333333333333,0.13333333333333333,3560.833251953125,-272.13908258266747
id_fixed_30,ID: fixed 30,in_distribution,expected_info_gain,Expected information gain,20,30001,0,30,0.5961290001869202,2.6266391277313232,1.0556410551071171,1.5577397167682636,2.3710562241077433,1.0,0.2,4287.16650390625,903.0245851897635
id_fixed_30,ID: fixed 30,in_distribution,expected_info_gain,Expected information gain,21,30001,1,30,0.5725805759429932,1.672323226928711,1.0428240299224856,1.186103320121765,1.5381270527839666,1.0,0.03333333333333333,3528.0,-88.92641017027199
id_fixed_30,ID: fixed 30,in_distribution,expected_info_gain,Expected information gain,22,30001,2,30,0.7028213739395142,2.41559100151062,1.2656218051910402,1.7433622002601603,2.320688362121582,1.0,0.13333333333333333,4327.5,553.4210407659411
id_fixed_30,ID: fixed 30,in_distribution,expected_info_gain,Expected information gain,23,30001,3,30,0.6445313096046448,1.809321403503418,1.1448333144187928,1.236717092990875,1.6560283088684087,1.0,0.23333333333333334,5220.83349609375,868.6481949687004
id_fixed_30,ID: fixed 30,in_distribution,expected_info_gain,Expected information gain,24,30001,4,30,4.732789039611816,38.170509338378906,12.275630187988284,21.90058708190914,35.20799114227296,0.7666666666666667,0.13333333333333333,6135.33349609375,-498.54749969765544
id_fixed_30,ID: fixed 30,in_distribution,expected_info_gain,Expected information gain,25,30001,5,30,0.593870997428894,1.8141433000564575,1.143052875995636,1.194323420524597,1.6403391706943518,1.0,0.06666666666666667,3159.833251953125,948.9442438129336
id_fixed_30,ID: fixed 30,in_distribution,expected_info_gain,Expected information gain,26,30001,6,30,0.5352357625961304,1.0596057176589966,0.8942319214344024,0.9736494511365887,1.048926830291748,1.0,0.06666666666666667,2879.166748046875,11.583115222863853
id_fixed_30,ID: fixed 30,in_distribution,expected_info_gain,Expected information gain,27,30001,7,30,0.6012119054794312,2.4326331615448,1.2670402526855473,1.6983004629611957,2.271100453138352,1.0,0.2,2768.833251953125,242.41733378358185
id_fixed_30,ID: fixed 30,in_distribution,expected_info_gain,Expected information gain,28,30001,8,30,0.5974188446998596,1.6921727657318115,1.1259014248847963,1.1985887348651885,1.553848712444306,1.0,0.1,4438.16650390625,307.0030482430011
id_fixed_30,ID: fixed 30,in_distribution,expected_info_gain,Expected information gain,29,30001,9,30,0.6017354130744934,2.3258864879608154,1.0919350624084478,1.7615105271339402,2.229731006622315,1.0,0.26666666666666666,3145.333251953125,654.0490701757371
id_fixed_30,ID: fixed 30,in_distribution,expected_info_gain,Expected information gain,30,30001,10,30,0.5692456960678101,1.7695595026016235,1.1314581274986268,1.2455543041229247,1.6208166372776036,1.0,0.16666666666666666,3989.166748046875,714.3514765100554
id_fixed_30,ID: fixed 30,in_distribution,expected_info_gain,Expected information gain,31,30001,11,30,0.4477156698703766,0.969135046005249,0.8676180720329285,0.8705229848623276,0.9412037920951845,1.0,0.16666666666666666,3805.833251953125,1021.609481818974
id_fixed_30,ID: fixed 30,in_distribution,expected_info_gain,Expected information gain,32,30001,12,30,0.6691843271255493,3.7317473888397217,1.3781093120574952,1.5057655811309811,3.1015106391906757,1.0,0.16666666666666666,4388.83349609375,287.2201795363799
id_fixed_30,ID: fixed 30,in_distribution,expected_info_gain,Expected information gain,33,30001,13,30,0.5008341670036316,1.3279542922973633,0.8580409049987794,0.9124207466840744,1.2090641200542454,1.0,0.06666666666666667,4021.0,1163.9685009755194
id_fixed_30,ID: fixed 30,in_distribution,expected_info_gain,Expected information gain,34,30001,14,30,0.6116608381271362,1.9180601835250854,0.9982115030288697,1.096498841047287,1.684459954500199,1.0,0.1,4885.0,1350.0025636386126
id_fixed_30,ID: fixed 30,in_distribution,expected_info_gain,Expected information gain,35,30001,15,30,0.5051474571228027,1.4375090599060059,0.9071360886096955,0.9684952557086944,1.3019707995653156,1.0,0.0,5178.33349609375,675.0675978194922
id_fixed_30,ID: fixed 30,in_distribution,expected_info_gain,Expected information gain,36,30001,16,30,2.3880865573883057,25.468162536621094,1.905365359783173,14.122246742248473,25.026941471099853,0.9333333333333333,0.06666666666666667,3924.0,-594.4749738387764
id_fixed_30,ID: fixed 30,in_distribution,expected_info_gain,Expected information gain,37,30001,17,30,0.8470519781112671,2.252584218978882,1.7205095291137695,2.0239875912666307,2.245541961193085,1.0,0.13333333333333333,3931.0,536.9483811659738
id_fixed_30,ID: fixed 30,in_distribution,expected_info_gain,Expected information gain,38,30001,18,30,0.6154567003250122,1.8910679817199707,1.1854462385177618,1.6271515250205986,1.8484290409088135,1.0,0.1,3791.833251953125,-160.26124784257263
id_fixed_30,ID: fixed 30,in_distribution,expected_info_gain,Expected information gain,39,30001,19,30,0.6386708617210388,3.8411293029785156,0.9471516549587252,1.1581510961055752,3.083168773651125,1.0,0.13333333333333333,4104.0,8.201507600024343
id_fixed_30,ID: fixed 30,in_distribution,expected_info_gain,Expected information gain,40,30002,0,30,0.7057589888572693,1.8120216131210327,1.31339168548584,1.3883441984653473,1.6897642898559573,1.0,0.06666666666666667,3812.5,684.9265201496892
id_fixed_30,ID: fixed 30,in_distribution,expected_info_gain,Expected information gain,41,30002,1,30,0.551569938659668,1.871515154838562,1.090479302406311,1.161440986394882,1.6752362716197973,1.0,0.16666666666666666,2665.0,37.608489133417606
id_fixed_30,ID: fixed 30,in_distribution,expected_info_gain,Expected information gain,42,30002,2,30,0.6276891827583313,1.4620602130889893,1.079438436031342,1.4181627869606017,1.45183669090271,1.0,0.1,4008.0,746.6321955490857
id_fixed_30,ID: fixed 30,in_distribution,expected_info_gain,Expected information gain,43,30002,3,30,0.7135823965072632,3.116650342941284,1.1157649397850038,1.3167955160140987,2.614331798553468,1.0,0.2,4067.166748046875,472.3545262152329
id_fixed_30,ID: fixed 30,in_distribution,expected_info_gain,Expected information gain,44,30002,4,30,0.6368644833564758,1.2238452434539795,1.0472549200057983,1.131620746850967,1.215932080745697,1.0,0.16666666666666666,4118.83349609375,414.3052688995376
id_fixed_30,ID: fixed 30,in_distribution,expected_info_gain,Expected information gain,45,30002,5,30,0.6942464709281921,2.014575719833374,1.104956936836243,1.4055671930313107,1.850399425029755,1.0,0.13333333333333333,4204.33349609375,449.1554553154856
id_fixed_30,ID: fixed 30,in_distribution,expected_info_gain,Expected information gain,46,30002,6,30,0.7789290547370911,3.059943437576294,1.5377012968063357,1.8421261370182027,2.754535071849824,1.0,0.13333333333333333,4077.5,-22.471707167103887
id_fixed_30,ID: fixed 30,in_distribution,expected_info_gain,Expected information gain,47,30002,7,30,2.5391387939453125,38.7066535949707,2.9910447597503786,11.103083324432372,30.733886032104515,0.9,0.2,4164.0,-514.1781926974654
id_fixed_30,ID: fixed 30,in_distribution,expected_info_gain,Expected information gain,48,30002,8,30,0.7156985402107239,2.3996028900146484,1.5864725589752202,1.9083409309387205,2.267115061283112,1.0,0.16666666666666666,4554.0,603.3094812952913
id_fixed_30,ID: fixed 30,in_distribution,expected_info_gain,Expected information gain,49,30002,9,30,0.755677342414856,2.40352725982666,1.3770001649856567,1.9445327222347233,2.397873706817627,1.0,0.13333333333333333,3460.0,571.2717245779932
id_fixed_30,ID: fixed 30,in_distribution,expected_info_gain,Expected information gain,50,30002,10,30,0.6884580850601196,2.5625667572021484,1.2089376926422124,1.8398527026176434,2.4332690429687505,1.0,0.1,4346.33349609375,-150.3369347602129
id_fixed_30,ID: fixed 30,in_distribution,expected_info_gain,Expected information gain,51,30002,11,30,0.6212419867515564,1.6935774087905884,1.0043333947658541,1.2079908668994899,1.5777052581310276,1.0,0.1,3360.0,-115.45579920522869
id_fixed_30,ID: fixed 30,in_distribution,expected_info_gain,Expected information gain,52,30002,12,30,0.726852297782898,3.7401022911071777,1.3714886426925665,1.9532759845256795,3.2672505617141736,1.0,0.13333333333333333,3321.333251953125,-123.81738248839974
id_fixed_30,ID: fixed 30,in_distribution,expected_info_gain,Expected information gain,53,30002,13,30,0.8365462422370911,6.503632545471191,1.4590297222137452,1.5694679319858549,5.086367120742802,0.9666666666666667,0.13333333333333333,3705.333251953125,-172.61689498648047
id_fixed_30,ID: fixed 30,in_distribution,expected_info_gain,Expected information gain,54,30002,14,30,0.6233695149421692,1.5209442377090454,1.1757437586784365,1.3548086822032928,1.4740777504444125,1.0,0.1,4578.5,1119.321512666531
id_fixed_30,ID: fixed 30,in_distribution,expected_info_gain,Expected information gain,55,30002,15,30,0.728117048740387,3.524327039718628,1.409341311454773,1.4708832442760467,2.9347830390930194,1.0,0.06666666666666667,3679.666748046875,188.81793452240527
id_fixed_30,ID: fixed 30,in_distribution,expected_info_gain,Expected information gain,56,30002,16,30,0.5207856297492981,1.4066301584243774,1.0475956320762634,1.1939065456390374,1.3746724903583527,1.0,0.13333333333333333,3163.166748046875,-23.5585685800761
id_fixed_30,ID: fixed 30,in_distribution,expected_info_gain,Expected information gain,57,30002,17,30,0.5840709805488586,1.736283779144287,0.9694424808025361,1.1664803743362422,1.5913880443573003,1.0,0.06666666666666667,4038.0,1358.2363459672779
id_fixed_30,ID: fixed 30,in_distribution,expected_info_gain,Expected information gain,58,30002,18,30,0.47755709290504456,1.7056547403335571,0.7842041075229645,1.0182425051927557,1.549537565708161,1.0,0.1,4815.66650390625,713.6643628207967
id_fixed_30,ID: fixed 30,in_distribution,expected_info_gain,Expected information gain,59,30002,19,30,0.5315138697624207,1.046673059463501,0.8327377021312715,0.9523164957761763,1.0280748385190965,1.0,0.06666666666666667,4869.5,-178.0014120284468
id_fixed_30,ID: fixed 30,in_distribution,expected_info_gain,Expected information gain,60,30003,0,30,0.550078272819519,1.1509349346160889,1.0101129293441775,1.1289730787277221,1.145176010131836,1.0,0.13333333333333333,3274.5,299.40397776523605
id_fixed_30,ID: fixed 30,in_distribution,expected_info_gain,Expected information gain,61,30003,1,30,1.1779533624649048,10.33226203918457,1.7974499940872206,3.217246234416959,8.390403757095342,0.9666666666666667,0.06666666666666667,4786.33349609375,-415.3328428622335
id_fixed_30,ID: fixed 30,in_distribution,expected_info_gain,Expected information gain,62,30003,2,30,0.7003210186958313,1.9704153537750244,1.2129135251045229,1.6037946760654438,1.9186510288715364,1.0,0.1,3755.5,613.6658761762083
id_fixed_30,ID: fixed 30,in_distribution,expected_info_gain,Expected information gain,63,30003,3,30,0.6494563221931458,1.9413838386535645,1.1703366279602052,1.3204299151897425,1.7850663268566136,1.0,0.1,4220.66650390625,444.36999266035855
id_fixed_30,ID: fixed 30,in_distribution,expected_info_gain,Expected information gain,64,30003,4,30,0.8584572672843933,2.088348388671875,1.7603806138038636,1.9263045191764823,2.076753170490265,1.0,0.13333333333333333,3747.833251953125,508.0140501521528
id_fixed_30,ID: fixed 30,in_distribution,expected_info_gain,Expected information gain,65,30003,5,30,0.6184604167938232,1.7095829248428345,1.1938326001167299,1.2638428330421447,1.584838516712189,1.0,0.16666666666666666,4631.66650390625,963.0366372838616
id_fixed_30,ID: fixed 30,in_distribution,expected_info_gain,Expected information gain,66,30003,6,30,0.6497019529342651,2.663635730743408,1.157107973098755,1.2129427134990691,2.2470232260227214,1.0,0.13333333333333333,4253.33349609375,818.3795543834567
id_fixed_30,ID: fixed 30,in_distribution,expected_info_gain,Expected information gain,67,30003,7,30,0.47061365842819214,1.194341778755188,0.7349196374416352,0.9558830589056007,1.1631578028202059,1.0,0.16666666666666666,4317.83349609375,986.0213495353237
id_fixed_30,ID: fixed 30,in_distribution,expected_info_gain,Expected information gain,68,30003,8,30,0.4576960504055023,1.4343647956848145,0.8784330964088441,1.096272265911102,1.357445139884949,1.0,0.16666666666666666,3799.833251953125,654.4299045326188
id_fixed_30,ID: fixed 30,in_distribution,expected_info_gain,Expected information gain,69,30003,9,30,0.7433226108551025,1.6964342594146729,1.3291924238204957,1.428464376926422,1.6201584827899935,1.0,0.13333333333333333,4197.0,264.64728448726237
id_fixed_30,ID: fixed 30,in_distribution,expected_info_gain,Expected information gain,70,30003,10,30,0.47481968998908997,1.5031983852386475,0.8999277889728547,1.05332798063755,1.3906848812103274,1.0,0.16666666666666666,4421.66650390625,957.8836814910173
id_fixed_30,ID: fixed 30,in_distribution,expected_info_gain,Expected information gain,71,30003,11,30,1.625814437866211,11.116962432861328,4.150934028625488,5.556348991394036,9.835760068893435,0.9333333333333333,0.1,5298.0,-519.2251681610942
id_fixed_30,ID: fixed 30,in_distribution,expected_info_gain,Expected information gain,72,30003,12,30,0.47674626111984253,1.3624722957611084,0.8295078039169312,0.9647852599620816,1.2601768171787264,1.0,0.13333333333333333,3878.5,1409.3178942166269
id_fixed_30,ID: fixed 30,in_distribution,expected_info_gain,Expected information gain,73,30003,13,30,0.5071688294410706,1.2494094371795654,0.8485508739948273,0.8890671014785765,1.1529066413640978,1.0,0.03333333333333333,4771.83349609375,22.555849752388895
id_fixed_30,ID: fixed 30,in_distribution,expected_info_gain,Expected information gain,74,30003,14,30,0.5531633496284485,1.728912591934204,1.2106988191604615,1.3105270922183987,1.6289666068553927,1.0,0.13333333333333333,4049.166748046875,882.2830550279468
id_fixed_30,ID: fixed 30,in_distribution,expected_info_gain,Expected information gain,75,30003,15,30,0.6773300170898438,2.2516446113586426,1.0921259641647338,1.1467758059501645,1.9410601139068613,1.0,0.06666666666666667,4663.33349609375,1173.849217787385
id_fixed_30,ID: fixed 30,in_distribution,expected_info_gain,Expected information gain,76,30003,16,30,0.5898821949958801,1.8666621446609497,1.12871173620224,1.2461823940277097,1.6997156310081487,1.0,0.26666666666666666,4384.5,589.2648296356201
id_fixed_30,ID: fixed 30,in_distribution,expected_info_gain,Expected information gain,77,30003,17,30,0.5080145597457886,1.741837501525879,0.8065913677215577,1.322199913859365,1.7332250773906708,1.0,0.16666666666666666,3838.5,1158.3248010575771
id_fixed_30,ID: fixed 30,in_distribution,expected_info_gain,Expected information gain,78,30003,18,30,0.9664352536201477,5.299675941467285,2.3576905488967896,2.508994448184967,4.492951374053957,0.9666666666666667,0.06666666666666667,3269.0,-74.75029122829437
id_fixed_30,ID: fixed 30,in_distribution,expected_info_gain,Expected information gain,79,30003,19,30,0.3829396665096283,1.0116674900054932,0.644628268480301,0.7297342687845227,0.9433048415184023,1.0,0.23333333333333334,3445.833251953125,1174.0679257642478
id_fixed_30,ID: fixed 30,in_distribution,expected_info_gain,Expected information gain,80,30004,0,30,0.6066198348999023,1.5531741380691528,1.0304604768753052,1.200772505998611,1.4750441622734072,1.0,0.13333333333333333,3637.833251953125,238.392758987844
id_fixed_30,ID: fixed 30,in_distribution,expected_info_gain,Expected information gain,81,30004,1,30,0.5303054451942444,1.7012486457824707,0.9476265609264375,0.9852283984422684,1.4937653660774237,1.0,0.1,3780.833251953125,1232.8908639568835
id_fixed_30,ID: fixed 30,in_distribution,expected_info_gain,Expected information gain,82,30004,2,30,0.6109420657157898,1.5748047828674316,1.1492072820663457,1.518048995733261,1.5613426089286804,1.0,0.16666666666666666,3491.833251953125,920.8588141985238
id_fixed_30,ID: fixed 30,in_distribution,expected_info_gain,Expected information gain,83,30004,3,30,0.3869861364364624,0.760445237159729,0.6496338307857513,0.7186291903257367,0.7601662862300873,1.0,0.16666666666666666,3976.666748046875,1410.5249231290072
id_fixed_30,ID: fixed 30,in_distribution,expected_info_gain,Expected information gain,84,30004,4,30,0.5432550311088562,1.3935582637786865,1.0626224398612976,1.1221759438514707,1.326501696109772,1.0,0.13333333333333333,3710.833251953125,1470.239814883098
id_fixed_30,ID: fixed 30,in_distribution,expected_info_gain,Expected information gain,85,30004,5,30,0.7710241675376892,2.3093819618225098,1.3234625697135927,1.4226346552371976,2.064731659889222,1.0,0.1,5082.83349609375,169.89288582280278
id_fixed_30,ID: fixed 30,in_distribution,expected_info_gain,Expected information gain,86,30004,6,30,0.48678481578826904,1.0960851907730103,0.8248522877693176,0.9785627722740167,1.0935406148433686,1.0,0.06666666666666667,4242.16650390625,-41.946284155361354
id_fixed_30,ID: fixed 30,in_distribution,expected_info_gain,Expected information gain,87,30004,7,30,0.6650954484939575,1.6444599628448486,1.1429569602012635,1.2199640512466428,1.5395278120040896,1.0,0.16666666666666666,4086.5,604.3909715088084
id_fixed_30,ID: fixed 30,in_distribution,expected_info_gain,Expected information gain,88,30004,8,30,0.5619103312492371,1.742863655090332,1.0490668416023254,1.122285759449005,1.5675348889827734,1.0,0.1,4082.0,-146.60392600297928
id_fixed_30,ID: fixed 30,in_distribution,expected_info_gain,Expected information gain,89,30004,9,30,0.7153177857398987,3.3025074005126953,1.2508281826972962,1.5455783605575548,2.859486238956453,1.0,0.13333333333333333,4242.5,115.59209989197552
id_fixed_30,ID: fixed 30,in_distribution,expected_info_gain,Expected information gain,90,30004,10,30,0.6004336476325989,2.730283737182617,1.073994898796082,1.3190043568611143,2.327651586532594,1.0,0.16666666666666666,4516.16650390625,915.0266055762768
id_fixed_30,ID: fixed 30,in_distribution,expected_info_gain,Expected information gain,91,30004,11,30,1.5177360773086548,10.877293586730957,3.786880922317506,5.878895258903496,9.754815096855166,0.9333333333333333,0.16666666666666666,3615.833251953125,-350.9366226242855
id_fixed_30,ID: fixed 30,in_distribution,expected_info_gain,Expected information gain,92,30004,12,30,0.5135023593902588,1.259322166442871,0.8908165931701661,1.02807103395462,1.2115379309654237,1.0,0.16666666666666666,3850.5,1226.8474541567266
id_fixed_30,ID: fixed 30,in_distribution,expected_info_gain,Expected information gain,93,30004,13,30,0.6794115304946899,2.463386297225952,1.3592053771018984,1.9193100571632362,2.4108655309677127,1.0,0.1,4064.833251953125,64.91650070715696
id_fixed_30,ID: fixed 30,in_distribution,expected_info_gain,Expected information gain,94,30004,14,30,0.41724100708961487,0.8113676309585571,0.682691788673401,0.7097145766019821,0.7832997536659242,1.0,0.2,4321.16650390625,581.2747287061065
id_fixed_30,ID: fixed 30,in_distribution,expected_info_gain,Expected information gain,95,30004,15,30,0.5080580115318298,1.465009093284607,1.0551627159118653,1.1925608038902278,1.4107948124408725,1.0,0.1,3315.833251953125,708.666529757902
id_fixed_30,ID: fixed 30,in_distribution,expected_info_gain,Expected information gain,96,30004,16,30,1.1304612159729004,12.014616966247559,1.9685459613800058,3.212754881381985,9.62487100601197,0.9666666666666667,0.16666666666666666,3834.0,-347.0177613347769
id_fixed_30,ID: fixed 30,in_distribution,expected_info_gain,Expected information gain,97,30004,17,30,0.6273974776268005,2.0320167541503906,1.305087125301362,1.9435845792293545,2.0204352951049804,1.0,0.1,3896.666748046875,-375.0878955498338
id_fixed_30,ID: fixed 30,in_distribution,expected_info_gain,Expected information gain,98,30004,18,30,0.6380525231361389,4.43319845199585,1.0236470699310303,1.0464817762374876,3.454256999492648,1.0,0.13333333333333333,3281.333251953125,433.1605792492628
id_fixed_30,ID: fixed 30,in_distribution,expected_info_gain,Expected information gain,99,30004,19,30,0.41550886631011963,0.8098577857017517,0.7120723903179169,0.7382743209600449,0.7916603600978852,1.0,0.2,4681.66650390625,879.3342647515237
id_fixed_30,ID: fixed 30,in_distribution,beam_a_star,Beam A*,0,30000,0,30,0.7071694731712341,1.8050346374511719,1.2796394109725953,1.3414313673973082,1.6826222300529483,1.0,0.03333333333333333,3749.0,333.9845793340355
id_fixed_30,ID: fixed 30,in_distribution,beam_a_star,Beam A*,1,30000,1,30,0.9034162759780884,1.7039507627487183,1.2921507835388188,1.6584583461284637,1.6969696259498597,1.0,0.13333333333333333,4176.5,945.0859895488247
id_fixed_30,ID: fixed 30,in_distribution,beam_a_star,Beam A*,2,30000,2,30,0.609150230884552,1.7912890911102295,0.9435648381710053,0.999199891090393,1.5657350873947151,1.0,0.06666666666666667,4021.5,1261.17935064435
id_fixed_30,ID: fixed 30,in_distribution,beam_a_star,Beam A*,3,30000,3,30,0.6397496461868286,1.1771726608276367,1.056571638584137,1.0688649713993073,1.1459400784969331,1.0,0.0,3279.333251953125,634.7652833592147
id_fixed_30,ID: fixed 30,in_distribution,beam_a_star,Beam A*,4,30000,4,30,0.8460367321968079,2.88279128074646,1.3449150443077094,1.7535082161426543,2.55937182545662,1.0,0.0,3983.666748046875,-277.3713044207543
id_fixed_30,ID: fixed 30,in_distribution,beam_a_star,Beam A*,5,30000,5,30,0.9350906014442444,2.836695909500122,1.8838777780532843,2.345872485637664,2.731063010692597,1.0,0.1,4066.333251953125,368.9257096592337
id_fixed_30,ID: fixed 30,in_distribution,beam_a_star,Beam A*,6,30000,6,30,4.868087291717529,82.05437469482422,5.8400328636169485,17.070372438430745,65.14680076599126,0.8333333333333334,0.0,4886.5,-557.7069932222366
id_fixed_30,ID: fixed 30,in_distribution,beam_a_star,Beam A*,7,30000,7,30,0.7959135174751282,2.3897132873535156,1.2833202719688421,1.7894604802131646,2.2423284626007085,1.0,0.1,3598.5,-349.8795042335987
id_fixed_30,ID: fixed 30,in_distribution,beam_a_star,Beam A*,8,30000,8,30,0.6586748361587524,1.4124289751052856,1.0632984161376953,1.1076731264591217,1.3258873963356022,1.0,0.1,4004.666748046875,328.5849068965763
id_fixed_30,ID: fixed 30,in_distribution,beam_a_star,Beam A*,9,30000,9,30,0.8611248135566711,3.082828998565674,1.4715399980545047,1.826389104127883,2.75669626235962,1.0,0.03333333333333333,3513.833251953125,-62.02896021679044
id_fixed_30,ID: fixed 30,in_distribution,beam_a_star,Beam A*,10,30000,10,30,1.185731053352356,7.147866249084473,2.5937458276748697,5.245679903030394,6.650923862457277,0.9,0.03333333333333333,3914.166748046875,-411.8720754291862
id_fixed_30,ID: fixed 30,in_distribution,beam_a_star,Beam A*,11,30000,11,30,0.8661037087440491,1.916066288948059,1.3037285685539246,1.5908375561237322,1.8800967609882355,1.0,0.13333333333333333,4310.16650390625,-212.29532252904028
id_fixed_30,ID: fixed 30,in_distribution,beam_a_star,Beam A*,12,30000,12,30,1.1172029972076416,2.96364426612854,2.611036515235901,2.8234734773635854,2.96143568277359,1.0,0.06666666666666667,5291.33349609375,234.98102440685034
id_fixed_30,ID: fixed 30,in_distribution,beam_a_star,Beam A*,13,30000,13,30,0.4987393617630005,1.2427194118499756,0.9866713404655457,1.0594164192676543,1.1914904487133027,1.0,0.06666666666666667,3314.333251953125,-12.99814263638109
id_fixed_30,ID: fixed 30,in_distribution,beam_a_star,Beam A*,14,30000,14,30,0.7791544198989868,2.5777831077575684,1.7033924698829657,2.2883863568305958,2.5421535825729373,1.0,0.03333333333333333,5015.16650390625,-56.76430829614401
id_fixed_30,ID: fixed 30,in_distribution,beam_a_star,Beam A*,15,30000,15,30,0.9688947796821594,3.709031343460083,1.5596946477890026,2.530869126319884,3.428560755252839,1.0,0.0,3772.0,191.75508307199925
id_fixed_30,ID: fixed 30,in_distribution,beam_a_star,Beam A*,16,30000,16,30,0.8343799114227295,1.5513502359390259,1.368259847164154,1.421595913171768,1.5253157722949982,1.0,0.03333333333333333,4229.0,731.5156134143472
id_fixed_30,ID: fixed 30,in_distribution,beam_a_star,Beam A*,17,30000,17,30,0.7228689193725586,2.512407064437866,1.0142177820205691,1.3563730835914602,2.2208594381809244,1.0,0.0,4343.66650390625,-317.39781617745757
id_fixed_30,ID: fixed 30,in_distribution,beam_a_star,Beam A*,18,30000,18,30,0.5988366603851318,1.429713487625122,0.9109065949916839,0.960572865605354,1.304201350808144,1.0,0.0,3546.0,459.06611705664545
id_fixed_30,ID: fixed 30,in_distribution,beam_a_star,Beam A*,19,30000,19,30,0.88487708568573,3.9451346397399902,1.4703725934028629,2.067783564329145,3.5082620835304272,1.0,0.13333333333333333,2507.166748046875,-62.43250204017386
id_fixed_30,ID: fixed 30,in_distribution,beam_a_star,Beam A*,20,30001,0,30,0.9105973839759827,2.5796070098876953,1.82899683713913,2.2921504735946647,2.5277838110923767,1.0,0.03333333333333333,3722.0,625.840285516344
id_fixed_30,ID: fixed 30,in_distribution,beam_a_star,Beam A*,21,30001,1,30,1.1907979249954224,13.454572677612305,1.3476450681686403,2.2956841349601698,10.426611881256113,0.9666666666666667,0.03333333333333333,4555.33349609375,-479.28496029321104
id_fixed_30,ID: fixed 30,in_distribution,beam_a_star,Beam A*,22,30001,2,30,0.7729671001434326,1.7306925058364868,1.4900977849960326,1.5381607353687283,1.6843759346008302,1.0,0.03333333333333333,3370.0,578.7227580379695
id_fixed_30,ID: fixed 30,in_distribution,beam_a_star,Beam A*,23,30001,3,30,0.6616742610931396,1.99452543258667,0.9108191728591922,1.3953932940959914,1.8928996920585635,1.0,0.1,4371.33349609375,853.0012626871467
id_fixed_30,ID: fixed 30,in_distribution,beam_a_star,Beam A*,24,30001,4,30,7.868705749511719,112.12352752685547,14.273691749572754,28.68759040832512,91.294105834961,0.7333333333333333,0.06666666666666667,5735.66650390625,-546.9070947468281
id_fixed_30,ID: fixed 30,in_distribution,beam_a_star,Beam A*,25,30001,5,30,0.7450167536735535,2.8149144649505615,1.128496062755585,1.9617752432823143,2.7417480111122132,1.0,0.06666666666666667,3944.833251953125,672.3490764889866
id_fixed_30,ID: fixed 30,in_distribution,beam_a_star,Beam A*,26,30001,6,30,0.9135138392448425,4.732010841369629,1.4985338449478152,2.035495233535764,4.057983601093294,1.0,0.03333333333333333,5220.16650390625,-117.16428322065622
id_fixed_30,ID: fixed 30,in_distribution,beam_a_star,Beam A*,27,30001,7,30,0.729977011680603,3.6180968284606934,1.257487714290619,1.646521580219267,3.1296582794189467,1.0,0.16666666666666666,3671.333251953125,171.42569290846586
id_fixed_30,ID: fixed 30,in_distribution,beam_a_star,Beam A*,28,30001,8,30,0.7629151940345764,1.341079831123352,1.2654938697814941,1.3213055491447447,1.3368475484848024,1.0,0.03333333333333333,3782.333251953125,-357.0474722813815
id_fixed_30,ID: fixed 30,in_distribution,beam_a_star,Beam A*,29,30001,9,30,0.692034125328064,1.8199489116668701,1.1146517038345338,1.4577273130416855,1.7871819090843202,1.0,0.1,4192.33349609375,601.892163425684
id_fixed_30,ID: fixed 30,in_distribution,beam_a_star,Beam A*,30,30001,10,30,0.7384141087532043,1.7862533330917358,1.2567824125289917,1.4950254499912252,1.7476546692848207,1.0,0.03333333333333333,4576.66650390625,717.1421924829483
id_fixed_30,ID: fixed 30,in_distribution,beam_a_star,Beam A*,31,30001,11,30,0.5883271098136902,1.2532893419265747,1.1285519123077394,1.1978972017765044,1.241952885389328,1.0,0.16666666666666666,3569.666748046875,906.9501280700788
id_fixed_30,ID: fixed 30,in_distribution,beam_a_star,Beam A*,32,30001,12,30,1.0057038068771362,4.393101692199707,1.7978246688842798,3.642045438289641,4.229296963214875,1.0,0.2,4197.83349609375,-354.78712732717395
id_fixed_30,ID: fixed 30,in_distribution,beam_a_star,Beam A*,33,30001,13,30,0.533715546131134,1.0388267040252686,0.7261712670326235,0.8568740129470823,0.9941187590360643,1.0,0.03333333333333333,3404.333251953125,652.9568326231092
id_fixed_30,ID: fixed 30,in_distribution,beam_a_star,Beam A*,34,30001,14,30,0.7094046473503113,1.9733134508132935,1.0404392957687378,1.5118551909923532,1.9427881157398226,1.0,0.06666666666666667,4482.83349609375,958.3081540167332
id_fixed_30,ID: fixed 30,in_distribution,beam_a_star,Beam A*,35,30001,15,30,0.5418846011161804,1.5792927742004395,0.8401542961597444,0.9322303175926206,1.4016286194324499,1.0,0.0,4773.0,672.8034356990829
id_fixed_30,ID: fixed 30,in_distribution,beam_a_star,Beam A*,36,30001,16,30,1.067759394645691,3.9102065563201904,3.4555765390396123,3.6751380801200866,3.8429768586158755,1.0,0.0,4382.5,-503.5013384623453
id_fixed_30,ID: fixed 30,in_distribution,beam_a_star,Beam A*,37,30001,17,30,0.9512489438056946,2.3198580741882324,1.7264634490013127,2.0963754415512077,2.29520204782486,1.0,0.06666666666666667,4287.16650390625,-144.0141395162791
id_fixed_30,ID: fixed 30,in_distribution,beam_a_star,Beam A*,38,30001,18,30,0.6652480959892273,2.029428005218506,1.2489044189453127,1.3770237326622008,1.8508393609523779,1.0,0.0,3372.666748046875,-166.953393926844
id_fixed_30,ID: fixed 30,in_distribution,beam_a_star,Beam A*,39,30001,19,30,0.721191942691803,1.4601528644561768,1.2752350449562075,1.4276556670665739,1.4597582399845124,1.0,0.13333333333333333,3480.666748046875,295.7725812382996
id_fixed_30,ID: fixed 30,in_distribution,beam_a_star,Beam A*,40,30002,0,30,0.7445968389511108,1.7718160152435303,1.3504376888275147,1.5273374617099755,1.734383282661438,1.0,0.0,4215.66650390625,1026.0347323287278
id_fixed_30,ID: fixed 30,in_distribution,beam_a_star,Beam A*,41,30002,1,30,0.6466519832611084,2.2682247161865234,0.9817944943904877,1.201954221725463,2.0003534173965463,1.0,0.06666666666666667,4450.33349609375,267.5510681485757
id_fixed_30,ID: fixed 30,in_distribution,beam_a_star,Beam A*,42,30002,2,30,0.7766805291175842,1.6420979499816895,1.297906792163849,1.425601333379745,1.5970469081401826,1.0,0.03333333333333333,5136.83349609375,4.247540847398341
id_fixed_30,ID: fixed 30,in_distribution,beam_a_star,Beam A*,43,30002,3,30,0.8825698494911194,3.455965757369995,1.335665571689606,2.2270221233367886,3.2647840809822086,1.0,0.2,4388.5,292.5649946220219
id_fixed_30,ID: fixed 30,in_distribution,beam_a_star,Beam A*,44,30002,4,30,1.1223499774932861,9.887858390808105,1.367653024196625,2.6107381105422913,8.050549907684331,0.9666666666666667,0.1,3888.333251953125,2.4603034872561693
id_fixed_30,ID: fixed 30,in_distribution,beam_a_star,Beam A*,45,30002,5,30,0.7618171572685242,2.080416679382324,1.2467532873153686,1.4287244200706473,1.9323913979530338,1.0,0.2,4014.5,453.14779119566083
id_fixed_30,ID: fixed 30,in_distribution,beam_a_star,Beam A*,46,30002,6,30,1.0373120307922363,4.488759994506836,2.404686641693116,2.959916341304779,4.063167095184327,1.0,0.03333333333333333,3896.5,-147.75369190052152
id_fixed_30,ID: fixed 30,in_distribution,beam_a_star,Beam A*,47,30002,7,30,3.0585296154022217,38.75690460205078,10.675242042541504,11.098792886734008,30.766454544067408,0.8666666666666667,0.06666666666666667,5233.16650390625,-527.6786067783833
id_fixed_30,ID: fixed 30,in_distribution,beam_a_star,Beam A*,48,30002,8,30,0.6970625519752502,1.7226756811141968,1.2107591032981873,1.4061328649520868,1.6634079945087434,1.0,0.13333333333333333,3904.666748046875,259.54604381881654
id_fixed_30,ID: fixed 30,in_distribution,beam_a_star,Beam A*,49,30002,9,30,0.9290468096733093,2.367100477218628,1.6174143910408023,1.9352058112621304,2.259781323671341,1.0,0.1,3451.333251953125,360.4489322118461
id_fixed_30,ID: fixed 30,in_distribution,beam_a_star,Beam A*,50,30002,10,30,0.6565430760383606,1.2800202369689941,1.0389448642730714,1.2114220798015591,1.2753946781158447,1.0,0.06666666666666667,4333.0,-145.7474047895521
id_fixed_30,ID: fixed 30,in_distribution,beam_a_star,Beam A*,51,30002,11,30,0.7251428365707397,1.7882667779922485,1.1614075422286987,1.3353748857974996,1.6981387317180636,1.0,0.06666666666666667,4559.0,-52.164260271936655
id_fixed_30,ID: fixed 30,in_distribution,beam_a_star,Beam A*,52,30002,12,30,0.6224834322929382,1.369325876235962,0.9206947267055512,1.1487638980150214,1.3465905630588533,1.0,0.06666666666666667,3491.333251953125,187.22138797212392
id_fixed_30,ID: fixed 30,in_distribution,beam_a_star,Beam A*,53,30002,13,30,0.9003020524978638,4.214357852935791,1.4839251995086675,2.0162441432476035,3.6187166881561295,1.0,0.03333333333333333,4087.166748046875,-181.18867503851652
id_fixed_30,ID: fixed 30,in_distribution,beam_a_star,Beam A*,54,30002,14,30,0.7133349180221558,1.5857877731323242,1.2078697800636293,1.3939237177371973,1.5592017686367037,1.0,0.13333333333333333,4290.66650390625,612.0948310829699
id_fixed_30,ID: fixed 30,in_distribution,beam_a_star,Beam A*,55,30002,15,30,0.8887603878974915,3.611720085144043,1.4241368174552922,2.1540089845657326,3.299761748313905,1.0,0.0,3629.333251953125,137.22962018288672
id_fixed_30,ID: fixed 30,in_distribution,beam_a_star,Beam A*,56,30002,16,30,1.1292473077774048,6.907104969024658,2.0477266550064117,4.14872224330902,6.1391832399368305,0.9666666666666667,0.03333333333333333,4058.666748046875,-554.7467441717163
id_fixed_30,ID: fixed 30,in_distribution,beam_a_star,Beam A*,57,30002,17,30,0.7371784448623657,1.9156014919281006,1.1363129019737244,1.2041303575038909,1.7199029815196996,1.0,0.06666666666666667,3964.333251953125,289.4435896733776
id_fixed_30,ID: fixed 30,in_distribution,beam_a_star,Beam A*,58,30002,18,30,0.5818631649017334,1.1754273176193237,0.865771096944809,0.9402937889099118,1.1213830035924912,1.0,0.0,4431.0,705.258799765259
id_fixed_30,ID: fixed 30,in_distribution,beam_a_star,Beam A*,59,30002,19,30,0.6340560913085938,1.4704705476760864,0.9349854409694673,1.0774259269237516,1.3652383923530582,1.0,0.0,4303.16650390625,83.49445360898972
id_fixed_30,ID: fixed 30,in_distribution,beam_a_star,Beam A*,60,30003,0,30,0.8403558135032654,2.5448365211486816,1.401142179965973,1.598126059770583,2.315591473579407,1.0,0.06666666666666667,3731.666748046875,-20.621546410024166
id_fixed_30,ID: fixed 30,in_distribution,beam_a_star,Beam A*,61,30003,1,30,0.9042611718177795,3.539780616760254,1.3096337676048284,2.0880718350410437,3.227560510635377,1.0,0.0,4362.66650390625,-280.0456467717886
id_fixed_30,ID: fixed 30,in_distribution,beam_a_star,Beam A*,62,30003,2,30,0.7298431992530823,1.357658863067627,1.1780880451202393,1.263058084249496,1.3487626481056214,1.0,0.03333333333333333,3634.5,942.7007027696818
id_fixed_30,ID: fixed 30,in_distribution,beam_a_star,Beam A*,63,30003,3,30,0.7856954336166382,2.193535327911377,1.191721785068512,1.2671605825424193,1.9338876366615303,1.0,0.06666666666666667,3223.5,313.7621234487742
id_fixed_30,ID: fixed 30,in_distribution,beam_a_star,Beam A*,64,30003,4,30,0.9473713636398315,3.364666223526001,2.0607187032699588,2.4258725285530085,3.106543099880219,1.0,0.1,4626.16650390625,157.33855403587222
id_fixed_30,ID: fixed 30,in_distribution,beam_a_star,Beam A*,65,30003,5,30,0.746258556842804,1.9904916286468506,1.375674951076508,1.7848610281944273,1.944851018190384,1.0,0.03333333333333333,4997.66650390625,731.9462644588202
id_fixed_30,ID: fixed 30,in_distribution,beam_a_star,Beam A*,66,30003,6,30,0.893379271030426,3.6809592247009277,1.417700028419495,2.028104108572004,3.3010843396186837,1.0,0.03333333333333333,4204.83349609375,18.41361646540463
id_fixed_30,ID: fixed 30,in_distribution,beam_a_star,Beam A*,67,30003,7,30,0.6082597374916077,1.4609944820404053,1.1531384706497192,1.2817684888839718,1.4318209993839264,1.0,0.13333333333333333,3576.333251953125,502.8278423314914
id_fixed_30,ID: fixed 30,in_distribution,beam_a_star,Beam A*,68,30003,8,30,0.46350160241127014,1.2080841064453125,0.7504268109798431,0.9176365464925758,1.163295352458954,1.0,0.1,3341.5,943.8057169066742
id_fixed_30,ID: fixed 30,in_distribution,beam_a_star,Beam A*,69,30003,9,30,0.8966688513755798,1.6161830425262451,1.4161796450614932,1.5435875296592712,1.6021171259880067,1.0,0.13333333333333333,3367.0,198.2880319915712
id_fixed_30,ID: fixed 30,in_distribution,beam_a_star,Beam A*,70,30003,10,30,0.8286553025245667,5.0829668045043945,1.3457245349884033,2.139600580930706,4.40850770711899,0.9666666666666667,0.06666666666666667,4588.83349609375,-106.07496038451791
id_fixed_30,ID: fixed 30,in_distribution,beam_a_star,Beam A*,71,30003,11,30,5.565152168273926,92.0659408569336,11.262575721740724,20.507043170928913,73.19636886596686,0.8666666666666667,0.03333333333333333,6197.33349609375,-540.6935800537467
id_fixed_30,ID: fixed 30,in_distribution,beam_a_star,Beam A*,72,30003,12,30,0.6805469989776611,1.2312288284301758,1.0371436476707458,1.1050464332103727,1.206610587835312,1.0,0.1,3482.5,1209.9718364216387
id_fixed_30,ID: fixed 30,in_distribution,beam_a_star,Beam A*,73,30003,13,30,0.793422281742096,2.3933749198913574,1.2596228837966932,2.0982157707214353,2.314027502536774,1.0,0.0,3446.0,-56.868698357604444
id_fixed_30,ID: fixed 30,in_distribution,beam_a_star,Beam A*,74,30003,14,30,0.7308279871940613,2.203859567642212,1.0810122489929204,1.3968727290630336,1.9901967072486884,1.0,0.0,4333.33349609375,226.4013071032241
id_fixed_30,ID: fixed 30,in_distribution,beam_a_star,Beam A*,75,30003,15,30,0.7179617285728455,2.2289857864379883,1.1064404487609865,1.233593189716339,1.9427819943428049,1.0,0.06666666666666667,3592.666748046875,816.4562739171088
id_fixed_30,ID: fixed 30,in_distribution,beam_a_star,Beam A*,76,30003,16,30,0.7115510702133179,3.2145516872406006,1.0624072194099428,1.2020610868930812,2.655031504631044,1.0,0.1,3921.666748046875,662.9959079362452
id_fixed_30,ID: fixed 30,in_distribution,beam_a_star,Beam A*,77,30003,17,30,1.0139286518096924,5.317962169647217,1.6463420867919931,3.1572494626045184,4.899451837539674,0.9666666666666667,0.1,4052.833251953125,-134.08274999260902
id_fixed_30,ID: fixed 30,in_distribution,beam_a_star,Beam A*,78,30003,18,30,0.6973642706871033,1.4060344696044922,1.2262613773345947,1.2590129435062407,1.3700125324726107,1.0,0.06666666666666667,4562.66650390625,522.4151505017653
id_fixed_30,ID: fixed 30,in_distribution,beam_a_star,Beam A*,79,30003,19,30,0.46809232234954834,0.8103546500205994,0.65621999502182,0.6975912928581236,0.7852735942602158,1.0,0.1,3811.666748046875,923.4934157170355
id_fixed_30,ID: fixed 30,in_distribution,beam_a_star,Beam A*,80,30004,0,30,0.8215063810348511,2.674379348754883,1.5326913952827457,1.9129408121108997,2.509974472522736,1.0,0.0,5141.16650390625,51.938547698780894
id_fixed_30,ID: fixed 30,in_distribution,beam_a_star,Beam A*,81,30004,1,30,0.6157049536705017,1.363722324371338,1.0377271652221682,1.245448637008667,1.3303801345825197,1.0,0.06666666666666667,3463.166748046875,541.1573759578168
id_fixed_30,ID: fixed 30,in_distribution,beam_a_star,Beam A*,82,30004,2,30,0.6922092437744141,1.44759202003479,1.1566582560539247,1.304870462417602,1.4279595303535462,1.0,0.13333333333333333,3510.666748046875,618.7281667944044
id_fixed_30,ID: fixed 30,in_distribution,beam_a_star,Beam A*,83,30004,3,30,0.6914345026016235,2.3221468925476074,0.9420581102371217,1.0430555701255797,1.9604356920719157,1.0,0.0,3238.166748046875,1000.9448659326881
id_fixed_30,ID: fixed 30,in_distribution,beam_a_star,Beam A*,84,30004,4,30,0.8480878472328186,2.0273053646087646,1.441075670719147,1.7933252573013294,2.011241192817688,1.0,0.06666666666666667,3250.333251953125,629.1173323728144
id_fixed_30,ID: fixed 30,in_distribution,beam_a_star,Beam A*,85,30004,5,30,2.110297203063965,32.754112243652344,2.3087932825088506,3.205840206146237,24.33138580322268,0.9666666666666667,0.0,5077.33349609375,-397.19412116426975
id_fixed_30,ID: fixed 30,in_distribution,beam_a_star,Beam A*,86,30004,6,30,0.5864124298095703,1.71659517288208,0.984925436973572,1.1881506145000456,1.5780767631530765,1.0,0.06666666666666667,4018.0,774.5657074004412
id_fixed_30,ID: fixed 30,in_distribution,beam_a_star,Beam A*,87,30004,7,30,0.7873517870903015,2.7670981884002686,1.0830260872840882,1.2457536816596981,2.338868443965913,1.0,0.1,3052.166748046875,122.90509446524084
id_fixed_30,ID: fixed 30,in_distribution,beam_a_star,Beam A*,88,30004,8,30,0.7624014019966125,1.7400439977645874,1.4045795202255251,1.563734000921249,1.7044114995002748,1.0,0.03333333333333333,4450.5,-192.89844583766535
id_fixed_30,ID: fixed 30,in_distribution,beam_a_star,Beam A*,89,30004,9,30,0.8901523351669312,3.2582998275756836,1.4288169384002687,1.8283623337745647,2.9302936363220224,1.0,0.13333333333333333,4378.16650390625,319.7170215919614
id_fixed_30,ID: fixed 30,in_distribution,beam_a_star,Beam A*,90,30004,10,30,0.6326383948326111,1.310695767402649,1.1043313860893251,1.1970206022262573,1.2837335300445558,1.0,0.06666666666666667,4870.83349609375,1120.954641468823
id_fixed_30,ID: fixed 30,in_distribution,beam_a_star,Beam A*,91,30004,11,30,2.7587666511535645,27.646303176879883,7.6911062240600625,11.904476785659782,23.502133769989026,0.8333333333333334,0.0,4141.33349609375,-556.6181812137365
id_fixed_30,ID: fixed 30,in_distribution,beam_a_star,Beam A*,92,30004,12,30,0.6499804258346558,1.600703239440918,1.2234398603439331,1.2647884011268613,1.5103460931777957,1.0,0.0,4807.5,905.4388536177576
id_fixed_30,ID: fixed 30,in_distribution,beam_a_star,Beam A*,93,30004,13,30,2.132735252380371,18.64662742614746,6.239645910263062,6.6030490398406965,15.218572244644175,0.8666666666666667,0.0,4175.33349609375,-548.41338654235
id_fixed_30,ID: fixed 30,in_distribution,beam_a_star,Beam A*,94,30004,14,30,0.7235174179077148,1.2953143119812012,1.1572407364845276,1.19074068069458,1.2708733499050142,1.0,0.06666666666666667,5387.66650390625,-389.6917874440551
id_fixed_30,ID: fixed 30,in_distribution,beam_a_star,Beam A*,95,30004,15,30,0.760793149471283,2.2001097202301025,1.384367835521698,1.817012572288511,2.188422129154205,1.0,0.0,3775.666748046875,493.585320584476
id_fixed_30,ID: fixed 30,in_distribution,beam_a_star,Beam A*,96,30004,16,30,1.2858258485794067,12.014355659484863,2.5417722463607797,3.4306421399116496,9.624683818817147,0.9666666666666667,0.0,4566.33349609375,-435.1765303052962
id_fixed_30,ID: fixed 30,in_distribution,beam_a_star,Beam A*,97,30004,17,30,0.6103076338768005,2.0946273803710938,1.1646306276321412,1.2272733271121976,1.8501821863651282,1.0,0.1,4202.83349609375,-369.2626180499792
id_fixed_30,ID: fixed 30,in_distribution,beam_a_star,Beam A*,98,30004,18,30,0.5718221664428711,1.034123420715332,0.80951087474823,0.9030194789171218,1.004067486524582,1.0,0.03333333333333333,3978.166748046875,363.2936825538054
id_fixed_30,ID: fixed 30,in_distribution,beam_a_star,Beam A*,99,30004,19,30,0.555297315120697,1.1773600578308105,0.8537853717803955,0.9513346612453457,1.1307599723339081,1.0,0.06666666666666667,3531.333251953125,-18.257796689867973
id_fixed_30,ID: fixed 30,in_distribution,flat_lstm,Flat LSTM,0,30000,0,30,0.5445176959037781,2.316366672515869,1.119246482849121,1.5766257882118204,2.2000565457344057,1.0,0.16666666666666666,7944.83349609375,1510.8222152199596
id_fixed_30,ID: fixed 30,in_distribution,flat_lstm,Flat LSTM,1,30000,1,30,0.9180505871772766,8.282254219055176,1.652161037921906,2.569137585163113,6.779150176048283,0.9666666666666667,0.2,5274.5,-47.554558721370995
id_fixed_30,ID: fixed 30,in_distribution,flat_lstm,Flat LSTM,2,30000,2,30,0.7532767057418823,2.675027847290039,1.649687600135804,2.3935660958290086,2.6568062567710875,1.0,0.16666666666666666,8393.5,615.8308198899031
id_fixed_30,ID: fixed 30,in_distribution,flat_lstm,Flat LSTM,3,30000,3,30,0.6507757902145386,2.993385076522827,1.5981864452362062,2.1793677151203132,2.8556985068321232,1.0,0.23333333333333334,6828.5,707.4098351700231
id_fixed_30,ID: fixed 30,in_distribution,flat_lstm,Flat LSTM,4,30000,4,30,0.5948764681816101,2.2509448528289795,1.2633799552917484,1.605155581235885,2.0930575895309453,1.0,0.16666666666666666,7500.33349609375,712.911004377529
id_fixed_30,ID: fixed 30,in_distribution,flat_lstm,Flat LSTM,5,30000,5,30,0.6039483547210693,2.3501596450805664,1.122674477100373,1.4886174976825712,2.1050719201564796,1.0,0.13333333333333333,7946.66650390625,1006.2658428680152
id_fixed_30,ID: fixed 30,in_distribution,flat_lstm,Flat LSTM,6,30000,6,30,13.841033935546875,120.61225891113281,27.6268611907959,78.9018707275388,120.34802597045899,0.6333333333333333,0.06666666666666667,7894.83349609375,-674.6386632472277
id_fixed_30,ID: fixed 30,in_distribution,flat_lstm,Flat LSTM,7,30000,7,30,0.5061008334159851,1.5215848684310913,0.9902756571769714,1.2855043947696672,1.5198017466068268,1.0,0.13333333333333333,7678.0,405.5608755927533
id_fixed_30,ID: fixed 30,in_distribution,flat_lstm,Flat LSTM,8,30000,8,30,0.9229751229286194,8.44980525970459,1.6890728712081922,2.7994945287704454,6.881080231666569,0.9666666666666667,0.2,6790.0,-18.82415362354368
id_fixed_30,ID: fixed 30,in_distribution,flat_lstm,Flat LSTM,9,30000,9,30,0.7383753061294556,2.999955177307129,2.1814297199249273,2.785252332687377,2.9694944548606874,1.0,0.16666666666666666,6550.5,560.2100301431492
id_fixed_30,ID: fixed 30,in_distribution,flat_lstm,Flat LSTM,10,30000,10,30,0.644551157951355,2.07877254486084,1.4415242671966555,1.6462427914142608,1.959019937515259,1.0,0.16666666666666666,7611.66650390625,1187.3053858568892
id_fixed_30,ID: fixed 30,in_distribution,flat_lstm,Flat LSTM,11,30000,11,30,0.6973811984062195,4.168102264404297,1.5633590579032903,1.8601725816726684,3.4998812413215656,1.0,0.16666666666666666,7575.83349609375,307.5540256090462
id_fixed_30,ID: fixed 30,in_distribution,flat_lstm,Flat LSTM,12,30000,12,30,0.8355627059936523,2.7847957611083984,2.140686106681824,2.24973292350769,2.6459147739410405,1.0,0.16666666666666666,7711.16650390625,626.7652387917042
id_fixed_30,ID: fixed 30,in_distribution,flat_lstm,Flat LSTM,13,30000,13,30,0.647051215171814,2.5285348892211914,1.5773266077041632,2.133452773094177,2.4435280418396,1.0,0.1,6280.5,-28.135511303320527
id_fixed_30,ID: fixed 30,in_distribution,flat_lstm,Flat LSTM,14,30000,14,30,0.7085080742835999,3.388719081878662,1.3058248400688173,2.1020821034908255,3.1991962456703193,1.0,0.13333333333333333,7595.66650390625,10.251537799835205
id_fixed_30,ID: fixed 30,in_distribution,flat_lstm,Flat LSTM,15,30000,15,30,0.6746895909309387,2.087514638900757,1.6214702606201175,1.851242959499359,2.032298015356064,1.0,0.23333333333333334,7495.83349609375,515.0628882581368
id_fixed_30,ID: fixed 30,in_distribution,flat_lstm,Flat LSTM,16,30000,16,30,0.7597553730010986,3.803612232208252,1.370647740364075,2.2971019327640496,3.526254734992982,1.0,0.26666666666666666,7156.16650390625,322.5616493765265
id_fixed_30,ID: fixed 30,in_distribution,flat_lstm,Flat LSTM,17,30000,17,30,0.7805883288383484,3.5374045372009277,2.5909311056137088,2.920677602291106,3.4109517145156865,1.0,0.16666666666666666,6483.66650390625,423.8682180722244
id_fixed_30,ID: fixed 30,in_distribution,flat_lstm,Flat LSTM,18,30000,18,30,0.7839197516441345,3.62056827545166,1.8347125053405762,2.1745510220527633,3.2809560108184823,1.0,0.13333333333333333,7789.0,271.7660507550463
id_fixed_30,ID: fixed 30,in_distribution,flat_lstm,Flat LSTM,19,30000,19,30,0.8931094408035278,5.877037048339844,1.9088753581047067,2.909990322589872,5.138943190574648,0.9666666666666667,0.16666666666666666,7056.83349609375,254.33132003247738
id_fixed_30,ID: fixed 30,in_distribution,flat_lstm,Flat LSTM,20,30001,0,30,0.755251944065094,4.467310905456543,1.5757502079010017,2.237888658046722,3.854511752128603,1.0,0.2,6992.5,377.03551662061363
id_fixed_30,ID: fixed 30,in_distribution,flat_lstm,Flat LSTM,21,30001,1,30,0.5036165714263916,1.7981305122375488,1.0085222721099854,1.1854238927364342,1.6490896821022039,1.0,0.2,6497.83349609375,329.3298808094114
id_fixed_30,ID: fixed 30,in_distribution,flat_lstm,Flat LSTM,22,30001,2,30,0.7146854400634766,2.611020088195801,1.492220997810364,1.9315688014030439,2.499406182765961,1.0,0.16666666666666666,6739.83349609375,748.5192831493914
id_fixed_30,ID: fixed 30,in_distribution,flat_lstm,Flat LSTM,23,30001,3,30,0.6680547595024109,3.2717907428741455,1.7330315589904786,1.817245578765869,2.853083634376527,1.0,0.13333333333333333,7171.5,1121.0826158765703
id_fixed_30,ID: fixed 30,in_distribution,flat_lstm,Flat LSTM,24,30001,4,30,0.6514880657196045,2.1879994869232178,1.785647201538086,1.9793213605880728,2.1700378680229186,1.0,0.13333333333333333,6032.33349609375,465.56296034436673
id_fixed_30,ID: fixed 30,in_distribution,flat_lstm,Flat LSTM,25,30001,5,30,0.5754472613334656,2.174642324447632,1.3027526855468752,1.7586773276329026,2.1201499915122985,1.0,0.16666666666666666,6843.0,508.5886736046523
id_fixed_30,ID: fixed 30,in_distribution,flat_lstm,Flat LSTM,26,30001,6,30,0.5855672359466553,2.4336893558502197,1.249477791786194,1.3810331821441646,2.1484646403789527,1.0,0.26666666666666666,7198.0,938.155560859479
id_fixed_30,ID: fixed 30,in_distribution,flat_lstm,Flat LSTM,27,30001,7,30,0.5904682874679565,1.855512022972107,1.4273738384246828,1.6321429908275598,1.8177121496200563,1.0,0.2,8142.66650390625,398.45389601401985
id_fixed_30,ID: fixed 30,in_distribution,flat_lstm,Flat LSTM,28,30001,8,30,0.7548853158950806,3.7544608116149902,1.7931869626045238,2.6509798288345325,3.4829551649093635,1.0,0.23333333333333334,5618.16650390625,307.33895641192794
id_fixed_30,ID: fixed 30,in_distribution,flat_lstm,Flat LSTM,29,30001,9,30,0.6836202144622803,2.189803123474121,1.7212891221046454,2.0624541640281677,2.1581638860702514,1.0,0.13333333333333333,7451.5,422.74776154663414
id_fixed_30,ID: fixed 30,in_distribution,flat_lstm,Flat LSTM,30,30001,10,30,0.7719613909721375,2.6968963146209717,1.8548035025596628,2.425163960456848,2.6318124890327455,1.0,0.3,6701.83349609375,693.026170806028
id_fixed_30,ID: fixed 30,in_distribution,flat_lstm,Flat LSTM,31,30001,11,30,0.6107603311538696,2.519435167312622,1.1520842194557195,1.8035498738288858,2.407980079650879,1.0,0.2,6298.83349609375,451.6647054320201
id_fixed_30,ID: fixed 30,in_distribution,flat_lstm,Flat LSTM,32,30001,12,30,0.7288123965263367,3.619826555252075,1.4524567365646366,1.8757023811340319,3.1736156249046337,1.0,0.13333333333333333,7279.33349609375,282.88782724551857
id_fixed_30,ID: fixed 30,in_distribution,flat_lstm,Flat LSTM,33,30001,13,30,0.6678340435028076,3.689309597015381,1.584561038017273,1.7605047285556787,3.154135376214983,1.0,0.16666666666666666,8068.66650390625,480.92386247590184
id_fixed_30,ID: fixed 30,in_distribution,flat_lstm,Flat LSTM,34,30001,14,30,0.665485680103302,2.573880910873413,1.3207565665245065,2.1881233036518077,2.540606756210327,1.0,0.16666666666666666,6995.66650390625,462.96949365735054
id_fixed_30,ID: fixed 30,in_distribution,flat_lstm,Flat LSTM,35,30001,15,30,0.5795701742172241,2.076246500015259,1.2015671491622926,1.3379322588443752,1.8817704784870153,1.0,0.16666666666666666,7189.83349609375,-119.8150144033134
id_fixed_30,ID: fixed 30,in_distribution,flat_lstm,Flat LSTM,36,30001,16,30,0.615946352481842,3.14833927154541,1.2051666021347047,1.6332042872905714,2.786289278268815,1.0,0.06666666666666667,6694.66650390625,484.4995010532439
id_fixed_30,ID: fixed 30,in_distribution,flat_lstm,Flat LSTM,37,30001,17,30,0.7093473076820374,2.6578707695007324,1.6328993201255806,2.265445625782012,2.572336165904999,1.0,0.16666666666666666,5968.66650390625,514.3403672240674
id_fixed_30,ID: fixed 30,in_distribution,flat_lstm,Flat LSTM,38,30001,18,30,0.6119686961174011,2.7595884799957275,1.1160923480987555,1.7349162876605972,2.5353281462192543,1.0,0.2,6500.33349609375,644.8901017801836
id_fixed_30,ID: fixed 30,in_distribution,flat_lstm,Flat LSTM,39,30001,19,30,0.6886606812477112,2.126352310180664,1.4123175501823428,1.6580786705017088,2.0037597548961643,1.0,0.13333333333333333,6868.66650390625,382.61379273887724
id_fixed_30,ID: fixed 30,in_distribution,flat_lstm,Flat LSTM,40,30002,0,30,0.6186894178390503,2.4555130004882812,1.399478197097779,1.922017514705657,2.3389236116409307,1.0,0.2,7216.16650390625,414.0242645815015
id_fixed_30,ID: fixed 30,in_distribution,flat_lstm,Flat LSTM,41,30002,1,30,0.6067506074905396,2.2686705589294434,1.348603117465973,1.716509443521498,2.18309467792511,1.0,0.23333333333333334,6898.0,618.4946569036692
id_fixed_30,ID: fixed 30,in_distribution,flat_lstm,Flat LSTM,42,30002,2,30,0.6641036868095398,4.3172078132629395,2.0105397105216984,2.2557834029197688,3.7355345225334187,1.0,0.16666666666666666,6588.16650390625,429.2082798341289
id_fixed_30,ID: fixed 30,in_distribution,flat_lstm,Flat LSTM,43,30002,3,30,0.9250233769416809,3.404658317565918,1.9395833492279058,2.8917743444442716,3.3995715165138245,1.0,0.23333333333333334,7011.16650390625,319.93756486289203
id_fixed_30,ID: fixed 30,in_distribution,flat_lstm,Flat LSTM,44,30002,4,30,0.7162788510322571,2.6883533000946045,1.4606948852539072,2.1929575443267812,2.5799325513839726,1.0,0.23333333333333334,5365.0,298.60034475754946
id_fixed_30,ID: fixed 30,in_distribution,flat_lstm,Flat LSTM,45,30002,5,30,0.7961245775222778,2.7910540103912354,2.062907958030701,2.595088827610015,2.778602683544159,1.0,0.2,6088.16650390625,283.71656723413616
id_fixed_30,ID: fixed 30,in_distribution,flat_lstm,Flat LSTM,46,30002,6,30,6.933792591094971,94.49366760253906,13.197906494140625,15.498068237304677,72.07789466857916,0.7,0.0,9013.1669921875,-599.9524222388864
id_fixed_30,ID: fixed 30,in_distribution,flat_lstm,Flat LSTM,47,30002,7,30,0.8007524609565735,4.369195461273193,1.9427420377731328,2.6364149212837202,3.9496910142898574,1.0,0.3,5672.5,38.38303375989199
id_fixed_30,ID: fixed 30,in_distribution,flat_lstm,Flat LSTM,48,30002,8,30,0.6457687020301819,1.8655493259429932,1.533319175243378,1.711172956228256,1.828607635498047,1.0,0.2,6807.0,551.9070757459849
id_fixed_30,ID: fixed 30,in_distribution,flat_lstm,Flat LSTM,49,30002,9,30,0.816158652305603,2.7606253623962402,1.8768754959106453,2.462072789669036,2.7094009280204774,1.0,0.2,6683.66650390625,443.850067012012
id_fixed_30,ID: fixed 30,in_distribution,flat_lstm,Flat LSTM,50,30002,10,30,0.6350299119949341,2.247884511947632,1.2975367069244386,1.5102157115936272,2.0635432696342475,1.0,0.1,7254.5,309.2248555030674
id_fixed_30,ID: fixed 30,in_distribution,flat_lstm,Flat LSTM,51,30002,11,30,0.7177619338035583,3.005791664123535,1.388746011257172,1.5577378153800963,2.5976925730705274,1.0,0.23333333333333334,6425.83349609375,328.6303220530972
id_fixed_30,ID: fixed 30,in_distribution,flat_lstm,Flat LSTM,52,30002,12,30,0.6660149693489075,1.9183568954467773,1.5392199873924255,1.635035806894302,1.8503849995136263,1.0,0.23333333333333334,7791.66650390625,1230.8681635502726
id_fixed_30,ID: fixed 30,in_distribution,flat_lstm,Flat LSTM,53,30002,13,30,0.8578420877456665,3.4269423484802246,2.2290473461151126,2.46947385072708,3.1967574620246895,1.0,0.2,6826.0,146.13269142434
id_fixed_30,ID: fixed 30,in_distribution,flat_lstm,Flat LSTM,54,30002,14,30,0.9039936065673828,2.5100972652435303,1.8090501427650458,2.293685364723205,2.4673368430137637,1.0,0.1,5689.0,7.846861736383289
id_fixed_30,ID: fixed 30,in_distribution,flat_lstm,Flat LSTM,55,30002,15,30,0.76060551404953,2.7820727825164795,1.6725683569908152,2.4054878354072566,2.698364341259003,1.0,0.13333333333333333,6841.5,931.18424840644
id_fixed_30,ID: fixed 30,in_distribution,flat_lstm,Flat LSTM,56,30002,16,30,0.6195522546768188,2.5481863021850586,1.6277187466621401,1.9629218399524682,2.410306689739228,1.0,0.16666666666666666,6372.66650390625,289.6301478180103
id_fixed_30,ID: fixed 30,in_distribution,flat_lstm,Flat LSTM,57,30002,17,30,0.7290134429931641,2.8270013332366943,1.52568234205246,2.2039668977260565,2.768351113796234,1.0,0.13333333333333333,7428.16650390625,257.8063540412113
id_fixed_30,ID: fixed 30,in_distribution,flat_lstm,Flat LSTM,58,30002,18,30,0.5246527791023254,1.578676462173462,1.0937413096427921,1.341323137283325,1.5244288206100465,1.0,0.1,7983.16650390625,1352.2088250173256
id_fixed_30,ID: fixed 30,in_distribution,flat_lstm,Flat LSTM,59,30002,19,30,0.5435152053833008,1.8359549045562744,1.3792458057403567,1.5812623262405392,1.7801174950599672,1.0,0.2,6972.5,642.3404489681125
id_fixed_30,ID: fixed 30,in_distribution,flat_lstm,Flat LSTM,60,30003,0,30,0.8725957870483398,5.535870552062988,2.561653161048889,2.850666320323943,4.8236559009552025,0.9666666666666667,0.2,7421.5,466.9456471083686
id_fixed_30,ID: fixed 30,in_distribution,flat_lstm,Flat LSTM,61,30003,1,30,0.8551139831542969,3.766667366027832,1.975229811668397,2.7134676218032836,3.4717272830009467,1.0,0.26666666666666666,7692.33349609375,308.7837738553062
id_fixed_30,ID: fixed 30,in_distribution,flat_lstm,Flat LSTM,62,30003,2,30,0.7512630820274353,2.305429220199585,1.6887251973152162,1.9979001224040973,2.2719545555114746,1.0,0.23333333333333334,5666.0,494.6560495002195
id_fixed_30,ID: fixed 30,in_distribution,flat_lstm,Flat LSTM,63,30003,3,30,1.141109824180603,5.425504207611084,2.4255801200866713,3.3401995897293086,4.845703749656679,0.9666666666666667,0.2,7013.83349609375,101.24103285558522
id_fixed_30,ID: fixed 30,in_distribution,flat_lstm,Flat LSTM,64,30003,4,30,0.8941857218742371,3.2356061935424805,2.117566967010498,2.4822613596916185,3.0869627881050112,1.0,0.23333333333333334,5791.66650390625,360.86546751949936
id_fixed_30,ID: fixed 30,in_distribution,flat_lstm,Flat LSTM,65,30003,5,30,0.953723669052124,3.076927661895752,2.5237406969070437,2.766707444190979,2.993345265388489,1.0,0.13333333333333333,6369.16650390625,-175.07199175469577
id_fixed_30,ID: fixed 30,in_distribution,flat_lstm,Flat LSTM,66,30003,6,30,0.714381217956543,2.9385929107666016,2.167994809150696,2.3357853889465328,2.776379125118256,1.0,0.16666666666666666,6721.66650390625,446.530868684873
id_fixed_30,ID: fixed 30,in_distribution,flat_lstm,Flat LSTM,67,30003,7,30,0.5786240696907043,1.6445338726043701,1.3175134181976322,1.5631478130817413,1.6225273442268373,1.0,0.2,5952.5,199.09635602124035
id_fixed_30,ID: fixed 30,in_distribution,flat_lstm,Flat LSTM,68,30003,8,30,0.7162011861801147,3.694855213165283,1.531901633739472,1.9808730304241178,3.210708754062654,1.0,0.13333333333333333,7355.83349609375,237.4831181112677
id_fixed_30,ID: fixed 30,in_distribution,flat_lstm,Flat LSTM,69,30003,9,30,0.9602172374725342,4.6884002685546875,1.758394932746888,3.105671525001522,4.420336756706239,1.0,0.13333333333333333,7126.0,100.44141320511699
id_fixed_30,ID: fixed 30,in_distribution,flat_lstm,Flat LSTM,70,30003,10,30,0.5295437574386597,2.133760929107666,1.2653789520263676,1.542826026678085,1.9728250837326056,1.0,0.16666666666666666,6882.0,271.8098534559831
id_fixed_30,ID: fixed 30,in_distribution,flat_lstm,Flat LSTM,71,30003,11,30,0.5998818278312683,2.9980216026306152,1.0857385635375978,1.3297269403934473,2.542372285127641,1.0,0.2,7583.16650390625,350.7509118039161
id_fixed_30,ID: fixed 30,in_distribution,flat_lstm,Flat LSTM,72,30003,12,30,0.9453190565109253,3.754711151123047,2.1730482101440445,3.211010777950286,3.641208717823029,1.0,0.13333333333333333,6293.66650390625,213.97214593645185
id_fixed_30,ID: fixed 30,in_distribution,flat_lstm,Flat LSTM,73,30003,13,30,0.6317956447601318,1.5913883447647095,1.3104980826377868,1.3938906431198117,1.5524073290824891,1.0,0.13333333333333333,7331.0,534.4951345641166
id_fixed_30,ID: fixed 30,in_distribution,flat_lstm,Flat LSTM,74,30003,14,30,0.7362249493598938,2.898562431335449,1.8650214076042184,2.594376718997954,2.8634403347969055,1.0,0.16666666666666666,7907.0,790.456856675446
id_fixed_30,ID: fixed 30,in_distribution,flat_lstm,Flat LSTM,75,30003,15,30,0.7180429100990295,2.9647483825683594,1.4747917175292975,2.412659657001492,2.950312628746033,1.0,0.13333333333333333,6368.33349609375,380.01153847388923
id_fixed_30,ID: fixed 30,in_distribution,flat_lstm,Flat LSTM,76,30003,16,30,0.7203490734100342,2.8535428047180176,1.7354993581771854,2.120309793949126,2.6844078969955447,1.0,0.26666666666666666,6908.83349609375,369.59600261226296
id_fixed_30,ID: fixed 30,in_distribution,flat_lstm,Flat LSTM,77,30003,17,30,0.8002710938453674,3.343076705932617,2.0644268274307254,2.343545877933501,3.1007938051223762,1.0,0.13333333333333333,8456.5,724.5602891352028
id_fixed_30,ID: fixed 30,in_distribution,flat_lstm,Flat LSTM,78,30003,18,30,0.7246273756027222,3.154078483581543,1.3459544420242313,1.7630237519741052,2.7835863614082346,1.0,0.16666666666666666,7591.16650390625,405.62124173063785
id_fixed_30,ID: fixed 30,in_distribution,flat_lstm,Flat LSTM,79,30003,19,30,0.770758867263794,2.461944103240967,1.6932725429534912,1.8975653767585743,2.3461217689514164,1.0,0.1,7631.16650390625,91.85799978952855
id_fixed_30,ID: fixed 30,in_distribution,flat_lstm,Flat LSTM,80,30004,0,30,0.4874103367328644,1.4135963916778564,1.3232905507087709,1.378107351064682,1.4058897542953492,1.0,0.13333333333333333,7388.5,384.1470049000345
id_fixed_30,ID: fixed 30,in_distribution,flat_lstm,Flat LSTM,81,30004,1,30,0.7230215668678284,3.456294059753418,2.1182342290878298,2.2668966770172116,3.122991499900819,1.0,0.2,6281.5,269.3538385601714
id_fixed_30,ID: fixed 30,in_distribution,flat_lstm,Flat LSTM,82,30004,2,30,0.6390878558158875,4.251756191253662,1.2847595453262335,2.6014122784137674,4.012515234947205,1.0,0.26666666666666666,6697.83349609375,460.32815985661
id_fixed_30,ID: fixed 30,in_distribution,flat_lstm,Flat LSTM,83,30004,3,30,0.4884987771511078,1.587018609046936,1.0276838660240175,1.2280755698680872,1.510311977863312,1.0,0.1,6694.5,934.7123602293432
id_fixed_30,ID: fixed 30,in_distribution,flat_lstm,Flat LSTM,84,30004,4,30,0.8449604511260986,2.359999179840088,2.110365867614746,2.1771079182624815,2.308789541721344,1.0,0.13333333333333333,7807.16650390625,377.8260025633499
id_fixed_30,ID: fixed 30,in_distribution,flat_lstm,Flat LSTM,85,30004,5,30,0.820119321346283,5.598372459411621,1.8853330492973328,2.0771801054477685,4.602629442214969,0.9666666666666667,0.16666666666666666,6849.16650390625,285.7528785141185
id_fixed_30,ID: fixed 30,in_distribution,flat_lstm,Flat LSTM,86,30004,6,30,0.7538118958473206,2.4525146484375,1.722092270851136,2.2878702163696283,2.4416325545310973,1.0,0.13333333333333333,6138.5,391.39579170849174
id_fixed_30,ID: fixed 30,in_distribution,flat_lstm,Flat LSTM,87,30004,7,30,0.6383642554283142,2.296719551086426,1.6177404046058657,1.954806649684905,2.2391729664802553,1.0,0.16666666666666666,6751.66650390625,264.71334230247885
id_fixed_30,ID: fixed 30,in_distribution,flat_lstm,Flat LSTM,88,30004,8,30,0.6900855898857117,3.0490667819976807,1.1452766656875617,2.3527571201324426,3.0206238126754763,1.0,0.2,6082.5,-239.11505946610123
id_fixed_30,ID: fixed 30,in_distribution,flat_lstm,Flat LSTM,89,30004,9,30,0.7722716927528381,4.360946178436279,1.3861382007598881,2.0142018437385536,3.7783156943321243,1.0,0.13333333333333333,6896.5,533.8182147014886
id_fixed_30,ID: fixed 30,in_distribution,flat_lstm,Flat LSTM,90,30004,10,30,0.5988630652427673,2.590989112854004,1.3440691113471985,1.5129816710948936,2.3143531751632698,1.0,0.16666666666666666,7234.83349609375,1247.720075616613
id_fixed_30,ID: fixed 30,in_distribution,flat_lstm,Flat LSTM,91,30004,11,30,2.264130115509033,35.037837982177734,2.3789062738418596,6.666917514801009,27.555996398925803,0.9333333333333333,0.1,6837.0,-568.1055177077651
id_fixed_30,ID: fixed 30,in_distribution,flat_lstm,Flat LSTM,92,30004,12,30,0.7295903563499451,2.1164557933807373,1.746494483947754,1.9855126380920403,2.114672775268555,1.0,0.16666666666666666,8064.16650390625,1256.8132874667645
id_fixed_30,ID: fixed 30,in_distribution,flat_lstm,Flat LSTM,93,30004,13,30,0.873742938041687,4.846068382263184,2.267682552337648,3.2578507900238027,4.433445439338685,1.0,0.2,6209.66650390625,-66.32436060439795
id_fixed_30,ID: fixed 30,in_distribution,flat_lstm,Flat LSTM,94,30004,14,30,0.5390960574150085,2.03035569190979,0.8432991147041328,1.292343884706497,1.82182996749878,1.0,0.13333333333333333,6853.16650390625,-184.11266739107668
id_fixed_30,ID: fixed 30,in_distribution,flat_lstm,Flat LSTM,95,30004,15,30,0.662632167339325,5.265501022338867,1.1850335597991946,1.4654425144195549,4.195377635955814,0.9666666666666667,0.2,6867.5,239.92776820529252
id_fixed_30,ID: fixed 30,in_distribution,flat_lstm,Flat LSTM,96,30004,16,30,0.7426498532295227,4.921952247619629,1.499532151222229,2.074610757827756,4.23081652402878,1.0,0.06666666666666667,7435.5,409.1001698533073
id_fixed_30,ID: fixed 30,in_distribution,flat_lstm,Flat LSTM,97,30004,17,30,0.6828390955924988,2.7684075832366943,2.0177168369293215,2.129420018196106,2.5845958256721504,1.0,0.13333333333333333,6192.16650390625,50.60384619422257
id_fixed_30,ID: fixed 30,in_distribution,flat_lstm,Flat LSTM,98,30004,18,30,0.6829522848129272,3.504287004470825,1.447336745262146,1.6041825234889977,2.9816459739208234,1.0,0.16666666666666666,7610.16650390625,430.68979294784367
id_fixed_30,ID: fixed 30,in_distribution,flat_lstm,Flat LSTM,99,30004,19,30,0.8750180006027222,3.6834750175476074,1.9073486566543598,3.3363812685012806,3.6323148155212404,1.0,0.2,7758.66650390625,408.9825298245996
id_fixed_30,ID: fixed 30,in_distribution,pointer_lstm,Attention-LSTM pointer,0,30000,0,30,0.38643506169319153,0.8816090226173401,0.6142936706542969,0.6860207974910733,0.8401506191492082,1.0,0.16666666666666666,4896.16650390625,1132.7676493497565
id_fixed_30,ID: fixed 30,in_distribution,pointer_lstm,Attention-LSTM pointer,1,30000,1,30,0.34840184450149536,0.7790834903717041,0.6013721108436585,0.6625909268856047,0.7529958397150041,1.0,0.2,4060.833251953125,1718.694662630558
id_fixed_30,ID: fixed 30,in_distribution,pointer_lstm,Attention-LSTM pointer,2,30000,2,30,0.3915950655937195,1.2833892107009888,0.6988251090049744,0.7632831811904907,1.1370121908187871,1.0,0.2,3718.666748046875,1076.8862000629306
id_fixed_30,ID: fixed 30,in_distribution,pointer_lstm,Attention-LSTM pointer,3,30000,3,30,0.4189085364341736,1.3123735189437866,0.6811346411705022,0.9422298908233643,1.2051812744140629,1.0,0.13333333333333333,5604.5,1717.1636604424566
id_fixed_30,ID: fixed 30,in_distribution,pointer_lstm,Attention-LSTM pointer,4,30000,4,30,0.4644385278224945,1.4388844966888428,0.7987767219543458,0.9802469760179513,1.3392413163185122,1.0,0.1,5281.83349609375,1266.255177790299
id_fixed_30,ID: fixed 30,in_distribution,pointer_lstm,Attention-LSTM pointer,5,30000,5,30,0.3533375859260559,0.7010810971260071,0.6109194219112396,0.6254943519830704,0.6796420121192933,1.0,0.16666666666666666,3346.0,1796.072485966608
id_fixed_30,ID: fixed 30,in_distribution,pointer_lstm,Attention-LSTM pointer,6,30000,6,30,0.3859786093235016,0.7563716173171997,0.5726662695407868,0.6256318539381026,0.7227680730819703,1.0,0.06666666666666667,4922.16650390625,1309.2934316508472
id_fixed_30,ID: fixed 30,in_distribution,pointer_lstm,Attention-LSTM pointer,7,30000,7,30,0.31587013602256775,0.7554208040237427,0.5016092717647556,0.6904836863279342,0.7404574668407441,1.0,0.2,3871.5,1492.7382522709668
id_fixed_30,ID: fixed 30,in_distribution,pointer_lstm,Attention-LSTM pointer,8,30000,8,30,0.4063345193862915,1.2945698499679565,0.7722879230976106,0.9537321090698239,1.2139077782630923,1.0,0.16666666666666666,4552.83349609375,979.9728075098246
id_fixed_30,ID: fixed 30,in_distribution,pointer_lstm,Attention-LSTM pointer,9,30000,9,30,0.3579041361808777,0.8166685104370117,0.5798621058464051,0.7358016282320018,0.8156995630264282,1.0,0.16666666666666666,4936.66650390625,1634.3344077765942
id_fixed_30,ID: fixed 30,in_distribution,pointer_lstm,Attention-LSTM pointer,10,30000,10,30,0.35937100648880005,0.911949098110199,0.6002562522888185,0.7588263124227521,0.8803256595134736,1.0,0.26666666666666666,4800.83349609375,1619.4427662165835
id_fixed_30,ID: fixed 30,in_distribution,pointer_lstm,Attention-LSTM pointer,11,30000,11,30,0.38176429271698,0.7560813426971436,0.7059525966644288,0.7163634896278381,0.7450147795677186,1.0,0.23333333333333334,3822.666748046875,936.4716494828463
id_fixed_30,ID: fixed 30,in_distribution,pointer_lstm,Attention-LSTM pointer,12,30000,12,30,0.4232195019721985,0.8802865743637085,0.7073566973209381,0.786559402942657,0.8713340783119202,1.0,0.06666666666666667,4239.0,1524.0570070408285
id_fixed_30,ID: fixed 30,in_distribution,pointer_lstm,Attention-LSTM pointer,13,30000,13,30,0.3447345495223999,1.521479845046997,0.45188682377338457,0.7873443096876143,1.3149949324131018,1.0,0.23333333333333334,4814.83349609375,1173.0250254012644
id_fixed_30,ID: fixed 30,in_distribution,pointer_lstm,Attention-LSTM pointer,14,30000,14,30,0.44439443945884705,2.237565279006958,0.6744679629802703,0.8906586170196522,1.8968938028812419,1.0,0.23333333333333334,4011.166748046875,1457.3997575175017
id_fixed_30,ID: fixed 30,in_distribution,pointer_lstm,Attention-LSTM pointer,15,30000,15,30,0.3378346860408783,1.3463952541351318,0.5477457106113435,0.7380635946989051,1.2059110856056217,1.0,0.23333333333333334,3255.0,1233.3301356621087
id_fixed_30,ID: fixed 30,in_distribution,pointer_lstm,Attention-LSTM pointer,16,30000,16,30,0.5416226983070374,5.609580993652344,0.6243343651294708,1.0924303889274574,4.4081246471405064,0.9666666666666667,0.23333333333333334,3755.833251953125,1079.4374198345467
id_fixed_30,ID: fixed 30,in_distribution,pointer_lstm,Attention-LSTM pointer,17,30000,17,30,0.43302640318870544,1.4128273725509644,0.7767881751060488,1.0383497059345241,1.3267725837230684,1.0,0.13333333333333333,4733.33349609375,1602.1159847900271
id_fixed_30,ID: fixed 30,in_distribution,pointer_lstm,Attention-LSTM pointer,18,30000,18,30,0.34091809391975403,1.273051142692566,0.5638795375823977,0.8249798446893686,1.1693317145109179,1.0,0.26666666666666666,4494.83349609375,1039.072624847293
id_fixed_30,ID: fixed 30,in_distribution,pointer_lstm,Attention-LSTM pointer,19,30000,19,30,0.3391914963722229,0.8338901400566101,0.49191624522209176,0.585175424814224,0.7729988580942155,1.0,0.16666666666666666,3616.5,789.5546438917518
id_fixed_30,ID: fixed 30,in_distribution,pointer_lstm,Attention-LSTM pointer,20,30001,0,30,0.42719441652297974,1.3613618612289429,0.7793967783451081,0.9272154718637463,1.2514432162046436,1.0,0.3,5191.83349609375,1604.9174455851316
id_fixed_30,ID: fixed 30,in_distribution,pointer_lstm,Attention-LSTM pointer,21,30001,1,30,0.38728469610214233,2.393134355545044,0.7453199803829197,1.016303405165672,2.001665427684785,1.0,0.3,3934.0,574.6081195697188
id_fixed_30,ID: fixed 30,in_distribution,pointer_lstm,Attention-LSTM pointer,22,30001,2,30,0.3659914433956146,1.1277294158935547,0.6083334088325505,0.910130986571312,1.0646334397792818,1.0,0.2,4028.666748046875,1655.1170412525535
id_fixed_30,ID: fixed 30,in_distribution,pointer_lstm,Attention-LSTM pointer,23,30001,3,30,0.4053099453449249,0.921477198600769,0.7353214859962464,0.8393215030431744,0.9145535355806351,1.0,0.2,4529.66650390625,1540.288428033702
id_fixed_30,ID: fixed 30,in_distribution,pointer_lstm,Attention-LSTM pointer,24,30001,4,30,0.4934879243373871,1.2987675666809082,0.952252644300461,1.1704223573207848,1.2930897796154022,1.0,0.2,3482.5,1212.2233231030405
id_fixed_30,ID: fixed 30,in_distribution,pointer_lstm,Attention-LSTM pointer,25,30001,5,30,0.3463539779186249,1.0334959030151367,0.5573925137519837,0.6289829641580581,0.9179107755422595,1.0,0.16666666666666666,4091.833251953125,1097.837250849232
id_fixed_30,ID: fixed 30,in_distribution,pointer_lstm,Attention-LSTM pointer,26,30001,6,30,0.48724934458732605,3.0990681648254395,0.7639145970344544,0.8049074470996856,2.434191994667055,1.0,0.16666666666666666,4549.33349609375,574.5643376521766
id_fixed_30,ID: fixed 30,in_distribution,pointer_lstm,Attention-LSTM pointer,27,30001,7,30,0.39212554693222046,1.0721467733383179,0.6725911676883699,0.8062513083219526,1.0068431299924852,1.0,0.13333333333333333,4491.16650390625,831.2396005019546
id_fixed_30,ID: fixed 30,in_distribution,pointer_lstm,Attention-LSTM pointer,28,30001,8,30,0.3256368935108185,0.783305287361145,0.6401698231697083,0.6766767680644988,0.7537657529115678,1.0,0.3333333333333333,4596.0,1250.7362807132304
id_fixed_30,ID: fixed 30,in_distribution,pointer_lstm,Attention-LSTM pointer,29,30001,9,30,0.4836633503437042,4.690536975860596,0.6468768239021302,0.7168272525072096,3.5456844711303743,1.0,0.23333333333333334,5108.66650390625,898.1134807560593
id_fixed_30,ID: fixed 30,in_distribution,pointer_lstm,Attention-LSTM pointer,30,30001,10,30,0.5234310626983643,1.4954643249511719,0.9326067864894867,0.9966185390949247,1.3626345920562748,1.0,0.13333333333333333,4924.66650390625,429.8365230895579
id_fixed_30,ID: fixed 30,in_distribution,pointer_lstm,Attention-LSTM pointer,31,30001,11,30,0.35160741209983826,0.8476716876029968,0.6578052759170533,0.7095173090696333,0.8146175408363343,1.0,0.16666666666666666,4144.83349609375,1451.4980155024678
id_fixed_30,ID: fixed 30,in_distribution,pointer_lstm,Attention-LSTM pointer,32,30001,12,30,0.3632223308086395,1.7413253784179688,0.5096063494682312,0.6049305677413938,1.4273601782321939,1.0,0.2,4453.5,1597.5624136719853
id_fixed_30,ID: fixed 30,in_distribution,pointer_lstm,Attention-LSTM pointer,33,30001,13,30,0.3393535315990448,0.8039106726646423,0.5474121332168579,0.5823801785707473,0.7432504266500475,1.0,0.23333333333333334,5175.0,1103.1916515436023
id_fixed_30,ID: fixed 30,in_distribution,pointer_lstm,Attention-LSTM pointer,34,30001,14,30,0.38800305128097534,1.065661907196045,0.662472814321518,0.7373253613710402,0.9771210360527041,1.0,0.23333333333333334,4028.0,695.3483143430203
id_fixed_30,ID: fixed 30,in_distribution,pointer_lstm,Attention-LSTM pointer,35,30001,15,30,0.4681912064552307,2.214418649673462,0.9908688962459565,1.1382859110832209,1.9277635025978097,1.0,0.26666666666666666,4925.66650390625,-196.7594132637605
id_fixed_30,ID: fixed 30,in_distribution,pointer_lstm,Attention-LSTM pointer,36,30001,16,30,1.9153333902359009,39.94776153564453,0.8792691528797161,4.973236465454084,30.61877845764163,0.9333333333333333,0.23333333333333334,4421.66650390625,-545.5440184306353
id_fixed_30,ID: fixed 30,in_distribution,pointer_lstm,Attention-LSTM pointer,37,30001,17,30,0.3090558648109436,0.7251719236373901,0.502129751443863,0.5177037000656127,0.6676291418075563,1.0,0.23333333333333334,3405.166748046875,1504.4585930593312
id_fixed_30,ID: fixed 30,in_distribution,pointer_lstm,Attention-LSTM pointer,38,30001,18,30,0.4308319091796875,1.7645949125289917,0.7638985931873329,1.4051618814468374,1.704153689146042,1.0,0.23333333333333334,3953.666748046875,703.8601581975818
id_fixed_30,ID: fixed 30,in_distribution,pointer_lstm,Attention-LSTM pointer,39,30001,19,30,0.5018374919891357,2.4565036296844482,0.7409772515296936,0.8965209364891047,2.029523270130159,1.0,0.16666666666666666,4624.0,547.032661948353
id_fixed_30,ID: fixed 30,in_distribution,pointer_lstm,Attention-LSTM pointer,40,30002,0,30,0.47632816433906555,1.804136037826538,0.8459282398223881,1.1920215189456933,1.6548073375225072,1.0,0.13333333333333333,5207.33349609375,1183.1528104394674
id_fixed_30,ID: fixed 30,in_distribution,pointer_lstm,Attention-LSTM pointer,41,30002,1,30,0.2895299196243286,0.7181524038314819,0.485014444589615,0.5862949132919312,0.6806578761339188,1.0,0.23333333333333334,3694.833251953125,1707.1129288356751
id_fixed_30,ID: fixed 30,in_distribution,pointer_lstm,Attention-LSTM pointer,42,30002,2,30,0.4081352651119232,1.086755633354187,0.785636866092682,0.9042881101369856,1.0393313652276994,1.0,0.13333333333333333,3795.166748046875,1411.6578767197207
id_fixed_30,ID: fixed 30,in_distribution,pointer_lstm,Attention-LSTM pointer,43,30002,3,30,0.3829970359802246,0.9440034031867981,0.5853078067302705,0.6868727535009381,0.8825981414318087,1.0,0.13333333333333333,4275.66650390625,1117.510350484401
id_fixed_30,ID: fixed 30,in_distribution,pointer_lstm,Attention-LSTM pointer,44,30002,4,30,0.45791304111480713,2.0855202674865723,0.7710357129573825,1.0238130360841748,1.7930407190322883,1.0,0.23333333333333334,4282.5,659.8080997429788
id_fixed_30,ID: fixed 30,in_distribution,pointer_lstm,Attention-LSTM pointer,45,30002,5,30,0.4593222737312317,1.6831244230270386,0.8089967489242553,0.9812325060367575,1.520298632383347,1.0,0.13333333333333333,5050.16650390625,1432.8068568781018
id_fixed_30,ID: fixed 30,in_distribution,pointer_lstm,Attention-LSTM pointer,46,30002,6,30,0.3248063921928406,1.3365962505340576,0.54399254322052,0.7309354484081259,1.2026986634731296,1.0,0.3333333333333333,4435.66650390625,481.04032407701015
id_fixed_30,ID: fixed 30,in_distribution,pointer_lstm,Attention-LSTM pointer,47,30002,7,30,0.6929377913475037,3.7554686069488525,1.2799576997756963,2.316781497001644,3.506753828525544,1.0,0.13333333333333333,3950.0,256.1785384332761
id_fixed_30,ID: fixed 30,in_distribution,pointer_lstm,Attention-LSTM pointer,48,30002,8,30,0.43225136399269104,0.9682145714759827,0.8063725650310517,0.8835894584655759,0.9560123610496521,1.0,0.2,4352.5,933.8100735787302
id_fixed_30,ID: fixed 30,in_distribution,pointer_lstm,Attention-LSTM pointer,49,30002,9,30,0.5209155678749084,4.097931385040283,0.8402590990066529,0.8751683324575423,3.1661677980423,1.0,0.13333333333333333,4467.83349609375,1557.5639602951705
id_fixed_30,ID: fixed 30,in_distribution,pointer_lstm,Attention-LSTM pointer,50,30002,10,30,0.37839648127555847,0.8134933710098267,0.6344149053096771,0.6854583889245985,0.781044574379921,1.0,0.2,4853.0,1477.1907404530793
id_fixed_30,ID: fixed 30,in_distribution,pointer_lstm,Attention-LSTM pointer,51,30002,11,30,0.31866517663002014,0.832269549369812,0.47630517482757584,0.6880354136228555,0.8181783962249757,1.0,0.23333333333333334,4027.833251953125,838.5830859094858
id_fixed_30,ID: fixed 30,in_distribution,pointer_lstm,Attention-LSTM pointer,52,30002,12,30,0.4278840124607086,1.061298131942749,0.8010692238807682,1.031215751171112,1.052809056043625,1.0,0.06666666666666667,3759.0,796.1529913060367
id_fixed_30,ID: fixed 30,in_distribution,pointer_lstm,Attention-LSTM pointer,53,30002,13,30,0.5852590799331665,4.463220119476318,0.8260662257671356,1.2069288015365582,3.6018618249893213,1.0,0.2,5062.83349609375,977.809344759211
id_fixed_30,ID: fixed 30,in_distribution,pointer_lstm,Attention-LSTM pointer,54,30002,14,30,0.521403968334198,1.3710720539093018,0.9109049439430239,1.1428844690322872,1.324271423816681,1.0,0.1,5556.5,637.2438216367736
id_fixed_30,ID: fixed 30,in_distribution,pointer_lstm,Attention-LSTM pointer,55,30002,15,30,0.46709972620010376,1.463526725769043,0.9648929536342622,1.0228136003017425,1.3367095971107488,1.0,0.2,4668.83349609375,1479.4588915407658
id_fixed_30,ID: fixed 30,in_distribution,pointer_lstm,Attention-LSTM pointer,56,30002,16,30,0.33403196930885315,1.376499891281128,0.5548478782176972,0.8620498329401002,1.2939180052280428,1.0,0.3,4320.66650390625,1232.5920858234167
id_fixed_30,ID: fixed 30,in_distribution,pointer_lstm,Attention-LSTM pointer,57,30002,17,30,0.458777517080307,1.6092392206192017,0.8778337895870209,1.0811599999666204,1.503439725637436,1.0,0.16666666666666666,4052.833251953125,1382.6318392381072
id_fixed_30,ID: fixed 30,in_distribution,pointer_lstm,Attention-LSTM pointer,58,30002,18,30,0.3795296251773834,1.2884654998779297,0.7184596300125122,0.8252772301435466,1.1738980299234394,1.0,0.2,5137.83349609375,1599.0963444812223
id_fixed_30,ID: fixed 30,in_distribution,pointer_lstm,Attention-LSTM pointer,59,30002,19,30,0.3628326952457428,0.9658733606338501,0.6759840846061707,0.8176339745521539,0.9502517628669739,1.0,0.16666666666666666,4157.66650390625,1514.3668212257326
id_fixed_30,ID: fixed 30,in_distribution,pointer_lstm,Attention-LSTM pointer,60,30003,0,30,0.3719679117202759,0.8603228330612183,0.6726167917251589,0.8168604135513303,0.8586905777454377,1.0,0.2,4388.33349609375,780.1766961440444
id_fixed_30,ID: fixed 30,in_distribution,pointer_lstm,Attention-LSTM pointer,61,30003,1,30,0.38452914357185364,1.3881933689117432,0.5479547679424287,0.6099575668573379,1.1643214541673668,1.0,0.13333333333333333,5290.83349609375,1430.2814230090007
id_fixed_30,ID: fixed 30,in_distribution,pointer_lstm,Attention-LSTM pointer,62,30003,2,30,0.4807473421096802,1.439464807510376,0.9877465724945068,1.2116045087575902,1.4264998638629913,1.0,0.2,4667.5,819.4983508065343
id_fixed_30,ID: fixed 30,in_distribution,pointer_lstm,Attention-LSTM pointer,63,30003,3,30,0.467477023601532,1.3673288822174072,0.7235658943653107,0.920431062579154,1.2825382399559024,1.0,0.1,3758.5,305.2367761749774
id_fixed_30,ID: fixed 30,in_distribution,pointer_lstm,Attention-LSTM pointer,64,30003,4,30,0.3701276183128357,1.1575162410736084,0.6760463178157807,0.8204470574855799,1.0843548864126207,1.0,0.13333333333333333,4347.33349609375,1373.366244820878
id_fixed_30,ID: fixed 30,in_distribution,pointer_lstm,Attention-LSTM pointer,65,30003,5,30,0.4768362045288086,1.767211675643921,1.0506681799888615,1.4554809331893919,1.6916808283329012,1.0,0.2,4140.33349609375,580.4319488462061
id_fixed_30,ID: fixed 30,in_distribution,pointer_lstm,Attention-LSTM pointer,66,30003,6,30,0.40450865030288696,1.170505404472351,0.6722146391868592,0.6948214322328568,1.0334672427177434,1.0,0.13333333333333333,4301.5,1398.5674698958173
id_fixed_30,ID: fixed 30,in_distribution,pointer_lstm,Attention-LSTM pointer,67,30003,7,30,0.3893636465072632,0.9798097610473633,0.642177826166153,0.7911168158054346,0.9533183073997499,1.0,0.1,4659.16650390625,514.9738277569413
id_fixed_30,ID: fixed 30,in_distribution,pointer_lstm,Attention-LSTM pointer,68,30003,8,30,0.408235639333725,1.7654392719268799,0.8178067147731783,1.019861081242561,1.562565786838532,1.0,0.3,4541.0,506.0819822959602
id_fixed_30,ID: fixed 30,in_distribution,pointer_lstm,Attention-LSTM pointer,69,30003,9,30,0.5224055051803589,1.6859616041183472,1.1261782765388488,1.3341523587703696,1.6254168760776522,1.0,0.13333333333333333,4740.0,1252.6218861285597
id_fixed_30,ID: fixed 30,in_distribution,pointer_lstm,Attention-LSTM pointer,70,30003,10,30,0.3647727072238922,0.7266991138458252,0.6604131042957306,0.7159769475460052,0.7257313764095307,1.0,0.2,3918.333251953125,1506.9900309620425
id_fixed_30,ID: fixed 30,in_distribution,pointer_lstm,Attention-LSTM pointer,71,30003,11,30,0.39088529348373413,1.4688960313796997,0.6648886084556581,0.8173582255840298,1.2952810728549962,1.0,0.2,4357.33349609375,550.4656184725463
id_fixed_30,ID: fixed 30,in_distribution,pointer_lstm,Attention-LSTM pointer,72,30003,12,30,0.4433193802833557,1.6802235841751099,0.8531324684619905,1.1152646064758291,1.558758379220963,1.0,0.16666666666666666,4435.66650390625,1417.96373607032
id_fixed_30,ID: fixed 30,in_distribution,pointer_lstm,Attention-LSTM pointer,73,30003,13,30,0.34399673342704773,0.9965705871582031,0.5664894282817841,0.7203574717044823,0.9486212766170503,1.0,0.2,3917.0,1115.9229264520109
id_fixed_30,ID: fixed 30,in_distribution,pointer_lstm,Attention-LSTM pointer,74,30003,14,30,0.5404642224311829,2.2610349655151367,1.0370988249778748,1.3406566441059098,2.0571112227439885,1.0,0.2,5123.33349609375,1354.1500120311975
id_fixed_30,ID: fixed 30,in_distribution,pointer_lstm,Attention-LSTM pointer,75,30003,15,30,0.37901630997657776,0.9468410015106201,0.584098118543625,0.7746481895446772,0.9225774043798447,1.0,0.13333333333333333,4187.83349609375,1386.8208915609866
id_fixed_30,ID: fixed 30,in_distribution,pointer_lstm,Attention-LSTM pointer,76,30003,16,30,0.4661685824394226,1.482988715171814,0.8380219578742983,1.2081735074520101,1.4520891869068147,1.0,0.23333333333333334,5867.33349609375,932.7315183859318
id_fixed_30,ID: fixed 30,in_distribution,pointer_lstm,Attention-LSTM pointer,77,30003,17,30,0.4375457465648651,1.1688232421875,0.7546046137809755,0.8795661002397537,1.0871813333034517,1.0,0.1,4402.33349609375,1429.3060525590554
id_fixed_30,ID: fixed 30,in_distribution,pointer_lstm,Attention-LSTM pointer,78,30003,18,30,0.40521037578582764,2.250138521194458,0.6849675416946411,0.7505084931850432,1.822206257581712,1.0,0.26666666666666666,4551.66650390625,1302.9284668900073
id_fixed_30,ID: fixed 30,in_distribution,pointer_lstm,Attention-LSTM pointer,79,30003,19,30,0.3815271556377411,0.907227635383606,0.7562406837940217,0.7984063327312468,0.8783700424432755,1.0,0.13333333333333333,4696.83349609375,1461.4117405079305
id_fixed_30,ID: fixed 30,in_distribution,pointer_lstm,Attention-LSTM pointer,80,30004,0,30,0.4045313000679016,0.9019159078598022,0.7606452345848085,0.8873738646507262,0.9004477596282959,1.0,0.16666666666666666,4845.66650390625,1203.594857916236
id_fixed_30,ID: fixed 30,in_distribution,pointer_lstm,Attention-LSTM pointer,81,30004,1,30,0.4817672073841095,1.3069881200790405,0.7700675666332246,0.9535172581672662,1.23525403380394,1.0,0.1,5062.5,1233.4173373328522
id_fixed_30,ID: fixed 30,in_distribution,pointer_lstm,Attention-LSTM pointer,82,30004,2,30,0.3490348756313324,1.2011648416519165,0.4638419181108479,0.9683247387409198,1.1875051653385162,1.0,0.16666666666666666,4132.5,1452.4884870890528
id_fixed_30,ID: fixed 30,in_distribution,pointer_lstm,Attention-LSTM pointer,83,30004,3,30,0.42167824506759644,0.9249410629272461,0.7987576365470886,0.8499071657657621,0.912226756811142,1.0,0.2,4306.66650390625,1255.572442283854
id_fixed_30,ID: fixed 30,in_distribution,pointer_lstm,Attention-LSTM pointer,84,30004,4,30,0.5560752153396606,3.651759147644043,0.789728081226349,1.6678057670593218,3.276635313034059,1.0,0.1,3534.0,684.7590978965163
id_fixed_30,ID: fixed 30,in_distribution,pointer_lstm,Attention-LSTM pointer,85,30004,5,30,0.4386521279811859,1.6231329441070557,0.8138113081455232,0.929373842477798,1.4420318919420247,1.0,0.16666666666666666,4579.16650390625,1223.6545204780996
id_fixed_30,ID: fixed 30,in_distribution,pointer_lstm,Attention-LSTM pointer,86,30004,6,30,0.4604189991950989,0.9544557332992554,0.761218321323395,0.8867871195077894,0.9450606805086136,1.0,0.13333333333333333,4739.33349609375,1283.2715711444616
id_fixed_30,ID: fixed 30,in_distribution,pointer_lstm,Attention-LSTM pointer,87,30004,7,30,0.4219796359539032,0.9954440593719482,0.7442760169506075,0.887384694814682,0.9657993781566621,1.0,0.1,4348.33349609375,1607.9310071710497
id_fixed_30,ID: fixed 30,in_distribution,pointer_lstm,Attention-LSTM pointer,88,30004,8,30,0.30780044198036194,0.7285662293434143,0.5328214287757873,0.5925062805414196,0.7027361994981767,1.0,0.1,4192.83349609375,1496.0629386045039
id_fixed_30,ID: fixed 30,in_distribution,pointer_lstm,Attention-LSTM pointer,89,30004,9,30,0.3906344175338745,1.2187482118606567,0.8157789468765259,0.8704786181449887,1.1300767499208453,1.0,0.26666666666666666,4655.0,1103.4452049601823
id_fixed_30,ID: fixed 30,in_distribution,pointer_lstm,Attention-LSTM pointer,90,30004,10,30,0.4075466990470886,2.019536256790161,0.6352126300334932,0.7488338798284528,1.6602394390106212,1.0,0.06666666666666667,4303.83349609375,1557.6631618309766
id_fixed_30,ID: fixed 30,in_distribution,pointer_lstm,Attention-LSTM pointer,91,30004,11,30,0.43723371624946594,1.3790532350540161,0.7908932626247409,1.0668386995792385,1.308263239860535,1.0,0.2,3622.833251953125,260.13368962332606
id_fixed_30,ID: fixed 30,in_distribution,pointer_lstm,Attention-LSTM pointer,92,30004,12,30,0.37375926971435547,0.8914270997047424,0.6104589700698854,0.7713605642318719,0.8826047623157501,1.0,0.23333333333333334,4666.0,1036.0635103099048
id_fixed_30,ID: fixed 30,in_distribution,pointer_lstm,Attention-LSTM pointer,93,30004,13,30,0.3501494824886322,1.1141324043273926,0.5332543134689333,0.7225044369697566,1.021342172622681,1.0,0.23333333333333334,3431.0,1529.0081509388983
id_fixed_30,ID: fixed 30,in_distribution,pointer_lstm,Attention-LSTM pointer,94,30004,14,30,0.35794365406036377,0.7057217955589294,0.5487023651599884,0.5928236931562423,0.6785540527105333,1.0,0.13333333333333333,4211.33349609375,1210.7795852310956
id_fixed_30,ID: fixed 30,in_distribution,pointer_lstm,Attention-LSTM pointer,95,30004,15,30,0.47012007236480713,3.192120313644409,0.7622160613536837,0.9425374984741209,2.544820783138277,1.0,0.26666666666666666,4333.5,1282.1654202230275
id_fixed_30,ID: fixed 30,in_distribution,pointer_lstm,Attention-LSTM pointer,96,30004,16,30,0.3336128294467926,0.7468997240066528,0.5269111216068268,0.560845112800598,0.6982875895500185,1.0,0.13333333333333333,4371.66650390625,1125.849820997566
id_fixed_30,ID: fixed 30,in_distribution,pointer_lstm,Attention-LSTM pointer,97,30004,17,30,0.29791024327278137,0.888335645198822,0.5367760598659518,0.6891467571258545,0.8329697281122209,1.0,0.4,4672.16650390625,589.8267365545034
id_fixed_30,ID: fixed 30,in_distribution,pointer_lstm,Attention-LSTM pointer,98,30004,18,30,0.4142408072948456,1.5677568912506104,0.8356186091899872,1.0680577993392935,1.4689350068569187,1.0,0.26666666666666666,5157.16650390625,1779.7768095117062
id_fixed_30,ID: fixed 30,in_distribution,pointer_lstm,Attention-LSTM pointer,99,30004,19,30,0.47537341713905334,1.2432444095611572,0.8393181324005128,0.9490143001079557,1.168215494155884,1.0,0.16666666666666666,5299.33349609375,1365.1931649288163
dynamic_60,Dynamic 60,catalogue_size,random_feasible,Random feasible,0,31000,0,60,57.37873458862305,117.19400024414062,108.37291107177734,113.75511856079102,115.49408615112304,0.18333333333333332,0.0,9642.64453125,-792.8399391397834
dynamic_60,Dynamic 60,catalogue_size,random_feasible,Random feasible,1,31000,1,60,55.33549118041992,114.55115509033203,108.27690353393555,108.82671165466307,114.12532356262207,0.31666666666666665,0.0,10345.9091796875,-797.7206508666277
dynamic_60,Dynamic 60,catalogue_size,random_feasible,Random feasible,2,31000,2,60,53.983829498291016,120.69776916503906,108.1950584411621,109.2253074645996,117.0844332885742,0.3333333333333333,0.016666666666666666,11162.96484375,-797.8773465007544
dynamic_60,Dynamic 60,catalogue_size,random_feasible,Random feasible,3,31000,3,60,51.8502311706543,119.38745880126953,108.20063934326171,109.31350059509276,118.60778572082519,0.31666666666666665,0.0,12063.83984375,-793.3762305080891
dynamic_60,Dynamic 60,catalogue_size,random_feasible,Random feasible,4,31000,4,60,66.67127990722656,119.38412475585938,108.54545822143555,109.60388565063474,119.37638244628906,0.18333333333333332,0.016666666666666666,11632.1083984375,-808.1438274607062
dynamic_60,Dynamic 60,catalogue_size,random_feasible,Random feasible,5,31000,5,60,58.89240646362305,120.16123962402344,108.33103637695312,109.06650352478026,119.85354583740234,0.26666666666666666,0.0,11023.7080078125,-800.4217192456126
dynamic_60,Dynamic 60,catalogue_size,random_feasible,Random feasible,6,31000,6,60,57.15805435180664,119.95340728759766,108.22852478027343,108.81354103088378,113.57440139770505,0.3,0.0,10831.4384765625,-796.18323456496
dynamic_60,Dynamic 60,catalogue_size,random_feasible,Random feasible,7,31000,7,60,53.13991165161133,121.0949478149414,108.67070999145508,108.9108283996582,117.50404663085935,0.3333333333333333,0.016666666666666666,11470.4072265625,-806.5079547315836
dynamic_60,Dynamic 60,catalogue_size,random_feasible,Random feasible,8,31000,8,60,63.36326217651367,115.99050903320312,108.40237197875976,108.7195541381836,111.98475509643552,0.16666666666666666,0.0,12012.34765625,-803.9244665130973
dynamic_60,Dynamic 60,catalogue_size,random_feasible,Random feasible,9,31000,9,60,69.57426452636719,112.93778991699219,108.52908859252929,109.00959930419921,111.5415184020996,0.16666666666666666,0.0,11290.4013671875,-809.2048669159412
dynamic_60,Dynamic 60,catalogue_size,random_feasible,Random feasible,10,31001,0,60,61.929203033447266,113.9856948852539,108.89768295288086,109.42027854919432,112.75917350769042,0.21666666666666667,0.0,12339.8916015625,-804.3223057985306
dynamic_60,Dynamic 60,catalogue_size,random_feasible,Random feasible,11,31001,1,60,60.916141510009766,120.49446105957031,108.46003570556641,108.92936401367187,116.17762832641598,0.18333333333333332,0.0,13038.62890625,-797.5112705603242
dynamic_60,Dynamic 60,catalogue_size,random_feasible,Random feasible,12,31001,2,60,54.090614318847656,116.63084411621094,108.95375137329101,114.40445098876953,116.19710372924804,0.23333333333333334,0.0,9904.6103515625,-797.2425763309002
dynamic_60,Dynamic 60,catalogue_size,random_feasible,Random feasible,13,31001,3,60,52.98075485229492,120.162353515625,108.19001617431641,108.41111907958984,119.7342758178711,0.35,0.05,11457.107421875,-780.1640552952886
dynamic_60,Dynamic 60,catalogue_size,random_feasible,Random feasible,14,31001,4,60,67.82775115966797,119.58567810058594,108.65461807250976,109.04626808166503,119.26210357666015,0.23333333333333334,0.0,11572.1962890625,-811.748816780746
dynamic_60,Dynamic 60,catalogue_size,random_feasible,Random feasible,15,31001,5,60,50.6458854675293,113.99038696289062,107.73788909912109,108.49011497497558,113.92698554992675,0.38333333333333336,0.03333333333333333,10117.8935546875,-779.9810508042574
dynamic_60,Dynamic 60,catalogue_size,random_feasible,Random feasible,16,31001,6,60,52.13815689086914,118.92195129394531,108.53360900878906,108.77201271057129,114.11739807128903,0.3333333333333333,0.0,10267.58984375,-800.196247369051
dynamic_60,Dynamic 60,catalogue_size,random_feasible,Random feasible,17,31001,7,60,46.95440673828125,111.220703125,108.50733261108398,108.70920333862304,110.65547401428222,0.3333333333333333,0.03333333333333333,9078.060546875,-767.224163658917
dynamic_60,Dynamic 60,catalogue_size,random_feasible,Random feasible,18,31001,8,60,49.631919860839844,119.16024780273438,108.15271377563477,108.3612892150879,113.1720484924316,0.4,0.0,11018.6748046875,-780.0386615768075
dynamic_60,Dynamic 60,catalogue_size,random_feasible,Random feasible,19,31001,9,60,52.093753814697266,115.09017944335938,108.39705352783203,108.90407180786133,114.46739616394042,0.31666666666666665,0.0,12099.515625,-772.2816145122051
dynamic_60,Dynamic 60,catalogue_size,random_feasible,Random feasible,20,31002,0,60,50.884986877441406,120.95686340332031,108.3797981262207,109.37776641845701,119.82373138427734,0.25,0.0,10074.6982421875,-792.6804522797465
dynamic_60,Dynamic 60,catalogue_size,random_feasible,Random feasible,21,31002,1,60,52.87989044189453,119.05279541015625,108.80479202270507,110.25278778076171,118.3002699279785,0.36666666666666664,0.0,9606.8623046875,-793.5369737297297
dynamic_60,Dynamic 60,catalogue_size,random_feasible,Random feasible,22,31002,2,60,58.41714096069336,119.32671356201172,109.1306541442871,115.53138618469238,119.20531684875488,0.2833333333333333,0.016666666666666666,9703.5322265625,-802.2698009088635
dynamic_60,Dynamic 60,catalogue_size,random_feasible,Random feasible,23,31002,3,60,48.57965850830078,120.24333953857422,108.5774055480957,108.9563865661621,119.52005027770996,0.3333333333333333,0.0,9701.580078125,-796.1215568035841
dynamic_60,Dynamic 60,catalogue_size,random_feasible,Random feasible,24,31002,4,60,43.2550163269043,113.44499969482422,108.1024559020996,108.51140480041504,111.53833442687987,0.43333333333333335,0.016666666666666666,10055.064453125,-764.5741200223565
dynamic_60,Dynamic 60,catalogue_size,random_feasible,Random feasible,25,31002,5,60,64.11671447753906,119.74307250976562,109.17855911254883,113.7070327758789,119.33234298706054,0.21666666666666667,0.0,11967.7197265625,-800.7655918300152
dynamic_60,Dynamic 60,catalogue_size,random_feasible,Random feasible,26,31002,6,60,50.27785110473633,109.10897827148438,107.95257186889648,108.69376716613769,109.01023681640625,0.2833333333333333,0.0,11550.0615234375,-777.8631305396557
dynamic_60,Dynamic 60,catalogue_size,random_feasible,Random feasible,27,31002,7,60,54.143089294433594,120.50706481933594,108.69978485107421,116.85509109497069,120.47026184082031,0.36666666666666664,0.0,9661.3564453125,-798.9277305081487
dynamic_60,Dynamic 60,catalogue_size,random_feasible,Random feasible,28,31002,8,60,68.50113677978516,117.98542022705078,108.83323516845704,113.20781784057617,116.02747116088867,0.18333333333333332,0.0,10384.869140625,-808.1977926120162
dynamic_60,Dynamic 60,catalogue_size,random_feasible,Random feasible,29,31002,9,60,63.37969970703125,119.02294921875,108.78045654296875,111.118794631958,118.96616928100586,0.2,0.0,10740.8193359375,-805.3203924670815
dynamic_60,Dynamic 60,catalogue_size,random_feasible,Random feasible,30,31003,0,60,56.94346618652344,115.93994903564453,108.34124221801758,108.40506515502929,111.81407226562497,0.25,0.0,10534.0009765625,-801.3918340802193
dynamic_60,Dynamic 60,catalogue_size,random_feasible,Random feasible,31,31003,1,60,59.3898811340332,110.2977066040039,108.48076553344727,108.86384086608886,109.47017974853514,0.25,0.016666666666666666,12770.26171875,-794.0220714956522
dynamic_60,Dynamic 60,catalogue_size,random_feasible,Random feasible,32,31003,2,60,66.02822875976562,120.91879272460938,108.63023986816407,109.4719413757324,119.83876754760742,0.23333333333333334,0.0,11363.41796875,-809.4488266333938
dynamic_60,Dynamic 60,catalogue_size,random_feasible,Random feasible,33,31003,3,60,59.395530700683594,114.616455078125,108.86558380126954,113.18465118408203,114.53113662719727,0.26666666666666666,0.0,10805.69140625,-805.1324536427855
dynamic_60,Dynamic 60,catalogue_size,random_feasible,Random feasible,34,31003,4,60,64.50005340576172,119.25584411621094,108.42210998535157,108.95236511230468,119.1654931640625,0.23333333333333334,0.0,11634.982421875,-788.8689320608974
dynamic_60,Dynamic 60,catalogue_size,random_feasible,Random feasible,35,31003,5,60,67.43122100830078,118.73271942138672,108.62916793823243,108.90591926574707,113.43445442199705,0.25,0.0,12543.7568359375,-791.6894922032952
dynamic_60,Dynamic 60,catalogue_size,random_feasible,Random feasible,36,31003,6,60,58.767860412597656,112.20020294189453,108.10882034301758,109.17041282653808,111.37718643188477,0.25,0.016666666666666666,10210.2490234375,-804.5645722821355
dynamic_60,Dynamic 60,catalogue_size,random_feasible,Random feasible,37,31003,7,60,50.595069885253906,120.31192016601562,108.48242492675782,118.78822021484375,119.82508193969726,0.35,0.0,9103.9619140625,-778.8510824739933
dynamic_60,Dynamic 60,catalogue_size,random_feasible,Random feasible,38,31003,8,60,59.99860382080078,115.26438903808594,108.34039916992188,108.42820587158204,114.8171671295166,0.2833333333333333,0.0,11472.7958984375,-798.6672497987747
dynamic_60,Dynamic 60,catalogue_size,random_feasible,Random feasible,39,31003,9,60,52.96335983276367,119.3284912109375,108.26291427612304,109.21512489318846,119.24793067932129,0.31666666666666665,0.016666666666666666,9916.58203125,-787.8367737680674
dynamic_60,Dynamic 60,catalogue_size,random_feasible,Random feasible,40,31004,0,60,57.56155776977539,121.00323486328125,109.03437805175781,117.91012306213379,119.91560241699219,0.35,0.0,10428.41015625,-801.8323960155249
dynamic_60,Dynamic 60,catalogue_size,random_feasible,Random feasible,41,31004,1,60,57.77676010131836,119.37772369384766,108.35464630126953,108.92648124694824,116.70017196655272,0.26666666666666666,0.0,12313.3447265625,-791.0024070367217
dynamic_60,Dynamic 60,catalogue_size,random_feasible,Random feasible,42,31004,2,60,51.868953704833984,115.78901672363281,108.46842803955079,108.72291221618653,111.73225357055662,0.26666666666666666,0.016666666666666666,10934.48046875,-784.4077029898763
dynamic_60,Dynamic 60,catalogue_size,random_feasible,Random feasible,43,31004,3,60,46.6519889831543,119.82664489746094,108.14664230346679,108.67140617370606,116.13250541687009,0.36666666666666664,0.016666666666666666,9497.08203125,-789.652305200696
dynamic_60,Dynamic 60,catalogue_size,random_feasible,Random feasible,44,31004,4,60,62.72549819946289,120.67805480957031,109.5630584716797,114.37548370361328,120.67686195373535,0.23333333333333334,0.0,11241.98828125,-815.2606277540326
dynamic_60,Dynamic 60,catalogue_size,random_feasible,Random feasible,45,31004,5,60,55.29819869995117,109.89520263671875,108.21694107055664,108.60970764160156,109.27460250854492,0.2833333333333333,0.016666666666666666,10804.7802734375,-791.2394247204065
dynamic_60,Dynamic 60,catalogue_size,random_feasible,Random feasible,46,31004,6,60,63.73902130126953,119.38880157470703,108.04145050048828,108.27156143188476,116.46202850341795,0.25,0.0,11118.3095703125,-804.3200905770063
dynamic_60,Dynamic 60,catalogue_size,random_feasible,Random feasible,47,31004,7,60,52.641136169433594,119.64691925048828,108.29135208129883,108.69546508789062,119.15423377990723,0.31666666666666665,0.016666666666666666,9662.896484375,-791.2574249580503
dynamic_60,Dynamic 60,catalogue_size,random_feasible,Random feasible,48,31004,8,60,47.08223342895508,111.45359802246094,108.45343017578125,108.664453125,110.24764778137207,0.26666666666666666,0.016666666666666666,10454.3115234375,-773.1569283902645
dynamic_60,Dynamic 60,catalogue_size,random_feasible,Random feasible,49,31004,9,60,56.85200500488281,119.48330688476562,108.20080108642578,110.41836318969726,117.73458923339842,0.18333333333333332,0.03333333333333333,11038.0439453125,-790.3575736954808
dynamic_60,Dynamic 60,catalogue_size,oldest_first,Oldest first,0,31000,0,60,6.91590690612793,59.4638557434082,20.58729553222657,29.31368055343625,47.8483387756347,0.7166666666666667,0.0,2551.5,-649.7004039660096
dynamic_60,Dynamic 60,catalogue_size,oldest_first,Oldest first,1,31000,1,60,7.898386478424072,84.07073974609375,20.799312210083013,25.572736835479734,50.76397216796856,0.7333333333333333,0.0,3064.5,-674.302879229188
dynamic_60,Dynamic 60,catalogue_size,oldest_first,Oldest first,2,31000,2,60,3.4079291820526123,25.113815307617188,15.95311737060547,18.76455774307251,24.589073524475094,0.8833333333333333,0.016666666666666666,2920.0,-608.6380224749446
dynamic_60,Dynamic 60,catalogue_size,oldest_first,Oldest first,3,31000,3,60,9.394610404968262,96.64700317382812,25.52692699432373,31.142160224914402,89.16076148986812,0.7833333333333333,0.0,3077.5,-669.345208466053
dynamic_60,Dynamic 60,catalogue_size,oldest_first,Oldest first,4,31000,4,60,7.705392837524414,72.19197845458984,25.312475204467773,25.621400928497312,47.713242073058936,0.7333333333333333,0.05,2888.25,-683.6442919224501
dynamic_60,Dynamic 60,catalogue_size,oldest_first,Oldest first,5,31000,5,60,5.866866588592529,64.7397232055664,17.59493942260742,21.44985723495482,43.15575084686267,0.7833333333333333,0.0,2476.5,-662.7704147025943
dynamic_60,Dynamic 60,catalogue_size,oldest_first,Oldest first,6,31000,6,60,3.39125919342041,26.082443237304688,17.399860763549807,25.050213241577147,26.040167751312257,0.8833333333333333,0.0,3627.333251953125,-606.6337833330035
dynamic_60,Dynamic 60,catalogue_size,oldest_first,Oldest first,7,31000,7,60,6.55333137512207,84.6771469116211,19.900072097778327,29.204884910583495,72.24277717590324,0.85,0.0,3308.583251953125,-647.2525755539536
dynamic_60,Dynamic 60,catalogue_size,oldest_first,Oldest first,8,31000,8,60,6.9578633308410645,78.20852661132812,26.960697555541994,29.400349807739165,73.38910545349118,0.85,0.0,2909.916748046875,-650.4648739844561
dynamic_60,Dynamic 60,catalogue_size,oldest_first,Oldest first,9,31000,9,60,4.196056365966797,24.967662811279297,20.196254730224613,24.827687740325928,24.94772861480713,0.8666666666666667,0.0,4327.91650390625,-620.0727946609259
dynamic_60,Dynamic 60,catalogue_size,oldest_first,Oldest first,10,31001,0,60,5.712653160095215,83.63729858398438,18.303293609619143,20.70704174041748,46.955975265502715,0.8166666666666667,0.03333333333333333,2627.583251953125,-622.9297140687704
dynamic_60,Dynamic 60,catalogue_size,oldest_first,Oldest first,11,31001,1,60,7.132299900054932,89.63787841796875,18.573323631286623,27.752270984649655,82.22059280395503,0.8166666666666667,0.0,2816.666748046875,-631.971749894321
dynamic_60,Dynamic 60,catalogue_size,oldest_first,Oldest first,12,31001,2,60,8.460315704345703,79.3641586303711,26.683712196350097,28.55847387313842,74.12205238342283,0.75,0.0,2927.083251953125,-660.8644725233316
dynamic_60,Dynamic 60,catalogue_size,oldest_first,Oldest first,13,31001,3,60,13.109395980834961,79.30577087402344,27.397744178771973,65.1010684967041,76.2924279785156,0.65,0.0,3377.083251953125,-690.8796564489603
dynamic_60,Dynamic 60,catalogue_size,oldest_first,Oldest first,14,31001,4,60,20.84438133239746,108.41921997070312,98.29526062011719,102.51112899780273,106.59011734008789,0.7166666666666667,0.05,4110.66650390625,-724.6449736356735
dynamic_60,Dynamic 60,catalogue_size,oldest_first,Oldest first,15,31001,5,60,4.308943271636963,26.72503662109375,17.312773132324217,19.611219406127926,26.50735168457031,0.85,0.0,2788.916748046875,-625.8525956496596
dynamic_60,Dynamic 60,catalogue_size,oldest_first,Oldest first,16,31001,6,60,3.0316879749298096,28.129825592041016,4.747120428085328,7.16414289474482,26.730726108551018,0.9,0.0,3167.416748046875,-516.474616676569
dynamic_60,Dynamic 60,catalogue_size,oldest_first,Oldest first,17,31001,7,60,7.263754367828369,28.997032165527344,25.447901344299318,26.241134643554688,27.485836868286125,0.7333333333333333,0.0,3191.25,-642.6884151920676
dynamic_60,Dynamic 60,catalogue_size,oldest_first,Oldest first,18,31001,8,60,9.062215805053711,85.02439880371094,29.3664981842041,40.89125804901112,83.57440376281737,0.8166666666666667,0.0,3008.166748046875,-642.4020254462957
dynamic_60,Dynamic 60,catalogue_size,oldest_first,Oldest first,19,31001,9,60,11.535665512084961,87.68403625488281,26.388706016540528,29.774872016906578,85.26290802001952,0.6833333333333333,0.0,3474.666748046875,-686.2502378001809
dynamic_60,Dynamic 60,catalogue_size,oldest_first,Oldest first,20,31002,0,60,6.858280658721924,30.882320404052734,25.275134468078615,26.538932609558106,28.528234043121323,0.7166666666666667,0.0,2770.916748046875,-645.9322926774621
dynamic_60,Dynamic 60,catalogue_size,oldest_first,Oldest first,21,31002,1,60,5.101865291595459,84.63760375976562,6.177927398681658,18.046619033813453,53.24051509857159,0.9,0.0,2980.0,-620.3608949780464
dynamic_60,Dynamic 60,catalogue_size,oldest_first,Oldest first,22,31002,2,60,4.583747863769531,26.389141082763672,18.097533988952637,20.66595020294188,26.256618175506592,0.8,0.0,2807.916748046875,-597.5914192646742
dynamic_60,Dynamic 60,catalogue_size,oldest_first,Oldest first,23,31002,3,60,10.861684799194336,101.01493072509766,25.392040824890138,38.73127994537354,79.42467674255359,0.6666666666666666,0.0,2740.75,-703.0808642208576
dynamic_60,Dynamic 60,catalogue_size,oldest_first,Oldest first,24,31002,4,60,1.4842314720153809,5.850533962249756,3.0022117376327517,3.1152710199356077,4.366469945907584,0.9833333333333333,0.0,3056.5,-311.401602123864
dynamic_60,Dynamic 60,catalogue_size,oldest_first,Oldest first,25,31002,5,60,8.27387523651123,101.26599884033203,16.885233688354504,73.31191787719723,99.35970718383788,0.8833333333333333,0.0,5021.25,-649.1220847666264
dynamic_60,Dynamic 60,catalogue_size,oldest_first,Oldest first,26,31002,6,60,9.708027839660645,38.913352966308594,24.044209289550782,24.945599174499506,32.75384380340573,0.6166666666666667,0.0,2792.416748046875,-706.3732355982065
dynamic_60,Dynamic 60,catalogue_size,oldest_first,Oldest first,27,31002,7,60,9.491876602172852,85.28699493408203,25.777399635314943,29.32424011230463,76.78422851562495,0.7333333333333333,0.0,2944.833251953125,-681.3738085329533
dynamic_60,Dynamic 60,catalogue_size,oldest_first,Oldest first,28,31002,8,60,4.2539143562316895,72.09976196289062,17.95680274963379,21.04637413024902,44.21542442321761,0.8833333333333333,0.016666666666666666,2670.333251953125,-611.3919607549906
dynamic_60,Dynamic 60,catalogue_size,oldest_first,Oldest first,29,31002,9,60,7.002304553985596,108.58016204833984,22.044382286071784,25.551612377166744,103.99968116760252,0.8666666666666667,0.0,3931.083251953125,-653.3844949901104
dynamic_60,Dynamic 60,catalogue_size,oldest_first,Oldest first,30,31003,0,60,8.374094009399414,71.96757507324219,25.07621116638184,27.72441539764404,46.39767044067368,0.6666666666666666,0.016666666666666666,2845.0,-685.0814756527543
dynamic_60,Dynamic 60,catalogue_size,oldest_first,Oldest first,31,31003,1,60,3.3747506141662598,25.530153274536133,4.459027767181424,23.559749794006343,25.267771129608153,0.9,0.016666666666666666,4157.75,-578.3024055659771
dynamic_60,Dynamic 60,catalogue_size,oldest_first,Oldest first,32,31003,2,60,3.5622458457946777,28.059070587158203,5.278817653656006,11.126144361495957,23.791417274475073,0.8833333333333333,0.0,3249.916748046875,-540.725483506918
dynamic_60,Dynamic 60,catalogue_size,oldest_first,Oldest first,33,31003,3,60,2.7213730812072754,26.963077545166016,3.640970659255982,5.602652931213376,26.195375785827633,0.9333333333333333,0.0,3301.5,-501.13502613827586
dynamic_60,Dynamic 60,catalogue_size,oldest_first,Oldest first,34,31003,4,60,8.434588432312012,82.5602798461914,25.57545394897461,33.031903457641604,77.34311103820798,0.7666666666666667,0.0,2877.166748046875,-655.3371516168118
dynamic_60,Dynamic 60,catalogue_size,oldest_first,Oldest first,35,31003,5,60,10.644977569580078,96.32154083251953,27.669266891479495,37.745071601867544,88.18874427795406,0.7333333333333333,0.016666666666666666,3389.25,-667.2756171673536
dynamic_60,Dynamic 60,catalogue_size,oldest_first,Oldest first,36,31003,6,60,3.8817293643951416,25.410198211669922,21.683940124511718,23.048295593261713,25.169457397460935,0.8666666666666667,0.016666666666666666,3018.75,-609.9128971248865
dynamic_60,Dynamic 60,catalogue_size,oldest_first,Oldest first,37,31003,7,60,5.059712886810303,72.94696807861328,16.1406120300293,19.174069976806614,47.51732978820786,0.8333333333333334,0.0,2693.166748046875,-639.1622947007418
dynamic_60,Dynamic 60,catalogue_size,oldest_first,Oldest first,38,31003,8,60,9.925786972045898,102.59489440917969,25.3373233795166,26.434264373779286,93.34695770263667,0.7333333333333333,0.0,3289.833251953125,-676.6658949181437
dynamic_60,Dynamic 60,catalogue_size,oldest_first,Oldest first,39,31003,9,60,9.941113471984863,85.2752914428711,27.35442695617676,33.863936805725075,67.70658660888662,0.7,0.016666666666666666,2835.333251953125,-689.5996435582638
dynamic_60,Dynamic 60,catalogue_size,oldest_first,Oldest first,40,31004,0,60,6.612819194793701,60.06523132324219,25.763855171203616,27.629324722290036,41.54503715515126,0.7666666666666667,0.0,3068.416748046875,-672.5637384727597
dynamic_60,Dynamic 60,catalogue_size,oldest_first,Oldest first,41,31004,1,60,9.234206199645996,69.18071746826172,25.802493286132812,28.18404426574697,66.8724378967285,0.7166666666666667,0.0,3432.75,-664.1415092870593
dynamic_60,Dynamic 60,catalogue_size,oldest_first,Oldest first,42,31004,2,60,23.031633377075195,102.9546127319336,98.61938247680665,101.83884048461914,102.46379531860352,0.7,0.0,4612.75,-717.9216317683458
dynamic_60,Dynamic 60,catalogue_size,oldest_first,Oldest first,43,31004,3,60,2.825153112411499,25.63182258605957,3.7276822090148927,5.1540859222411735,21.879562892913796,0.95,0.016666666666666666,2867.5,-550.6053189858794
dynamic_60,Dynamic 60,catalogue_size,oldest_first,Oldest first,44,31004,4,60,16.395368576049805,108.74275207519531,74.4295608520508,96.63968505859374,108.46384887695312,0.7333333333333333,0.0,4869.75,-702.2283609360456
dynamic_60,Dynamic 60,catalogue_size,oldest_first,Oldest first,45,31004,5,60,14.200291633605957,104.83198547363281,26.22773971557618,85.47347030639648,101.34610511779783,0.6333333333333333,0.0,3418.083251953125,-726.5483311861753
dynamic_60,Dynamic 60,catalogue_size,oldest_first,Oldest first,46,31004,6,60,6.76006555557251,30.909870147705078,21.755325508117675,26.917827320098873,29.883430080413813,0.7333333333333333,0.05,2935.583251953125,-665.013966627419
dynamic_60,Dynamic 60,catalogue_size,oldest_first,Oldest first,47,31004,7,60,13.832942962646484,104.45491790771484,29.561419296264717,97.08779067993163,103.33936813354491,0.75,0.016666666666666666,4349.16650390625,-683.9030076488853
dynamic_60,Dynamic 60,catalogue_size,oldest_first,Oldest first,48,31004,8,60,5.857386589050293,87.482421875,22.67248287200928,25.988758850097657,51.47763236999491,0.8333333333333334,0.0,3849.25,-636.6969903558493
dynamic_60,Dynamic 60,catalogue_size,oldest_first,Oldest first,49,31004,9,60,3.499516725540161,26.79468536376953,5.802157878875756,22.278396511077876,25.763571777343746,0.9,0.0,3737.666748046875,-572.9230106920004
dynamic_60,Dynamic 60,catalogue_size,max_uncertainty_greedy,Max-U greedy,0,31000,0,60,8.890578269958496,114.30549621582031,16.450489234924323,20.643916034698478,106.18488479614253,0.6333333333333333,0.0,7777.83349609375,-674.6053981482983
dynamic_60,Dynamic 60,catalogue_size,max_uncertainty_greedy,Max-U greedy,1,31000,1,60,4.244238376617432,30.531343460083008,11.394509315490724,13.773687934875488,29.938952121734616,0.7166666666666667,0.03333333333333333,5842.91650390625,-563.0646288767457
dynamic_60,Dynamic 60,catalogue_size,max_uncertainty_greedy,Max-U greedy,2,31000,2,60,1.170013189315796,4.267152786254883,1.7547531843185427,2.330594491958618,3.5999477243423423,1.0,0.0,5326.33349609375,-259.9003533301875
dynamic_60,Dynamic 60,catalogue_size,max_uncertainty_greedy,Max-U greedy,3,31000,3,60,1.8537932634353638,9.489415168762207,3.518567848205568,6.4173186063766465,9.452131671905518,0.9166666666666666,0.016666666666666666,5968.91650390625,-537.2744509540498
dynamic_60,Dynamic 60,catalogue_size,max_uncertainty_greedy,Max-U greedy,4,31000,4,60,4.5780839920043945,82.24032592773438,12.150868034362793,16.406497287750238,47.082946052551065,0.85,0.016666666666666666,5072.08349609375,-585.7921559363604
dynamic_60,Dynamic 60,catalogue_size,max_uncertainty_greedy,Max-U greedy,5,31000,5,60,5.114136695861816,28.433147430419922,15.835726165771485,20.039818096160875,26.895588893890373,0.7166666666666667,0.0,5582.75,-599.6636407673359
dynamic_60,Dynamic 60,catalogue_size,max_uncertainty_greedy,Max-U greedy,6,31000,6,60,1.063562035560608,4.585421085357666,1.7262338161468511,2.2383554220199584,4.43955985546112,1.0,0.05,5564.83349609375,-371.26270064199343
dynamic_60,Dynamic 60,catalogue_size,max_uncertainty_greedy,Max-U greedy,7,31000,7,60,10.640240669250488,91.35273742675781,28.368898010253908,76.64514045715332,87.77639808654783,0.7166666666666667,0.0,5840.33349609375,-685.8295992463827
dynamic_60,Dynamic 60,catalogue_size,max_uncertainty_greedy,Max-U greedy,8,31000,8,60,1.6727969646453857,8.979970932006836,4.094695377349853,5.656041455268858,8.118005709648127,0.9333333333333333,0.03333333333333333,6002.5,-490.8938158582896
dynamic_60,Dynamic 60,catalogue_size,max_uncertainty_greedy,Max-U greedy,9,31000,9,60,4.7781147956848145,27.05807113647461,13.383071994781501,18.894322109222397,25.513757209777822,0.75,0.0,6470.5,-649.6175428628922
dynamic_60,Dynamic 60,catalogue_size,max_uncertainty_greedy,Max-U greedy,10,31001,0,60,7.649481773376465,35.371517181396484,22.124062347412117,28.295572471618634,35.07533332824707,0.6333333333333333,0.016666666666666666,5448.16650390625,-685.3419125676155
dynamic_60,Dynamic 60,catalogue_size,max_uncertainty_greedy,Max-U greedy,11,31001,1,60,1.5355859994888306,12.341650009155273,3.684992861747742,4.267612314224243,7.877603392600987,0.9833333333333333,0.016666666666666666,4072.916748046875,-548.7542208135128
dynamic_60,Dynamic 60,catalogue_size,max_uncertainty_greedy,Max-U greedy,12,31001,2,60,5.73666524887085,100.59713745117188,18.768098831176758,20.326216316223142,55.426860427856184,0.7666666666666667,0.0,5738.58349609375,-644.3816156089306
dynamic_60,Dynamic 60,catalogue_size,max_uncertainty_greedy,Max-U greedy,13,31001,3,60,2.652531862258911,27.596508026123047,3.3816222190856955,12.115089368820188,19.825483827590897,0.9166666666666666,0.016666666666666666,6148.33349609375,-527.9124399572611
dynamic_60,Dynamic 60,catalogue_size,max_uncertainty_greedy,Max-U greedy,14,31001,4,60,1.3144017457962036,3.949796199798584,2.977445912361145,3.0742639660835267,3.8124979305267326,1.0,0.06666666666666667,4864.58349609375,-372.72954313643277
dynamic_60,Dynamic 60,catalogue_size,max_uncertainty_greedy,Max-U greedy,15,31001,5,60,3.7184627056121826,92.8624267578125,4.758646059036255,7.701458477973935,50.74591659545874,0.9166666666666666,0.03333333333333333,5390.0,-567.5274517908692
dynamic_60,Dynamic 60,catalogue_size,max_uncertainty_greedy,Max-U greedy,16,31001,6,60,1.4247326850891113,5.689064979553223,2.6477251291275024,3.3372570037841793,5.070922865867611,0.9833333333333333,0.0,5209.83349609375,-273.98807345703244
dynamic_60,Dynamic 60,catalogue_size,max_uncertainty_greedy,Max-U greedy,17,31001,7,60,4.264542102813721,92.50133514404297,4.565396547317505,7.013983821868879,57.128156394958296,0.9166666666666666,0.0,5348.5,-583.0390025563538
dynamic_60,Dynamic 60,catalogue_size,max_uncertainty_greedy,Max-U greedy,18,31001,8,60,0.9466351270675659,2.5954740047454834,1.5189686179161073,1.7597599267959594,2.4439682316780083,1.0,0.016666666666666666,4883.5,-177.38520833663642
dynamic_60,Dynamic 60,catalogue_size,max_uncertainty_greedy,Max-U greedy,19,31001,9,60,1.1542428731918335,2.515315055847168,1.7538419365882874,1.940736472606659,2.4044372773170464,1.0,0.016666666666666666,6691.5,-161.92643567174673
dynamic_60,Dynamic 60,catalogue_size,max_uncertainty_greedy,Max-U greedy,20,31002,0,60,4.489633083343506,101.62060546875,3.6816439628601074,13.771375656127901,67.00079845428446,0.9333333333333333,0.016666666666666666,6325.33349609375,-550.9369249492884
dynamic_60,Dynamic 60,catalogue_size,max_uncertainty_greedy,Max-U greedy,21,31002,1,60,1.2153022289276123,3.277846336364746,2.3808380365371704,2.8832766532897947,3.1972194099426265,1.0,0.016666666666666666,4765.75,-234.87342147808522
dynamic_60,Dynamic 60,catalogue_size,max_uncertainty_greedy,Max-U greedy,22,31002,2,60,12.061649322509766,57.80723571777344,28.41436862945557,33.77025451660156,44.584314002990645,0.45,0.0,6984.33349609375,-687.3230791389942
dynamic_60,Dynamic 60,catalogue_size,max_uncertainty_greedy,Max-U greedy,23,31002,3,60,3.348388433456421,51.4068603515625,4.393309211730958,12.589583349227892,36.91418186187736,0.9166666666666666,0.03333333333333333,4969.25,-604.6968302950263
dynamic_60,Dynamic 60,catalogue_size,max_uncertainty_greedy,Max-U greedy,24,31002,4,60,2.2329790592193604,26.375761032104492,3.3503970623016364,4.182376217842101,25.98750221252441,0.9666666666666667,0.0,5151.58349609375,-462.43975444324315
dynamic_60,Dynamic 60,catalogue_size,max_uncertainty_greedy,Max-U greedy,25,31002,5,60,2.601698160171509,19.507909774780273,4.4564608573913596,8.131867647171015,14.034158239364592,0.9,0.0,6050.33349609375,-586.3571496941149
dynamic_60,Dynamic 60,catalogue_size,max_uncertainty_greedy,Max-U greedy,26,31002,6,60,2.907839775085449,21.36846923828125,5.048062276840211,6.327077889442442,15.025479717254601,0.9,0.0,4640.58349609375,-528.3962839357555
dynamic_60,Dynamic 60,catalogue_size,max_uncertainty_greedy,Max-U greedy,27,31002,7,60,2.673032522201538,26.704639434814453,4.973477458953859,7.121150851249687,17.068870239257755,0.9,0.016666666666666666,3660.25,-609.5979568473995
dynamic_60,Dynamic 60,catalogue_size,max_uncertainty_greedy,Max-U greedy,28,31002,8,60,1.5817835330963135,7.0366692543029785,4.210661745071412,5.1801931858062735,6.361278219223019,0.9166666666666666,0.016666666666666666,4914.25,-439.38559111300856
dynamic_60,Dynamic 60,catalogue_size,max_uncertainty_greedy,Max-U greedy,29,31002,9,60,4.270649433135986,38.98733901977539,9.90483570098877,14.852224540710386,37.4361627960205,0.8,0.0,5738.66650390625,-628.4174804240465
dynamic_60,Dynamic 60,catalogue_size,max_uncertainty_greedy,Max-U greedy,30,31003,0,60,1.5161229372024536,6.024333477020264,3.3795431375503546,4.559468746185302,5.89771689414978,0.9666666666666667,0.08333333333333333,6072.58349609375,-436.37122709676623
dynamic_60,Dynamic 60,catalogue_size,max_uncertainty_greedy,Max-U greedy,31,31003,1,60,1.842648983001709,8.229422569274902,3.7100744724273684,4.598781085014343,6.3551714706420785,0.9666666666666667,0.016666666666666666,5759.0,-478.59976243041456
dynamic_60,Dynamic 60,catalogue_size,max_uncertainty_greedy,Max-U greedy,32,31003,2,60,3.2491424083709717,30.74055290222168,5.235169124603272,6.116260576248146,30.36061256408691,0.8666666666666667,0.0,4903.75,-561.0482507348061
dynamic_60,Dynamic 60,catalogue_size,max_uncertainty_greedy,Max-U greedy,33,31003,3,60,1.9451053142547607,14.702796936035156,2.7990231513977055,9.252042007446283,13.59437109947204,0.9333333333333333,0.0,5654.66650390625,-473.79239037260413
dynamic_60,Dynamic 60,catalogue_size,max_uncertainty_greedy,Max-U greedy,34,31003,4,60,2.4561500549316406,17.985916137695312,4.420990610122682,13.45028195381164,16.73224659919738,0.9166666666666666,0.05,7065.91650390625,-490.0695678293705
dynamic_60,Dynamic 60,catalogue_size,max_uncertainty_greedy,Max-U greedy,35,31003,5,60,1.027618169784546,3.4120240211486816,1.908395540714264,2.121855163574218,3.089766139984129,1.0,0.05,5020.75,-231.28575071319938
dynamic_60,Dynamic 60,catalogue_size,max_uncertainty_greedy,Max-U greedy,36,31003,6,60,2.3547415733337402,16.31746482849121,3.041819429397583,14.436706542968748,15.569751281738277,0.9333333333333333,0.0,6521.25,-405.45838660374284
dynamic_60,Dynamic 60,catalogue_size,max_uncertainty_greedy,Max-U greedy,37,31003,7,60,3.16121506690979,40.333221435546875,3.753794002532962,14.87126955986022,36.494955711364724,0.9,0.016666666666666666,5748.0,-512.5723596140742
dynamic_60,Dynamic 60,catalogue_size,max_uncertainty_greedy,Max-U greedy,38,31003,8,60,4.410738945007324,103.88433837890625,6.748418712615971,9.561629676818848,60.685318298339595,0.85,0.016666666666666666,5337.83349609375,-563.1847095936537
dynamic_60,Dynamic 60,catalogue_size,max_uncertainty_greedy,Max-U greedy,39,31003,9,60,4.173168659210205,86.70266723632812,5.844664716720581,7.079984188079832,63.460933609008656,0.8833333333333333,0.0,6255.66650390625,-569.2287276163697
dynamic_60,Dynamic 60,catalogue_size,max_uncertainty_greedy,Max-U greedy,40,31004,0,60,1.2369976043701172,4.875082969665527,3.078716802597046,3.352634978294371,4.414523019790646,1.0,0.03333333333333333,4446.66650390625,-511.19853959511966
dynamic_60,Dynamic 60,catalogue_size,max_uncertainty_greedy,Max-U greedy,41,31004,1,60,1.1115363836288452,3.947977066040039,1.7704227447509768,2.094062781333922,3.1670286989211993,1.0,0.0,5743.58349609375,-7.335420526564121
dynamic_60,Dynamic 60,catalogue_size,max_uncertainty_greedy,Max-U greedy,42,31004,2,60,1.5612366199493408,6.586402893066406,2.9739155054092405,3.868745970726013,5.214432439804069,0.9833333333333333,0.016666666666666666,5581.66650390625,-435.30013790912926
dynamic_60,Dynamic 60,catalogue_size,max_uncertainty_greedy,Max-U greedy,43,31004,3,60,3.361539602279663,100.6806869506836,3.1737235069274905,3.9561298847198336,50.72041404724092,0.95,0.03333333333333333,5110.83349609375,-589.9968396350741
dynamic_60,Dynamic 60,catalogue_size,max_uncertainty_greedy,Max-U greedy,44,31004,4,60,10.864421844482422,99.70806121826172,25.188555908203135,40.32805080413818,65.66404121398907,0.48333333333333334,0.0,7030.16650390625,-692.1560686007142
dynamic_60,Dynamic 60,catalogue_size,max_uncertainty_greedy,Max-U greedy,45,31004,5,60,3.172945499420166,16.55276107788086,9.296721458435059,10.973359632492064,16.36711782455444,0.85,0.016666666666666666,6301.91650390625,-504.2929285354912
dynamic_60,Dynamic 60,catalogue_size,max_uncertainty_greedy,Max-U greedy,46,31004,6,60,3.141662120819092,45.03395080566406,6.327753639221193,7.875200986862181,30.724679527282632,0.8333333333333334,0.0,4537.08349609375,-578.4968316443264
dynamic_60,Dynamic 60,catalogue_size,max_uncertainty_greedy,Max-U greedy,47,31004,7,60,1.8748584985733032,5.4201812744140625,3.699495458602905,4.158966469764708,4.884691128730771,0.9833333333333333,0.03333333333333333,6400.5,-538.8568029440939
dynamic_60,Dynamic 60,catalogue_size,max_uncertainty_greedy,Max-U greedy,48,31004,8,60,1.430931806564331,4.4976606369018555,2.7327936649322515,4.329902815818786,4.460524840354919,1.0,0.0,4641.25,-377.4873933987692
dynamic_60,Dynamic 60,catalogue_size,max_uncertainty_greedy,Max-U greedy,49,31004,9,60,1.326087236404419,3.7500247955322266,2.726169514656067,3.3736406445503233,3.6942895913124083,1.0,0.0,5733.91650390625,-133.0331462137401
dynamic_60,Dynamic 60,catalogue_size,expected_info_gain,Expected information gain,0,31000,0,60,1.1877753734588623,6.024205684661865,2.211051082611085,3.748389387130737,5.739446520805357,0.9666666666666667,0.08333333333333333,4945.33349609375,-452.39317980222404
dynamic_60,Dynamic 60,catalogue_size,expected_info_gain,Expected information gain,1,31000,1,60,5.167312145233154,35.74082565307617,12.772502231597901,13.993118715286254,23.886844425201346,0.65,0.016666666666666666,6904.5,-615.791812799871
dynamic_60,Dynamic 60,catalogue_size,expected_info_gain,Expected information gain,2,31000,2,60,1.1519838571548462,6.488367557525635,2.0023166537284856,2.884832596778869,5.767164950370784,0.9666666666666667,0.016666666666666666,4795.5,-465.4800865231082
dynamic_60,Dynamic 60,catalogue_size,expected_info_gain,Expected information gain,3,31000,3,60,1.203705906867981,4.53351354598999,2.445178294181824,2.816391515731811,3.847426335811611,1.0,0.06666666666666667,4366.83349609375,-341.67509242054075
dynamic_60,Dynamic 60,catalogue_size,expected_info_gain,Expected information gain,4,31000,4,60,1.4669727087020874,4.1987714767456055,3.5240233421325686,3.695507335662841,4.0617589020729055,1.0,0.06666666666666667,5294.41650390625,-422.35036961827427
dynamic_60,Dynamic 60,catalogue_size,expected_info_gain,Expected information gain,5,31000,5,60,1.250188946723938,7.414295196533203,2.0619022846221924,2.3798770666122424,5.328577063083637,0.9833333333333333,0.016666666666666666,3769.0,-478.7261541541666
dynamic_60,Dynamic 60,catalogue_size,expected_info_gain,Expected information gain,6,31000,6,60,2.8937509059906006,104.20772552490234,1.6833279252052307,5.3087841272354055,47.70570968627897,0.9333333333333333,0.03333333333333333,5942.83349609375,-551.4542084559798
dynamic_60,Dynamic 60,catalogue_size,expected_info_gain,Expected information gain,7,31000,7,60,10.654970169067383,90.84292602539062,29.234371185302734,33.725302696228,90.50008575439453,0.6666666666666666,0.0,6606.5,-673.3843180239201
dynamic_60,Dynamic 60,catalogue_size,expected_info_gain,Expected information gain,8,31000,8,60,1.6312156915664673,5.691256999969482,4.451168441772461,5.336170768737793,5.641056618690491,0.9166666666666666,0.016666666666666666,5634.83349609375,-484.7837701998651
dynamic_60,Dynamic 60,catalogue_size,expected_info_gain,Expected information gain,9,31000,9,60,1.8856008052825928,27.9153995513916,1.737740981578827,2.9006011009216053,22.38062837600705,0.95,0.016666666666666666,4199.0,-461.3328233975917
dynamic_60,Dynamic 60,catalogue_size,expected_info_gain,Expected information gain,10,31001,0,60,13.287657737731934,93.23304748535156,35.48473129272461,44.55150146484366,93.04368499755859,0.6166666666666667,0.0,5565.66650390625,-684.7749141678214
dynamic_60,Dynamic 60,catalogue_size,expected_info_gain,Expected information gain,11,31001,1,60,1.176700234413147,4.467935562133789,2.4845920085906985,2.949687874317169,4.32971170425415,1.0,0.016666666666666666,4288.58349609375,-259.1213320493698
dynamic_60,Dynamic 60,catalogue_size,expected_info_gain,Expected information gain,12,31001,2,60,1.4317294359207153,5.3522844314575195,2.9846752882003798,4.2631155252456665,5.10631474494934,0.9833333333333333,0.05,4087.166748046875,-503.2151716677472
dynamic_60,Dynamic 60,catalogue_size,expected_info_gain,Expected information gain,13,31001,3,60,1.087559461593628,10.316311836242676,1.4700377345085145,2.1228057503700253,5.962001724243139,0.9833333333333333,0.06666666666666667,4675.08349609375,-438.11164357326925
dynamic_60,Dynamic 60,catalogue_size,expected_info_gain,Expected information gain,14,31001,4,60,1.343214511871338,4.02523136138916,3.0506373167037966,3.4550448179244992,3.790553715229033,1.0,0.03333333333333333,4526.91650390625,-435.4083824902773
dynamic_60,Dynamic 60,catalogue_size,expected_info_gain,Expected information gain,15,31001,5,60,1.9044835567474365,22.328359603881836,3.168789768218994,3.595436286926269,19.843483352661117,0.9666666666666667,0.08333333333333333,4196.25,-493.50523037463427
dynamic_60,Dynamic 60,catalogue_size,expected_info_gain,Expected information gain,16,31001,6,60,1.8872536420822144,36.9930305480957,2.6321779966354373,2.80349394083023,19.14379350662221,0.9666666666666667,0.016666666666666666,4635.41650390625,-462.03037908673286
dynamic_60,Dynamic 60,catalogue_size,expected_info_gain,Expected information gain,17,31001,7,60,1.8701746463775635,9.753388404846191,4.536263704299927,5.919772362709037,9.687914123535156,0.9166666666666666,0.06666666666666667,4456.58349609375,-572.647687010467
dynamic_60,Dynamic 60,catalogue_size,expected_info_gain,Expected information gain,18,31001,8,60,1.162245512008667,5.801605701446533,2.105071711540222,2.2638285160064693,3.888281259536732,0.9833333333333333,0.05,6165.25,-396.6766096064821
dynamic_60,Dynamic 60,catalogue_size,expected_info_gain,Expected information gain,19,31001,9,60,1.4942995309829712,12.095294952392578,2.9708505392074587,3.390780866146086,9.73984749794005,0.9666666666666667,0.0,5583.58349609375,-396.93852519616485
dynamic_60,Dynamic 60,catalogue_size,expected_info_gain,Expected information gain,20,31002,0,60,6.948726177215576,114.10186004638672,8.91970615386964,26.952914619445792,112.25098892211913,0.85,0.05,4765.41650390625,-566.3902309685946
dynamic_60,Dynamic 60,catalogue_size,expected_info_gain,Expected information gain,21,31002,1,60,2.10219407081604,40.05302429199219,3.2972651958465575,3.752980649471281,21.69052679061879,0.9666666666666667,0.05,5161.25,-453.8739681430161
dynamic_60,Dynamic 60,catalogue_size,expected_info_gain,Expected information gain,22,31002,2,60,16.11634635925293,98.26295471191406,31.88482398986817,40.366191482543776,97.92943222045898,0.4166666666666667,0.05,6288.41650390625,-715.8708571195602
dynamic_60,Dynamic 60,catalogue_size,expected_info_gain,Expected information gain,23,31002,3,60,1.0609790086746216,3.023258686065674,1.9843129873275758,2.417614042758941,2.7608697891235336,1.0,0.05,4933.25,-348.25086095929146
dynamic_60,Dynamic 60,catalogue_size,expected_info_gain,Expected information gain,24,31002,4,60,1.6584340333938599,15.636789321899414,3.87370719909668,5.495976138114928,10.633540554046602,0.9333333333333333,0.03333333333333333,4777.0,-473.2668470349163
dynamic_60,Dynamic 60,catalogue_size,expected_info_gain,Expected information gain,25,31002,5,60,4.049426555633545,54.12373352050781,4.322682952880862,12.619568634033135,46.841267623901324,0.9,0.016666666666666666,6028.33349609375,-551.0810494869947
dynamic_60,Dynamic 60,catalogue_size,expected_info_gain,Expected information gain,26,31002,6,60,2.5914087295532227,27.697364807128906,4.131825971603394,6.938633894920348,22.091868534088103,0.9166666666666666,0.03333333333333333,4636.91650390625,-508.59126606211066
dynamic_60,Dynamic 60,catalogue_size,expected_info_gain,Expected information gain,27,31002,7,60,2.7645022869110107,50.82652282714844,4.743259525299073,5.473080468177795,24.798419761657563,0.9,0.03333333333333333,5117.0,-539.8144759908319
dynamic_60,Dynamic 60,catalogue_size,expected_info_gain,Expected information gain,28,31002,8,60,1.4453562498092651,7.450544357299805,3.66454463005066,5.144926571846007,6.997513465881345,0.9333333333333333,0.03333333333333333,4692.33349609375,-448.8143669394776
dynamic_60,Dynamic 60,catalogue_size,expected_info_gain,Expected information gain,29,31002,9,60,3.7283849716186523,45.728641510009766,7.282050895690919,9.71773343086239,36.48704156875605,0.8666666666666667,0.016666666666666666,5101.08349609375,-592.158463023603
dynamic_60,Dynamic 60,catalogue_size,expected_info_gain,Expected information gain,30,31003,0,60,1.1111420392990112,3.251577854156494,2.490631866455078,2.5415129661560054,3.0744585967063895,1.0,0.0,4712.08349609375,-143.88047737907618
dynamic_60,Dynamic 60,catalogue_size,expected_info_gain,Expected information gain,31,31003,1,60,1.8579292297363281,15.111822128295898,3.747889018058777,4.537360548973082,9.884236736297577,0.95,0.03333333333333333,5086.58349609375,-508.04234689474106
dynamic_60,Dynamic 60,catalogue_size,expected_info_gain,Expected information gain,32,31003,2,60,1.93881094455719,7.4222612380981445,4.097959136962891,5.5764848947525,7.109568710327147,0.9333333333333333,0.016666666666666666,4880.66650390625,-504.9307120796293
dynamic_60,Dynamic 60,catalogue_size,expected_info_gain,Expected information gain,33,31003,3,60,2.3303370475769043,29.84705924987793,3.587209534645082,7.563496136665336,22.83989885330196,0.9166666666666666,0.016666666666666666,5194.66650390625,-559.2445227615535
dynamic_60,Dynamic 60,catalogue_size,expected_info_gain,Expected information gain,34,31003,4,60,1.2149739265441895,3.7833669185638428,2.0531387329101562,2.7171300888061514,3.3607559609413125,1.0,0.03333333333333333,5421.08349609375,-199.52280754968524
dynamic_60,Dynamic 60,catalogue_size,expected_info_gain,Expected information gain,35,31003,5,60,0.9132825136184692,3.2999911308288574,1.402232038974762,2.2502939105033857,3.159677805900573,1.0,0.05,4323.91650390625,215.4869297100231
dynamic_60,Dynamic 60,catalogue_size,expected_info_gain,Expected information gain,36,31003,6,60,1.736421823501587,16.319887161254883,2.367726492881775,4.774565124511716,15.411709747314449,0.95,0.05,5110.08349609375,-401.84948143363
dynamic_60,Dynamic 60,catalogue_size,expected_info_gain,Expected information gain,37,31003,7,60,1.1105717420578003,3.8266496658325195,2.3103694915771484,2.6909616589546204,3.291429319381711,1.0,0.0,4987.75,-349.70064531452954
dynamic_60,Dynamic 60,catalogue_size,expected_info_gain,Expected information gain,38,31003,8,60,3.1647229194641113,96.15257263183594,2.7517337560653687,6.142954325675959,50.98785926818822,0.9166666666666666,0.08333333333333333,5047.75,-574.108229316771
dynamic_60,Dynamic 60,catalogue_size,expected_info_gain,Expected information gain,39,31003,9,60,2.12062406539917,11.969176292419434,6.106210231781006,7.668789744377136,10.954212961196893,0.8833333333333333,0.016666666666666666,4978.0,-562.2555829659104
dynamic_60,Dynamic 60,catalogue_size,expected_info_gain,Expected information gain,40,31004,0,60,2.5473718643188477,30.488590240478516,3.801019048690796,16.15447416305541,24.148805675506555,0.9166666666666666,0.0,5487.25,-555.4986605420709
dynamic_60,Dynamic 60,catalogue_size,expected_info_gain,Expected information gain,41,31004,1,60,1.410347580909729,4.524293899536133,3.2590233564376834,3.871944487094879,4.380912628173827,1.0,0.05,5552.58349609375,-279.457199472934
dynamic_60,Dynamic 60,catalogue_size,expected_info_gain,Expected information gain,42,31004,2,60,1.8923227787017822,34.80628204345703,2.4960971832275396,3.0449042320251443,18.856340446472075,0.9666666666666667,0.06666666666666667,5162.5,-466.45191700197756
dynamic_60,Dynamic 60,catalogue_size,expected_info_gain,Expected information gain,43,31004,3,60,5.290966510772705,98.57389068603516,17.916969299316406,27.87567062377928,61.37850761413553,0.8666666666666667,0.1,4735.5,-637.382095746696
dynamic_60,Dynamic 60,catalogue_size,expected_info_gain,Expected information gain,44,31004,4,60,1.9016815423965454,14.056883811950684,3.4221980571746826,5.342760109901427,11.276846637725814,0.9333333333333333,0.0,4459.5,-586.4622048549354
dynamic_60,Dynamic 60,catalogue_size,expected_info_gain,Expected information gain,45,31004,5,60,1.9990630149841309,5.997295379638672,3.9194103956222537,4.30389289855957,5.721895070075988,0.9666666666666667,0.0,4542.41650390625,-514.9460493009537
dynamic_60,Dynamic 60,catalogue_size,expected_info_gain,Expected information gain,46,31004,6,60,2.4996423721313477,20.582929611206055,4.8535022258758564,8.740636253356929,19.605291976928704,0.9,0.03333333333333333,4747.58349609375,-549.2776204384863
dynamic_60,Dynamic 60,catalogue_size,expected_info_gain,Expected information gain,47,31004,7,60,1.2632514238357544,4.112515449523926,2.2006624698638917,2.6562663316726676,3.939650242328643,1.0,0.0,5752.25,-265.76675868500024
dynamic_60,Dynamic 60,catalogue_size,expected_info_gain,Expected information gain,48,31004,8,60,1.486433744430542,15.357096672058105,2.417745113372803,2.97934169769287,9.046568584442102,0.9833333333333333,0.05,5599.75,-437.30968316830695
dynamic_60,Dynamic 60,catalogue_size,expected_info_gain,Expected information gain,49,31004,9,60,1.0595972537994385,2.875389337539673,1.9706248879432682,2.623927855491638,2.816836574077606,1.0,0.06666666666666667,5368.41650390625,265.398086595349
dynamic_60,Dynamic 60,catalogue_size,beam_a_star,Beam A*,0,31000,0,60,4.514516830444336,44.281978607177734,7.67254667282105,21.91906852722167,38.536430931091274,0.8333333333333334,0.06666666666666667,5250.0,-608.7929548583925
dynamic_60,Dynamic 60,catalogue_size,beam_a_star,Beam A*,1,31000,1,60,6.3277997970581055,114.4236068725586,12.100061225891114,14.800683403015087,71.70830368041968,0.75,0.0,6305.41650390625,-564.8747623227537
dynamic_60,Dynamic 60,catalogue_size,beam_a_star,Beam A*,2,31000,2,60,1.2374012470245361,5.945618629455566,2.173163414001465,3.2461681246757506,4.558492436408988,0.9833333333333333,0.03333333333333333,5656.25,-350.83052605204284
dynamic_60,Dynamic 60,catalogue_size,beam_a_star,Beam A*,3,31000,3,60,1.3248573541641235,4.670670032501221,2.734177970886231,3.375346231460571,4.568452415466308,1.0,0.03333333333333333,5373.33349609375,-376.7836010279134
dynamic_60,Dynamic 60,catalogue_size,beam_a_star,Beam A*,4,31000,4,60,4.982856273651123,83.49444580078125,12.498121261596683,18.949645900726306,48.24613014221171,0.8333333333333334,0.05,5726.83349609375,-610.3456552699208
dynamic_60,Dynamic 60,catalogue_size,beam_a_star,Beam A*,5,31000,5,60,2.1433823108673096,28.29056167602539,3.6077521324157718,8.262231159210204,16.6546389961242,0.9333333333333333,0.03333333333333333,5536.66650390625,-545.2042393535376
dynamic_60,Dynamic 60,catalogue_size,beam_a_star,Beam A*,6,31000,6,60,3.4133312702178955,99.92092895507812,3.7321457386016847,5.34886839389801,56.62197784423803,0.9166666666666666,0.016666666666666666,5373.16650390625,-591.9170893803239
dynamic_60,Dynamic 60,catalogue_size,beam_a_star,Beam A*,7,31000,7,60,9.783506393432617,93.21819305419922,28.253968620300295,32.85194625854475,92.167359085083,0.7666666666666667,0.0,6440.58349609375,-670.16305436939
dynamic_60,Dynamic 60,catalogue_size,beam_a_star,Beam A*,8,31000,8,60,1.6120671033859253,7.021724224090576,4.0785479068756105,5.144938588142395,6.484246172904965,0.9333333333333333,0.016666666666666666,5234.08349609375,-467.0965230949223
dynamic_60,Dynamic 60,catalogue_size,beam_a_star,Beam A*,9,31000,9,60,2.406036138534546,24.810880661010742,4.368255233764649,6.3275265932083,16.75380963325496,0.9333333333333333,0.016666666666666666,5544.66650390625,-577.4906769134104
dynamic_60,Dynamic 60,catalogue_size,beam_a_star,Beam A*,10,31001,0,60,2.9613211154937744,25.537885665893555,7.265830564498903,9.102223110198969,18.009587936401324,0.8,0.0,4204.58349609375,-637.1033456362784
dynamic_60,Dynamic 60,catalogue_size,beam_a_star,Beam A*,11,31001,1,60,1.6561733484268188,9.812880516052246,3.6554624795913697,6.355356001853942,8.96889393806457,0.9166666666666666,0.1,5032.25,-489.49146412312984
dynamic_60,Dynamic 60,catalogue_size,beam_a_star,Beam A*,12,31001,2,60,2.027564525604248,34.24268341064453,3.010313248634339,4.118592810630788,19.17066055297843,0.95,0.016666666666666666,5018.41650390625,-528.3154001012444
dynamic_60,Dynamic 60,catalogue_size,beam_a_star,Beam A*,13,31001,3,60,1.110662579536438,3.627423048019409,1.665673613548279,2.1196177482604943,3.5235614562034603,1.0,0.05,5257.41650390625,-364.4368282519281
dynamic_60,Dynamic 60,catalogue_size,beam_a_star,Beam A*,14,31001,4,60,1.194421410560608,3.3259096145629883,2.1371851444244396,2.9811001539230344,3.1797363853454583,1.0,0.03333333333333333,4836.16650390625,-291.79733852110803
dynamic_60,Dynamic 60,catalogue_size,beam_a_star,Beam A*,15,31001,5,60,2.1784379482269287,42.04816818237305,3.211954641342163,3.2720893263816824,23.722923793792617,0.9666666666666667,0.0,4880.16650390625,-474.69761565700173
dynamic_60,Dynamic 60,catalogue_size,beam_a_star,Beam A*,16,31001,6,60,1.3403511047363281,5.932684421539307,2.6413471937179565,2.784267330169677,4.796053452491754,0.9833333333333333,0.016666666666666666,4644.66650390625,-328.6204294776544
dynamic_60,Dynamic 60,catalogue_size,beam_a_star,Beam A*,17,31001,7,60,2.8058886528015137,35.958248138427734,5.722598934173584,10.124458169937132,22.0900713157653,0.8833333333333333,0.0,4831.0,-635.0998853817582
dynamic_60,Dynamic 60,catalogue_size,beam_a_star,Beam A*,18,31001,8,60,0.9635019898414612,4.24818754196167,1.8320498824119569,1.892731600999831,4.198254990577698,1.0,0.05,4593.58349609375,-235.10637967381626
dynamic_60,Dynamic 60,catalogue_size,beam_a_star,Beam A*,19,31001,9,60,1.3895280361175537,8.881254196166992,2.9140645027160645,3.050191974639892,6.003411846160872,0.9833333333333333,0.0,5876.25,-370.0841886047274
dynamic_60,Dynamic 60,catalogue_size,beam_a_star,Beam A*,20,31002,0,60,1.1239937543869019,3.7111692428588867,1.8663348913192752,2.2169932126998875,3.660282969474792,1.0,0.0,4370.66650390625,-312.53923289477825
dynamic_60,Dynamic 60,catalogue_size,beam_a_star,Beam A*,21,31002,1,60,1.0780972242355347,3.283635377883911,2.1242272138595584,2.5998612880706773,3.211089627742767,1.0,0.016666666666666666,4563.75,-226.88996396120638
dynamic_60,Dynamic 60,catalogue_size,beam_a_star,Beam A*,22,31002,2,60,14.2615966796875,98.26063537597656,25.862184143066408,39.44601612091047,97.92882339477539,0.5,0.0,6564.91650390625,-710.8818163648248
dynamic_60,Dynamic 60,catalogue_size,beam_a_star,Beam A*,23,31002,3,60,1.918404221534729,24.969375610351562,2.4959126710891724,3.126404809951781,20.788327007293677,0.9666666666666667,0.0,5764.66650390625,-492.0831385292113
dynamic_60,Dynamic 60,catalogue_size,beam_a_star,Beam A*,24,31002,4,60,1.2426822185516357,4.877246856689453,2.402613997459412,2.9887091875076273,4.232141559123989,1.0,0.0,4905.08349609375,-448.6388077121228
dynamic_60,Dynamic 60,catalogue_size,beam_a_star,Beam A*,25,31002,5,60,5.73128080368042,54.74129104614258,16.022224521636964,27.519300460815398,48.04075199127193,0.7666666666666667,0.016666666666666666,6286.66650390625,-612.2385785654187
dynamic_60,Dynamic 60,catalogue_size,beam_a_star,Beam A*,26,31002,6,60,2.509181261062622,21.363473892211914,4.278832483291626,5.326314234733578,13.779322376251177,0.9333333333333333,0.03333333333333333,4770.5,-481.75624381005764
dynamic_60,Dynamic 60,catalogue_size,beam_a_star,Beam A*,27,31002,7,60,4.73151969909668,49.15298080444336,7.573504447937028,19.10382938385005,43.21551387786862,0.8166666666666667,0.03333333333333333,5471.5,-645.643699593842
dynamic_60,Dynamic 60,catalogue_size,beam_a_star,Beam A*,28,31002,8,60,1.5113788843154907,7.725823402404785,5.111555910110473,5.366139364242551,6.817061095237727,0.8833333333333333,0.03333333333333333,4840.75,-468.66138488519937
dynamic_60,Dynamic 60,catalogue_size,beam_a_star,Beam A*,29,31002,9,60,5.969479084014893,40.4039192199707,23.22203941345215,25.684149742126458,35.08260509490964,0.7,0.016666666666666666,4662.66650390625,-675.7003195658326
dynamic_60,Dynamic 60,catalogue_size,beam_a_star,Beam A*,30,31003,0,60,1.2974827289581299,4.404338359832764,3.072131609916687,3.2406005620956404,4.220192084312438,1.0,0.016666666666666666,4895.16650390625,-360.172872364521
dynamic_60,Dynamic 60,catalogue_size,beam_a_star,Beam A*,31,31003,1,60,1.338276982307434,3.681440830230713,2.748074960708619,3.4951588869094845,3.6445075941085814,1.0,0.05,5278.66650390625,-258.8268957911059
dynamic_60,Dynamic 60,catalogue_size,beam_a_star,Beam A*,32,31003,2,60,1.7144513130187988,6.1399126052856445,2.955074906349182,4.090130186080932,5.705064043998716,0.9666666666666667,0.0,4662.58349609375,-463.09767065756023
dynamic_60,Dynamic 60,catalogue_size,beam_a_star,Beam A*,33,31003,3,60,5.059806823730469,72.38562774658203,11.30669584274292,19.989237785339345,59.97032344818108,0.8333333333333334,0.0,5879.41650390625,-584.2981844395399
dynamic_60,Dynamic 60,catalogue_size,beam_a_star,Beam A*,34,31003,4,60,2.0532963275909424,16.001985549926758,3.007843399047852,4.45474309921262,15.637105579376218,0.95,0.05,5954.41650390625,-543.5330540053546
dynamic_60,Dynamic 60,catalogue_size,beam_a_star,Beam A*,35,31003,5,60,1.2454274892807007,4.805492401123047,2.7691316366195684,3.5258466005325313,4.4341760730743385,1.0,0.1,4522.0,-85.52982353512198
dynamic_60,Dynamic 60,catalogue_size,beam_a_star,Beam A*,36,31003,6,60,2.264589548110962,16.319887161254883,3.3633746147155814,8.847514104843121,15.573926887512203,0.9,0.0,5962.25,-405.1632122397423
dynamic_60,Dynamic 60,catalogue_size,beam_a_star,Beam A*,37,31003,7,60,1.012790560722351,3.969367504119873,2.3341622591018685,3.098766934871673,3.682786843776701,1.0,0.08333333333333333,6050.91650390625,-394.87067586090416
dynamic_60,Dynamic 60,catalogue_size,beam_a_star,Beam A*,38,31003,8,60,5.700445652008057,103.68632507324219,9.688069438934326,23.37458400726318,57.723919067382546,0.7666666666666667,0.016666666666666666,7482.66650390625,-607.1487247124314
dynamic_60,Dynamic 60,catalogue_size,beam_a_star,Beam A*,39,31003,9,60,3.5829966068267822,18.17000961303711,9.533739280700685,11.952597665786742,16.7228695487976,0.7166666666666667,0.016666666666666666,6758.08349609375,-516.6372529417276
dynamic_60,Dynamic 60,catalogue_size,beam_a_star,Beam A*,40,31004,0,60,1.4258240461349487,4.9324493408203125,2.986603927612305,3.4492228627204886,4.788561668395995,1.0,0.0,5539.41650390625,-565.0232860818505
dynamic_60,Dynamic 60,catalogue_size,beam_a_star,Beam A*,41,31004,1,60,1.4201228618621826,6.550163269042969,2.265913105010988,5.108997344970701,6.4522658157348625,0.9333333333333333,0.0,6055.0,-397.29750537499785
dynamic_60,Dynamic 60,catalogue_size,beam_a_star,Beam A*,42,31004,2,60,1.2135876417160034,2.8760275840759277,1.972789204120636,2.2731474399566642,2.790489692687988,1.0,0.016666666666666666,5197.16650390625,-159.5539840804413
dynamic_60,Dynamic 60,catalogue_size,beam_a_star,Beam A*,43,31004,3,60,2.166063070297241,26.567459106445312,3.3156425476074225,7.54748435020446,19.034644842147785,0.9166666666666666,0.016666666666666666,5798.41650390625,-576.6400589887053
dynamic_60,Dynamic 60,catalogue_size,beam_a_star,Beam A*,44,31004,4,60,3.2872421741485596,91.114013671875,3.323653602600098,4.016031217575066,55.6122338104246,0.95,0.06666666666666667,5361.83349609375,-555.9303001761436
dynamic_60,Dynamic 60,catalogue_size,beam_a_star,Beam A*,45,31004,5,60,2.282188892364502,11.524223327636719,4.40192666053772,9.261059808731078,10.516533603668208,0.9166666666666666,0.0,5750.58349609375,-481.2738894857466
dynamic_60,Dynamic 60,catalogue_size,beam_a_star,Beam A*,46,31004,6,60,1.9187672138214111,17.320466995239258,3.6334853410720824,4.299815750122068,10.517974300384482,0.95,0.03333333333333333,4427.33349609375,-508.3132708091289
dynamic_60,Dynamic 60,catalogue_size,beam_a_star,Beam A*,47,31004,7,60,1.6172983646392822,5.345647811889648,2.949606561660767,3.4118850350379937,4.559033942222591,0.9833333333333333,0.016666666666666666,6483.25,-409.32505484856665
dynamic_60,Dynamic 60,catalogue_size,beam_a_star,Beam A*,48,31004,8,60,1.2905811071395874,5.017236232757568,2.3252615928649902,2.875590062141418,4.455529422760007,0.9833333333333333,0.0,4756.25,-320.61599462945014
dynamic_60,Dynamic 60,catalogue_size,beam_a_star,Beam A*,49,31004,9,60,1.4250314235687256,4.651033401489258,2.39948537349701,3.8306204319000243,4.373211650848387,1.0,0.0,6664.75,-164.82645543664694
dynamic_60,Dynamic 60,catalogue_size,flat_lstm,Flat LSTM,0,31000,0,60,18.483333587646484,97.24365997314453,38.7278190612793,49.010178947448615,93.54988510131834,0.26666666666666666,0.0,6843.91650390625,-723.0301733240485
dynamic_60,Dynamic 60,catalogue_size,flat_lstm,Flat LSTM,1,31000,1,60,1.5463719367980957,5.506854057312012,3.2481542825698853,3.860026907920837,4.709868249893184,0.9833333333333333,0.05,6586.91650390625,-417.44504302181304
dynamic_60,Dynamic 60,catalogue_size,flat_lstm,Flat LSTM,2,31000,2,60,8.167584419250488,118.87285614013672,13.790604496002198,14.094842720031735,100.4740451812743,0.6,0.0,8853.25,-599.179097853601
dynamic_60,Dynamic 60,catalogue_size,flat_lstm,Flat LSTM,3,31000,3,60,12.683475494384766,80.19884490966797,26.055396461486822,37.58082237243651,61.1341750717162,0.38333333333333336,0.0,8920.5,-696.1497179046273
dynamic_60,Dynamic 60,catalogue_size,flat_lstm,Flat LSTM,4,31000,4,60,1.7321146726608276,8.329166412353516,3.2804926156997682,4.176823639869685,7.67385080337524,0.95,0.016666666666666666,6035.83349609375,-492.74592066183686
dynamic_60,Dynamic 60,catalogue_size,flat_lstm,Flat LSTM,5,31000,5,60,12.385533332824707,91.44879150390625,29.865513610839844,39.947579765319695,90.78744972229003,0.5166666666666667,0.0,7030.66650390625,-682.9599066153169
dynamic_60,Dynamic 60,catalogue_size,flat_lstm,Flat LSTM,6,31000,6,60,1.130757212638855,3.89408278465271,2.182587742805481,2.2947161078453044,3.8257553553581234,1.0,0.05,6186.16650390625,-312.0192389860749
dynamic_60,Dynamic 60,catalogue_size,flat_lstm,Flat LSTM,7,31000,7,60,3.0881521701812744,41.671756744384766,3.8104909420013433,5.837511205673186,31.945435333251897,0.9333333333333333,0.03333333333333333,5801.58349609375,-607.5010340511799
dynamic_60,Dynamic 60,catalogue_size,flat_lstm,Flat LSTM,8,31000,8,60,1.4920125007629395,5.715985298156738,2.967737722396851,3.8588342189788785,5.338463869094847,0.9666666666666667,0.05,6829.83349609375,-428.5980252698064
dynamic_60,Dynamic 60,catalogue_size,flat_lstm,Flat LSTM,9,31000,9,60,2.5094475746154785,12.046612739562988,3.5063853740692146,8.17048773765564,10.771282176971429,0.9166666666666666,0.016666666666666666,7669.58349609375,-494.847473051399
dynamic_60,Dynamic 60,catalogue_size,flat_lstm,Flat LSTM,10,31001,0,60,13.308432579040527,101.194091796875,22.35304050445559,86.34225463867185,97.82273010253904,0.5333333333333333,0.016666666666666666,7885.0,-675.0912041217089
dynamic_60,Dynamic 60,catalogue_size,flat_lstm,Flat LSTM,11,31001,1,60,1.7930752038955688,10.50905990600586,3.8848245859146124,4.888988399505614,9.525817537307734,0.95,0.06666666666666667,7103.41650390625,-422.7888744659722
dynamic_60,Dynamic 60,catalogue_size,flat_lstm,Flat LSTM,12,31001,2,60,10.887713432312012,102.70504760742188,19.300718688964842,23.886128997802523,99.26119628906248,0.55,0.016666666666666666,8954.3330078125,-651.8353118672967
dynamic_60,Dynamic 60,catalogue_size,flat_lstm,Flat LSTM,13,31001,3,60,9.257417678833008,106.62440490722656,13.439206314086915,28.94697570800767,101.49273910522459,0.6333333333333333,0.0,6980.5,-655.9143123775721
dynamic_60,Dynamic 60,catalogue_size,flat_lstm,Flat LSTM,14,31001,4,60,1.7823439836502075,8.594268798828125,3.3765515804290773,3.8284702301025373,6.2693334150314195,0.9833333333333333,0.1,6589.83349609375,-461.12768915854394
dynamic_60,Dynamic 60,catalogue_size,flat_lstm,Flat LSTM,15,31001,5,60,2.4200618267059326,12.947737693786621,3.7859393119812017,7.808442831039422,12.105269756317133,0.9166666666666666,0.03333333333333333,6299.08349609375,-507.10886442288756
dynamic_60,Dynamic 60,catalogue_size,flat_lstm,Flat LSTM,16,31001,6,60,3.008653163909912,35.70949935913086,4.8229968547821045,6.290904021263122,28.251393318176227,0.9,0.016666666666666666,6653.33349609375,-551.7199337221682
dynamic_60,Dynamic 60,catalogue_size,flat_lstm,Flat LSTM,17,31001,7,60,1.684605360031128,4.788635730743408,3.3977010726928714,3.9948266267776487,4.726759991645813,1.0,0.05,6466.33349609375,-408.85824409499764
dynamic_60,Dynamic 60,catalogue_size,flat_lstm,Flat LSTM,18,31001,8,60,3.1930174827575684,32.33207702636719,6.218309020996101,11.664350843429565,24.867980823516803,0.8666666666666667,0.0,6227.75,-564.6098633557558
dynamic_60,Dynamic 60,catalogue_size,flat_lstm,Flat LSTM,19,31001,9,60,1.103980302810669,3.0377542972564697,2.1224061489105224,2.1650177001953117,2.9465178465843196,1.0,0.03333333333333333,6399.91650390625,35.50414744205773
dynamic_60,Dynamic 60,catalogue_size,flat_lstm,Flat LSTM,20,31002,0,60,1.0701706409454346,2.918581008911133,2.106790590286255,2.299560523033142,2.689951057434081,1.0,0.05,6164.66650390625,144.1762230657041
dynamic_60,Dynamic 60,catalogue_size,flat_lstm,Flat LSTM,21,31002,1,60,1.5560084581375122,11.148787498474121,2.936359143257141,3.139950001239776,6.822895531654333,0.9833333333333333,0.08333333333333333,6869.66650390625,-373.3415512293577
dynamic_60,Dynamic 60,catalogue_size,flat_lstm,Flat LSTM,22,31002,2,60,2.936241865158081,44.2847785949707,4.258403253555298,6.148394441604605,26.894536247253317,0.9333333333333333,0.05,6829.66650390625,-571.3041962906718
dynamic_60,Dynamic 60,catalogue_size,flat_lstm,Flat LSTM,23,31002,3,60,2.0326991081237793,10.991902351379395,3.4283645629882815,7.096034812927244,10.36885405540466,0.9166666666666666,0.03333333333333333,7089.33349609375,-554.984646577388
dynamic_60,Dynamic 60,catalogue_size,flat_lstm,Flat LSTM,24,31002,4,60,2.0297935009002686,7.002127170562744,4.355868673324585,5.026761388778684,6.893305802345275,0.95,0.05,6390.0,-505.7455298770219
dynamic_60,Dynamic 60,catalogue_size,flat_lstm,Flat LSTM,25,31002,5,60,1.5455952882766724,5.656126022338867,3.1413002967834474,3.511217558383939,5.365562095642088,0.9666666666666667,0.03333333333333333,5279.75,-492.7637831829488
dynamic_60,Dynamic 60,catalogue_size,flat_lstm,Flat LSTM,26,31002,6,60,1.548546314239502,4.99997091293335,2.726434135437012,3.289732432365417,4.095662121772761,1.0,0.05,5454.16650390625,-163.45582685712725
dynamic_60,Dynamic 60,catalogue_size,flat_lstm,Flat LSTM,27,31002,7,60,9.103510856628418,119.62518310546875,15.667244434356691,17.664739608764638,65.6265736389157,0.45,0.0,9705.3330078125,-662.8483267650008
dynamic_60,Dynamic 60,catalogue_size,flat_lstm,Flat LSTM,28,31002,8,60,1.1886030435562134,3.5314197540283203,2.1687588214874274,3.0580355048179624,3.3257671880722035,1.0,0.05,6559.08349609375,80.25575130339712
dynamic_60,Dynamic 60,catalogue_size,flat_lstm,Flat LSTM,29,31002,9,60,14.568461418151855,119.77249145507812,25.10119686126709,31.840116977691636,118.97245880126952,0.31666666666666665,0.0,10467.25,-688.4262229204178
dynamic_60,Dynamic 60,catalogue_size,flat_lstm,Flat LSTM,30,31003,0,60,2.7478365898132324,33.77690124511719,4.59927592277527,5.936368322372432,26.237746276855425,0.9,0.0,5009.83349609375,-599.6921538673341
dynamic_60,Dynamic 60,catalogue_size,flat_lstm,Flat LSTM,31,31003,1,60,2.006972312927246,14.428863525390625,3.319733238220215,4.480866694450361,12.449914569854725,0.95,0.05,8026.58349609375,-410.7244191765785
dynamic_60,Dynamic 60,catalogue_size,flat_lstm,Flat LSTM,32,31003,2,60,1.3833953142166138,4.362968444824219,2.693906927108765,3.296886503696441,3.9136521458625766,1.0,0.016666666666666666,6539.66650390625,90.15973586775362
dynamic_60,Dynamic 60,catalogue_size,flat_lstm,Flat LSTM,33,31003,3,60,6.2466325759887695,93.05890655517578,17.431328773498535,21.691821765899657,60.62995933532696,0.7833333333333333,0.0,5756.33349609375,-677.0980137512088
dynamic_60,Dynamic 60,catalogue_size,flat_lstm,Flat LSTM,34,31003,4,60,4.09438419342041,34.775596618652344,11.517564010620118,18.529164218902586,25.61170335769648,0.7833333333333333,0.06666666666666667,6630.75,-599.8825073465705
dynamic_60,Dynamic 60,catalogue_size,flat_lstm,Flat LSTM,35,31003,5,60,2.1913719177246094,25.42148208618164,3.1481409311294564,6.270291614532459,20.13201045989987,0.9166666666666666,0.016666666666666666,6810.33349609375,-519.0733406059444
dynamic_60,Dynamic 60,catalogue_size,flat_lstm,Flat LSTM,36,31003,6,60,1.222313642501831,3.222557306289673,2.3871785640716556,2.833279371261596,3.1878813529014587,1.0,0.08333333333333333,6025.58349609375,214.68536379095167
dynamic_60,Dynamic 60,catalogue_size,flat_lstm,Flat LSTM,37,31003,7,60,10.194425582885742,89.43220520019531,27.93670043945313,36.13442192077633,77.45633773803704,0.5,0.0,6844.5,-691.7867350801826
dynamic_60,Dynamic 60,catalogue_size,flat_lstm,Flat LSTM,38,31003,8,60,1.6893354654312134,5.0253190994262695,2.977164697647095,3.6786781191825866,4.340869956016537,0.9833333333333333,0.05,6639.5,-366.8494671676308
dynamic_60,Dynamic 60,catalogue_size,flat_lstm,Flat LSTM,39,31003,9,60,1.5891636610031128,5.249844551086426,3.109279727935791,4.0382166385650615,4.986220035552977,0.9833333333333333,0.05,7322.58349609375,-375.27312527783215
dynamic_60,Dynamic 60,catalogue_size,flat_lstm,Flat LSTM,40,31004,0,60,1.4232372045516968,6.758779525756836,2.786011028289795,3.228069591522214,6.125773134231563,0.9666666666666667,0.016666666666666666,6405.75,-446.9919159952551
dynamic_60,Dynamic 60,catalogue_size,flat_lstm,Flat LSTM,41,31004,1,60,4.764882564544678,31.547945022583008,12.253938674926765,19.24602422714232,28.818586215972886,0.7333333333333333,0.03333333333333333,6801.91650390625,-600.5652457177639
dynamic_60,Dynamic 60,catalogue_size,flat_lstm,Flat LSTM,42,31004,2,60,1.2752805948257446,3.826693058013916,2.1964356660842896,2.960809481143951,3.334375994205472,1.0,0.05,6426.08349609375,68.80931636411697
dynamic_60,Dynamic 60,catalogue_size,flat_lstm,Flat LSTM,43,31004,3,60,1.149559497833252,3.8319644927978516,2.1490612983703614,2.708393931388854,3.4129069232940648,1.0,0.05,6947.83349609375,141.22217153385282
dynamic_60,Dynamic 60,catalogue_size,flat_lstm,Flat LSTM,44,31004,4,60,1.2904232740402222,3.4471805095672607,2.4709280252456667,2.9888916134834282,3.431082582473755,1.0,0.03333333333333333,5973.58349609375,264.6730972100049
dynamic_60,Dynamic 60,catalogue_size,flat_lstm,Flat LSTM,45,31004,5,60,18.47455596923828,101.17082214355469,34.78219566345221,94.30763664245605,98.44395820617675,0.23333333333333334,0.0,8669.25,-726.101446211338
dynamic_60,Dynamic 60,catalogue_size,flat_lstm,Flat LSTM,46,31004,6,60,1.6128838062286377,6.37062931060791,3.0078879594802856,3.3312977075576784,4.586912171840657,0.9833333333333333,0.08333333333333333,5544.5,-471.20621128566563
dynamic_60,Dynamic 60,catalogue_size,flat_lstm,Flat LSTM,47,31004,7,60,2.668602228164673,32.75702667236328,4.475533342361451,6.689529013633723,18.483160705566323,0.9166666666666666,0.05,6656.0,-575.6660526022315
dynamic_60,Dynamic 60,catalogue_size,flat_lstm,Flat LSTM,48,31004,8,60,10.140851020812988,101.1483154296875,26.42403049468994,30.778860378265378,88.07895477294915,0.5666666666666667,0.0,7687.08349609375,-680.4509849399328
dynamic_60,Dynamic 60,catalogue_size,flat_lstm,Flat LSTM,49,31004,9,60,1.3635234832763672,4.272891044616699,2.8948146343231205,3.235575735569,3.932925021648405,1.0,0.05,6176.58349609375,-354.5362377539277
dynamic_60,Dynamic 60,catalogue_size,pointer_lstm,Attention-LSTM pointer,0,31000,0,60,0.5507153272628784,3.4149293899536133,1.061458158493042,1.2770983576774597,2.4362322521209663,1.0,0.13333333333333333,5857.5,340.3645345252007
dynamic_60,Dynamic 60,catalogue_size,pointer_lstm,Attention-LSTM pointer,1,31000,1,60,0.6227548718452454,2.272292137145996,1.1065606355667115,1.4194839417934417,2.223854875564575,1.0,0.08333333333333333,5902.41650390625,781.9975401833653
dynamic_60,Dynamic 60,catalogue_size,pointer_lstm,Attention-LSTM pointer,2,31000,2,60,0.6168566346168518,2.9377870559692383,1.1270754098892213,1.4227132737636554,2.2910895490646324,1.0,0.15,6042.16650390625,1217.4691896215081
dynamic_60,Dynamic 60,catalogue_size,pointer_lstm,Attention-LSTM pointer,3,31000,3,60,0.5955039858818054,1.6813991069793701,1.2322693586349487,1.333467423915863,1.5548266232013694,1.0,0.16666666666666666,5517.41650390625,630.3438761588186
dynamic_60,Dynamic 60,catalogue_size,pointer_lstm,Attention-LSTM pointer,4,31000,4,60,0.6228557229042053,1.6106200218200684,1.237744200229645,1.4348482966423033,1.5815514051914212,1.0,0.11666666666666667,5924.33349609375,-178.39288942422718
dynamic_60,Dynamic 60,catalogue_size,pointer_lstm,Attention-LSTM pointer,5,31000,5,60,0.5378326773643494,1.7972570657730103,0.9439151883125305,1.2097113549709317,1.6272127234935752,1.0,0.15,5639.16650390625,56.69182879664004
dynamic_60,Dynamic 60,catalogue_size,pointer_lstm,Attention-LSTM pointer,6,31000,6,60,0.5696735978126526,2.19221830368042,1.1876789331436162,1.4790173113346097,2.078984916210174,1.0,0.13333333333333333,6230.0,1061.3576529836282
dynamic_60,Dynamic 60,catalogue_size,pointer_lstm,Attention-LSTM pointer,7,31000,7,60,0.8661285638809204,3.7389400005340576,2.288238501548767,3.0196085929870597,3.479564752578734,1.0,0.15,5980.5,-133.3953945795074
dynamic_60,Dynamic 60,catalogue_size,pointer_lstm,Attention-LSTM pointer,8,31000,8,60,0.4774972200393677,1.4066150188446045,0.9235165119171144,1.096140033006668,1.3329589843749996,1.0,0.15,5491.58349609375,636.0087034590542
dynamic_60,Dynamic 60,catalogue_size,pointer_lstm,Attention-LSTM pointer,9,31000,9,60,0.9384345412254333,8.955695152282715,1.714769220352173,1.9271467030048357,5.9471712684631175,0.9833333333333333,0.1,5847.33349609375,-460.57915270887315
dynamic_60,Dynamic 60,catalogue_size,pointer_lstm,Attention-LSTM pointer,10,31001,0,60,0.5910412669181824,1.4178352355957031,1.0603464365005493,1.2299824893474578,1.3682312822341915,1.0,0.11666666666666667,6188.41650390625,802.5501020345837
dynamic_60,Dynamic 60,catalogue_size,pointer_lstm,Attention-LSTM pointer,11,31001,1,60,0.6120482683181763,1.9847228527069092,1.2717654585838323,1.6903385162353515,1.8796118569374078,1.0,0.1,6883.75,-227.57037422806025
dynamic_60,Dynamic 60,catalogue_size,pointer_lstm,Attention-LSTM pointer,12,31001,2,60,0.5959056615829468,1.7333862781524658,1.3504674434661865,1.6341993153095244,1.7014969372749327,1.0,0.13333333333333333,5923.0,1324.8047119705006
dynamic_60,Dynamic 60,catalogue_size,pointer_lstm,Attention-LSTM pointer,13,31001,3,60,0.6869375705718994,2.403505325317383,1.4580660223960877,1.5529083609580991,2.217571313381194,1.0,0.15,5661.41650390625,1168.4508441314101
dynamic_60,Dynamic 60,catalogue_size,pointer_lstm,Attention-LSTM pointer,14,31001,4,60,0.6247485876083374,3.3768625259399414,1.168344056606293,1.5901784300804138,2.344130917787546,1.0,0.13333333333333333,5769.16650390625,916.3462557941675
dynamic_60,Dynamic 60,catalogue_size,pointer_lstm,Attention-LSTM pointer,15,31001,5,60,0.5817726850509644,1.4352269172668457,1.0524725437164306,1.094570392370224,1.4257939314842223,1.0,0.15,5361.33349609375,1026.0373516399413
dynamic_60,Dynamic 60,catalogue_size,pointer_lstm,Attention-LSTM pointer,16,31001,6,60,0.622990071773529,1.7604823112487793,1.17957535982132,1.500702863931656,1.6136586380004874,1.0,0.06666666666666667,6118.58349609375,1116.0506017562002
dynamic_60,Dynamic 60,catalogue_size,pointer_lstm,Attention-LSTM pointer,17,31001,7,60,0.6627826690673828,1.811105489730835,1.362438154220581,1.7631671011447907,1.7913173055648803,1.0,0.11666666666666667,5427.16650390625,1177.468369057402
dynamic_60,Dynamic 60,catalogue_size,pointer_lstm,Attention-LSTM pointer,18,31001,8,60,0.6821955442428589,6.588014602661133,0.9039270460605623,1.3622118651866908,5.214664769172661,0.9833333333333333,0.03333333333333333,5263.83349609375,-202.654697265476
dynamic_60,Dynamic 60,catalogue_size,pointer_lstm,Attention-LSTM pointer,19,31001,9,60,0.5601406097412109,1.4387043714523315,0.9145424365997314,1.249292504787445,1.423608626127243,1.0,0.1,6122.0,1190.9888685885817
dynamic_60,Dynamic 60,catalogue_size,pointer_lstm,Attention-LSTM pointer,20,31002,0,60,0.5397579669952393,2.2500410079956055,0.9865953803062439,1.1023683845996857,1.9816999292373643,1.0,0.13333333333333333,5705.58349609375,1115.0311669493094
dynamic_60,Dynamic 60,catalogue_size,pointer_lstm,Attention-LSTM pointer,21,31002,1,60,0.6435187458992004,1.9096190929412842,1.299924445152283,1.5161631822586055,1.786876759529113,1.0,0.08333333333333333,6508.41650390625,875.6993145383894
dynamic_60,Dynamic 60,catalogue_size,pointer_lstm,Attention-LSTM pointer,22,31002,2,60,0.5645791888237,1.8237223625183105,1.0724544882774354,1.4014020085334773,1.773629169464111,1.0,0.13333333333333333,5455.33349609375,835.8273592479527
dynamic_60,Dynamic 60,catalogue_size,pointer_lstm,Attention-LSTM pointer,23,31002,3,60,0.6075103282928467,1.6959235668182373,1.3144343972206116,1.500203549861908,1.6957645428180694,1.0,0.13333333333333333,6192.75,872.9023985639215
dynamic_60,Dynamic 60,catalogue_size,pointer_lstm,Attention-LSTM pointer,24,31002,4,60,0.7490816116333008,2.997422695159912,1.3690186500549317,1.5261160492897032,2.402356433868405,1.0,0.15,5444.41650390625,248.20176556520164
dynamic_60,Dynamic 60,catalogue_size,pointer_lstm,Attention-LSTM pointer,25,31002,5,60,0.8932968974113464,4.142095565795898,2.035998558998108,2.440652620792386,3.8128729820251444,1.0,0.13333333333333333,6413.5,-281.45854718983173
dynamic_60,Dynamic 60,catalogue_size,pointer_lstm,Attention-LSTM pointer,26,31002,6,60,0.6861693859100342,2.4168813228607178,1.1922976136207581,1.458134967088699,2.0830423307418804,1.0,0.11666666666666667,5837.83349609375,1056.3518233560026
dynamic_60,Dynamic 60,catalogue_size,pointer_lstm,Attention-LSTM pointer,27,31002,7,60,0.7474578022956848,4.485925674438477,1.5699209451675418,2.1754222750663748,3.5904978919029187,1.0,0.13333333333333333,5190.66650390625,182.77588130068034
dynamic_60,Dynamic 60,catalogue_size,pointer_lstm,Attention-LSTM pointer,28,31002,8,60,0.6683257222175598,2.294591188430786,1.4026700854301455,1.5196792960166923,2.264558510780334,1.0,0.18333333333333332,5645.75,517.1043851822615
dynamic_60,Dynamic 60,catalogue_size,pointer_lstm,Attention-LSTM pointer,29,31002,9,60,0.6286980509757996,1.8358023166656494,1.4739123940467835,1.630161654949188,1.8149082791805267,1.0,0.15,5768.5,196.6376095432788
dynamic_60,Dynamic 60,catalogue_size,pointer_lstm,Attention-LSTM pointer,30,31003,0,60,0.5149937868118286,1.7263126373291016,1.1366948246955872,1.3562372505664817,1.6625011801719662,1.0,0.08333333333333333,6107.5,880.1621537208557
dynamic_60,Dynamic 60,catalogue_size,pointer_lstm,Attention-LSTM pointer,31,31003,1,60,0.6984867453575134,2.412081241607666,1.6566564917564393,2.0422788381576535,2.2914084005355826,1.0,0.11666666666666667,5764.33349609375,657.3506056275219
dynamic_60,Dynamic 60,catalogue_size,pointer_lstm,Attention-LSTM pointer,32,31003,2,60,0.5986796021461487,2.3486251831054688,1.2145612597465516,1.3797879159450526,2.232672281265258,1.0,0.13333333333333333,5803.08349609375,1089.2504791989923
dynamic_60,Dynamic 60,catalogue_size,pointer_lstm,Attention-LSTM pointer,33,31003,3,60,0.5461639761924744,1.612364649772644,0.9084650278091432,1.1853464424610134,1.5097834789752955,1.0,0.06666666666666667,5859.41650390625,511.36311124265194
dynamic_60,Dynamic 60,catalogue_size,pointer_lstm,Attention-LSTM pointer,34,31003,4,60,0.4713241159915924,1.3948147296905518,0.9423334181308748,1.1645755589008326,1.368829251527786,1.0,0.16666666666666666,6443.91650390625,1045.0855217687786
dynamic_60,Dynamic 60,catalogue_size,pointer_lstm,Attention-LSTM pointer,35,31003,5,60,0.8318454027175903,10.361248016357422,1.2260481357574466,1.7881534874439229,5.6001726150512425,0.9833333333333333,0.05,7112.0,-440.7411617189646
dynamic_60,Dynamic 60,catalogue_size,pointer_lstm,Attention-LSTM pointer,36,31003,6,60,0.6780911087989807,1.7641255855560303,1.4106268525123595,1.606836599111557,1.745278182029724,1.0,0.1,5913.66650390625,80.07473190035671
dynamic_60,Dynamic 60,catalogue_size,pointer_lstm,Attention-LSTM pointer,37,31003,7,60,0.44714561104774475,1.3394296169281006,0.8080051898956299,1.0386908531188963,1.2755414259433742,1.0,0.2,6690.58349609375,885.8382884263992
dynamic_60,Dynamic 60,catalogue_size,pointer_lstm,Attention-LSTM pointer,38,31003,8,60,0.7383590340614319,2.8583781719207764,1.5465356826782228,1.95334432721138,2.483091659545896,1.0,0.1,5635.16650390625,-122.20517198368907
dynamic_60,Dynamic 60,catalogue_size,pointer_lstm,Attention-LSTM pointer,39,31003,9,60,0.5060873031616211,2.6463868618011475,0.8730231642723084,0.973880445957183,2.088120414018628,1.0,0.15,5626.41650390625,38.888543697074056
dynamic_60,Dynamic 60,catalogue_size,pointer_lstm,Attention-LSTM pointer,40,31004,0,60,0.5539559721946716,1.976844072341919,1.018202078342438,1.238334310054778,1.8895221018791193,1.0,0.16666666666666666,5367.75,-187.01044800132513
dynamic_60,Dynamic 60,catalogue_size,pointer_lstm,Attention-LSTM pointer,41,31004,1,60,0.7527620792388916,4.202900409698486,1.4821241259574893,1.7430035352706907,2.8183871269225995,1.0,0.15,6147.66650390625,-62.867540086619556
dynamic_60,Dynamic 60,catalogue_size,pointer_lstm,Attention-LSTM pointer,42,31004,2,60,0.5997198224067688,1.6903108358383179,1.122390079498291,1.2801664292812347,1.5270674598217,1.0,0.1,6237.5,812.900063155219
dynamic_60,Dynamic 60,catalogue_size,pointer_lstm,Attention-LSTM pointer,43,31004,3,60,0.7351341247558594,3.768268585205078,1.4764920234680177,1.6397842764854427,2.604420317411416,1.0,0.08333333333333333,5300.66650390625,-210.4568455023691
dynamic_60,Dynamic 60,catalogue_size,pointer_lstm,Attention-LSTM pointer,44,31004,4,60,0.6397244930267334,2.5214176177978516,1.281948184967041,1.42422009706497,2.429734268188476,1.0,0.08333333333333333,5450.75,-29.603416718542576
dynamic_60,Dynamic 60,catalogue_size,pointer_lstm,Attention-LSTM pointer,45,31004,5,60,0.6450904607772827,2.09201979637146,1.3316175341606142,1.7210470676422118,1.9105048370361317,1.0,0.13333333333333333,5755.58349609375,263.58667391352355
dynamic_60,Dynamic 60,catalogue_size,pointer_lstm,Attention-LSTM pointer,46,31004,6,60,0.6243784427642822,2.982523202896118,1.2801717519760134,1.6822434604167937,2.498929460048673,1.0,0.13333333333333333,5846.0,857.6591954864562
dynamic_60,Dynamic 60,catalogue_size,pointer_lstm,Attention-LSTM pointer,47,31004,7,60,0.7033347487449646,2.9902162551879883,1.493956768512726,1.658633911609649,2.9362493753433223,1.0,0.11666666666666667,5736.66650390625,456.35248927772045
dynamic_60,Dynamic 60,catalogue_size,pointer_lstm,Attention-LSTM pointer,48,31004,8,60,0.5028653740882874,1.3137249946594238,0.9442889571189881,1.0778209984302518,1.2852366292476654,1.0,0.13333333333333333,5721.25,1204.3846542406827
dynamic_60,Dynamic 60,catalogue_size,pointer_lstm,Attention-LSTM pointer,49,31004,9,60,0.7579391002655029,4.564655780792236,1.1876413822174072,1.606312173604965,4.369338579177855,1.0,0.05,6890.33349609375,996.8316324534826
dynamic_120,Dynamic 120,catalogue_size,random_feasible,Random feasible,0,32000,0,120,72.36827850341797,119.83124542236328,108.90029830932617,112.43521308898924,119.31303077697754,0.11666666666666667,0.008333333333333333,12880.1279296875,-826.0374044701457
dynamic_120,Dynamic 120,catalogue_size,random_feasible,Random feasible,1,32000,1,120,69.88370513916016,120.45758819580078,108.60144119262695,108.79838485717774,111.50645240783692,0.11666666666666667,0.008333333333333333,13196.0751953125,-823.1853128746152
dynamic_120,Dynamic 120,catalogue_size,random_feasible,Random feasible,2,32000,2,120,75.68695831298828,118.13090515136719,108.67973709106445,108.87093734741211,109.2437425994873,0.09166666666666666,0.0,15188.75390625,-820.001889385283
dynamic_120,Dynamic 120,catalogue_size,random_feasible,Random feasible,3,32000,3,120,81.23948669433594,120.33819580078125,108.78978958129883,114.03925590515136,120.01209403991699,0.08333333333333333,0.0,15761.0166015625,-826.7408850193024
dynamic_120,Dynamic 120,catalogue_size,random_feasible,Random feasible,4,32000,4,120,74.80817413330078,115.17608642578125,108.71847610473633,108.88881301879883,114.74453666687012,0.08333333333333333,0.0,14032.9560546875,-815.5070749595761
dynamic_120,Dynamic 120,catalogue_size,random_feasible,Random feasible,5,32000,5,120,78.84954071044922,119.38404846191406,108.64133758544922,108.88546562194824,116.59324661254884,0.09166666666666666,0.008333333333333333,13843.25,-826.1428629532456
dynamic_120,Dynamic 120,catalogue_size,random_feasible,Random feasible,6,32000,6,120,74.54441833496094,119.8588638305664,108.70340194702149,108.95258445739746,119.74953773498535,0.075,0.0,13851.4833984375,-823.1012001484632
dynamic_120,Dynamic 120,catalogue_size,random_feasible,Random feasible,7,32000,7,120,76.1178970336914,120.7428207397461,108.79898529052734,109.15944328308106,114.31407043457031,0.10833333333333334,0.0,13594.1064453125,-826.362686663866
dynamic_120,Dynamic 120,catalogue_size,random_feasible,Random feasible,8,32000,8,120,75.37812805175781,118.79360961914062,108.34490051269532,108.83949851989746,114.19960975646974,0.075,0.0,13851.3193359375,-823.5804414600134
dynamic_120,Dynamic 120,catalogue_size,random_feasible,Random feasible,9,32000,9,120,78.54963684082031,119.61500549316406,108.90805282592774,109.16638870239258,118.60049667358399,0.1,0.0,13961.3271484375,-832.4170491248369
dynamic_120,Dynamic 120,catalogue_size,random_feasible,Random feasible,10,32001,0,120,79.3039321899414,120.49527740478516,108.80717391967774,109.01689796447754,115.51987380981446,0.08333333333333333,0.0,14493.9658203125,-832.8368893563747
dynamic_120,Dynamic 120,catalogue_size,random_feasible,Random feasible,11,32001,1,120,80.51127624511719,119.28289794921875,108.49420013427735,109.04046249389648,115.62510116577148,0.10833333333333334,0.0,13880.73828125,-826.1449423804879
dynamic_120,Dynamic 120,catalogue_size,random_feasible,Random feasible,12,32001,2,120,69.76386260986328,117.44940185546875,108.645654296875,108.9712905883789,114.14601272583008,0.14166666666666666,0.0,14628.6552734375,-812.8188390657306
dynamic_120,Dynamic 120,catalogue_size,random_feasible,Random feasible,13,32001,3,120,68.12202453613281,109.32942962646484,108.37498779296875,108.58149795532226,108.89559700012207,0.175,0.0,13861.501953125,-799.2706455513835
dynamic_120,Dynamic 120,catalogue_size,random_feasible,Random feasible,14,32001,4,120,78.61652374267578,117.46236419677734,108.73676452636718,108.9744499206543,109.91408050537109,0.125,0.0,14240.3017578125,-824.669771194458
dynamic_120,Dynamic 120,catalogue_size,random_feasible,Random feasible,15,32001,5,120,77.21184539794922,120.46652221679688,108.6207260131836,109.03016624450683,119.13028511047365,0.11666666666666667,0.0,14357.880859375,-823.8818700164557
dynamic_120,Dynamic 120,catalogue_size,random_feasible,Random feasible,16,32001,6,120,77.55437469482422,120.05833435058594,108.62965927124023,109.00625,117.96551177978516,0.09166666666666666,0.0,14890.7392578125,-824.0518306866288
dynamic_120,Dynamic 120,catalogue_size,random_feasible,Random feasible,17,32001,7,120,82.81471252441406,119.9822769165039,108.7273063659668,109.02677879333496,118.33787033081056,0.08333333333333333,0.0,15187.0439453125,-827.1174254268408
dynamic_120,Dynamic 120,catalogue_size,random_feasible,Random feasible,18,32001,8,120,79.74571990966797,120.9651107788086,108.57053070068359,108.89665222167969,114.77844940185547,0.10833333333333334,0.0,14743.41796875,-833.6996355205774
dynamic_120,Dynamic 120,catalogue_size,random_feasible,Random feasible,19,32001,9,120,75.2173843383789,119.80160522460938,108.329248046875,108.76527557373046,118.54870330810547,0.09166666666666666,0.0,13732.6083984375,-826.6303369551897
dynamic_120,Dynamic 120,catalogue_size,random_feasible,Random feasible,20,32002,0,120,73.30091857910156,120.56912994384766,108.46891555786132,108.92612113952637,113.54575256347657,0.1,0.0,14740.693359375,-822.4133098348975
dynamic_120,Dynamic 120,catalogue_size,random_feasible,Random feasible,21,32002,1,120,74.25757598876953,110.98794555664062,108.52246551513672,108.82583923339844,109.18946998596192,0.11666666666666667,0.0,14505.298828125,-818.9489425644279
dynamic_120,Dynamic 120,catalogue_size,random_feasible,Random feasible,22,32002,2,120,75.37161254882812,120.03645324707031,108.39736404418946,108.68912124633789,108.91034248352051,0.1,0.0,13999.9189453125,-830.2364749461412
dynamic_120,Dynamic 120,catalogue_size,random_feasible,Random feasible,23,32002,3,120,82.3076400756836,119.41148376464844,108.61321411132812,108.81584167480469,118.18532615661623,0.058333333333333334,0.0,15561.0439453125,-829.6730237305164
dynamic_120,Dynamic 120,catalogue_size,random_feasible,Random feasible,24,32002,4,120,81.07307434082031,119.6198959350586,108.8129867553711,109.01179504394531,113.3234750366211,0.125,0.0,15204.517578125,-829.2308826372027
dynamic_120,Dynamic 120,catalogue_size,random_feasible,Random feasible,25,32002,5,120,69.01084899902344,118.36968994140625,108.18918380737304,108.81351203918457,114.54835754394533,0.16666666666666666,0.0,13337.845703125,-813.4724111706018
dynamic_120,Dynamic 120,catalogue_size,random_feasible,Random feasible,26,32002,6,120,79.11389923095703,120.34552764892578,108.36871566772462,108.6492805480957,118.56069915771485,0.11666666666666667,0.0,14326.29296875,-825.1115231588483
dynamic_120,Dynamic 120,catalogue_size,random_feasible,Random feasible,27,32002,7,120,75.8839340209961,119.60013580322266,108.48503723144532,109.0950210571289,110.46268058776856,0.1,0.008333333333333333,13338.5498046875,-824.2674294114113
dynamic_120,Dynamic 120,catalogue_size,random_feasible,Random feasible,28,32002,8,120,76.02102661132812,119.94563293457031,108.7396240234375,109.06549682617188,119.3619662475586,0.125,0.008333333333333333,14308.6142578125,-825.9966749623418
dynamic_120,Dynamic 120,catalogue_size,random_feasible,Random feasible,29,32002,9,120,79.17359924316406,119.59324645996094,108.90041046142578,110.2009464263916,118.08456565856935,0.10833333333333334,0.0,14293.1650390625,-834.4377923831344
dynamic_120,Dynamic 120,catalogue_size,random_feasible,Random feasible,30,32003,0,120,80.20084381103516,119.46633911132812,108.56618194580078,108.91785163879395,118.12033096313478,0.1,0.0,13735.98046875,-830.8625177070498
dynamic_120,Dynamic 120,catalogue_size,random_feasible,Random feasible,31,32003,1,120,76.91890716552734,120.47323608398438,108.5818473815918,108.75908889770508,117.23753517150881,0.08333333333333333,0.0,14025.6748046875,-817.8888942524791
dynamic_120,Dynamic 120,catalogue_size,random_feasible,Random feasible,32,32003,2,120,71.73056030273438,108.98029327392578,108.36238250732421,108.63939971923828,108.90415245056153,0.13333333333333333,0.0,14192.18359375,-811.0242095589638
dynamic_120,Dynamic 120,catalogue_size,random_feasible,Random feasible,33,32003,3,120,80.97154998779297,120.00798034667969,108.68967514038086,109.00024185180663,113.13372840881348,0.09166666666666666,0.0,14514.306640625,-824.8203403577209
dynamic_120,Dynamic 120,catalogue_size,random_feasible,Random feasible,34,32003,4,120,74.46849060058594,119.45518493652344,108.7241455078125,109.11549301147461,119.10602745056153,0.13333333333333333,0.016666666666666666,14188.138671875,-817.8972320854664
dynamic_120,Dynamic 120,catalogue_size,random_feasible,Random feasible,35,32003,5,120,73.67604064941406,120.27366638183594,108.50567474365235,108.76865768432617,114.98451179504394,0.1,0.0,13024.7646484375,-821.7184727042913
dynamic_120,Dynamic 120,catalogue_size,random_feasible,Random feasible,36,32003,6,120,74.47638702392578,120.30521392822266,108.83263626098633,109.02641372680664,119.88267913818359,0.11666666666666667,0.0,13461.71875,-824.1954929679632
dynamic_120,Dynamic 120,catalogue_size,random_feasible,Random feasible,37,32003,7,120,76.76665496826172,120.32452392578125,108.35531311035156,108.96809349060058,120.16644409179688,0.11666666666666667,0.008333333333333333,13636.5458984375,-825.8278690725565
dynamic_120,Dynamic 120,catalogue_size,random_feasible,Random feasible,38,32003,8,120,78.74195861816406,119.59632110595703,108.58762054443359,108.80268516540528,114.64384521484376,0.058333333333333334,0.0,14629.7919921875,-826.8955907896161
dynamic_120,Dynamic 120,catalogue_size,random_feasible,Random feasible,39,32003,9,120,75.3528823852539,120.5692138671875,108.50226821899415,108.81682662963867,119.50097579956055,0.11666666666666667,0.0,14448.34375,-822.4510810822248
dynamic_120,Dynamic 120,catalogue_size,random_feasible,Random feasible,40,32004,0,120,64.51164245605469,118.92090606689453,108.38089370727539,108.78700485229493,115.26236465454103,0.175,0.0,12949.6875,-810.4365380331874
dynamic_120,Dynamic 120,catalogue_size,random_feasible,Random feasible,41,32004,1,120,81.06271362304688,111.09855651855469,108.50475845336913,108.7326545715332,109.03782875061036,0.10833333333333334,0.0,14946.580078125,-808.8749514371157
dynamic_120,Dynamic 120,catalogue_size,random_feasible,Random feasible,42,32004,2,120,73.71819305419922,120.58207702636719,108.63728637695313,108.84539985656738,115.91539237976076,0.1,0.0,13477.375,-820.5272576212883
dynamic_120,Dynamic 120,catalogue_size,random_feasible,Random feasible,43,32004,3,120,80.35227966308594,119.11515808105469,108.60685195922852,109.05789146423339,116.04132347106933,0.09166666666666666,0.0,14336.4462890625,-829.4015879556537
dynamic_120,Dynamic 120,catalogue_size,random_feasible,Random feasible,44,32004,4,120,73.46591186523438,119.0571517944336,108.44871215820312,108.84067649841309,116.77705520629884,0.125,0.0,13340.025390625,-820.2133753448725
dynamic_120,Dynamic 120,catalogue_size,random_feasible,Random feasible,45,32004,5,120,71.86115264892578,120.99683380126953,108.7601432800293,108.9455467224121,109.92490447998047,0.14166666666666666,0.0,13826.65234375,-827.9936050772667
dynamic_120,Dynamic 120,catalogue_size,random_feasible,Random feasible,46,32004,6,120,80.44908905029297,109.38630676269531,108.55830993652344,108.78956604003906,109.06820007324218,0.058333333333333334,0.0,15641.9912109375,-818.9933508485556
dynamic_120,Dynamic 120,catalogue_size,random_feasible,Random feasible,47,32004,7,120,71.46041107177734,119.48286437988281,108.7936508178711,109.07460899353028,118.07729408264161,0.1,0.0,13466.7099609375,-821.4663136601448
dynamic_120,Dynamic 120,catalogue_size,random_feasible,Random feasible,48,32004,8,120,77.84840393066406,119.84957885742188,108.31671905517578,108.65423164367675,113.79922607421877,0.11666666666666667,0.008333333333333333,15589.80859375,-824.4455976188183
dynamic_120,Dynamic 120,catalogue_size,random_feasible,Random feasible,49,32004,9,120,81.95869445800781,120.63512420654297,108.6481086730957,108.75956954956055,120.3225358581543,0.08333333333333333,0.0,14186.7958984375,-830.3580246791244
dynamic_120,Dynamic 120,catalogue_size,oldest_first,Oldest first,0,32000,0,120,47.26585388183594,110.6976547241211,101.05795059204102,103.93693618774414,106.99927658081054,0.3333333333333333,0.0,5281.0,-783.0955359712243
dynamic_120,Dynamic 120,catalogue_size,oldest_first,Oldest first,1,32000,1,120,57.20551300048828,112.05143737792969,102.13439254760742,103.23339767456055,106.91072639465332,0.3416666666666667,0.0,6162.375,-785.4630029797554
dynamic_120,Dynamic 120,catalogue_size,oldest_first,Oldest first,2,32000,2,120,32.060237884521484,111.92572784423828,99.92315826416015,102.37566604614257,106.75984718322754,0.4583333333333333,0.008333333333333333,6173.58349609375,-754.1515386030078
dynamic_120,Dynamic 120,catalogue_size,oldest_first,Oldest first,3,32000,3,120,21.256303787231445,106.70374298095703,98.0616668701172,101.14194831848144,104.99009269714355,0.7,0.008333333333333333,6240.45849609375,-724.5000455826521
dynamic_120,Dynamic 120,catalogue_size,oldest_first,Oldest first,4,32000,4,120,42.99497985839844,108.40313720703125,102.59045867919923,104.91649475097657,106.7446403503418,0.44166666666666665,0.0,5831.95849609375,-773.3448520824313
dynamic_120,Dynamic 120,catalogue_size,oldest_first,Oldest first,5,32000,5,120,33.80157470703125,120.60171508789062,100.77866897583007,102.22453002929687,106.57162590026856,0.5583333333333333,0.0,5740.54150390625,-765.2690377682447
dynamic_120,Dynamic 120,catalogue_size,oldest_first,Oldest first,6,32000,6,120,63.27290725708008,115.3427963256836,103.70802536010743,105.0183177947998,106.50089210510254,0.21666666666666667,0.0,7242.95849609375,-807.6888390257955
dynamic_120,Dynamic 120,catalogue_size,oldest_first,Oldest first,7,32000,7,120,11.574660301208496,106.87273406982422,30.692944717407237,97.85081596374512,104.47805488586425,0.8083333333333333,0.008333333333333333,5099.70849609375,-669.1393281891942
dynamic_120,Dynamic 120,catalogue_size,oldest_first,Oldest first,8,32000,8,120,26.635700225830078,110.24077606201172,102.31415557861328,104.62099304199218,106.91719604492188,0.6666666666666666,0.0,5472.58349609375,-722.4528192356229
dynamic_120,Dynamic 120,catalogue_size,oldest_first,Oldest first,9,32000,9,120,23.971147537231445,104.0003662109375,77.89997024536135,96.89928131103515,103.87095001220703,0.25,0.0,3208.833251953125,-795.6681260317564
dynamic_120,Dynamic 120,catalogue_size,oldest_first,Oldest first,10,32001,0,120,15.184724807739258,117.12033081054688,75.75146713256845,100.80276069641113,108.40028648376465,0.775,0.025,4997.70849609375,-715.0499027892947
dynamic_120,Dynamic 120,catalogue_size,oldest_first,Oldest first,11,32001,1,120,14.43139934539795,106.46884155273438,58.422739028930785,96.11193809509275,104.45067276000977,0.6916666666666667,0.0,4605.0,-689.688228957355
dynamic_120,Dynamic 120,catalogue_size,oldest_first,Oldest first,12,32001,2,120,21.53440284729004,114.3414306640625,98.41743698120118,104.2960781097412,112.48813529968264,0.6416666666666667,0.0,6143.25,-711.901604488492
dynamic_120,Dynamic 120,catalogue_size,oldest_first,Oldest first,13,32001,3,120,48.07254409790039,109.99849700927734,103.55148391723634,106.00540046691894,108.30593063354493,0.45,0.0,6783.95849609375,-778.625764735043
dynamic_120,Dynamic 120,catalogue_size,oldest_first,Oldest first,14,32001,4,120,17.9639835357666,109.33970642089844,97.30273361206055,101.59353256225586,106.1888094329834,0.8,0.016666666666666666,5099.33349609375,-691.6856159195304
dynamic_120,Dynamic 120,catalogue_size,oldest_first,Oldest first,15,32001,5,120,34.154232025146484,108.45215606689453,103.81062927246094,106.75165100097657,108.13344291687012,0.5833333333333334,0.0,5695.5,-760.5300361663103
dynamic_120,Dynamic 120,catalogue_size,oldest_first,Oldest first,16,32001,6,120,54.50687789916992,107.1641845703125,102.97133712768554,103.83917503356933,106.60304550170899,0.35833333333333334,0.0,6238.20849609375,-780.3934268802404
dynamic_120,Dynamic 120,catalogue_size,oldest_first,Oldest first,17,32001,7,120,3.086056709289551,100.35018157958984,3.708406257629398,18.429866313934326,25.052363433837893,0.925,0.016666666666666666,3752.208251953125,-601.1227383762598
dynamic_120,Dynamic 120,catalogue_size,oldest_first,Oldest first,18,32001,8,120,58.122535705566406,109.37920379638672,103.1128433227539,105.30380592346191,109.01646041870117,0.26666666666666666,0.0,7381.5,-783.8075701743364
dynamic_120,Dynamic 120,catalogue_size,oldest_first,Oldest first,19,32001,9,120,22.471263885498047,107.88323974609375,97.06534957885742,100.67609825134276,105.40157135009767,0.6583333333333333,0.0,5751.0,-730.2576082274318
dynamic_120,Dynamic 120,catalogue_size,oldest_first,Oldest first,20,32002,0,120,19.822904586791992,117.58287048339844,96.48736114501955,103.11552696228027,107.94868667602539,0.6416666666666667,0.0,4642.16650390625,-715.5832108259201
dynamic_120,Dynamic 120,catalogue_size,oldest_first,Oldest first,21,32002,1,120,34.98575210571289,106.36215209960938,99.8910011291504,102.5247959136963,104.57733352661133,0.55,0.008333333333333333,6047.08349609375,-752.9828324988484
dynamic_120,Dynamic 120,catalogue_size,oldest_first,Oldest first,22,32002,2,120,10.909302711486816,90.62013244628906,27.569112205505373,34.30278625488272,77.22026603698733,0.6333333333333333,0.0,2897.166748046875,-691.3990217298269
dynamic_120,Dynamic 120,catalogue_size,oldest_first,Oldest first,23,32002,3,120,34.238136291503906,109.9703598022461,100.87746963500976,102.3992763519287,107.96384353637696,0.55,0.016666666666666666,4737.95849609375,-744.0031101331115
dynamic_120,Dynamic 120,catalogue_size,oldest_first,Oldest first,24,32002,4,120,50.347007751464844,108.5058822631836,102.431103515625,103.71960182189942,106.86470863342285,0.2833333333333333,0.0,8003.125,-765.8700133115053
dynamic_120,Dynamic 120,catalogue_size,oldest_first,Oldest first,25,32002,5,120,28.08139991760254,117.83866882324219,100.1127265930176,104.22147369384766,110.14422744750976,0.5583333333333333,0.0,5441.79150390625,-748.5609349235892
dynamic_120,Dynamic 120,catalogue_size,oldest_first,Oldest first,26,32002,6,120,33.14558410644531,112.62892150878906,99.40698471069337,103.52487716674804,106.55842224121095,0.55,0.0,6553.08349609375,-741.8795043230057
dynamic_120,Dynamic 120,catalogue_size,oldest_first,Oldest first,27,32002,7,120,42.21604919433594,109.47299194335938,102.60027084350587,105.14540596008301,109.112416305542,0.5083333333333333,0.008333333333333333,5544.5,-760.4146583527327
dynamic_120,Dynamic 120,catalogue_size,oldest_first,Oldest first,28,32002,8,120,36.625423431396484,110.62661743164062,101.3361572265625,104.47779083251953,108.81711486816407,0.525,0.0,5685.83349609375,-753.9944429397583
dynamic_120,Dynamic 120,catalogue_size,oldest_first,Oldest first,29,32002,9,120,33.230587005615234,108.51309204101562,100.54271545410157,102.44590835571289,108.22030738830567,0.55,0.0,5856.625,-747.8196524009109
dynamic_120,Dynamic 120,catalogue_size,oldest_first,Oldest first,30,32003,0,120,5.570608615875244,97.10092163085938,16.074284744262695,27.166340446472162,84.7535949707032,0.8916666666666667,0.008333333333333333,3781.541748046875,-640.6289267316461
dynamic_120,Dynamic 120,catalogue_size,oldest_first,Oldest first,31,32003,1,120,48.924739837646484,106.26648712158203,100.194775390625,103.63024864196777,105.27468132019042,0.325,0.0,6734.54150390625,-772.9616516977549
dynamic_120,Dynamic 120,catalogue_size,oldest_first,Oldest first,32,32003,2,120,59.6514892578125,109.6309814453125,102.75859909057617,104.44497146606446,108.48107986450196,0.2,0.0,8233.5419921875,-779.1057305335999
dynamic_120,Dynamic 120,catalogue_size,oldest_first,Oldest first,33,32003,3,120,20.85137939453125,106.24159240722656,98.9816162109375,102.72087745666504,105.74914543151856,0.6916666666666667,0.0,5447.95849609375,-706.306397870183
dynamic_120,Dynamic 120,catalogue_size,oldest_first,Oldest first,34,32003,4,120,11.44935131072998,119.79803466796875,31.105098915100193,86.54317512512205,101.226796875,0.7916666666666666,0.0,4867.16650390625,-708.9758041799068
dynamic_120,Dynamic 120,catalogue_size,oldest_first,Oldest first,35,32003,5,120,7.430796146392822,104.44577026367188,25.843609809875492,36.3737426757812,94.05906814575198,0.8583333333333333,0.0,4582.625,-646.9726603254676
dynamic_120,Dynamic 120,catalogue_size,oldest_first,Oldest first,36,32003,6,120,44.162841796875,119.77168273925781,102.56261672973633,106.43315391540527,114.83316017150881,0.35833333333333334,0.0,7284.04150390625,-786.3814682289958
dynamic_120,Dynamic 120,catalogue_size,oldest_first,Oldest first,37,32003,7,120,6.6586151123046875,100.95950317382812,18.120137596130373,25.554810810089112,98.59380691528321,0.8416666666666667,0.008333333333333333,4563.875,-637.8866912350059
dynamic_120,Dynamic 120,catalogue_size,oldest_first,Oldest first,38,32003,8,120,45.910037994384766,109.62662506103516,101.9917205810547,103.88982467651367,109.03264915466309,0.24166666666666667,0.0,9060.0830078125,-765.5052580311894
dynamic_120,Dynamic 120,catalogue_size,oldest_first,Oldest first,39,32003,9,120,33.78154754638672,118.53594207763672,99.47383041381836,103.14280700683594,115.09235664367678,0.475,0.0,6441.29150390625,-754.2027967125177
dynamic_120,Dynamic 120,catalogue_size,oldest_first,Oldest first,40,32004,0,120,34.66349411010742,109.02642059326172,100.59932174682618,102.67371139526367,107.03586280822753,0.5,0.0,6580.41650390625,-745.0091096237302
dynamic_120,Dynamic 120,catalogue_size,oldest_first,Oldest first,41,32004,1,120,34.70915985107422,115.35302734375,97.43618011474611,103.37012023925782,107.8970622253418,0.6,0.008333333333333333,5895.33349609375,-742.0347612351179
dynamic_120,Dynamic 120,catalogue_size,oldest_first,Oldest first,42,32004,2,120,33.02384948730469,108.29553985595703,98.61970672607421,102.54948272705079,107.73101051330566,0.5083333333333333,0.0,7058.83349609375,-741.2434453964233
dynamic_120,Dynamic 120,catalogue_size,oldest_first,Oldest first,43,32004,3,120,25.306734085083008,122.19862365722656,98.99480895996095,102.21975898742676,114.42671783447267,0.575,0.0,6328.0,-757.5364234820008
dynamic_120,Dynamic 120,catalogue_size,oldest_first,Oldest first,44,32004,4,120,52.937679290771484,108.70462799072266,102.4635841369629,104.987788772583,107.98812698364257,0.2916666666666667,0.0,6188.04150390625,-795.2736103013158
dynamic_120,Dynamic 120,catalogue_size,oldest_first,Oldest first,45,32004,5,120,58.33412170410156,106.11011505126953,100.2158203125,103.05006790161133,105.22007415771485,0.25833333333333336,0.0,6033.91650390625,-798.7550616785884
dynamic_120,Dynamic 120,catalogue_size,oldest_first,Oldest first,46,32004,6,120,35.07069396972656,108.43060302734375,102.65727081298829,104.02439422607422,107.38103912353516,0.5,0.0,6562.20849609375,-749.1245629563928
dynamic_120,Dynamic 120,catalogue_size,oldest_first,Oldest first,47,32004,7,120,41.27009963989258,118.4759292602539,101.25421905517578,103.87941398620606,106.5087501525879,0.44166666666666665,0.008333333333333333,5971.75,-785.101828314364
dynamic_120,Dynamic 120,catalogue_size,oldest_first,Oldest first,48,32004,8,120,64.09941864013672,108.59766387939453,103.12694625854492,106.51399307250976,108.37585212707519,0.25,0.0,6037.08349609375,-798.9455059245229
dynamic_120,Dynamic 120,catalogue_size,oldest_first,Oldest first,49,32004,9,120,53.29740524291992,109.72086334228516,103.12393035888672,104.63043785095215,108.9967497253418,0.35833333333333334,0.0,6469.625,-798.4925859346986
dynamic_120,Dynamic 120,catalogue_size,max_uncertainty_greedy,Max-U greedy,0,32000,0,120,21.858304977416992,107.24102020263672,81.89055862426763,98.79082412719725,105.75787841796875,0.3,0.0,7987.41650390625,-729.654922761023
dynamic_120,Dynamic 120,catalogue_size,max_uncertainty_greedy,Max-U greedy,1,32000,1,120,11.432882308959961,61.26170349121094,25.29054260253907,29.966847038269034,49.43372756958011,0.25833333333333336,0.0,9334.5419921875,-679.7574569284916
dynamic_120,Dynamic 120,catalogue_size,max_uncertainty_greedy,Max-U greedy,2,32000,2,120,16.640647888183594,100.83331298828125,40.39585685729981,86.45029830932617,99.60616531372071,0.4083333333333333,0.0,8284.4169921875,-704.4248712286353
dynamic_120,Dynamic 120,catalogue_size,max_uncertainty_greedy,Max-U greedy,3,32000,3,120,7.98304557800293,102.06819915771484,18.06429424285889,23.235405921936028,48.58425708770755,0.5166666666666667,0.008333333333333333,9292.6669921875,-634.7707398310304
dynamic_120,Dynamic 120,catalogue_size,max_uncertainty_greedy,Max-U greedy,4,32000,4,120,50.01675033569336,102.87651062011719,99.78965454101562,100.64249229431152,102.59449897766113,0.025,0.0,10707.0,-758.4852213412523
dynamic_120,Dynamic 120,catalogue_size,max_uncertainty_greedy,Max-U greedy,5,32000,5,120,19.842607498168945,101.16838836669922,38.264993286132814,95.87783279418944,99.72638412475587,0.23333333333333334,0.008333333333333333,8785.0419921875,-708.5389153882861
dynamic_120,Dynamic 120,catalogue_size,max_uncertainty_greedy,Max-U greedy,6,32000,6,120,16.967527389526367,104.79708862304688,34.561921310424815,89.59769287109376,101.71332588195801,0.375,0.0,8826.3330078125,-703.4080290049314
dynamic_120,Dynamic 120,catalogue_size,max_uncertainty_greedy,Max-U greedy,7,32000,7,120,30.193849563598633,99.00035095214844,85.64625320434571,95.08784255981445,97.77930465698242,0.016666666666666666,0.0,8521.9169921875,-759.5531170815229
dynamic_120,Dynamic 120,catalogue_size,max_uncertainty_greedy,Max-U greedy,8,32000,8,120,40.37401580810547,104.82540130615234,98.37010498046877,100.59547691345215,103.49728477478028,0.008333333333333333,0.0,8495.1669921875,-775.2495959326625
dynamic_120,Dynamic 120,catalogue_size,max_uncertainty_greedy,Max-U greedy,9,32000,9,120,8.011871337890625,81.12004852294922,19.356069564819336,23.945176982879634,29.86936073303223,0.49166666666666664,0.0,8858.4169921875,-626.288243740797
dynamic_120,Dynamic 120,catalogue_size,max_uncertainty_greedy,Max-U greedy,10,32001,0,120,35.87865447998047,102.9753189086914,91.92227859497072,96.72838287353515,102.05761001586914,0.016666666666666666,0.0,7051.08349609375,-786.0153211057186
dynamic_120,Dynamic 120,catalogue_size,max_uncertainty_greedy,Max-U greedy,11,32001,1,120,31.939342498779297,103.26905059814453,93.53312911987305,96.17683410644531,100.3417049407959,0.13333333333333333,0.0,8504.625,-738.9564835652709
dynamic_120,Dynamic 120,catalogue_size,max_uncertainty_greedy,Max-U greedy,12,32001,2,120,6.986182689666748,28.879446029663086,18.584035110473636,23.7047550201416,28.485600109100343,0.5833333333333334,0.008333333333333333,8627.125,-575.8032522127032
dynamic_120,Dynamic 120,catalogue_size,max_uncertainty_greedy,Max-U greedy,13,32001,3,120,19.95305824279785,91.08236694335938,40.498666763305664,73.3981719970703,90.32633193969727,0.08333333333333333,0.0,10607.7919921875,-704.2412803992629
dynamic_120,Dynamic 120,catalogue_size,max_uncertainty_greedy,Max-U greedy,14,32001,4,120,39.86647033691406,101.64618682861328,97.04280090332031,98.31337127685546,100.13475463867188,0.0,0.0,7870.20849609375,-772.2435576319695
dynamic_120,Dynamic 120,catalogue_size,max_uncertainty_greedy,Max-U greedy,15,32001,5,120,14.887738227844238,99.32553100585938,30.630513954162605,93.34717559814453,98.32097663879395,0.425,0.0,7477.04150390625,-690.7373571172357
dynamic_120,Dynamic 120,catalogue_size,max_uncertainty_greedy,Max-U greedy,16,32001,6,120,10.339947700500488,88.38484954833984,23.342402839660664,31.58584613800047,87.99509536743165,0.5916666666666667,0.0,7966.66650390625,-644.9803667291999
dynamic_120,Dynamic 120,catalogue_size,max_uncertainty_greedy,Max-U greedy,17,32001,7,120,13.552127838134766,100.49365997314453,26.531511688232428,37.490307044982906,99.37064002990724,0.3416666666666667,0.008333333333333333,9421.3330078125,-678.3148267492652
dynamic_120,Dynamic 120,catalogue_size,max_uncertainty_greedy,Max-U greedy,18,32001,8,120,6.777861595153809,89.40223693847656,18.93065242767334,21.24478683471679,71.60878856658948,0.625,0.0,8173.41650390625,-643.2119277641177
dynamic_120,Dynamic 120,catalogue_size,max_uncertainty_greedy,Max-U greedy,19,32001,9,120,5.721895217895508,61.78949737548828,14.10125961303711,22.87387142181396,34.234874515533456,0.675,0.0,5878.04150390625,-652.3762338906527
dynamic_120,Dynamic 120,catalogue_size,max_uncertainty_greedy,Max-U greedy,20,32002,0,120,10.570303916931152,101.03983306884766,29.607246589660647,68.42619285583493,100.03653854370118,0.7166666666666667,0.0,6763.58349609375,-675.9443517699838
dynamic_120,Dynamic 120,catalogue_size,max_uncertainty_greedy,Max-U greedy,21,32002,1,120,14.142391204833984,102.11752319335938,37.35468826293947,45.965074920654295,89.63991226196289,0.4166666666666667,0.0,7673.125,-702.5106560513377
dynamic_120,Dynamic 120,catalogue_size,max_uncertainty_greedy,Max-U greedy,22,32002,2,120,22.817699432373047,102.78817749023438,35.81785469055201,92.02131118774413,100.9181764984131,0.075,0.0,9330.7919921875,-733.0807698145509
dynamic_120,Dynamic 120,catalogue_size,max_uncertainty_greedy,Max-U greedy,23,32002,3,120,15.214593887329102,93.17791748046875,36.51770210266123,89.30425262451172,92.79052276611328,0.525,0.0,5683.125,-710.859138019383
dynamic_120,Dynamic 120,catalogue_size,max_uncertainty_greedy,Max-U greedy,24,32002,4,120,28.176973342895508,98.30508422851562,86.45449523925781,91.99172248840331,96.94955276489257,0.06666666666666667,0.0,9247.375,-736.5341645553708
dynamic_120,Dynamic 120,catalogue_size,max_uncertainty_greedy,Max-U greedy,25,32002,5,120,24.273286819458008,101.39553833007812,76.35685043334966,92.5603790283203,98.00364044189453,0.06666666666666667,0.0,10094.5830078125,-732.9806110933423
dynamic_120,Dynamic 120,catalogue_size,max_uncertainty_greedy,Max-U greedy,26,32002,6,120,28.906740188598633,102.26779174804688,81.41984786987308,91.91247024536132,100.64373908996582,0.008333333333333333,0.0,7841.54150390625,-753.1973534822464
dynamic_120,Dynamic 120,catalogue_size,max_uncertainty_greedy,Max-U greedy,27,32002,7,120,25.670225143432617,100.30412292480469,85.65882263183595,95.72349967956542,99.97073822021484,0.008333333333333333,0.0,10002.0,-736.8088705018163
dynamic_120,Dynamic 120,catalogue_size,max_uncertainty_greedy,Max-U greedy,28,32002,8,120,3.468722343444824,24.54054832458496,7.622863626480104,10.96205563545227,16.947910861968996,0.7916666666666666,0.0,6549.625,-595.2512355782092
dynamic_120,Dynamic 120,catalogue_size,max_uncertainty_greedy,Max-U greedy,29,32002,9,120,14.8663911819458,95.40251922607422,26.606541252136232,32.3784255981445,94.28543663024902,0.3,0.0,10624.0830078125,-678.8947105482221
dynamic_120,Dynamic 120,catalogue_size,max_uncertainty_greedy,Max-U greedy,30,32003,0,120,18.670246124267578,99.60404205322266,40.80163726806645,88.89698181152343,97.0155859375,0.35833333333333334,0.008333333333333333,7252.79150390625,-726.3902376815677
dynamic_120,Dynamic 120,catalogue_size,max_uncertainty_greedy,Max-U greedy,31,32003,1,120,19.966447830200195,104.56089782714844,35.6889602661133,94.00518569946288,104.01050315856934,0.14166666666666666,0.0,10683.814453125,-710.5553202629089
dynamic_120,Dynamic 120,catalogue_size,max_uncertainty_greedy,Max-U greedy,32,32003,2,120,6.923431396484375,87.27327728271484,20.23230915069581,24.376940917968742,39.330603218078615,0.6666666666666666,0.03333333333333333,8409.125,-647.5057618692517
dynamic_120,Dynamic 120,catalogue_size,max_uncertainty_greedy,Max-U greedy,33,32003,3,120,16.383087158203125,100.58485412597656,34.11611022949229,84.20263214111327,90.4147534942627,0.31666666666666665,0.0,9202.0,-711.3171138986945
dynamic_120,Dynamic 120,catalogue_size,max_uncertainty_greedy,Max-U greedy,34,32003,4,120,47.06057357788086,102.07032012939453,97.9803352355957,99.35129051208496,101.42114768981934,0.0,0.0,8345.25,-781.1290513500571
dynamic_120,Dynamic 120,catalogue_size,max_uncertainty_greedy,Max-U greedy,35,32003,5,120,26.351947784423828,102.68148040771484,83.32688293457032,87.25299682617187,100.94534934997559,0.025,0.0,9555.625,-749.0069745332003
dynamic_120,Dynamic 120,catalogue_size,max_uncertainty_greedy,Max-U greedy,36,32003,6,120,34.14323425292969,102.72858428955078,93.19922332763672,97.30792655944825,101.32244812011719,0.30833333333333335,0.0,6103.83349609375,-768.7655971124768
dynamic_120,Dynamic 120,catalogue_size,max_uncertainty_greedy,Max-U greedy,37,32003,7,120,20.404813766479492,101.20225524902344,43.56323699951174,88.4761848449707,98.49097267150879,0.3333333333333333,0.0,8317.3330078125,-707.0897587761283
dynamic_120,Dynamic 120,catalogue_size,max_uncertainty_greedy,Max-U greedy,38,32003,8,120,9.380959510803223,43.197021484375,18.899741744995122,23.90041751861572,38.34965007781983,0.3416666666666667,0.008333333333333333,10545.1669921875,-614.1683046892285
dynamic_120,Dynamic 120,catalogue_size,max_uncertainty_greedy,Max-U greedy,39,32003,9,120,30.493738174438477,103.49459075927734,94.65673217773437,98.63705444335938,101.86749694824219,0.016666666666666666,0.0,7673.25,-763.58834566921
dynamic_120,Dynamic 120,catalogue_size,max_uncertainty_greedy,Max-U greedy,40,32004,0,120,8.04538345336914,64.4906997680664,16.1196949005127,21.194546318054183,47.11602592468264,0.5,0.0,8878.0419921875,-607.5793003365397
dynamic_120,Dynamic 120,catalogue_size,max_uncertainty_greedy,Max-U greedy,41,32004,1,120,12.312817573547363,95.38906860351562,32.29959259033204,41.578618049621504,84.85009078979492,0.49166666666666664,0.0,6658.91650390625,-675.292049922049
dynamic_120,Dynamic 120,catalogue_size,max_uncertainty_greedy,Max-U greedy,42,32004,2,120,25.06569480895996,98.3075942993164,65.53556900024418,84.62136917114258,94.8597342681885,0.008333333333333333,0.0,8506.4169921875,-748.7278598025441
dynamic_120,Dynamic 120,catalogue_size,max_uncertainty_greedy,Max-U greedy,43,32004,3,120,33.64949417114258,100.34815979003906,88.64579849243164,94.09235076904297,99.74354469299317,0.058333333333333334,0.0,8791.5419921875,-761.0455860495567
dynamic_120,Dynamic 120,catalogue_size,max_uncertainty_greedy,Max-U greedy,44,32004,4,120,17.218603134155273,97.76972961425781,37.679838180542,45.64674434661857,94.52200820922855,0.25833333333333336,0.008333333333333333,9653.3330078125,-691.9010573327541
dynamic_120,Dynamic 120,catalogue_size,max_uncertainty_greedy,Max-U greedy,45,32004,5,120,29.840375900268555,101.518798828125,88.92464828491211,95.4547966003418,100.43959861755371,0.016666666666666666,0.0,9791.7919921875,-749.9724699780345
dynamic_120,Dynamic 120,catalogue_size,max_uncertainty_greedy,Max-U greedy,46,32004,6,120,28.709468841552734,99.1796875,85.43565826416015,93.76851310729981,98.9148194885254,0.0,0.0,8526.5419921875,-758.1253427937627
dynamic_120,Dynamic 120,catalogue_size,max_uncertainty_greedy,Max-U greedy,47,32004,7,120,3.436413049697876,19.45179557800293,9.249949645996095,14.503065824508665,17.467958068847658,0.7916666666666666,0.0,8697.3330078125,-504.17148077487946
dynamic_120,Dynamic 120,catalogue_size,max_uncertainty_greedy,Max-U greedy,48,32004,8,120,22.644542694091797,101.82997131347656,48.44681968688978,85.56969299316407,92.39416831970215,0.08333333333333333,0.0,9748.875,-720.3211868107319
dynamic_120,Dynamic 120,catalogue_size,max_uncertainty_greedy,Max-U greedy,49,32004,9,120,23.315502166748047,104.17472076416016,45.30644531250001,78.26318054199217,103.16797950744629,0.016666666666666666,0.0,10783.75,-726.0179626345634
dynamic_120,Dynamic 120,catalogue_size,expected_info_gain,Expected information gain,0,32000,0,120,8.595602989196777,98.25204467773438,18.537313652038577,20.618093585968005,93.91526710510256,0.6083333333333333,0.0,7070.58349609375,-673.4887320324779
dynamic_120,Dynamic 120,catalogue_size,expected_info_gain,Expected information gain,1,32000,1,120,15.764182090759277,107.36760711669922,38.642535018921045,88.2782901763916,95.05508094787598,0.4583333333333333,0.0,6443.66650390625,-697.1249444931746
dynamic_120,Dynamic 120,catalogue_size,expected_info_gain,Expected information gain,2,32000,2,120,12.27903938293457,100.82833862304688,34.557474899292,40.66738376617429,99.59553375244141,0.6583333333333333,0.0,6385.91650390625,-688.1039031893015
dynamic_120,Dynamic 120,catalogue_size,expected_info_gain,Expected information gain,3,32000,3,120,4.503783226013184,37.14655303955078,14.941383457183841,16.518996047973616,32.86729225158692,0.8,0.008333333333333333,5930.875,-648.7741534113884
dynamic_120,Dynamic 120,catalogue_size,expected_info_gain,Expected information gain,4,32000,4,120,20.93791961669922,97.72116088867188,56.89200172424332,89.631787109375,96.40165267944336,0.20833333333333334,0.0,9654.6669921875,-714.9513633698225
dynamic_120,Dynamic 120,catalogue_size,expected_info_gain,Expected information gain,5,32000,5,120,10.880905151367188,96.93441009521484,27.218453598022464,46.707432937622045,94.33423362731935,0.6416666666666667,0.016666666666666666,6572.08349609375,-684.2957761734724
dynamic_120,Dynamic 120,catalogue_size,expected_info_gain,Expected information gain,6,32000,6,120,9.320924758911133,91.03984069824219,21.36178035736085,32.62051582336425,81.54482414245615,0.5833333333333334,0.008333333333333333,7484.25,-675.6189178749919
dynamic_120,Dynamic 120,catalogue_size,expected_info_gain,Expected information gain,7,32000,7,120,4.866602420806885,103.39439392089844,6.455431842803967,19.87057847976684,76.36118309020996,0.8666666666666667,0.016666666666666666,7215.79150390625,-562.5876654461026
dynamic_120,Dynamic 120,catalogue_size,expected_info_gain,Expected information gain,8,32000,8,120,25.38921546936035,99.49296569824219,59.12415542602548,93.36894607543945,99.16377403259278,0.03333333333333333,0.0,9377.9169921875,-742.112959370017
dynamic_120,Dynamic 120,catalogue_size,expected_info_gain,Expected information gain,9,32000,9,120,4.903381824493408,37.98516845703125,11.930445003509528,21.26266040802001,37.138745765686046,0.7416666666666667,0.016666666666666666,5327.45849609375,-651.4795984998345
dynamic_120,Dynamic 120,catalogue_size,expected_info_gain,Expected information gain,10,32001,0,120,7.5409393310546875,84.58255004882812,18.316863822937027,24.86906976699828,51.926160812377965,0.6916666666666667,0.0,5177.75,-682.0589164718986
dynamic_120,Dynamic 120,catalogue_size,expected_info_gain,Expected information gain,11,32001,1,120,16.391437530517578,101.09379577636719,37.43929977416994,53.364367294311414,99.9855581665039,0.35833333333333334,0.0,7906.04150390625,-687.3753461837769
dynamic_120,Dynamic 120,catalogue_size,expected_info_gain,Expected information gain,12,32001,2,120,9.893654823303223,87.75028228759766,19.992154121398936,26.113060283660882,37.305933952331564,0.4166666666666667,0.008333333333333333,9617.2080078125,-650.2818644121289
dynamic_120,Dynamic 120,catalogue_size,expected_info_gain,Expected information gain,13,32001,3,120,11.683117866516113,97.75857543945312,30.354537582397466,42.143787956237645,96.21272758483887,0.6583333333333333,0.0,6435.79150390625,-672.8948548361659
dynamic_120,Dynamic 120,catalogue_size,expected_info_gain,Expected information gain,14,32001,4,120,25.158845901489258,100.086181640625,43.89493865966805,93.94561958312988,99.30006965637207,0.041666666666666664,0.0,8328.2080078125,-747.3290475383401
dynamic_120,Dynamic 120,catalogue_size,expected_info_gain,Expected information gain,15,32001,5,120,3.9850046634674072,24.61594581604004,9.172173309326173,11.74581222534178,22.35081060409547,0.7166666666666667,0.0,7678.58349609375,-584.1723122298717
dynamic_120,Dynamic 120,catalogue_size,expected_info_gain,Expected information gain,16,32001,6,120,12.441031455993652,96.14631652832031,25.745137405395518,30.66456384658813,84.23858474731446,0.4,0.0,9447.7919921875,-675.0081192329526
dynamic_120,Dynamic 120,catalogue_size,expected_info_gain,Expected information gain,17,32001,7,120,1.8087559938430786,10.058868408203125,3.9003216743469244,4.236491394042968,7.26058081150055,0.9666666666666667,0.041666666666666664,5744.75,-503.26464796997607
dynamic_120,Dynamic 120,catalogue_size,expected_info_gain,Expected information gain,18,32001,8,120,20.049427032470703,98.94743347167969,85.32236709594727,93.521928024292,98.50720657348633,0.31666666666666665,0.0,8781.0419921875,-719.7066247016191
dynamic_120,Dynamic 120,catalogue_size,expected_info_gain,Expected information gain,19,32001,9,120,19.936737060546875,101.60616302490234,56.5497009277345,86.17086563110351,100.91255592346192,0.26666666666666666,0.0,7442.25,-729.4696012437344
dynamic_120,Dynamic 120,catalogue_size,expected_info_gain,Expected information gain,20,32002,0,120,6.095147132873535,68.00981140136719,16.049066066741947,21.769806003570533,34.844856166839605,0.6833333333333333,0.0,7362.25,-645.5907003432512
dynamic_120,Dynamic 120,catalogue_size,expected_info_gain,Expected information gain,21,32002,1,120,7.017088890075684,47.09177017211914,15.883232116699219,30.721311569213846,46.176528205871584,0.625,0.0,6348.33349609375,-658.4007652401924
dynamic_120,Dynamic 120,catalogue_size,expected_info_gain,Expected information gain,22,32002,2,120,5.6392292976379395,47.339447021484375,14.187200069427528,19.855524349212647,37.74812141418458,0.7083333333333334,0.016666666666666666,6362.08349609375,-646.8324769511819
dynamic_120,Dynamic 120,catalogue_size,expected_info_gain,Expected information gain,23,32002,3,120,15.900481224060059,108.78179168701172,24.945067977905275,90.64597702026367,99.99358291625978,0.425,0.058333333333333334,7044.29150390625,-703.9160096645355
dynamic_120,Dynamic 120,catalogue_size,expected_info_gain,Expected information gain,24,32002,4,120,3.9564096927642822,34.95114517211914,13.074485778808603,18.868785572052,34.362757225036624,0.8,0.03333333333333333,6611.0,-582.3666094020009
dynamic_120,Dynamic 120,catalogue_size,expected_info_gain,Expected information gain,25,32002,5,120,26.241445541381836,115.13516998291016,83.13961486816409,96.08484954833985,100.69306945800783,0.03333333333333333,0.0,9357.7919921875,-730.1156451627612
dynamic_120,Dynamic 120,catalogue_size,expected_info_gain,Expected information gain,26,32002,6,120,6.207943916320801,108.68666076660156,8.087842226028474,34.325772285461426,95.50749618530276,0.8416666666666667,0.025,6040.79150390625,-623.6729403734207
dynamic_120,Dynamic 120,catalogue_size,expected_info_gain,Expected information gain,27,32002,7,120,8.243063926696777,97.65058898925781,19.940818977355963,27.39735641479492,96.8521015930176,0.6916666666666667,0.016666666666666666,6060.91650390625,-678.7528741136193
dynamic_120,Dynamic 120,catalogue_size,expected_info_gain,Expected information gain,28,32002,8,120,5.658106327056885,36.059879302978516,19.141626548767093,27.151651096343993,32.963116874694826,0.7416666666666667,0.008333333333333333,7337.45849609375,-589.9313307330012
dynamic_120,Dynamic 120,catalogue_size,expected_info_gain,Expected information gain,29,32002,9,120,16.128137588500977,100.48385620117188,31.631151580810553,44.06425628662106,93.60679359436037,0.2916666666666667,0.0,9192.75,-697.9636400267482
dynamic_120,Dynamic 120,catalogue_size,expected_info_gain,Expected information gain,30,32003,0,120,18.01537322998047,103.9832763671875,34.68895111083991,91.00794258117675,99.370072555542,0.39166666666666666,0.008333333333333333,7581.08349609375,-711.4235734045506
dynamic_120,Dynamic 120,catalogue_size,expected_info_gain,Expected information gain,31,32003,1,120,15.088626861572266,96.31311798095703,26.68910789489746,36.70884761810302,88.47027984619143,0.23333333333333334,0.0,9700.0,-693.6191665679216
dynamic_120,Dynamic 120,catalogue_size,expected_info_gain,Expected information gain,32,32003,2,120,2.955852508544922,33.94826126098633,7.343738174438478,11.430409049987787,22.914957256317155,0.85,0.05,7196.79150390625,-561.739574931562
dynamic_120,Dynamic 120,catalogue_size,expected_info_gain,Expected information gain,33,32003,3,120,10.49714183807373,91.67965698242188,19.93647346496582,29.39268808364867,81.34259719848635,0.48333333333333334,0.0,6655.75,-708.0363724157214
dynamic_120,Dynamic 120,catalogue_size,expected_info_gain,Expected information gain,34,32003,4,120,18.333141326904297,103.30150604248047,29.39006595611573,91.35885963439941,99.42426780700684,0.15,0.0,9461.2080078125,-713.1973896026611
dynamic_120,Dynamic 120,catalogue_size,expected_info_gain,Expected information gain,35,32003,5,120,15.035983085632324,96.80435180664062,31.654089927673347,81.70670852661132,86.64351364135743,0.4666666666666667,0.0,6445.70849609375,-710.0783646404743
dynamic_120,Dynamic 120,catalogue_size,expected_info_gain,Expected information gain,36,32003,6,120,16.971763610839844,114.57295989990234,38.30605850219728,90.76532516479492,98.49651878356934,0.44166666666666665,0.008333333333333333,5852.79150390625,-715.1475394517183
dynamic_120,Dynamic 120,catalogue_size,expected_info_gain,Expected information gain,37,32003,7,120,14.469121932983398,100.89372253417969,37.15841293334961,70.3457767486572,87.02035064697266,0.5833333333333334,0.0,9200.3330078125,-663.5827656835318
dynamic_120,Dynamic 120,catalogue_size,expected_info_gain,Expected information gain,38,32003,8,120,2.5496439933776855,18.62423324584961,4.281815671920779,9.141129922866817,15.18171925544739,0.9083333333333333,0.016666666666666666,7234.83349609375,-454.5553322471678
dynamic_120,Dynamic 120,catalogue_size,expected_info_gain,Expected information gain,39,32003,9,120,10.133478164672852,40.56121063232422,23.21400451660158,28.385550308227536,35.5248511505127,0.3416666666666667,0.008333333333333333,10103.125,-651.9820175617933
dynamic_120,Dynamic 120,catalogue_size,expected_info_gain,Expected information gain,40,32004,0,120,6.572237968444824,105.16134643554688,17.395491981506353,18.94394826889038,86.67237884521492,0.725,0.0,5984.58349609375,-649.7263579443097
dynamic_120,Dynamic 120,catalogue_size,expected_info_gain,Expected information gain,41,32004,1,120,10.185714721679688,96.95291900634766,23.90732784271247,46.5667583465576,88.14191528320312,0.5916666666666667,0.0,6413.83349609375,-645.2082376554608
dynamic_120,Dynamic 120,catalogue_size,expected_info_gain,Expected information gain,42,32004,2,120,31.337129592895508,105.45148468017578,84.86962814331055,87.67066841125487,97.56276977539063,0.008333333333333333,0.0,8366.9580078125,-762.6982411295176
dynamic_120,Dynamic 120,catalogue_size,expected_info_gain,Expected information gain,43,32004,3,120,23.97652244567871,99.82752990722656,85.36058654785157,86.05782661437988,98.82681846618652,0.09166666666666666,0.0,8633.3330078125,-745.0185115858912
dynamic_120,Dynamic 120,catalogue_size,expected_info_gain,Expected information gain,44,32004,4,120,13.180635452270508,94.22364044189453,26.40693531036377,37.077462768554675,93.1894004058838,0.3416666666666667,0.008333333333333333,8788.375,-699.6457106992602
dynamic_120,Dynamic 120,catalogue_size,expected_info_gain,Expected information gain,45,32004,5,120,34.458744049072266,101.54313659667969,90.38918991088869,94.33932991027831,101.38188751220703,0.0,0.0,9231.125,-748.8380450159311
dynamic_120,Dynamic 120,catalogue_size,expected_info_gain,Expected information gain,46,32004,6,120,2.355005979537964,21.41647720336914,5.1123624324798635,7.078059101104734,13.376630611419682,0.8916666666666667,0.008333333333333333,6555.04150390625,-590.1571556925774
dynamic_120,Dynamic 120,catalogue_size,expected_info_gain,Expected information gain,47,32004,7,120,4.065391540527344,87.73883056640625,9.169649791717532,11.578450059890745,21.00967100143434,0.775,0.016666666666666666,7660.95849609375,-568.4432174563408
dynamic_120,Dynamic 120,catalogue_size,expected_info_gain,Expected information gain,48,32004,8,120,22.973682403564453,107.03921508789062,62.265190124511726,83.91081848144532,94.7627491760254,0.11666666666666667,0.0,10681.2919921875,-703.4896167889237
dynamic_120,Dynamic 120,catalogue_size,expected_info_gain,Expected information gain,49,32004,9,120,15.208744049072266,104.1732406616211,38.946186065673835,67.51981010437012,99.97409461975099,0.375,0.025,9828.4169921875,-689.7711924687028
dynamic_120,Dynamic 120,catalogue_size,beam_a_star,Beam A*,0,32000,0,120,10.513258934020996,102.7913589477539,19.672813987731935,22.443201160430906,95.87013206481939,0.425,0.008333333333333333,8738.625,-677.5507269501686
dynamic_120,Dynamic 120,catalogue_size,beam_a_star,Beam A*,1,32000,1,120,20.010107040405273,104.52973937988281,52.329835510254,91.02831535339355,100.69254142761231,0.25833333333333336,0.0,9084.25,-718.6861404031515
dynamic_120,Dynamic 120,catalogue_size,beam_a_star,Beam A*,2,32000,2,120,12.180303573608398,89.05108642578125,33.87695388793946,41.885455322265585,86.4050978088379,0.5833333333333334,0.0,8227.5830078125,-659.3695813119411
dynamic_120,Dynamic 120,catalogue_size,beam_a_star,Beam A*,3,32000,3,120,7.543347358703613,95.37812042236328,17.2470552444458,25.94772424697874,84.12169250488292,0.6416666666666667,0.008333333333333333,8049.95849609375,-639.2376837283373
dynamic_120,Dynamic 120,catalogue_size,beam_a_star,Beam A*,4,32000,4,120,30.530420303344727,101.68399810791016,86.00155639648439,93.76355285644532,100.23285598754883,0.016666666666666666,0.0,9446.1669921875,-747.858958736062
dynamic_120,Dynamic 120,catalogue_size,beam_a_star,Beam A*,5,32000,5,120,8.21345043182373,90.04667663574219,19.680208587646483,24.72726936340332,54.66243843078614,0.6083333333333333,0.0,6440.375,-688.182008728385
dynamic_120,Dynamic 120,catalogue_size,beam_a_star,Beam A*,6,32000,6,120,12.53705883026123,101.20893859863281,32.06442928314211,65.62338562011718,87.96674652099611,0.55,0.008333333333333333,6751.83349609375,-677.2674228698015
dynamic_120,Dynamic 120,catalogue_size,beam_a_star,Beam A*,7,32000,7,120,25.595943450927734,103.13993835449219,89.48021316528323,96.98914604187011,102.03687812805177,0.13333333333333333,0.008333333333333333,10379.5,-727.2748570516706
dynamic_120,Dynamic 120,catalogue_size,beam_a_star,Beam A*,8,32000,8,120,23.246416091918945,99.49296569824219,37.60763168334962,92.33994674682617,99.16483367919922,0.03333333333333333,0.0,9459.625,-744.0745789408684
dynamic_120,Dynamic 120,catalogue_size,beam_a_star,Beam A*,9,32000,9,120,6.588145732879639,110.53197479248047,13.184808349609382,18.041319370269775,89.51730377197282,0.675,0.0,7474.75,-644.2204620912671
dynamic_120,Dynamic 120,catalogue_size,beam_a_star,Beam A*,10,32001,0,120,24.585878372192383,102.97315979003906,73.34784317016617,96.39914321899414,102.06016044616699,0.08333333333333333,0.0,8311.0830078125,-756.4037946760654
dynamic_120,Dynamic 120,catalogue_size,beam_a_star,Beam A*,11,32001,1,120,6.904116630554199,102.71916961669922,17.687083244323738,19.54880619049072,87.35747253417985,0.675,0.0,6627.25,-659.7703488618135
dynamic_120,Dynamic 120,catalogue_size,beam_a_star,Beam A*,12,32001,2,120,13.604485511779785,102.51519012451172,27.547953987121584,30.41147699356078,84.79787673950199,0.30833333333333335,0.0,10146.75,-669.8185653090477
dynamic_120,Dynamic 120,catalogue_size,beam_a_star,Beam A*,13,32001,3,120,21.175935745239258,102.64239501953125,74.11743087768555,93.15610122680663,102.30799285888672,0.19166666666666668,0.0,9007.9580078125,-710.4431425482035
dynamic_120,Dynamic 120,catalogue_size,beam_a_star,Beam A*,14,32001,4,120,18.395540237426758,89.37680053710938,30.73234214782715,36.91225204467771,82.97480041503907,0.09166666666666666,0.0,9437.2919921875,-723.3085681945086
dynamic_120,Dynamic 120,catalogue_size,beam_a_star,Beam A*,15,32001,5,120,14.613055229187012,101.55177307128906,33.37580986022952,88.08163032531736,100.75521865844728,0.48333333333333334,0.0,6418.79150390625,-693.3461480662227
dynamic_120,Dynamic 120,catalogue_size,beam_a_star,Beam A*,16,32001,6,120,16.37958526611328,98.78688049316406,35.896953964233404,68.1747810363769,98.30291900634766,0.31666666666666665,0.0,10022.8330078125,-693.9361200034618
dynamic_120,Dynamic 120,catalogue_size,beam_a_star,Beam A*,17,32001,7,120,3.903127908706665,39.32254409790039,9.500709247589112,16.06495647430419,28.29448764801026,0.8333333333333334,0.0,6296.45849609375,-550.0249608643353
dynamic_120,Dynamic 120,catalogue_size,beam_a_star,Beam A*,18,32001,8,120,6.072103023529053,38.57649230957031,12.605703258514406,19.266530990600536,37.79185443878174,0.5916666666666667,0.008333333333333333,8184.83349609375,-619.0580549761653
dynamic_120,Dynamic 120,catalogue_size,beam_a_star,Beam A*,19,32001,9,120,22.87691307067871,102.66431427001953,86.38791046142579,95.12037391662597,101.16441955566407,0.275,0.016666666666666666,7948.04150390625,-727.507227472961
dynamic_120,Dynamic 120,catalogue_size,beam_a_star,Beam A*,20,32002,0,120,9.979697227478027,100.17939758300781,21.288824653625504,31.673195552825916,93.79279418945316,0.5416666666666666,0.0,7301.66650390625,-668.5788874402642
dynamic_120,Dynamic 120,catalogue_size,beam_a_star,Beam A*,21,32002,1,120,12.790857315063477,101.45940399169922,39.93161659240724,51.8264385223388,89.89138778686524,0.6333333333333333,0.0,6702.95849609375,-673.711021527648
dynamic_120,Dynamic 120,catalogue_size,beam_a_star,Beam A*,22,32002,2,120,28.435665130615234,102.95020294189453,94.12081146240234,99.34346389770508,102.64883155822754,0.1,0.0,9403.4580078125,-728.7222448736429
dynamic_120,Dynamic 120,catalogue_size,beam_a_star,Beam A*,23,32002,3,120,12.171614646911621,91.20628356933594,23.208908271789554,29.239608001708977,39.34438720703126,0.36666666666666664,0.016666666666666666,8383.7919921875,-691.9461234733462
dynamic_120,Dynamic 120,catalogue_size,beam_a_star,Beam A*,24,32002,4,120,21.32774543762207,101.6178207397461,32.45867004394532,70.9623062133789,100.57872230529786,0.08333333333333333,0.008333333333333333,10463.2080078125,-702.3112447485328
dynamic_120,Dynamic 120,catalogue_size,beam_a_star,Beam A*,25,32002,5,120,28.49019432067871,102.89653778076172,86.12359085083013,98.06140937805175,102.36145103454591,0.016666666666666666,0.0,9783.0419921875,-730.72411249578
dynamic_120,Dynamic 120,catalogue_size,beam_a_star,Beam A*,26,32002,6,120,5.467006206512451,87.45454406738281,12.739324378967344,20.675519847869843,54.27635807037356,0.8166666666666667,0.025,6367.125,-630.2449895218015
dynamic_120,Dynamic 120,catalogue_size,beam_a_star,Beam A*,27,32002,7,120,7.026188373565674,97.56735229492188,17.72459354400635,21.750945091247555,83.336243209839,0.6833333333333333,0.0,7110.29150390625,-662.990008726716
dynamic_120,Dynamic 120,catalogue_size,beam_a_star,Beam A*,28,32002,8,120,4.141587257385254,31.091102600097656,10.547104358673097,12.744132280349728,23.455876331329346,0.7583333333333333,0.0,7200.0,-556.1711019873619
dynamic_120,Dynamic 120,catalogue_size,beam_a_star,Beam A*,29,32002,9,120,6.736727714538574,55.879249572753906,19.83301677703858,23.08456735610961,37.26455123901367,0.6666666666666666,0.008333333333333333,8141.125,-611.0413363873959
dynamic_120,Dynamic 120,catalogue_size,beam_a_star,Beam A*,30,32003,0,120,12.326980590820312,99.48480987548828,23.956171607971193,32.08164138793945,96.8751741027832,0.4583333333333333,0.008333333333333333,8499.875,-695.1058765798807
dynamic_120,Dynamic 120,catalogue_size,beam_a_star,Beam A*,31,32003,1,120,23.60248565673828,102.8261947631836,45.563477706909495,95.95230293273926,102.07148963928223,0.075,0.0,10839.8330078125,-718.0982947349548
dynamic_120,Dynamic 120,catalogue_size,beam_a_star,Beam A*,32,32003,2,120,3.63374400138855,38.131072998046875,10.5688928604126,15.997919464111327,31.31441526412968,0.8166666666666667,0.016666666666666666,7275.5,-560.769333936274
dynamic_120,Dynamic 120,catalogue_size,beam_a_star,Beam A*,33,32003,3,120,12.840185165405273,95.16358947753906,29.018443298339843,39.938724517822266,91.91883613586425,0.36666666666666664,0.0,9102.2919921875,-686.082572542131
dynamic_120,Dynamic 120,catalogue_size,beam_a_star,Beam A*,34,32003,4,120,17.480680465698242,97.50724792480469,31.00983657836915,64.09505195617668,96.35557708740235,0.125,0.0,10590.0830078125,-694.4949518442154
dynamic_120,Dynamic 120,catalogue_size,beam_a_star,Beam A*,35,32003,5,120,26.984432220458984,105.6708755493164,93.54262237548829,99.1005271911621,104.20213111877442,0.025,0.0,9353.58203125,-753.7853429466486
dynamic_120,Dynamic 120,catalogue_size,beam_a_star,Beam A*,36,32003,6,120,12.588862419128418,90.72138214111328,29.45249977111818,38.84219760894775,82.08960636138922,0.43333333333333335,0.0,6715.33349609375,-709.7857450097799
dynamic_120,Dynamic 120,catalogue_size,beam_a_star,Beam A*,37,32003,7,120,13.813692092895508,98.60366821289062,37.39299240112306,56.57240371704093,97.95917762756348,0.5916666666666667,0.016666666666666666,8313.7080078125,-674.1262903362513
dynamic_120,Dynamic 120,catalogue_size,beam_a_star,Beam A*,38,32003,8,120,6.053354740142822,89.7984390258789,17.38764343261719,23.691368103027344,32.67550161361696,0.7083333333333334,0.016666666666666666,7971.66650390625,-580.161395214498
dynamic_120,Dynamic 120,catalogue_size,beam_a_star,Beam A*,39,32003,9,120,10.325849533081055,102.79065704345703,21.321961975097658,34.373823738098146,98.35973114013673,0.475,0.025,8819.7919921875,-657.792726047337
dynamic_120,Dynamic 120,catalogue_size,beam_a_star,Beam A*,40,32004,0,120,3.0827829837799072,28.217252731323242,7.509057903289796,11.119330263137817,18.67626585006715,0.875,0.008333333333333333,5721.125,-595.5377886891365
dynamic_120,Dynamic 120,catalogue_size,beam_a_star,Beam A*,41,32004,1,120,11.895219802856445,99.02587890625,27.93983154296876,66.23108329772946,96.59521774291994,0.5083333333333333,0.0,7269.33349609375,-657.0486023649573
dynamic_120,Dynamic 120,catalogue_size,beam_a_star,Beam A*,42,32004,2,120,25.191434860229492,96.58230590820312,53.370426940918115,86.45202827453613,92.43181716918947,0.03333333333333333,0.0,8830.0830078125,-748.4046160206199
dynamic_120,Dynamic 120,catalogue_size,beam_a_star,Beam A*,43,32004,3,120,29.095598220825195,100.34577941894531,91.3103843688965,96.6779613494873,99.74488998413086,0.06666666666666667,0.0,9249.9169921875,-747.1644675433636
dynamic_120,Dynamic 120,catalogue_size,beam_a_star,Beam A*,44,32004,4,120,11.030529975891113,90.34524536132812,25.623813819885257,29.644936084747314,88.2429902648926,0.49166666666666664,0.008333333333333333,7886.58349609375,-669.4061734750867
dynamic_120,Dynamic 120,catalogue_size,beam_a_star,Beam A*,45,32004,5,120,27.719236373901367,101.54466247558594,83.5791717529297,86.84601745605468,100.53386894226075,0.008333333333333333,0.0,9758.4580078125,-740.7244154289365
dynamic_120,Dynamic 120,catalogue_size,beam_a_star,Beam A*,46,32004,6,120,19.887170791625977,88.76081085205078,33.5916973114014,60.02928009033202,83.68259536743166,0.09166666666666666,0.0,10683.1669921875,-715.9498530551791
dynamic_120,Dynamic 120,catalogue_size,beam_a_star,Beam A*,47,32004,7,120,3.9494082927703857,18.01726531982422,9.20412006378174,12.712754392623898,17.53967021942139,0.7166666666666667,0.0,8597.625,-580.2066900879145
dynamic_120,Dynamic 120,catalogue_size,beam_a_star,Beam A*,48,32004,8,120,18.576114654541016,104.79732513427734,32.73395309448245,69.99313049316405,93.8472275543213,0.15833333333333333,0.0,9594.9580078125,-715.3122937083244
dynamic_120,Dynamic 120,catalogue_size,beam_a_star,Beam A*,49,32004,9,120,2.9745168685913086,25.264604568481445,5.824103546142579,7.333292388916014,15.248826351165775,0.85,0.008333333333333333,5476.95849609375,-564.6983794048429
dynamic_120,Dynamic 120,catalogue_size,flat_lstm,Flat LSTM,0,32000,0,120,37.82664489746094,105.20970916748047,98.77765426635743,101.56236915588379,104.83334495544433,0.008333333333333333,0.0,9725.7080078125,-773.4884410947561
dynamic_120,Dynamic 120,catalogue_size,flat_lstm,Flat LSTM,1,32000,1,120,41.343894958496094,108.480224609375,101.93061599731445,103.86231231689453,107.96467735290528,0.05,0.0,9702.15625,-773.8079538866878
dynamic_120,Dynamic 120,catalogue_size,flat_lstm,Flat LSTM,2,32000,2,120,37.22367477416992,104.98776245117188,94.38071441650392,98.61539878845214,103.05660102844239,0.1,0.0,9033.5,-769.5681743323803
dynamic_120,Dynamic 120,catalogue_size,flat_lstm,Flat LSTM,3,32000,3,120,32.316078186035156,111.4649429321289,86.90949935913089,96.63017654418945,104.41793991088868,0.008333333333333333,0.0,8507.375,-768.6143924966455
dynamic_120,Dynamic 120,catalogue_size,flat_lstm,Flat LSTM,4,32000,4,120,24.766582489013672,104.60710906982422,71.54124069213877,88.84662437438965,101.4166326904297,0.15,0.0,8920.9169921875,-745.3636824414134
dynamic_120,Dynamic 120,catalogue_size,flat_lstm,Flat LSTM,5,32000,5,120,33.46563720703125,108.42414855957031,93.49113082885742,99.84581718444824,106.28273452758789,0.008333333333333333,0.0,9762.619140625,-771.8741851449013
dynamic_120,Dynamic 120,catalogue_size,flat_lstm,Flat LSTM,6,32000,6,120,46.3649787902832,108.13109588623047,101.23026733398437,103.68102531433105,106.19009666442871,0.041666666666666664,0.0,9471.310546875,-780.4282711297274
dynamic_120,Dynamic 120,catalogue_size,flat_lstm,Flat LSTM,7,32000,7,120,41.55765151977539,109.0323715209961,102.06246795654297,104.96281471252442,107.65308570861816,0.041666666666666664,0.0,11559.3994140625,-756.0794063210487
dynamic_120,Dynamic 120,catalogue_size,flat_lstm,Flat LSTM,8,32000,8,120,60.107643127441406,108.42631530761719,106.02467193603516,107.17851104736327,108.39517105102539,0.008333333333333333,0.0,11151.6162109375,-802.3417474552989
dynamic_120,Dynamic 120,catalogue_size,flat_lstm,Flat LSTM,9,32000,9,120,58.146785736083984,114.53977966308594,102.54128799438476,106.75773010253906,108.95955772399903,0.0,0.0,8669.6220703125,-804.6540166214108
dynamic_120,Dynamic 120,catalogue_size,flat_lstm,Flat LSTM,10,32001,0,120,42.62296676635742,108.82612609863281,101.50065307617187,104.77902030944824,107.47231483459473,0.03333333333333333,0.0,10928.4814453125,-771.050783649087
dynamic_120,Dynamic 120,catalogue_size,flat_lstm,Flat LSTM,11,32001,1,120,38.0936393737793,107.96727752685547,103.62233352661133,104.78490867614745,107.11726638793945,0.13333333333333333,0.0,10198.326171875,-768.8152346760035
dynamic_120,Dynamic 120,catalogue_size,flat_lstm,Flat LSTM,12,32001,2,120,33.126895904541016,117.8582992553711,95.13078002929689,102.62779884338379,107.62948524475098,0.025,0.0,9808.1572265625,-777.0549091771245
dynamic_120,Dynamic 120,catalogue_size,flat_lstm,Flat LSTM,13,32001,3,120,19.958637237548828,100.42768859863281,32.73805770874027,67.62743530273434,98.38761993408204,0.08333333333333333,0.0,9712.625,-735.3074456527829
dynamic_120,Dynamic 120,catalogue_size,flat_lstm,Flat LSTM,14,32001,4,120,14.035699844360352,82.69332885742188,28.62245597839356,32.11038475036621,41.85948410034181,0.14166666666666666,0.0,10507.1669921875,-697.8854965344071
dynamic_120,Dynamic 120,catalogue_size,flat_lstm,Flat LSTM,15,32001,5,120,36.733421325683594,110.17808532714844,101.08436813354493,106.84853134155273,107.97690689086915,0.016666666666666666,0.0,10822.625,-766.9498071968555
dynamic_120,Dynamic 120,catalogue_size,flat_lstm,Flat LSTM,16,32001,6,120,22.294307708740234,119.84380340576172,44.310071182251,86.64196929931639,108.57146659851075,0.1,0.0,11026.1669921875,-731.4931478947401
dynamic_120,Dynamic 120,catalogue_size,flat_lstm,Flat LSTM,17,32001,7,120,41.50245666503906,120.29844665527344,99.55749130249023,104.88534431457519,114.412080078125,0.03333333333333333,0.0,9787.79296875,-783.9445826485753
dynamic_120,Dynamic 120,catalogue_size,flat_lstm,Flat LSTM,18,32001,8,120,56.815242767333984,108.944091796875,104.65129165649414,107.24437828063965,108.61848968505859,0.016666666666666666,0.0,10045.349609375,-798.9531641080976
dynamic_120,Dynamic 120,catalogue_size,flat_lstm,Flat LSTM,19,32001,9,120,24.45743751525879,119.97946166992188,71.71749191284188,95.96143989562988,103.43900863647463,0.09166666666666666,0.008333333333333333,10316.4580078125,-741.2165870368481
dynamic_120,Dynamic 120,catalogue_size,flat_lstm,Flat LSTM,20,32002,0,120,19.538166046142578,93.38274383544922,32.279789352417026,45.55509357452389,88.56872558593751,0.041666666666666664,0.0,9764.2080078125,-741.062013708055
dynamic_120,Dynamic 120,catalogue_size,flat_lstm,Flat LSTM,21,32002,1,120,59.04887771606445,110.24359130859375,104.59530029296874,106.67513999938964,108.93644172668458,0.0,0.0,11058.341796875,-792.8871615305543
dynamic_120,Dynamic 120,catalogue_size,flat_lstm,Flat LSTM,22,32002,2,120,31.953752517700195,119.99784851074219,94.5637878417969,100.65901794433593,105.30624000549317,0.041666666666666664,0.0,9745.154296875,-770.3168696239591
dynamic_120,Dynamic 120,catalogue_size,flat_lstm,Flat LSTM,23,32002,3,120,25.087818145751953,104.34062957763672,60.6524925231934,93.00214881896972,102.59997207641602,0.05,0.0,10015.125,-744.4147821962833
dynamic_120,Dynamic 120,catalogue_size,flat_lstm,Flat LSTM,24,32002,4,120,34.50033187866211,108.42533111572266,97.30829467773438,100.54649658203125,104.74865310668946,0.016666666666666666,0.0,9922.125,-767.4211031422019
dynamic_120,Dynamic 120,catalogue_size,flat_lstm,Flat LSTM,25,32002,5,120,51.3488655090332,108.18829345703125,102.09657516479493,103.89470672607422,106.02579887390137,0.008333333333333333,0.0,9895.1689453125,-776.7548993080854
dynamic_120,Dynamic 120,catalogue_size,flat_lstm,Flat LSTM,26,32002,6,120,55.573612213134766,108.84310913085938,105.53568267822266,107.83643074035645,108.44524169921876,0.0,0.0,11194.7841796875,-791.0312063694
dynamic_120,Dynamic 120,catalogue_size,flat_lstm,Flat LSTM,27,32002,7,120,53.656925201416016,108.35560607910156,104.50564422607422,106.04550476074219,108.15829147338867,0.008333333333333333,0.0,10640.76953125,-788.624849319458
dynamic_120,Dynamic 120,catalogue_size,flat_lstm,Flat LSTM,28,32002,8,120,29.66597557067871,105.30754089355469,83.23855895996095,96.05362739562987,103.82882331848145,0.03333333333333333,0.0,8465.2919921875,-761.2316297590733
dynamic_120,Dynamic 120,catalogue_size,flat_lstm,Flat LSTM,29,32002,9,120,29.51922607421875,106.15127563476562,86.24295196533204,94.16579742431641,104.61250541687012,0.025,0.0,10661.25,-743.0263688787818
dynamic_120,Dynamic 120,catalogue_size,flat_lstm,Flat LSTM,30,32003,0,120,54.435237884521484,110.22248840332031,107.326904296875,108.15801239013672,110.0347093963623,0.016666666666666666,0.0,11785.0185546875,-795.9977652207017
dynamic_120,Dynamic 120,catalogue_size,flat_lstm,Flat LSTM,31,32003,1,120,27.354305267333984,107.330078125,93.16078643798829,98.3230026245117,105.70152770996094,0.175,0.0,10066.90625,-738.0159790366888
dynamic_120,Dynamic 120,catalogue_size,flat_lstm,Flat LSTM,32,32003,2,120,51.834224700927734,107.85566711425781,100.30666732788086,103.31478576660156,107.37197494506836,0.008333333333333333,0.0,9542.44140625,-776.9934481233358
dynamic_120,Dynamic 120,catalogue_size,flat_lstm,Flat LSTM,33,32003,3,120,45.86262130737305,109.6814956665039,101.09738388061525,105.59151840209961,108.02814727783203,0.008333333333333333,0.0,10171.2919921875,-778.8405948877335
dynamic_120,Dynamic 120,catalogue_size,flat_lstm,Flat LSTM,34,32003,4,120,41.03337478637695,107.11602020263672,95.64565429687501,101.1546199798584,103.13743171691894,0.0,0.0,9259.25,-774.5930143371224
dynamic_120,Dynamic 120,catalogue_size,flat_lstm,Flat LSTM,35,32003,5,120,50.819393157958984,107.02373504638672,103.92710647583007,105.24221649169922,106.90613830566406,0.025,0.0,11368.7919921875,-773.1429736018181
dynamic_120,Dynamic 120,catalogue_size,flat_lstm,Flat LSTM,36,32003,6,120,17.406822204589844,100.59233093261719,31.52731666564942,56.189106941223145,94.9524389648438,0.14166666666666666,0.0,10118.5419921875,-726.2298229709268
dynamic_120,Dynamic 120,catalogue_size,flat_lstm,Flat LSTM,37,32003,7,120,42.13058853149414,107.50015258789062,99.77271957397463,103.63859634399414,107.39960441589355,0.008333333333333333,0.0,9655.60546875,-782.2803623303771
dynamic_120,Dynamic 120,catalogue_size,flat_lstm,Flat LSTM,38,32003,8,120,44.74565505981445,109.53851318359375,100.87306671142578,102.91501007080078,108.84816474914551,0.0,0.0,10012.7080078125,-784.7088824659586
dynamic_120,Dynamic 120,catalogue_size,flat_lstm,Flat LSTM,39,32003,9,120,38.26509475708008,120.228759765625,96.58662185668948,104.4809959411621,107.33234825134278,0.016666666666666666,0.0,10332.7392578125,-771.9455438405275
dynamic_120,Dynamic 120,catalogue_size,flat_lstm,Flat LSTM,40,32004,0,120,39.88460159301758,107.50202941894531,99.51677703857422,102.56343879699706,106.94203460693359,0.025,0.0,10463.966796875,-761.2963047623634
dynamic_120,Dynamic 120,catalogue_size,flat_lstm,Flat LSTM,41,32004,1,120,38.49049377441406,113.3819808959961,96.56441345214844,101.49817962646485,107.54037956237794,0.0,0.0,8395.58984375,-782.4745970517397
dynamic_120,Dynamic 120,catalogue_size,flat_lstm,Flat LSTM,42,32004,2,120,36.87824630737305,107.60917663574219,92.88429565429688,97.66946067810058,104.1564241027832,0.0,0.0,8820.7919921875,-766.1650689914823
dynamic_120,Dynamic 120,catalogue_size,flat_lstm,Flat LSTM,43,32004,3,120,35.4436149597168,119.87201690673828,101.00880966186524,104.42341690063476,115.51909767150882,0.05,0.0,10714.0,-776.4203049167991
dynamic_120,Dynamic 120,catalogue_size,flat_lstm,Flat LSTM,44,32004,4,120,39.05760955810547,108.4085693359375,95.51335830688478,99.1010814666748,100.68635498046875,0.025,0.0,8882.0,-781.7480677366257
dynamic_120,Dynamic 120,catalogue_size,flat_lstm,Flat LSTM,45,32004,5,120,40.78959274291992,108.28801727294922,99.19386978149414,101.62460823059082,104.74283012390137,0.09166666666666666,0.0,8555.53125,-767.7590847164392
dynamic_120,Dynamic 120,catalogue_size,flat_lstm,Flat LSTM,46,32004,6,120,41.433650970458984,117.3496322631836,103.35377502441406,106.61980667114258,108.23760353088379,0.025,0.0,11141.6962890625,-771.6556349471211
dynamic_120,Dynamic 120,catalogue_size,flat_lstm,Flat LSTM,47,32004,7,120,34.03681182861328,107.74466705322266,92.70019760131837,102.11008834838867,105.04444999694825,0.008333333333333333,0.0,9482.1748046875,-776.665969401598
dynamic_120,Dynamic 120,catalogue_size,flat_lstm,Flat LSTM,48,32004,8,120,50.4954948425293,107.86366271972656,102.89096450805664,106.50288352966308,107.75294418334961,0.025,0.0,10106.8212890625,-778.1694794967771
dynamic_120,Dynamic 120,catalogue_size,flat_lstm,Flat LSTM,49,32004,9,120,8.892996788024902,71.69989776611328,20.855172157287654,27.68069896697998,54.98720657348637,0.4666666666666667,0.0,8181.125,-646.1587469726801
dynamic_120,Dynamic 120,catalogue_size,pointer_lstm,Attention-LSTM pointer,0,32000,0,120,1.1740037202835083,18.49264144897461,1.9880643010139474,2.847103047370907,7.823327832221989,0.9583333333333334,0.06666666666666667,6478.20849609375,-525.3762733414769
dynamic_120,Dynamic 120,catalogue_size,pointer_lstm,Attention-LSTM pointer,1,32000,1,120,0.9248167276382446,4.369832992553711,2.0068901777267456,2.540164983272552,4.256181237697602,1.0,0.06666666666666667,5873.58349609375,-290.32933400571346
dynamic_120,Dynamic 120,catalogue_size,pointer_lstm,Attention-LSTM pointer,2,32000,2,120,1.1401829719543457,10.872861862182617,2.5898308038711564,3.4388542056083673,4.03098154783249,0.9916666666666667,0.058333333333333334,5762.83349609375,-482.6980988532305
dynamic_120,Dynamic 120,catalogue_size,pointer_lstm,Attention-LSTM pointer,3,32000,3,120,1.1603264808654785,13.145069122314453,2.316666316986084,3.149067175388336,9.974091506004351,0.9833333333333333,0.025,5975.25,-459.46719247847795
dynamic_120,Dynamic 120,catalogue_size,pointer_lstm,Attention-LSTM pointer,4,32000,4,120,0.8607457280158997,4.868676662445068,1.6791394829750064,2.02761458158493,3.9991760849952733,1.0,0.075,5464.45849609375,-342.78613305464387
dynamic_120,Dynamic 120,catalogue_size,pointer_lstm,Attention-LSTM pointer,5,32000,5,120,1.1432263851165771,7.246475696563721,2.371376872062683,2.8709915876388545,7.087490215301514,0.9666666666666667,0.058333333333333334,5682.5,-475.8016639202833
dynamic_120,Dynamic 120,catalogue_size,pointer_lstm,Attention-LSTM pointer,6,32000,6,120,2.798713445663452,97.01200866699219,3.803976392745972,11.255024814605713,20.367541694641126,0.925,0.06666666666666667,6229.70849609375,-544.6337346881628
dynamic_120,Dynamic 120,catalogue_size,pointer_lstm,Attention-LSTM pointer,7,32000,7,120,2.076226234436035,27.397676467895508,4.730132627487193,9.42159204483032,18.99191141128542,0.9,0.05,6892.04150390625,-545.5090603902936
dynamic_120,Dynamic 120,catalogue_size,pointer_lstm,Attention-LSTM pointer,8,32000,8,120,1.6164166927337646,9.269722938537598,3.1599176645278955,4.577219200134277,8.402566061019899,0.9583333333333334,0.05,7168.0,-574.010283479467
dynamic_120,Dynamic 120,catalogue_size,pointer_lstm,Attention-LSTM pointer,9,32000,9,120,1.2552852630615234,3.5749363899230957,2.822899436950684,3.0398552179336544,3.478874683380127,1.0,0.06666666666666667,6020.625,-504.86945392750204
dynamic_120,Dynamic 120,catalogue_size,pointer_lstm,Attention-LSTM pointer,10,32001,0,120,1.0552451610565186,3.9888713359832764,2.5970043420791638,3.208624589443206,3.872767560482026,1.0,0.075,6068.83349609375,-353.53944152221084
dynamic_120,Dynamic 120,catalogue_size,pointer_lstm,Attention-LSTM pointer,11,32001,1,120,1.3315616846084595,19.32459259033203,2.231468057632447,3.2160533308982844,11.059079279899608,0.9666666666666667,0.008333333333333333,6622.70849609375,-539.065833427012
dynamic_120,Dynamic 120,catalogue_size,pointer_lstm,Attention-LSTM pointer,12,32001,2,120,1.0961657762527466,6.342532634735107,2.521647953987123,3.169025409221649,5.154389553070069,0.9833333333333333,0.058333333333333334,6093.66650390625,-475.89337256737053
dynamic_120,Dynamic 120,catalogue_size,pointer_lstm,Attention-LSTM pointer,13,32001,3,120,0.9583644866943359,3.3802754878997803,1.7650838851928712,2.193334686756134,2.9630759191513074,1.0,0.058333333333333334,5694.125,-306.61823442205787
dynamic_120,Dynamic 120,catalogue_size,pointer_lstm,Attention-LSTM pointer,14,32001,4,120,1.212999939918518,27.85072898864746,2.1291011810302733,2.4132603406906123,3.439461650848389,0.9916666666666667,0.041666666666666664,5803.20849609375,-498.5891998410225
dynamic_120,Dynamic 120,catalogue_size,pointer_lstm,Attention-LSTM pointer,15,32001,5,120,1.3090757131576538,16.28800392150879,2.070865249633789,2.4130746364593496,9.461322975158694,0.975,0.05,6166.95849609375,-516.6815633624792
dynamic_120,Dynamic 120,catalogue_size,pointer_lstm,Attention-LSTM pointer,16,32001,6,120,1.5822787284851074,11.561441421508789,3.083975338935853,3.8663892149925223,6.45877383708954,0.9666666666666667,0.03333333333333333,6731.08349609375,-558.5421945154667
dynamic_120,Dynamic 120,catalogue_size,pointer_lstm,Attention-LSTM pointer,17,32001,7,120,2.2097737789154053,33.17082977294922,3.3333081007003793,6.432198119163512,27.894190769195568,0.9416666666666667,0.025,6290.5,-575.9473397694528
dynamic_120,Dynamic 120,catalogue_size,pointer_lstm,Attention-LSTM pointer,18,32001,8,120,1.1677286624908447,4.475318431854248,2.6979112148284914,3.3079287528991697,4.347421412467957,1.0,0.11666666666666667,7657.75,-463.96412321925163
dynamic_120,Dynamic 120,catalogue_size,pointer_lstm,Attention-LSTM pointer,19,32001,9,120,1.4068796634674072,14.547554016113281,2.3644838809967044,3.0289494991302477,11.897732944488526,0.9583333333333334,0.058333333333333334,5490.08349609375,-542.8105356991291
dynamic_120,Dynamic 120,catalogue_size,pointer_lstm,Attention-LSTM pointer,20,32002,0,120,0.8573576807975769,2.602417469024658,1.67636353969574,1.9830635905265803,2.2751980948448183,1.0,0.075,5611.95849609375,-388.8689245209098
dynamic_120,Dynamic 120,catalogue_size,pointer_lstm,Attention-LSTM pointer,21,32002,1,120,1.5418665409088135,18.26656723022461,2.1699727535247813,6.799172878265373,13.183190259933475,0.9333333333333333,0.10833333333333334,6464.08349609375,-491.6974883824587
dynamic_120,Dynamic 120,catalogue_size,pointer_lstm,Attention-LSTM pointer,22,32002,2,120,1.0247712135314941,6.115254878997803,2.0643970489501955,2.793787336349487,5.24563873291016,0.9833333333333333,0.05,5724.08349609375,-425.55275793001056
dynamic_120,Dynamic 120,catalogue_size,pointer_lstm,Attention-LSTM pointer,23,32002,3,120,2.7543070316314697,34.00766372680664,3.920845508575441,10.93507084846495,23.150565738677983,0.9166666666666666,0.041666666666666664,5361.25,-569.024065002799
dynamic_120,Dynamic 120,catalogue_size,pointer_lstm,Attention-LSTM pointer,24,32002,4,120,1.2213231325149536,6.315908432006836,2.724044775962831,3.413752400875091,4.7712157297134405,0.9916666666666667,0.03333333333333333,5798.375,-567.421637352556
dynamic_120,Dynamic 120,catalogue_size,pointer_lstm,Attention-LSTM pointer,25,32002,5,120,0.893602192401886,4.712579250335693,1.726912415027619,2.035641574859619,3.971643660068516,1.0,0.041666666666666664,6675.41650390625,-362.82045125961304
dynamic_120,Dynamic 120,catalogue_size,pointer_lstm,Attention-LSTM pointer,26,32002,6,120,1.1014411449432373,4.006840229034424,2.2769626140594483,2.849754154682159,3.81987596988678,1.0,0.058333333333333334,6257.79150390625,-281.4554660189897
dynamic_120,Dynamic 120,catalogue_size,pointer_lstm,Attention-LSTM pointer,27,32002,7,120,1.08516263961792,4.1240973472595215,2.441715955734253,3.053200125694275,3.889539380073548,1.0,0.08333333333333333,5698.08349609375,-485.7643662802875
dynamic_120,Dynamic 120,catalogue_size,pointer_lstm,Attention-LSTM pointer,28,32002,8,120,1.1221290826797485,11.566231727600098,1.9576484322547918,2.4620118498802186,5.782179200649267,0.9833333333333333,0.06666666666666667,5733.70849609375,-434.96667693182826
dynamic_120,Dynamic 120,catalogue_size,pointer_lstm,Attention-LSTM pointer,29,32002,9,120,1.071598768234253,6.627595901489258,2.2473774671554567,2.8807248473167415,4.615708613395692,0.9916666666666667,0.075,6874.79150390625,-504.6382924085483
dynamic_120,Dynamic 120,catalogue_size,pointer_lstm,Attention-LSTM pointer,30,32003,0,120,1.4124107360839844,33.80326461791992,2.1580009460449223,3.039913034439086,7.964252290725719,0.9833333333333333,0.058333333333333334,6020.375,-556.1774199865758
dynamic_120,Dynamic 120,catalogue_size,pointer_lstm,Attention-LSTM pointer,31,32003,1,120,1.5385154485702515,33.04618453979492,2.736483097076416,3.300628352165222,10.603942198753375,0.9833333333333333,0.041666666666666664,7011.66650390625,-454.0774954482913
dynamic_120,Dynamic 120,catalogue_size,pointer_lstm,Attention-LSTM pointer,32,32003,2,120,0.919384241104126,3.9392318725585938,1.7143882513046265,2.564065968990326,3.661580753326416,1.0,0.05,5314.20849609375,-343.9218518398702
dynamic_120,Dynamic 120,catalogue_size,pointer_lstm,Attention-LSTM pointer,33,32003,3,120,3.0294885635375977,62.51454544067383,3.6704976797103885,9.4324134349823,39.75139419555667,0.9166666666666666,0.05,7237.04150390625,-576.2672994062304
dynamic_120,Dynamic 120,catalogue_size,pointer_lstm,Attention-LSTM pointer,34,32003,4,120,0.9105783700942993,5.452223300933838,1.7553385972976696,2.5810623168945312,3.2685249137878425,0.9916666666666667,0.05,6535.33349609375,-91.68392002722248
dynamic_120,Dynamic 120,catalogue_size,pointer_lstm,Attention-LSTM pointer,35,32003,5,120,2.265446424484253,108.38679504394531,2.688293170928958,3.896893119812012,14.613762378692645,0.9666666666666667,0.041666666666666664,6636.58349609375,-539.2311460673809
dynamic_120,Dynamic 120,catalogue_size,pointer_lstm,Attention-LSTM pointer,36,32003,6,120,1.1626607179641724,4.024463653564453,2.4654097080230724,3.0987966656684867,3.870131118297577,1.0,0.1,6834.20849609375,-326.51973028481007
dynamic_120,Dynamic 120,catalogue_size,pointer_lstm,Attention-LSTM pointer,37,32003,7,120,2.039311647415161,61.49246597290039,2.466139554977417,5.147063708305355,25.739823665618925,0.9416666666666667,0.075,5761.25,-563.4931277036667
dynamic_120,Dynamic 120,catalogue_size,pointer_lstm,Attention-LSTM pointer,38,32003,8,120,1.4432499408721924,6.917990207672119,3.569814944267273,4.208062434196472,5.110636339187622,0.9833333333333333,0.05,6932.58349609375,-521.7586781736463
dynamic_120,Dynamic 120,catalogue_size,pointer_lstm,Attention-LSTM pointer,39,32003,9,120,1.609108805656433,22.85066795349121,2.8914193153381356,4.388228774070738,11.481346187591567,0.9583333333333334,0.041666666666666664,6079.70849609375,-606.7182734161615
dynamic_120,Dynamic 120,catalogue_size,pointer_lstm,Attention-LSTM pointer,40,32004,0,120,1.0765212774276733,3.5359046459198,2.1367935657501236,2.530994641780853,3.435312447547914,1.0,0.041666666666666664,6336.91650390625,-438.3213639333844
dynamic_120,Dynamic 120,catalogue_size,pointer_lstm,Attention-LSTM pointer,41,32004,1,120,1.0817469358444214,6.674620151519775,2.439377689361572,3.0726627588272093,3.5655145192146307,0.9916666666666667,0.08333333333333333,6381.45849609375,-365.62250342033803
dynamic_120,Dynamic 120,catalogue_size,pointer_lstm,Attention-LSTM pointer,42,32004,2,120,2.825157642364502,50.27391052246094,3.684668111801149,12.450135803222647,41.17546049118046,0.9333333333333333,0.058333333333333334,6110.0,-558.8993627429008
dynamic_120,Dynamic 120,catalogue_size,pointer_lstm,Attention-LSTM pointer,43,32004,3,120,3.44003963470459,103.97367858886719,3.2204726696014405,7.497771406173692,84.78955429077166,0.9333333333333333,0.06666666666666667,6031.75,-578.4948811680079
dynamic_120,Dynamic 120,catalogue_size,pointer_lstm,Attention-LSTM pointer,44,32004,4,120,1.8996511697769165,52.270023345947266,3.065659689903259,3.605728888511657,23.756328210830713,0.9583333333333334,0.09166666666666666,6518.95849609375,-536.6161001175642
dynamic_120,Dynamic 120,catalogue_size,pointer_lstm,Attention-LSTM pointer,45,32004,5,120,1.0684577226638794,4.427158355712891,2.0513601064682008,2.98320574760437,3.8799374127388004,1.0,0.05,6791.875,-396.6996088884771
dynamic_120,Dynamic 120,catalogue_size,pointer_lstm,Attention-LSTM pointer,46,32004,6,120,1.1157153844833374,22.62552833557129,1.8830495834350598,2.5659109115600582,3.3785173535346993,0.9916666666666667,0.058333333333333334,6264.58349609375,-404.76741243712604
dynamic_120,Dynamic 120,catalogue_size,pointer_lstm,Attention-LSTM pointer,47,32004,7,120,1.1485730409622192,11.98932933807373,2.2815780639648438,2.6947256684303276,5.782402796745302,0.975,0.05,7004.45849609375,-487.2280549146235
dynamic_120,Dynamic 120,catalogue_size,pointer_lstm,Attention-LSTM pointer,48,32004,8,120,2.3451836109161377,108.71204376220703,2.842482566833497,3.5693579554557795,7.9904071998596224,0.9666666666666667,0.041666666666666664,6778.20849609375,-548.7048428282142
dynamic_120,Dynamic 120,catalogue_size,pointer_lstm,Attention-LSTM pointer,49,32004,9,120,2.354736328125,42.01956558227539,3.832883405685426,7.739373159408562,20.111124515533447,0.925,0.03333333333333333,6188.29150390625,-577.3525429368019
low_inclination,Inclination 0-25 deg,orbital_regime,random_feasible,Random feasible,0,33000,0,30,25.57384490966797,107.70439910888672,81.58602066040042,100.2291275024414,106.04749488830566,0.5333333333333333,0.03333333333333333,5795.35302734375,-720.5912731289864
low_inclination,Inclination 0-25 deg,orbital_regime,random_feasible,Random feasible,1,33000,1,30,27.980525970458984,119.40892791748047,108.86063919067384,118.61818389892578,119.20302154541015,0.7,0.03333333333333333,5534.02685546875,-733.1362291276455
low_inclination,Inclination 0-25 deg,orbital_regime,random_feasible,Random feasible,2,33000,2,30,26.296483993530273,119.1165542602539,105.8978256225586,107.7488037109375,116.08154380798341,0.7,0.03333333333333333,6715.65087890625,-734.0859535560012
low_inclination,Inclination 0-25 deg,orbital_regime,random_feasible,Random feasible,3,33000,3,30,13.643336296081543,108.48768615722656,63.652173614501976,93.66241226196283,107.37554084777832,0.8,0.1,4842.52490234375,-671.8669432774186
low_inclination,Inclination 0-25 deg,orbital_regime,random_feasible,Random feasible,4,33000,4,30,20.059968948364258,108.78125762939453,86.40559616088869,102.58839836120602,108.6326490020752,0.6666666666666666,0.0,5277.66650390625,-696.4076255038381
low_inclination,Inclination 0-25 deg,orbital_regime,random_feasible,Random feasible,5,33000,5,30,24.283933639526367,107.67587280273438,104.70652465820312,107.16600952148437,107.61475624084473,0.6666666666666666,0.06666666666666667,6392.896484375,-714.8320927917957
low_inclination,Inclination 0-25 deg,orbital_regime,random_feasible,Random feasible,6,33000,6,30,23.13673973083496,120.19219207763672,102.2192253112793,112.12629470825193,118.77389976501465,0.6666666666666666,0.03333333333333333,6416.0869140625,-709.9716670513153
low_inclination,Inclination 0-25 deg,orbital_regime,random_feasible,Random feasible,7,33000,7,30,23.35116195678711,108.57533264160156,104.03309173583985,108.2035629272461,108.4712908935547,0.7333333333333333,0.06666666666666667,6250.3935546875,-704.8213018551469
low_inclination,Inclination 0-25 deg,orbital_regime,random_feasible,Random feasible,8,33000,8,30,13.038986206054688,118.80552673339844,24.44199790954598,87.68156089782708,112.75953605651857,0.7333333333333333,0.0,4520.5,-693.4291808530688
low_inclination,Inclination 0-25 deg,orbital_regime,random_feasible,Random feasible,9,33000,9,30,5.701043128967285,78.51123046875,8.6454375267029,20.514533233642577,61.7512772750855,0.8,0.06666666666666667,3987.5,-610.6302954256535
low_inclination,Inclination 0-25 deg,orbital_regime,random_feasible,Random feasible,10,33001,0,30,22.84161949157715,119.212158203125,109.84235382080078,114.95923347473142,119.09995887756348,0.7333333333333333,0.03333333333333333,5159.33349609375,-702.7019697204232
low_inclination,Inclination 0-25 deg,orbital_regime,random_feasible,Random feasible,11,33001,1,30,18.988954544067383,109.09273529052734,105.74067687988281,107.07431755065917,108.81923629760742,0.8,0.06666666666666667,5761.46923828125,-674.6669813841581
low_inclination,Inclination 0-25 deg,orbital_regime,random_feasible,Random feasible,12,33001,2,30,26.476266860961914,114.49417114257812,105.47402572631836,108.6141372680664,113.2857876586914,0.5666666666666667,0.06666666666666667,5451.98974609375,-714.6105305999517
low_inclination,Inclination 0-25 deg,orbital_regime,random_feasible,Random feasible,13,33001,3,30,20.499479293823242,115.29226684570312,106.67347106933595,111.34537467956541,114.9306452178955,0.8,0.1,5499.04833984375,-700.7924491167068
low_inclination,Inclination 0-25 deg,orbital_regime,random_feasible,Random feasible,14,33001,4,30,18.607606887817383,107.89729309082031,95.19894866943362,107.69068069458008,107.84127639770507,0.7666666666666667,0.0,5493.873046875,-696.9138860628009
low_inclination,Inclination 0-25 deg,orbital_regime,random_feasible,Random feasible,15,33001,5,30,15.379419326782227,106.02043151855469,93.27146530151369,105.1399055480957,105.7956788635254,0.8,0.0,5995.7216796875,-691.0605591312051
low_inclination,Inclination 0-25 deg,orbital_regime,random_feasible,Random feasible,16,33001,6,30,13.661826133728027,109.7049560546875,26.804383468628043,103.65545845031735,109.1779769897461,0.7333333333333333,0.06666666666666667,5638.8369140625,-652.8384523391724
low_inclination,Inclination 0-25 deg,orbital_regime,random_feasible,Random feasible,17,33001,7,30,21.338825225830078,113.28459167480469,104.44297561645509,108.7025276184082,112.05712295532227,0.7,0.03333333333333333,6294.9443359375,-697.7575701102614
low_inclination,Inclination 0-25 deg,orbital_regime,random_feasible,Random feasible,18,33001,8,30,23.271453857421875,120.68133544921875,91.05453414916994,107.50255012512207,117.1297381591797,0.6333333333333333,0.06666666666666667,5738.66357421875,-708.9173590689898
low_inclination,Inclination 0-25 deg,orbital_regime,random_feasible,Random feasible,19,33001,9,30,23.00988006591797,115.22044372558594,107.24368438720703,108.99038124084471,113.78077178955078,0.7,0.0,6095.75439453125,-726.6699410900474
low_inclination,Inclination 0-25 deg,orbital_regime,random_feasible,Random feasible,20,33002,0,30,23.655305862426758,119.28068542480469,104.36309051513673,117.26741218566893,119.20034423828125,0.6333333333333333,0.0,5165.0,-729.4872896894813
low_inclination,Inclination 0-25 deg,orbital_regime,random_feasible,Random feasible,21,33002,1,30,15.570707321166992,106.89826965332031,59.18224525451664,95.26707916259758,106.61794059753419,0.7333333333333333,0.1,5484.802734375,-693.4723189175129
low_inclination,Inclination 0-25 deg,orbital_regime,random_feasible,Random feasible,22,33002,2,30,21.170129776000977,108.81199645996094,105.40040588378906,107.35940589904784,108.52833312988281,0.7666666666666667,0.0,6141.2724609375,-725.5351462960243
low_inclination,Inclination 0-25 deg,orbital_regime,random_feasible,Random feasible,23,33002,3,30,32.95989227294922,117.44485473632812,108.44322662353515,111.48624572753904,116.36484191894532,0.5666666666666667,0.06666666666666667,5049.42724609375,-743.9172275438905
low_inclination,Inclination 0-25 deg,orbital_regime,random_feasible,Random feasible,24,33002,4,30,19.209510803222656,108.40091705322266,97.30239715576172,105.72050170898436,108.08759483337403,0.7,0.0,4455.087890625,-715.9127298593521
low_inclination,Inclination 0-25 deg,orbital_regime,random_feasible,Random feasible,25,33002,5,30,25.032695770263672,115.68971252441406,105.20269088745117,107.24925651550292,113.47040008544923,0.6666666666666666,0.06666666666666667,6808.5751953125,-732.0307847037911
low_inclination,Inclination 0-25 deg,orbital_regime,random_feasible,Random feasible,26,33002,6,30,24.097482681274414,115.3853759765625,89.84617309570314,104.22843399047849,113.16251022338868,0.6666666666666666,0.0,5464.6875,-722.2060108035803
low_inclination,Inclination 0-25 deg,orbital_regime,random_feasible,Random feasible,27,33002,7,30,26.583887100219727,109.96794128417969,96.09115447998047,104.74779052734374,108.79525024414063,0.6666666666666666,0.06666666666666667,5549.98486328125,-715.6467091366649
low_inclination,Inclination 0-25 deg,orbital_regime,random_feasible,Random feasible,28,33002,8,30,14.792255401611328,111.60828399658203,67.86376838684087,107.2374801635742,110.69908027648925,0.8,0.06666666666666667,5953.57373046875,-681.2466079816222
low_inclination,Inclination 0-25 deg,orbital_regime,random_feasible,Random feasible,29,33002,9,30,18.97404670715332,113.66732788085938,88.83805084228518,106.13285446166991,112.11660049438477,0.7333333333333333,0.06666666666666667,6285.896484375,-678.2589038833976
low_inclination,Inclination 0-25 deg,orbital_regime,random_feasible,Random feasible,30,33003,0,30,16.203460693359375,108.97527313232422,53.52626419067388,97.68117294311517,108.39369117736817,0.7,0.03333333333333333,4574.359375,-709.6266678199172
low_inclination,Inclination 0-25 deg,orbital_regime,random_feasible,Random feasible,31,33003,1,30,23.288537979125977,120.01727294921875,107.32966613769531,108.33398094177245,116.74339836120606,0.7,0.06666666666666667,6214.0791015625,-708.6699106916785
low_inclination,Inclination 0-25 deg,orbital_regime,random_feasible,Random feasible,32,33003,2,30,15.491315841674805,104.48001861572266,56.610661315918,91.01634597778315,103.38572616577149,0.7333333333333333,0.06666666666666667,4660.5,-698.4625334814191
low_inclination,Inclination 0-25 deg,orbital_regime,random_feasible,Random feasible,33,33003,3,30,8.730765342712402,108.8118667602539,14.953170776367203,47.00284957885731,96.1936829376221,0.8333333333333334,0.03333333333333333,4778.8935546875,-662.3248212113976
low_inclination,Inclination 0-25 deg,orbital_regime,random_feasible,Random feasible,34,33003,4,30,12.598199844360352,116.55135345458984,19.226376152038714,107.85483245849609,114.10034324645997,0.8333333333333334,0.1,5717.6171875,-638.231390312314
low_inclination,Inclination 0-25 deg,orbital_regime,random_feasible,Random feasible,35,33003,5,30,20.393360137939453,108.31908416748047,98.86044998168946,105.79261474609375,107.74514427185059,0.7,0.03333333333333333,6413.05712890625,-691.9144844934344
low_inclination,Inclination 0-25 deg,orbital_regime,random_feasible,Random feasible,36,33003,6,30,18.638593673706055,108.37267303466797,100.49830245971681,106.68851776123046,108.26650062561035,0.7666666666666667,0.03333333333333333,6783.189453125,-695.8875347003341
low_inclination,Inclination 0-25 deg,orbital_regime,random_feasible,Random feasible,37,33003,7,30,37.649478912353516,119.14353942871094,107.09892196655274,110.79987564086912,117.50022010803224,0.6,0.03333333333333333,7652.52099609375,-759.6904713660479
low_inclination,Inclination 0-25 deg,orbital_regime,random_feasible,Random feasible,38,33003,8,30,26.411224365234375,119.34337615966797,107.51020584106446,111.93319664001463,118.0179434967041,0.6,0.03333333333333333,6548.2236328125,-722.7115195542574
low_inclination,Inclination 0-25 deg,orbital_regime,random_feasible,Random feasible,39,33003,9,30,20.355426788330078,119.8626937866211,99.95624237060548,108.15015869140625,116.55820671081544,0.7,0.1,6145.22314453125,-711.6704998165369
low_inclination,Inclination 0-25 deg,orbital_regime,random_feasible,Random feasible,40,33004,0,30,24.535409927368164,108.98118591308594,103.91307754516602,106.51083374023438,108.36932556152344,0.7,0.06666666666666667,6880.41552734375,-723.4046998247504
low_inclination,Inclination 0-25 deg,orbital_regime,random_feasible,Random feasible,41,33004,1,30,26.85247039794922,119.84310150146484,104.6396110534668,113.44224815368649,119.50065582275391,0.6,0.03333333333333333,5943.3916015625,-724.5337980315089
low_inclination,Inclination 0-25 deg,orbital_regime,random_feasible,Random feasible,42,33004,2,30,17.407318115234375,113.78549194335938,90.56912918090822,103.107511138916,111.48932304382325,0.7333333333333333,0.03333333333333333,5446.37353515625,-687.7485744208097
low_inclination,Inclination 0-25 deg,orbital_regime,random_feasible,Random feasible,43,33004,3,30,15.162535667419434,118.51683807373047,93.40857238769532,101.9048473358154,115.07625862121583,0.8666666666666667,0.06666666666666667,4493.71875,-678.524049423635
low_inclination,Inclination 0-25 deg,orbital_regime,random_feasible,Random feasible,44,33004,4,30,20.09170150756836,107.41862487792969,90.60930480957032,100.34602127075192,106.89176307678223,0.7,0.06666666666666667,5825.8017578125,-682.3419442996383
low_inclination,Inclination 0-25 deg,orbital_regime,random_feasible,Random feasible,45,33004,5,30,25.737890243530273,107.59982299804688,104.61601486206055,107.14502639770508,107.5573779296875,0.6666666666666666,0.0,6014.1845703125,-727.3170037418604
low_inclination,Inclination 0-25 deg,orbital_regime,random_feasible,Random feasible,46,33004,6,30,23.026294708251953,118.86027526855469,107.0426528930664,108.78533096313477,115.95351379394532,0.6666666666666666,0.1,6411.36767578125,-689.0516961365938
low_inclination,Inclination 0-25 deg,orbital_regime,random_feasible,Random feasible,47,33004,7,30,25.195781707763672,115.99002075195312,105.86528778076172,108.09404258728027,113.78475341796876,0.7,0.06666666666666667,5556.62353515625,-725.64069557935
low_inclination,Inclination 0-25 deg,orbital_regime,random_feasible,Random feasible,48,33004,8,30,24.9298095703125,120.43791961669922,107.51551971435548,114.28325653076169,119.92200538635254,0.6333333333333333,0.03333333333333333,6874.17333984375,-735.9869027882814
low_inclination,Inclination 0-25 deg,orbital_regime,random_feasible,Random feasible,49,33004,9,30,29.147991180419922,118.42356872558594,104.32309112548829,107.46477050781249,115.55425201416017,0.6,0.03333333333333333,6116.546875,-735.6039982885122
low_inclination,Inclination 0-25 deg,orbital_regime,oldest_first,Oldest first,0,33000,0,30,2.9747421741485596,27.025333404541016,3.463357377052308,4.600155985355373,20.713082008361834,0.9333333333333333,0.03333333333333333,3198.666748046875,-471.2161802537739
low_inclination,Inclination 0-25 deg,orbital_regime,oldest_first,Oldest first,1,33000,1,30,1.9986392259597778,25.811748504638672,2.5137105464935305,3.0399281144142134,19.286186523437518,0.9666666666666667,0.0,2806.0,-449.9677000232041
low_inclination,Inclination 0-25 deg,orbital_regime,oldest_first,Oldest first,2,33000,2,30,4.505550861358643,28.269569396972656,24.695395851135256,26.41692790985107,27.92806182861328,0.8666666666666667,0.06666666666666667,2420.333251953125,-571.3701328188181
low_inclination,Inclination 0-25 deg,orbital_regime,oldest_first,Oldest first,3,33000,3,30,2.647024393081665,19.475933074951172,3.4048286914825443,11.29400291442867,18.943413295745852,0.9333333333333333,0.03333333333333333,2872.333251953125,-552.3231045231223
low_inclination,Inclination 0-25 deg,orbital_regime,oldest_first,Oldest first,4,33000,4,30,5.632513523101807,39.213443756103516,24.758207893371583,25.07295322418213,35.131775398254405,0.8,0.0,2728.833251953125,-634.0858271792531
low_inclination,Inclination 0-25 deg,orbital_regime,oldest_first,Oldest first,5,33000,5,30,3.021634101867676,23.101539611816406,14.932175636291507,18.70754089355468,22.145122833251957,0.8666666666666667,0.03333333333333333,2367.5,-593.3882183432579
low_inclination,Inclination 0-25 deg,orbital_regime,oldest_first,Oldest first,6,33000,6,30,1.9308303594589233,5.326194763183594,4.007735180854798,4.372322702407836,5.084918560981751,0.9666666666666667,0.1,3440.666748046875,170.1757166069001
low_inclination,Inclination 0-25 deg,orbital_regime,oldest_first,Oldest first,7,33000,7,30,5.367614269256592,59.08541488647461,10.977031517028836,28.880071544647215,50.35405401229861,0.8333333333333334,0.06666666666666667,3079.666748046875,-556.4903521239758
low_inclination,Inclination 0-25 deg,orbital_regime,oldest_first,Oldest first,8,33000,8,30,2.9952893257141113,24.655773162841797,4.2497232437133805,14.127415847778273,23.723122768402103,0.9,0.0,3170.166748046875,-521.2666511237621
low_inclination,Inclination 0-25 deg,orbital_regime,oldest_first,Oldest first,9,33000,9,30,1.5805624723434448,5.756781578063965,4.971969127655029,5.218891692161559,5.632007508277893,0.9,0.03333333333333333,2769.0,-442.67124776542187
low_inclination,Inclination 0-25 deg,orbital_regime,oldest_first,Oldest first,10,33001,0,30,4.6171698570251465,26.972566604614258,7.1821496009826955,26.27664718627929,26.94884834289551,0.8666666666666667,0.06666666666666667,3626.0,-545.770016938448
low_inclination,Inclination 0-25 deg,orbital_regime,oldest_first,Oldest first,11,33001,1,30,3.4962871074676514,26.215694427490234,4.988648557662982,17.418208312988277,23.9012733078003,0.9,0.06666666666666667,2365.333251953125,-576.7872995957732
low_inclination,Inclination 0-25 deg,orbital_regime,oldest_first,Oldest first,12,33001,2,30,1.718925952911377,18.418445587158203,3.2640322923660294,5.387973690032953,14.89217285156251,0.9333333333333333,0.0,3154.333251953125,-488.4919405467808
low_inclination,Inclination 0-25 deg,orbital_regime,oldest_first,Oldest first,13,33001,3,30,1.2232131958007812,3.967702865600586,2.9042906284332277,3.3528137922286967,3.887706141471863,1.0,0.0,3185.333251953125,435.8684141933918
low_inclination,Inclination 0-25 deg,orbital_regime,oldest_first,Oldest first,14,33001,4,30,1.4684802293777466,5.668349266052246,3.5084161281585695,3.8806617975234974,5.21207639694214,0.9666666666666667,0.03333333333333333,2893.666748046875,-437.09888123348355
low_inclination,Inclination 0-25 deg,orbital_regime,oldest_first,Oldest first,15,33001,5,30,3.631556749343872,41.66532516479492,3.628170824050906,18.582846832275322,38.13578950881959,0.9,0.1,2595.5,-508.2428084947169
low_inclination,Inclination 0-25 deg,orbital_regime,oldest_first,Oldest first,16,33001,6,30,1.678136944770813,6.19961404800415,3.209802794456484,4.993916177749631,5.978891921043397,0.9333333333333333,0.03333333333333333,3239.0,-137.87919560074806
low_inclination,Inclination 0-25 deg,orbital_regime,oldest_first,Oldest first,17,33001,7,30,3.7335734367370605,40.413997650146484,4.393333148956306,19.568690109252877,36.86834983825685,0.9,0.03333333333333333,3110.666748046875,-518.7582741975784
low_inclination,Inclination 0-25 deg,orbital_regime,oldest_first,Oldest first,18,33001,8,30,6.377965450286865,101.02337646484375,6.877664947509793,24.50390167236328,78.88174194335944,0.9,0.1,2761.5,-588.0993579998612
low_inclination,Inclination 0-25 deg,orbital_regime,oldest_first,Oldest first,19,33001,9,30,0.9504178166389465,3.4636807441711426,1.5292823553085328,2.24046125411987,3.2495567798614506,1.0,0.03333333333333333,3117.833251953125,336.20159348566085
low_inclination,Inclination 0-25 deg,orbital_regime,oldest_first,Oldest first,20,33002,0,30,1.4546153545379639,18.43363380432129,2.000987613201142,2.6018214106559743,13.884816360473646,0.9666666666666667,0.03333333333333333,3497.833251953125,-472.6576562821865
low_inclination,Inclination 0-25 deg,orbital_regime,oldest_first,Oldest first,21,33002,1,30,2.9097900390625,25.920040130615234,3.2945574522018455,12.08841543197628,23.686595191955572,0.9333333333333333,0.06666666666666667,2970.833251953125,-531.94112855196
low_inclination,Inclination 0-25 deg,orbital_regime,oldest_first,Oldest first,22,33002,2,30,2.208362102508545,36.16545867919922,2.0845049381256104,2.417711615562437,26.450688781738307,0.9666666666666667,0.0,2366.166748046875,-528.1921678483486
low_inclination,Inclination 0-25 deg,orbital_regime,oldest_first,Oldest first,23,33002,3,30,2.878218412399292,21.32003402709961,4.428050565719604,4.733020019531249,16.54789709091188,0.9666666666666667,0.06666666666666667,2801.0,-472.29470602050424
low_inclination,Inclination 0-25 deg,orbital_regime,oldest_first,Oldest first,24,33002,4,30,3.67179274559021,27.004459381103516,6.733111190795925,25.28027048110961,26.968430633544923,0.9,0.06666666666666667,2853.166748046875,-544.1123417578638
low_inclination,Inclination 0-25 deg,orbital_regime,oldest_first,Oldest first,25,33002,5,30,2.505525827407837,25.90951919555664,3.1256510972976685,3.773825752735135,19.62992300033571,0.9666666666666667,0.03333333333333333,3532.0,-447.8167359828949
low_inclination,Inclination 0-25 deg,orbital_regime,oldest_first,Oldest first,26,33002,6,30,2.0012590885162354,25.03571891784668,3.019065546989441,3.408265852928161,18.784173107147236,0.9666666666666667,0.03333333333333333,2620.666748046875,-470.8667626939714
low_inclination,Inclination 0-25 deg,orbital_regime,oldest_first,Oldest first,27,33002,7,30,0.7696946859359741,1.7503187656402588,1.2598623871803283,1.2886579751968383,1.621085698604584,1.0,0.06666666666666667,2822.0,613.8839998813346
low_inclination,Inclination 0-25 deg,orbital_regime,oldest_first,Oldest first,28,33002,8,30,1.6193674802780151,23.873489379882812,1.6267461419105531,2.66383712291717,17.963874835968035,0.9666666666666667,0.1,2961.333251953125,-440.70846609957516
low_inclination,Inclination 0-25 deg,orbital_regime,oldest_first,Oldest first,29,33002,9,30,3.0812315940856934,61.74546813964844,3.145256447792053,3.7915833473205534,45.086940383911184,0.9666666666666667,0.03333333333333333,2317.666748046875,-430.54596085101366
low_inclination,Inclination 0-25 deg,orbital_regime,oldest_first,Oldest first,30,33003,0,30,8.279067039489746,71.19537353515625,26.621192741394047,47.29868602752676,68.62387256622316,0.8333333333333334,0.03333333333333333,2854.5,-619.0004996880889
low_inclination,Inclination 0-25 deg,orbital_regime,oldest_first,Oldest first,31,33003,1,30,6.964247703552246,39.38380432128906,27.791247940063478,27.994741344451903,36.11619394302369,0.7666666666666667,0.06666666666666667,3270.666748046875,-611.9129980057478
low_inclination,Inclination 0-25 deg,orbital_regime,oldest_first,Oldest first,32,33003,2,30,5.774296283721924,97.0875244140625,4.095591449737554,17.016675090789747,76.20265686035162,0.9,0.06666666666666667,2972.333251953125,-576.5473670400679
low_inclination,Inclination 0-25 deg,orbital_regime,oldest_first,Oldest first,33,33003,3,30,1.0732215642929077,3.493539571762085,2.6663266420364384,3.0414425492286683,3.3681775927543645,1.0,0.0,2974.833251953125,552.4455529497936
low_inclination,Inclination 0-25 deg,orbital_regime,oldest_first,Oldest first,34,33003,4,30,6.620337009429932,80.69769287109375,6.29551286697391,44.709917926788236,74.40064926147463,0.9,0.06666666666666667,3773.833251953125,-566.796934813261
low_inclination,Inclination 0-25 deg,orbital_regime,oldest_first,Oldest first,35,33003,5,30,19.86282730102539,100.79740142822266,86.21131439208985,92.7011604309082,98.5652939605713,0.6666666666666666,0.03333333333333333,3407.5,-709.2950944304466
low_inclination,Inclination 0-25 deg,orbital_regime,oldest_first,Oldest first,36,33003,6,30,1.2550791501998901,3.514218330383301,2.834630656242371,2.908267605304718,3.3398105621337897,1.0,0.06666666666666667,2673.166748046875,376.9102293336764
low_inclination,Inclination 0-25 deg,orbital_regime,oldest_first,Oldest first,37,33003,7,30,2.565080165863037,25.728168487548828,2.000732934474946,14.834250354766782,25.496564750671386,0.9333333333333333,0.0,2815.166748046875,-433.85684206336737
low_inclination,Inclination 0-25 deg,orbital_regime,oldest_first,Oldest first,38,33003,8,30,4.333409786224365,51.2117919921875,5.4466742038727105,26.03632450103759,44.27948837280275,0.9,0.03333333333333333,3266.5,-558.9116070866585
low_inclination,Inclination 0-25 deg,orbital_regime,oldest_first,Oldest first,39,33003,9,30,1.2656233310699463,3.157780170440674,2.6730895757675173,2.887032949924469,3.090809338092804,1.0,0.03333333333333333,3225.166748046875,615.2694358229637
low_inclination,Inclination 0-25 deg,orbital_regime,oldest_first,Oldest first,40,33004,0,30,5.919457912445068,40.9144287109375,28.19885082244873,28.77269706726074,37.46373691558839,0.8333333333333334,0.1,2523.5,-608.967700958252
low_inclination,Inclination 0-25 deg,orbital_regime,oldest_first,Oldest first,41,33004,1,30,4.548772811889648,32.077728271484375,17.99891090393068,28.931831359863274,31.425408592224123,0.8666666666666667,0.0,2563.166748046875,-603.4505392462015
low_inclination,Inclination 0-25 deg,orbital_regime,oldest_first,Oldest first,42,33004,2,30,2.1094048023223877,27.110654830932617,3.781018590927124,3.9751609802246084,20.44460805892946,0.9666666666666667,0.0,2475.833251953125,-369.549973834306
low_inclination,Inclination 0-25 deg,orbital_regime,oldest_first,Oldest first,43,33004,3,30,2.8450675010681152,25.951862335205078,4.434627199172976,16.827740383148136,25.942738437652586,0.9,0.0,2705.833251953125,-500.7930677086115
low_inclination,Inclination 0-25 deg,orbital_regime,oldest_first,Oldest first,44,33004,4,30,1.1711143255233765,5.451192378997803,3.011432647705078,3.6225262403488134,5.041386809349062,0.9666666666666667,0.03333333333333333,3547.0,223.46868299227208
low_inclination,Inclination 0-25 deg,orbital_regime,oldest_first,Oldest first,45,33004,5,30,3.8465020656585693,26.987289428710938,5.9541705131530875,18.477638721466036,25.773084793090824,0.8333333333333334,0.03333333333333333,2731.833251953125,-535.6338670551777
low_inclination,Inclination 0-25 deg,orbital_regime,oldest_first,Oldest first,46,33004,6,30,3.5735890865325928,72.86090850830078,3.157007837295532,3.3309243917465206,52.72096473693854,0.9666666666666667,0.1,3046.833251953125,-482.8676978126168
low_inclination,Inclination 0-25 deg,orbital_regime,oldest_first,Oldest first,47,33004,7,30,3.213894844055176,28.608684539794922,4.600729370117188,16.662081909179626,27.933631172180178,0.9333333333333333,0.06666666666666667,3015.0,-461.24294179677963
low_inclination,Inclination 0-25 deg,orbital_regime,oldest_first,Oldest first,48,33004,8,30,2.615448474884033,28.861583709716797,3.385988187789917,4.425955176353449,22.01608627319338,0.9333333333333333,0.06666666666666667,2974.833251953125,-556.4114636257291
low_inclination,Inclination 0-25 deg,orbital_regime,oldest_first,Oldest first,49,33004,9,30,1.5782150030136108,5.141138076782227,2.923949217796326,3.9906735897064176,4.965269489288331,0.9666666666666667,0.03333333333333333,3010.166748046875,-199.71782786771655
low_inclination,Inclination 0-25 deg,orbital_regime,max_uncertainty_greedy,Max-U greedy,0,33000,0,30,1.143701434135437,2.8732476234436035,1.9464105367660525,2.4906832575798017,2.8474440574645996,1.0,0.03333333333333333,3240.333251953125,415.7902528550476
low_inclination,Inclination 0-25 deg,orbital_regime,max_uncertainty_greedy,Max-U greedy,1,33000,1,30,0.8998841643333435,1.6337889432907104,1.378954887390137,1.5911401987075806,1.62310324549675,1.0,0.03333333333333333,3235.166748046875,689.3973078913987
low_inclination,Inclination 0-25 deg,orbital_regime,max_uncertainty_greedy,Max-U greedy,2,33000,2,30,0.818447470664978,2.3088958263397217,1.3115517854690553,1.6743107020854935,2.1931025660038,1.0,0.06666666666666667,3954.666748046875,390.63362854812294
low_inclination,Inclination 0-25 deg,orbital_regime,max_uncertainty_greedy,Max-U greedy,3,33000,3,30,0.9581490755081177,3.430574893951416,1.6365988373756408,2.0647539913654307,3.1317695999145516,1.0,0.06666666666666667,4223.5,5.627308934926987
low_inclination,Inclination 0-25 deg,orbital_regime,max_uncertainty_greedy,Max-U greedy,4,33000,4,30,3.166120767593384,43.72242736816406,2.5454524755478047,18.772676420211756,38.209465904235856,0.9,0.0,3842.666748046875,-496.91753575205803
low_inclination,Inclination 0-25 deg,orbital_regime,max_uncertainty_greedy,Max-U greedy,5,33000,5,30,0.4905312955379486,1.1058731079101562,0.9116198718547823,1.0451474487781525,1.088794320821762,1.0,0.2,3275.5,659.085233705584
low_inclination,Inclination 0-25 deg,orbital_regime,max_uncertainty_greedy,Max-U greedy,6,33000,6,30,0.9164221882820129,2.353862762451172,1.4875326156616213,1.7443449974060055,2.198132433891297,1.0,0.1,3346.166748046875,924.3481541592628
low_inclination,Inclination 0-25 deg,orbital_regime,max_uncertainty_greedy,Max-U greedy,7,33000,7,30,0.5659988522529602,1.2556740045547485,0.9477576136589052,1.0445845544338226,1.195120737552643,1.0,0.1,3815.333251953125,506.1171944607049
low_inclination,Inclination 0-25 deg,orbital_regime,max_uncertainty_greedy,Max-U greedy,8,33000,8,30,1.0533217191696167,5.7099127769470215,1.9308251380920416,2.3283322215080258,4.743270885944369,0.9666666666666667,0.0,3842.833251953125,258.9444530811161
low_inclination,Inclination 0-25 deg,orbital_regime,max_uncertainty_greedy,Max-U greedy,9,33000,9,30,1.2873436212539673,6.232150077819824,3.0896376132965115,4.849754071235656,5.836162414550783,0.9666666666666667,0.0,4195.16650390625,-317.30128515698016
low_inclination,Inclination 0-25 deg,orbital_regime,max_uncertainty_greedy,Max-U greedy,10,33001,0,30,0.9973100423812866,2.5270137786865234,1.8030348181724551,2.1759599804878222,2.4786166739463806,1.0,0.06666666666666667,4228.33349609375,352.63013327587396
low_inclination,Inclination 0-25 deg,orbital_regime,max_uncertainty_greedy,Max-U greedy,11,33001,1,30,0.8374813795089722,2.090261936187744,1.2246400117874148,1.6586233675479876,2.024027390480042,1.0,0.0,3545.0,300.236032419838
low_inclination,Inclination 0-25 deg,orbital_regime,max_uncertainty_greedy,Max-U greedy,12,33001,2,30,0.6008767485618591,1.259893536567688,0.9483233749866486,1.0192228674888608,1.1987915980815889,1.0,0.06666666666666667,3583.666748046875,592.4255006294698
low_inclination,Inclination 0-25 deg,orbital_regime,max_uncertainty_greedy,Max-U greedy,13,33001,3,30,0.6938287019729614,1.4944988489151,1.002395534515381,1.0850204110145567,1.3848268485069277,1.0,0.06666666666666667,3699.833251953125,1020.1994898542762
low_inclination,Inclination 0-25 deg,orbital_regime,max_uncertainty_greedy,Max-U greedy,14,33001,4,30,0.6508819460868835,1.4578423500061035,0.9843511462211609,0.9862553685903549,1.3214231073856357,1.0,0.0,3091.833251953125,1069.5894241463393
low_inclination,Inclination 0-25 deg,orbital_regime,max_uncertainty_greedy,Max-U greedy,15,33001,5,30,0.7817752361297607,1.9782185554504395,1.082538712024689,1.2135653555393218,1.7631381928920753,1.0,0.0,3366.666748046875,718.8345215087757
low_inclination,Inclination 0-25 deg,orbital_regime,max_uncertainty_greedy,Max-U greedy,16,33001,6,30,0.8251582980155945,2.162105083465576,1.2571284294128418,1.4221329987049096,1.9770430421829228,1.0,0.03333333333333333,4153.5,482.70922357123345
low_inclination,Inclination 0-25 deg,orbital_regime,max_uncertainty_greedy,Max-U greedy,17,33001,7,30,0.6875625848770142,1.380188226699829,1.1719301342964172,1.2028488993644715,1.3302467107772828,1.0,0.03333333333333333,3856.166748046875,-80.91268590092659
low_inclination,Inclination 0-25 deg,orbital_regime,max_uncertainty_greedy,Max-U greedy,18,33001,8,30,0.7588011026382446,2.0929248332977295,1.293479108810425,1.506472843885421,1.9595447003841404,1.0,0.06666666666666667,3972.666748046875,286.91270480677485
low_inclination,Inclination 0-25 deg,orbital_regime,max_uncertainty_greedy,Max-U greedy,19,33001,9,30,1.0196105241775513,10.862369537353516,1.204610812664032,1.2611477613449096,8.078181915283212,0.9666666666666667,0.03333333333333333,3732.666748046875,-237.94775038585067
low_inclination,Inclination 0-25 deg,orbital_regime,max_uncertainty_greedy,Max-U greedy,20,33002,0,30,0.6195257306098938,1.3420096635818481,0.889275860786438,1.117552685737609,1.314702583551407,1.0,0.0,3362.0,313.7291039824486
low_inclination,Inclination 0-25 deg,orbital_regime,max_uncertainty_greedy,Max-U greedy,21,33002,1,30,0.9061000943183899,2.2921133041381836,1.2779338240623477,1.556636893749236,2.1208530247211463,1.0,0.1,3522.333251953125,651.3304779501632
low_inclination,Inclination 0-25 deg,orbital_regime,max_uncertainty_greedy,Max-U greedy,22,33002,2,30,0.6047434210777283,1.2442899942398071,0.9344340205192568,1.0665337085723876,1.1930864059925081,1.0,0.13333333333333333,3370.333251953125,728.4372406415641
low_inclination,Inclination 0-25 deg,orbital_regime,max_uncertainty_greedy,Max-U greedy,23,33002,3,30,1.0886328220367432,2.7386245727539062,1.8558988094329836,2.236637437343596,2.6598628520965577,1.0,0.06666666666666667,2803.666748046875,485.4572591409087
low_inclination,Inclination 0-25 deg,orbital_regime,max_uncertainty_greedy,Max-U greedy,24,33002,4,30,0.6662761569023132,1.1120902299880981,1.0400726675987244,1.063842624425888,1.100870726108551,1.0,0.06666666666666667,4028.333251953125,285.03908859193325
low_inclination,Inclination 0-25 deg,orbital_regime,max_uncertainty_greedy,Max-U greedy,25,33002,5,30,0.9756223559379578,2.6656885147094727,1.8306588292121895,2.493623757362365,2.6503215646743774,1.0,0.03333333333333333,4109.0,398.8955031912774
low_inclination,Inclination 0-25 deg,orbital_regime,max_uncertainty_greedy,Max-U greedy,26,33002,6,30,0.7147606015205383,1.726118803024292,1.1280256390571595,1.3709770083427417,1.6786190497875215,1.0,0.1,2813.0,947.4250275231898
low_inclination,Inclination 0-25 deg,orbital_regime,max_uncertainty_greedy,Max-U greedy,27,33002,7,30,0.6722384095191956,1.5269148349761963,1.0810423731803895,1.2547475099563596,1.4578854215145114,1.0,0.13333333333333333,3726.333251953125,1310.4076862484217
low_inclination,Inclination 0-25 deg,orbital_regime,max_uncertainty_greedy,Max-U greedy,28,33002,8,30,1.6145012378692627,24.160612106323242,1.3281900286674502,1.4990344047546384,17.595072021484395,0.9666666666666667,0.06666666666666667,4245.33349609375,-411.81419515702873
low_inclination,Inclination 0-25 deg,orbital_regime,max_uncertainty_greedy,Max-U greedy,29,33002,9,30,0.5932388305664062,1.3306773900985718,1.1665457367897034,1.1852570354938508,1.290682865381241,1.0,0.13333333333333333,3745.833251953125,-335.4873534422368
low_inclination,Inclination 0-25 deg,orbital_regime,max_uncertainty_greedy,Max-U greedy,30,33003,0,30,1.462287187576294,4.911470890045166,3.144046783447267,4.127398967742919,4.7088589668273935,1.0,0.03333333333333333,3789.666748046875,-181.74542055558413
low_inclination,Inclination 0-25 deg,orbital_regime,max_uncertainty_greedy,Max-U greedy,31,33003,1,30,0.6725929975509644,1.5283912420272827,1.1859491348266602,1.2244009256362913,1.446265550851822,1.0,0.13333333333333333,3808.0,899.4124201834202
low_inclination,Inclination 0-25 deg,orbital_regime,max_uncertainty_greedy,Max-U greedy,32,33003,2,30,0.8434116840362549,2.949352741241455,1.2393541216850281,2.0192675650119742,2.8619263601303104,1.0,0.06666666666666667,2842.5,669.4040222428739
low_inclination,Inclination 0-25 deg,orbital_regime,max_uncertainty_greedy,Max-U greedy,33,33003,3,30,0.8548513054847717,2.6602039337158203,1.417045271396637,2.05322501659393,2.6327270078659057,1.0,0.16666666666666666,3455.0,729.6783841969445
low_inclination,Inclination 0-25 deg,orbital_regime,max_uncertainty_greedy,Max-U greedy,34,33003,4,30,0.7071730494499207,1.2823498249053955,1.0770632147789,1.1119830071926116,1.2352094686031343,1.0,0.06666666666666667,3901.333251953125,924.6334480307996
low_inclination,Inclination 0-25 deg,orbital_regime,max_uncertainty_greedy,Max-U greedy,35,33003,5,30,0.9208686947822571,5.868487358093262,1.315296721458435,1.3675789356231687,4.570412559509281,0.9666666666666667,0.1,3607.5,155.55613739416003
low_inclination,Inclination 0-25 deg,orbital_regime,max_uncertainty_greedy,Max-U greedy,36,33003,6,30,0.6851574778556824,1.353775978088379,1.1185899019241337,1.3130474746227265,1.3420337998867036,1.0,0.03333333333333333,3614.0,1456.3600925840437
low_inclination,Inclination 0-25 deg,orbital_regime,max_uncertainty_greedy,Max-U greedy,37,33003,7,30,0.6376374959945679,1.0487796068191528,0.9075002014636995,1.0114546000957487,1.042690428495407,1.0,0.03333333333333333,4113.66650390625,791.0464880242944
low_inclination,Inclination 0-25 deg,orbital_regime,max_uncertainty_greedy,Max-U greedy,38,33003,8,30,1.156909704208374,7.906915187835693,2.080466866493225,2.734885478019711,6.553841180801395,0.9666666666666667,0.0,4438.16650390625,60.85081139393151
low_inclination,Inclination 0-25 deg,orbital_regime,max_uncertainty_greedy,Max-U greedy,39,33003,9,30,0.9647513031959534,3.078881025314331,1.9047034859657292,2.687209093570707,3.072138080596924,1.0,0.13333333333333333,4710.5,-285.3406209759414
low_inclination,Inclination 0-25 deg,orbital_regime,max_uncertainty_greedy,Max-U greedy,40,33004,0,30,1.3026713132858276,6.734813690185547,3.46361210346222,4.093596267700194,6.003419909477236,0.9666666666666667,0.0,3146.166748046875,-276.62586912326515
low_inclination,Inclination 0-25 deg,orbital_regime,max_uncertainty_greedy,Max-U greedy,41,33004,1,30,0.8236213326454163,1.6872093677520752,1.2643938422203065,1.503681993484496,1.6852986454963683,1.0,0.0,4069.333251953125,210.65207580663264
low_inclination,Inclination 0-25 deg,orbital_regime,max_uncertainty_greedy,Max-U greedy,42,33004,2,30,0.78360915184021,2.148531436920166,1.46039092540741,1.8187266707420338,2.1087694001197814,1.0,0.1,3106.666748046875,515.953698140569
low_inclination,Inclination 0-25 deg,orbital_regime,max_uncertainty_greedy,Max-U greedy,43,33004,3,30,0.7107236385345459,1.4163615703582764,1.1406516194343568,1.1815989732742307,1.3558701503276827,1.0,0.03333333333333333,4070.0,534.7990255579352
low_inclination,Inclination 0-25 deg,orbital_regime,max_uncertainty_greedy,Max-U greedy,44,33004,4,30,0.6306295990943909,1.315563440322876,1.1084690093994143,1.213860160112381,1.286884526014328,1.0,0.1,5102.5,592.9970522038639
low_inclination,Inclination 0-25 deg,orbital_regime,max_uncertainty_greedy,Max-U greedy,45,33004,5,30,2.579111337661743,26.01514434814453,5.559403896331796,11.632929706573483,21.969849061965952,0.9,0.0,3670.333251953125,-529.7096808627248
low_inclination,Inclination 0-25 deg,orbital_regime,max_uncertainty_greedy,Max-U greedy,46,33004,6,30,0.7678526639938354,1.787539005279541,1.0833036303520203,1.3919579505920394,1.7445155000686647,1.0,0.1,3502.166748046875,589.1592425527051
low_inclination,Inclination 0-25 deg,orbital_regime,max_uncertainty_greedy,Max-U greedy,47,33004,7,30,1.165405035018921,4.3111419677734375,2.297366905212403,3.433506727218625,4.1961555528640755,1.0,0.06666666666666667,3548.333251953125,323.3563377526589
low_inclination,Inclination 0-25 deg,orbital_regime,max_uncertainty_greedy,Max-U greedy,48,33004,8,30,0.7744015455245972,1.6481506824493408,1.2480440139770508,1.4166346549987787,1.6105605149269104,1.0,0.03333333333333333,3766.666748046875,905.8752671163529
low_inclination,Inclination 0-25 deg,orbital_regime,max_uncertainty_greedy,Max-U greedy,49,33004,9,30,0.9202076196670532,1.7380597591400146,1.3916931748390202,1.6877319097518921,1.7253033113479614,1.0,0.06666666666666667,3697.5,595.24684946239
low_inclination,Inclination 0-25 deg,orbital_regime,expected_info_gain,Expected information gain,0,33000,0,30,0.8103435635566711,2.360647678375244,1.577733445167542,1.8674412131309508,2.2198530995845798,1.0,0.1,3201.666748046875,1239.361315909773
low_inclination,Inclination 0-25 deg,orbital_regime,expected_info_gain,Expected information gain,1,33000,1,30,0.6572004556655884,1.7581603527069092,1.264132714271546,1.6472085177898403,1.7401936173439025,1.0,0.16666666666666666,3846.666748046875,752.5927914655767
low_inclination,Inclination 0-25 deg,orbital_regime,expected_info_gain,Expected information gain,2,33000,2,30,0.5798847079277039,2.0260984897613525,1.3149581789970402,1.5953575313091275,1.919226853847504,1.0,0.2,3305.166748046875,570.707776768133
low_inclination,Inclination 0-25 deg,orbital_regime,expected_info_gain,Expected information gain,3,33000,3,30,0.5013101696968079,1.5044059753417969,0.7543236494064331,0.7945821464061736,1.2996807801723487,1.0,0.2,3656.666748046875,543.2713550850749
low_inclination,Inclination 0-25 deg,orbital_regime,expected_info_gain,Expected information gain,4,33000,4,30,2.6354775428771973,40.210044860839844,2.5447702646255634,13.479278373718252,32.924610176086446,0.9,0.16666666666666666,3915.166748046875,-509.70380860567093
low_inclination,Inclination 0-25 deg,orbital_regime,expected_info_gain,Expected information gain,5,33000,5,30,0.3130980432033539,0.6104112863540649,0.4918703705072403,0.5266486585140226,0.5928624933958054,1.0,0.36666666666666664,4573.83349609375,1098.7492619641125
low_inclination,Inclination 0-25 deg,orbital_regime,expected_info_gain,Expected information gain,6,33000,6,30,0.8099836707115173,2.4123966693878174,1.3974777817726143,1.88378170132637,2.270188702344895,1.0,0.06666666666666667,3819.5,929.7352744480595
low_inclination,Inclination 0-25 deg,orbital_regime,expected_info_gain,Expected information gain,7,33000,7,30,0.4050247073173523,1.1948555707931519,0.7755943655967716,1.038726007938385,1.149846912622452,1.0,0.16666666666666666,3803.166748046875,413.25092813558877
low_inclination,Inclination 0-25 deg,orbital_regime,expected_info_gain,Expected information gain,8,33000,8,30,0.511335015296936,1.1377310752868652,0.923268735408783,1.0107224285602567,1.114336153268814,1.0,0.1,4166.66650390625,1480.4675403675064
low_inclination,Inclination 0-25 deg,orbital_regime,expected_info_gain,Expected information gain,9,33000,9,30,0.5343618988990784,1.2902379035949707,1.1083719849586489,1.2257959127426148,1.2735498344898224,1.0,0.23333333333333334,3176.833251953125,-320.02053379733115
low_inclination,Inclination 0-25 deg,orbital_regime,expected_info_gain,Expected information gain,10,33001,0,30,0.9352242946624756,4.51215124130249,1.8950724959373488,2.8209309101104734,4.0351071929931654,1.0,0.1,4542.16650390625,339.22903420962393
low_inclination,Inclination 0-25 deg,orbital_regime,expected_info_gain,Expected information gain,11,33001,1,30,0.6621533036231995,2.182098150253296,1.281210601329804,1.7358184933662406,2.089901670217514,1.0,0.16666666666666666,2447.666748046875,321.4793260367587
low_inclination,Inclination 0-25 deg,orbital_regime,expected_info_gain,Expected information gain,12,33001,2,30,0.482322633266449,1.3538601398468018,0.7371508777141573,0.8570479333400726,1.211434291005135,1.0,0.06666666666666667,4439.66650390625,718.508164213039
low_inclination,Inclination 0-25 deg,orbital_regime,expected_info_gain,Expected information gain,13,33001,3,30,0.37245383858680725,0.9559332132339478,0.6445395648479463,0.8100169271230692,0.9391662019491196,1.0,0.26666666666666666,3379.166748046875,1746.5231283102185
low_inclination,Inclination 0-25 deg,orbital_regime,expected_info_gain,Expected information gain,14,33001,4,30,0.48350954055786133,1.5372552871704102,0.756623810529709,0.9573666125535959,1.3962992286682132,1.0,0.1,3856.833251953125,1125.5662746559829
low_inclination,Inclination 0-25 deg,orbital_regime,expected_info_gain,Expected information gain,15,33001,5,30,0.5047219395637512,1.2408472299575806,0.9062995612621307,0.9933039933443065,1.1891480708122255,1.0,0.26666666666666666,3588.333251953125,852.8006376763806
low_inclination,Inclination 0-25 deg,orbital_regime,expected_info_gain,Expected information gain,16,33001,6,30,0.5489614009857178,1.6125664710998535,1.0192660927772528,1.4986492455005642,1.5910831356048585,1.0,0.13333333333333333,3760.166748046875,1462.9543791082688
low_inclination,Inclination 0-25 deg,orbital_regime,expected_info_gain,Expected information gain,17,33001,7,30,0.4789482653141022,1.178431510925293,0.7832121551036836,0.8757542312145232,1.094481282234192,1.0,0.06666666666666667,3278.0,1152.9884015871212
low_inclination,Inclination 0-25 deg,orbital_regime,expected_info_gain,Expected information gain,18,33001,8,30,0.5589905381202698,1.4443378448486328,1.0967926859855652,1.1779054403305054,1.3677958393096925,1.0,0.23333333333333334,3293.666748046875,152.96183699183166
low_inclination,Inclination 0-25 deg,orbital_regime,expected_info_gain,Expected information gain,19,33001,9,30,1.0928970575332642,10.862369537353516,1.9235341548919684,2.5197513103485103,8.468384103775032,0.9666666666666667,0.16666666666666666,3915.5,-329.48589637316763
low_inclination,Inclination 0-25 deg,orbital_regime,expected_info_gain,Expected information gain,20,33002,0,30,0.8075041174888611,11.693026542663574,0.7272515535354614,1.1291749238967876,8.720424213409434,0.9666666666666667,0.1,3987.0,170.07111505046487
low_inclination,Inclination 0-25 deg,orbital_regime,expected_info_gain,Expected information gain,21,33002,1,30,0.7487649917602539,2.0011560916900635,1.1921664237976084,1.839148950576782,1.962724542617798,1.0,0.13333333333333333,3790.5,597.7290986021981
low_inclination,Inclination 0-25 deg,orbital_regime,expected_info_gain,Expected information gain,22,33002,2,30,0.5196484327316284,1.1698411703109741,0.880375862121582,0.9870836853981014,1.1346058547496796,1.0,0.1,4164.66650390625,1314.9982833322138
low_inclination,Inclination 0-25 deg,orbital_regime,expected_info_gain,Expected information gain,23,33002,3,30,0.9209883809089661,3.012059211730957,1.720293664932251,1.8867634832859033,2.7158849203586586,1.0,0.1,2870.833251953125,604.4263072311878
low_inclination,Inclination 0-25 deg,orbital_regime,expected_info_gain,Expected information gain,24,33002,4,30,0.5087230801582336,1.3070859909057617,1.194873321056366,1.2960479617118834,1.3069867730140685,1.0,0.16666666666666666,4498.5,402.8259321823716
low_inclination,Inclination 0-25 deg,orbital_regime,expected_info_gain,Expected information gain,25,33002,5,30,0.5287403464317322,1.3231173753738403,0.9465180516242984,1.2377999961376185,1.320007222890854,1.0,0.1,4057.333251953125,1055.5479039773345
low_inclination,Inclination 0-25 deg,orbital_regime,expected_info_gain,Expected information gain,26,33002,6,30,0.5361236333847046,2.0445895195007324,1.26782443523407,1.36812424659729,1.853373790979386,1.0,0.2,3789.833251953125,1557.3361860848963
low_inclination,Inclination 0-25 deg,orbital_regime,expected_info_gain,Expected information gain,27,33002,7,30,0.4483684003353119,1.0197731256484985,0.7893593966960908,0.8674210011959074,0.9850045144557954,1.0,0.2,3642.666748046875,1310.6539603210986
low_inclination,Inclination 0-25 deg,orbital_regime,expected_info_gain,Expected information gain,28,33002,8,30,0.6962680816650391,3.504542350769043,1.046603608131409,1.3751420557498921,2.9405824613571183,1.0,0.2,4402.83349609375,295.8353042099625
low_inclination,Inclination 0-25 deg,orbital_regime,expected_info_gain,Expected information gain,29,33002,9,30,0.43928349018096924,1.157281517982483,0.7709550142288208,0.8042824536561965,1.0593369168043139,1.0,0.1,3715.666748046875,934.2457400411367
low_inclination,Inclination 0-25 deg,orbital_regime,expected_info_gain,Expected information gain,30,33003,0,30,0.9349070191383362,2.23292875289917,1.6769773960113528,1.8842728495597836,2.1443132436275483,1.0,0.1,3637.0,450.3110641185194
low_inclination,Inclination 0-25 deg,orbital_regime,expected_info_gain,Expected information gain,31,33003,1,30,0.4666869044303894,1.2147269248962402,0.9015331327915193,0.9265181213617325,1.1318108266592029,1.0,0.13333333333333333,3801.333251953125,756.3883534343913
low_inclination,Inclination 0-25 deg,orbital_regime,expected_info_gain,Expected information gain,32,33003,2,30,0.7704595327377319,2.5131795406341553,1.5669511079788212,2.1874547600746137,2.504682409763336,1.0,0.1,3251.666748046875,521.8064571600407
low_inclination,Inclination 0-25 deg,orbital_regime,expected_info_gain,Expected information gain,33,33003,3,30,0.6027022004127502,1.5212440490722656,1.0301834940910342,1.1913363575935363,1.4259994709491732,1.0,0.16666666666666666,3146.666748046875,1282.753436172381
low_inclination,Inclination 0-25 deg,orbital_regime,expected_info_gain,Expected information gain,34,33003,4,30,0.559685468673706,1.4290140867233276,0.9094171822071077,1.1647359639406196,1.3943809235095979,1.0,0.13333333333333333,3805.0,909.5933757117018
low_inclination,Inclination 0-25 deg,orbital_regime,expected_info_gain,Expected information gain,35,33003,5,30,0.7163917422294617,4.142447471618652,1.1531950950622565,1.5434750556945798,3.3995802307128926,1.0,0.16666666666666666,4034.666748046875,417.80281492881477
low_inclination,Inclination 0-25 deg,orbital_regime,expected_info_gain,Expected information gain,36,33003,6,30,0.425605446100235,1.134204387664795,0.7104368746280671,0.9589183986186973,1.1223163902759552,1.0,0.2,4156.0,1542.6334289088845
low_inclination,Inclination 0-25 deg,orbital_regime,expected_info_gain,Expected information gain,37,33003,7,30,0.46777066588401794,1.1256842613220215,0.7082895994186402,0.8917896419763558,1.0922215235233308,1.0,0.1,4511.5,784.2703307392076
low_inclination,Inclination 0-25 deg,orbital_regime,expected_info_gain,Expected information gain,38,33003,8,30,0.6397135853767395,1.7648537158966064,1.0109685540199282,1.4668647587299333,1.7395857536792756,1.0,0.2,4452.0,1276.9809958916157
low_inclination,Inclination 0-25 deg,orbital_regime,expected_info_gain,Expected information gain,39,33003,9,30,0.6996777653694153,3.454850912094116,1.2081100702285767,1.9479541003704033,3.189051020145417,1.0,0.23333333333333334,4210.5,487.6340311411768
low_inclination,Inclination 0-25 deg,orbital_regime,expected_info_gain,Expected information gain,40,33004,0,30,0.5844552516937256,2.003221035003662,1.068947672843934,1.5799236953258513,1.8847647249698642,1.0,0.16666666666666666,3909.333251953125,578.1629330143332
low_inclination,Inclination 0-25 deg,orbital_regime,expected_info_gain,Expected information gain,41,33004,1,30,0.4106336236000061,0.9186712503433228,0.6853125989437104,0.7710293352603911,0.8830141377449037,1.0,0.1,3441.333251953125,1063.3504015402868
low_inclination,Inclination 0-25 deg,orbital_regime,expected_info_gain,Expected information gain,42,33004,2,30,0.5629629492759705,1.60043466091156,1.1158465623855593,1.4197683751583097,1.5636616754531862,1.0,0.1,3925.666748046875,555.3875902872533
low_inclination,Inclination 0-25 deg,orbital_regime,expected_info_gain,Expected information gain,43,33004,3,30,0.5425975918769836,2.0484397411346436,0.8154523253440857,1.0923304975032795,1.8222699642181404,1.0,0.13333333333333333,3713.0,521.387283667922
low_inclination,Inclination 0-25 deg,orbital_regime,expected_info_gain,Expected information gain,44,33004,4,30,0.449893057346344,1.2847450971603394,0.6697008669376374,0.9152022451162327,1.2279239094257357,1.0,0.06666666666666667,4182.0,815.5954141775146
low_inclination,Inclination 0-25 deg,orbital_regime,expected_info_gain,Expected information gain,45,33004,5,30,2.4393417835235596,17.265426635742188,11.157452487945557,11.873789072036741,15.757549486160283,0.8666666666666667,0.06666666666666667,3872.0,-519.1270712725818
low_inclination,Inclination 0-25 deg,orbital_regime,expected_info_gain,Expected information gain,46,33004,6,30,0.6694217920303345,1.9721060991287231,1.226048839092255,1.4928076684474945,1.83373582482338,1.0,0.16666666666666666,3379.166748046875,611.109935965389
low_inclination,Inclination 0-25 deg,orbital_regime,expected_info_gain,Expected information gain,47,33004,7,30,0.4231119751930237,0.8776786923408508,0.7592096865177155,0.7991948068141935,0.8631040334701539,1.0,0.13333333333333333,4125.5,1884.0035872142762
low_inclination,Inclination 0-25 deg,orbital_regime,expected_info_gain,Expected information gain,48,33004,8,30,0.5258072018623352,1.6650419235229492,1.0709234476089478,1.1640235424041743,1.5400585627555852,1.0,0.1,3717.666748046875,1397.8722280208021
low_inclination,Inclination 0-25 deg,orbital_regime,expected_info_gain,Expected information gain,49,33004,9,30,0.6532773971557617,1.4992715120315552,1.2241188645362855,1.32524094581604,1.4525402653217316,1.0,0.1,4505.66650390625,1372.5389715041965
low_inclination,Inclination 0-25 deg,orbital_regime,beam_a_star,Beam A*,0,33000,0,30,0.872583270072937,1.714739203453064,1.360348916053772,1.5058479249477386,1.6627317428588868,1.0,0.03333333333333333,3544.166748046875,1156.4526474718004
low_inclination,Inclination 0-25 deg,orbital_regime,beam_a_star,Beam A*,1,33000,1,30,0.8724019527435303,1.866776704788208,1.4432784080505372,1.5928999662399288,1.8040042757987977,1.0,0.06666666666666667,4615.33349609375,651.974282857962
low_inclination,Inclination 0-25 deg,orbital_regime,beam_a_star,Beam A*,2,33000,2,30,0.7462587356567383,2.1520445346832275,1.2639461278915407,1.41452522277832,1.9509689331054694,1.0,0.03333333333333333,3292.0,575.1457340447232
low_inclination,Inclination 0-25 deg,orbital_regime,beam_a_star,Beam A*,3,33000,3,30,0.679831326007843,2.1682910919189453,1.0016160607337952,1.0357651591300965,1.840741856098176,1.0,0.06666666666666667,3192.833251953125,1211.5037980414927
low_inclination,Inclination 0-25 deg,orbital_regime,beam_a_star,Beam A*,4,33000,4,30,3.070894718170166,38.38593292236328,3.8774259567260865,17.4893658161163,33.743900165557875,0.9,0.03333333333333333,4724.83349609375,-499.0975040718913
low_inclination,Inclination 0-25 deg,orbital_regime,beam_a_star,Beam A*,5,33000,5,30,0.44990912079811096,1.0013256072998047,0.7315171360969545,0.8705760598182672,0.987885731458664,1.0,0.16666666666666666,3401.666748046875,1056.8695682836697
low_inclination,Inclination 0-25 deg,orbital_regime,beam_a_star,Beam A*,6,33000,6,30,0.8458274602890015,1.7118208408355713,1.4502424240112306,1.5893590271472926,1.695234375,1.0,0.1,3175.166748046875,913.5224655382335
low_inclination,Inclination 0-25 deg,orbital_regime,beam_a_star,Beam A*,7,33000,7,30,0.4791320264339447,1.0602128505706787,0.7362249970436097,0.8860959887504571,1.0374035215377808,1.0,0.1,3188.666748046875,579.9684532461688
low_inclination,Inclination 0-25 deg,orbital_regime,beam_a_star,Beam A*,8,33000,8,30,0.6740248203277588,1.9686912298202515,1.1018583536148072,1.2405159771442409,1.7776788461208348,1.0,0.06666666666666667,3944.333251953125,971.8004271015525
low_inclination,Inclination 0-25 deg,orbital_regime,beam_a_star,Beam A*,9,33000,9,30,0.6304585933685303,1.2333447933197021,1.0705668330192566,1.122786372900009,1.212370891571045,1.0,0.0,3739.833251953125,-368.38700892589986
low_inclination,Inclination 0-25 deg,orbital_regime,beam_a_star,Beam A*,10,33001,0,30,0.8168971538543701,1.586058497428894,1.365360391139984,1.3977809488773345,1.5361471271514895,1.0,0.06666666666666667,4392.66650390625,503.79734000377357
low_inclination,Inclination 0-25 deg,orbital_regime,beam_a_star,Beam A*,11,33001,1,30,0.9606065154075623,4.979885101318359,1.5664710283279426,2.153329515457153,4.179630370140078,1.0,0.1,3335.0,170.37372989207506
low_inclination,Inclination 0-25 deg,orbital_regime,beam_a_star,Beam A*,12,33001,2,30,0.5717413425445557,1.3041574954986572,0.9154016733169558,1.017001563310623,1.221148592233658,1.0,0.03333333333333333,3212.833251953125,576.2879279982299
low_inclination,Inclination 0-25 deg,orbital_regime,beam_a_star,Beam A*,13,33001,3,30,0.6899839043617249,3.233581066131592,1.1189773321151735,1.3366853713989248,2.725121798515321,1.0,0.06666666666666667,3495.666748046875,1423.238372579217
low_inclination,Inclination 0-25 deg,orbital_regime,beam_a_star,Beam A*,14,33001,4,30,0.5481933951377869,1.5249038934707642,0.8256829738616943,0.9344955503940577,1.3786978256702427,1.0,0.03333333333333333,2822.0,1098.1808246122673
low_inclination,Inclination 0-25 deg,orbital_regime,beam_a_star,Beam A*,15,33001,5,30,0.7127472162246704,1.9141862392425537,1.2531770467758179,1.407127177715301,1.7892351675033573,1.0,0.1,3173.833251953125,837.999760998413
low_inclination,Inclination 0-25 deg,orbital_regime,beam_a_star,Beam A*,16,33001,6,30,0.7333715558052063,1.735050916671753,1.3748826503753664,1.5852795660495755,1.7042031061649323,1.0,0.03333333333333333,3744.666748046875,1553.6332124117762
low_inclination,Inclination 0-25 deg,orbital_regime,beam_a_star,Beam A*,17,33001,7,30,0.5590745210647583,1.4558286666870117,0.8650341331958771,1.057083770632743,1.3835350537300113,1.0,0.1,4189.83349609375,542.3424129607156
low_inclination,Inclination 0-25 deg,orbital_regime,beam_a_star,Beam A*,18,33001,8,30,0.7215381860733032,1.829645037651062,1.3428260564804078,1.5371330082416528,1.7726998794078828,1.0,0.16666666666666666,3730.666748046875,565.9745085453615
low_inclination,Inclination 0-25 deg,orbital_regime,beam_a_star,Beam A*,19,33001,9,30,1.04304838180542,10.862369537353516,1.9200421929359437,2.523938930034635,8.56152474403382,0.9666666666666667,0.03333333333333333,3894.0,-255.32814836502075
low_inclination,Inclination 0-25 deg,orbital_regime,beam_a_star,Beam A*,20,33002,0,30,0.8369194865226746,12.008586883544922,0.8062726616859437,0.9009839296340942,8.789941329956065,0.9666666666666667,0.03333333333333333,4501.16650390625,123.00088335759938
low_inclination,Inclination 0-25 deg,orbital_regime,beam_a_star,Beam A*,21,33002,1,30,0.9438797235488892,2.9796605110168457,1.8742098212242129,2.2048667371273027,2.8143572807312016,1.0,0.16666666666666666,3778.166748046875,582.1774038914591
low_inclination,Inclination 0-25 deg,orbital_regime,beam_a_star,Beam A*,22,33002,2,30,0.5406523942947388,1.188828468322754,0.8099454462528228,0.8315579175949096,1.0898271274566653,1.0,0.03333333333333333,4137.0,1227.8981812670827
low_inclination,Inclination 0-25 deg,orbital_regime,beam_a_star,Beam A*,23,33002,3,30,0.8055819272994995,1.6639955043792725,1.5219712495803832,1.5992671012878414,1.66246799826622,1.0,0.1,3297.5,678.9149821195751
low_inclination,Inclination 0-25 deg,orbital_regime,beam_a_star,Beam A*,24,33002,4,30,0.5885193347930908,1.6684695482254028,0.8955680310726166,0.9976826518774029,1.4888310611248021,1.0,0.06666666666666667,3094.0,564.6193783497438
low_inclination,Inclination 0-25 deg,orbital_regime,beam_a_star,Beam A*,25,33002,5,30,0.7012842297554016,2.0241498947143555,0.993843811750412,1.5296238839626284,2.006783825159073,1.0,0.1,3628.5,605.7565825469792
low_inclination,Inclination 0-25 deg,orbital_regime,beam_a_star,Beam A*,26,33002,6,30,0.8110697865486145,2.914952039718628,1.7164816141128543,1.8888844370841977,2.62816151380539,1.0,0.1,2649.0,157.8443858306855
low_inclination,Inclination 0-25 deg,orbital_regime,beam_a_star,Beam A*,27,33002,7,30,0.5551607012748718,1.1555731296539307,1.0365443944931032,1.1236417233943938,1.1481507325172424,1.0,0.13333333333333333,3782.333251953125,1163.3768661431968
low_inclination,Inclination 0-25 deg,orbital_regime,beam_a_star,Beam A*,28,33002,8,30,0.7292108535766602,1.8166767358779907,1.2105178833007815,1.354291772842407,1.6923077309131627,1.0,0.16666666666666666,3665.166748046875,522.285464849323
low_inclination,Inclination 0-25 deg,orbital_regime,beam_a_star,Beam A*,29,33002,9,30,0.5221861004829407,1.0755330324172974,0.9944313645362854,1.043521785736084,1.0713776695728303,1.0,0.1,3623.333251953125,906.0146944243461
low_inclination,Inclination 0-25 deg,orbital_regime,beam_a_star,Beam A*,30,33003,0,30,1.0303311347961426,1.8487725257873535,1.5016587615013124,1.6354585051536559,1.7913405776023867,1.0,0.03333333333333333,2972.333251953125,60.86117547377944
low_inclination,Inclination 0-25 deg,orbital_regime,beam_a_star,Beam A*,31,33003,1,30,0.6095263957977295,1.3660006523132324,0.9829152107238772,1.2249942541122432,1.3448126196861268,1.0,0.06666666666666667,3534.166748046875,829.7938396902755
low_inclination,Inclination 0-25 deg,orbital_regime,beam_a_star,Beam A*,32,33003,2,30,0.8322407603263855,2.5762410163879395,1.6655545234680185,2.408768427371978,2.5709185123443605,1.0,0.06666666666666667,3538.333251953125,658.1698726732284
low_inclination,Inclination 0-25 deg,orbital_regime,beam_a_star,Beam A*,33,33003,3,30,0.9188728928565979,3.1636483669281006,2.250308465957642,2.50094084739685,2.9948427104949955,1.0,0.06666666666666667,4254.66650390625,902.4509815275669
low_inclination,Inclination 0-25 deg,orbital_regime,beam_a_star,Beam A*,34,33003,4,30,0.6919724345207214,1.5954773426055908,1.1137797594070435,1.1613124787807463,1.4783555996418003,1.0,0.06666666666666667,3911.333251953125,936.0349089438096
low_inclination,Inclination 0-25 deg,orbital_regime,beam_a_star,Beam A*,35,33003,5,30,0.7925025224685669,4.14244270324707,1.2114751219749456,1.7571425795555107,3.4922536849975607,1.0,0.1,3589.833251953125,411.2497152071446
low_inclination,Inclination 0-25 deg,orbital_regime,beam_a_star,Beam A*,36,33003,6,30,0.6649156212806702,1.3533363342285156,0.9870788037776947,1.1917138993740075,1.3414684224128723,1.0,0.03333333333333333,3832.5,1527.7159345233813
low_inclination,Inclination 0-25 deg,orbital_regime,beam_a_star,Beam A*,37,33003,7,30,0.5883978605270386,1.5457571744918823,0.873302859067917,1.030546113848686,1.406987332105637,1.0,0.0,4453.33349609375,794.5617799516767
low_inclination,Inclination 0-25 deg,orbital_regime,beam_a_star,Beam A*,38,33003,8,30,0.7220870852470398,1.4636385440826416,1.1654682874679565,1.310454255342483,1.4458936488628389,1.0,0.1,3646.333251953125,857.3825521413237
low_inclination,Inclination 0-25 deg,orbital_regime,beam_a_star,Beam A*,39,33003,9,30,0.7859432697296143,3.4538888931274414,1.2746290564537048,2.4151656389236393,3.413900279998779,1.0,0.2,4347.66650390625,450.6144433245063
low_inclination,Inclination 0-25 deg,orbital_regime,beam_a_star,Beam A*,40,33004,0,30,0.7043106555938721,2.0376501083374023,1.6636974930763244,1.760463714599609,1.977715483903885,1.0,0.06666666666666667,3615.666748046875,768.5386398360133
low_inclination,Inclination 0-25 deg,orbital_regime,beam_a_star,Beam A*,41,33004,1,30,0.7065853476524353,2.0317392349243164,1.2062330722808838,1.4949511408805836,1.934503350257874,1.0,0.1,3596.0,316.9972592005506
low_inclination,Inclination 0-25 deg,orbital_regime,beam_a_star,Beam A*,42,33004,2,30,0.7036165595054626,1.5342344045639038,1.2025323152542118,1.4423673152923582,1.5163327658176422,1.0,0.13333333333333333,3889.666748046875,545.0317645845935
low_inclination,Inclination 0-25 deg,orbital_regime,beam_a_star,Beam A*,43,33004,3,30,0.5876357555389404,1.1811866760253906,1.0865113615989686,1.1447858810424802,1.179824832677841,1.0,0.06666666666666667,3453.666748046875,566.5427042888477
low_inclination,Inclination 0-25 deg,orbital_regime,beam_a_star,Beam A*,44,33004,4,30,0.6708695888519287,1.6718040704727173,1.273447370529175,1.3430753111839293,1.5793903481960299,1.0,0.1,5322.5,427.9412064580247
low_inclination,Inclination 0-25 deg,orbital_regime,beam_a_star,Beam A*,45,33004,5,30,2.6448798179626465,20.771263122558594,11.157328891754151,11.873789072036741,18.246693391799933,0.8666666666666667,0.0,3850.0,-524.1289838850498
low_inclination,Inclination 0-25 deg,orbital_regime,beam_a_star,Beam A*,46,33004,6,30,0.721114456653595,1.863560676574707,1.1232064843177798,1.4068776011466977,1.744343914985657,1.0,0.1,3351.5,611.5783199639991
low_inclination,Inclination 0-25 deg,orbital_regime,beam_a_star,Beam A*,47,33004,7,30,0.7964500784873962,2.4913408756256104,1.1882896423339848,1.7907084584236124,2.380075926780701,1.0,0.06666666666666667,4736.0,75.73423368111253
low_inclination,Inclination 0-25 deg,orbital_regime,beam_a_star,Beam A*,48,33004,8,30,0.6985682845115662,1.9616163969039917,1.2227265596389774,1.7154292166233047,1.9596685802936553,1.0,0.03333333333333333,4098.0,761.1487295534462
low_inclination,Inclination 0-25 deg,orbital_regime,beam_a_star,Beam A*,49,33004,9,30,0.9100984334945679,1.9758272171020508,1.4604972720146179,1.4880259931087494,1.8354909420013432,1.0,0.06666666666666667,4365.83349609375,446.7809227015823
low_inclination,Inclination 0-25 deg,orbital_regime,flat_lstm,Flat LSTM,0,33000,0,30,0.8073826432228088,3.0036988258361816,1.4631247997283938,2.2755251407623254,2.956312568187714,1.0,0.06666666666666667,6591.5,343.05467117391527
low_inclination,Inclination 0-25 deg,orbital_regime,flat_lstm,Flat LSTM,1,33000,1,30,0.6389532089233398,2.3088176250457764,1.3796818256378183,1.953560638427734,2.220686693191529,1.0,0.13333333333333333,6821.16650390625,558.4421767238528
low_inclination,Inclination 0-25 deg,orbital_regime,flat_lstm,Flat LSTM,2,33000,2,30,0.5885316729545593,2.602072238922119,1.2489596009254464,1.9380147814750668,2.4258561468124396,1.0,0.2,5744.66650390625,452.41305069997907
low_inclination,Inclination 0-25 deg,orbital_regime,flat_lstm,Flat LSTM,3,33000,3,30,0.5444642901420593,2.104585647583008,1.299844551086426,1.703744471073149,2.0573142337799073,1.0,0.23333333333333334,6081.66650390625,551.5100642917678
low_inclination,Inclination 0-25 deg,orbital_regime,flat_lstm,Flat LSTM,4,33000,4,30,0.8587118983268738,5.713730812072754,1.8574885129928589,2.3615840435028055,4.850832877159121,0.9666666666666667,0.3,7056.0,10.490588452666998
low_inclination,Inclination 0-25 deg,orbital_regime,flat_lstm,Flat LSTM,5,33000,5,30,0.5044275522232056,1.7098135948181152,0.9517440259456638,1.1817553639411924,1.5623423433303838,1.0,0.16666666666666666,8182.83349609375,1082.5537689179182
low_inclination,Inclination 0-25 deg,orbital_regime,flat_lstm,Flat LSTM,6,33000,6,30,0.7822064161300659,3.0456228256225586,1.5503343224525457,2.4701656639575926,3.0150624012947085,1.0,0.16666666666666666,7169.16650390625,489.088036717847
low_inclination,Inclination 0-25 deg,orbital_regime,flat_lstm,Flat LSTM,7,33000,7,30,0.6067260503768921,2.944810390472412,1.3422983050346375,1.552013105154037,2.568845450878144,1.0,0.2,8178.16650390625,1680.609632785432
low_inclination,Inclination 0-25 deg,orbital_regime,flat_lstm,Flat LSTM,8,33000,8,30,0.6774287819862366,3.085876703262329,1.4253401875495917,2.159207314252851,2.9105320692062384,1.0,0.2,7906.5,1006.9364434638992
low_inclination,Inclination 0-25 deg,orbital_regime,flat_lstm,Flat LSTM,9,33000,9,30,1.0347013473510742,6.409379005432129,3.1168565511703514,5.036791396141051,6.08469533443451,0.9333333333333333,0.16666666666666666,6834.66650390625,193.99725053552538
low_inclination,Inclination 0-25 deg,orbital_regime,flat_lstm,Flat LSTM,10,33001,0,30,0.722764790058136,2.8841891288757324,1.607918441295624,1.7243549585342406,2.5516740894317635,1.0,0.13333333333333333,6647.5,423.16820644494146
low_inclination,Inclination 0-25 deg,orbital_regime,flat_lstm,Flat LSTM,11,33001,1,30,0.7316048741340637,4.146476745605469,2.0394518136978155,2.3643259286880487,3.652149217128755,1.0,0.16666666666666666,6653.33349609375,302.1379978340119
low_inclination,Inclination 0-25 deg,orbital_regime,flat_lstm,Flat LSTM,12,33001,2,30,0.6116517782211304,3.1323955059051514,1.075925087928772,1.2364642262458796,2.6049447929859175,1.0,0.16666666666666666,5787.0,297.0326908994466
low_inclination,Inclination 0-25 deg,orbital_regime,flat_lstm,Flat LSTM,13,33001,3,30,0.6346836686134338,2.3316311836242676,1.466911280155182,1.88505908846855,2.2757208991050724,1.0,0.13333333333333333,7231.66650390625,472.19846155308187
low_inclination,Inclination 0-25 deg,orbital_regime,flat_lstm,Flat LSTM,14,33001,4,30,0.6549734473228455,2.4586167335510254,1.7922904968261728,2.362271010875702,2.4374326419830323,1.0,0.23333333333333334,7166.33349609375,1535.55215681158
low_inclination,Inclination 0-25 deg,orbital_regime,flat_lstm,Flat LSTM,15,33001,5,30,0.5303182601928711,1.8635993003845215,1.2537223100662231,1.6178830742835983,1.8620889759063721,1.0,0.2,5844.66650390625,605.9747320152819
low_inclination,Inclination 0-25 deg,orbital_regime,flat_lstm,Flat LSTM,16,33001,6,30,0.7149097323417664,2.8831734657287598,1.594201385974884,1.7546498715877525,2.5860262858867653,1.0,0.13333333333333333,6035.5,-100.03901789337397
low_inclination,Inclination 0-25 deg,orbital_regime,flat_lstm,Flat LSTM,17,33001,7,30,0.702150285243988,3.8192481994628906,1.8933451771736152,2.743659079074857,3.6243642091751105,1.0,0.2,6329.83349609375,528.6796561675146
low_inclination,Inclination 0-25 deg,orbital_regime,flat_lstm,Flat LSTM,18,33001,8,30,0.736770510673523,2.5113723278045654,1.7357003331184389,1.8942631423473357,2.3374484109878546,1.0,0.2,6754.83349609375,799.0170507524163
low_inclination,Inclination 0-25 deg,orbital_regime,flat_lstm,Flat LSTM,19,33001,9,30,0.7059962749481201,3.4833152294158936,1.9919842004776003,2.473857176303862,3.2655603051185613,1.0,0.26666666666666666,6684.33349609375,637.3753790734336
low_inclination,Inclination 0-25 deg,orbital_regime,flat_lstm,Flat LSTM,20,33002,0,30,0.5585353374481201,3.4255459308624268,0.9026663541793826,1.3706203222274767,2.895890333652498,1.0,0.13333333333333333,6653.33349609375,464.57349308300763
low_inclination,Inclination 0-25 deg,orbital_regime,flat_lstm,Flat LSTM,21,33002,1,30,0.9829264879226685,4.626908779144287,2.286274147033692,3.1297771215438823,4.279436659812928,1.0,0.13333333333333333,6924.0,334.8062743311748
low_inclination,Inclination 0-25 deg,orbital_regime,flat_lstm,Flat LSTM,22,33002,2,30,0.5945253968238831,2.22932767868042,1.1947985768318183,1.9750712692737564,2.226430377960205,1.0,0.26666666666666666,7768.0,789.2539778091013
low_inclination,Inclination 0-25 deg,orbital_regime,flat_lstm,Flat LSTM,23,33002,3,30,1.3911389112472534,11.439468383789062,2.560217356681824,4.422909796237937,9.826682729721075,0.9333333333333333,0.13333333333333333,5657.5,-218.35553164966404
low_inclination,Inclination 0-25 deg,orbital_regime,flat_lstm,Flat LSTM,24,33002,4,30,0.7607325911521912,2.618067979812622,2.1070352077484134,2.2287475585937497,2.515960116386414,1.0,0.23333333333333334,8176.16650390625,1246.2951077651232
low_inclination,Inclination 0-25 deg,orbital_regime,flat_lstm,Flat LSTM,25,33002,5,30,0.5838767290115356,2.1955180168151855,1.4893809318542481,1.6574708819389339,2.0583157134056096,1.0,0.13333333333333333,6112.33349609375,595.44109825138
low_inclination,Inclination 0-25 deg,orbital_regime,flat_lstm,Flat LSTM,26,33002,6,30,0.5597083568572998,2.099874496459961,1.2681648492813113,1.665828526020049,2.0292357826232914,1.0,0.26666666666666666,6562.5,552.6480162693188
low_inclination,Inclination 0-25 deg,orbital_regime,flat_lstm,Flat LSTM,27,33002,7,30,0.7415974736213684,2.538710594177246,1.8792851448059087,2.1909530758857727,2.441425135135651,1.0,0.3,6306.66650390625,1307.9136552587152
low_inclination,Inclination 0-25 deg,orbital_regime,flat_lstm,Flat LSTM,28,33002,8,30,0.9371452331542969,3.470780849456787,2.340584802627564,2.8819089770317077,3.3034055209159856,1.0,0.2,6827.16650390625,125.75562572851777
low_inclination,Inclination 0-25 deg,orbital_regime,flat_lstm,Flat LSTM,29,33002,9,30,0.5720191597938538,2.937372922897339,0.9046534180641178,1.7687940955162014,2.7537076067924504,1.0,0.16666666666666666,6369.16650390625,410.72243087366223
low_inclination,Inclination 0-25 deg,orbital_regime,flat_lstm,Flat LSTM,30,33003,0,30,0.839323878288269,2.6834442615509033,1.865128910541535,2.372303414344787,2.618893170356751,1.0,0.1,7344.83349609375,397.25150172412395
low_inclination,Inclination 0-25 deg,orbital_regime,flat_lstm,Flat LSTM,31,33003,1,30,0.6371254324913025,2.7050669193267822,1.4598073005676275,2.054513758420943,2.5677281308174136,1.0,0.23333333333333334,6692.0,615.2612445922568
low_inclination,Inclination 0-25 deg,orbital_regime,flat_lstm,Flat LSTM,32,33003,2,30,1.0246176719665527,3.8714606761932373,2.862072539329529,3.183581423759459,3.7474177074432378,1.0,0.2,7297.5,318.8814342394471
low_inclination,Inclination 0-25 deg,orbital_regime,flat_lstm,Flat LSTM,33,33003,3,30,0.8026177883148193,4.101144790649414,1.5865960955619833,2.9262510657310488,3.7615108847618113,1.0,0.2,6975.0,312.86737995781004
low_inclination,Inclination 0-25 deg,orbital_regime,flat_lstm,Flat LSTM,34,33003,4,30,0.8381605744361877,2.9821572303771973,2.1482637166976932,2.3782760024070733,2.8414110159873966,1.0,0.16666666666666666,6234.0,584.7440769858658
low_inclination,Inclination 0-25 deg,orbital_regime,flat_lstm,Flat LSTM,35,33003,5,30,0.6338376998901367,2.446748733520508,1.2631151556968692,1.4855301499366755,2.1865969669818885,1.0,0.1,6435.66650390625,593.6388934953138
low_inclination,Inclination 0-25 deg,orbital_regime,flat_lstm,Flat LSTM,36,33003,6,30,0.5579016208648682,2.7672839164733887,1.1069250941276556,1.7824723660945874,2.565858528614045,1.0,0.2,7075.5,1065.1558722350746
low_inclination,Inclination 0-25 deg,orbital_regime,flat_lstm,Flat LSTM,37,33003,7,30,0.5442572236061096,3.9568960666656494,0.9665719985961915,1.355394530296324,3.2806427502632163,1.0,0.13333333333333333,7219.66650390625,695.4721305277199
low_inclination,Inclination 0-25 deg,orbital_regime,flat_lstm,Flat LSTM,38,33003,8,30,0.7909062504768372,4.1890645027160645,1.7661947250366223,2.5649872422218323,3.7268130469322216,1.0,0.2,6936.0,343.8889215979725
low_inclination,Inclination 0-25 deg,orbital_regime,flat_lstm,Flat LSTM,39,33003,9,30,0.6999557018280029,3.0316407680511475,1.3223079323768616,1.5520496368408194,2.642777433395387,1.0,0.16666666666666666,6741.33349609375,611.1309600640088
low_inclination,Inclination 0-25 deg,orbital_regime,flat_lstm,Flat LSTM,40,33004,0,30,0.5883749127388,2.0235166549682617,0.8532553374767304,1.3317846834659555,1.9213738059997563,1.0,0.13333333333333333,6842.33349609375,281.4783553369343
low_inclination,Inclination 0-25 deg,orbital_regime,flat_lstm,Flat LSTM,41,33004,1,30,0.6981032490730286,5.1144843101501465,1.5806780934333802,1.6683639168739317,4.123335461616519,0.9666666666666667,0.16666666666666666,6666.5,259.94043736252934
low_inclination,Inclination 0-25 deg,orbital_regime,flat_lstm,Flat LSTM,42,33004,2,30,0.7793928384780884,4.976210594177246,1.5278897881507885,3.0314806222915607,4.601915211677552,1.0,0.23333333333333334,7386.33349609375,378.50752236228436
low_inclination,Inclination 0-25 deg,orbital_regime,flat_lstm,Flat LSTM,43,33004,3,30,0.5516430735588074,2.7737972736358643,1.1991130709648132,1.2784622907638548,2.3481522417068494,1.0,0.26666666666666666,6924.66650390625,615.466804866679
low_inclination,Inclination 0-25 deg,orbital_regime,flat_lstm,Flat LSTM,44,33004,4,30,0.6566970944404602,1.717299461364746,1.26858286857605,1.5384373486042018,1.6920313954353334,1.0,0.1,7518.16650390625,314.0919233527966
low_inclination,Inclination 0-25 deg,orbital_regime,flat_lstm,Flat LSTM,45,33004,5,30,0.8640334606170654,5.762914657592773,1.6537303328514106,2.5518359065055822,4.948931143283846,0.9666666666666667,0.13333333333333333,6700.0,121.44038555026054
low_inclination,Inclination 0-25 deg,orbital_regime,flat_lstm,Flat LSTM,46,33004,6,30,0.739175021648407,3.32854962348938,1.9455255270004275,2.3415693044662462,3.108026416301728,1.0,0.13333333333333333,6639.0,671.2968493830413
low_inclination,Inclination 0-25 deg,orbital_regime,flat_lstm,Flat LSTM,47,33004,7,30,0.5319392085075378,1.9379041194915771,0.8848052382469181,1.246864211559295,1.767977439165116,1.0,0.2,6978.0,455.20469126012176
low_inclination,Inclination 0-25 deg,orbital_regime,flat_lstm,Flat LSTM,48,33004,8,30,0.5199471116065979,1.7734159231185913,1.122529232501984,1.5729134500026691,1.770459817647934,1.0,0.16666666666666666,6809.0,431.63025695830584
low_inclination,Inclination 0-25 deg,orbital_regime,flat_lstm,Flat LSTM,49,33004,9,30,0.7298847436904907,2.8267717361450195,1.6811767578125003,2.2938280999660474,2.7615052390098573,1.0,0.23333333333333334,7182.5,1130.6032209191471
low_inclination,Inclination 0-25 deg,orbital_regime,pointer_lstm,Attention-LSTM pointer,0,33000,0,30,0.5423092246055603,1.7631747722625732,0.7574536740779877,0.9939546197652805,1.5913926482200629,1.0,0.1,3622.333251953125,1197.151829391718
low_inclination,Inclination 0-25 deg,orbital_regime,pointer_lstm,Attention-LSTM pointer,1,33000,1,30,0.6292133927345276,3.172698736190796,1.0880813598632817,1.9326547563075993,2.934034488201142,1.0,0.16666666666666666,6064.66650390625,-365.29316153004766
low_inclination,Inclination 0-25 deg,orbital_regime,pointer_lstm,Attention-LSTM pointer,2,33000,2,30,0.4240010976791382,1.133260726928711,0.8652228057384492,0.9412023842334746,1.0826046347618103,1.0,0.1,4198.83349609375,1274.1651171790436
low_inclination,Inclination 0-25 deg,orbital_regime,pointer_lstm,Attention-LSTM pointer,3,33000,3,30,1.8904825448989868,30.691946029663086,4.349064731597902,5.283227443695068,23.331106300354026,0.9,0.16666666666666666,5058.83349609375,-460.63821882382035
low_inclination,Inclination 0-25 deg,orbital_regime,pointer_lstm,Attention-LSTM pointer,4,33000,4,30,0.597653329372406,8.484931945800781,0.604442232847214,0.7825929492712018,6.261726293563849,0.9666666666666667,0.3,5380.16650390625,429.5498866699636
low_inclination,Inclination 0-25 deg,orbital_regime,pointer_lstm,Attention-LSTM pointer,5,33000,5,30,6.85060453414917,35.20973587036133,24.19891681671143,30.955646419525134,34.49581398010254,0.7,0.0,3200.833251953125,-719.8651203587651
low_inclination,Inclination 0-25 deg,orbital_regime,pointer_lstm,Attention-LSTM pointer,6,33000,6,30,0.384652316570282,1.2091648578643799,0.6478358864784242,0.7964303195476529,1.1042353343963627,1.0,0.16666666666666666,4509.16650390625,1232.3158770268783
low_inclination,Inclination 0-25 deg,orbital_regime,pointer_lstm,Attention-LSTM pointer,7,33000,7,30,0.5294415950775146,1.4920282363891602,0.9423116981983185,1.2322848141193377,1.4812182223796846,1.0,0.2,4964.0,284.7779144439846
low_inclination,Inclination 0-25 deg,orbital_regime,pointer_lstm,Attention-LSTM pointer,8,33000,8,30,0.38304102420806885,0.9074268937110901,0.6305735468864442,0.7505078971385952,0.8775226384401322,1.0,0.23333333333333334,4841.5,1540.84669174999
low_inclination,Inclination 0-25 deg,orbital_regime,pointer_lstm,Attention-LSTM pointer,9,33000,9,30,5.240338325500488,47.492027282714844,19.3181453704834,32.570579910278255,46.23193489074708,0.8666666666666667,0.03333333333333333,3050.666748046875,-714.1537696272135
low_inclination,Inclination 0-25 deg,orbital_regime,pointer_lstm,Attention-LSTM pointer,10,33001,0,30,4.674584865570068,104.66155242919922,4.784290075302128,9.091412210464465,77.45982589721687,0.9,0.03333333333333333,7548.5,-487.66117679327726
low_inclination,Inclination 0-25 deg,orbital_regime,pointer_lstm,Attention-LSTM pointer,11,33001,1,30,0.6581620573997498,5.42660665512085,0.7430487692356113,3.0017420530319106,5.208500699996949,0.9666666666666667,0.2,6992.33349609375,147.72309733275324
low_inclination,Inclination 0-25 deg,orbital_regime,pointer_lstm,Attention-LSTM pointer,12,33001,2,30,0.7034763097763062,3.839986801147461,1.0859720587730413,2.3984930872917123,3.666270654201508,1.0,0.16666666666666666,7260.5,5.066035436466336
low_inclination,Inclination 0-25 deg,orbital_regime,pointer_lstm,Attention-LSTM pointer,13,33001,3,30,0.3419667184352875,0.9208853840827942,0.5574881732463837,0.6404750406742092,0.8585989153385164,1.0,0.16666666666666666,3804.666748046875,1087.8436930729076
low_inclination,Inclination 0-25 deg,orbital_regime,pointer_lstm,Attention-LSTM pointer,14,33001,4,30,0.4101599454879761,1.507856011390686,0.7096863865852359,0.8798392981290816,1.3344306039810185,1.0,0.2,4542.33349609375,1839.4508742792532
low_inclination,Inclination 0-25 deg,orbital_regime,pointer_lstm,Attention-LSTM pointer,15,33001,5,30,15.67626667022705,89.17292785644531,43.66830101013186,68.75868301391597,85.26376449584961,0.6,0.1,3291.833251953125,-728.4205274954438
low_inclination,Inclination 0-25 deg,orbital_regime,pointer_lstm,Attention-LSTM pointer,16,33001,6,30,7.0475053787231445,110.92715454101562,13.353095149993912,27.148166656494123,87.46085731506355,0.8,0.1,4040.166748046875,-698.7310185208917
low_inclination,Inclination 0-25 deg,orbital_regime,pointer_lstm,Attention-LSTM pointer,17,33001,7,30,0.2998164892196655,0.8235532641410828,0.4943721681833268,0.5333780348300934,0.7394294387102129,1.0,0.16666666666666666,5305.66650390625,1144.691850591451
low_inclination,Inclination 0-25 deg,orbital_regime,pointer_lstm,Attention-LSTM pointer,18,33001,8,30,0.5781317949295044,2.9600305557250977,1.4885624170303344,1.7603342354297626,2.6668780887126933,1.0,0.23333333333333334,5768.33349609375,708.1304639978334
low_inclination,Inclination 0-25 deg,orbital_regime,pointer_lstm,Attention-LSTM pointer,19,33001,9,30,5.911805152893066,75.69184112548828,17.155104637146,21.94521961212157,60.694838447570845,0.7666666666666667,0.1,4681.16650390625,-696.0612476840615
low_inclination,Inclination 0-25 deg,orbital_regime,pointer_lstm,Attention-LSTM pointer,20,33002,0,30,3.9249844551086426,45.808475494384766,5.428757953643833,27.551750946044923,40.52866321563722,0.9,0.1,4162.5,-670.5384690538049
low_inclination,Inclination 0-25 deg,orbital_regime,pointer_lstm,Attention-LSTM pointer,21,33002,1,30,0.4554098844528198,0.8434731364250183,0.7486177563667299,0.8219881683588027,0.8378410518169404,1.0,0.13333333333333333,4106.5,1441.4037538394332
low_inclination,Inclination 0-25 deg,orbital_regime,pointer_lstm,Attention-LSTM pointer,22,33002,2,30,0.34035128355026245,1.3298790454864502,0.8233070135116577,0.9037834674119946,1.2228217649459843,1.0,0.3,5505.5,826.796049490571
low_inclination,Inclination 0-25 deg,orbital_regime,pointer_lstm,Attention-LSTM pointer,23,33002,3,30,0.441180557012558,1.121537685394287,0.8330678284168244,0.920249372720718,1.0792491185665132,1.0,0.16666666666666666,4274.16650390625,1088.0845795227215
low_inclination,Inclination 0-25 deg,orbital_regime,pointer_lstm,Attention-LSTM pointer,24,33002,4,30,0.8992360830307007,6.276655673980713,1.6677392721176159,3.573996293544763,5.793172903060914,0.9666666666666667,0.1,5210.33349609375,-201.79894849751145
low_inclination,Inclination 0-25 deg,orbital_regime,pointer_lstm,Attention-LSTM pointer,25,33002,5,30,0.4188794791698456,0.9420453906059265,0.7503476738929749,0.7957623720169067,0.90227998316288,1.0,0.2,3714.0,1713.664330248721
low_inclination,Inclination 0-25 deg,orbital_regime,pointer_lstm,Attention-LSTM pointer,26,33002,6,30,0.2842605412006378,0.6758670210838318,0.39331284761428836,0.5158696442842479,0.65463682949543,1.0,0.23333333333333334,4114.33349609375,1843.8093399768695
low_inclination,Inclination 0-25 deg,orbital_regime,pointer_lstm,Attention-LSTM pointer,27,33002,7,30,0.4696221649646759,1.5196001529693604,0.7551790952682496,1.1090367019176468,1.4715954947471621,1.0,0.13333333333333333,5094.5,1084.655818713829
low_inclination,Inclination 0-25 deg,orbital_regime,pointer_lstm,Attention-LSTM pointer,28,33002,8,30,2.013383626937866,15.370613098144531,7.485753250122071,9.65417575836181,14.06916198730469,0.8666666666666667,0.03333333333333333,8509.6669921875,-254.1431083381176
low_inclination,Inclination 0-25 deg,orbital_regime,pointer_lstm,Attention-LSTM pointer,29,33002,9,30,0.4569881856441498,2.208357095718384,0.9438682019710545,1.3124585330486294,1.968879779577256,1.0,0.16666666666666666,4735.33349609375,1538.8614587709308
low_inclination,Inclination 0-25 deg,orbital_regime,pointer_lstm,Attention-LSTM pointer,30,33003,0,30,0.4105057418346405,0.866142988204956,0.7051509678363801,0.8085245460271833,0.8635627180337906,1.0,0.13333333333333333,4242.66650390625,1642.7644128873944
low_inclination,Inclination 0-25 deg,orbital_regime,pointer_lstm,Attention-LSTM pointer,31,33003,1,30,0.3577306866645813,0.8095259666442871,0.6240568161010743,0.705324950814247,0.7882874608039857,1.0,0.16666666666666666,4869.33349609375,1161.1888272725046
low_inclination,Inclination 0-25 deg,orbital_regime,pointer_lstm,Attention-LSTM pointer,32,33003,2,30,13.6146240234375,104.64190673828125,42.567713546752934,74.40160388946519,102.3385913848877,0.6,0.1,4654.05810546875,-745.9056142792106
low_inclination,Inclination 0-25 deg,orbital_regime,pointer_lstm,Attention-LSTM pointer,33,33003,3,30,10.44579029083252,115.92858123779297,26.638540458679216,39.87604274749754,94.61543975830085,0.6666666666666666,0.16666666666666666,4484.83349609375,-697.7566305920482
low_inclination,Inclination 0-25 deg,orbital_regime,pointer_lstm,Attention-LSTM pointer,34,33003,4,30,0.34991079568862915,0.8800481557846069,0.5161639213562014,0.6353820443153381,0.8108152246475222,1.0,0.13333333333333333,4011.0,1849.980131954886
low_inclination,Inclination 0-25 deg,orbital_regime,pointer_lstm,Attention-LSTM pointer,35,33003,5,30,0.9218811392784119,10.187271118164062,1.2701040863990785,1.354843086004257,7.634862852096565,0.9666666666666667,0.1,5335.16650390625,-377.58330553397536
low_inclination,Inclination 0-25 deg,orbital_regime,pointer_lstm,Attention-LSTM pointer,36,33003,6,30,1.2894504070281982,18.630077362060547,1.8141462326049809,2.7520202994346583,14.190505523681654,0.9666666666666667,0.06666666666666667,7100.66650390625,-429.6362656839192
low_inclination,Inclination 0-25 deg,orbital_regime,pointer_lstm,Attention-LSTM pointer,37,33003,7,30,0.4130356013774872,1.7428532838821411,0.6679699778556824,1.0378333032131177,1.6225303637981419,1.0,0.2,4009.5,1775.0908130556345
low_inclination,Inclination 0-25 deg,orbital_regime,pointer_lstm,Attention-LSTM pointer,38,33003,8,30,0.309165894985199,0.6682266592979431,0.4573686003684998,0.5238624244928358,0.6352112317085267,1.0,0.16666666666666666,5072.0,1371.4025625633076
low_inclination,Inclination 0-25 deg,orbital_regime,pointer_lstm,Attention-LSTM pointer,39,33003,9,30,0.4472339451313019,1.0544517040252686,0.9061164021492005,0.9723127096891402,1.0376560509204864,1.0,0.13333333333333333,4508.5,1443.030880894512
low_inclination,Inclination 0-25 deg,orbital_regime,pointer_lstm,Attention-LSTM pointer,40,33004,0,30,1.2363651990890503,11.961688041687012,2.233990383148196,4.669306445121762,9.989728641510016,0.9333333333333333,0.0,7374.16650390625,-157.71970302052796
low_inclination,Inclination 0-25 deg,orbital_regime,pointer_lstm,Attention-LSTM pointer,41,33004,1,30,4.746211528778076,99.9570083618164,2.413521623611453,14.043031120300242,77.41060134887702,0.9333333333333333,0.1,3434.166748046875,-647.8928091675043
low_inclination,Inclination 0-25 deg,orbital_regime,pointer_lstm,Attention-LSTM pointer,42,33004,2,30,0.49208372831344604,1.6221867799758911,0.9116525888442996,1.1725784778594965,1.521386380195618,1.0,0.13333333333333333,3782.166748046875,464.5026309341192
low_inclination,Inclination 0-25 deg,orbital_regime,pointer_lstm,Attention-LSTM pointer,43,33004,3,30,3.194706678390503,25.76644515991211,11.461917018890391,19.121729946136472,23.995917301177982,0.8666666666666667,0.16666666666666666,3417.833251953125,-684.9337230324745
low_inclination,Inclination 0-25 deg,orbital_regime,pointer_lstm,Attention-LSTM pointer,44,33004,4,30,3.4909796714782715,43.402801513671875,7.680318021774293,10.577172756195058,34.39229251861575,0.8333333333333334,0.06666666666666667,3762.5,-673.9919800683856
low_inclination,Inclination 0-25 deg,orbital_regime,pointer_lstm,Attention-LSTM pointer,45,33004,5,30,0.3403087854385376,0.9463421106338501,0.5106259703636172,0.7309618026018142,0.884866808652878,1.0,0.16666666666666666,5123.83349609375,1012.3540150728077
low_inclination,Inclination 0-25 deg,orbital_regime,pointer_lstm,Attention-LSTM pointer,46,33004,6,30,0.45381152629852295,1.255210041999817,0.8144588291645051,0.9337518006563181,1.1876703834533693,1.0,0.13333333333333333,4833.16650390625,1229.5050283456221
low_inclination,Inclination 0-25 deg,orbital_regime,pointer_lstm,Attention-LSTM pointer,47,33004,7,30,0.41242581605911255,1.2124979496002197,0.7241270482540131,0.7718087464570997,1.0908513522148136,1.0,0.2,3624.0,1373.113002575934
low_inclination,Inclination 0-25 deg,orbital_regime,pointer_lstm,Attention-LSTM pointer,48,33004,8,30,6.999123573303223,27.59693717956543,19.678900146484377,21.251480388641355,25.83665275573731,0.5666666666666667,0.0,13528.3330078125,-402.15185038372874
low_inclination,Inclination 0-25 deg,orbital_regime,pointer_lstm,Attention-LSTM pointer,49,33004,9,30,0.35844719409942627,1.214556097984314,0.6331130146980286,0.7580338478088375,1.0984422981739048,1.0,0.16666666666666666,4404.33349609375,1238.5781814530492
retrograde,Inclination 95-110 deg,orbital_regime,random_feasible,Random feasible,0,34000,0,30,14.315604209899902,119.31592559814453,49.94945487976075,83.79743442535386,115.99407684326172,0.7666666666666667,0.0,4754.20751953125,-682.6298511102796
retrograde,Inclination 95-110 deg,orbital_regime,random_feasible,Random feasible,1,34000,1,30,14.160675048828125,108.29750061035156,73.15507812500005,102.2460941314697,107.49240058898926,0.8333333333333334,0.06666666666666667,5609.787109375,-663.7633717954159
retrograde,Inclination 95-110 deg,orbital_regime,random_feasible,Random feasible,2,34000,2,30,9.57960033416748,114.25111389160156,15.539128494262698,65.78755950927709,111.80695365905763,0.8333333333333334,0.06666666666666667,4339.80322265625,-643.9519537836313
retrograde,Inclination 95-110 deg,orbital_regime,random_feasible,Random feasible,3,34000,3,30,14.683090209960938,103.84781646728516,68.8539978027344,93.53436546325678,103.79933563232422,0.7333333333333333,0.0,5356.77783203125,-668.257042825222
retrograde,Inclination 95-110 deg,orbital_regime,random_feasible,Random feasible,4,34000,4,30,10.21661376953125,104.43648529052734,17.611310577392594,60.561937522888016,99.53254219055177,0.7333333333333333,0.06666666666666667,4506.83349609375,-667.9670650362968
retrograde,Inclination 95-110 deg,orbital_regime,random_feasible,Random feasible,5,34000,5,30,23.697025299072266,114.47148895263672,99.32039718627931,106.12245445251463,112.5664235687256,0.6666666666666666,0.0,6443.33349609375,-709.8902738690376
retrograde,Inclination 95-110 deg,orbital_regime,random_feasible,Random feasible,6,34000,6,30,25.212541580200195,110.3041000366211,99.63592071533203,106.02570457458495,109.45996002197266,0.6,0.06666666666666667,4815.02685546875,-715.8245198428631
retrograde,Inclination 95-110 deg,orbital_regime,random_feasible,Random feasible,7,34000,7,30,20.564861297607422,118.3196029663086,85.11841430664066,106.68826141357421,115.29769065856935,0.6333333333333333,0.13333333333333333,4547.4853515625,-710.1694551035762
retrograde,Inclination 95-110 deg,orbital_regime,random_feasible,Random feasible,8,34000,8,30,14.87629222869873,107.58599090576172,65.82974052429202,85.90701866149901,101.94910484313966,0.7333333333333333,0.1,4756.4345703125,-697.6387753710151
retrograde,Inclination 95-110 deg,orbital_regime,random_feasible,Random feasible,9,34000,9,30,19.786151885986328,118.8537826538086,102.30604476928711,111.28864250183103,117.48689613342286,0.7666666666666667,0.0,5037.96142578125,-691.414412856102
retrograde,Inclination 95-110 deg,orbital_regime,random_feasible,Random feasible,10,34001,0,30,15.51406478881836,119.07884979248047,56.08176803588874,103.98470382690427,115.84318550109865,0.8,0.03333333333333333,4148.9453125,-691.5588436573744
retrograde,Inclination 95-110 deg,orbital_regime,random_feasible,Random feasible,11,34001,1,30,5.359786510467529,61.265480041503906,11.82820606231691,25.178129482269274,51.46730239868167,0.8333333333333334,0.0,5175.0,-585.0057351887226
retrograde,Inclination 95-110 deg,orbital_regime,random_feasible,Random feasible,12,34001,2,30,15.698729515075684,119.00203704833984,79.50728988647465,108.0884578704834,115.84830696105958,0.8,0.06666666666666667,5105.40185546875,-706.8141648843884
retrograde,Inclination 95-110 deg,orbital_regime,random_feasible,Random feasible,13,34001,3,30,10.038509368896484,106.31056213378906,28.396274185180676,59.13719139099109,97.92281570434572,0.7666666666666667,0.06666666666666667,5476.87744140625,-644.4145298600197
retrograde,Inclination 95-110 deg,orbital_regime,random_feasible,Random feasible,14,34001,4,30,23.262310028076172,118.884033203125,105.8137420654297,111.01924629211423,117.64131797790527,0.7,0.0,6369.197265625,-726.7062087953091
retrograde,Inclination 95-110 deg,orbital_regime,random_feasible,Random feasible,15,34001,5,30,10.265152931213379,108.03461456298828,23.548777008056643,33.812332248687696,88.82680511474615,0.7333333333333333,0.03333333333333333,4578.84423828125,-686.5301948264241
retrograde,Inclination 95-110 deg,orbital_regime,random_feasible,Random feasible,16,34001,6,30,14.226851463317871,112.4708480834961,32.702378463745234,106.44259567260742,110.854056930542,0.7666666666666667,0.03333333333333333,4613.638671875,-690.3534245863557
retrograde,Inclination 95-110 deg,orbital_regime,random_feasible,Random feasible,17,34001,7,30,28.33989143371582,113.52733612060547,96.91279373168946,105.54524574279783,112.17182418823242,0.6333333333333333,0.03333333333333333,4747.1220703125,-727.6174360737205
retrograde,Inclination 95-110 deg,orbital_regime,random_feasible,Random feasible,18,34001,8,30,16.27933692932129,115.1669921875,97.29618301391602,99.4122013092041,111.06656051635744,0.8,0.03333333333333333,4418.0,-683.925349496305
retrograde,Inclination 95-110 deg,orbital_regime,random_feasible,Random feasible,19,34001,9,30,18.01668930053711,113.70708465576172,79.20338973999024,99.28031234741205,112.20020950317384,0.7,0.1,5294.14208984375,-712.5455019176006
retrograde,Inclination 95-110 deg,orbital_regime,random_feasible,Random feasible,20,34002,0,30,19.84152603149414,113.75088500976562,104.20470428466797,105.90951461791991,111.87870437622071,0.7333333333333333,0.0,5409.326171875,-701.4620980471373
retrograde,Inclination 95-110 deg,orbital_regime,random_feasible,Random feasible,21,34002,1,30,13.218859672546387,113.93649291992188,28.83183250427256,102.00929603576654,113.12410484313965,0.8,0.0,6062.0,-644.0677007138729
retrograde,Inclination 95-110 deg,orbital_regime,random_feasible,Random feasible,22,34002,2,30,15.069416999816895,109.47037506103516,95.14226913452148,104.09083824157712,109.39587493896484,0.8666666666666667,0.0,5232.16650390625,-653.7793514952064
retrograde,Inclination 95-110 deg,orbital_regime,random_feasible,Random feasible,23,34002,3,30,22.71189308166504,109.21061706542969,106.79612731933594,108.15327835083008,109.03763305664063,0.7,0.06666666666666667,6050.6201171875,-679.0335467755795
retrograde,Inclination 95-110 deg,orbital_regime,random_feasible,Random feasible,24,34002,4,30,8.397542953491211,114.35446166992188,3.8497752904891986,51.196597290038824,106.96643112182619,0.9,0.13333333333333333,3961.833251953125,-582.7285959050059
retrograde,Inclination 95-110 deg,orbital_regime,random_feasible,Random feasible,25,34002,5,30,10.304132461547852,113.9207992553711,20.34048137664799,76.39037475585923,110.04970237731935,0.8666666666666667,0.1,4028.833251953125,-676.6185487434268
retrograde,Inclination 95-110 deg,orbital_regime,random_feasible,Random feasible,26,34002,6,30,19.16797637939453,115.87073516845703,88.53815078735354,110.3786308288574,115.71161926269531,0.6,0.03333333333333333,5013.0,-727.1293954402208
retrograde,Inclination 95-110 deg,orbital_regime,random_feasible,Random feasible,27,34002,7,30,24.583721160888672,108.70899963378906,104.79470596313476,105.85663795471191,108.05180465698243,0.6333333333333333,0.06666666666666667,5977.44677734375,-722.7302227392793
retrograde,Inclination 95-110 deg,orbital_regime,random_feasible,Random feasible,28,34002,8,30,25.392316818237305,115.74153137207031,101.33895111083986,111.8143314361572,115.46907669067383,0.7333333333333333,0.06666666666666667,4462.24267578125,-700.673715762794
retrograde,Inclination 95-110 deg,orbital_regime,random_feasible,Random feasible,29,34002,9,30,9.024354934692383,109.80116271972656,14.03875818252564,53.995137023925594,102.26074234008792,0.8,0.1,4688.33349609375,-599.65118355304
retrograde,Inclination 95-110 deg,orbital_regime,random_feasible,Random feasible,30,34003,0,30,25.00529670715332,119.43672180175781,105.73479919433595,108.62283363342286,116.33007644653321,0.7333333333333333,0.03333333333333333,6087.0185546875,-705.6798307597637
retrograde,Inclination 95-110 deg,orbital_regime,random_feasible,Random feasible,31,34003,1,30,18.500043869018555,120.45709228515625,90.25473632812502,112.11658859252925,120.05603240966796,0.7333333333333333,0.03333333333333333,6417.125,-688.7432133182883
retrograde,Inclination 95-110 deg,orbital_regime,random_feasible,Random feasible,32,34003,2,30,19.542579650878906,119.35566711425781,107.10122528076172,107.67890167236328,116.10240219116211,0.7666666666666667,0.03333333333333333,5467.646484375,-712.6751748770475
retrograde,Inclination 95-110 deg,orbital_regime,random_feasible,Random feasible,33,34003,3,30,20.833335876464844,120.0023422241211,107.81950988769533,119.18105545043946,119.80623069763183,0.7666666666666667,0.1,4884.16650390625,-694.9262463152409
retrograde,Inclination 95-110 deg,orbital_regime,random_feasible,Random feasible,34,34003,4,30,17.67877197265625,121.14578247070312,98.4738983154297,104.33585700988769,116.38938377380373,0.8,0.03333333333333333,4268.16650390625,-682.0577732101083
retrograde,Inclination 95-110 deg,orbital_regime,random_feasible,Random feasible,35,34003,5,30,8.181194305419922,108.06356811523438,13.67002000808716,43.57677040100083,96.04615989685063,0.8,0.03333333333333333,4246.3935546875,-665.0321769416332
retrograde,Inclination 95-110 deg,orbital_regime,random_feasible,Random feasible,36,34003,6,30,2.9971156120300293,22.094736099243164,7.074868297576911,15.588254833221413,21.245535488128663,0.8666666666666667,0.03333333333333333,4418.83349609375,-614.2841272428632
retrograde,Inclination 95-110 deg,orbital_regime,random_feasible,Random feasible,37,34003,7,30,21.865198135375977,104.92457580566406,96.70126647949219,100.84894065856932,104.5826766204834,0.7333333333333333,0.0,5678.79931640625,-714.3903418332338
retrograde,Inclination 95-110 deg,orbital_regime,random_feasible,Random feasible,38,34003,8,30,11.880172729492188,109.00003051757812,26.35237350463874,80.1590339660644,102.85365982055666,0.8,0.06666666666666667,4334.69580078125,-699.7826431319118
retrograde,Inclination 95-110 deg,orbital_regime,random_feasible,Random feasible,39,34003,9,30,15.859627723693848,119.30575561523438,58.55633239746095,83.16815185546866,112.8330862426758,0.7333333333333333,0.03333333333333333,4184.66650390625,-703.9401317611337
retrograde,Inclination 95-110 deg,orbital_regime,random_feasible,Random feasible,40,34004,0,30,37.6539192199707,119.91572570800781,107.23598022460938,114.69571189880368,119.743159866333,0.5,0.0,6535.8896484375,-762.9590964987874
retrograde,Inclination 95-110 deg,orbital_regime,random_feasible,Random feasible,41,34004,1,30,7.716338157653809,113.20866394042969,18.75482959747315,25.07627754211424,88.36315422058112,0.7666666666666667,0.0,3682.0,-626.9947785064578
retrograde,Inclination 95-110 deg,orbital_regime,random_feasible,Random feasible,42,34004,2,30,20.368680953979492,120.00301361083984,105.71121368408204,112.14714012145994,118.41517333984376,0.7,0.0,5829.83349609375,-686.8354960680008
retrograde,Inclination 95-110 deg,orbital_regime,random_feasible,Random feasible,43,34004,3,30,17.10456657409668,114.08255767822266,93.908016204834,103.34567375183104,111.32027404785157,0.8,0.0,4080.833251953125,-665.093073874712
retrograde,Inclination 95-110 deg,orbital_regime,random_feasible,Random feasible,44,34004,4,30,12.609315872192383,120.68495178222656,37.57863159179692,95.58293533325181,120.15574913024902,0.8333333333333334,0.03333333333333333,3064.666748046875,-705.617273837328
retrograde,Inclination 95-110 deg,orbital_regime,random_feasible,Random feasible,45,34004,5,30,15.604269027709961,111.47028350830078,48.42218322753916,108.02259101867675,110.61417373657227,0.7,0.0,5654.615234375,-705.854904063046
retrograde,Inclination 95-110 deg,orbital_regime,random_feasible,Random feasible,46,34004,6,30,18.225914001464844,108.06378936767578,104.85351943969727,105.87819747924804,107.62005653381348,0.7666666666666667,0.03333333333333333,5596.5341796875,-715.6774241402745
retrograde,Inclination 95-110 deg,orbital_regime,random_feasible,Random feasible,47,34004,7,30,6.277595520019531,108.37201690673828,7.984375572204604,23.18716135025021,85.15898513793952,0.8666666666666667,0.03333333333333333,3078.0,-644.5537294074893
retrograde,Inclination 95-110 deg,orbital_regime,random_feasible,Random feasible,48,34004,8,30,34.36248779296875,109.09677124023438,106.74761810302735,107.41851844787598,108.64648933410645,0.5666666666666667,0.1,6763.04931640625,-749.5417485833168
retrograde,Inclination 95-110 deg,orbital_regime,random_feasible,Random feasible,49,34004,9,30,16.93333625793457,109.06407928466797,92.68759765625002,106.34171104431151,108.90232604980469,0.7666666666666667,0.0,4792.83349609375,-658.4742354005575
retrograde,Inclination 95-110 deg,orbital_regime,oldest_first,Oldest first,0,34000,0,30,1.9455351829528809,28.90164566040039,3.016491270065308,3.838988971710203,21.720622215271018,0.9666666666666667,0.0,2756.0,-387.0938614010811
retrograde,Inclination 95-110 deg,orbital_regime,oldest_first,Oldest first,1,34000,1,30,3.645519971847534,60.93087387084961,3.335979080200196,3.84105178117752,44.39395973205571,0.9666666666666667,0.06666666666666667,3354.666748046875,-459.08634327352047
retrograde,Inclination 95-110 deg,orbital_regime,oldest_first,Oldest first,2,34000,2,30,1.6801738739013672,18.434059143066406,2.4929072856903085,3.3038358807563766,14.11051070213319,0.9666666666666667,0.06666666666666667,2757.333251953125,-490.8817392587662
retrograde,Inclination 95-110 deg,orbital_regime,oldest_first,Oldest first,3,34000,3,30,1.860284447669983,28.565847396850586,2.6181526184082036,3.485390794277188,21.437219848632832,0.9666666666666667,0.03333333333333333,2516.333251953125,-423.8423223160207
retrograde,Inclination 95-110 deg,orbital_regime,oldest_first,Oldest first,4,34000,4,30,3.3361079692840576,27.92682647705078,4.3924746990203865,11.524992513656581,24.798530464172373,0.9333333333333333,0.0,2584.333251953125,-564.3322551362216
retrograde,Inclination 95-110 deg,orbital_regime,oldest_first,Oldest first,5,34000,5,30,5.025426864624023,96.23023223876953,4.38243961334229,7.57252595424652,70.57820426940926,0.9,0.0,2676.5,-388.26406863331795
retrograde,Inclination 95-110 deg,orbital_regime,oldest_first,Oldest first,6,34000,6,30,3.0943644046783447,22.31412124633789,5.358800458908085,13.663892936706514,21.189081344604496,0.8666666666666667,0.06666666666666667,2703.833251953125,-544.319385882467
retrograde,Inclination 95-110 deg,orbital_regime,oldest_first,Oldest first,7,34000,7,30,1.676515817642212,5.483929634094238,3.4972650527954103,3.631714832782745,4.95963138818741,0.9666666666666667,0.13333333333333333,2337.333251953125,-13.243703979998827
retrograde,Inclination 95-110 deg,orbital_regime,oldest_first,Oldest first,8,34000,8,30,1.2833361625671387,2.8615729808807373,2.5273672819137576,2.7300270080566404,2.824750213623047,1.0,0.1,2887.166748046875,283.1867196606472
retrograde,Inclination 95-110 deg,orbital_regime,oldest_first,Oldest first,9,34000,9,30,3.051712989807129,31.446704864501953,3.4457772970199603,13.408760881423905,28.284852600097665,0.9333333333333333,0.0,3179.0,-534.0664202794433
retrograde,Inclination 95-110 deg,orbital_regime,oldest_first,Oldest first,10,34001,0,30,1.156757116317749,6.687115669250488,2.6486316919326782,2.9617884039878835,5.657448291778568,0.9666666666666667,0.0,2928.833251953125,42.927550044842064
retrograde,Inclination 95-110 deg,orbital_regime,oldest_first,Oldest first,11,34001,1,30,5.126035690307617,37.55855941772461,20.031005287170423,31.731009292602526,36.51317150115967,0.8666666666666667,0.0,2973.166748046875,-614.7133753150702
retrograde,Inclination 95-110 deg,orbital_regime,oldest_first,Oldest first,12,34001,2,30,3.547996997833252,24.811630249023438,5.579175424575835,24.40972499847412,24.771771068573,0.9,0.13333333333333333,2898.166748046875,-557.0289175026119
retrograde,Inclination 95-110 deg,orbital_regime,oldest_first,Oldest first,13,34001,3,30,1.7320717573165894,7.099380970001221,3.0177490949630745,3.840205061435697,6.257224068641665,0.9666666666666667,0.03333333333333333,3129.333251953125,92.78875930979848
retrograde,Inclination 95-110 deg,orbital_regime,oldest_first,Oldest first,14,34001,4,30,1.6132142543792725,4.018378734588623,2.9463513135910033,3.339069914817808,3.911246089935303,1.0,0.03333333333333333,3205.833251953125,-451.84317731671035
retrograde,Inclination 95-110 deg,orbital_regime,oldest_first,Oldest first,15,34001,5,30,6.545409202575684,85.89917755126953,23.809125709533692,24.824932193756098,68.41638156890875,0.8666666666666667,0.03333333333333333,3051.666748046875,-644.9956269264221
retrograde,Inclination 95-110 deg,orbital_regime,oldest_first,Oldest first,16,34001,6,30,3.641005754470825,74.21060943603516,2.397399401664735,3.8381408572196922,53.983695755004945,0.9666666666666667,0.0,2473.166748046875,-429.59182354807854
retrograde,Inclination 95-110 deg,orbital_regime,oldest_first,Oldest first,17,34001,7,30,4.899950981140137,107.6799545288086,2.388446187973023,11.101324796676593,81.68260238647468,0.9333333333333333,0.1,2627.166748046875,-533.6361677572131
retrograde,Inclination 95-110 deg,orbital_regime,oldest_first,Oldest first,18,34001,8,30,2.310636043548584,36.1461181640625,3.2010720968246478,4.4575712919235215,27.01168346405032,0.9666666666666667,0.03333333333333333,2956.5,-469.640750374645
retrograde,Inclination 95-110 deg,orbital_regime,oldest_first,Oldest first,19,34001,9,30,3.8281970024108887,31.08609390258789,5.220345735549952,23.046983528137194,29.326355972290045,0.9,0.03333333333333333,3137.166748046875,-586.3383163437247
retrograde,Inclination 95-110 deg,orbital_regime,oldest_first,Oldest first,20,34002,0,30,0.7525209188461304,3.746016025543213,1.1848873257637025,1.9575220346450766,3.4088388514518746,1.0,0.0,3595.333251953125,865.5827689711004
retrograde,Inclination 95-110 deg,orbital_regime,oldest_first,Oldest first,21,34002,1,30,2.8395562171936035,28.909854888916016,4.637017917633072,16.592512989044177,25.89414207458497,0.9,0.06666666666666667,2996.666748046875,-587.0450857356191
retrograde,Inclination 95-110 deg,orbital_regime,oldest_first,Oldest first,22,34002,2,30,0.9927247166633606,2.854374408721924,1.937067747116089,2.211986660957336,2.6852165460586552,1.0,0.03333333333333333,3012.833251953125,872.2671257555485
retrograde,Inclination 95-110 deg,orbital_regime,oldest_first,Oldest first,23,34002,3,30,1.1193063259124756,3.725983142852783,2.3650234937667847,2.7097949981689444,3.4810280656814583,1.0,0.03333333333333333,3471.333251953125,349.0289119705558
retrograde,Inclination 95-110 deg,orbital_regime,oldest_first,Oldest first,24,34002,4,30,2.7877628803253174,26.356496810913086,3.224865937232971,12.489136505126904,24.529510307312016,0.9333333333333333,0.03333333333333333,3029.833251953125,-512.0613839589059
retrograde,Inclination 95-110 deg,orbital_regime,oldest_first,Oldest first,25,34002,5,30,1.7458585500717163,16.83816146850586,3.5060320854187044,5.732087039947509,13.634181079864511,0.9,0.0,2456.666748046875,-504.4076727926731
retrograde,Inclination 95-110 deg,orbital_regime,oldest_first,Oldest first,26,34002,6,30,3.405383348464966,24.836196899414062,4.609614324569702,15.735488796234073,24.83196434020996,0.9333333333333333,0.06666666666666667,2925.166748046875,-591.7884910851717
retrograde,Inclination 95-110 deg,orbital_regime,oldest_first,Oldest first,27,34002,7,30,1.099164366722107,4.0818657875061035,2.7810989141464235,2.9242120146751396,3.774614942073823,1.0,0.03333333333333333,2390.166748046875,150.19011632166803
retrograde,Inclination 95-110 deg,orbital_regime,oldest_first,Oldest first,28,34002,8,30,4.5425004959106445,25.98419189453125,24.969168663024902,25.4545786857605,25.848011016845703,0.8333333333333334,0.06666666666666667,3596.0,-565.4734103903174
retrograde,Inclination 95-110 deg,orbital_regime,oldest_first,Oldest first,29,34002,9,30,1.3160229921340942,16.051231384277344,1.864679408073426,2.303104531764984,12.072287769317638,0.9666666666666667,0.16666666666666666,2755.166748046875,-318.52714557386935
retrograde,Inclination 95-110 deg,orbital_regime,oldest_first,Oldest first,30,34003,0,30,1.6098443269729614,5.949265956878662,4.128503751754761,4.705586552619932,5.684324040412903,0.9333333333333333,0.06666666666666667,2792.833251953125,-225.1239302046597
retrograde,Inclination 95-110 deg,orbital_regime,oldest_first,Oldest first,31,34003,1,30,1.9891940355300903,7.975101470947266,4.064106988906861,4.888256216049191,7.218036322593691,0.9333333333333333,0.03333333333333333,3050.833251953125,-111.62040874175727
retrograde,Inclination 95-110 deg,orbital_regime,oldest_first,Oldest first,32,34003,2,30,2.8150672912597656,40.90143966674805,4.382312774658204,5.200745654106138,30.666279602050814,0.9333333333333333,0.1,2494.666748046875,-471.38144281320274
retrograde,Inclination 95-110 deg,orbital_regime,oldest_first,Oldest first,33,34003,3,30,5.616340637207031,92.48768615722656,4.94056930541995,25.370593357086168,73.69757034301763,0.9,0.06666666666666667,2899.333251953125,-600.0553020611405
retrograde,Inclination 95-110 deg,orbital_regime,oldest_first,Oldest first,34,34003,4,30,2.920402765274048,27.329011917114258,4.215466499328613,12.343341732025106,24.881324920654304,0.9333333333333333,0.1,3040.666748046875,-538.962685469538
retrograde,Inclination 95-110 deg,orbital_regime,oldest_first,Oldest first,35,34003,5,30,0.8521422743797302,3.566652774810791,1.6755151629447953,3.137339496612546,3.5635234355926513,1.0,0.06666666666666667,2185.833251953125,515.2406731056981
retrograde,Inclination 95-110 deg,orbital_regime,oldest_first,Oldest first,36,34003,6,30,2.013899087905884,21.108631134033203,3.6574985504150406,5.376912379264828,16.70330142974855,0.9333333333333333,0.06666666666666667,2652.5,-481.19192488491535
retrograde,Inclination 95-110 deg,orbital_regime,oldest_first,Oldest first,37,34003,7,30,1.6501137018203735,4.578825950622559,4.158567476272584,4.492268085479736,4.558808135986328,1.0,0.03333333333333333,2539.666748046875,-69.69242102280259
retrograde,Inclination 95-110 deg,orbital_regime,oldest_first,Oldest first,38,34003,8,30,1.193934679031372,4.064155101776123,3.0079703807830813,3.224029541015624,3.852885570526124,1.0,0.03333333333333333,2594.833251953125,168.32516985666007
retrograde,Inclination 95-110 deg,orbital_regime,oldest_first,Oldest first,39,34003,9,30,1.387526273727417,4.375545978546143,3.1106460809707652,3.8923208713531494,4.241698760986329,1.0,0.06666666666666667,2811.0,-209.6307941796258
retrograde,Inclination 95-110 deg,orbital_regime,oldest_first,Oldest first,40,34004,0,30,1.9531197547912598,25.808639526367188,2.8075661897659305,3.151859879493713,19.26028356552126,0.9666666666666667,0.03333333333333333,2762.166748046875,-404.8696693480015
retrograde,Inclination 95-110 deg,orbital_regime,oldest_first,Oldest first,41,34004,1,30,0.9870927929878235,4.8269195556640625,1.9096594691276576,4.107575559616086,4.746055245399475,1.0,0.0,2686.666748046875,427.8302846606821
retrograde,Inclination 95-110 deg,orbital_regime,oldest_first,Oldest first,42,34004,2,30,3.858107089996338,32.929351806640625,5.2576608181000095,27.438752269744867,31.519956607818607,0.9,0.03333333333333333,3110.5,-541.5980597957969
retrograde,Inclination 95-110 deg,orbital_regime,oldest_first,Oldest first,43,34004,3,30,1.874117136001587,18.91776466369629,2.5668200016021734,3.6205487728118864,14.630285348892224,0.9666666666666667,0.0,3083.5,-476.7053957208991
retrograde,Inclination 95-110 deg,orbital_regime,oldest_first,Oldest first,44,34004,4,30,1.2539055347442627,3.8036699295043945,2.8620011568069463,3.21014666557312,3.6341598606109624,1.0,0.0,2725.833251953125,-33.727557143196464
retrograde,Inclination 95-110 deg,orbital_regime,oldest_first,Oldest first,45,34004,5,30,3.3066482543945312,39.63887023925781,2.774965691566469,15.729022502899108,35.519135951995864,0.9333333333333333,0.0,3010.0,-518.1667204722762
retrograde,Inclination 95-110 deg,orbital_regime,oldest_first,Oldest first,46,34004,6,30,5.745455741882324,28.604019165039062,25.82401466369629,27.141108703613273,28.47157413482666,0.8,0.03333333333333333,2404.833251953125,-647.7731943354011
retrograde,Inclination 95-110 deg,orbital_regime,oldest_first,Oldest first,47,34004,7,30,4.3048577308654785,105.40013122558594,1.3255149602890015,2.354665946960444,75.75253196716318,0.9666666666666667,0.0,2902.333251953125,-436.00152581371367
retrograde,Inclination 95-110 deg,orbital_regime,oldest_first,Oldest first,48,34004,8,30,0.6433007717132568,1.2638514041900635,1.0751050829887392,1.1402640283107757,1.231868361234665,1.0,0.0,2345.333251953125,669.7300764163956
retrograde,Inclination 95-110 deg,orbital_regime,oldest_first,Oldest first,49,34004,9,30,1.9564807415008545,17.814903259277344,1.9172877311706549,10.746601009368852,17.765176219940187,0.9333333333333333,0.0,2592.166748046875,-527.8749252855778
retrograde,Inclination 95-110 deg,orbital_regime,max_uncertainty_greedy,Max-U greedy,0,34000,0,30,0.713928759098053,3.379373073577881,1.1703075885772705,1.665035808086393,2.9932957911491407,1.0,0.03333333333333333,3804.833251953125,-193.71088249608874
retrograde,Inclination 95-110 deg,orbital_regime,max_uncertainty_greedy,Max-U greedy,1,34000,1,30,0.6968517303466797,1.8267791271209717,0.9871250033378602,1.3457546114921555,1.7588815927505494,1.0,0.06666666666666667,3266.0,1269.5054565556347
retrograde,Inclination 95-110 deg,orbital_regime,max_uncertainty_greedy,Max-U greedy,2,34000,2,30,0.6126393675804138,1.2721034288406372,1.0097842216491701,1.1312699675559996,1.2378109252452851,1.0,0.03333333333333333,3022.166748046875,115.74346407596022
retrograde,Inclination 95-110 deg,orbital_regime,max_uncertainty_greedy,Max-U greedy,3,34000,3,30,0.6638990640640259,1.6580922603607178,1.1864765286445618,1.297535622119903,1.578332967758179,1.0,0.03333333333333333,3963.166748046875,1338.7841956522316
retrograde,Inclination 95-110 deg,orbital_regime,max_uncertainty_greedy,Max-U greedy,4,34000,4,30,0.9252426624298096,3.0128116607666016,1.5095745205879216,1.9214733958244317,2.7341148257255563,1.0,0.03333333333333333,3167.166748046875,361.8570607304573
retrograde,Inclination 95-110 deg,orbital_regime,max_uncertainty_greedy,Max-U greedy,5,34000,5,30,0.802484393119812,2.217526435852051,1.458354246616364,1.7960926115512845,2.1072879254817964,1.0,0.1,3424.333251953125,539.0011995341629
retrograde,Inclination 95-110 deg,orbital_regime,max_uncertainty_greedy,Max-U greedy,6,34000,6,30,0.8544546961784363,2.7125964164733887,1.1818181157112126,1.8367075800895671,2.5433156895637516,1.0,0.1,3878.5,297.1921304091811
retrograde,Inclination 95-110 deg,orbital_regime,max_uncertainty_greedy,Max-U greedy,7,34000,7,30,1.0254591703414917,3.5743606090545654,1.8372846245765686,2.3363636672496773,3.3244207143783577,1.0,0.1,3584.666748046875,835.2202549148351
retrograde,Inclination 95-110 deg,orbital_regime,max_uncertainty_greedy,Max-U greedy,8,34000,8,30,1.0326770544052124,2.1215744018554688,1.6570892095565797,1.894022220373153,2.0885573840141296,1.0,0.1,3540.166748046875,56.06864629685879
retrograde,Inclination 95-110 deg,orbital_regime,max_uncertainty_greedy,Max-U greedy,9,34000,9,30,0.7774258255958557,3.3626773357391357,1.160381889343262,1.3068904101848602,2.768770375251772,1.0,0.13333333333333333,3248.166748046875,-256.5848442558199
retrograde,Inclination 95-110 deg,orbital_regime,max_uncertainty_greedy,Max-U greedy,10,34001,0,30,0.74410080909729,1.459419846534729,1.1766927719116211,1.2210221707820892,1.3944452989101412,1.0,0.06666666666666667,3412.666748046875,748.7060950165614
retrograde,Inclination 95-110 deg,orbital_regime,max_uncertainty_greedy,Max-U greedy,11,34001,1,30,0.7449835538864136,2.639068126678467,1.23847895860672,1.2706777989864348,2.2473769092559825,1.0,0.0,3213.166748046875,498.5125044826418
retrograde,Inclination 95-110 deg,orbital_regime,max_uncertainty_greedy,Max-U greedy,12,34001,2,30,0.6578453183174133,1.218639612197876,1.0599958539009093,1.1022988617420195,1.1946413969993592,1.0,0.1,3483.666748046875,1073.4584554582834
retrograde,Inclination 95-110 deg,orbital_regime,max_uncertainty_greedy,Max-U greedy,13,34001,3,30,0.7814006805419922,1.4995501041412354,1.3054219365119935,1.3860032558441158,1.4821786415576936,1.0,0.1,3664.333251953125,1056.8820476010442
retrograde,Inclination 95-110 deg,orbital_regime,max_uncertainty_greedy,Max-U greedy,14,34001,4,30,0.8015191555023193,1.948137879371643,1.3138328909873964,1.5122442245483392,1.8516556704044345,1.0,0.0,3575.333251953125,960.1186830233783
retrograde,Inclination 95-110 deg,orbital_regime,max_uncertainty_greedy,Max-U greedy,15,34001,5,30,1.049741268157959,4.142136573791504,2.046266114711763,3.4358578562736493,4.027069125175476,1.0,0.0,3972.5,-73.58125106617808
retrograde,Inclination 95-110 deg,orbital_regime,max_uncertainty_greedy,Max-U greedy,16,34001,6,30,0.6330624222755432,1.3018252849578857,1.1247644662857057,1.181368613243103,1.2694753432273866,1.0,0.06666666666666667,3451.333251953125,1366.3153421580791
retrograde,Inclination 95-110 deg,orbital_regime,max_uncertainty_greedy,Max-U greedy,17,34001,7,30,0.5859413743019104,1.0687050819396973,0.8877943336963654,0.9285156369209289,1.0331971764564516,1.0,0.03333333333333333,3265.166748046875,-101.03071301337332
retrograde,Inclination 95-110 deg,orbital_regime,max_uncertainty_greedy,Max-U greedy,18,34001,8,30,0.5452344417572021,1.7677037715911865,0.8194297254085541,0.862535375356674,1.511968151926995,1.0,0.06666666666666667,3138.166748046875,1122.7832578700036
retrograde,Inclination 95-110 deg,orbital_regime,max_uncertainty_greedy,Max-U greedy,19,34001,9,30,0.8880845904350281,1.6274034976959229,1.2917602777481079,1.4089802145957941,1.5843548250198365,1.0,0.0,4311.83349609375,527.9909344017506
retrograde,Inclination 95-110 deg,orbital_regime,max_uncertainty_greedy,Max-U greedy,20,34002,0,30,0.503749430179596,1.304262638092041,0.8549677729606631,1.0261412739753724,1.2236674606800082,1.0,0.03333333333333333,3665.833251953125,279.95449749194086
retrograde,Inclination 95-110 deg,orbital_regime,max_uncertainty_greedy,Max-U greedy,21,34002,1,30,0.501116156578064,1.1618459224700928,0.672102850675583,0.8328002393245689,1.1027034163475038,1.0,0.0,3221.0,1596.2715364843607
retrograde,Inclination 95-110 deg,orbital_regime,max_uncertainty_greedy,Max-U greedy,22,34002,2,30,0.7035335302352905,1.1785087585449219,0.9842773079872134,1.137666654586792,1.1717527461051942,1.0,0.0,4026.0,1067.0799551475793
retrograde,Inclination 95-110 deg,orbital_regime,max_uncertainty_greedy,Max-U greedy,23,34002,3,30,0.9109857082366943,2.9324302673339844,1.7916934490203862,2.266594600677489,2.794894909858704,1.0,0.13333333333333333,4328.33349609375,550.432455922477
retrograde,Inclination 95-110 deg,orbital_regime,max_uncertainty_greedy,Max-U greedy,24,34002,4,30,0.7336366772651672,1.78203547000885,1.126488757133484,1.2873393595218652,1.665225139856339,1.0,0.03333333333333333,4316.16650390625,1500.7105416413397
retrograde,Inclination 95-110 deg,orbital_regime,max_uncertainty_greedy,Max-U greedy,25,34002,5,30,0.5633238554000854,1.3932092189788818,0.7567905426025391,0.8432176649570463,1.2429044842720036,1.0,0.03333333333333333,3611.833251953125,-146.46677881479263
retrograde,Inclination 95-110 deg,orbital_regime,max_uncertainty_greedy,Max-U greedy,26,34002,6,30,0.8796050548553467,2.5936927795410156,1.6336733341217047,2.3119321823120105,2.5789987134933474,1.0,0.1,3470.0,360.64974178373814
retrograde,Inclination 95-110 deg,orbital_regime,max_uncertainty_greedy,Max-U greedy,27,34002,7,30,0.7061468362808228,1.5899370908737183,1.3870742321014407,1.517726910114288,1.5829020929336548,1.0,0.1,2281.5,312.87641996331513
retrograde,Inclination 95-110 deg,orbital_regime,max_uncertainty_greedy,Max-U greedy,28,34002,8,30,0.7702802419662476,1.3880399465560913,1.2244848132133483,1.2861814737319945,1.3654499685764314,1.0,0.06666666666666667,4783.5,982.0259455386549
retrograde,Inclination 95-110 deg,orbital_regime,max_uncertainty_greedy,Max-U greedy,29,34002,9,30,0.5963245034217834,1.0745117664337158,1.0091485619544984,1.0274099707603455,1.0615518355369569,1.0,0.16666666666666666,2619.0,1804.1238083094358
retrograde,Inclination 95-110 deg,orbital_regime,max_uncertainty_greedy,Max-U greedy,30,34003,0,30,0.7199851274490356,1.861437201499939,1.2509931445121767,1.3122417509555817,1.7033124375343327,1.0,0.1,4341.33349609375,431.0830988176167
retrograde,Inclination 95-110 deg,orbital_regime,max_uncertainty_greedy,Max-U greedy,31,34003,1,30,0.840953528881073,2.3950047492980957,1.3293661594390869,1.7841546952724436,2.3164768648147587,1.0,0.03333333333333333,3122.5,392.86464931443334
retrograde,Inclination 95-110 deg,orbital_regime,max_uncertainty_greedy,Max-U greedy,32,34003,2,30,0.7903929352760315,1.3535041809082031,1.1975098848342896,1.2389534473419188,1.321777548789978,1.0,0.0,3666.666748046875,1318.8176667112857
retrograde,Inclination 95-110 deg,orbital_regime,max_uncertainty_greedy,Max-U greedy,33,34003,3,30,0.680177628993988,1.4618114233016968,1.1257850289344788,1.2676381587982173,1.4259383475780487,1.0,0.06666666666666667,3345.333251953125,515.2666338933632
retrograde,Inclination 95-110 deg,orbital_regime,max_uncertainty_greedy,Max-U greedy,34,34003,4,30,0.6664955615997314,1.1634674072265625,1.1275996208190917,1.1367515742778778,1.1559721004962922,1.0,0.06666666666666667,3434.166748046875,926.8383992351592
retrograde,Inclination 95-110 deg,orbital_regime,max_uncertainty_greedy,Max-U greedy,35,34003,5,30,0.5916723608970642,1.9987045526504517,0.8702498733997346,1.023105633258819,1.7347499406337745,1.0,0.03333333333333333,2880.166748046875,-50.7373926397413
retrograde,Inclination 95-110 deg,orbital_regime,max_uncertainty_greedy,Max-U greedy,36,34003,6,30,0.646324872970581,1.5771706104278564,1.0316359996795654,1.05991712808609,1.4313165068626408,1.0,0.06666666666666667,2918.5,635.2827218659222
retrograde,Inclination 95-110 deg,orbital_regime,max_uncertainty_greedy,Max-U greedy,37,34003,7,30,0.9465553164482117,2.8837480545043945,1.8103631019592288,1.9684642136096953,2.6282416558265695,1.0,0.0,3087.5,400.8148651178926
retrograde,Inclination 95-110 deg,orbital_regime,max_uncertainty_greedy,Max-U greedy,38,34003,8,30,0.7045649886131287,1.4871162176132202,1.040362918376923,1.318432021141052,1.4474414718151094,1.0,0.06666666666666667,3344.0,120.78801890462637
retrograde,Inclination 95-110 deg,orbital_regime,max_uncertainty_greedy,Max-U greedy,39,34003,9,30,0.7227049469947815,1.9423593282699585,1.137959504127503,1.6861461579799644,1.9086385893821718,1.0,0.03333333333333333,2855.333251953125,845.3883784078062
retrograde,Inclination 95-110 deg,orbital_regime,max_uncertainty_greedy,Max-U greedy,40,34004,0,30,0.5910648107528687,1.278198003768921,0.9432981729507447,1.0430535614490506,1.2230778670310976,1.0,0.06666666666666667,3533.833251953125,752.1073990007862
retrograde,Inclination 95-110 deg,orbital_regime,max_uncertainty_greedy,Max-U greedy,41,34004,1,30,0.694709062576294,3.1478419303894043,1.2929683446884157,1.5979522228240954,2.7602087593078624,1.0,0.06666666666666667,3914.333251953125,415.8528348580003
retrograde,Inclination 95-110 deg,orbital_regime,max_uncertainty_greedy,Max-U greedy,42,34004,2,30,0.7205389142036438,1.4250543117523193,1.2557898283004763,1.3321961164474487,1.398612985610962,1.0,0.03333333333333333,3614.833251953125,-45.61607629805803
retrograde,Inclination 95-110 deg,orbital_regime,max_uncertainty_greedy,Max-U greedy,43,34004,3,30,0.8352288007736206,1.6864027976989746,1.204079377651215,1.52612652182579,1.65793953537941,1.0,0.03333333333333333,3593.0,951.3315447494388
retrograde,Inclination 95-110 deg,orbital_regime,max_uncertainty_greedy,Max-U greedy,44,34004,4,30,0.8680741786956787,3.2064592838287354,1.2165532112121582,1.5152775824069962,2.7854161989688886,1.0,0.03333333333333333,3958.5,205.6791238002479
retrograde,Inclination 95-110 deg,orbital_regime,max_uncertainty_greedy,Max-U greedy,45,34004,5,30,0.8539071679115295,2.8249011039733887,1.288257420063019,1.509405487775802,2.4647184813022625,1.0,0.03333333333333333,4677.16650390625,184.38150362670422
retrograde,Inclination 95-110 deg,orbital_regime,max_uncertainty_greedy,Max-U greedy,46,34004,6,30,0.7121025919914246,1.784657597541809,1.209614479541779,1.4619407653808592,1.6981801128387453,1.0,0.06666666666666667,3839.666748046875,50.07290708459914
retrograde,Inclination 95-110 deg,orbital_regime,max_uncertainty_greedy,Max-U greedy,47,34004,7,30,0.611409604549408,1.6751713752746582,0.8498824536800387,1.0707453757524485,1.5187815761566166,1.0,0.0,3679.333251953125,1220.8687892658636
retrograde,Inclination 95-110 deg,orbital_regime,max_uncertainty_greedy,Max-U greedy,48,34004,8,30,0.45371106266975403,0.9686689972877502,0.7243314564228059,0.8871006965637206,0.9522664648294449,1.0,0.06666666666666667,3999.0,804.0677527589723
retrograde,Inclination 95-110 deg,orbital_regime,max_uncertainty_greedy,Max-U greedy,49,34004,9,30,0.5186285376548767,1.1385002136230469,0.7977238714694977,0.8876933217048643,1.075576745271683,1.0,0.1,3373.0,1161.3125275652856
retrograde,Inclination 95-110 deg,orbital_regime,expected_info_gain,Expected information gain,0,34000,0,30,0.36170974373817444,1.0715410709381104,0.6195269763469698,0.8830135464668267,1.050304656624794,1.0,0.16666666666666666,2761.833251953125,1566.0782387759537
retrograde,Inclination 95-110 deg,orbital_regime,expected_info_gain,Expected information gain,1,34000,1,30,0.5782945156097412,1.889132022857666,1.0703317403793335,1.1062493324279783,1.668433265686036,1.0,0.1,3311.333251953125,1078.8714524246752
retrograde,Inclination 95-110 deg,orbital_regime,expected_info_gain,Expected information gain,2,34000,2,30,0.31466570496559143,0.7685801982879639,0.5657166838645937,0.7161464244127272,0.7590844929218292,1.0,0.36666666666666664,4110.33349609375,1100.2234747894108
retrograde,Inclination 95-110 deg,orbital_regime,expected_info_gain,Expected information gain,3,34000,3,30,0.4130570590496063,1.0818870067596436,0.8791227996349336,1.0114545583724972,1.0754113280773163,1.0,0.16666666666666666,4067.0,1699.1957963109016
retrograde,Inclination 95-110 deg,orbital_regime,expected_info_gain,Expected information gain,4,34000,4,30,0.5100007653236389,1.2195419073104858,0.8634721398353578,1.0015570580959314,1.1835180687904359,1.0,0.1,2396.666748046875,955.7010681293905
retrograde,Inclination 95-110 deg,orbital_regime,expected_info_gain,Expected information gain,5,34000,5,30,0.5770212411880493,3.281766176223755,0.822122359275818,1.7092141568660695,3.0152093243598945,1.0,0.23333333333333334,3398.833251953125,691.032930392772
retrograde,Inclination 95-110 deg,orbital_regime,expected_info_gain,Expected information gain,6,34000,6,30,0.5534583330154419,1.5543400049209595,1.003183674812317,1.080660170316696,1.424635220766068,1.0,0.13333333333333333,2455.666748046875,722.4388054683805
retrograde,Inclination 95-110 deg,orbital_regime,expected_info_gain,Expected information gain,7,34000,7,30,0.5842543840408325,1.5844416618347168,1.2839275479316712,1.3686773061752315,1.5380177831649782,1.0,0.23333333333333334,2866.833251953125,1106.0565186431631
retrograde,Inclination 95-110 deg,orbital_regime,expected_info_gain,Expected information gain,8,34000,8,30,0.7402803897857666,2.7996582984924316,1.1627413153648383,1.6069126188755034,2.456913721561433,1.0,0.1,2987.5,562.4433577302843
retrograde,Inclination 95-110 deg,orbital_regime,expected_info_gain,Expected information gain,9,34000,9,30,0.4795137047767639,1.3799939155578613,0.8178537189960483,1.1969902575016012,1.3706827831268311,1.0,0.2,3279.666748046875,303.5222975453362
retrograde,Inclination 95-110 deg,orbital_regime,expected_info_gain,Expected information gain,10,34001,0,30,0.6530067324638367,2.090949535369873,1.1790738582611084,1.4784726500511158,1.9664417290687566,1.0,0.2,3641.833251953125,1139.4772018417716
retrograde,Inclination 95-110 deg,orbital_regime,expected_info_gain,Expected information gain,11,34001,1,30,0.5242390036582947,1.5972366333007812,1.1455618858337402,1.190592586994171,1.486179592609406,1.0,0.06666666666666667,3118.166748046875,207.7263225177303
retrograde,Inclination 95-110 deg,orbital_regime,expected_info_gain,Expected information gain,12,34001,2,30,0.3801862299442291,0.7083967924118042,0.6174786865711213,0.6610556781291961,0.6967541778087616,1.0,0.26666666666666666,3170.0,1295.4640763755888
retrograde,Inclination 95-110 deg,orbital_regime,expected_info_gain,Expected information gain,13,34001,3,30,0.6446760892868042,1.6034119129180908,1.3036437869071962,1.4390302598476408,1.5654179596900941,1.0,0.2,3688.333251953125,1622.7158041540533
retrograde,Inclination 95-110 deg,orbital_regime,expected_info_gain,Expected information gain,14,34001,4,30,0.6152909398078918,1.780428171157837,1.4316895842552189,1.6304426729679105,1.7474005401134491,1.0,0.13333333333333333,3019.0,564.3695419356227
retrograde,Inclination 95-110 deg,orbital_regime,expected_info_gain,Expected information gain,15,34001,5,30,0.513809084892273,1.3252876996994019,0.8546042263507844,1.141006225347518,1.32220423579216,1.0,0.1,3441.5,561.3054443802685
retrograde,Inclination 95-110 deg,orbital_regime,expected_info_gain,Expected information gain,16,34001,6,30,0.45026811957359314,1.807446002960205,0.6924098908901215,0.8899489104747764,1.578424454927445,1.0,0.13333333333333333,4007.666748046875,1422.4335029311478
retrograde,Inclination 95-110 deg,orbital_regime,expected_info_gain,Expected information gain,17,34001,7,30,0.445147842168808,0.9262010455131531,0.7875229120254517,0.8482907027006147,0.9143595802783966,1.0,0.13333333333333333,3307.333251953125,-177.6216177660972
retrograde,Inclination 95-110 deg,orbital_regime,expected_info_gain,Expected information gain,18,34001,8,30,0.3514808118343353,1.2373666763305664,0.46701800823211675,0.8193778514862045,1.1932658445835114,1.0,0.1,3339.666748046875,1636.2715592207387
retrograde,Inclination 95-110 deg,orbital_regime,expected_info_gain,Expected information gain,19,34001,9,30,0.4652218520641327,1.5123672485351562,0.9009372234344483,1.0600550264120094,1.4150969660282138,1.0,0.26666666666666666,3342.166748046875,1178.6252128835768
retrograde,Inclination 95-110 deg,orbital_regime,expected_info_gain,Expected information gain,20,34002,0,30,0.3898552656173706,0.8929389715194702,0.6380634546279907,0.6690746814012527,0.8303927558660509,1.0,0.2,2677.5,351.05703194998205
retrograde,Inclination 95-110 deg,orbital_regime,expected_info_gain,Expected information gain,21,34002,1,30,0.3766939342021942,0.9343520998954773,0.8102525472640992,0.8966727882623672,0.9253204715251923,1.0,0.16666666666666666,3218.166748046875,1615.0038206819445
retrograde,Inclination 95-110 deg,orbital_regime,expected_info_gain,Expected information gain,22,34002,2,30,0.5178125500679016,1.2668001651763916,0.9451746881008152,1.1569269835948943,1.238743212223053,1.0,0.16666666666666666,4058.666748046875,1728.3813649006188
retrograde,Inclination 95-110 deg,orbital_regime,expected_info_gain,Expected information gain,23,34002,3,30,0.40883511304855347,0.8857349753379822,0.7277944624423981,0.7511541247367859,0.8470934265851976,1.0,0.2,3496.5,1661.8974994756281
retrograde,Inclination 95-110 deg,orbital_regime,expected_info_gain,Expected information gain,24,34002,4,30,0.4981907904148102,1.6596498489379883,1.0028249502182007,1.2369022369384755,1.5902803635597231,1.0,0.2,3090.833251953125,1405.955054499209
retrograde,Inclination 95-110 deg,orbital_regime,expected_info_gain,Expected information gain,25,34002,5,30,0.37347546219825745,1.117756962776184,0.6199859201908112,0.6704982519149779,0.9955293184518818,1.0,0.13333333333333333,2507.666748046875,1155.2370880041271
retrograde,Inclination 95-110 deg,orbital_regime,expected_info_gain,Expected information gain,26,34002,6,30,0.6102104783058167,1.8103843927383423,1.286925077438355,1.5984964966773985,1.7542658889293672,1.0,0.2,3899.0,1493.7152373678982
retrograde,Inclination 95-110 deg,orbital_regime,expected_info_gain,Expected information gain,27,34002,7,30,0.4527776837348938,1.179555892944336,0.7207777857780459,0.9678947448730462,1.149226988554001,1.0,0.06666666666666667,4179.5,416.96812037937343
retrograde,Inclination 95-110 deg,orbital_regime,expected_info_gain,Expected information gain,28,34002,8,30,0.5160372853279114,1.4280970096588135,0.9488488912582399,1.0987271428108212,1.344487648010254,1.0,0.13333333333333333,3663.666748046875,1477.595498754643
retrograde,Inclination 95-110 deg,orbital_regime,expected_info_gain,Expected information gain,29,34002,9,30,0.4179433286190033,1.3000614643096924,1.0125586152076722,1.0418212473392485,1.2303044760227206,1.0,0.2,2730.333251953125,1434.7449593674392
retrograde,Inclination 95-110 deg,orbital_regime,expected_info_gain,Expected information gain,30,34003,0,30,0.5781928300857544,1.738240361213684,1.0631210088729859,1.116273045539856,1.558697150945664,1.0,0.13333333333333333,3749.166748046875,832.449490298517
retrograde,Inclination 95-110 deg,orbital_regime,expected_info_gain,Expected information gain,31,34003,1,30,0.5759679675102234,1.6811611652374268,1.0825332880020146,1.3813021659851072,1.6041806304454806,1.0,0.16666666666666666,3153.666748046875,470.97264703176916
retrograde,Inclination 95-110 deg,orbital_regime,expected_info_gain,Expected information gain,32,34003,2,30,0.4925253689289093,1.637089490890503,0.9173757433891299,1.1467878282070156,1.5131342971324924,1.0,0.13333333333333333,2903.666748046875,833.8062463877723
retrograde,Inclination 95-110 deg,orbital_regime,expected_info_gain,Expected information gain,33,34003,3,30,0.4669749140739441,1.2148998975753784,0.8443820834159852,1.025532788038253,1.1978331756591798,1.0,0.13333333333333333,3152.333251953125,1390.032019129023
retrograde,Inclination 95-110 deg,orbital_regime,expected_info_gain,Expected information gain,34,34003,4,30,0.3998906910419464,1.4650031328201294,0.6422439694404602,0.7230788230895995,1.255161094665528,1.0,0.13333333333333333,3455.0,941.1582328155637
retrograde,Inclination 95-110 deg,orbital_regime,expected_info_gain,Expected information gain,35,34003,5,30,0.35314100980758667,0.8110886812210083,0.5370619535446167,0.673007178306579,0.7997985148429871,1.0,0.16666666666666666,3651.0,1061.8007009793073
retrograde,Inclination 95-110 deg,orbital_regime,expected_info_gain,Expected information gain,36,34003,6,30,0.5172600150108337,2.2057175636291504,0.8445773184299472,1.472497123479841,2.0951987540721895,1.0,0.23333333333333334,2513.0,785.0252141365781
retrograde,Inclination 95-110 deg,orbital_regime,expected_info_gain,Expected information gain,37,34003,7,30,0.4578946530818939,1.3937575817108154,0.8426183223724366,1.0504635214805593,1.3361374652385714,1.0,0.16666666666666666,3331.0,1125.272698206827
retrograde,Inclination 95-110 deg,orbital_regime,expected_info_gain,Expected information gain,38,34003,8,30,0.503838837146759,1.2373872995376587,0.8638963997364045,0.9546923667192458,1.1562009632587436,1.0,0.13333333333333333,4214.0,915.6559865102172
retrograde,Inclination 95-110 deg,orbital_regime,expected_info_gain,Expected information gain,39,34003,9,30,0.4958766996860504,1.143357753753662,0.9333410203456882,1.1338048458099366,1.1416024613380433,1.0,0.06666666666666667,3229.5,1057.53096081689
retrograde,Inclination 95-110 deg,orbital_regime,expected_info_gain,Expected information gain,40,34004,0,30,0.4083763062953949,0.9574483633041382,0.6627008795738223,0.802002590894699,0.9130031383037569,1.0,0.16666666666666666,3482.5,1112.3451694473624
retrograde,Inclination 95-110 deg,orbital_regime,expected_info_gain,Expected information gain,41,34004,1,30,0.4867040514945984,1.296640157699585,1.06641845703125,1.1376285135746003,1.2522097635269167,1.0,0.23333333333333334,3226.166748046875,358.23880761954933
retrograde,Inclination 95-110 deg,orbital_regime,expected_info_gain,Expected information gain,42,34004,2,30,0.5241691470146179,1.2014164924621582,0.9054856479167939,1.0191551506519314,1.1649804675579072,1.0,0.13333333333333333,3692.5,496.30554879643023
retrograde,Inclination 95-110 deg,orbital_regime,expected_info_gain,Expected information gain,43,34004,3,30,0.5256215929985046,1.4886298179626465,0.7614866256713867,0.8288881689310071,1.309733287096024,1.0,0.13333333333333333,3084.666748046875,1313.2069161180407
retrograde,Inclination 95-110 deg,orbital_regime,expected_info_gain,Expected information gain,44,34004,4,30,0.4141630530357361,0.8341821432113647,0.6242883145809174,0.7326058268547053,0.8277074325084687,1.0,0.16666666666666666,3493.0,1346.9600036684424
retrograde,Inclination 95-110 deg,orbital_regime,expected_info_gain,Expected information gain,45,34004,5,30,0.44289132952690125,1.2570642232894897,0.6553893089294435,1.0026886284351337,1.2416577243804932,1.0,0.2,3367.166748046875,436.10067054256797
retrograde,Inclination 95-110 deg,orbital_regime,expected_info_gain,Expected information gain,46,34004,6,30,0.3977360725402832,1.262131690979004,0.7933707773685459,1.0371830433607099,1.206988357305527,1.0,0.3,3111.5,843.5562158115208
retrograde,Inclination 95-110 deg,orbital_regime,expected_info_gain,Expected information gain,47,34004,7,30,0.33418938517570496,0.8214780688285828,0.5130862653255464,0.5443000018596649,0.7425433218479158,1.0,0.2,2974.833251953125,1109.0097244810313
retrograde,Inclination 95-110 deg,orbital_regime,expected_info_gain,Expected information gain,48,34004,8,30,0.32192760705947876,0.7003875970840454,0.499192762374878,0.5240230709314346,0.6509454721212389,1.0,0.13333333333333333,3612.166748046875,1485.65236261487
retrograde,Inclination 95-110 deg,orbital_regime,expected_info_gain,Expected information gain,49,34004,9,30,0.4140569865703583,0.9585083723068237,0.778311449289322,0.9012741357088087,0.9526264971494675,1.0,0.1,4340.66650390625,1753.5596197005361
retrograde,Inclination 95-110 deg,orbital_regime,beam_a_star,Beam A*,0,34000,0,30,0.5668233633041382,1.5475611686706543,0.889532244205475,1.1947000682353965,1.4838055145740512,1.0,0.0,3592.333251953125,1314.691533073783
retrograde,Inclination 95-110 deg,orbital_regime,beam_a_star,Beam A*,1,34000,1,30,0.6031197905540466,1.3903319835662842,0.969347870349884,0.9943487942218779,1.2812702250480654,1.0,0.1,3195.333251953125,1068.2510472983122
retrograde,Inclination 95-110 deg,orbital_regime,beam_a_star,Beam A*,2,34000,2,30,0.491719126701355,0.9961851835250854,0.9084827482700348,0.9244468510150909,0.9768255949020386,1.0,0.13333333333333333,3365.833251953125,71.33684055507183
retrograde,Inclination 95-110 deg,orbital_regime,beam_a_star,Beam A*,3,34000,3,30,0.5400295257568359,1.0815184116363525,0.7535715460777282,0.8082247227430341,1.0131099569797517,1.0,0.0,3734.166748046875,1224.0655178222805
retrograde,Inclination 95-110 deg,orbital_regime,beam_a_star,Beam A*,4,34000,4,30,0.8403763175010681,3.2828543186187744,1.5816867351531987,1.9531596064567562,2.9110234808921827,1.0,0.03333333333333333,3460.833251953125,163.86600642837584
retrograde,Inclination 95-110 deg,orbital_regime,beam_a_star,Beam A*,5,34000,5,30,0.5909537076950073,1.2018909454345703,0.8688522636890411,0.9390788853168485,1.1397119396924975,1.0,0.06666666666666667,3560.666748046875,919.8158077578992
retrograde,Inclination 95-110 deg,orbital_regime,beam_a_star,Beam A*,6,34000,6,30,0.8585394620895386,3.373934268951416,1.3564167499542237,1.4152333974838256,2.814948030710222,1.0,0.1,4148.5,86.69620385020971
retrograde,Inclination 95-110 deg,orbital_regime,beam_a_star,Beam A*,7,34000,7,30,0.8516268134117126,2.006377696990967,1.514539933204651,1.6900324404239648,1.9467798602581026,1.0,0.1,3556.666748046875,982.3810688778758
retrograde,Inclination 95-110 deg,orbital_regime,beam_a_star,Beam A*,8,34000,8,30,1.0057746171951294,2.2243454456329346,1.7890563249588016,2.0015620112419126,2.1674743723869327,1.0,0.1,3793.833251953125,721.3486794196069
retrograde,Inclination 95-110 deg,orbital_regime,beam_a_star,Beam A*,9,34000,9,30,0.6183644533157349,1.3296397924423218,1.079883372783661,1.145918047428131,1.279730807542801,1.0,0.0,3533.666748046875,253.0590040013194
retrograde,Inclination 95-110 deg,orbital_regime,beam_a_star,Beam A*,10,34001,0,30,0.6816728711128235,1.7324141263961792,1.1512576699256898,1.4075803697109213,1.6821567380428315,1.0,0.1,4095.333251953125,1335.5180359948426
retrograde,Inclination 95-110 deg,orbital_regime,beam_a_star,Beam A*,11,34001,1,30,0.6630566716194153,1.2710915803909302,1.117867922782898,1.19188095331192,1.2589241135120393,1.0,0.0,3248.5,-351.4274311326444
retrograde,Inclination 95-110 deg,orbital_regime,beam_a_star,Beam A*,12,34001,2,30,0.6000555753707886,1.319181203842163,0.8721368074417115,1.0494362473487848,1.265539690256119,1.0,0.03333333333333333,3199.333251953125,1244.4116649189964
retrograde,Inclination 95-110 deg,orbital_regime,beam_a_star,Beam A*,13,34001,3,30,0.7187554836273193,1.5463745594024658,1.3460200428962708,1.3607386589050292,1.495572855472565,1.0,0.03333333333333333,3817.666748046875,1070.8546486496925
retrograde,Inclination 95-110 deg,orbital_regime,beam_a_star,Beam A*,14,34001,4,30,0.7575662732124329,1.9174232482910156,1.2486047744750985,1.8393616318702695,1.9045198059082031,1.0,0.1,3723.666748046875,694.9269241252914
retrograde,Inclination 95-110 deg,orbital_regime,beam_a_star,Beam A*,15,34001,5,30,0.7895212769508362,1.9875155687332153,1.4815580487251283,1.7407062292098991,1.9496005749702454,1.0,0.03333333333333333,3918.333251953125,779.2309117214754
retrograde,Inclination 95-110 deg,orbital_regime,beam_a_star,Beam A*,16,34001,6,30,0.6602537631988525,1.2007825374603271,1.022440540790558,1.1368235588073727,1.1953669345378877,1.0,0.0,3463.833251953125,1396.0062140971422
retrograde,Inclination 95-110 deg,orbital_regime,beam_a_star,Beam A*,17,34001,7,30,0.5362361669540405,0.913480818271637,0.8258683860301972,0.8619554072618483,0.9042153710126877,1.0,0.03333333333333333,3516.666748046875,1241.9257739535533
retrograde,Inclination 95-110 deg,orbital_regime,beam_a_star,Beam A*,18,34001,8,30,0.515482485294342,0.9157794713973999,0.8308328032493592,0.8670326799154281,0.9056654345989228,1.0,0.03333333333333333,3615.5,1347.1105581894517
retrograde,Inclination 95-110 deg,orbital_regime,beam_a_star,Beam A*,19,34001,9,30,0.6994240283966064,1.5525734424591064,1.1304586648941042,1.3785861015319816,1.5362330162525177,1.0,0.13333333333333333,3088.333251953125,1145.502210818231
retrograde,Inclination 95-110 deg,orbital_regime,beam_a_star,Beam A*,20,34002,0,30,0.4600672423839569,1.1347362995147705,0.7488035500049591,0.8149835437536238,1.048006154894829,1.0,0.06666666666666667,3318.166748046875,183.1171417394653
retrograde,Inclination 95-110 deg,orbital_regime,beam_a_star,Beam A*,21,34002,1,30,0.41533830761909485,0.8767401576042175,0.6031875312328339,0.6890387326478954,0.8416784214973451,1.0,0.1,3599.0,1167.3585325554013
retrograde,Inclination 95-110 deg,orbital_regime,beam_a_star,Beam A*,22,34002,2,30,0.5896816253662109,1.036219596862793,0.9124359130859376,0.9703417390584945,1.0182823157310485,1.0,0.1,4355.83349609375,1726.2666082326323
retrograde,Inclination 95-110 deg,orbital_regime,beam_a_star,Beam A*,23,34002,3,30,0.6685149669647217,1.8587864637374878,1.0593885898590087,1.326991260051726,1.7614715850353244,1.0,0.13333333333333333,3428.333251953125,1447.1978991087526
retrograde,Inclination 95-110 deg,orbital_regime,beam_a_star,Beam A*,24,34002,4,30,0.6714493036270142,1.5425409078598022,1.220223391056061,1.4343035042285914,1.5291912269592285,1.0,0.13333333333333333,3254.333251953125,1641.134534386918
retrograde,Inclination 95-110 deg,orbital_regime,beam_a_star,Beam A*,25,34002,5,30,0.4410398602485657,0.9536709189414978,0.5983354687690735,0.6296126663684845,0.861105915307999,1.0,0.1,3300.0,1352.8588220141828
retrograde,Inclination 95-110 deg,orbital_regime,beam_a_star,Beam A*,26,34002,6,30,0.8050203323364258,2.761664867401123,1.5196681141853337,2.0713959336280805,2.646337931156159,1.0,0.1,4314.83349609375,416.40261608641595
retrograde,Inclination 95-110 deg,orbital_regime,beam_a_star,Beam A*,27,34002,7,30,0.5713744759559631,1.2587422132492065,1.0384992361068726,1.122704547643661,1.2372158026695252,1.0,0.13333333333333333,3039.5,435.44536745361984
retrograde,Inclination 95-110 deg,orbital_regime,beam_a_star,Beam A*,28,34002,8,30,0.7135538458824158,1.9827401638031006,1.162227523326874,1.334031957387924,1.806835795640946,1.0,0.16666666666666666,3462.0,296.9599989494309
retrograde,Inclination 95-110 deg,orbital_regime,beam_a_star,Beam A*,29,34002,9,30,0.5549066066741943,1.2190197706222534,1.0043249905109406,1.063960862159729,1.1767967844009402,1.0,0.16666666666666666,2828.166748046875,1297.0362142287195
retrograde,Inclination 95-110 deg,orbital_regime,beam_a_star,Beam A*,30,34003,0,30,0.6636830568313599,1.9361244440078735,0.9364592254161838,1.2281742274761194,1.760185678005219,1.0,0.06666666666666667,4130.0,543.0389590635896
retrograde,Inclination 95-110 deg,orbital_regime,beam_a_star,Beam A*,31,34003,1,30,0.8117378950119019,2.2410244941711426,1.313632583618165,1.944822114706039,2.173776197433472,1.0,0.1,4094.5,461.2496021948755
retrograde,Inclination 95-110 deg,orbital_regime,beam_a_star,Beam A*,32,34003,2,30,0.5426458120346069,1.1125456094741821,0.8259455740451814,0.9801643937826154,1.0857978141307831,1.0,0.13333333333333333,2807.333251953125,1081.5094572599046
retrograde,Inclination 95-110 deg,orbital_regime,beam_a_star,Beam A*,33,34003,3,30,0.5586148500442505,0.9848287105560303,0.8854103565216065,0.9509916514158248,0.9815487122535705,1.0,0.06666666666666667,2881.166748046875,859.7417907603085
retrograde,Inclination 95-110 deg,orbital_regime,beam_a_star,Beam A*,34,34003,4,30,0.5555784702301025,1.2398681640625,0.843691772222519,0.9627227514982221,1.1725385224819185,1.0,0.06666666666666667,4091.833251953125,917.2635744353756
retrograde,Inclination 95-110 deg,orbital_regime,beam_a_star,Beam A*,35,34003,5,30,0.44132277369499207,0.9283259510993958,0.7262446343898774,0.802337273955345,0.8953732520341874,1.0,0.1,3139.833251953125,930.7737813899294
retrograde,Inclination 95-110 deg,orbital_regime,beam_a_star,Beam A*,36,34003,6,30,0.6519297361373901,3.258819580078125,1.0543265342712405,1.5147468864917737,2.836233950853349,1.0,0.16666666666666666,3008.666748046875,239.2223918158561
retrograde,Inclination 95-110 deg,orbital_regime,beam_a_star,Beam A*,37,34003,7,30,0.6738741397857666,1.3086336851119995,1.1082033514976501,1.213080537319183,1.2940843665599824,1.0,0.0,2642.833251953125,837.6957629658282
retrograde,Inclination 95-110 deg,orbital_regime,beam_a_star,Beam A*,38,34003,8,30,0.6492723226547241,1.583556056022644,1.0723178625106813,1.1140485644340514,1.4512519013881686,1.0,0.06666666666666667,3177.666748046875,522.9474361483008
retrograde,Inclination 95-110 deg,orbital_regime,beam_a_star,Beam A*,39,34003,9,30,0.6215540766716003,1.437772274017334,1.051515817642212,1.1499755024909972,1.3627376198768617,1.0,0.1,3349.0,97.8713998682797
retrograde,Inclination 95-110 deg,orbital_regime,beam_a_star,Beam A*,40,34004,0,30,0.47179538011550903,1.220718502998352,0.6814713418483735,0.9316352635622016,1.1771543467044832,1.0,0.06666666666666667,4484.66650390625,1616.6293962243944
retrograde,Inclination 95-110 deg,orbital_regime,beam_a_star,Beam A*,41,34004,1,30,0.6312984228134155,2.589613199234009,1.30252605676651,1.3492728948593138,2.239004480838777,1.0,0.13333333333333333,3490.833251953125,65.84245914127678
retrograde,Inclination 95-110 deg,orbital_regime,beam_a_star,Beam A*,42,34004,2,30,1.3104301691055298,19.88216781616211,1.1869539976119996,1.2076794922351837,14.471118545532242,0.9666666666666667,0.06666666666666667,3801.166748046875,-174.56821619719267
retrograde,Inclination 95-110 deg,orbital_regime,beam_a_star,Beam A*,43,34004,3,30,0.7320650219917297,1.8607966899871826,0.9981786847114564,1.1933062314987177,1.6875641179084784,1.0,0.06666666666666667,3382.333251953125,1447.125111343339
retrograde,Inclination 95-110 deg,orbital_regime,beam_a_star,Beam A*,44,34004,4,30,0.7440200448036194,1.9053622484207153,1.4857216119766237,1.6355835914611812,1.8467079842090608,1.0,0.03333333333333333,2843.333251953125,267.0808164291084
retrograde,Inclination 95-110 deg,orbital_regime,beam_a_star,Beam A*,45,34004,5,30,0.6233941316604614,0.9849192500114441,0.9549910962581635,0.9758355706930161,0.9835103386640549,1.0,0.1,3412.833251953125,505.76472478732467
retrograde,Inclination 95-110 deg,orbital_regime,beam_a_star,Beam A*,46,34004,6,30,0.6088419556617737,1.9949593544006348,1.0720553040504457,1.2525982618331903,1.8039522254467015,1.0,0.1,3713.166748046875,-124.55293166451156
retrograde,Inclination 95-110 deg,orbital_regime,beam_a_star,Beam A*,47,34004,7,30,0.5013664364814758,1.226487398147583,0.6883994460105897,0.7297390222549437,1.0873147726058965,1.0,0.06666666666666667,3199.0,1078.2136331740767
retrograde,Inclination 95-110 deg,orbital_regime,beam_a_star,Beam A*,48,34004,8,30,0.45710983872413635,1.0287182331085205,0.708559423685074,0.8538914322853085,0.9933917027711869,1.0,0.03333333333333333,3360.0,1605.0481972228736
retrograde,Inclination 95-110 deg,orbital_regime,beam_a_star,Beam A*,49,34004,9,30,0.4794989228248596,1.1667982339859009,0.6441814005374908,0.6894303470849988,1.0386539882421497,1.0,0.0,3059.833251953125,1235.6129368450493
retrograde,Inclination 95-110 deg,orbital_regime,flat_lstm,Flat LSTM,0,34000,0,30,0.7334786057472229,2.7222654819488525,1.3755686879158022,1.8382065117359143,2.5464730882644657,1.0,0.13333333333333333,7023.66650390625,2.4450486470013857
retrograde,Inclination 95-110 deg,orbital_regime,flat_lstm,Flat LSTM,1,34000,1,30,0.6706819534301758,2.100463390350342,1.58944046497345,1.820630836486816,2.0403327500820163,1.0,0.13333333333333333,6366.83349609375,1289.0546453557909
retrograde,Inclination 95-110 deg,orbital_regime,flat_lstm,Flat LSTM,2,34000,2,30,0.5215344429016113,2.247175455093384,1.5906816482543946,1.7213645696640012,2.108178863525391,1.0,0.23333333333333334,7043.5,205.64380194898695
retrograde,Inclination 95-110 deg,orbital_regime,flat_lstm,Flat LSTM,3,34000,3,30,0.6671746373176575,2.1420531272888184,1.3923982501029972,1.789251059293746,2.0842533123493197,1.0,0.16666666666666666,6058.66650390625,70.34284168295562
retrograde,Inclination 95-110 deg,orbital_regime,flat_lstm,Flat LSTM,4,34000,4,30,0.9615744948387146,4.025278091430664,2.1702252626419067,2.5921132922172525,3.7090905141830453,1.0,0.16666666666666666,5890.66650390625,-246.7101482897997
retrograde,Inclination 95-110 deg,orbital_regime,flat_lstm,Flat LSTM,5,34000,5,30,1.2372934818267822,10.672784805297852,2.5160475730896006,4.135621750354762,8.983889694213872,0.9666666666666667,0.26666666666666666,6753.0,-408.7877067681402
retrograde,Inclination 95-110 deg,orbital_regime,flat_lstm,Flat LSTM,6,34000,6,30,0.8633392453193665,4.617394924163818,1.7582652807235732,2.7867867231369012,4.117040824890138,1.0,0.2,6951.0,183.71362886577845
retrograde,Inclination 95-110 deg,orbital_regime,flat_lstm,Flat LSTM,7,34000,7,30,0.8810142278671265,2.4581985473632812,1.8837423205375674,2.296861660480498,2.457761781215668,1.0,0.06666666666666667,5996.66650390625,468.0174878127873
retrograde,Inclination 95-110 deg,orbital_regime,flat_lstm,Flat LSTM,8,34000,8,30,0.7605206370353699,2.4290175437927246,1.5019138455390937,2.1210332214832293,2.3917706632614135,1.0,0.16666666666666666,7246.66650390625,380.08506632130593
retrograde,Inclination 95-110 deg,orbital_regime,flat_lstm,Flat LSTM,9,34000,9,30,0.6530694365501404,2.717252492904663,1.2879334568977356,1.6978485226631148,2.49715294957161,1.0,0.16666666666666666,7249.83349609375,1384.8292123172432
retrograde,Inclination 95-110 deg,orbital_regime,flat_lstm,Flat LSTM,10,34001,0,30,0.4728483557701111,1.7199687957763672,0.8997888982295993,1.1388110160827634,1.5668352794647222,1.0,0.1,6426.66650390625,1673.3493608506396
retrograde,Inclination 95-110 deg,orbital_regime,flat_lstm,Flat LSTM,11,34001,1,30,0.6111313700675964,1.9467968940734863,1.4076014995574955,1.7239769220352166,1.918710106611252,1.0,0.16666666666666666,6179.16650390625,345.34766402095556
retrograde,Inclination 95-110 deg,orbital_regime,flat_lstm,Flat LSTM,12,34001,2,30,0.7527951598167419,3.091149091720581,1.6763072490692141,2.0735377669334403,2.8403228735923776,1.0,0.16666666666666666,7156.66650390625,389.0215189130977
retrograde,Inclination 95-110 deg,orbital_regime,flat_lstm,Flat LSTM,13,34001,3,30,0.7821556925773621,2.1938273906707764,1.7455454349517825,2.026467549800872,2.1687884593009947,1.0,0.16666666666666666,6952.5,73.3140353532508
retrograde,Inclination 95-110 deg,orbital_regime,flat_lstm,Flat LSTM,14,34001,4,30,1.1411426067352295,10.39928150177002,1.7848090052604682,2.590264487266538,8.249116535186774,0.9666666666666667,0.16666666666666666,6455.66650390625,-456.3475632946938
retrograde,Inclination 95-110 deg,orbital_regime,flat_lstm,Flat LSTM,15,34001,5,30,0.7113274931907654,3.779569625854492,1.5452777385711673,1.9365703880786884,3.297718384265901,1.0,0.23333333333333334,6374.83349609375,385.4259951990098
retrograde,Inclination 95-110 deg,orbital_regime,flat_lstm,Flat LSTM,16,34001,6,30,0.6178937554359436,2.5519509315490723,1.1084220290184028,1.6760941267013547,2.3115016949176797,1.0,0.1,6886.66650390625,369.2434938810766
retrograde,Inclination 95-110 deg,orbital_regime,flat_lstm,Flat LSTM,17,34001,7,30,0.7712590098381042,2.564610242843628,1.7806374073028564,1.804778867959976,2.349889450073243,1.0,0.16666666666666666,6362.66650390625,138.72814376465976
retrograde,Inclination 95-110 deg,orbital_regime,flat_lstm,Flat LSTM,18,34001,8,30,0.47837352752685547,1.6397889852523804,0.9589411914348602,1.188003373146056,1.5619090592861178,1.0,0.16666666666666666,6029.66650390625,504.1548756826669
retrograde,Inclination 95-110 deg,orbital_regime,flat_lstm,Flat LSTM,19,34001,9,30,0.6528242230415344,2.510514497756958,1.5239678740501406,1.6348319113254544,2.268350070714951,1.0,0.13333333333333333,6301.0,450.4423020891845
retrograde,Inclination 95-110 deg,orbital_regime,flat_lstm,Flat LSTM,20,34002,0,30,0.6909054517745972,2.702702522277832,1.3378668904304505,1.3775464057922362,2.323777086734773,1.0,0.13333333333333333,7117.33349609375,375.0404523052275
retrograde,Inclination 95-110 deg,orbital_regime,flat_lstm,Flat LSTM,21,34002,1,30,0.5770307183265686,1.8043813705444336,1.1278250455856327,1.5570947289466848,1.7812939548492432,1.0,0.23333333333333334,6788.83349609375,259.86543920543045
retrograde,Inclination 95-110 deg,orbital_regime,flat_lstm,Flat LSTM,22,34002,2,30,0.6611163020133972,1.9009861946105957,1.4413561820983887,1.5130290389060972,1.8034282493591312,1.0,0.1,7152.0,654.0484305582941
retrograde,Inclination 95-110 deg,orbital_regime,flat_lstm,Flat LSTM,23,34002,3,30,0.6254770159721375,5.934736728668213,0.9637881994247437,1.2277667343616472,4.631303749084476,0.9666666666666667,0.16666666666666666,7102.83349609375,397.2066707359627
retrograde,Inclination 95-110 deg,orbital_regime,flat_lstm,Flat LSTM,24,34002,4,30,1.1436392068862915,4.93030309677124,2.2729969501495377,3.3317781567573546,4.481663506031038,1.0,0.16666666666666666,6814.5,-183.76920664403588
retrograde,Inclination 95-110 deg,orbital_regime,flat_lstm,Flat LSTM,25,34002,5,30,0.738028347492218,2.294729471206665,1.6276738882064825,2.16175707578659,2.2837408995628357,1.0,0.16666666666666666,7013.66650390625,198.02487216889858
retrograde,Inclination 95-110 deg,orbital_regime,flat_lstm,Flat LSTM,26,34002,6,30,1.1398279666900635,5.762543678283691,2.4162571668624886,3.2801055073738077,5.130037984848024,0.9666666666666667,0.1,5936.16650390625,-179.1959263253957
retrograde,Inclination 95-110 deg,orbital_regime,flat_lstm,Flat LSTM,27,34002,7,30,0.8096252679824829,2.17044734954834,1.6821645975112918,2.0292763590812677,2.15867395401001,1.0,0.16666666666666666,6446.16650390625,371.1174427634105
retrograde,Inclination 95-110 deg,orbital_regime,flat_lstm,Flat LSTM,28,34002,8,30,0.9313639402389526,4.342149257659912,2.1377477407455445,2.447563719749449,3.864177055358888,1.0,0.13333333333333333,7303.83349609375,122.23000892810524
retrograde,Inclination 95-110 deg,orbital_regime,flat_lstm,Flat LSTM,29,34002,9,30,0.8314344882965088,3.7909812927246094,2.1161260843276986,2.6999274373054494,3.514302763938905,1.0,0.2,6781.5,220.75940360315144
retrograde,Inclination 95-110 deg,orbital_regime,flat_lstm,Flat LSTM,30,34003,0,30,0.7587963342666626,2.8690695762634277,1.8319061040878297,2.1613085865974413,2.719842548370362,1.0,0.16666666666666666,6396.0,507.9590777037665
retrograde,Inclination 95-110 deg,orbital_regime,flat_lstm,Flat LSTM,31,34003,1,30,0.5664672255516052,2.2243146896362305,1.4809758067131045,1.9045734763145432,2.201533570289612,1.0,0.13333333333333333,6995.66650390625,687.8420401620679
retrograde,Inclination 95-110 deg,orbital_regime,flat_lstm,Flat LSTM,32,34003,2,30,0.6825569868087769,2.257664918899536,1.556340491771698,1.7099845409393308,2.112484978437424,1.0,0.16666666666666666,7663.66650390625,425.0783665115014
retrograde,Inclination 95-110 deg,orbital_regime,flat_lstm,Flat LSTM,33,34003,3,30,0.7883898019790649,4.366921424865723,1.585564994812013,2.467245376110076,3.8560266518592847,1.0,0.13333333333333333,6615.83349609375,168.8561637662351
retrograde,Inclination 95-110 deg,orbital_regime,flat_lstm,Flat LSTM,34,34003,4,30,0.5878847241401672,2.3471388816833496,1.1946513414382947,1.9644687414169308,2.2536853075027468,1.0,0.2,5539.66650390625,302.4115507537499
retrograde,Inclination 95-110 deg,orbital_regime,flat_lstm,Flat LSTM,35,34003,5,30,0.6855341196060181,2.571462392807007,1.8485305547714235,2.255137634277342,2.5508644127845765,1.0,0.13333333333333333,6064.16650390625,280.98339606728405
retrograde,Inclination 95-110 deg,orbital_regime,flat_lstm,Flat LSTM,36,34003,6,30,0.812030553817749,2.31166672706604,2.0912816524505615,2.26488561630249,2.309820582866669,1.0,0.1,6928.33349609375,577.636976538226
retrograde,Inclination 95-110 deg,orbital_regime,flat_lstm,Flat LSTM,37,34003,7,30,0.8011946082115173,2.5401809215545654,1.8288274765014652,2.2162498116493214,2.500614416599274,1.0,0.16666666666666666,6961.16650390625,424.82452138047665
retrograde,Inclination 95-110 deg,orbital_regime,flat_lstm,Flat LSTM,38,34003,8,30,0.8082286715507507,2.710442066192627,1.6765063881874085,1.7457212030887603,2.431198945045472,1.0,0.16666666666666666,5483.16650390625,352.8545693894848
retrograde,Inclination 95-110 deg,orbital_regime,flat_lstm,Flat LSTM,39,34003,9,30,0.6392639875411987,2.5506033897399902,1.4680349230766303,2.1309811174869524,2.4833974766731264,1.0,0.13333333333333333,7223.83349609375,424.05309946555644
retrograde,Inclination 95-110 deg,orbital_regime,flat_lstm,Flat LSTM,40,34004,0,30,0.7216395139694214,1.8791109323501587,1.4521387457847597,1.6132068455219262,1.8366379654407503,1.0,0.13333333333333333,6880.66650390625,641.8494132831693
retrograde,Inclination 95-110 deg,orbital_regime,flat_lstm,Flat LSTM,41,34004,1,30,0.588651716709137,2.3387911319732666,1.462530362606049,1.8468129992485045,2.203578925132752,1.0,0.16666666666666666,6979.0,739.1370123242959
retrograde,Inclination 95-110 deg,orbital_regime,flat_lstm,Flat LSTM,42,34004,2,30,0.6226508021354675,2.85048770904541,1.1603208899497988,1.2384812951087951,2.386281522512437,1.0,0.1,5684.66650390625,471.9396221032366
retrograde,Inclination 95-110 deg,orbital_regime,flat_lstm,Flat LSTM,43,34004,3,30,0.8583744168281555,1.9967677593231201,1.756365215778351,1.9121475875377654,1.9793535673618317,1.0,0.16666666666666666,7314.83349609375,759.945610142313
retrograde,Inclination 95-110 deg,orbital_regime,flat_lstm,Flat LSTM,44,34004,4,30,0.6954184174537659,2.1361563205718994,1.7816869616508486,2.003740698099136,2.117686166763306,1.0,0.16666666666666666,6169.66650390625,187.25971199106425
retrograde,Inclination 95-110 deg,orbital_regime,flat_lstm,Flat LSTM,45,34004,5,30,0.9842617511749268,7.631585597991943,1.6001164317131051,2.5304090738296487,6.246081790924077,0.9666666666666667,0.13333333333333333,6668.16650390625,-178.68676852062345
retrograde,Inclination 95-110 deg,orbital_regime,flat_lstm,Flat LSTM,46,34004,6,30,0.815841555595398,2.381281614303589,2.0705801486968998,2.2607934951782225,2.351604609489441,1.0,0.2,6456.16650390625,0.43509432626888156
retrograde,Inclination 95-110 deg,orbital_regime,flat_lstm,Flat LSTM,47,34004,7,30,0.7456071972846985,2.9272964000701904,1.7889300823211671,2.410547256469724,2.8925228452682497,1.0,0.23333333333333334,5924.16650390625,388.7332809595391
retrograde,Inclination 95-110 deg,orbital_regime,flat_lstm,Flat LSTM,48,34004,8,30,0.5824629664421082,1.7810642719268799,1.250702488422394,1.587177717685699,1.7504467022418977,1.0,0.16666666666666666,7605.5,656.4404532983899
retrograde,Inclination 95-110 deg,orbital_regime,flat_lstm,Flat LSTM,49,34004,9,30,0.9829902052879333,2.5616228580474854,2.0134629249572757,2.2952992439270012,2.5213487601280216,1.0,0.2,7400.16650390625,-183.84618448466063
retrograde,Inclination 95-110 deg,orbital_regime,pointer_lstm,Attention-LSTM pointer,0,34000,0,30,0.6516891121864319,2.7846856117248535,1.1312138557434084,1.3956560909748073,2.4030144679546366,1.0,0.06666666666666667,3566.666748046875,1763.3007924687117
retrograde,Inclination 95-110 deg,orbital_regime,pointer_lstm,Attention-LSTM pointer,1,34000,1,30,0.7930246591567993,1.6261106729507446,1.4676529645919802,1.5899986028671265,1.6187828266620636,1.0,0.1,3612.333251953125,1337.5872257389128
retrograde,Inclination 95-110 deg,orbital_regime,pointer_lstm,Attention-LSTM pointer,2,34000,2,30,0.5750733613967896,1.8054478168487549,1.199858343601227,1.363012462854385,1.6974720621109012,1.0,0.2,3629.0,1027.7971189403906
retrograde,Inclination 95-110 deg,orbital_regime,pointer_lstm,Attention-LSTM pointer,3,34000,3,30,0.7879117727279663,2.4821019172668457,1.445509803295136,1.7518746793270108,2.2802925181388862,1.0,0.06666666666666667,4043.5,1529.7312236335129
retrograde,Inclination 95-110 deg,orbital_regime,pointer_lstm,Attention-LSTM pointer,4,34000,4,30,0.8829665780067444,3.345271110534668,1.9754553556442263,2.4499096989631632,3.1748424291610724,1.0,0.1,3153.666748046875,1349.2235106304288
retrograde,Inclination 95-110 deg,orbital_regime,pointer_lstm,Attention-LSTM pointer,5,34000,5,30,0.8984597325325012,3.2270925045013428,1.9183341741561892,2.1267647624015806,2.912613756656648,1.0,0.06666666666666667,3699.166748046875,1514.9747400255874
retrograde,Inclination 95-110 deg,orbital_regime,pointer_lstm,Attention-LSTM pointer,6,34000,6,30,0.8030595183372498,2.306692123413086,1.5470174908638001,1.6855755507946009,2.1561682796478276,1.0,0.13333333333333333,3512.666748046875,1506.063443013467
retrograde,Inclination 95-110 deg,orbital_regime,pointer_lstm,Attention-LSTM pointer,7,34000,7,30,0.895164430141449,1.9706010818481445,1.7169037699699403,1.8968127667903896,1.9697552752494811,1.0,0.1,3377.166748046875,1580.35014428664
retrograde,Inclination 95-110 deg,orbital_regime,pointer_lstm,Attention-LSTM pointer,8,34000,8,30,1.119594931602478,3.817107677459717,1.6463992595672614,2.02756267786026,3.3003273820877093,1.0,0.03333333333333333,4002.833251953125,867.5603081844747
retrograde,Inclination 95-110 deg,orbital_regime,pointer_lstm,Attention-LSTM pointer,9,34000,9,30,0.7013505697250366,1.6261274814605713,1.2523874521255494,1.3636168897151946,1.5557579350471498,1.0,0.06666666666666667,4242.66650390625,1231.020075458102
retrograde,Inclination 95-110 deg,orbital_regime,pointer_lstm,Attention-LSTM pointer,10,34001,0,30,0.7782469391822815,1.724061369895935,1.5775351881980897,1.5887765049934388,1.6855989146232606,1.0,0.1,3860.333251953125,1861.1075335405767
retrograde,Inclination 95-110 deg,orbital_regime,pointer_lstm,Attention-LSTM pointer,11,34001,1,30,0.9100638628005981,2.8002750873565674,2.1817957162857056,2.4713591337203966,2.7618245935440067,1.0,0.03333333333333333,3601.5,1031.2062468971126
retrograde,Inclination 95-110 deg,orbital_regime,pointer_lstm,Attention-LSTM pointer,12,34001,2,30,0.7733677625656128,2.2053587436676025,1.6092193603515628,1.9620279252529131,2.1950037837028504,1.0,0.13333333333333333,3258.5,1701.8712442787364
retrograde,Inclination 95-110 deg,orbital_regime,pointer_lstm,Attention-LSTM pointer,13,34001,3,30,0.8625169992446899,1.9912924766540527,1.82346031665802,1.8345587968826294,1.9467415690422059,1.0,0.1,4272.5,747.1203971169889
retrograde,Inclination 95-110 deg,orbital_regime,pointer_lstm,Attention-LSTM pointer,14,34001,4,30,0.8746030330657959,2.066214084625244,1.7457697510719299,1.8058204948902128,2.0008052599430086,1.0,0.16666666666666666,3714.833251953125,1527.6802884703502
retrograde,Inclination 95-110 deg,orbital_regime,pointer_lstm,Attention-LSTM pointer,15,34001,5,30,0.7442618012428284,3.8397881984710693,1.2789730548858644,1.3828677237033842,3.133298246860506,1.0,0.1,3783.833251953125,384.6493862234056
retrograde,Inclination 95-110 deg,orbital_regime,pointer_lstm,Attention-LSTM pointer,16,34001,6,30,0.7523998022079468,1.733115553855896,1.40023432970047,1.5860895991325372,1.7193607735633851,1.0,0.06666666666666667,3648.0,1893.639498354867
retrograde,Inclination 95-110 deg,orbital_regime,pointer_lstm,Attention-LSTM pointer,17,34001,7,30,0.7141575217247009,1.8008205890655518,1.5255300879478457,1.7189384520053863,1.778261240720749,1.0,0.13333333333333333,3615.333251953125,1653.9509995914996
retrograde,Inclination 95-110 deg,orbital_regime,pointer_lstm,Attention-LSTM pointer,18,34001,8,30,0.6816146373748779,1.8321682214736938,1.5070435762405396,1.7011084020137783,1.8121168732643127,1.0,0.13333333333333333,3878.666748046875,1643.4489058554173
retrograde,Inclination 95-110 deg,orbital_regime,pointer_lstm,Attention-LSTM pointer,19,34001,9,30,0.655834972858429,1.7797542810440063,1.4928651571273808,1.7272847294807434,1.7679442751407624,1.0,0.1,3368.166748046875,1458.1775726564229
retrograde,Inclination 95-110 deg,orbital_regime,pointer_lstm,Attention-LSTM pointer,20,34002,0,30,0.7185609936714172,1.6770509481430054,1.4839255571365357,1.6067081391811369,1.66843994140625,1.0,0.13333333333333333,4483.5,935.4840340418741
retrograde,Inclination 95-110 deg,orbital_regime,pointer_lstm,Attention-LSTM pointer,21,34002,1,30,0.8108329772949219,2.4416215419769287,1.5967210769653324,1.9337424516677852,2.311734535694123,1.0,0.1,4514.83349609375,606.6235574744642
retrograde,Inclination 95-110 deg,orbital_regime,pointer_lstm,Attention-LSTM pointer,22,34002,2,30,0.8562631011009216,2.1286745071411133,1.639412045478821,1.9063363075256343,2.0826561427116395,1.0,0.03333333333333333,3939.5,776.5690495530143
retrograde,Inclination 95-110 deg,orbital_regime,pointer_lstm,Attention-LSTM pointer,23,34002,3,30,1.0613044500350952,2.321518898010254,1.9094615221023563,2.1854628562927245,2.282194941043854,1.0,0.03333333333333333,4105.83349609375,1639.1560890004039
retrograde,Inclination 95-110 deg,orbital_regime,pointer_lstm,Attention-LSTM pointer,24,34002,4,30,0.7903267741203308,2.0104479789733887,1.4001915574073793,1.6446194291114797,1.9437113630771639,1.0,0.13333333333333333,3976.833251953125,1736.7451508799568
retrograde,Inclination 95-110 deg,orbital_regime,pointer_lstm,Attention-LSTM pointer,25,34002,5,30,0.6286104917526245,2.0418713092803955,1.2813005447387695,1.5913953423500047,1.97705623626709,1.0,0.13333333333333333,3518.0,718.7370455227792
retrograde,Inclination 95-110 deg,orbital_regime,pointer_lstm,Attention-LSTM pointer,26,34002,6,30,0.9955126643180847,2.4567534923553467,1.8839713573455816,2.228064441680908,2.3932361340522768,1.0,0.06666666666666667,4088.5,735.0639836145565
retrograde,Inclination 95-110 deg,orbital_regime,pointer_lstm,Attention-LSTM pointer,27,34002,7,30,0.9455392360687256,2.4722506999969482,1.9731586098670963,2.3246990084648123,2.468628313541412,1.0,0.03333333333333333,3821.5,898.4303857814521
retrograde,Inclination 95-110 deg,orbital_regime,pointer_lstm,Attention-LSTM pointer,28,34002,8,30,1.1101394891738892,2.7625153064727783,2.0171141147613527,2.0744255423545837,2.5736560893058784,1.0,0.0,4828.5,1583.9439891446382
retrograde,Inclination 95-110 deg,orbital_regime,pointer_lstm,Attention-LSTM pointer,29,34002,9,30,0.7087270617485046,2.1469085216522217,1.3713836193084725,1.9863923549652094,2.1311771273612976,1.0,0.1,4011.5,1588.4864522507414
retrograde,Inclination 95-110 deg,orbital_regime,pointer_lstm,Attention-LSTM pointer,30,34003,0,30,0.9007778763771057,2.2606170177459717,1.6235393047332767,1.9620190024375905,2.2168556356430056,1.0,0.16666666666666666,3796.5,880.150318662636
retrograde,Inclination 95-110 deg,orbital_regime,pointer_lstm,Attention-LSTM pointer,31,34003,1,30,0.8685452938079834,1.7821003198623657,1.478318798542023,1.6526927947998045,1.7499631953239443,1.0,0.1,4207.83349609375,1754.0580533333123
retrograde,Inclination 95-110 deg,orbital_regime,pointer_lstm,Attention-LSTM pointer,32,34003,2,30,0.8219516277313232,1.872483253479004,1.4793188095092775,1.6860771298408503,1.8405080926418305,1.0,0.1,3991.166748046875,1705.9245899980888
retrograde,Inclination 95-110 deg,orbital_regime,pointer_lstm,Attention-LSTM pointer,33,34003,3,30,0.8075379729270935,2.8249571323394775,1.478127980232239,1.7496500670909874,2.5508688819408425,1.0,0.03333333333333333,4007.333251953125,1604.2632931228727
retrograde,Inclination 95-110 deg,orbital_regime,pointer_lstm,Attention-LSTM pointer,34,34003,4,30,0.6607888340950012,1.9549973011016846,1.3519671559333803,1.5877041578292839,1.8822327315807346,1.0,0.03333333333333333,3133.5,1321.9327284516767
retrograde,Inclination 95-110 deg,orbital_regime,pointer_lstm,Attention-LSTM pointer,35,34003,5,30,0.6677374243736267,2.0014424324035645,1.3618553280830383,1.4424864590167996,1.852534561157227,1.0,0.16666666666666666,3977.333251953125,1730.664307821542
retrograde,Inclination 95-110 deg,orbital_regime,pointer_lstm,Attention-LSTM pointer,36,34003,6,30,1.0379971265792847,2.398427963256836,2.1124218702316284,2.244815504550933,2.38105446100235,1.0,0.2,3877.666748046875,499.3633880652487
retrograde,Inclination 95-110 deg,orbital_regime,pointer_lstm,Attention-LSTM pointer,37,34003,7,30,0.8619915246963501,2.8456499576568604,1.6069945931434635,1.9837075114250171,2.6481789731979375,1.0,0.1,3142.833251953125,1494.8534477110952
retrograde,Inclination 95-110 deg,orbital_regime,pointer_lstm,Attention-LSTM pointer,38,34003,8,30,0.9055999517440796,1.9987375736236572,1.7083622217178347,1.8582613348960875,1.9659439861774446,1.0,0.03333333333333333,4713.83349609375,793.9542500525713
retrograde,Inclination 95-110 deg,orbital_regime,pointer_lstm,Attention-LSTM pointer,39,34003,9,30,0.739246129989624,1.812522530555725,1.1661972641944889,1.4565486013889306,1.7363719344139101,1.0,0.06666666666666667,4035.833251953125,990.0603261291981
retrograde,Inclination 95-110 deg,orbital_regime,pointer_lstm,Attention-LSTM pointer,40,34004,0,30,0.7383135557174683,1.6934103965759277,1.4109018802642823,1.574334287643432,1.6869590556621552,1.0,0.1,4780.66650390625,1751.689128112048
retrograde,Inclination 95-110 deg,orbital_regime,pointer_lstm,Attention-LSTM pointer,41,34004,1,30,0.8104880452156067,2.2480926513671875,1.6201467990875245,1.7565887033939356,2.1346566283702852,1.0,0.03333333333333333,4530.66650390625,1207.0442696474493
retrograde,Inclination 95-110 deg,orbital_regime,pointer_lstm,Attention-LSTM pointer,42,34004,2,30,0.844796895980835,2.8482820987701416,1.659134089946748,2.448278367519378,2.7557732033729554,1.0,0.03333333333333333,4284.16650390625,998.5119222630747
retrograde,Inclination 95-110 deg,orbital_regime,pointer_lstm,Attention-LSTM pointer,43,34004,3,30,0.964119017124176,2.5795998573303223,1.7761296391487125,1.9820911943912503,2.423965497016907,1.0,0.1,2923.333251953125,1101.2372359437868
retrograde,Inclination 95-110 deg,orbital_regime,pointer_lstm,Attention-LSTM pointer,44,34004,4,30,0.7531532049179077,1.8047294616699219,1.3170467615127563,1.4190003395080564,1.7097520112991336,1.0,0.06666666666666667,3720.5,1833.1053202254698
retrograde,Inclination 95-110 deg,orbital_regime,pointer_lstm,Attention-LSTM pointer,45,34004,5,30,0.8916803002357483,2.1903960704803467,1.9310087442398072,2.0031991004943848,2.1397000837326052,1.0,0.06666666666666667,4313.5,1646.576981279999
retrograde,Inclination 95-110 deg,orbital_regime,pointer_lstm,Attention-LSTM pointer,46,34004,6,30,0.6302205324172974,1.601027011871338,1.2858836293220524,1.4738432526588439,1.567924120426178,1.0,0.16666666666666666,3001.166748046875,1848.7552533913404
retrograde,Inclination 95-110 deg,orbital_regime,pointer_lstm,Attention-LSTM pointer,47,34004,7,30,0.8201538324356079,3.263437032699585,2.017930006980896,2.4062757134437547,3.0755886626243596,1.0,0.13333333333333333,3726.5,742.0037253377959
retrograde,Inclination 95-110 deg,orbital_regime,pointer_lstm,Attention-LSTM pointer,48,34004,8,30,0.5747703909873962,1.5013662576675415,0.9752399563789368,1.0798223376274105,1.3958132517337802,1.0,0.13333333333333333,5657.0,901.0436782008037
retrograde,Inclination 95-110 deg,orbital_regime,pointer_lstm,Attention-LSTM pointer,49,34004,9,30,0.5803266167640686,1.462445616722107,1.0384266257286072,1.0713169276714323,1.3555677926540377,1.0,0.13333333333333333,4182.66650390625,1833.7593121752143
eccentric_leo,Eccentric LEO,orbital_regime,random_feasible,Random feasible,0,35000,0,30,17.62111473083496,107.82460021972656,90.56665496826174,105.64979362487793,107.3025351715088,0.7333333333333333,0.06666666666666667,4544.6376953125,-709.6913817599416
eccentric_leo,Eccentric LEO,orbital_regime,random_feasible,Random feasible,1,35000,1,30,27.115312576293945,114.3758544921875,112.15817108154297,113.75643768310546,114.37336318969727,0.6666666666666666,0.1,6058.52392578125,-719.6236086338758
eccentric_leo,Eccentric LEO,orbital_regime,random_feasible,Random feasible,2,35000,2,30,24.603349685668945,114.99880981445312,105.59573287963867,107.5706428527832,112.95257431030274,0.6666666666666666,0.06666666666666667,7937.1123046875,-728.2603746205568
eccentric_leo,Eccentric LEO,orbital_regime,random_feasible,Random feasible,3,35000,3,30,14.071009635925293,107.1932144165039,33.07762260437022,100.49059181213376,106.39466125488282,0.7333333333333333,0.06666666666666667,6230.2607421875,-707.2704654633999
eccentric_leo,Eccentric LEO,orbital_regime,random_feasible,Random feasible,4,35000,4,30,15.596956253051758,107.74954223632812,60.68797187805182,103.45802230834958,107.52255935668946,0.8,0.03333333333333333,5771.3662109375,-686.4324791133404
eccentric_leo,Eccentric LEO,orbital_regime,random_feasible,Random feasible,5,35000,5,30,26.090654373168945,115.7532958984375,100.04770126342774,106.91634407043456,113.85591461181642,0.6666666666666666,0.03333333333333333,5285.67138671875,-755.7748839184642
eccentric_leo,Eccentric LEO,orbital_regime,random_feasible,Random feasible,6,35000,6,30,21.99965476989746,120.55426025390625,105.93389434814455,115.8320903778076,119.76300178527832,0.6666666666666666,0.03333333333333333,5543.9033203125,-729.1123043224216
eccentric_leo,Eccentric LEO,orbital_regime,random_feasible,Random feasible,7,35000,7,30,25.94683837890625,123.25688171386719,105.75355453491211,111.59460372924802,121.13153076171875,0.7333333333333333,0.0,6739.5771484375,-738.323621712625
eccentric_leo,Eccentric LEO,orbital_regime,random_feasible,Random feasible,8,35000,8,30,24.060998916625977,120.94546508789062,106.60629425048829,113.93266220092771,120.08693923950196,0.7,0.06666666666666667,6219.4072265625,-742.1044995933771
eccentric_leo,Eccentric LEO,orbital_regime,random_feasible,Random feasible,9,35000,9,30,13.66242504119873,109.01029205322266,26.98468208312995,88.7624885559081,107.60558685302735,0.7,0.03333333333333333,4625.314453125,-693.8568194657564
eccentric_leo,Eccentric LEO,orbital_regime,random_feasible,Random feasible,10,35001,0,30,27.86060905456543,123.11412811279297,108.16303787231446,116.58338241577147,122.26031494140625,0.6,0.03333333333333333,5728.03857421875,-730.2008559331298
eccentric_leo,Eccentric LEO,orbital_regime,random_feasible,Random feasible,11,35001,1,30,27.416034698486328,113.1356201171875,103.69455490112306,107.02355842590332,111.39431251525879,0.6,0.06666666666666667,5854.7216796875,-715.2518115416169
eccentric_leo,Eccentric LEO,orbital_regime,random_feasible,Random feasible,12,35001,2,30,16.79412269592285,108.21694946289062,102.1405616760254,105.8878074645996,108.0324404144287,0.7333333333333333,0.03333333333333333,6471.85498046875,-680.3115621656179
eccentric_leo,Eccentric LEO,orbital_regime,random_feasible,Random feasible,13,35001,3,30,19.505260467529297,108.47632598876953,103.72422943115234,105.74261398315429,108.11937721252441,0.6666666666666666,0.03333333333333333,6469.4609375,-733.7215032503009
eccentric_leo,Eccentric LEO,orbital_regime,random_feasible,Random feasible,14,35001,4,30,20.081920623779297,108.65853118896484,99.36319808959962,107.08747367858886,108.63877113342285,0.7666666666666667,0.03333333333333333,6224.2626953125,-697.7389881014824
eccentric_leo,Eccentric LEO,orbital_regime,random_feasible,Random feasible,15,35001,5,30,20.166933059692383,117.2368392944336,103.18446273803711,107.27189483642579,114.40281677246095,0.7333333333333333,0.03333333333333333,6648.3017578125,-707.2974736839533
eccentric_leo,Eccentric LEO,orbital_regime,random_feasible,Random feasible,16,35001,6,30,8.88768482208252,115.72572326660156,23.614316940307646,42.15858192443847,94.67638549804694,0.8333333333333334,0.03333333333333333,3662.5,-721.1721414849162
eccentric_leo,Eccentric LEO,orbital_regime,random_feasible,Random feasible,17,35001,7,30,17.075225830078125,121.07735443115234,77.10297546386724,111.43187408447262,119.76415260314941,0.7333333333333333,0.0,5289.5,-733.0420671850443
eccentric_leo,Eccentric LEO,orbital_regime,random_feasible,Random feasible,18,35001,8,30,29.17890739440918,126.64055633544922,108.10698699951172,109.50276374816895,121.97057662963869,0.5666666666666667,0.03333333333333333,5804.47607421875,-773.5507348328829
eccentric_leo,Eccentric LEO,orbital_regime,random_feasible,Random feasible,19,35001,9,30,8.36159610748291,104.27617645263672,11.810582256317154,46.053795623779166,93.17330635070805,0.8333333333333334,0.03333333333333333,6128.87255859375,-661.3896011263132
eccentric_leo,Eccentric LEO,orbital_regime,random_feasible,Random feasible,20,35002,0,30,29.16869354248047,120.45752716064453,110.47709579467774,114.80231208801267,119.74122901916505,0.6666666666666666,0.0,6467.1533203125,-740.6882291212678
eccentric_leo,Eccentric LEO,orbital_regime,random_feasible,Random feasible,21,35002,1,30,22.333995819091797,116.85509490966797,102.57241439819336,109.95381965637203,116.48793312072755,0.6,0.03333333333333333,5154.0,-722.5613885074854
eccentric_leo,Eccentric LEO,orbital_regime,random_feasible,Random feasible,22,35002,2,30,28.5192813873291,116.9620132446289,106.9517448425293,111.63723945617674,116.32918922424317,0.6,0.06666666666666667,5977.2001953125,-767.7002317011356
eccentric_leo,Eccentric LEO,orbital_regime,random_feasible,Random feasible,23,35002,3,30,20.594209671020508,110.48184204101562,103.9530029296875,108.17199401855468,110.04997497558594,0.7,0.0,5856.14892578125,-720.9388318508863
eccentric_leo,Eccentric LEO,orbital_regime,random_feasible,Random feasible,24,35002,4,30,16.7613468170166,106.77631378173828,102.71986236572266,103.80794219970703,105.97802391052247,0.7666666666666667,0.03333333333333333,7664.85107421875,-716.5383484736085
eccentric_leo,Eccentric LEO,orbital_regime,random_feasible,Random feasible,25,35002,5,30,19.981346130371094,111.52253723144531,104.35211486816407,106.8872127532959,110.21856163024903,0.7,0.06666666666666667,5312.7021484375,-680.3895117640495
eccentric_leo,Eccentric LEO,orbital_regime,random_feasible,Random feasible,26,35002,6,30,24.14312744140625,121.60657501220703,104.7911590576172,107.25166053771973,117.58762176513673,0.6333333333333333,0.06666666666666667,6819.24853515625,-741.8093749806285
eccentric_leo,Eccentric LEO,orbital_regime,random_feasible,Random feasible,27,35002,7,30,16.808359146118164,116.79703521728516,106.23444213867188,107.96109199523926,114.40545783996583,0.7666666666666667,0.06666666666666667,5143.35791015625,-706.4679924622178
eccentric_leo,Eccentric LEO,orbital_regime,random_feasible,Random feasible,28,35002,8,30,6.370598793029785,98.85250854492188,5.083475971221936,28.213230705261147,82.11367279052739,0.9,0.13333333333333333,3667.0,-639.1966224908829
eccentric_leo,Eccentric LEO,orbital_regime,random_feasible,Random feasible,29,35002,9,30,15.863964080810547,118.80604553222656,86.0544830322266,109.36242294311522,116.40116203308106,0.8333333333333334,0.03333333333333333,5678.12060546875,-702.2316145598888
eccentric_leo,Eccentric LEO,orbital_regime,random_feasible,Random feasible,30,35003,0,30,9.14243221282959,105.12710571289062,11.47615489959717,60.61836700439429,103.60268966674805,0.8,0.0,5738.138671875,-654.4426258206367
eccentric_leo,Eccentric LEO,orbital_regime,random_feasible,Random feasible,31,35003,1,30,14.52042007446289,115.5196304321289,42.54389114379893,109.99110717773436,114.51824851989747,0.7333333333333333,0.03333333333333333,6018.66357421875,-699.602366566658
eccentric_leo,Eccentric LEO,orbital_regime,random_feasible,Random feasible,32,35003,2,30,20.533924102783203,108.1090087890625,103.81728439331054,106.52064743041991,107.77089302062988,0.7,0.0,6455.08251953125,-757.9326500743628
eccentric_leo,Eccentric LEO,orbital_regime,random_feasible,Random feasible,33,35003,3,30,16.04539680480957,115.62371063232422,104.65394897460938,106.75774383544922,113.35843963623047,0.7666666666666667,0.03333333333333333,5792.9990234375,-706.582408323884
eccentric_leo,Eccentric LEO,orbital_regime,random_feasible,Random feasible,34,35003,4,30,24.177860260009766,116.06059265136719,105.8166259765625,112.30671806335447,116.056787109375,0.7,0.0,6558.71240234375,-739.8025791347027
eccentric_leo,Eccentric LEO,orbital_regime,random_feasible,Random feasible,35,35003,5,30,25.159379959106445,114.8405532836914,107.95982666015625,110.3350730895996,113.96048851013184,0.7,0.1,7266.28955078125,-726.8752659931779
eccentric_leo,Eccentric LEO,orbital_regime,random_feasible,Random feasible,36,35003,6,30,16.794506072998047,121.5531005859375,104.47308731079102,110.3019634246826,119.08788375854493,0.8,0.06666666666666667,5910.080078125,-706.4680857136846
eccentric_leo,Eccentric LEO,orbital_regime,random_feasible,Random feasible,37,35003,7,30,16.381837844848633,101.18383026123047,80.71383819580079,96.14207687377927,101.07429924011231,0.8,0.03333333333333333,4267.66650390625,-684.7032324448228
eccentric_leo,Eccentric LEO,orbital_regime,random_feasible,Random feasible,38,35003,8,30,20.374576568603516,119.875244140625,107.73372879028321,110.22905311584472,117.66957412719728,0.7333333333333333,0.0,5221.05712890625,-736.9309625551105
eccentric_leo,Eccentric LEO,orbital_regime,random_feasible,Random feasible,39,35003,9,30,7.6512041091918945,110.70318603515625,18.920042800903328,30.71005973815915,88.90374938964851,0.8333333333333334,0.03333333333333333,5137.33349609375,-720.4014224559069
eccentric_leo,Eccentric LEO,orbital_regime,random_feasible,Random feasible,40,35004,0,30,19.6892032623291,108.65637969970703,97.40343856811525,105.21755485534668,107.97238441467286,0.7333333333333333,0.1,6268.89990234375,-736.3549306765199
eccentric_leo,Eccentric LEO,orbital_regime,random_feasible,Random feasible,41,35004,1,30,14.977497100830078,111.85891723632812,55.48766059875496,104.07660369873047,109.97848831176758,0.7666666666666667,0.0,6182.32861328125,-710.2975427657366
eccentric_leo,Eccentric LEO,orbital_regime,random_feasible,Random feasible,42,35004,2,30,18.964834213256836,115.36277770996094,108.13244171142578,113.61511421203613,115.01519233703614,0.7666666666666667,0.03333333333333333,5626.001953125,-734.0597220659256
eccentric_leo,Eccentric LEO,orbital_regime,random_feasible,Random feasible,43,35004,3,30,27.264055252075195,110.16998291015625,104.0290298461914,108.16508331298829,109.61372772216797,0.6666666666666666,0.03333333333333333,6066.24755859375,-723.9341936409473
eccentric_leo,Eccentric LEO,orbital_regime,random_feasible,Random feasible,44,35004,4,30,16.623395919799805,107.97724914550781,57.12505569458015,102.36713523864745,106.70019554138185,0.7,0.06666666666666667,5435.66259765625,-728.1949972584844
eccentric_leo,Eccentric LEO,orbital_regime,random_feasible,Random feasible,45,35004,5,30,16.201181411743164,119.175537109375,31.191446685791114,102.90663681030267,117.01531898498536,0.6,0.03333333333333333,5621.33349609375,-672.4036691784859
eccentric_leo,Eccentric LEO,orbital_regime,random_feasible,Random feasible,46,35004,6,30,10.014362335205078,106.67794799804688,10.772104454040566,70.59108238220196,104.7630567932129,0.8,0.03333333333333333,4941.16943359375,-676.9169729575515
eccentric_leo,Eccentric LEO,orbital_regime,random_feasible,Random feasible,47,35004,7,30,25.59345817565918,112.32167053222656,108.20855102539062,109.36401481628418,111.6545280456543,0.7,0.06666666666666667,6931.71875,-708.5942695587873
eccentric_leo,Eccentric LEO,orbital_regime,random_feasible,Random feasible,48,35004,8,30,21.86100196838379,120.14077758789062,107.33536834716797,112.4607841491699,118.86968673706055,0.6666666666666666,0.03333333333333333,6646.5615234375,-755.5615241676569
eccentric_leo,Eccentric LEO,orbital_regime,random_feasible,Random feasible,49,35004,9,30,25.542490005493164,123.22035217285156,111.24456405639648,118.02550201416014,122.41452644348145,0.7333333333333333,0.06666666666666667,5405.66650390625,-705.3913948312402
eccentric_leo,Eccentric LEO,orbital_regime,oldest_first,Oldest first,0,35000,0,30,4.068187236785889,73.37852478027344,1.7934634923934958,15.538770866393978,59.56231430053715,0.9333333333333333,0.0,3198.666748046875,-546.0375946909189
eccentric_leo,Eccentric LEO,orbital_regime,oldest_first,Oldest first,1,35000,1,30,13.282916069030762,117.9024658203125,26.50644207000735,83.65369567871072,117.88656219482422,0.7333333333333333,0.0,2994.333251953125,-709.8983433917165
eccentric_leo,Eccentric LEO,orbital_regime,oldest_first,Oldest first,2,35000,2,30,8.388551712036133,120.07778930664062,14.226171493530305,40.750461578369105,98.62640487670905,0.8666666666666667,0.0,3383.333251953125,-580.0286965444684
eccentric_leo,Eccentric LEO,orbital_regime,oldest_first,Oldest first,3,35000,3,30,2.4428086280822754,25.838037490844727,3.765608334541321,4.601292157173153,19.857723941802995,0.9333333333333333,0.03333333333333333,2995.166748046875,-446.88936902955174
eccentric_leo,Eccentric LEO,orbital_regime,oldest_first,Oldest first,4,35000,4,30,8.07999324798584,115.62680053710938,5.157479619979899,54.64743137359606,103.65542167663578,0.9,0.1,3345.833251953125,-602.8917010426521
eccentric_leo,Eccentric LEO,orbital_regime,oldest_first,Oldest first,5,35000,5,30,3.653400182723999,32.77265167236328,4.332661151886011,25.13830566406247,31.77078853607178,0.9,0.03333333333333333,2935.833251953125,-590.9670054167509
eccentric_leo,Eccentric LEO,orbital_regime,oldest_first,Oldest first,6,35000,6,30,2.667771816253662,34.651222229003906,1.7753376245498673,14.470245075225769,31.58834337234498,0.9333333333333333,0.03333333333333333,2748.333251953125,-465.486680008471
eccentric_leo,Eccentric LEO,orbital_regime,oldest_first,Oldest first,7,35000,7,30,2.911297082901001,56.37842559814453,3.527766561508179,3.767839133739471,41.13726200103764,0.9666666666666667,0.03333333333333333,3134.666748046875,-502.08386462181807
eccentric_leo,Eccentric LEO,orbital_regime,oldest_first,Oldest first,8,35000,8,30,1.9105076789855957,23.880197525024414,3.197508478164674,4.066330218315123,18.18357109069826,0.9666666666666667,0.03333333333333333,2345.0,-465.7792468480766
eccentric_leo,Eccentric LEO,orbital_regime,oldest_first,Oldest first,9,35000,9,30,4.389387130737305,40.350154876708984,5.717685127258328,29.524535560607873,38.85556919097901,0.9,0.06666666666666667,2789.5,-595.9503254145384
eccentric_leo,Eccentric LEO,orbital_regime,oldest_first,Oldest first,10,35001,0,30,2.546398639678955,34.55746078491211,3.12064847946167,5.620793437957751,26.749672317504906,0.9333333333333333,0.06666666666666667,3334.333251953125,-431.1069050915539
eccentric_leo,Eccentric LEO,orbital_regime,oldest_first,Oldest first,11,35001,1,30,2.2556397914886475,37.99055099487305,2.067744040489197,2.3265611767768855,27.67900905609134,0.9666666666666667,0.06666666666666667,3352.333251953125,-384.2788809351623
eccentric_leo,Eccentric LEO,orbital_regime,oldest_first,Oldest first,12,35001,2,30,2.545872688293457,24.532386779785156,3.238881087303162,13.782414817810006,23.81553108215332,0.9333333333333333,0.03333333333333333,3188.333251953125,-574.401705801487
eccentric_leo,Eccentric LEO,orbital_regime,oldest_first,Oldest first,13,35001,3,30,2.4026808738708496,37.72612762451172,2.2410713672637943,6.051396226882916,29.416528663635276,0.9333333333333333,0.0,3504.333251953125,-457.2072150595486
eccentric_leo,Eccentric LEO,orbital_regime,oldest_first,Oldest first,14,35001,4,30,1.1395831108093262,5.257925987243652,2.485672187805176,2.66826639175415,4.527909226417544,0.9666666666666667,0.03333333333333333,3487.833251953125,-382.3466664478183
eccentric_leo,Eccentric LEO,orbital_regime,oldest_first,Oldest first,15,35001,5,30,1.160762071609497,3.0648083686828613,2.2483034849166876,2.857311475276946,3.056815209388733,1.0,0.06666666666666667,3104.833251953125,1155.3975244238973
eccentric_leo,Eccentric LEO,orbital_regime,oldest_first,Oldest first,16,35001,6,30,1.9683916568756104,16.3847599029541,2.677376699447632,9.519602870941128,16.01671642303467,0.9333333333333333,0.03333333333333333,2594.5,-550.1457883603871
eccentric_leo,Eccentric LEO,orbital_regime,oldest_first,Oldest first,17,35001,7,30,1.0838284492492676,3.3726892471313477,2.6295733928680423,3.0087941408157337,3.318591918945313,1.0,0.03333333333333333,3207.833251953125,92.81161228194833
eccentric_leo,Eccentric LEO,orbital_regime,oldest_first,Oldest first,18,35001,8,30,4.737829208374023,106.77651977539062,3.8047770500183122,5.072344350814817,77.3545139312745,0.9333333333333333,0.06666666666666667,2799.333251953125,-443.143097050488
eccentric_leo,Eccentric LEO,orbital_regime,oldest_first,Oldest first,19,35001,9,30,1.1491200923919678,3.8382043838500977,2.4900244235992437,3.230309176445005,3.763402252197266,1.0,0.03333333333333333,2770.166748046875,312.796844127588
eccentric_leo,Eccentric LEO,orbital_regime,oldest_first,Oldest first,20,35002,0,30,3.377197504043579,41.85699462890625,3.350742268562317,15.824778842925962,37.20647186279298,0.9333333333333333,0.06666666666666667,2765.5,-585.3845070153475
eccentric_leo,Eccentric LEO,orbital_regime,oldest_first,Oldest first,21,35002,1,30,5.383500576019287,122.03680419921875,3.1706364154815683,4.258240938186643,88.011451034546,0.9666666666666667,0.03333333333333333,2588.0,-529.6846107654274
eccentric_leo,Eccentric LEO,orbital_regime,oldest_first,Oldest first,22,35002,2,30,2.9766485691070557,36.50481033325195,2.203442168235779,13.412696075439396,32.46579612731935,0.9333333333333333,0.03333333333333333,3166.5,-557.2951961196959
eccentric_leo,Eccentric LEO,orbital_regime,oldest_first,Oldest first,23,35002,3,30,4.037662029266357,25.626083374023438,16.39365959167482,24.680166244506832,25.448588027954102,0.8666666666666667,0.06666666666666667,2509.833251953125,-650.8868588134646
eccentric_leo,Eccentric LEO,orbital_regime,oldest_first,Oldest first,24,35002,4,30,0.9896273016929626,3.0735113620758057,1.828826141357423,2.773088288307189,3.0344320273399354,1.0,0.0,3333.666748046875,392.92929419502616
eccentric_leo,Eccentric LEO,orbital_regime,oldest_first,Oldest first,25,35002,5,30,1.6326968669891357,24.265220642089844,1.511847972869873,1.5709504842758177,17.69141180038454,0.9666666666666667,0.03333333333333333,2931.333251953125,-363.8534946925938
eccentric_leo,Eccentric LEO,orbital_regime,oldest_first,Oldest first,26,35002,6,30,6.4622321128845215,42.97829818725586,27.571056365966815,39.896322250366204,42.56795124053955,0.8333333333333334,0.06666666666666667,2852.833251953125,-669.5974801629782
eccentric_leo,Eccentric LEO,orbital_regime,oldest_first,Oldest first,27,35002,7,30,2.213412046432495,29.296916961669922,3.161043953895569,4.548417949676507,22.444446754455587,0.9333333333333333,0.03333333333333333,2773.333251953125,-589.7157243005931
eccentric_leo,Eccentric LEO,orbital_regime,oldest_first,Oldest first,28,35002,8,30,0.9193297028541565,2.818657875061035,1.5573212385177613,2.133797782659528,2.7410840725898744,1.0,0.06666666666666667,2899.833251953125,1265.0374813489616
eccentric_leo,Eccentric LEO,orbital_regime,oldest_first,Oldest first,29,35002,9,30,3.359550952911377,41.08635711669922,2.262568473815918,20.520293807983304,39.43045406341553,0.9333333333333333,0.13333333333333333,3167.833251953125,-556.6497072130442
eccentric_leo,Eccentric LEO,orbital_regime,oldest_first,Oldest first,30,35003,0,30,1.6677531003952026,25.8753604888916,1.3643020629882814,1.878972047567365,19.029985847473164,0.9666666666666667,0.06666666666666667,2655.833251953125,-175.42726092692465
eccentric_leo,Eccentric LEO,orbital_regime,oldest_first,Oldest first,31,35003,1,30,6.174109935760498,114.07110595703125,6.062231492996217,21.95249547958366,90.94495338439948,0.8666666666666667,0.0,3287.833251953125,-546.9794665575027
eccentric_leo,Eccentric LEO,orbital_regime,oldest_first,Oldest first,32,35003,2,30,1.1939154863357544,5.257561683654785,2.4813148260116584,3.0884972333908065,4.69743679046631,0.9666666666666667,0.03333333333333333,2895.666748046875,-597.6524366363883
eccentric_leo,Eccentric LEO,orbital_regime,oldest_first,Oldest first,33,35003,3,30,0.9050909280776978,6.244409084320068,1.1340076923370364,1.2687121808528898,4.809226222038273,0.9666666666666667,0.03333333333333333,2960.833251953125,-211.1530278287828
eccentric_leo,Eccentric LEO,orbital_regime,oldest_first,Oldest first,34,35003,4,30,5.187522888183594,125.417724609375,2.516865038871767,3.7126502633094782,90.15230239868174,0.9666666666666667,0.03333333333333333,2903.166748046875,-529.0883512534201
eccentric_leo,Eccentric LEO,orbital_regime,oldest_first,Oldest first,35,35003,5,30,0.8755108714103699,2.8448269367218018,1.6028802990913396,1.9914749324321743,2.611500058174134,1.0,0.06666666666666667,3242.333251953125,768.2371253855526
eccentric_leo,Eccentric LEO,orbital_regime,oldest_first,Oldest first,36,35003,6,30,1.7851083278656006,28.40694808959961,1.7323460221290592,2.1357910573482504,20.84257823944094,0.9666666666666667,0.13333333333333333,3162.166748046875,-473.14195546135306
eccentric_leo,Eccentric LEO,orbital_regime,oldest_first,Oldest first,37,35003,7,30,6.657796382904053,100.89186096191406,13.962733459472663,27.734768199920605,81.95900192260748,0.8,0.03333333333333333,2946.5,-646.8537461534142
eccentric_leo,Eccentric LEO,orbital_regime,oldest_first,Oldest first,38,35003,8,30,2.3978970050811768,16.212722778320312,4.237037754058856,15.89818353652954,16.17232042312622,0.9,0.06666666666666667,2944.666748046875,-633.123889323324
eccentric_leo,Eccentric LEO,orbital_regime,oldest_first,Oldest first,39,35003,9,30,1.355614185333252,7.284160614013672,2.2890811920166034,3.9085825204849214,6.435889263153078,0.9666666666666667,0.03333333333333333,2690.166748046875,-384.04201713204384
eccentric_leo,Eccentric LEO,orbital_regime,oldest_first,Oldest first,40,35004,0,30,2.1295464038848877,25.409482955932617,3.193753790855408,3.630666434764861,19.138851356506365,0.9666666666666667,0.1,2329.0,-413.69464161247015
eccentric_leo,Eccentric LEO,orbital_regime,oldest_first,Oldest first,41,35004,1,30,3.926713705062866,41.1507682800293,5.939856624603296,24.798075389862042,37.18353942871095,0.9,0.0,3236.666748046875,-573.461206458509
eccentric_leo,Eccentric LEO,orbital_regime,oldest_first,Oldest first,42,35004,2,30,1.6399664878845215,23.419235229492188,1.6924357652664188,2.1418826818466172,17.317873916625995,0.9666666666666667,0.06666666666666667,2928.5,-419.868484031409
eccentric_leo,Eccentric LEO,orbital_regime,oldest_first,Oldest first,43,35004,3,30,0.9017780423164368,2.6083569526672363,1.3315970778465276,1.6516585648059843,2.341011024713517,1.0,0.06666666666666667,2980.5,158.2340865507722
eccentric_leo,Eccentric LEO,orbital_regime,oldest_first,Oldest first,44,35004,4,30,2.3666582107543945,33.338584899902344,3.012922883033753,3.749944329261778,24.845704841613795,0.9666666666666667,0.1,2742.0,-418.5371298342943
eccentric_leo,Eccentric LEO,orbital_regime,oldest_first,Oldest first,45,35004,5,30,1.2812457084655762,4.181008815765381,2.948004508018494,3.5226195216178877,4.069493851661682,1.0,0.06666666666666667,2679.0,667.7398138977587
eccentric_leo,Eccentric LEO,orbital_regime,oldest_first,Oldest first,46,35004,6,30,2.4162302017211914,26.459354400634766,3.5171906709671035,5.754073905944818,20.75758937835695,0.9333333333333333,0.0,2824.166748046875,-515.5186126939952
eccentric_leo,Eccentric LEO,orbital_regime,oldest_first,Oldest first,47,35004,7,30,1.7345812320709229,16.655643463134766,2.7174652338027956,3.066809082031248,12.791680870056163,0.9666666666666667,0.0,3065.666748046875,-497.4458129480481
eccentric_leo,Eccentric LEO,orbital_regime,oldest_first,Oldest first,48,35004,8,30,1.5423108339309692,19.401885986328125,2.763937640190125,3.425948989391324,14.905069780349745,0.9666666666666667,0.03333333333333333,2262.166748046875,-486.65712421759963
eccentric_leo,Eccentric LEO,orbital_regime,oldest_first,Oldest first,49,35004,9,30,12.423599243164062,124.97689819335938,29.332827377319344,82.87861938476539,124.08860725402832,0.8,0.03333333333333333,3271.5,-667.0740923285484
eccentric_leo,Eccentric LEO,orbital_regime,max_uncertainty_greedy,Max-U greedy,0,35000,0,30,0.6115394830703735,1.5288209915161133,0.9023035645484927,1.2218149423599236,1.47238063454628,1.0,0.03333333333333333,3414.666748046875,280.89717247895896
eccentric_leo,Eccentric LEO,orbital_regime,max_uncertainty_greedy,Max-U greedy,1,35000,1,30,0.921550989151001,2.6535561084747314,1.5672960400581375,2.549506652355194,2.6402176284790038,1.0,0.0,3799.5,-79.5799008263275
eccentric_leo,Eccentric LEO,orbital_regime,max_uncertainty_greedy,Max-U greedy,2,35000,2,30,0.8465845584869385,1.9018305540084839,1.4020007252693176,1.497893232107162,1.8001181793212893,1.0,0.1,4088.333251953125,718.3961397167295
eccentric_leo,Eccentric LEO,orbital_regime,max_uncertainty_greedy,Max-U greedy,3,35000,3,30,0.9608550667762756,1.946186900138855,1.353080439567566,1.5614460468292228,1.869072507619858,1.0,0.06666666666666667,3772.5,-143.84550139959902
eccentric_leo,Eccentric LEO,orbital_regime,max_uncertainty_greedy,Max-U greedy,4,35000,4,30,0.6961531043052673,1.5651347637176514,0.9607266068458559,1.090389287471771,1.4320805978775029,1.0,0.06666666666666667,3837.333251953125,795.333198797889
eccentric_leo,Eccentric LEO,orbital_regime,max_uncertainty_greedy,Max-U greedy,5,35000,5,30,0.9335880875587463,6.689539432525635,1.2038498520851135,1.2722311973571776,5.122879657745366,0.9666666666666667,0.0,4313.33349609375,77.22382490988821
eccentric_leo,Eccentric LEO,orbital_regime,max_uncertainty_greedy,Max-U greedy,6,35000,6,30,0.9731174111366272,8.420134544372559,1.0528772473335266,3.4050553560256835,7.521487193107608,0.9333333333333333,0.06666666666666667,4368.66650390625,-36.256985562853515
eccentric_leo,Eccentric LEO,orbital_regime,max_uncertainty_greedy,Max-U greedy,7,35000,7,30,0.7044837474822998,2.256403923034668,1.056469941139221,1.084469997882843,1.9226266384124766,1.0,0.0,3095.333251953125,992.9513729326427
eccentric_leo,Eccentric LEO,orbital_regime,max_uncertainty_greedy,Max-U greedy,8,35000,8,30,0.9238909482955933,2.2465615272521973,1.5422395229339603,1.7884848177433013,2.1230074918270114,1.0,0.06666666666666667,2480.0,-43.193759565241635
eccentric_leo,Eccentric LEO,orbital_regime,max_uncertainty_greedy,Max-U greedy,9,35000,9,30,0.9090659022331238,1.8588614463806152,1.3366124868392946,1.6274374306201926,1.831636506319046,1.0,0.06666666666666667,2861.666748046875,340.3506269156933
eccentric_leo,Eccentric LEO,orbital_regime,max_uncertainty_greedy,Max-U greedy,10,35001,0,30,1.5005205869674683,10.681754112243652,2.9830200433731093,5.347769927978509,9.450463533401493,0.9333333333333333,0.06666666666666667,3852.666748046875,-417.6750605851412
eccentric_leo,Eccentric LEO,orbital_regime,max_uncertainty_greedy,Max-U greedy,11,35001,1,30,0.8682544231414795,1.7754563093185425,1.3778457164764408,1.7011714220046996,1.754414372444153,1.0,0.06666666666666667,4360.83349609375,921.0569894202054
eccentric_leo,Eccentric LEO,orbital_regime,max_uncertainty_greedy,Max-U greedy,12,35001,2,30,0.8244225382804871,1.809504747390747,1.23167085647583,1.4617320418357838,1.7595426273345949,1.0,0.06666666666666667,3860.666748046875,113.32876724377275
eccentric_leo,Eccentric LEO,orbital_regime,max_uncertainty_greedy,Max-U greedy,13,35001,3,30,0.9737932085990906,4.863181114196777,1.246570372581482,2.8521140933036726,4.633305497169495,1.0,0.06666666666666667,4062.0,353.18958304449916
eccentric_leo,Eccentric LEO,orbital_regime,max_uncertainty_greedy,Max-U greedy,14,35001,4,30,0.7808945178985596,1.6782599687576294,1.164018297195435,1.4108452260494229,1.6137743198871615,1.0,0.03333333333333333,4542.5,235.54069433361292
eccentric_leo,Eccentric LEO,orbital_regime,max_uncertainty_greedy,Max-U greedy,15,35001,5,30,0.8463343381881714,1.7731573581695557,1.241729772090912,1.3540960013866419,1.6756941020488743,1.0,0.1,3002.833251953125,723.5856040166691
eccentric_leo,Eccentric LEO,orbital_regime,max_uncertainty_greedy,Max-U greedy,16,35001,6,30,0.8023362755775452,1.880199670791626,1.282479548454285,1.5245439529418945,1.7816666936874392,1.0,0.0,3269.5,-17.454698277637362
eccentric_leo,Eccentric LEO,orbital_regime,max_uncertainty_greedy,Max-U greedy,17,35001,7,30,1.0179407596588135,2.985348701477051,2.4487457275390625,2.75207883119583,2.9799878931045534,1.0,0.03333333333333333,3394.833251953125,524.1207703431137
eccentric_leo,Eccentric LEO,orbital_regime,max_uncertainty_greedy,Max-U greedy,18,35001,8,30,0.7695760130882263,3.4322166442871094,1.3286537528038032,1.9005681037902824,3.0263925814628614,1.0,0.06666666666666667,4982.16650390625,198.44726634025574
eccentric_leo,Eccentric LEO,orbital_regime,max_uncertainty_greedy,Max-U greedy,19,35001,9,30,0.8667237758636475,2.0712573528289795,1.5733798027038575,1.667142045497894,1.9647583198547367,1.0,0.0,3672.166748046875,564.4957842063159
eccentric_leo,Eccentric LEO,orbital_regime,max_uncertainty_greedy,Max-U greedy,20,35002,0,30,0.9045708775520325,2.2609338760375977,1.5145915746688845,1.8460143804550164,2.172031983137131,1.0,0.1,2895.0,870.9869924634695
eccentric_leo,Eccentric LEO,orbital_regime,max_uncertainty_greedy,Max-U greedy,21,35002,1,30,0.7802706360816956,2.2277889251708984,1.1219111800193786,1.217878413200378,1.9555038821697244,1.0,0.0,3293.5,116.27597004082054
eccentric_leo,Eccentric LEO,orbital_regime,max_uncertainty_greedy,Max-U greedy,22,35002,2,30,0.9833173751831055,2.3646817207336426,1.7725003957748415,2.06712212562561,2.3021705770492558,1.0,0.06666666666666667,3463.333251953125,699.3689417988062
eccentric_leo,Eccentric LEO,orbital_regime,max_uncertainty_greedy,Max-U greedy,23,35002,3,30,0.9983793497085571,3.8052079677581787,1.573381876945496,1.9104308605194085,3.293445885181429,1.0,0.0,3202.666748046875,-129.2458763346076
eccentric_leo,Eccentric LEO,orbital_regime,max_uncertainty_greedy,Max-U greedy,24,35002,4,30,0.6895579695701599,1.5696732997894287,0.9354431629180909,1.1997583985328666,1.5053167033195498,1.0,0.0,4049.5,1092.945340262726
eccentric_leo,Eccentric LEO,orbital_regime,max_uncertainty_greedy,Max-U greedy,25,35002,5,30,0.8059571385383606,1.837219476699829,1.321518874168396,1.418724149465561,1.7161020183563236,1.0,0.13333333333333333,3540.5,1045.1068599428982
eccentric_leo,Eccentric LEO,orbital_regime,max_uncertainty_greedy,Max-U greedy,26,35002,6,30,0.7681106925010681,2.35874080657959,1.195657229423523,1.5369702994823442,2.180671690702439,1.0,0.06666666666666667,3165.666748046875,370.5064128898084
eccentric_leo,Eccentric LEO,orbital_regime,max_uncertainty_greedy,Max-U greedy,27,35002,7,30,0.7341975569725037,1.2074123620986938,1.0845601558685303,1.1548213362693784,1.2042966783046722,1.0,0.1,3003.0,129.35670376196504
eccentric_leo,Eccentric LEO,orbital_regime,max_uncertainty_greedy,Max-U greedy,28,35002,8,30,0.8171746730804443,1.9508030414581299,1.2801057934761049,1.592272704839705,1.9111068964004518,1.0,0.06666666666666667,3181.333251953125,1237.0294222971424
eccentric_leo,Eccentric LEO,orbital_regime,max_uncertainty_greedy,Max-U greedy,29,35002,9,30,0.6988323330879211,1.4277141094207764,1.087855625152588,1.2074724614620203,1.3901828503608704,1.0,0.06666666666666667,4120.0,1051.2988475300372
eccentric_leo,Eccentric LEO,orbital_regime,max_uncertainty_greedy,Max-U greedy,30,35003,0,30,0.7785456776618958,1.2667078971862793,1.152401876449585,1.172795671224594,1.2438643085956573,1.0,0.1,4007.833251953125,1417.0468895807862
eccentric_leo,Eccentric LEO,orbital_regime,max_uncertainty_greedy,Max-U greedy,31,35003,1,30,0.6338961124420166,1.4084162712097168,0.8420856952667237,1.1398949503898608,1.391137285232544,1.0,0.0,4261.0,1164.4624149985611
eccentric_leo,Eccentric LEO,orbital_regime,max_uncertainty_greedy,Max-U greedy,32,35003,2,30,0.7039121985435486,1.806976079940796,1.1698233842849732,1.351267540454864,1.6995741987228397,1.0,0.1,4022.666748046875,979.128038039431
eccentric_leo,Eccentric LEO,orbital_regime,max_uncertainty_greedy,Max-U greedy,33,35003,3,30,0.6059102416038513,1.2463847398757935,0.9581782877445222,1.0070794671773908,1.1832979595661166,1.0,0.0,3126.166748046875,1138.6150276185945
eccentric_leo,Eccentric LEO,orbital_regime,max_uncertainty_greedy,Max-U greedy,34,35003,4,30,0.6757723689079285,1.2831664085388184,1.1171546936035157,1.221881991624832,1.2754923367500306,1.0,0.06666666666666667,3334.833251953125,813.7934265425429
eccentric_leo,Eccentric LEO,orbital_regime,max_uncertainty_greedy,Max-U greedy,35,35003,5,30,0.7827091217041016,1.7313989400863647,1.1141880393028258,1.1221958458423615,1.5552684795856482,1.0,0.0,3987.333251953125,1259.8064626026899
eccentric_leo,Eccentric LEO,orbital_regime,max_uncertainty_greedy,Max-U greedy,36,35003,6,30,3.6441779136657715,53.8946533203125,2.274214935302735,18.29428672790519,47.29149257659914,0.9333333333333333,0.13333333333333333,3725.666748046875,-487.96919262968004
eccentric_leo,Eccentric LEO,orbital_regime,max_uncertainty_greedy,Max-U greedy,37,35003,7,30,0.7347666621208191,2.2792470455169678,1.1123184561729431,1.3895182847976673,2.074371571540833,1.0,0.06666666666666667,3660.5,576.2807940682396
eccentric_leo,Eccentric LEO,orbital_regime,max_uncertainty_greedy,Max-U greedy,38,35003,8,30,0.6393585801124573,1.1868441104888916,1.0491792917251588,1.1183639049530028,1.1730004835128784,1.0,0.06666666666666667,3601.166748046875,404.0882766386494
eccentric_leo,Eccentric LEO,orbital_regime,max_uncertainty_greedy,Max-U greedy,39,35003,9,30,0.7696232199668884,1.837061882019043,1.452238726615906,1.6375714898109432,1.7997366642951966,1.0,0.06666666666666667,5295.66650390625,129.9702090891078
eccentric_leo,Eccentric LEO,orbital_regime,max_uncertainty_greedy,Max-U greedy,40,35004,0,30,0.8575628995895386,2.8051490783691406,2.1068685770034796,2.4021057844161984,2.6958700084686282,1.0,0.03333333333333333,3284.333251953125,-48.188395634293556
eccentric_leo,Eccentric LEO,orbital_regime,max_uncertainty_greedy,Max-U greedy,41,35004,1,30,0.7984147667884827,2.1944456100463867,1.3511588931083687,1.8668608427047728,2.104931608438492,1.0,0.06666666666666667,4122.16650390625,135.9191903937608
eccentric_leo,Eccentric LEO,orbital_regime,max_uncertainty_greedy,Max-U greedy,42,35004,2,30,0.6406415700912476,1.643783450126648,1.0824364185333253,1.1120778679847716,1.4942634356021887,1.0,0.1,4173.0,1128.1555588850752
eccentric_leo,Eccentric LEO,orbital_regime,max_uncertainty_greedy,Max-U greedy,43,35004,3,30,0.8220597505569458,1.7802542448043823,1.2779376864433292,1.5812269806861874,1.7397780466079713,1.0,0.0,3868.0,1130.305752221495
eccentric_leo,Eccentric LEO,orbital_regime,max_uncertainty_greedy,Max-U greedy,44,35004,4,30,0.6919281482696533,1.6192986965179443,1.0289063453674316,1.0978970348834989,1.4758315265178685,1.0,0.13333333333333333,4035.0,271.50096105691046
eccentric_leo,Eccentric LEO,orbital_regime,max_uncertainty_greedy,Max-U greedy,45,35004,5,30,0.776740312576294,1.378117561340332,1.337257969379425,1.3618850111961365,1.3769099378585816,1.0,0.06666666666666667,2804.166748046875,1408.6481604296714
eccentric_leo,Eccentric LEO,orbital_regime,max_uncertainty_greedy,Max-U greedy,46,35004,6,30,0.7732285261154175,1.7471497058868408,1.246626365184784,1.3673470437526698,1.6633641719818117,1.0,0.06666666666666667,3205.166748046875,1244.200464706868
eccentric_leo,Eccentric LEO,orbital_regime,max_uncertainty_greedy,Max-U greedy,47,35004,7,30,0.8182999491691589,1.9237521886825562,1.5633805274963382,1.8546879947185513,1.9212022888660432,1.0,0.03333333333333333,3490.666748046875,650.6582551337779
eccentric_leo,Eccentric LEO,orbital_regime,max_uncertainty_greedy,Max-U greedy,48,35004,8,30,0.7158390879631042,2.3325693607330322,1.1406280994415285,1.3366770863533015,2.069023962020875,1.0,0.03333333333333333,3375.333251953125,-290.7491425573826
eccentric_leo,Eccentric LEO,orbital_regime,max_uncertainty_greedy,Max-U greedy,49,35004,9,30,0.9661853313446045,5.618868350982666,1.3930302977561957,1.7366776704788207,4.493543033599857,0.9666666666666667,0.2,3981.0,-199.7902654944919
eccentric_leo,Eccentric LEO,orbital_regime,expected_info_gain,Expected information gain,0,35000,0,30,0.44695398211479187,0.9081532955169678,0.8024231314659118,0.826045376062393,0.8898893558979035,1.0,0.13333333333333333,3275.0,496.66353053832427
eccentric_leo,Eccentric LEO,orbital_regime,expected_info_gain,Expected information gain,1,35000,1,30,0.5001779794692993,1.4497908353805542,0.8632034838199619,1.1749194085597987,1.3896983265876772,1.0,0.23333333333333334,4155.0,587.2081641089171
eccentric_leo,Eccentric LEO,orbital_regime,expected_info_gain,Expected information gain,2,35000,2,30,0.6265802979469299,1.7847001552581787,1.1412689924240114,1.306577736139297,1.675446702241898,1.0,0.16666666666666666,3863.333251953125,870.1097867041826
eccentric_leo,Eccentric LEO,orbital_regime,expected_info_gain,Expected information gain,3,35000,3,30,0.5982720255851746,1.8795024156570435,1.0090458929538735,1.5987127065658564,1.823593479394913,1.0,0.1,3628.833251953125,1098.912726374343
eccentric_leo,Eccentric LEO,orbital_regime,expected_info_gain,Expected information gain,4,35000,4,30,0.6106084585189819,3.113119125366211,0.9158159136772156,1.0287038266658777,2.532144923210146,1.0,0.13333333333333333,4658.16650390625,798.0216080509126
eccentric_leo,Eccentric LEO,orbital_regime,expected_info_gain,Expected information gain,5,35000,5,30,0.4088594317436218,0.9598187804222107,0.6418002784252167,0.8228377133607856,0.95655936896801,1.0,0.13333333333333333,3836.666748046875,1255.7007947899401
eccentric_leo,Eccentric LEO,orbital_regime,expected_info_gain,Expected information gain,6,35000,6,30,0.3738611340522766,0.8341666460037231,0.6152705848217012,0.7276170700788496,0.8156094604730607,1.0,0.26666666666666666,4097.66650390625,1048.9395202733576
eccentric_leo,Eccentric LEO,orbital_regime,expected_info_gain,Expected information gain,7,35000,7,30,0.4342990815639496,1.232454776763916,0.8003943502902986,0.9021544158458707,1.1462151211500171,1.0,0.2,4970.0,1450.027924720198
eccentric_leo,Eccentric LEO,orbital_regime,expected_info_gain,Expected information gain,8,35000,8,30,0.6352313160896301,1.763310432434082,1.3189993858337403,1.4971944034099576,1.6987273633480073,1.0,0.13333333333333333,3362.333251953125,865.9252282269299
eccentric_leo,Eccentric LEO,orbital_regime,expected_info_gain,Expected information gain,9,35000,9,30,0.7212873101234436,1.7526359558105469,1.4715404868125916,1.5504285216331481,1.700024095773697,1.0,0.1,3360.5,632.8297520680353
eccentric_leo,Eccentric LEO,orbital_regime,expected_info_gain,Expected information gain,10,35001,0,30,1.2140651941299438,16.483545303344727,1.5957772135734563,1.9895650029182428,12.307252254486096,0.9666666666666667,0.13333333333333333,4033.833251953125,-194.48729152791202
eccentric_leo,Eccentric LEO,orbital_regime,expected_info_gain,Expected information gain,11,35001,1,30,0.7389444708824158,1.7351816892623901,1.4707106232643128,1.5653264462947845,1.686563504934311,1.0,0.06666666666666667,3541.0,927.0053254961967
eccentric_leo,Eccentric LEO,orbital_regime,expected_info_gain,Expected information gain,12,35001,2,30,0.557924211025238,1.4804272651672363,0.9676529943943024,1.0473074257373807,1.373197891712189,1.0,0.13333333333333333,4598.83349609375,309.3028808478266
eccentric_leo,Eccentric LEO,orbital_regime,expected_info_gain,Expected information gain,13,35001,3,30,0.6096097230911255,1.3585031032562256,1.148766136169434,1.29457768201828,1.3417564713954926,1.0,0.1,4058.666748046875,999.5652608731762
eccentric_leo,Eccentric LEO,orbital_regime,expected_info_gain,Expected information gain,14,35001,4,30,0.5240444540977478,1.717599630355835,0.9081165313720704,1.004660308361053,1.531511807441712,1.0,0.1,4239.66650390625,689.8098997659981
eccentric_leo,Eccentric LEO,orbital_regime,expected_info_gain,Expected information gain,15,35001,5,30,0.6941282153129578,2.019385576248169,1.2486127853393556,1.523009854555129,1.9216799104213718,1.0,0.13333333333333333,3516.333251953125,1327.97386607714
eccentric_leo,Eccentric LEO,orbital_regime,expected_info_gain,Expected information gain,16,35001,6,30,0.5136474967002869,1.5670838356018066,0.9836052119731903,0.9958360761404037,1.4025276780128484,1.0,0.16666666666666666,4111.16650390625,1172.3931673979387
eccentric_leo,Eccentric LEO,orbital_regime,expected_info_gain,Expected information gain,17,35001,7,30,0.6301984786987305,1.6136672496795654,1.1465338706970216,1.2003447771072386,1.4999283874034885,1.0,0.13333333333333333,3966.5,776.3515424802899
eccentric_leo,Eccentric LEO,orbital_regime,expected_info_gain,Expected information gain,18,35001,8,30,0.34284862875938416,1.2207590341567993,0.5132410764694216,0.7187599331140516,1.0858323121070865,1.0,0.16666666666666666,4085.166748046875,1141.4850804433227
eccentric_leo,Eccentric LEO,orbital_regime,expected_info_gain,Expected information gain,19,35001,9,30,0.548409104347229,1.5426406860351562,1.051364636421204,1.2141031980514525,1.4501394653320314,1.0,0.2,3488.333251953125,1047.2271960759535
eccentric_leo,Eccentric LEO,orbital_regime,expected_info_gain,Expected information gain,20,35002,0,30,0.7617098093032837,2.215000867843628,1.4562090277671813,1.735613721609114,2.1417274868488314,1.0,0.1,3704.666748046875,490.97268877737224
eccentric_leo,Eccentric LEO,orbital_regime,expected_info_gain,Expected information gain,21,35002,1,30,0.6654645800590515,4.532735824584961,1.0219043552875524,1.6314666628837573,3.750591711997988,1.0,0.16666666666666666,4222.66650390625,287.2739226035774
eccentric_leo,Eccentric LEO,orbital_regime,expected_info_gain,Expected information gain,22,35002,2,30,0.729907214641571,1.8279129266738892,1.4718395113945009,1.6194158315658567,1.776811045408249,1.0,0.1,3678.666748046875,617.3559425286949
eccentric_leo,Eccentric LEO,orbital_regime,expected_info_gain,Expected information gain,23,35002,3,30,0.7302888035774231,1.8720018863677979,1.5057457089424136,1.770721888542175,1.8584973287582398,1.0,0.06666666666666667,2858.833251953125,-35.47576064616442
eccentric_leo,Eccentric LEO,orbital_regime,expected_info_gain,Expected information gain,24,35002,4,30,0.47452083230018616,1.442250370979309,0.8643538594245912,0.9987721741199491,1.325942387580872,1.0,0.16666666666666666,3843.333251953125,1437.7336344979703
eccentric_leo,Eccentric LEO,orbital_regime,expected_info_gain,Expected information gain,25,35002,5,30,0.49283963441848755,2.0713133811950684,0.8703793823719026,1.0002117365598677,1.7644709193706523,1.0,0.16666666666666666,4380.0,1687.9510652935132
eccentric_leo,Eccentric LEO,orbital_regime,expected_info_gain,Expected information gain,26,35002,6,30,0.5582655072212219,1.4788280725479126,0.9339775323867802,1.2002807080745694,1.408151572942734,1.0,0.06666666666666667,3078.5,966.6909282058477
eccentric_leo,Eccentric LEO,orbital_regime,expected_info_gain,Expected information gain,27,35002,7,30,0.597791850566864,2.1513822078704834,0.9613273978233342,1.7311667084693882,2.1481297969818116,1.0,0.1,3454.5,414.57641418650746
eccentric_leo,Eccentric LEO,orbital_regime,expected_info_gain,Expected information gain,28,35002,8,30,0.5493684411048889,1.8016700744628906,0.8963518023490906,0.9592760831117629,1.560809602141381,1.0,0.13333333333333333,3788.166748046875,1295.548724343069
eccentric_leo,Eccentric LEO,orbital_regime,expected_info_gain,Expected information gain,29,35002,9,30,0.45703592896461487,1.3726584911346436,0.7577690124511723,1.0382266581058501,1.2796906352043154,1.0,0.16666666666666666,4774.83349609375,1105.0585425775498
eccentric_leo,Eccentric LEO,orbital_regime,expected_info_gain,Expected information gain,30,35003,0,30,0.49132341146469116,1.1067336797714233,0.9658124148845673,0.995339074730873,1.0765462386608124,1.0,0.16666666666666666,3776.666748046875,1625.1908759772778
eccentric_leo,Eccentric LEO,orbital_regime,expected_info_gain,Expected information gain,31,35003,1,30,0.479930579662323,1.227407455444336,0.7370630145072937,0.8096171230077741,1.1168852061033252,1.0,0.1,4301.33349609375,1237.9716182649136
eccentric_leo,Eccentric LEO,orbital_regime,expected_info_gain,Expected information gain,32,35003,2,30,0.49246159195899963,1.2556092739105225,0.8638541102409363,0.9096254706382749,1.164854944944382,1.0,0.23333333333333334,3729.833251953125,1042.0229009352624
eccentric_leo,Eccentric LEO,orbital_regime,expected_info_gain,Expected information gain,33,35003,3,30,0.38263794779777527,0.8791058659553528,0.5837119221687317,0.7467410027980798,0.8735745030641556,1.0,0.1,4027.0,1207.4468679036945
eccentric_leo,Eccentric LEO,orbital_regime,expected_info_gain,Expected information gain,34,35003,4,30,0.5757877230644226,2.0525894165039062,1.045336377620697,1.082379412651062,1.772715311050416,1.0,0.13333333333333333,4755.33349609375,874.1294804988429
eccentric_leo,Eccentric LEO,orbital_regime,expected_info_gain,Expected information gain,35,35003,5,30,0.5533143281936646,1.8638237714767456,0.9657234370708467,1.1619430840015406,1.6830590057373052,1.0,0.16666666666666666,3835.666748046875,1320.4976084679365
eccentric_leo,Eccentric LEO,orbital_regime,expected_info_gain,Expected information gain,36,35003,6,30,0.6117203831672668,1.6160269975662231,1.1430397152900698,1.3030389070510864,1.5301081407070163,1.0,0.16666666666666666,4476.66650390625,815.7915803156793
eccentric_leo,Eccentric LEO,orbital_regime,expected_info_gain,Expected information gain,37,35003,7,30,0.7815489172935486,5.9770050048828125,0.9190316259860993,1.7382209837436635,4.930183026790622,0.9666666666666667,0.16666666666666666,3707.166748046875,-414.8872266076505
eccentric_leo,Eccentric LEO,orbital_regime,expected_info_gain,Expected information gain,38,35003,8,30,0.5596245527267456,3.754833459854126,0.6805479764938357,0.8936352133750913,2.9360852742195154,1.0,0.1,4019.5,119.14323028270155
eccentric_leo,Eccentric LEO,orbital_regime,expected_info_gain,Expected information gain,39,35003,9,30,0.4831763803958893,1.336314082145691,0.7940151751041414,1.0040147930383676,1.2632542788982393,1.0,0.13333333333333333,4257.0,998.6718217683956
eccentric_leo,Eccentric LEO,orbital_regime,expected_info_gain,Expected information gain,40,35004,0,30,0.5681145787239075,2.159952163696289,1.4646544694900518,1.9039939939975739,2.0879283058643345,1.0,0.2,3697.166748046875,253.67413976415992
eccentric_leo,Eccentric LEO,orbital_regime,expected_info_gain,Expected information gain,41,35004,1,30,0.5596812963485718,1.4596272706985474,1.1646023869514466,1.2292803943157196,1.3989809048175814,1.0,0.13333333333333333,4317.33349609375,396.51886027213186
eccentric_leo,Eccentric LEO,orbital_regime,expected_info_gain,Expected information gain,42,35004,2,30,0.4704912304878235,1.496774435043335,0.7850625574588778,0.9810139596462245,1.3684314942359928,1.0,0.2,4114.33349609375,1270.0060008652508
eccentric_leo,Eccentric LEO,orbital_regime,expected_info_gain,Expected information gain,43,35004,3,30,0.571410059928894,2.276191473007202,1.139680576324463,1.1860277593135833,1.9604131436347971,1.0,0.13333333333333333,4374.5,1172.5619239732623
eccentric_leo,Eccentric LEO,orbital_regime,expected_info_gain,Expected information gain,44,35004,4,30,0.48943811655044556,1.0712169408798218,0.8810625016689302,0.9799088746309279,1.0483392137289047,1.0,0.13333333333333333,3972.5,577.4196997163817
eccentric_leo,Eccentric LEO,orbital_regime,expected_info_gain,Expected information gain,45,35004,5,30,0.5109112858772278,1.1395676136016846,0.9331932544708255,1.1112013339996338,1.132403736114502,1.0,0.13333333333333333,3663.833251953125,801.6550094541162
eccentric_leo,Eccentric LEO,orbital_regime,expected_info_gain,Expected information gain,46,35004,6,30,0.6550718545913696,1.7684513330459595,1.2697656273841857,1.3656129896640774,1.6712557923793796,1.0,0.1,3510.666748046875,1050.7031985139474
eccentric_leo,Eccentric LEO,orbital_regime,expected_info_gain,Expected information gain,47,35004,7,30,0.5320482850074768,1.5122466087341309,1.0299761056900025,1.0953713774681089,1.4031262183189395,1.0,0.13333333333333333,5042.33349609375,1689.6980166593567
eccentric_leo,Eccentric LEO,orbital_regime,expected_info_gain,Expected information gain,48,35004,8,30,0.376041978597641,1.0657023191452026,0.6821949362754822,0.7636607795953749,0.9863829731941225,1.0,0.13333333333333333,3512.333251953125,544.2858724389225
eccentric_leo,Eccentric LEO,orbital_regime,expected_info_gain,Expected information gain,49,35004,9,30,0.5159657597541809,1.2451459169387817,0.8948015928268436,1.1234513223171234,1.210105026960373,1.0,0.16666666666666666,4716.16650390625,745.8532551825047
eccentric_leo,Eccentric LEO,orbital_regime,beam_a_star,Beam A*,0,35000,0,30,0.6293277740478516,4.114180088043213,0.8803449869155885,1.0808417618274682,3.2624374938011194,1.0,0.1,3611.666748046875,815.4330393429846
eccentric_leo,Eccentric LEO,orbital_regime,beam_a_star,Beam A*,1,35000,1,30,0.5801492929458618,1.03129243850708,0.9316225945949554,0.9786968201398848,1.0213844776153564,1.0,0.1,3743.0,955.9676279090345
eccentric_leo,Eccentric LEO,orbital_regime,beam_a_star,Beam A*,2,35000,2,30,0.9671972393989563,4.236621856689453,1.55683126449585,1.8798132777214047,3.5676611590385456,1.0,0.06666666666666667,4029.333251953125,458.7716276217252
eccentric_leo,Eccentric LEO,orbital_regime,beam_a_star,Beam A*,3,35000,3,30,0.834023118019104,2.158775806427002,1.5010620594024662,1.990823245048522,2.158255171775818,1.0,0.06666666666666667,3792.666748046875,652.1575169116259
eccentric_leo,Eccentric LEO,orbital_regime,beam_a_star,Beam A*,4,35000,4,30,0.6974465250968933,1.3715369701385498,1.19743127822876,1.2608379185199736,1.3428450918197632,1.0,0.1,4249.16650390625,971.7028072439134
eccentric_leo,Eccentric LEO,orbital_regime,beam_a_star,Beam A*,5,35000,5,30,0.6025349497795105,1.0700892210006714,0.9121521949768067,0.9323965340852738,1.0302978163957597,1.0,0.0,5417.66650390625,795.4244190007448
eccentric_leo,Eccentric LEO,orbital_regime,beam_a_star,Beam A*,6,35000,6,30,0.5055263638496399,1.5497422218322754,0.7679271996021272,0.8918945819139479,1.367400617599488,1.0,0.1,3883.333251953125,1029.8398717213422
eccentric_leo,Eccentric LEO,orbital_regime,beam_a_star,Beam A*,7,35000,7,30,0.576890766620636,1.1243566274642944,1.0092099189758301,1.0715545475482937,1.1235456335544587,1.0,0.06666666666666667,3259.833251953125,1292.6592130474746
eccentric_leo,Eccentric LEO,orbital_regime,beam_a_star,Beam A*,8,35000,8,30,0.7595829367637634,1.8050744533538818,1.4024092555046084,1.660334944725036,1.7981177580356598,1.0,0.03333333333333333,3716.0,57.59552915208042
eccentric_leo,Eccentric LEO,orbital_regime,beam_a_star,Beam A*,9,35000,9,30,0.878046989440918,1.7802006006240845,1.4614396095275881,1.5636194229125977,1.717576998472214,1.0,0.06666666666666667,3085.666748046875,352.82082770299166
eccentric_leo,Eccentric LEO,orbital_regime,beam_a_star,Beam A*,10,35001,0,30,1.4902130365371704,10.967329978942871,2.040420413017274,4.776584064960469,9.664355130195622,0.9333333333333333,0.1,4337.0,-414.12666480988264
eccentric_leo,Eccentric LEO,orbital_regime,beam_a_star,Beam A*,11,35001,1,30,0.9060941338539124,4.789765357971191,1.3368816494941715,1.6830596268177025,3.9203711748123196,1.0,0.06666666666666667,3441.833251953125,632.0665854774415
eccentric_leo,Eccentric LEO,orbital_regime,beam_a_star,Beam A*,12,35001,2,30,0.6844626665115356,1.3009530305862427,0.9355031549930574,1.0078530460596082,1.2211720621585849,1.0,0.06666666666666667,3825.833251953125,134.67591472249478
eccentric_leo,Eccentric LEO,orbital_regime,beam_a_star,Beam A*,13,35001,3,30,0.7041288018226624,3.2095534801483154,1.058183538913727,1.3730139076709742,2.697756135463716,1.0,0.06666666666666667,3985.166748046875,775.1111217681319
eccentric_leo,Eccentric LEO,orbital_regime,beam_a_star,Beam A*,14,35001,4,30,0.6750280261039734,1.3884483575820923,1.124644219875336,1.298067337274551,1.379317857027054,1.0,0.06666666666666667,4504.33349609375,663.5254159523174
eccentric_leo,Eccentric LEO,orbital_regime,beam_a_star,Beam A*,15,35001,5,30,0.8573624491691589,2.3127262592315674,1.6889145493507387,2.016533923149108,2.2681445837020875,1.0,0.1,3688.833251953125,733.446869163774
eccentric_leo,Eccentric LEO,orbital_regime,beam_a_star,Beam A*,16,35001,6,30,0.7184406518936157,1.7196460962295532,1.0399232268333436,1.134184169769287,1.5548211514949803,1.0,0.1,3805.0,-199.47291890531778
eccentric_leo,Eccentric LEO,orbital_regime,beam_a_star,Beam A*,17,35001,7,30,0.6712477207183838,1.2991176843643188,1.0689200758934023,1.2296207487583157,1.2921952486038208,1.0,0.06666666666666667,4059.5,736.5450209975243
eccentric_leo,Eccentric LEO,orbital_regime,beam_a_star,Beam A*,18,35001,8,30,0.6420538425445557,1.9770333766937256,0.9681014537811281,1.478936821222303,1.9298536443710328,1.0,0.1,4816.0,549.220605911687
eccentric_leo,Eccentric LEO,orbital_regime,beam_a_star,Beam A*,19,35001,9,30,0.8739405274391174,2.9629387855529785,1.8373529911041262,2.2934445619583115,2.8330461096763613,1.0,0.0,3684.333251953125,1057.0465825302526
eccentric_leo,Eccentric LEO,orbital_regime,beam_a_star,Beam A*,20,35002,0,30,0.8615862131118774,2.20009183883667,1.5632342696189883,1.8212530732154837,2.1294252610206605,1.0,0.06666666666666667,3689.5,806.2321748863906
eccentric_leo,Eccentric LEO,orbital_regime,beam_a_star,Beam A*,21,35002,1,30,0.8431485295295715,2.0640869140625,1.467640352249146,1.796948373317718,2.0048227190971377,1.0,0.0,3665.0,-144.22849377896637
eccentric_leo,Eccentric LEO,orbital_regime,beam_a_star,Beam A*,22,35002,2,30,0.8959790468215942,1.8263981342315674,1.6076906800270083,1.7302836418151855,1.7998491895198823,1.0,0.06666666666666667,3267.833251953125,787.7159287780523
eccentric_leo,Eccentric LEO,orbital_regime,beam_a_star,Beam A*,23,35002,3,30,0.8254969716072083,1.645995855331421,1.3756356120109559,1.4637518048286435,1.6015965056419375,1.0,0.03333333333333333,2870.833251953125,-191.86756072938442
eccentric_leo,Eccentric LEO,orbital_regime,beam_a_star,Beam A*,24,35002,4,30,0.6308378577232361,1.3730885982513428,0.952168440818787,1.2794018447399136,1.3592622220516206,1.0,0.1,4028.833251953125,1431.2413994623348
eccentric_leo,Eccentric LEO,orbital_regime,beam_a_star,Beam A*,25,35002,5,30,0.6972325444221497,1.822696328163147,1.1466014146804813,1.315237957239151,1.6777885627746587,1.0,0.06666666666666667,3896.5,714.5445560025983
eccentric_leo,Eccentric LEO,orbital_regime,beam_a_star,Beam A*,26,35002,6,30,0.6654117107391357,2.2502899169921875,1.0725653290748598,1.2079161226749418,1.956972928047181,1.0,0.06666666666666667,3395.833251953125,934.063277926296
eccentric_leo,Eccentric LEO,orbital_regime,beam_a_star,Beam A*,27,35002,7,30,0.6728098392486572,1.1474673748016357,1.06100435256958,1.0928196787834166,1.1381742191314697,1.0,0.1,3384.833251953125,-71.137022562325
eccentric_leo,Eccentric LEO,orbital_regime,beam_a_star,Beam A*,28,35002,8,30,0.6605357527732849,1.3076401948928833,1.1198686838150025,1.210756295919418,1.2968360233306886,1.0,0.1,3830.666748046875,1425.7182719632983
eccentric_leo,Eccentric LEO,orbital_regime,beam_a_star,Beam A*,29,35002,9,30,0.5867090225219727,0.9171987771987915,0.8160827696323395,0.8734958380460738,0.9083696120977403,1.0,0.03333333333333333,3819.333251953125,685.2596340961754
eccentric_leo,Eccentric LEO,orbital_regime,beam_a_star,Beam A*,30,35003,0,30,0.660152018070221,1.4617666006088257,1.0458957433700562,1.1074511766433714,1.3679683220386507,1.0,0.06666666666666667,3722.166748046875,1620.373091707006
eccentric_leo,Eccentric LEO,orbital_regime,beam_a_star,Beam A*,31,35003,1,30,0.8762747049331665,8.733689308166504,0.8447642624378207,1.092582511901855,6.537004771232612,0.9666666666666667,0.0,4881.33349609375,-122.21013566013426
eccentric_leo,Eccentric LEO,orbital_regime,beam_a_star,Beam A*,32,35003,2,30,0.6423770785331726,1.5126267671585083,1.2779234886169435,1.3755284845829008,1.4855917930603029,1.0,0.1,3543.833251953125,527.0871407408267
eccentric_leo,Eccentric LEO,orbital_regime,beam_a_star,Beam A*,33,35003,3,30,0.516261875629425,1.0612037181854248,0.7903982758522033,0.9338181018829339,1.0558241724967956,1.0,0.0,3843.0,1170.8933409471065
eccentric_leo,Eccentric LEO,orbital_regime,beam_a_star,Beam A*,34,35003,4,30,0.6381787061691284,1.6110124588012695,1.0894369125366212,1.1084568083286286,1.4663136732578281,1.0,0.03333333333333333,4999.33349609375,279.226167508401
eccentric_leo,Eccentric LEO,orbital_regime,beam_a_star,Beam A*,35,35003,5,30,0.6654281616210938,1.8412740230560303,0.9505944371223451,1.0515048146247863,1.6166393923759468,1.0,0.06666666666666667,3772.333251953125,1150.1263790335506
eccentric_leo,Eccentric LEO,orbital_regime,beam_a_star,Beam A*,36,35003,6,30,0.8219659924507141,6.2742204666137695,1.004251801967621,1.0866599857807158,4.776740522384648,0.9666666666666667,0.13333333333333333,3616.666748046875,463.41310421563685
eccentric_leo,Eccentric LEO,orbital_regime,beam_a_star,Beam A*,37,35003,7,30,1.0884978771209717,12.49661922454834,1.0646232008934022,1.7834466457366913,9.533576107025155,0.9666666666666667,0.13333333333333333,3850.666748046875,-430.1194527428597
eccentric_leo,Eccentric LEO,orbital_regime,beam_a_star,Beam A*,38,35003,8,30,0.5304152369499207,0.9447748064994812,0.8732817590236664,0.9104800254106521,0.9378986090421677,1.0,0.1,3335.166748046875,783.0638094656169
eccentric_leo,Eccentric LEO,orbital_regime,beam_a_star,Beam A*,39,35003,9,30,0.6944474577903748,1.5109199285507202,1.266132688522339,1.417411077022552,1.5067585849761962,1.0,0.1,3864.0,749.3059304058552
eccentric_leo,Eccentric LEO,orbital_regime,beam_a_star,Beam A*,40,35004,0,30,0.6392196416854858,1.5007297992706299,1.061480164527893,1.1275171160697934,1.4026262593269352,1.0,0.1,2722.833251953125,-89.17184343189001
eccentric_leo,Eccentric LEO,orbital_regime,beam_a_star,Beam A*,41,35004,1,30,0.6942942142486572,1.4727842807769775,1.2305333137512207,1.2892834424972532,1.423576285839081,1.0,0.1,4125.0,390.4605235867202
eccentric_leo,Eccentric LEO,orbital_regime,beam_a_star,Beam A*,42,35004,2,30,0.5568140745162964,1.1071536540985107,0.9063624799251557,1.0440837889909742,1.10196794629097,1.0,0.16666666666666666,3713.666748046875,1219.0528408400714
eccentric_leo,Eccentric LEO,orbital_regime,beam_a_star,Beam A*,43,35004,3,30,0.63576740026474,1.158445119857788,1.061740016937256,1.12415953874588,1.1493503654003143,1.0,0.1,4121.5,1094.0479264389724
eccentric_leo,Eccentric LEO,orbital_regime,beam_a_star,Beam A*,44,35004,4,30,0.6461755633354187,1.8177965879440308,1.07255836725235,1.5107497215270977,1.8097131991386415,1.0,0.1,3623.833251953125,884.1585599500686
eccentric_leo,Eccentric LEO,orbital_regime,beam_a_star,Beam A*,45,35004,5,30,0.7889241576194763,1.837501049041748,1.3973586440086367,1.6815849363803854,1.8333392906188966,1.0,0.1,3550.666748046875,1456.6406606491655
eccentric_leo,Eccentric LEO,orbital_regime,beam_a_star,Beam A*,46,35004,6,30,0.7206013202667236,1.973778247833252,1.284610426425934,1.3679013371467588,1.806568927764893,1.0,0.0,3385.166748046875,1145.5745436651632
eccentric_leo,Eccentric LEO,orbital_regime,beam_a_star,Beam A*,47,35004,7,30,0.7029736042022705,1.9361610412597656,1.1600967764854435,1.541602855920791,1.8455505955219271,1.0,0.03333333333333333,3691.0,1527.659320730716
eccentric_leo,Eccentric LEO,orbital_regime,beam_a_star,Beam A*,48,35004,8,30,0.5239813923835754,1.149299144744873,0.8324594914913179,0.9168217092752456,1.0836241948604586,1.0,0.06666666666666667,3760.166748046875,34.81327426433563
eccentric_leo,Eccentric LEO,orbital_regime,beam_a_star,Beam A*,49,35004,9,30,1.1808416843414307,14.688745498657227,1.7606858491897586,1.9488793373107907,11.006447753906262,0.9666666666666667,0.23333333333333334,4145.5,-157.90267997048795
eccentric_leo,Eccentric LEO,orbital_regime,flat_lstm,Flat LSTM,0,35000,0,30,0.8243977427482605,2.716600179672241,1.934538793563843,2.272263538837432,2.6297425556182863,1.0,0.03333333333333333,7125.0,-122.15035088453442
eccentric_leo,Eccentric LEO,orbital_regime,flat_lstm,Flat LSTM,1,35000,1,30,0.7698834538459778,3.214538097381592,1.7890699386596682,1.938373118638992,2.8548187911510476,1.0,0.2,7343.5,228.65425702091306
eccentric_leo,Eccentric LEO,orbital_regime,flat_lstm,Flat LSTM,2,35000,2,30,0.9501761794090271,4.188222885131836,2.543619894981384,2.68070238828659,3.780283925533296,1.0,0.13333333333333333,6786.33349609375,129.12697367556393
eccentric_leo,Eccentric LEO,orbital_regime,flat_lstm,Flat LSTM,3,35000,3,30,1.027666687965393,3.864253282546997,2.905364346504212,3.3555755376815797,3.721862332820893,1.0,0.23333333333333334,7119.83349609375,38.91426376346499
eccentric_leo,Eccentric LEO,orbital_regime,flat_lstm,Flat LSTM,4,35000,4,30,0.6919697523117065,3.6412365436553955,1.4281297683715821,2.068135631084439,3.3137942004203804,1.0,0.2,6862.5,99.43988823145628
eccentric_leo,Eccentric LEO,orbital_regime,flat_lstm,Flat LSTM,5,35000,5,30,0.908878743648529,3.6716694831848145,1.9954732537269602,2.943952775001524,3.5441977930068975,1.0,0.13333333333333333,7412.16650390625,-14.444571542553604
eccentric_leo,Eccentric LEO,orbital_regime,flat_lstm,Flat LSTM,6,35000,6,30,0.8733826279640198,6.156721115112305,2.3288092851638797,2.7942409634590137,5.2349384331703215,0.9666666666666667,0.16666666666666666,7879.83349609375,-180.0538780260831
eccentric_leo,Eccentric LEO,orbital_regime,flat_lstm,Flat LSTM,7,35000,7,30,0.9357608556747437,4.065539836883545,2.5486909627914427,2.7732863545417774,3.739736490249635,1.0,0.16666666666666666,6827.83349609375,-0.5636064875870943
eccentric_leo,Eccentric LEO,orbital_regime,flat_lstm,Flat LSTM,8,35000,8,30,0.7117929458618164,3.392688751220703,1.9199877262115483,2.312249231338501,3.0876463508605965,1.0,0.2,5975.16650390625,205.89113821741194
eccentric_leo,Eccentric LEO,orbital_regime,flat_lstm,Flat LSTM,9,35000,9,30,0.8415629267692566,3.819790840148926,1.5132236242294312,1.7419063031673423,3.2600523436069504,1.0,0.16666666666666666,6166.33349609375,936.8677078746259
eccentric_leo,Eccentric LEO,orbital_regime,flat_lstm,Flat LSTM,10,35001,0,30,0.8729501962661743,5.579574108123779,1.8613729476928713,2.1602003335952746,4.636522152423861,0.9666666666666667,0.16666666666666666,7361.16650390625,-175.05325897410512
eccentric_leo,Eccentric LEO,orbital_regime,flat_lstm,Flat LSTM,11,35001,1,30,0.9081065058708191,2.5776493549346924,2.168939971923828,2.3205944061279293,2.528563325405121,1.0,0.16666666666666666,6389.5,61.573348130099475
eccentric_leo,Eccentric LEO,orbital_regime,flat_lstm,Flat LSTM,12,35001,2,30,0.839048445224762,4.036042213439941,1.9421524763107303,2.938113737106319,3.9083397293090822,1.0,0.16666666666666666,6744.83349609375,249.55699768010527
eccentric_leo,Eccentric LEO,orbital_regime,flat_lstm,Flat LSTM,13,35001,3,30,0.7003338932991028,2.305530071258545,1.5049205780029302,1.9005678296089168,2.2121192955970765,1.0,0.06666666666666667,7417.16650390625,-11.873060636222363
eccentric_leo,Eccentric LEO,orbital_regime,flat_lstm,Flat LSTM,14,35001,4,30,0.6308578252792358,2.3290884494781494,1.5360674262046814,1.745456200838088,2.2006170785427095,1.0,0.13333333333333333,7055.83349609375,1200.315403278917
eccentric_leo,Eccentric LEO,orbital_regime,flat_lstm,Flat LSTM,15,35001,5,30,1.0941895246505737,3.221175193786621,2.6202036380767826,2.9859545707702635,3.169534320831299,1.0,0.16666666666666666,6813.16650390625,1103.656210448593
eccentric_leo,Eccentric LEO,orbital_regime,flat_lstm,Flat LSTM,16,35001,6,30,0.6312593221664429,2.8616929054260254,1.3865356087684633,1.754371345043181,2.6000416350364692,1.0,0.23333333333333334,6746.16650390625,366.1260815402493
eccentric_leo,Eccentric LEO,orbital_regime,flat_lstm,Flat LSTM,17,35001,7,30,0.8388102650642395,3.3468403816223145,2.048818635940552,2.162730395793915,3.0120123553276072,1.0,0.2,6316.0,38.34059052821249
eccentric_leo,Eccentric LEO,orbital_regime,flat_lstm,Flat LSTM,18,35001,8,30,0.9775047302246094,3.7131357192993164,1.971388745307923,2.3784527301788327,3.3318323040008555,1.0,0.23333333333333334,5689.16650390625,-372.57365033216774
eccentric_leo,Eccentric LEO,orbital_regime,flat_lstm,Flat LSTM,19,35001,9,30,0.6799465417861938,2.0767340660095215,1.666159558296204,1.9266314506530762,2.037245033979416,1.0,0.16666666666666666,7068.16650390625,236.20762767270207
eccentric_leo,Eccentric LEO,orbital_regime,flat_lstm,Flat LSTM,20,35002,0,30,0.896243155002594,2.9933135509490967,2.545823454856873,2.841477477550506,2.9767692613601686,1.0,0.1,7505.16650390625,288.2350310040638
eccentric_leo,Eccentric LEO,orbital_regime,flat_lstm,Flat LSTM,21,35002,1,30,0.8682661652565002,4.385853290557861,1.8061511278152471,2.5329887270927407,3.9417385196685806,1.0,0.2,6329.83349609375,-243.64009375683963
eccentric_leo,Eccentric LEO,orbital_regime,flat_lstm,Flat LSTM,22,35002,2,30,1.2368087768554688,4.142414093017578,2.528880381584168,3.0691951155662522,3.9029726958274846,1.0,0.16666666666666666,7292.5,-193.49154920130968
eccentric_leo,Eccentric LEO,orbital_regime,flat_lstm,Flat LSTM,23,35002,3,30,0.9159033298492432,2.639375925064087,2.0477228403091434,2.393613898754119,2.6215331602096557,1.0,0.16666666666666666,6328.16650390625,142.09671039134264
eccentric_leo,Eccentric LEO,orbital_regime,flat_lstm,Flat LSTM,24,35002,4,30,0.6219058632850647,2.3218209743499756,1.670374655723572,1.7295199751853942,2.153533152341843,1.0,0.1,6122.0,-0.6825450407341123
eccentric_leo,Eccentric LEO,orbital_regime,flat_lstm,Flat LSTM,25,35002,5,30,0.7851678729057312,2.8394241333007812,2.3841760158538823,2.7111126542091366,2.816089951992035,1.0,0.13333333333333333,7284.66650390625,680.7866835575551
eccentric_leo,Eccentric LEO,orbital_regime,flat_lstm,Flat LSTM,26,35002,6,30,0.804710328578949,4.338379383087158,1.1096213340759291,2.8163784146308855,4.093803200721742,1.0,0.13333333333333333,6656.5,65.19273888785392
eccentric_leo,Eccentric LEO,orbital_regime,flat_lstm,Flat LSTM,27,35002,7,30,0.7314392924308777,2.3646435737609863,1.8740702390670778,2.138156247138976,2.3485525751113894,1.0,0.16666666666666666,5718.66650390625,71.83714066911489
eccentric_leo,Eccentric LEO,orbital_regime,flat_lstm,Flat LSTM,28,35002,8,30,0.7324074506759644,3.217891216278076,1.9251311659812933,2.46298154592514,3.0247399783134465,1.0,0.23333333333333334,7267.33349609375,110.97828574106097
eccentric_leo,Eccentric LEO,orbital_regime,flat_lstm,Flat LSTM,29,35002,9,30,0.5545593500137329,2.044436454772949,0.9029661238193517,1.302367907762527,1.850608944892884,1.0,0.16666666666666666,7079.83349609375,681.7234151624143
eccentric_leo,Eccentric LEO,orbital_regime,flat_lstm,Flat LSTM,30,35003,0,30,0.7879100441932678,2.7480721473693848,1.91165064573288,2.1474241971969605,2.5767995262146,1.0,0.13333333333333333,6898.83349609375,236.2944005150348
eccentric_leo,Eccentric LEO,orbital_regime,flat_lstm,Flat LSTM,31,35003,1,30,0.6460679173469543,1.917189598083496,1.4190011143684393,1.8404658734798427,1.9124023175239564,1.0,0.13333333333333333,6314.16650390625,53.389059050008655
eccentric_leo,Eccentric LEO,orbital_regime,flat_lstm,Flat LSTM,32,35003,2,30,1.2178910970687866,12.120884895324707,1.9252392411232013,4.38790447711944,10.164119315147406,0.9333333333333333,0.13333333333333333,4790.0,-597.6673293299973
eccentric_leo,Eccentric LEO,orbital_regime,flat_lstm,Flat LSTM,33,35003,3,30,0.8645258545875549,3.5448694229125977,2.3666636943817148,3.0195830106735224,3.4242275190353397,1.0,0.23333333333333334,7082.5,-68.01367113087326
eccentric_leo,Eccentric LEO,orbital_regime,flat_lstm,Flat LSTM,34,35003,4,30,0.8120591640472412,3.381680488586426,1.7586098670959474,2.631672817468639,3.3517047929763795,1.0,0.03333333333333333,7003.5,86.88543557515368
eccentric_leo,Eccentric LEO,orbital_regime,flat_lstm,Flat LSTM,35,35003,5,30,0.958202064037323,3.6196863651275635,2.9355149030685426,3.118657386302947,3.503905239105225,1.0,0.2,7398.16650390625,-274.2795129325241
eccentric_leo,Eccentric LEO,orbital_regime,flat_lstm,Flat LSTM,36,35003,6,30,0.8724795579910278,3.303830146789551,2.1031023740768435,2.306971621513366,3.0416148209571845,1.0,0.13333333333333333,5737.83349609375,-175.66443872172385
eccentric_leo,Eccentric LEO,orbital_regime,flat_lstm,Flat LSTM,37,35003,7,30,0.8349721431732178,3.0462818145751953,1.6503614306449894,2.378521895408628,2.971703839302063,1.0,0.06666666666666667,8076.33349609375,-29.54023684654385
eccentric_leo,Eccentric LEO,orbital_regime,flat_lstm,Flat LSTM,38,35003,8,30,0.776472806930542,3.188413381576538,1.8299717545509346,2.5243087768554675,3.054277083873749,1.0,0.16666666666666666,6910.5,189.5363901667297
eccentric_leo,Eccentric LEO,orbital_regime,flat_lstm,Flat LSTM,39,35003,9,30,0.615624189376831,2.214097499847412,1.2679511547088627,1.6163826763629905,2.077590689659119,1.0,0.1,7370.5,508.4112984240055
eccentric_leo,Eccentric LEO,orbital_regime,flat_lstm,Flat LSTM,40,35004,0,30,0.658268392086029,3.357530355453491,1.588808405399323,2.0490517973899833,3.020339214801789,1.0,0.2,6389.83349609375,81.22126367688179
eccentric_leo,Eccentric LEO,orbital_regime,flat_lstm,Flat LSTM,41,35004,1,30,0.875826895236969,3.177277088165283,2.0308185815811157,2.1521819591522213,2.8991601419448862,1.0,0.13333333333333333,6619.33349609375,-189.39828234910965
eccentric_leo,Eccentric LEO,orbital_regime,flat_lstm,Flat LSTM,42,35004,2,30,0.8198766708374023,3.0770950317382812,1.874744093418122,2.4517200589179984,2.9324483442306524,1.0,0.23333333333333334,6971.83349609375,572.8179777041078
eccentric_leo,Eccentric LEO,orbital_regime,flat_lstm,Flat LSTM,43,35004,3,30,1.0609335899353027,8.285418510437012,2.427506446838379,2.5433513879776,6.62098562240601,0.9666666666666667,0.26666666666666666,7119.83349609375,-278.07496140897274
eccentric_leo,Eccentric LEO,orbital_regime,flat_lstm,Flat LSTM,44,35004,4,30,0.9085156321525574,5.075630187988281,1.7545575141906755,2.8085116386413573,4.425258843898775,0.9666666666666667,0.06666666666666667,6765.16650390625,-38.681353938765824
eccentric_leo,Eccentric LEO,orbital_regime,flat_lstm,Flat LSTM,45,35004,5,30,0.82607102394104,3.0160789489746094,1.8520410299301149,2.018217575550079,2.7400092792510993,1.0,0.16666666666666666,5991.16650390625,192.07456236891448
eccentric_leo,Eccentric LEO,orbital_regime,flat_lstm,Flat LSTM,46,35004,6,30,0.7287500500679016,3.8916749954223633,1.641691851615906,2.3472131729125945,3.5811586713790904,1.0,0.1,6107.5,31.818007471971214
eccentric_leo,Eccentric LEO,orbital_regime,flat_lstm,Flat LSTM,47,35004,7,30,0.8004125952720642,3.7770943641662598,1.7804166197776796,1.9090959310531614,3.2393655765056626,1.0,0.2,6564.83349609375,309.74022667855024
eccentric_leo,Eccentric LEO,orbital_regime,flat_lstm,Flat LSTM,48,35004,8,30,1.0108838081359863,3.2510151863098145,2.690418291091919,2.782710909843445,3.1166652417182927,1.0,0.13333333333333333,6270.5,-299.2532001985237
eccentric_leo,Eccentric LEO,orbital_regime,flat_lstm,Flat LSTM,49,35004,9,30,4.349823474884033,109.33293914794922,2.1896893262863166,3.0887468576431254,78.60934280395517,0.9666666666666667,0.23333333333333334,7126.66650390625,-427.4213455244899
eccentric_leo,Eccentric LEO,orbital_regime,pointer_lstm,Attention-LSTM pointer,0,35000,0,30,0.6140230894088745,2.3221511840820312,1.3520510315895085,1.5938517451286314,2.122488279342652,1.0,0.2,5933.16650390625,777.3999053090811
eccentric_leo,Eccentric LEO,orbital_regime,pointer_lstm,Attention-LSTM pointer,1,35000,1,30,0.41691258549690247,1.0408669710159302,0.8215410590171814,0.8407721310853957,0.9865087205171587,1.0,0.13333333333333333,5087.16650390625,1344.7038235459477
eccentric_leo,Eccentric LEO,orbital_regime,pointer_lstm,Attention-LSTM pointer,2,35000,2,30,0.35284242033958435,1.0337773561477661,0.521854591369629,0.7083885461091989,0.9711153632402422,1.0,0.13333333333333333,5014.16650390625,1783.4896214269102
eccentric_leo,Eccentric LEO,orbital_regime,pointer_lstm,Attention-LSTM pointer,3,35000,3,30,0.4609428346157074,1.2678173780441284,0.9683796286582947,1.041340845823288,1.202403851747513,1.0,0.13333333333333333,4407.0,1315.3556923232973
eccentric_leo,Eccentric LEO,orbital_regime,pointer_lstm,Attention-LSTM pointer,4,35000,4,30,0.5575194954872131,1.799250602722168,1.1890134692192083,1.5009384274482727,1.7176616561412814,1.0,0.16666666666666666,5880.16650390625,1335.0958629716188
eccentric_leo,Eccentric LEO,orbital_regime,pointer_lstm,Attention-LSTM pointer,5,35000,5,30,0.47226858139038086,2.4490809440612793,0.7946866869926454,1.0272594392299645,2.0684557020664225,1.0,0.06666666666666667,5240.83349609375,-59.412829611450434
eccentric_leo,Eccentric LEO,orbital_regime,pointer_lstm,Attention-LSTM pointer,6,35000,6,30,0.44971492886543274,2.726321220397949,0.6797391057014468,0.9366397500038142,2.2323926377296464,1.0,0.16666666666666666,5321.5,1298.8383718747646
eccentric_leo,Eccentric LEO,orbital_regime,pointer_lstm,Attention-LSTM pointer,7,35000,7,30,0.4631081223487854,1.8646016120910645,0.8842718541622165,1.271616566181182,1.726948645114899,1.0,0.13333333333333333,5128.0,1003.9264497235417
eccentric_leo,Eccentric LEO,orbital_regime,pointer_lstm,Attention-LSTM pointer,8,35000,8,30,0.46306124329566956,2.2080905437469482,0.904889422655106,1.507501369714735,2.094443397521973,1.0,0.16666666666666666,4789.83349609375,1331.2903625946492
eccentric_leo,Eccentric LEO,orbital_regime,pointer_lstm,Attention-LSTM pointer,9,35000,9,30,0.4800572693347931,1.3329955339431763,0.8308388590812683,0.8662518203258512,1.2056965589523319,1.0,0.13333333333333333,4287.66650390625,1237.2435496281832
eccentric_leo,Eccentric LEO,orbital_regime,pointer_lstm,Attention-LSTM pointer,10,35001,0,30,0.48695480823516846,1.6737747192382812,0.7852872073650363,1.2871021002531036,1.632731250524521,1.0,0.06666666666666667,4583.83349609375,1442.0649376483634
eccentric_leo,Eccentric LEO,orbital_regime,pointer_lstm,Attention-LSTM pointer,11,35001,1,30,0.48059383034706116,1.403168797492981,0.8092202186584477,1.206539368629455,1.3749343931674958,1.0,0.06666666666666667,5047.66650390625,1303.253992353566
eccentric_leo,Eccentric LEO,orbital_regime,pointer_lstm,Attention-LSTM pointer,12,35001,2,30,0.4513196647167206,0.9918531179428101,0.8284500479698181,0.9157679021358488,0.9798103994131089,1.0,0.16666666666666666,4394.66650390625,996.4654156006873
eccentric_leo,Eccentric LEO,orbital_regime,pointer_lstm,Attention-LSTM pointer,13,35001,3,30,0.4578324258327484,1.3116759061813354,1.036369800567627,1.1806723713874812,1.2936435556411743,1.0,0.2,4760.16650390625,1227.9245292022824
eccentric_leo,Eccentric LEO,orbital_regime,pointer_lstm,Attention-LSTM pointer,14,35001,4,30,0.38855940103530884,1.0823854207992554,0.6868876397609711,0.768607687950134,1.0025940811634066,1.0,0.2,4190.0,1363.4553862381727
eccentric_leo,Eccentric LEO,orbital_regime,pointer_lstm,Attention-LSTM pointer,15,35001,5,30,0.5213441252708435,2.5823707580566406,0.9017442643642427,1.243783652782439,2.249459296464921,1.0,0.13333333333333333,4838.66650390625,1579.7285865638405
eccentric_leo,Eccentric LEO,orbital_regime,pointer_lstm,Attention-LSTM pointer,16,35001,6,30,0.4167414605617523,1.4592398405075073,0.739135020971299,1.2223832070827483,1.3926550245285036,1.0,0.16666666666666666,4798.0,339.0781740285456
eccentric_leo,Eccentric LEO,orbital_regime,pointer_lstm,Attention-LSTM pointer,17,35001,7,30,0.366285502910614,0.7473485469818115,0.6548754632472993,0.6846886873245239,0.7311959952116013,1.0,0.26666666666666666,3891.166748046875,1134.6376390801743
eccentric_leo,Eccentric LEO,orbital_regime,pointer_lstm,Attention-LSTM pointer,18,35001,8,30,0.3435504138469696,1.4325675964355469,0.6675285220146181,0.8130544811487195,1.2674494576454167,1.0,0.3,4520.33349609375,1152.3873470313847
eccentric_leo,Eccentric LEO,orbital_regime,pointer_lstm,Attention-LSTM pointer,19,35001,9,30,0.39916297793388367,1.0962316989898682,0.7399227142333985,0.8616253644227976,1.052393760085106,1.0,0.23333333333333334,5346.33349609375,754.1098499670625
eccentric_leo,Eccentric LEO,orbital_regime,pointer_lstm,Attention-LSTM pointer,20,35002,0,30,0.3763251006603241,0.856965184211731,0.6803731501102448,0.7010179728269577,0.8144462037086488,1.0,0.16666666666666666,4222.0,1301.1722192857414
eccentric_leo,Eccentric LEO,orbital_regime,pointer_lstm,Attention-LSTM pointer,21,35002,1,30,0.402488112449646,1.3140983581542969,0.7815052807331085,0.8559183955192564,1.1886708503961567,1.0,0.16666666666666666,3514.666748046875,1247.3818852026016
eccentric_leo,Eccentric LEO,orbital_regime,pointer_lstm,Attention-LSTM pointer,22,35002,2,30,0.501592218875885,1.5752158164978027,1.006339192390442,1.1927994012832634,1.5016083443164827,1.0,0.13333333333333333,4716.83349609375,775.1996394554153
eccentric_leo,Eccentric LEO,orbital_regime,pointer_lstm,Attention-LSTM pointer,23,35002,3,30,0.43240052461624146,1.1511434316635132,0.8288838028907777,0.945522755384445,1.1002709096670151,1.0,0.2,4539.83349609375,1356.1978236287832
eccentric_leo,Eccentric LEO,orbital_regime,pointer_lstm,Attention-LSTM pointer,24,35002,4,30,0.4612105190753937,1.724633812904358,0.7858247995376587,1.2289940655231455,1.6790315759181977,1.0,0.16666666666666666,4651.33349609375,1323.7537087667733
eccentric_leo,Eccentric LEO,orbital_regime,pointer_lstm,Attention-LSTM pointer,25,35002,5,30,0.3835107088088989,0.9220103025436401,0.6657534658908846,0.8243564665317534,0.900577301979065,1.0,0.16666666666666666,4425.66650390625,991.5600343160331
eccentric_leo,Eccentric LEO,orbital_regime,pointer_lstm,Attention-LSTM pointer,26,35002,6,30,0.4912416338920593,1.8257012367248535,0.8089990377426154,1.3645538687705985,1.72862392783165,1.0,0.2,4513.16650390625,1236.595998249948
eccentric_leo,Eccentric LEO,orbital_regime,pointer_lstm,Attention-LSTM pointer,27,35002,7,30,0.4708854556083679,2.5238451957702637,0.794898545742035,0.9873491972684854,2.108451411724092,1.0,0.16666666666666666,4001.5,1319.227622024715
eccentric_leo,Eccentric LEO,orbital_regime,pointer_lstm,Attention-LSTM pointer,28,35002,8,30,0.34746089577674866,0.726546585559845,0.5346457719802856,0.6250385016202923,0.7141172629594803,1.0,0.2,4673.16650390625,941.2521833712235
eccentric_leo,Eccentric LEO,orbital_regime,pointer_lstm,Attention-LSTM pointer,29,35002,9,30,0.4127778112888336,1.0427029132843018,0.837612807750702,0.9667886078357693,1.0408170819282532,1.0,0.2,4581.66650390625,1283.2522666808218
eccentric_leo,Eccentric LEO,orbital_regime,pointer_lstm,Attention-LSTM pointer,30,35003,0,30,0.41583940386772156,1.0857701301574707,0.8344185709953309,0.9182121157646177,1.0463034653663636,1.0,0.26666666666666666,4351.83349609375,556.7137439614162
eccentric_leo,Eccentric LEO,orbital_regime,pointer_lstm,Attention-LSTM pointer,31,35003,1,30,0.3928115963935852,2.0920329093933105,0.5595753431320191,0.7187263607978814,1.724064897298814,1.0,0.13333333333333333,5459.16650390625,1316.9298983002082
eccentric_leo,Eccentric LEO,orbital_regime,pointer_lstm,Attention-LSTM pointer,32,35003,2,30,0.40756848454475403,0.9304752349853516,0.8019034564495087,0.8590168863534926,0.9183548188209534,1.0,0.1,4413.83349609375,700.1634531840682
eccentric_leo,Eccentric LEO,orbital_regime,pointer_lstm,Attention-LSTM pointer,33,35003,3,30,0.5284656882286072,2.024329423904419,0.8802370429039006,1.3326471924781789,1.8684001755714421,1.0,0.13333333333333333,5416.16650390625,1172.7468332117423
eccentric_leo,Eccentric LEO,orbital_regime,pointer_lstm,Attention-LSTM pointer,34,35003,4,30,0.49811702966690063,2.7824528217315674,0.7449564874172216,1.7908808171749078,2.6631219768524175,1.0,0.2,4090.333251953125,658.979912453331
eccentric_leo,Eccentric LEO,orbital_regime,pointer_lstm,Attention-LSTM pointer,35,35003,5,30,0.5512281060218811,2.3253557682037354,0.8444793522357945,1.414895939826964,2.1225964701175695,1.0,0.13333333333333333,5653.66650390625,635.4346127510071
eccentric_leo,Eccentric LEO,orbital_regime,pointer_lstm,Attention-LSTM pointer,36,35003,6,30,0.44365501403808594,1.4979850053787231,0.9239865899085998,1.0828759431838981,1.4130591571331026,1.0,0.2,5113.5,768.763804294169
eccentric_leo,Eccentric LEO,orbital_regime,pointer_lstm,Attention-LSTM pointer,37,35003,7,30,0.39407971501350403,1.7155535221099854,0.6528175830841065,0.7827465951442716,1.4550418746471412,1.0,0.1,4779.33349609375,1328.4366860985756
eccentric_leo,Eccentric LEO,orbital_regime,pointer_lstm,Attention-LSTM pointer,38,35003,8,30,0.40444979071617126,0.8830268383026123,0.6506530284881593,0.7811344206333156,0.8720019847154618,1.0,0.23333333333333334,5839.16650390625,1412.3821534253657
eccentric_leo,Eccentric LEO,orbital_regime,pointer_lstm,Attention-LSTM pointer,39,35003,9,30,0.36063194274902344,1.1564444303512573,0.5984124243259431,0.7110787421464918,1.0357013726234439,1.0,0.13333333333333333,4404.33349609375,1291.2233415581286
eccentric_leo,Eccentric LEO,orbital_regime,pointer_lstm,Attention-LSTM pointer,40,35004,0,30,0.3473154306411743,0.7406269311904907,0.6070435345172882,0.6776682883501051,0.7315808522701264,1.0,0.2,4291.5,1152.4153584763408
eccentric_leo,Eccentric LEO,orbital_regime,pointer_lstm,Attention-LSTM pointer,41,35004,1,30,0.45508748292922974,2.5948357582092285,0.7138148725032807,0.9851538270711885,2.190487829446794,1.0,0.2,4691.16650390625,658.6583973318338
eccentric_leo,Eccentric LEO,orbital_regime,pointer_lstm,Attention-LSTM pointer,42,35004,2,30,0.4729894697666168,1.7583098411560059,0.7983195245265966,1.4085386335849748,1.7244938600063324,1.0,0.2,5080.0,1285.392445567064
eccentric_leo,Eccentric LEO,orbital_regime,pointer_lstm,Attention-LSTM pointer,43,35004,3,30,0.3776269853115082,1.0741536617279053,0.6847779333591462,0.7009935319423675,0.9682662189006809,1.0,0.2,4284.16650390625,1370.6351027255878
eccentric_leo,Eccentric LEO,orbital_regime,pointer_lstm,Attention-LSTM pointer,44,35004,4,30,0.3587535619735718,1.351454734802246,0.5552250564098359,0.8222019404172884,1.2569569528102877,1.0,0.2,4451.5,648.5623332336545
eccentric_leo,Eccentric LEO,orbital_regime,pointer_lstm,Attention-LSTM pointer,45,35004,5,30,0.43256649374961853,1.4332466125488281,0.7626374125480652,0.8370318442583081,1.2739563149213795,1.0,0.23333333333333334,3807.0,1252.252500994131
eccentric_leo,Eccentric LEO,orbital_regime,pointer_lstm,Attention-LSTM pointer,46,35004,6,30,0.3506636619567871,0.9935376644134521,0.8118407607078553,0.928715035319328,0.9900363099575042,1.0,0.23333333333333334,4155.66650390625,751.2540117129683
eccentric_leo,Eccentric LEO,orbital_regime,pointer_lstm,Attention-LSTM pointer,47,35004,7,30,0.5424566268920898,3.546170949935913,1.0132591724395752,1.0708589911460875,2.8314018011093163,1.0,0.1,5556.83349609375,1227.1971004065126
eccentric_leo,Eccentric LEO,orbital_regime,pointer_lstm,Attention-LSTM pointer,48,35004,8,30,0.4212351143360138,1.7696824073791504,0.613619613647461,1.1931457579135865,1.739023802280426,1.0,0.16666666666666666,5014.16650390625,1380.5873531159014
eccentric_leo,Eccentric LEO,orbital_regime,pointer_lstm,Attention-LSTM pointer,49,35004,9,30,0.4907585382461548,1.3345580101013184,0.9050611257553102,1.125316902995109,1.307354987859726,1.0,0.13333333333333333,6602.33349609375,745.5424982272089
degraded_sensor,Degraded sensor,sensor_capability,random_feasible,Random feasible,0,36000,0,30,49.71732711791992,115.34906768798828,108.4921630859375,108.7292709350586,113.47873008728028,0.36666666666666664,0.0,10903.03515625,-785.4906626343727
degraded_sensor,Degraded sensor,sensor_capability,random_feasible,Random feasible,1,36000,1,30,58.82338333129883,115.1712417602539,108.29239120483399,108.6577880859375,113.32020622253418,0.16666666666666666,0.03333333333333333,12591.2392578125,-780.9235102236271
degraded_sensor,Degraded sensor,sensor_capability,random_feasible,Random feasible,2,36000,2,30,61.46512985229492,120.42109680175781,108.44187850952149,108.72560844421386,117.05241333007814,0.3,0.0,12318.8525390625,-795.6301274523139
degraded_sensor,Degraded sensor,sensor_capability,random_feasible,Random feasible,3,36000,3,30,45.61661148071289,108.09305572509766,107.51393127441406,107.66535301208496,107.9766017150879,0.36666666666666664,0.03333333333333333,9873.7060546875,-749.5192082151771
degraded_sensor,Degraded sensor,sensor_capability,random_feasible,Random feasible,4,36000,4,30,61.54273986816406,119.59822082519531,109.6467170715332,116.363614654541,119.40569137573242,0.3,0.0,11800.24609375,-801.2515398189425
degraded_sensor,Degraded sensor,sensor_capability,random_feasible,Random feasible,5,36000,5,30,57.70498275756836,119.60816192626953,108.14282150268555,108.68001747131348,116.5095059967041,0.2,0.0,11544.041015625,-794.0181873366237
degraded_sensor,Degraded sensor,sensor_capability,random_feasible,Random feasible,6,36000,6,30,59.72609329223633,121.01747131347656,120.38075256347656,120.56247940063477,120.90293334960937,0.23333333333333334,0.0,11101.4384765625,-793.7963959276676
degraded_sensor,Degraded sensor,sensor_capability,random_feasible,Random feasible,7,36000,7,30,61.40586471557617,120.7608413696289,109.43029251098633,117.7029457092285,120.62813636779785,0.26666666666666666,0.0,10748.802734375,-795.491889372468
degraded_sensor,Degraded sensor,sensor_capability,random_feasible,Random feasible,8,36000,8,30,63.130794525146484,118.64952087402344,108.76329956054687,111.67720565795898,117.20138824462892,0.3,0.0,11761.5947265625,-794.9176115393639
degraded_sensor,Degraded sensor,sensor_capability,random_feasible,Random feasible,9,36000,9,30,45.17729187011719,120.51227569580078,108.01997146606445,108.06761360168457,116.90998947143555,0.4,0.0,10277.62890625,-788.0049245581031
degraded_sensor,Degraded sensor,sensor_capability,random_feasible,Random feasible,10,36001,0,30,71.42582702636719,120.39192199707031,108.44758605957031,115.03860549926755,120.34733299255372,0.13333333333333333,0.0,12291.9521484375,-824.8498065397143
degraded_sensor,Degraded sensor,sensor_capability,random_feasible,Random feasible,11,36001,1,30,70.88040161132812,121.01998901367188,109.33692932128908,116.75108566284179,120.32441558837891,0.16666666666666666,0.0,13561.35546875,-808.654529042542
degraded_sensor,Degraded sensor,sensor_capability,random_feasible,Random feasible,12,36001,2,30,60.25131607055664,120.97151947021484,107.59133911132812,115.10167884826657,120.80939010620118,0.26666666666666666,0.0,8986.162109375,-802.2459894418716
degraded_sensor,Degraded sensor,sensor_capability,random_feasible,Random feasible,13,36001,3,30,49.81338882446289,109.36392211914062,108.12995834350586,108.7942512512207,109.23048034667968,0.3333333333333333,0.0,10393.630859375,-770.5373255833983
degraded_sensor,Degraded sensor,sensor_capability,random_feasible,Random feasible,14,36001,4,30,62.442359924316406,111.1837387084961,108.81316452026367,109.6257900238037,110.90734573364257,0.26666666666666666,0.0,11469.9580078125,-808.8811191171408
degraded_sensor,Degraded sensor,sensor_capability,random_feasible,Random feasible,15,36001,5,30,66.72425842285156,120.12911987304688,108.99668960571289,114.90237274169918,120.00432243347169,0.26666666666666666,0.0,11352.0341796875,-811.43302346766
degraded_sensor,Degraded sensor,sensor_capability,random_feasible,Random feasible,16,36001,6,30,69.85688781738281,108.90459442138672,108.02910079956055,108.52953186035155,108.89385261535645,0.16666666666666666,0.0,13344.5576171875,-784.8038246184587
degraded_sensor,Degraded sensor,sensor_capability,random_feasible,Random feasible,17,36001,7,30,56.18605422973633,108.63031768798828,108.04519805908203,108.54482688903809,108.61333213806152,0.23333333333333334,0.0,12820.8427734375,-785.1810695230961
degraded_sensor,Degraded sensor,sensor_capability,random_feasible,Random feasible,18,36001,8,30,81.82699584960938,119.41390228271484,109.02014312744141,112.21178436279295,117.69110466003418,0.1,0.0,15459.63671875,-814.0841561704874
degraded_sensor,Degraded sensor,sensor_capability,random_feasible,Random feasible,19,36001,9,30,70.82874298095703,119.97293853759766,110.53360443115236,117.73183288574218,119.76338371276856,0.26666666666666666,0.0,12349.9248046875,-814.5793531313539
degraded_sensor,Degraded sensor,sensor_capability,random_feasible,Random feasible,20,36002,0,30,68.87423706054688,117.07232666015625,108.36099014282226,109.07000389099122,114.79896667480469,0.16666666666666666,0.03333333333333333,10585.4736328125,-810.4717055559158
degraded_sensor,Degraded sensor,sensor_capability,random_feasible,Random feasible,21,36002,1,30,45.41649627685547,119.6865005493164,108.64067916870117,114.35487251281735,119.42803123474121,0.43333333333333335,0.0,8573.46875,-766.9556687548757
degraded_sensor,Degraded sensor,sensor_capability,random_feasible,Random feasible,22,36002,2,30,48.32466125488281,119.99043273925781,108.35902252197266,108.83249931335449,116.81456634521486,0.23333333333333334,0.0,11006.7978515625,-781.2271468415856
degraded_sensor,Degraded sensor,sensor_capability,random_feasible,Random feasible,23,36002,3,30,65.96083068847656,121.39305114746094,108.33451080322266,115.30515060424801,121.1991455078125,0.26666666666666666,0.0,12398.8544921875,-793.9434322938323
degraded_sensor,Degraded sensor,sensor_capability,random_feasible,Random feasible,24,36002,4,30,69.80350494384766,117.71589660644531,108.50043716430665,108.74597930908203,115.16665252685547,0.2,0.0,10631.90625,-809.9442479759455
degraded_sensor,Degraded sensor,sensor_capability,random_feasible,Random feasible,25,36002,5,30,57.08963394165039,120.24114227294922,107.83607482910156,108.62003631591797,116.90828620910645,0.26666666666666666,0.0,11354.44140625,-799.2474610805511
degraded_sensor,Degraded sensor,sensor_capability,random_feasible,Random feasible,26,36002,6,30,57.29814529418945,121.077880859375,110.14036026000979,120.34428710937499,121.06610580444335,0.3,0.0,10349.7685546875,-795.6027173548937
degraded_sensor,Degraded sensor,sensor_capability,random_feasible,Random feasible,27,36002,7,30,62.29511260986328,114.43465423583984,107.74473724365234,108.49906463623047,112.77391571044922,0.23333333333333334,0.0,13573.267578125,-800.7048916146159
degraded_sensor,Degraded sensor,sensor_capability,random_feasible,Random feasible,28,36002,8,30,60.53400802612305,120.16842651367188,108.67708435058594,112.49148635864256,118.79296646118165,0.26666666666666666,0.0,10569.90625,-807.8604146391153
degraded_sensor,Degraded sensor,sensor_capability,random_feasible,Random feasible,29,36002,9,30,74.00907135009766,120.69586181640625,117.32157821655274,119.9185863494873,120.52352828979492,0.2,0.0,11844.009765625,-819.2846415936947
degraded_sensor,Degraded sensor,sensor_capability,random_feasible,Random feasible,30,36003,0,30,71.21028900146484,120.68034362792969,108.50042419433593,115.14528388977047,120.59240905761719,0.2,0.0,12179.4169921875,-809.1279074698687
degraded_sensor,Degraded sensor,sensor_capability,random_feasible,Random feasible,31,36003,1,30,86.44829559326172,120.2931900024414,113.73021316528322,119.56494216918945,120.1678239440918,0.06666666666666667,0.0,13960.740234375,-833.2969639971852
degraded_sensor,Degraded sensor,sensor_capability,random_feasible,Random feasible,32,36003,2,30,61.22652053833008,109.12017059326172,107.73404846191406,108.68204650878906,109.03109214782715,0.3,0.0,12326.9755859375,-795.309426560998
degraded_sensor,Degraded sensor,sensor_capability,random_feasible,Random feasible,33,36003,3,30,61.28935623168945,120.4657974243164,108.22002639770508,108.62653045654297,117.09703872680664,0.26666666666666666,0.0,12589.1416015625,-805.4379483833909
degraded_sensor,Degraded sensor,sensor_capability,random_feasible,Random feasible,34,36003,4,30,65.83734893798828,119.45465087890625,109.42727432250977,117.33062324523925,119.34121917724609,0.16666666666666666,0.0,11500.533203125,-825.5494731739163
degraded_sensor,Degraded sensor,sensor_capability,random_feasible,Random feasible,35,36003,5,30,53.95899963378906,121.1160888671875,109.0098991394043,112.1539539337158,119.23756271362305,0.3333333333333333,0.0,12608.3427734375,-797.0834656655788
degraded_sensor,Degraded sensor,sensor_capability,random_feasible,Random feasible,36,36003,6,30,70.27428436279297,119.09966278076172,108.07613754272461,108.61094741821289,116.05947059631349,0.23333333333333334,0.0,10802.53125,-821.0371995419264
degraded_sensor,Degraded sensor,sensor_capability,random_feasible,Random feasible,37,36003,7,30,46.04575729370117,120.3769760131836,108.37421875,114.22028808593747,119.77868507385254,0.36666666666666664,0.0,7621.82666015625,-760.85508659482
degraded_sensor,Degraded sensor,sensor_capability,random_feasible,Random feasible,38,36003,8,30,66.0615463256836,119.90021514892578,108.72826080322265,109.09635391235352,116.81260192871095,0.2,0.0,12432.9697265625,-795.3780348002911
degraded_sensor,Degraded sensor,sensor_capability,random_feasible,Random feasible,39,36003,9,30,67.49098205566406,108.6944580078125,108.29437637329102,108.36226196289063,108.60213157653808,0.13333333333333333,0.0,12500.8349609375,-803.0213504061103
degraded_sensor,Degraded sensor,sensor_capability,random_feasible,Random feasible,40,36004,0,30,67.41145324707031,121.32105255126953,108.51822128295899,108.5990089416504,117.63891410827638,0.23333333333333334,0.03333333333333333,13285.251953125,-807.91934812814
degraded_sensor,Degraded sensor,sensor_capability,random_feasible,Random feasible,41,36004,1,30,79.15874481201172,120.46165466308594,108.77987976074219,114.3805236816406,119.93604072570801,0.13333333333333333,0.0,11463.1337890625,-825.811304859817
degraded_sensor,Degraded sensor,sensor_capability,random_feasible,Random feasible,42,36004,2,30,72.05660247802734,121.78173828125,119.18750839233398,119.90623931884765,121.37176856994628,0.23333333333333334,0.0,9249.69140625,-832.5539715513587
degraded_sensor,Degraded sensor,sensor_capability,random_feasible,Random feasible,43,36004,3,30,70.46165466308594,113.7683334350586,108.66156234741212,108.7498218536377,112.32595115661621,0.1,0.0,10912.388671875,-816.5278471708298
degraded_sensor,Degraded sensor,sensor_capability,random_feasible,Random feasible,44,36004,4,30,70.031982421875,119.48202514648438,109.01175003051758,112.54020233154296,118.25908103942871,0.2,0.0,13452.3310546875,-819.445012666285
degraded_sensor,Degraded sensor,sensor_capability,random_feasible,Random feasible,45,36004,5,30,74.75745391845703,115.22309875488281,108.34731674194336,109.96942100524902,113.99914794921875,0.13333333333333333,0.0,13262.2099609375,-812.3629476800561
degraded_sensor,Degraded sensor,sensor_capability,random_feasible,Random feasible,46,36004,6,30,62.62979507446289,109.01618957519531,108.37607879638672,108.76128921508788,108.95283615112305,0.3333333333333333,0.03333333333333333,12510.646484375,-783.809848934412
degraded_sensor,Degraded sensor,sensor_capability,random_feasible,Random feasible,47,36004,7,30,66.5028305053711,119.82598876953125,109.96469497680665,119.67192573547364,119.81026657104492,0.3,0.0,12729.880859375,-796.4303410947323
degraded_sensor,Degraded sensor,sensor_capability,random_feasible,Random feasible,48,36004,8,30,73.50841522216797,120.84307861328125,108.29305648803711,112.29083747863767,119.22694458007813,0.2,0.0,10190.34765625,-816.2993652820587
degraded_sensor,Degraded sensor,sensor_capability,random_feasible,Random feasible,49,36004,9,30,45.503910064697266,108.3524398803711,107.97579727172851,108.33600654602051,108.34836219787597,0.3333333333333333,0.0,10805.2626953125,-764.6179628148675
degraded_sensor,Degraded sensor,sensor_capability,oldest_first,Oldest first,0,36000,0,30,48.88182830810547,108.19335174560547,101.10484924316407,104.25880813598631,107.61063697814942,0.3,0.06666666666666667,7052.0458984375,-779.9472154155374
degraded_sensor,Degraded sensor,sensor_capability,oldest_first,Oldest first,1,36000,1,30,69.74823760986328,109.13345336914062,106.33046646118164,106.95931205749511,108.62104377746583,0.1,0.0,10659.5927734375,-783.7003818824887
degraded_sensor,Degraded sensor,sensor_capability,oldest_first,Oldest first,2,36000,2,30,39.11186218261719,108.6286392211914,104.11801147460938,107.4006980895996,108.48224311828614,0.23333333333333334,0.0,9930.9189453125,-735.2403659522533
degraded_sensor,Degraded sensor,sensor_capability,oldest_first,Oldest first,3,36000,3,30,44.458499908447266,108.74614715576172,104.82616500854492,104.90892219543457,107.6427059173584,0.4666666666666667,0.03333333333333333,8659.29296875,-744.1308445036411
degraded_sensor,Degraded sensor,sensor_capability,oldest_first,Oldest first,4,36000,4,30,44.2819938659668,108.51187133789062,105.56963806152345,108.29977302551269,108.4573989868164,0.3,0.0,8389.115234375,-767.3127045929432
degraded_sensor,Degraded sensor,sensor_capability,oldest_first,Oldest first,5,36000,5,30,54.2387809753418,107.55647277832031,106.25125579833984,106.36496620178222,107.21757377624512,0.26666666666666666,0.0,9342.0517578125,-771.3842378556728
degraded_sensor,Degraded sensor,sensor_capability,oldest_first,Oldest first,6,36000,6,30,48.0218391418457,108.17464447021484,105.22074508666992,106.6399013519287,108.05939628601074,0.3,0.0,10310.2216796875,-749.9442897737026
degraded_sensor,Degraded sensor,sensor_capability,oldest_first,Oldest first,7,36000,7,30,30.23565101623535,119.78658294677734,99.43005752563477,106.24135589599608,116.41441032409669,0.4,0.0,8615.154296875,-735.8403512910008
degraded_sensor,Degraded sensor,sensor_capability,oldest_first,Oldest first,8,36000,8,30,56.64027404785156,114.11863708496094,108.71264343261718,110.5443706512451,113.50734092712402,0.13333333333333333,0.0,11486.8095703125,-787.650941491127
degraded_sensor,Degraded sensor,sensor_capability,oldest_first,Oldest first,9,36000,9,30,40.488460540771484,108.62307739257812,102.78283386230468,105.73983840942381,108.3066421508789,0.4666666666666667,0.0,7352.94482421875,-761.5431382060051
degraded_sensor,Degraded sensor,sensor_capability,oldest_first,Oldest first,10,36001,0,30,73.79998016357422,108.89984130859375,107.3614730834961,107.98498344421387,108.76108283996582,0.1,0.0,14151.4228515625,-807.7298778966069
degraded_sensor,Degraded sensor,sensor_capability,oldest_first,Oldest first,11,36001,1,30,47.81296920776367,115.93533325195312,107.86675262451172,108.09197463989258,113.70759994506837,0.26666666666666666,0.0,9763.6552734375,-771.0309688001871
degraded_sensor,Degraded sensor,sensor_capability,oldest_first,Oldest first,12,36001,2,30,49.330116271972656,108.89423370361328,104.78314743041992,106.33508644104003,108.48354713439942,0.3333333333333333,0.03333333333333333,9154.923828125,-775.1287554726005
degraded_sensor,Degraded sensor,sensor_capability,oldest_first,Oldest first,13,36001,3,30,32.63002014160156,115.39287567138672,99.55035552978516,104.63779144287108,112.80028602600099,0.5,0.0,5763.16650390625,-741.5929819196463
degraded_sensor,Degraded sensor,sensor_capability,oldest_first,Oldest first,14,36001,4,30,47.5136604309082,119.30722045898438,105.11792755126953,107.52985153198242,116.01181137084961,0.4,0.0,8302.080078125,-791.6151521205902
degraded_sensor,Degraded sensor,sensor_capability,oldest_first,Oldest first,15,36001,5,30,54.27860641479492,119.494384765625,104.15489807128907,105.00470161437988,115.35497726440431,0.23333333333333334,0.0,8053.38916015625,-789.5931032299995
degraded_sensor,Degraded sensor,sensor_capability,oldest_first,Oldest first,16,36001,6,30,46.689022064208984,109.48655700683594,107.48051147460937,108.18159484863281,109.1682145690918,0.3,0.0,9981.04296875,-751.37675062567
degraded_sensor,Degraded sensor,sensor_capability,oldest_first,Oldest first,17,36001,7,30,28.99878692626953,108.4354019165039,106.33640441894532,107.88269691467285,108.40370086669923,0.4,0.0,8823.6044921875,-729.4889905303717
degraded_sensor,Degraded sensor,sensor_capability,oldest_first,Oldest first,18,36001,8,30,45.9436149597168,108.83682250976562,104.48455047607422,106.7716323852539,108.59434310913086,0.26666666666666666,0.0,9521.927734375,-754.035318389535
degraded_sensor,Degraded sensor,sensor_capability,oldest_first,Oldest first,19,36001,9,30,66.20175170898438,120.1561508178711,108.75641174316407,109.27536125183106,117.10858207702637,0.26666666666666666,0.0,8194.662109375,-813.6466036736965
degraded_sensor,Degraded sensor,sensor_capability,oldest_first,Oldest first,20,36002,0,30,61.4820556640625,108.78579711914062,106.96893463134766,108.26325759887695,108.71069961547852,0.23333333333333334,0.03333333333333333,9072.2509765625,-806.1390260830522
degraded_sensor,Degraded sensor,sensor_capability,oldest_first,Oldest first,21,36002,1,30,40.81721496582031,108.54789733886719,104.27175445556641,105.19918823242188,107.69087158203125,0.43333333333333335,0.0,7904.001953125,-752.1059926077724
degraded_sensor,Degraded sensor,sensor_capability,oldest_first,Oldest first,22,36002,2,30,47.15762710571289,108.7922592163086,108.33485336303711,108.47114143371581,108.73067581176758,0.36666666666666664,0.0,10411.654296875,-763.7433377355337
degraded_sensor,Degraded sensor,sensor_capability,oldest_first,Oldest first,23,36002,3,30,54.201168060302734,107.96666717529297,107.38467864990234,107.68121681213378,107.90172737121583,0.3333333333333333,0.0,9305.224609375,-761.4185355007648
degraded_sensor,Degraded sensor,sensor_capability,oldest_first,Oldest first,24,36002,4,30,53.60077667236328,108.49752044677734,104.52832107543945,107.09537353515624,108.17365112304688,0.13333333333333333,0.0,10787.998046875,-769.186458684504
degraded_sensor,Degraded sensor,sensor_capability,oldest_first,Oldest first,25,36002,5,30,47.42546463012695,115.568603515625,105.33711700439453,108.17483940124511,113.59078369140626,0.3333333333333333,0.0,9225.9619140625,-771.3114085718989
degraded_sensor,Degraded sensor,sensor_capability,oldest_first,Oldest first,26,36002,6,30,46.11924743652344,107.47957611083984,105.16160430908204,106.47670516967773,107.32952049255371,0.2,0.0,13323.3916015625,-753.5099515169859
degraded_sensor,Degraded sensor,sensor_capability,oldest_first,Oldest first,27,36002,7,30,63.1452522277832,116.32835388183594,106.80217819213867,112.54634208679197,116.14231155395508,0.2,0.0,11404.2041015625,-803.766747109592
degraded_sensor,Degraded sensor,sensor_capability,oldest_first,Oldest first,28,36002,8,30,38.97052001953125,115.88449096679688,108.6650894165039,109.21082878112793,114.0500316619873,0.4,0.0,8690.0517578125,-765.1481561884284
degraded_sensor,Degraded sensor,sensor_capability,oldest_first,Oldest first,29,36002,9,30,51.143550872802734,108.38381958007812,106.89515686035156,107.5860366821289,108.25646667480468,0.23333333333333334,0.0,9060.439453125,-780.9029459506273
degraded_sensor,Degraded sensor,sensor_capability,oldest_first,Oldest first,30,36003,0,30,23.69767189025879,106.06642150878906,92.92203216552736,96.65915756225586,103.49737976074219,0.6,0.0,6704.48779296875,-721.6993745490909
degraded_sensor,Degraded sensor,sensor_capability,oldest_first,Oldest first,31,36003,1,30,39.89281463623047,107.20555877685547,105.14503173828125,105.71100692749023,106.85501747131347,0.36666666666666664,0.0,7809.23779296875,-746.3988056778908
degraded_sensor,Degraded sensor,sensor_capability,oldest_first,Oldest first,32,36003,2,30,61.517127990722656,108.39308166503906,106.37550659179688,106.4711929321289,107.8386849975586,0.26666666666666666,0.0,10667.8525390625,-775.3203894272447
degraded_sensor,Degraded sensor,sensor_capability,oldest_first,Oldest first,33,36003,3,30,51.031494140625,108.8493881225586,106.91657257080078,108.17839012145996,108.7255973815918,0.3,0.03333333333333333,9133.6767578125,-783.4045846387744
degraded_sensor,Degraded sensor,sensor_capability,oldest_first,Oldest first,34,36003,4,30,46.22996139526367,115.86304473876953,108.00003662109376,109.90086975097655,114.46908134460449,0.36666666666666664,0.0,7534.57373046875,-779.6282447502017
degraded_sensor,Degraded sensor,sensor_capability,oldest_first,Oldest first,35,36003,5,30,55.93535232543945,119.74658203125,106.18625335693359,109.4661651611328,117.11108932495118,0.26666666666666666,0.0,6822.33056640625,-801.4603050276637
degraded_sensor,Degraded sensor,sensor_capability,oldest_first,Oldest first,36,36003,6,30,36.384273529052734,108.0174331665039,100.60828399658203,105.35846366882322,107.99548934936523,0.3333333333333333,0.0,8727.62890625,-758.6160234957933
degraded_sensor,Degraded sensor,sensor_capability,oldest_first,Oldest first,37,36003,7,30,34.447120666503906,109.11650085449219,97.62690963745118,105.75517845153809,108.38499603271485,0.5,0.0,5619.125,-734.802722774446
degraded_sensor,Degraded sensor,sensor_capability,oldest_first,Oldest first,38,36003,8,30,52.562259674072266,109.2532730102539,105.85041656494141,108.49650154113769,109.0953385925293,0.2,0.0,9846.8935546875,-779.8205646947026
degraded_sensor,Degraded sensor,sensor_capability,oldest_first,Oldest first,39,36003,9,30,40.943058013916016,119.60118103027344,101.90833129882813,105.56989784240722,116.30707511901856,0.4,0.0,7889.11279296875,-742.3105626180768
degraded_sensor,Degraded sensor,sensor_capability,oldest_first,Oldest first,40,36004,0,30,51.074153900146484,108.56843566894531,106.64036560058594,107.71354370117187,108.42174530029297,0.26666666666666666,0.0,10120.1357421875,-780.3893015012145
degraded_sensor,Degraded sensor,sensor_capability,oldest_first,Oldest first,41,36004,1,30,65.51644134521484,109.16326141357422,108.49215698242188,108.62049140930176,109.0127986907959,0.3333333333333333,0.0,10860.212890625,-783.1960639357567
degraded_sensor,Degraded sensor,sensor_capability,oldest_first,Oldest first,42,36004,2,30,56.55009460449219,110.31938171386719,106.3057876586914,106.68453636169434,109.29634140014649,0.13333333333333333,0.0,7971.158203125,-803.7772275209427
degraded_sensor,Degraded sensor,sensor_capability,oldest_first,Oldest first,43,36004,3,30,50.899173736572266,111.36573791503906,107.16459884643555,108.46876068115235,110.62010833740234,0.3,0.0,10726.455078125,-781.5988287329674
degraded_sensor,Degraded sensor,sensor_capability,oldest_first,Oldest first,44,36004,4,30,51.003841400146484,108.84780883789062,105.0057472229004,107.45761070251464,108.7866015625,0.26666666666666666,0.03333333333333333,10358.966796875,-788.7297211512923
degraded_sensor,Degraded sensor,sensor_capability,oldest_first,Oldest first,45,36004,5,30,39.732582092285156,115.59691619873047,106.65529861450196,108.35331954956055,113.50717140197754,0.4666666666666667,0.0,7305.47802734375,-758.6087979152799
degraded_sensor,Degraded sensor,sensor_capability,oldest_first,Oldest first,46,36004,6,30,51.57373809814453,108.88272094726562,106.67293548583984,108.56606216430664,108.85807342529297,0.4,0.0,8422.228515625,-775.1618976444006
degraded_sensor,Degraded sensor,sensor_capability,oldest_first,Oldest first,47,36004,7,30,51.813819885253906,108.54132080078125,105.27848052978516,106.89457092285156,108.28776550292969,0.3333333333333333,0.03333333333333333,9533.3212890625,-779.734631434083
degraded_sensor,Degraded sensor,sensor_capability,oldest_first,Oldest first,48,36004,8,30,47.29397201538086,104.89887237548828,100.3927719116211,103.48674926757812,104.77580513000488,0.3,0.0,5852.5,-772.1671711876988
degraded_sensor,Degraded sensor,sensor_capability,oldest_first,Oldest first,49,36004,9,30,40.64554977416992,108.3331069946289,104.1647819519043,105.27757606506347,107.52227210998535,0.23333333333333334,0.0,8762.6474609375,-764.4189044088125
degraded_sensor,Degraded sensor,sensor_capability,max_uncertainty_greedy,Max-U greedy,0,36000,0,30,44.4195556640625,108.19335174560547,103.75817794799805,106.82634506225585,107.99269569396972,0.23333333333333334,0.0,10252.6396484375,-758.4541158005595
degraded_sensor,Degraded sensor,sensor_capability,max_uncertainty_greedy,Max-U greedy,1,36000,1,30,75.55876159667969,116.30995178222656,107.41532669067382,108.36814727783202,114.12869033813477,0.1,0.0,12242.611328125,-787.5327210873365
degraded_sensor,Degraded sensor,sensor_capability,max_uncertainty_greedy,Max-U greedy,2,36000,2,30,57.464515686035156,108.80494689941406,106.33509216308595,108.24861183166503,108.7538176727295,0.3,0.0,12185.0771484375,-755.2171308025718
degraded_sensor,Degraded sensor,sensor_capability,max_uncertainty_greedy,Max-U greedy,3,36000,3,30,49.7429313659668,115.53485870361328,104.21112670898438,106.47693557739257,113.40336799621582,0.23333333333333334,0.0,7549.720703125,-765.3563040718436
degraded_sensor,Degraded sensor,sensor_capability,max_uncertainty_greedy,Max-U greedy,4,36000,4,30,28.425373077392578,108.51187133789062,105.50747680664062,108.11273231506347,108.50626922607422,0.5,0.0,9121.017578125,-708.8520831242204
degraded_sensor,Degraded sensor,sensor_capability,max_uncertainty_greedy,Max-U greedy,5,36000,5,30,53.53788375854492,108.00672912597656,97.10349349975586,101.75801048278807,107.14988258361817,0.06666666666666667,0.03333333333333333,9363.7841796875,-780.8397413268685
degraded_sensor,Degraded sensor,sensor_capability,max_uncertainty_greedy,Max-U greedy,6,36000,6,30,41.302730560302734,105.72148895263672,104.82755889892579,105.28543090820312,105.60385345458984,0.3,0.0,9395.26171875,-757.7762231975794
degraded_sensor,Degraded sensor,sensor_capability,max_uncertainty_greedy,Max-U greedy,7,36000,7,30,27.700593948364258,104.59550476074219,95.35009994506837,99.21282577514648,103.10130516052247,0.4,0.0,9665.5,-704.0272474884987
degraded_sensor,Degraded sensor,sensor_capability,max_uncertainty_greedy,Max-U greedy,8,36000,8,30,76.15140533447266,114.11863708496094,108.41831588745117,108.73240509033204,112.56236068725586,0.1,0.0,14727.7353515625,-796.7360634952784
degraded_sensor,Degraded sensor,sensor_capability,max_uncertainty_greedy,Max-U greedy,9,36000,9,30,40.57191848754883,106.6103744506836,96.0165153503418,101.41814041137695,105.25674980163575,0.23333333333333334,0.0,7483.4716796875,-759.9204091206193
degraded_sensor,Degraded sensor,sensor_capability,max_uncertainty_greedy,Max-U greedy,10,36001,0,30,53.61762619018555,107.02179718017578,103.85067901611328,105.78597869873046,106.93822128295898,0.1,0.0,11142.658203125,-772.7864509373903
degraded_sensor,Degraded sensor,sensor_capability,max_uncertainty_greedy,Max-U greedy,11,36001,1,30,60.74650192260742,108.76713562011719,105.21431121826173,107.26608200073242,108.51408920288085,0.1,0.0,11185.5927734375,-779.9160092324018
degraded_sensor,Degraded sensor,sensor_capability,max_uncertainty_greedy,Max-U greedy,12,36001,2,30,48.01780319213867,108.59812927246094,106.91520919799805,107.78716888427734,108.54124526977539,0.06666666666666667,0.03333333333333333,14359.369140625,-765.0922177508473
degraded_sensor,Degraded sensor,sensor_capability,max_uncertainty_greedy,Max-U greedy,13,36001,3,30,33.60890579223633,115.39287567138672,98.54061126708984,102.16694412231443,112.25383674621582,0.3333333333333333,0.0,8869.130859375,-756.5741980522871
degraded_sensor,Degraded sensor,sensor_capability,max_uncertainty_greedy,Max-U greedy,14,36001,4,30,49.17850112915039,108.80501556396484,106.66766510009766,108.09768981933594,108.63641899108887,0.36666666666666664,0.03333333333333333,11610.34375,-754.4823552966118
degraded_sensor,Degraded sensor,sensor_capability,max_uncertainty_greedy,Max-U greedy,15,36001,5,30,55.26123809814453,119.95230865478516,105.02067642211914,106.06663055419921,116.12621009826661,0.16666666666666666,0.0,7789.03125,-798.3084536120296
degraded_sensor,Degraded sensor,sensor_capability,max_uncertainty_greedy,Max-U greedy,16,36001,6,30,28.807044982910156,107.43075561523438,91.31966094970703,95.84035835266111,104.69848266601564,0.13333333333333333,0.0,9004.7294921875,-759.9843712076545
degraded_sensor,Degraded sensor,sensor_capability,max_uncertainty_greedy,Max-U greedy,17,36001,7,30,26.859037399291992,107.68509674072266,105.84353866577149,106.60203437805175,107.49276199340821,0.4,0.0,10594.294921875,-723.8531258031726
degraded_sensor,Degraded sensor,sensor_capability,max_uncertainty_greedy,Max-U greedy,18,36001,8,30,46.999385833740234,108.0025634765625,105.40621414184571,106.77584342956543,107.67974731445312,0.2,0.0,9989.3564453125,-753.3491698727012
degraded_sensor,Degraded sensor,sensor_capability,max_uncertainty_greedy,Max-U greedy,19,36001,9,30,50.49045181274414,109.64788818359375,103.19102325439454,105.93086013793945,109.05071678161622,0.3,0.0,7191.88232421875,-785.3753958791494
degraded_sensor,Degraded sensor,sensor_capability,max_uncertainty_greedy,Max-U greedy,20,36002,0,30,55.25516891479492,106.5207748413086,105.18678131103516,106.25960121154785,106.49300323486328,0.06666666666666667,0.0,9298.5146484375,-808.1662911996245
degraded_sensor,Degraded sensor,sensor_capability,max_uncertainty_greedy,Max-U greedy,21,36002,1,30,36.59367752075195,107.56498718261719,102.83892440795898,104.8589729309082,106.93134674072266,0.16666666666666666,0.0,9672.416015625,-757.3830198124051
degraded_sensor,Degraded sensor,sensor_capability,max_uncertainty_greedy,Max-U greedy,22,36002,2,30,50.72199630737305,109.03916931152344,107.2100814819336,108.00227088928223,108.83480949401856,0.2,0.0,11164.0908203125,-766.4333481043577
degraded_sensor,Degraded sensor,sensor_capability,max_uncertainty_greedy,Max-U greedy,23,36002,3,30,57.812313079833984,107.74273681640625,104.8382438659668,106.78710289001465,107.63176765441895,0.23333333333333334,0.0,9935.888671875,-768.7485159859061
degraded_sensor,Degraded sensor,sensor_capability,max_uncertainty_greedy,Max-U greedy,24,36002,4,30,64.44933319091797,108.49752044677734,106.88653030395508,107.45538368225098,108.21301414489746,0.06666666666666667,0.0,12914.328125,-792.419896543026
degraded_sensor,Degraded sensor,sensor_capability,max_uncertainty_greedy,Max-U greedy,25,36002,5,30,46.42470169067383,108.74853515625,104.73603515625,106.84553298950195,108.56311233520508,0.26666666666666666,0.03333333333333333,10331.224609375,-765.3931688889861
degraded_sensor,Degraded sensor,sensor_capability,max_uncertainty_greedy,Max-U greedy,26,36002,6,30,31.60912322998047,105.55879974365234,97.44412841796876,101.61129646301268,105.36006416320801,0.3,0.0,9836.791015625,-742.6643543690443
degraded_sensor,Degraded sensor,sensor_capability,max_uncertainty_greedy,Max-U greedy,27,36002,7,30,44.27607727050781,107.68929290771484,106.06278991699219,106.70582008361816,107.47819595336914,0.16666666666666666,0.0,11298.4375,-747.8874009847641
degraded_sensor,Degraded sensor,sensor_capability,max_uncertainty_greedy,Max-U greedy,28,36002,8,30,40.53622817993164,120.59220123291016,101.71285934448242,106.76691246032715,116.66349906921388,0.23333333333333334,0.0,10018.25390625,-751.3766442611814
degraded_sensor,Degraded sensor,sensor_capability,max_uncertainty_greedy,Max-U greedy,29,36002,9,30,51.79426574707031,118.66219329833984,106.81571044921876,108.20171775817872,115.68146492004395,0.26666666666666666,0.03333333333333333,9516.1806640625,-781.513052739203
degraded_sensor,Degraded sensor,sensor_capability,max_uncertainty_greedy,Max-U greedy,30,36003,0,30,38.63846969604492,108.47260284423828,103.87342071533203,106.04667243957519,108.13103553771973,0.4,0.0,8006.57568359375,-759.1912145614624
degraded_sensor,Degraded sensor,sensor_capability,max_uncertainty_greedy,Max-U greedy,31,36003,1,30,49.163326263427734,106.72478485107422,105.222314453125,106.09558601379395,106.56575744628907,0.13333333333333333,0.0,11167.0341796875,-748.6847478151321
degraded_sensor,Degraded sensor,sensor_capability,max_uncertainty_greedy,Max-U greedy,32,36003,2,30,45.08112716674805,117.74542236328125,106.46101684570313,112.08386039733884,117.43288780212403,0.23333333333333334,0.0,8478.291015625,-787.6471776664257
degraded_sensor,Degraded sensor,sensor_capability,max_uncertainty_greedy,Max-U greedy,33,36003,3,30,30.674043655395508,107.06543731689453,105.33131866455078,106.4942512512207,106.99122261047363,0.13333333333333333,0.0,11209.36328125,-744.991618514061
degraded_sensor,Degraded sensor,sensor_capability,max_uncertainty_greedy,Max-U greedy,34,36003,4,30,42.21198272705078,108.48870849609375,98.81633377075195,100.80151786804198,106.3497283935547,0.16666666666666666,0.0,8997.2626953125,-773.4890097528696
degraded_sensor,Degraded sensor,sensor_capability,max_uncertainty_greedy,Max-U greedy,35,36003,5,30,62.35559844970703,108.00865173339844,107.20580596923828,107.87139892578125,107.97816757202149,0.16666666666666666,0.0,10665.32421875,-780.3773798942566
degraded_sensor,Degraded sensor,sensor_capability,max_uncertainty_greedy,Max-U greedy,36,36003,6,30,27.093364715576172,107.93890380859375,89.94316787719728,102.82218284606931,107.53210685729981,0.3333333333333333,0.0,9743.0537109375,-720.2962382808328
degraded_sensor,Degraded sensor,sensor_capability,max_uncertainty_greedy,Max-U greedy,37,36003,7,30,23.451068878173828,106.59407043457031,102.61921844482421,103.98358268737793,105.96052070617677,0.3333333333333333,0.03333333333333333,8692.625,-731.6644737944007
degraded_sensor,Degraded sensor,sensor_capability,max_uncertainty_greedy,Max-U greedy,38,36003,8,30,51.92449951171875,113.0180892944336,104.9289764404297,107.41156044006347,111.76835815429688,0.26666666666666666,0.0,7522.359375,-776.7574926763773
degraded_sensor,Degraded sensor,sensor_capability,max_uncertainty_greedy,Max-U greedy,39,36003,9,30,37.969783782958984,119.5599365234375,95.73953704833986,103.04612731933594,114.95044502258303,0.2,0.0,7134.0,-761.1990668028593
degraded_sensor,Degraded sensor,sensor_capability,max_uncertainty_greedy,Max-U greedy,40,36004,0,30,64.55236053466797,108.06260681152344,106.56954879760742,106.63470306396485,107.66179252624512,0.16666666666666666,0.0,12267.69921875,-778.7285897284746
degraded_sensor,Degraded sensor,sensor_capability,max_uncertainty_greedy,Max-U greedy,41,36004,1,30,58.23515319824219,108.64442443847656,105.7457992553711,107.02252349853515,108.36655349731446,0.2,0.0,11721.9248046875,-770.1162184923887
degraded_sensor,Degraded sensor,sensor_capability,max_uncertainty_greedy,Max-U greedy,42,36004,2,30,50.45172119140625,106.5536117553711,101.44573364257812,103.63249168395996,106.10831466674804,0.2,0.0,7912.875,-798.6838965639472
degraded_sensor,Degraded sensor,sensor_capability,max_uncertainty_greedy,Max-U greedy,43,36004,3,30,43.21366882324219,108.79460144042969,102.87616043090821,107.40591659545898,108.53820747375488,0.2,0.0,10256.953125,-750.2311006188393
degraded_sensor,Degraded sensor,sensor_capability,max_uncertainty_greedy,Max-U greedy,44,36004,4,30,60.06093215942383,108.63674926757812,105.1973487854004,106.30951843261718,108.03139152526856,0.16666666666666666,0.0,10835.2041015625,-800.8585277497768
degraded_sensor,Degraded sensor,sensor_capability,max_uncertainty_greedy,Max-U greedy,45,36004,5,30,41.25146484375,110.31239318847656,107.8675765991211,108.16499862670898,109.73094177246094,0.26666666666666666,0.0,10175.412109375,-749.0162237212062
degraded_sensor,Degraded sensor,sensor_capability,max_uncertainty_greedy,Max-U greedy,46,36004,6,30,48.85464859008789,108.28291320800781,104.74513244628906,106.29844436645507,107.76414260864259,0.23333333333333334,0.0,10819.6650390625,-765.6735655590892
degraded_sensor,Degraded sensor,sensor_capability,max_uncertainty_greedy,Max-U greedy,47,36004,7,30,45.82426071166992,120.30915069580078,99.04666900634767,104.35905113220214,115.81974617004396,0.2,0.0,9794.505859375,-788.78531691432
degraded_sensor,Degraded sensor,sensor_capability,max_uncertainty_greedy,Max-U greedy,48,36004,8,30,47.54890441894531,114.03330993652344,106.93966445922851,107.61986541748047,112.25929458618164,0.2,0.0,9794.287109375,-771.5190845802426
degraded_sensor,Degraded sensor,sensor_capability,max_uncertainty_greedy,Max-U greedy,49,36004,9,30,54.166927337646484,108.3331069946289,107.33651657104492,107.64169654846191,108.1478899383545,0.3,0.03333333333333333,10512.1240234375,-777.8395357951522
degraded_sensor,Degraded sensor,sensor_capability,expected_info_gain,Expected information gain,0,36000,0,30,36.882511138916016,108.19335174560547,105.78977890014649,106.82539749145508,107.99269569396972,0.3,0.03333333333333333,9141.4501953125,-740.4380463138223
degraded_sensor,Degraded sensor,sensor_capability,expected_info_gain,Expected information gain,1,36000,1,30,70.7498779296875,108.78836059570312,105.18880844116211,106.95931205749511,108.3760279083252,0.1,0.0,9343.7490234375,-783.5959450826049
degraded_sensor,Degraded sensor,sensor_capability,expected_info_gain,Expected information gain,2,36000,2,30,58.72296142578125,108.80494689941406,105.4124740600586,108.24861183166503,108.7538176727295,0.23333333333333334,0.0,11647.884765625,-785.8588314801455
degraded_sensor,Degraded sensor,sensor_capability,expected_info_gain,Expected information gain,3,36000,3,30,51.03988265991211,108.184814453125,102.80778579711914,104.30028076171875,107.08415435791017,0.06666666666666667,0.0,8167.8876953125,-765.3032700642943
degraded_sensor,Degraded sensor,sensor_capability,expected_info_gain,Expected information gain,4,36000,4,30,21.64666175842285,108.51187133789062,101.41971435546876,106.5779914855957,108.26149543762207,0.6,0.0,8377.8505859375,-693.7334431037307
degraded_sensor,Degraded sensor,sensor_capability,expected_info_gain,Expected information gain,5,36000,5,30,44.68946075439453,114.8091812133789,102.57283630371094,106.05730819702147,112.83647010803223,0.1,0.0,9740.7841796875,-770.787800848484
degraded_sensor,Degraded sensor,sensor_capability,expected_info_gain,Expected information gain,6,36000,6,30,35.3675651550293,105.72149658203125,100.51754684448242,104.52057838439941,105.58414085388183,0.3333333333333333,0.0,8204.087890625,-745.5560999065638
degraded_sensor,Degraded sensor,sensor_capability,expected_info_gain,Expected information gain,7,36000,7,30,28.400388717651367,108.6952133178711,96.41062927246094,100.32995719909667,106.60098815917969,0.43333333333333335,0.0,9854.5400390625,-709.6437967792153
degraded_sensor,Degraded sensor,sensor_capability,expected_info_gain,Expected information gain,8,36000,8,30,68.80601501464844,114.11791229248047,108.01594467163086,108.40919380187988,112.54911079406739,0.1,0.0,11838.5146484375,-791.4978325814009
degraded_sensor,Degraded sensor,sensor_capability,expected_info_gain,Expected information gain,9,36000,9,30,31.07514762878418,115.36831665039062,95.92930755615235,100.7789840698242,111.58610351562501,0.23333333333333334,0.0,8545.1669921875,-736.8690739572048
degraded_sensor,Degraded sensor,sensor_capability,expected_info_gain,Expected information gain,10,36001,0,30,53.21731185913086,107.02179718017578,103.85067901611328,105.78597869873046,106.93822128295898,0.16666666666666666,0.0,10554.658203125,-772.6202192008495
degraded_sensor,Degraded sensor,sensor_capability,expected_info_gain,Expected information gain,11,36001,1,30,67.89871978759766,108.76713562011719,107.91622314453124,108.27099494934082,108.66117561340332,0.06666666666666667,0.0,10998.458984375,-797.1610328480601
degraded_sensor,Degraded sensor,sensor_capability,expected_info_gain,Expected information gain,12,36001,2,30,50.92679214477539,115.54426574707031,108.40990829467773,108.5455493927002,113.5298861694336,0.16666666666666666,0.03333333333333333,13307.4638671875,-755.8837525844574
degraded_sensor,Degraded sensor,sensor_capability,expected_info_gain,Expected information gain,13,36001,3,30,33.94333267211914,104.568603515625,98.54126358032227,100.26508560180663,103.56567504882813,0.3,0.0,8096.630859375,-759.1953585892916
degraded_sensor,Degraded sensor,sensor_capability,expected_info_gain,Expected information gain,14,36001,4,30,44.58748245239258,107.94374084472656,104.36645889282227,105.77118835449218,107.40197769165039,0.43333333333333335,0.03333333333333333,7806.5302734375,-755.2978411540389
degraded_sensor,Degraded sensor,sensor_capability,expected_info_gain,Expected information gain,15,36001,5,30,43.11246109008789,119.95231628417969,105.02067642211914,106.06526260375976,116.12549423217774,0.2,0.0,8183.36474609375,-781.0147027671337
degraded_sensor,Degraded sensor,sensor_capability,expected_info_gain,Expected information gain,16,36001,6,30,39.166404724121094,115.36451721191406,106.6703369140625,108.00309181213379,113.36550361633302,0.16666666666666666,0.0,9918.8017578125,-776.033862143755
degraded_sensor,Degraded sensor,sensor_capability,expected_info_gain,Expected information gain,17,36001,7,30,25.05854034423828,107.68509674072266,89.62561721801761,106.60203437805175,107.49276199340821,0.4,0.0,10431.294921875,-723.9820217266679
degraded_sensor,Degraded sensor,sensor_capability,expected_info_gain,Expected information gain,18,36001,8,30,42.32270431518555,108.0029296875,105.40621414184571,106.77630500793457,107.6802507019043,0.2,0.0,9998.189453125,-744.3853410333395
degraded_sensor,Degraded sensor,sensor_capability,expected_info_gain,Expected information gain,19,36001,9,30,55.10259246826172,115.57984924316406,104.27304382324219,108.78614921569823,113.89380386352539,0.23333333333333334,0.0,7569.7158203125,-786.3613099008799
degraded_sensor,Degraded sensor,sensor_capability,expected_info_gain,Expected information gain,20,36002,0,30,64.40574645996094,111.04419708251953,106.52076416015625,106.86180534362794,109.84359062194825,0.13333333333333333,0.0,9755.2978515625,-807.7259764298797
degraded_sensor,Degraded sensor,sensor_capability,expected_info_gain,Expected information gain,21,36002,1,30,41.97919845581055,107.56498718261719,102.85234832763672,104.8589729309082,106.93134674072266,0.2,0.0,10270.416015625,-745.5817901045084
degraded_sensor,Degraded sensor,sensor_capability,expected_info_gain,Expected information gain,22,36002,2,30,44.352745056152344,109.03916931152344,107.2100814819336,108.00227088928223,108.83480949401856,0.26666666666666666,0.0,9759.0908203125,-760.1569956094027
degraded_sensor,Degraded sensor,sensor_capability,expected_info_gain,Expected information gain,23,36002,3,30,60.11422348022461,107.74273681640625,104.8382438659668,106.78710289001465,107.63176765441895,0.23333333333333334,0.0,10142.5556640625,-771.2202628999949
degraded_sensor,Degraded sensor,sensor_capability,expected_info_gain,Expected information gain,24,36002,4,30,52.278141021728516,108.49752044677734,106.14940948486328,107.13362998962403,108.17365112304688,0.13333333333333333,0.0,10080.8701171875,-763.6359294950962
degraded_sensor,Degraded sensor,sensor_capability,expected_info_gain,Expected information gain,25,36002,5,30,39.742000579833984,108.74853515625,103.07379150390625,103.46926689147949,107.2652433013916,0.23333333333333334,0.03333333333333333,9220.34765625,-747.557425275445
degraded_sensor,Degraded sensor,sensor_capability,expected_info_gain,Expected information gain,26,36002,6,30,35.44855880737305,119.95494079589844,98.34908828735352,105.25041694641114,115.78005989074708,0.3,0.0,9843.791015625,-755.9126201868057
degraded_sensor,Degraded sensor,sensor_capability,expected_info_gain,Expected information gain,27,36002,7,30,43.116275787353516,106.02604675292969,100.21517486572266,104.93164138793945,105.77802719116211,0.16666666666666666,0.0,9765.9775390625,-750.2041382566094
degraded_sensor,Degraded sensor,sensor_capability,expected_info_gain,Expected information gain,28,36002,8,30,45.76022720336914,120.59210968017578,101.71077194213868,106.76691246032715,116.66343406677247,0.23333333333333334,0.0,9611.087890625,-754.0309597700834
degraded_sensor,Degraded sensor,sensor_capability,expected_info_gain,Expected information gain,29,36002,9,30,40.341270446777344,108.38381958007812,100.69243469238282,103.7141574859619,107.13048645019532,0.26666666666666666,0.0,8602.7470703125,-763.7645904868841
degraded_sensor,Degraded sensor,sensor_capability,expected_info_gain,Expected information gain,30,36003,0,30,36.426273345947266,108.47260284423828,104.4720588684082,106.04667243957519,108.13103553771973,0.4,0.0,7806.7421875,-758.4394958764315
degraded_sensor,Degraded sensor,sensor_capability,expected_info_gain,Expected information gain,31,36003,1,30,37.98670196533203,106.72478485107422,105.222314453125,106.09558601379395,106.56575744628907,0.3333333333333333,0.03333333333333333,10708.0341796875,-733.0495384559035
degraded_sensor,Degraded sensor,sensor_capability,expected_info_gain,Expected information gain,32,36003,2,30,42.10887145996094,117.74542236328125,106.46101684570313,112.08396949768064,117.43294532775879,0.43333333333333335,0.03333333333333333,9093.95703125,-770.5888161808252
degraded_sensor,Degraded sensor,sensor_capability,expected_info_gain,Expected information gain,33,36003,3,30,33.25630569458008,115.37616729736328,106.1789779663086,106.95027656555176,112.96605560302736,0.2,0.0,10999.0302734375,-757.851167589426
degraded_sensor,Degraded sensor,sensor_capability,expected_info_gain,Expected information gain,34,36003,4,30,40.09274673461914,108.48870849609375,95.18437881469727,98.73087310791014,106.23750030517579,0.2,0.0,9599.7626953125,-771.9809974357486
degraded_sensor,Degraded sensor,sensor_capability,expected_info_gain,Expected information gain,35,36003,5,30,44.21634292602539,108.00865173339844,102.94319534301758,106.99078025817872,107.75564514160156,0.36666666666666664,0.0,8379.41796875,-764.5079915374517
degraded_sensor,Degraded sensor,sensor_capability,expected_info_gain,Expected information gain,36,36003,6,30,26.848112106323242,107.93890380859375,86.25948028564454,101.65639610290525,107.53210685729981,0.23333333333333334,0.0,10780.0537109375,-712.1090853586793
degraded_sensor,Degraded sensor,sensor_capability,expected_info_gain,Expected information gain,37,36003,7,30,17.464252471923828,102.75100708007812,25.888074302673356,62.81511325836168,97.46040985107423,0.36666666666666664,0.03333333333333333,6619.83349609375,-720.200785137713
degraded_sensor,Degraded sensor,sensor_capability,expected_info_gain,Expected information gain,38,36003,8,30,48.10023880004883,108.70867156982422,103.52968139648438,104.40910568237304,107.58364936828613,0.26666666666666666,0.0,7914.86572265625,-769.739613711834
degraded_sensor,Degraded sensor,sensor_capability,expected_info_gain,Expected information gain,39,36003,9,30,36.11153030395508,119.56352996826172,99.62618865966797,103.63271293640136,114.95300079345705,0.26666666666666666,0.0,7695.16650390625,-741.4288690462708
degraded_sensor,Degraded sensor,sensor_capability,expected_info_gain,Expected information gain,40,36004,0,30,42.1170539855957,106.68048858642578,104.00916595458985,106.57414588928222,106.65098236083985,0.2,0.0,10693.841796875,-749.8697984218597
degraded_sensor,Degraded sensor,sensor_capability,expected_info_gain,Expected information gain,41,36004,1,30,51.345375061035156,108.64442443847656,105.7457992553711,107.02252349853515,108.36655349731446,0.13333333333333333,0.0,11327.091796875,-765.771994844079
degraded_sensor,Degraded sensor,sensor_capability,expected_info_gain,Expected information gain,42,36004,2,30,50.44307327270508,106.5536117553711,101.50528106689454,103.90045509338378,106.10831466674804,0.2,0.0,7712.04150390625,-798.5053882822394
degraded_sensor,Degraded sensor,sensor_capability,expected_info_gain,Expected information gain,43,36004,3,30,25.171537399291992,108.79460144042969,93.710994720459,107.40591659545898,108.53820747375488,0.4,0.03333333333333333,11219.453125,-701.4992045089602
degraded_sensor,Degraded sensor,sensor_capability,expected_info_gain,Expected information gain,44,36004,4,30,36.81454849243164,108.68242645263672,94.91821365356446,105.32477989196776,107.90929077148438,0.2,0.0,9612.8525390625,-773.667294472456
degraded_sensor,Degraded sensor,sensor_capability,expected_info_gain,Expected information gain,45,36004,5,30,33.10025405883789,115.9276123046875,106.62365646362305,108.16499862670898,113.7177473449707,0.3,0.0,10055.2353515625,-733.6058008223772
degraded_sensor,Degraded sensor,sensor_capability,expected_info_gain,Expected information gain,46,36004,6,30,42.27172088623047,109.01618957519531,106.45743026733399,107.47792434692383,108.80353942871093,0.3,0.0,9226.060546875,-762.8870985433459
degraded_sensor,Degraded sensor,sensor_capability,expected_info_gain,Expected information gain,47,36004,7,30,35.19941711425781,105.95050048828125,95.380867767334,101.41566810607908,105.32260597229003,0.26666666666666666,0.0,10540.34765625,-746.9479725658894
degraded_sensor,Degraded sensor,sensor_capability,expected_info_gain,Expected information gain,48,36004,8,30,39.27640151977539,106.90430450439453,102.38648376464845,104.48589973449707,106.47263214111328,0.26666666666666666,0.0,8620.1416015625,-752.6100713387132
degraded_sensor,Degraded sensor,sensor_capability,expected_info_gain,Expected information gain,49,36004,9,30,52.57320022583008,108.3331069946289,107.33651657104492,107.64169654846191,108.1478899383545,0.36666666666666664,0.0,10951.791015625,-772.4726497679949
degraded_sensor,Degraded sensor,sensor_capability,beam_a_star,Beam A*,0,36000,0,30,39.91804504394531,108.19335174560547,105.78977890014649,106.82539749145508,107.99269569396972,0.26666666666666666,0.03333333333333333,9538.783203125,-742.8882468417287
degraded_sensor,Degraded sensor,sensor_capability,beam_a_star,Beam A*,1,36000,1,30,70.90052032470703,108.78836059570312,106.01100463867188,106.95931205749511,108.3760279083252,0.1,0.0,9147.916015625,-784.5106000229716
degraded_sensor,Degraded sensor,sensor_capability,beam_a_star,Beam A*,2,36000,2,30,58.73995590209961,108.80494689941406,105.4124740600586,108.24861183166503,108.7538176727295,0.23333333333333334,0.0,11450.55078125,-785.9624510556459
degraded_sensor,Degraded sensor,sensor_capability,beam_a_star,Beam A*,3,36000,3,30,51.03939437866211,108.184814453125,102.80778579711914,104.30028076171875,107.08415435791017,0.06666666666666667,0.0,8167.8876953125,-765.3734865263104
degraded_sensor,Degraded sensor,sensor_capability,beam_a_star,Beam A*,4,36000,4,30,22.046260833740234,108.51187133789062,101.4196662902832,106.5779914855957,108.26149543762207,0.5666666666666667,0.0,8968.517578125,-694.0306520089507
degraded_sensor,Degraded sensor,sensor_capability,beam_a_star,Beam A*,5,36000,5,30,47.99930953979492,114.81178283691406,103.7391731262207,106.34751548767089,112.83831726074219,0.1,0.0,10141.6181640625,-773.4261634647846
degraded_sensor,Degraded sensor,sensor_capability,beam_a_star,Beam A*,6,36000,6,30,38.022056579589844,105.72149658203125,103.74659652709961,105.03768768310547,105.58414085388183,0.36666666666666664,0.0,8191.42138671875,-746.4164880514145
degraded_sensor,Degraded sensor,sensor_capability,beam_a_star,Beam A*,7,36000,7,30,24.684917449951172,104.61461639404297,95.35016021728516,101.90717048645018,104.53538589477539,0.43333333333333335,0.0,10310.6962890625,-711.4569747671485
degraded_sensor,Degraded sensor,sensor_capability,beam_a_star,Beam A*,8,36000,8,30,70.65090942382812,114.11791229248047,108.07792053222656,108.56328392028809,112.54911079406739,0.1,0.0,13223.9931640625,-791.9716117531061
degraded_sensor,Degraded sensor,sensor_capability,beam_a_star,Beam A*,9,36000,9,30,31.071807861328125,115.36831665039062,95.92930755615235,100.7789840698242,111.58610351562501,0.23333333333333334,0.03333333333333333,8549.3330078125,-736.8923383057117
degraded_sensor,Degraded sensor,sensor_capability,beam_a_star,Beam A*,10,36001,0,30,53.23154067993164,107.02179718017578,103.85067901611328,105.78597869873046,106.93822128295898,0.16666666666666666,0.0,10555.3251953125,-772.6254216730595
degraded_sensor,Degraded sensor,sensor_capability,beam_a_star,Beam A*,11,36001,1,30,67.89911651611328,108.76713562011719,107.91622314453124,108.27099494934082,108.66117561340332,0.06666666666666667,0.0,10998.458984375,-797.1605232432485
degraded_sensor,Degraded sensor,sensor_capability,beam_a_star,Beam A*,12,36001,2,30,50.59368133544922,115.6032943725586,106.44437408447266,106.79363975524902,113.07986602783204,0.23333333333333334,0.03333333333333333,10978.046875,-755.7487602084875
degraded_sensor,Degraded sensor,sensor_capability,beam_a_star,Beam A*,13,36001,3,30,35.61259460449219,104.568603515625,98.54126358032227,100.05102653503417,103.45280754089356,0.26666666666666666,0.0,8294.9638671875,-762.7928570061922
degraded_sensor,Degraded sensor,sensor_capability,beam_a_star,Beam A*,14,36001,4,30,47.59892272949219,107.94374084472656,104.36645889282227,105.77118835449218,107.40197769165039,0.4,0.0,7804.36376953125,-758.7538595274091
degraded_sensor,Degraded sensor,sensor_capability,beam_a_star,Beam A*,15,36001,5,30,40.81193542480469,119.8930435180664,100.4576629638672,110.60456695556638,118.47686195373535,0.2,0.0,7476.0556640625,-780.0006554871798
degraded_sensor,Degraded sensor,sensor_capability,beam_a_star,Beam A*,16,36001,6,30,39.42119598388672,109.89907836914062,102.73622589111329,106.5741584777832,109.18326477050782,0.16666666666666666,0.0,8065.724609375,-773.1262545287609
degraded_sensor,Degraded sensor,sensor_capability,beam_a_star,Beam A*,17,36001,7,30,25.81517791748047,107.0218734741211,89.59835510253909,105.96621818542481,106.75131050109863,0.4,0.0,10127.48828125,-722.6940781250596
degraded_sensor,Degraded sensor,sensor_capability,beam_a_star,Beam A*,18,36001,8,30,42.39300537109375,108.0029296875,105.40621414184571,106.77630500793457,107.6802507019043,0.2,0.0,10003.8564453125,-744.4567555934191
degraded_sensor,Degraded sensor,sensor_capability,beam_a_star,Beam A*,19,36001,9,30,55.75845718383789,115.57984924316406,106.8117301940918,108.78614921569823,113.89380386352539,0.23333333333333334,0.0,8162.83056640625,-786.6210205480456
degraded_sensor,Degraded sensor,sensor_capability,beam_a_star,Beam A*,20,36002,0,30,64.21531677246094,111.04435729980469,106.52076416015625,106.86180534362794,109.8437043762207,0.13333333333333333,0.0,9360.96484375,-809.03167745471
degraded_sensor,Degraded sensor,sensor_capability,beam_a_star,Beam A*,21,36002,1,30,41.98173141479492,107.56498718261719,102.85234832763672,104.8589729309082,106.93134674072266,0.2,0.0,10271.08203125,-745.582057222724
degraded_sensor,Degraded sensor,sensor_capability,beam_a_star,Beam A*,22,36002,2,30,44.38750076293945,109.03916931152344,107.2100814819336,108.00227088928223,108.83480949401856,0.26666666666666666,0.0,9759.423828125,-760.1716395318508
degraded_sensor,Degraded sensor,sensor_capability,beam_a_star,Beam A*,23,36002,3,30,60.10616683959961,107.74273681640625,104.8382438659668,106.78710289001465,107.63176765441895,0.23333333333333334,0.0,9944.2216796875,-771.2944352701306
degraded_sensor,Degraded sensor,sensor_capability,beam_a_star,Beam A*,24,36002,4,30,54.79433822631836,108.49752044677734,106.63717498779297,107.13362998962403,108.17365112304688,0.1,0.0,11533.4404296875,-772.959699884057
degraded_sensor,Degraded sensor,sensor_capability,beam_a_star,Beam A*,25,36002,5,30,37.26819610595703,108.74853515625,103.16901931762695,103.4683910369873,107.26503311157227,0.23333333333333334,0.03333333333333333,8823.84765625,-747.3934306353331
degraded_sensor,Degraded sensor,sensor_capability,beam_a_star,Beam A*,26,36002,6,30,33.1048469543457,119.95494079589844,98.34908828735352,105.25041694641114,115.78005989074708,0.3,0.0,9840.1240234375,-754.1055123209953
degraded_sensor,Degraded sensor,sensor_capability,beam_a_star,Beam A*,27,36002,7,30,45.78300476074219,106.02604675292969,100.21517486572266,104.93164138793945,105.77802719116211,0.16666666666666666,0.0,9767.9775390625,-751.0998740121722
degraded_sensor,Degraded sensor,sensor_capability,beam_a_star,Beam A*,28,36002,8,30,45.867759704589844,120.59210968017578,101.71077194213868,106.76691246032715,116.66343406677247,0.23333333333333334,0.0,9813.75390625,-754.1493355706334
degraded_sensor,Degraded sensor,sensor_capability,beam_a_star,Beam A*,29,36002,9,30,38.72003936767578,108.38381958007812,100.69243469238282,103.7141574859619,107.13048645019532,0.3333333333333333,0.03333333333333333,8814.0810546875,-762.8885082229972
degraded_sensor,Degraded sensor,sensor_capability,beam_a_star,Beam A*,30,36003,0,30,35.820125579833984,108.47260284423828,103.87342071533203,106.04667243957519,108.13103553771973,0.36666666666666664,0.0,8198.2421875,-758.0701184272766
degraded_sensor,Degraded sensor,sensor_capability,beam_a_star,Beam A*,31,36003,1,30,41.452144622802734,106.72478485107422,105.222314453125,106.09558601379395,106.56575744628907,0.3,0.03333333333333333,10918.3681640625,-738.7309507727623
degraded_sensor,Degraded sensor,sensor_capability,beam_a_star,Beam A*,32,36003,2,30,43.46492385864258,117.74542236328125,106.46101684570313,112.08391494750974,117.43291656494141,0.4,0.0,10161.326171875,-771.3470657467842
degraded_sensor,Degraded sensor,sensor_capability,beam_a_star,Beam A*,33,36003,3,30,33.4723014831543,115.37616729736328,106.1789779663086,106.95027656555176,112.96605560302736,0.16666666666666666,0.0,11403.697265625,-757.9185464680195
degraded_sensor,Degraded sensor,sensor_capability,beam_a_star,Beam A*,34,36003,4,30,40.2994499206543,108.48870849609375,96.38017044067382,99.12547798156737,106.23750030517579,0.2,0.0,9401.9287109375,-770.8843337222934
degraded_sensor,Degraded sensor,sensor_capability,beam_a_star,Beam A*,35,36003,5,30,43.61680603027344,108.00865173339844,102.94319534301758,106.99078025817872,107.75564514160156,0.36666666666666664,0.0,8182.41748046875,-761.6076444834471
degraded_sensor,Degraded sensor,sensor_capability,beam_a_star,Beam A*,36,36003,6,30,26.540929794311523,107.93890380859375,86.25942382812501,101.65614204406735,107.53210685729981,0.26666666666666666,0.0,10181.220703125,-711.9283720478415
degraded_sensor,Degraded sensor,sensor_capability,beam_a_star,Beam A*,37,36003,7,30,14.637002944946289,84.507568359375,25.00949726104737,28.810643577575675,68.66256259918218,0.36666666666666664,0.0,6423.66650390625,-718.0709903240204
degraded_sensor,Degraded sensor,sensor_capability,beam_a_star,Beam A*,38,36003,8,30,48.08852005004883,108.70867156982422,103.52968139648438,104.40910568237304,107.58364936828613,0.26666666666666666,0.0,7707.19873046875,-769.7396785318851
degraded_sensor,Degraded sensor,sensor_capability,beam_a_star,Beam A*,39,36003,9,30,36.03901290893555,119.56398010253906,99.49588623046876,103.0463436126709,114.95331596374513,0.3,0.0,7308.66650390625,-742.3756017014384
degraded_sensor,Degraded sensor,sensor_capability,beam_a_star,Beam A*,40,36004,0,30,42.04509735107422,106.68048858642578,104.00916595458985,106.57414588928222,106.65098236083985,0.2,0.03333333333333333,10685.841796875,-749.9607216566801
degraded_sensor,Degraded sensor,sensor_capability,beam_a_star,Beam A*,41,36004,1,30,51.34543228149414,108.64442443847656,105.7457992553711,107.02252349853515,108.36655349731446,0.13333333333333333,0.0,11327.091796875,-765.7721075117588
degraded_sensor,Degraded sensor,sensor_capability,beam_a_star,Beam A*,42,36004,2,30,50.167320251464844,106.5536117553711,101.06401824951172,103.38587608337401,106.10831466674804,0.2,0.0,7705.54150390625,-798.838999889791
degraded_sensor,Degraded sensor,sensor_capability,beam_a_star,Beam A*,43,36004,3,30,25.601036071777344,108.79460144042969,93.710994720459,107.40591659545898,108.53820747375488,0.4,0.0,11221.7861328125,-702.6873134449124
degraded_sensor,Degraded sensor,sensor_capability,beam_a_star,Beam A*,44,36004,4,30,37.28840255737305,108.68242645263672,104.6331184387207,106.25156936645507,108.03326736450195,0.23333333333333334,0.0,10408.7080078125,-772.8346057459712
degraded_sensor,Degraded sensor,sensor_capability,beam_a_star,Beam A*,45,36004,5,30,30.170957565307617,108.30738830566406,106.1590965270996,107.30731163024902,108.21562606811523,0.36666666666666664,0.0,10246.90234375,-725.5972842723131
degraded_sensor,Degraded sensor,sensor_capability,beam_a_star,Beam A*,46,36004,6,30,43.973995208740234,109.01618957519531,106.45743026733399,107.47792434692383,108.80353942871093,0.16666666666666666,0.0,10970.060546875,-762.7682682648301
degraded_sensor,Degraded sensor,sensor_capability,beam_a_star,Beam A*,47,36004,7,30,35.2053337097168,105.95050048828125,95.380867767334,101.41566810607908,105.32260597229003,0.26666666666666666,0.0,10542.0146484375,-746.9531060308218
degraded_sensor,Degraded sensor,sensor_capability,beam_a_star,Beam A*,48,36004,8,30,45.634620666503906,106.90430450439453,100.39214706420898,104.00429611206054,106.47255027770996,0.23333333333333334,0.0,8812.80859375,-760.3903853744268
degraded_sensor,Degraded sensor,sensor_capability,beam_a_star,Beam A*,49,36004,9,30,52.515804290771484,108.3331069946289,107.33651657104492,107.64169654846191,108.1478899383545,0.36666666666666664,0.0,10736.1240234375,-772.8618650883436
degraded_sensor,Degraded sensor,sensor_capability,flat_lstm,Flat LSTM,0,36000,0,30,43.833274841308594,120.40841674804688,106.24743270874023,109.96004905700683,117.72744117736818,0.03333333333333333,0.0,12226.6435546875,-779.5018878430128
degraded_sensor,Degraded sensor,sensor_capability,flat_lstm,Flat LSTM,1,36000,1,30,41.87202835083008,118.495361328125,102.10806579589844,104.65235137939453,114.53236282348634,0.1,0.0,10409.3330078125,-740.5217944532633
degraded_sensor,Degraded sensor,sensor_capability,flat_lstm,Flat LSTM,2,36000,2,30,55.78020095825195,121.17213439941406,120.06599502563476,120.35130081176757,120.99137557983398,0.2,0.0,11692.966796875,-776.4636813104153
degraded_sensor,Degraded sensor,sensor_capability,flat_lstm,Flat LSTM,3,36000,3,30,59.431556701660156,108.19618225097656,107.64605102539062,107.9431095123291,108.16627555847168,0.0,0.0,13595.56640625,-774.2483611851931
degraded_sensor,Degraded sensor,sensor_capability,flat_lstm,Flat LSTM,4,36000,4,30,35.55610656738281,121.09822082519531,99.40771179199218,104.48788909912108,117.37866638183596,0.16666666666666666,0.0,9307.1669921875,-769.7169981896877
degraded_sensor,Degraded sensor,sensor_capability,flat_lstm,Flat LSTM,5,36000,5,30,27.187082290649414,93.44364929199219,85.5590805053711,88.20589904785156,91.98901184082031,0.13333333333333333,0.0,9790.6669921875,-758.6031840890646
degraded_sensor,Degraded sensor,sensor_capability,flat_lstm,Flat LSTM,6,36000,6,30,49.71833419799805,120.47521209716797,104.27498092651369,117.51715354919433,119.7639695739746,0.06666666666666667,0.0,11220.6669921875,-765.1910138726234
degraded_sensor,Degraded sensor,sensor_capability,flat_lstm,Flat LSTM,7,36000,7,30,44.319984436035156,120.0068359375,119.10606155395507,119.49892311096191,119.93816360473633,0.23333333333333334,0.0,7700.5,-779.066892310977
degraded_sensor,Degraded sensor,sensor_capability,flat_lstm,Flat LSTM,8,36000,8,30,64.26933288574219,120.70366668701172,109.39319610595703,115.80320663452146,120.51630348205566,0.06666666666666667,0.0,12273.9189453125,-799.0209076106548
degraded_sensor,Degraded sensor,sensor_capability,flat_lstm,Flat LSTM,9,36000,9,30,25.26242446899414,119.92218017578125,69.22257461547855,108.05383529663078,119.87697830200196,0.23333333333333334,0.0,8571.6669921875,-751.6202180087566
degraded_sensor,Degraded sensor,sensor_capability,flat_lstm,Flat LSTM,10,36001,0,30,58.98857498168945,108.89984130859375,107.21870193481445,108.11054458618163,108.7875601196289,0.1,0.0,12658.388671875,-800.1434387937188
degraded_sensor,Degraded sensor,sensor_capability,flat_lstm,Flat LSTM,11,36001,1,30,42.774662017822266,120.39727783203125,106.7130973815918,115.10293273925778,120.39313819885254,0.16666666666666666,0.0,10525.966796875,-777.0012483224273
degraded_sensor,Degraded sensor,sensor_capability,flat_lstm,Flat LSTM,12,36001,2,30,63.26372146606445,108.56221008300781,106.6854621887207,107.66187324523925,108.48145294189453,0.1,0.0,12735.9658203125,-776.6434970274568
degraded_sensor,Degraded sensor,sensor_capability,flat_lstm,Flat LSTM,13,36001,3,30,42.819007873535156,120.63224792480469,109.8562843322754,117.2217014312744,120.33938491821289,0.26666666666666666,0.0,9954.8779296875,-771.4365400075912
degraded_sensor,Degraded sensor,sensor_capability,flat_lstm,Flat LSTM,14,36001,4,30,30.73248863220215,119.5508804321289,102.94197463989258,105.2384033203125,115.63437591552736,0.36666666666666664,0.0,10256.9111328125,-725.5668271481991
degraded_sensor,Degraded sensor,sensor_capability,flat_lstm,Flat LSTM,15,36001,5,30,47.74840545654297,108.63536834716797,102.815438079834,107.27147369384765,108.25373001098633,0.1,0.0,11851.7451171875,-776.6580527126789
degraded_sensor,Degraded sensor,sensor_capability,flat_lstm,Flat LSTM,16,36001,6,30,30.282955169677734,118.89802551269531,85.5870574951172,97.98190040588372,115.71680923461915,0.03333333333333333,0.0,9883.2099609375,-756.7766286581755
degraded_sensor,Degraded sensor,sensor_capability,flat_lstm,Flat LSTM,17,36001,7,30,39.59233474731445,121.80432891845703,112.946541595459,120.22147903442382,121.50230827331544,0.13333333333333333,0.03333333333333333,13788.9443359375,-761.5476993769407
degraded_sensor,Degraded sensor,sensor_capability,flat_lstm,Flat LSTM,18,36001,8,30,39.831443786621094,120.19483184814453,104.33718566894531,105.88061561584472,116.25479492187502,0.23333333333333334,0.0,11042.681640625,-752.2710989415646
degraded_sensor,Degraded sensor,sensor_capability,flat_lstm,Flat LSTM,19,36001,9,30,51.76435089111328,120.11709594726562,112.43368530273438,118.03102493286131,120.00799194335937,0.2,0.0,8300.2109375,-785.874654173851
degraded_sensor,Degraded sensor,sensor_capability,flat_lstm,Flat LSTM,20,36002,0,30,50.54442596435547,119.3747787475586,107.48514938354492,108.40876770019531,116.22623703002931,0.06666666666666667,0.0,11753.8193359375,-765.7659795060754
degraded_sensor,Degraded sensor,sensor_capability,flat_lstm,Flat LSTM,21,36002,1,30,37.746803283691406,120.28919982910156,119.62971649169921,119.82880554199218,120.17343170166016,0.23333333333333334,0.0,11459.3212890625,-748.2038573473692
degraded_sensor,Degraded sensor,sensor_capability,flat_lstm,Flat LSTM,22,36002,2,30,18.32105255126953,104.418701171875,80.58640441894532,94.78723678588864,103.20389251708984,0.5,0.0,8831.8330078125,-698.4626103565097
degraded_sensor,Degraded sensor,sensor_capability,flat_lstm,Flat LSTM,23,36002,3,30,34.61035919189453,116.21212005615234,106.99570999145507,107.74701728820801,113.7761882019043,0.16666666666666666,0.0,12187.4228515625,-738.614949464798
degraded_sensor,Degraded sensor,sensor_capability,flat_lstm,Flat LSTM,24,36002,4,30,51.5753288269043,119.56110382080078,107.39609603881836,114.06455650329586,119.51653472900391,0.06666666666666667,0.0,11064.205078125,-772.8144763484597
degraded_sensor,Degraded sensor,sensor_capability,flat_lstm,Flat LSTM,25,36002,5,30,50.665809631347656,121.61416625976562,104.87440338134766,113.87230796813961,121.44012245178223,0.06666666666666667,0.0,12222.2978515625,-785.0130577012897
degraded_sensor,Degraded sensor,sensor_capability,flat_lstm,Flat LSTM,26,36002,6,30,43.349830627441406,120.37759399414062,107.87056579589846,116.35401763916015,119.28375289916993,0.1,0.0,10962.1279296875,-762.7024883702397
degraded_sensor,Degraded sensor,sensor_capability,flat_lstm,Flat LSTM,27,36002,7,30,61.84053039550781,108.24373626708984,107.49545364379883,108.1074317932129,108.22062202453613,0.13333333333333333,0.0,14837.21484375,-794.453877478838
degraded_sensor,Degraded sensor,sensor_capability,flat_lstm,Flat LSTM,28,36002,8,30,50.07219696044922,108.78556823730469,107.2775863647461,108.07094841003418,108.74674728393555,0.06666666666666667,0.0,12845.4208984375,-785.7315933331847
degraded_sensor,Degraded sensor,sensor_capability,flat_lstm,Flat LSTM,29,36002,9,30,44.29878616333008,119.58897399902344,109.44374465942384,118.37727851867676,119.28340446472168,0.06666666666666667,0.0,10492.8330078125,-766.7090264633298
degraded_sensor,Degraded sensor,sensor_capability,flat_lstm,Flat LSTM,30,36003,0,30,36.204524993896484,118.87812805175781,96.68315048217775,105.08482398986816,115.16273315429689,0.2,0.0,9647.654296875,-767.2505567073822
degraded_sensor,Degraded sensor,sensor_capability,flat_lstm,Flat LSTM,31,36003,1,30,58.15248107910156,120.71440124511719,106.4131446838379,114.29111289978025,120.45707580566406,0.03333333333333333,0.0,12109.486328125,-769.764285735786
degraded_sensor,Degraded sensor,sensor_capability,flat_lstm,Flat LSTM,32,36003,2,30,45.88442611694336,108.39308166503906,103.8992172241211,105.50431671142577,107.68472869873047,0.0,0.0,12415.8916015625,-776.5697218179703
degraded_sensor,Degraded sensor,sensor_capability,flat_lstm,Flat LSTM,33,36003,3,30,23.978076934814453,119.27972412109375,39.95530242919927,78.26154632568355,108.87554489135745,0.06666666666666667,0.0,9523.8330078125,-754.7037602886558
degraded_sensor,Degraded sensor,sensor_capability,flat_lstm,Flat LSTM,34,36003,4,30,36.30684280395508,121.46561431884766,97.04939270019531,101.568350982666,115.90241859436037,0.1,0.0,9619.6669921875,-780.3665999993682
degraded_sensor,Degraded sensor,sensor_capability,flat_lstm,Flat LSTM,35,36003,5,30,45.53681564331055,119.8028564453125,107.65452423095704,108.83444061279297,116.62776664733887,0.06666666666666667,0.0,12976.19921875,-773.0240314304829
degraded_sensor,Degraded sensor,sensor_capability,flat_lstm,Flat LSTM,36,36003,6,30,25.73360252380371,114.08375549316406,86.93179473876955,106.95818977355955,113.09522392272949,0.3,0.0,9688.1669921875,-748.9408804476261
degraded_sensor,Degraded sensor,sensor_capability,flat_lstm,Flat LSTM,37,36003,7,30,29.955320358276367,105.54261016845703,102.52765655517578,105.03749084472656,105.51970390319825,0.1,0.0,13757.1552734375,-704.5432739853859
degraded_sensor,Degraded sensor,sensor_capability,flat_lstm,Flat LSTM,38,36003,8,30,49.00225830078125,121.38506317138672,108.33879165649414,114.20221977233884,120.47628868103028,0.06666666666666667,0.03333333333333333,10156.099609375,-789.8876519054174
degraded_sensor,Degraded sensor,sensor_capability,flat_lstm,Flat LSTM,39,36003,9,30,33.6430549621582,108.69532012939453,95.27950134277346,106.59403610229491,108.57740364074706,0.23333333333333334,0.0,9659.0888671875,-771.7441122978926
degraded_sensor,Degraded sensor,sensor_capability,flat_lstm,Flat LSTM,40,36004,0,30,56.8231086730957,120.57772064208984,119.03979034423828,120.124267578125,120.52654716491699,0.16666666666666666,0.0,10398.2939453125,-781.3090082108974
degraded_sensor,Degraded sensor,sensor_capability,flat_lstm,Flat LSTM,41,36004,1,30,42.86164855957031,119.28912353515625,106.39539413452148,108.42899856567382,116.2290894317627,0.03333333333333333,0.0,11656.0478515625,-774.9602291882038
degraded_sensor,Degraded sensor,sensor_capability,flat_lstm,Flat LSTM,42,36004,2,30,42.37437057495117,118.79379272460938,97.75896530151367,99.40124702453612,113.54707649230959,0.13333333333333333,0.0,9121.5,-781.888391584158
degraded_sensor,Degraded sensor,sensor_capability,flat_lstm,Flat LSTM,43,36004,3,30,40.93541717529297,106.2436294555664,101.61871337890625,103.1542366027832,105.5091399383545,0.1,0.0,11755.6669921875,-762.8886433765292
degraded_sensor,Degraded sensor,sensor_capability,flat_lstm,Flat LSTM,44,36004,4,30,43.81632995605469,108.68242645263672,104.10891571044922,105.61785697937012,108.06382232666016,0.13333333333333333,0.0,12428.2666015625,-780.4590158984065
degraded_sensor,Degraded sensor,sensor_capability,flat_lstm,Flat LSTM,45,36004,5,30,39.2881965637207,119.93609619140625,103.55339279174805,107.97751083374024,116.46920761108399,0.16666666666666666,0.0,14051.55078125,-744.8027246072888
degraded_sensor,Degraded sensor,sensor_capability,flat_lstm,Flat LSTM,46,36004,6,30,56.78069305419922,120.74411010742188,105.75628967285157,106.62504920959472,116.6806652069092,0.06666666666666667,0.0,11729.8974609375,-787.0873897820711
degraded_sensor,Degraded sensor,sensor_capability,flat_lstm,Flat LSTM,47,36004,7,30,35.97879409790039,121.14995574951172,105.40169296264651,120.34507179260254,120.93672592163087,0.16666666666666666,0.0,11667.8330078125,-755.3571992814541
degraded_sensor,Degraded sensor,sensor_capability,flat_lstm,Flat LSTM,48,36004,8,30,25.51763153076172,115.8695297241211,92.58010101318361,105.02594299316405,113.28783012390137,0.36666666666666664,0.03333333333333333,9586.8330078125,-739.2982884272933
degraded_sensor,Degraded sensor,sensor_capability,flat_lstm,Flat LSTM,49,36004,9,30,50.948097229003906,120.81739044189453,109.38629608154298,119.565327835083,120.66174598693847,0.1,0.0,11582.0048828125,-780.5564072430134
degraded_sensor,Degraded sensor,sensor_capability,pointer_lstm,Attention-LSTM pointer,0,36000,0,30,14.554412841796875,98.11670684814453,56.2300895690918,71.41077766418451,93.2829273223877,0.6666666666666666,0.03333333333333333,6187.33349609375,-670.6995352804661
degraded_sensor,Degraded sensor,sensor_capability,pointer_lstm,Attention-LSTM pointer,1,36000,1,30,9.903291702270508,117.19593811035156,17.823442077636734,41.63457918167107,98.68332927703862,0.7333333333333333,0.0,6715.0,-677.7798809036613
degraded_sensor,Degraded sensor,sensor_capability,pointer_lstm,Attention-LSTM pointer,2,36000,2,30,19.78817367553711,105.9385986328125,53.00696907043462,95.83255958557123,105.48514396667481,0.4666666666666667,0.03333333333333333,7853.517578125,-716.585436232388
degraded_sensor,Degraded sensor,sensor_capability,pointer_lstm,Attention-LSTM pointer,3,36000,3,30,17.804561614990234,115.7608642578125,39.28969764709479,84.35542259216307,107.32417457580569,0.5,0.0,6651.5,-696.6573168411851
degraded_sensor,Degraded sensor,sensor_capability,pointer_lstm,Attention-LSTM pointer,4,36000,4,30,15.710579872131348,114.81646728515625,37.25935592651378,105.82349281311033,112.98813446044923,0.6666666666666666,0.0,6511.72509765625,-700.1299341395497
degraded_sensor,Degraded sensor,sensor_capability,pointer_lstm,Attention-LSTM pointer,5,36000,5,30,22.861637115478516,108.83216857910156,73.39910583496095,82.94821166992186,102.0065971374512,0.4,0.0,8398.3994140625,-734.9355019032955
degraded_sensor,Degraded sensor,sensor_capability,pointer_lstm,Attention-LSTM pointer,6,36000,6,30,13.172385215759277,116.64437103271484,34.9361225128174,81.63841133117657,115.07146751403809,0.7333333333333333,0.0,6936.66650390625,-680.1274849176407
degraded_sensor,Degraded sensor,sensor_capability,pointer_lstm,Attention-LSTM pointer,7,36000,7,30,9.054301261901855,110.85844421386719,11.27144012451173,66.88327713012671,109.37353500366211,0.8333333333333334,0.06666666666666667,6246.5,-643.8926853239536
degraded_sensor,Degraded sensor,sensor_capability,pointer_lstm,Attention-LSTM pointer,8,36000,8,30,19.898061752319336,108.708251953125,97.69720001220705,106.8389362335205,108.50658920288086,0.6666666666666666,0.0,8876.0244140625,-680.3868047371507
degraded_sensor,Degraded sensor,sensor_capability,pointer_lstm,Attention-LSTM pointer,9,36000,9,30,19.921825408935547,103.08389282226562,80.56013259887696,90.72492179870605,99.97455924987794,0.4666666666666667,0.03333333333333333,7229.0,-711.0637723878026
degraded_sensor,Degraded sensor,sensor_capability,pointer_lstm,Attention-LSTM pointer,10,36001,0,30,32.79478073120117,108.32032775878906,103.42481918334961,106.19661674499511,107.86017799377441,0.3333333333333333,0.0,9669.0478515625,-741.1304510682821
degraded_sensor,Degraded sensor,sensor_capability,pointer_lstm,Attention-LSTM pointer,11,36001,1,30,12.594148635864258,115.02285766601562,20.775012397766233,101.29248809814452,111.85920440673829,0.8333333333333334,0.03333333333333333,5944.0,-669.4765536114573
degraded_sensor,Degraded sensor,sensor_capability,pointer_lstm,Attention-LSTM pointer,12,36001,2,30,22.714954376220703,108.63844299316406,104.3298095703125,106.31815910339355,108.13737258911132,0.5,0.0,7395.966796875,-717.3878453820944
degraded_sensor,Degraded sensor,sensor_capability,pointer_lstm,Attention-LSTM pointer,13,36001,3,30,12.127033233642578,116.39659881591797,19.421313667297394,70.17833099365218,110.38896888732911,0.7,0.0,5540.66650390625,-702.247547082603
degraded_sensor,Degraded sensor,sensor_capability,pointer_lstm,Attention-LSTM pointer,14,36001,4,30,12.957565307617188,107.94374084472656,30.532727241516135,77.13215618133528,106.83362663269044,0.6666666666666666,0.0,7474.11865234375,-662.9690750166774
degraded_sensor,Degraded sensor,sensor_capability,pointer_lstm,Attention-LSTM pointer,15,36001,5,30,18.529808044433594,107.29596710205078,79.8122055053711,93.73926696777337,105.96518898010254,0.6,0.0,6396.4814453125,-705.9851958975196
degraded_sensor,Degraded sensor,sensor_capability,pointer_lstm,Attention-LSTM pointer,16,36001,6,30,15.600757598876953,109.07410430908203,30.74350395202645,87.03140029907226,103.1969557952881,0.6333333333333333,0.0,6652.0,-685.7252587080002
degraded_sensor,Degraded sensor,sensor_capability,pointer_lstm,Attention-LSTM pointer,17,36001,7,30,24.41123390197754,120.80706024169922,92.99252929687503,115.40393295288085,119.60840522766114,0.6,0.0,6658.5,-718.1153165251017
degraded_sensor,Degraded sensor,sensor_capability,pointer_lstm,Attention-LSTM pointer,18,36001,8,30,15.727518081665039,111.57464599609375,52.99837875366215,89.84699897766107,107.77726158142092,0.6666666666666666,0.0,5388.16650390625,-687.6854224801064
degraded_sensor,Degraded sensor,sensor_capability,pointer_lstm,Attention-LSTM pointer,19,36001,9,30,22.24075698852539,108.79224395751953,89.7525634765625,100.20680160522456,108.77185997009278,0.6333333333333333,0.0,6158.50146484375,-721.964979082346
degraded_sensor,Degraded sensor,sensor_capability,pointer_lstm,Attention-LSTM pointer,20,36002,0,30,15.010311126708984,118.33451843261719,28.63467674255376,68.53135604858394,105.67153762817387,0.5,0.03333333333333333,6813.83349609375,-708.1923064514995
degraded_sensor,Degraded sensor,sensor_capability,pointer_lstm,Attention-LSTM pointer,21,36002,1,30,4.662912845611572,28.337135314941406,15.950915813446056,22.9181339263916,26.815693454742437,0.8333333333333334,0.06666666666666667,4346.33349609375,-588.5277711004019
degraded_sensor,Degraded sensor,sensor_capability,pointer_lstm,Attention-LSTM pointer,22,36002,2,30,18.398033142089844,103.67162322998047,80.8692352294922,90.93561515808103,100.63943153381348,0.6333333333333333,0.0,7722.33349609375,-687.0870120897889
degraded_sensor,Degraded sensor,sensor_capability,pointer_lstm,Attention-LSTM pointer,23,36002,3,30,8.677077293395996,115.73348999023438,19.99046592712403,32.01175155639645,93.1621456146241,0.8,0.03333333333333333,6252.83349609375,-610.441161043942
degraded_sensor,Degraded sensor,sensor_capability,pointer_lstm,Attention-LSTM pointer,24,36002,4,30,25.03141212463379,110.00660705566406,102.61844940185547,107.10973396301269,109.43319595336914,0.4666666666666667,0.0,10151.9736328125,-701.7563341483474
degraded_sensor,Degraded sensor,sensor_capability,pointer_lstm,Attention-LSTM pointer,25,36002,5,30,12.326764106750488,115.26927947998047,23.107578659057616,60.44015388488751,108.22309059143069,0.6666666666666666,0.03333333333333333,6024.83349609375,-658.9088851287961
degraded_sensor,Degraded sensor,sensor_capability,pointer_lstm,Attention-LSTM pointer,26,36002,6,30,14.769990921020508,102.66709899902344,33.594869613647546,92.87956466674801,101.60107154846192,0.6333333333333333,0.0,6948.0,-667.3983267769217
degraded_sensor,Degraded sensor,sensor_capability,pointer_lstm,Attention-LSTM pointer,27,36002,7,30,36.81957244873047,106.59042358398438,103.93216018676758,105.84306640625,106.53319885253906,0.3333333333333333,0.0,9918.314453125,-760.8712439537048
degraded_sensor,Degraded sensor,sensor_capability,pointer_lstm,Attention-LSTM pointer,28,36002,8,30,9.715914726257324,99.4785385131836,19.12406158447268,65.34290580749496,96.7928436279297,0.8,0.06666666666666667,5891.83349609375,-638.2264340147376
degraded_sensor,Degraded sensor,sensor_capability,pointer_lstm,Attention-LSTM pointer,29,36002,9,30,26.848630905151367,117.06761932373047,109.05562286376954,115.20243453979492,116.55058113098144,0.5,0.03333333333333333,6740.92626953125,-737.2396813109517
degraded_sensor,Degraded sensor,sensor_capability,pointer_lstm,Attention-LSTM pointer,30,36003,0,30,16.088062286376953,107.31380462646484,39.482522201538174,101.206579208374,106.86368423461914,0.5,0.03333333333333333,7346.5,-692.1347749903798
degraded_sensor,Degraded sensor,sensor_capability,pointer_lstm,Attention-LSTM pointer,31,36003,1,30,13.322351455688477,105.0389404296875,36.596743392944425,98.11237144470212,104.14415794372559,0.7666666666666667,0.03333333333333333,5810.83349609375,-652.1783263236284
degraded_sensor,Degraded sensor,sensor_capability,pointer_lstm,Attention-LSTM pointer,32,36003,2,30,18.11635398864746,106.45875549316406,77.5373847961426,99.4282272338867,105.11640144348145,0.5666666666666667,0.03333333333333333,7993.38623046875,-689.1992519572377
degraded_sensor,Degraded sensor,sensor_capability,pointer_lstm,Attention-LSTM pointer,33,36003,3,30,21.160898208618164,121.37144470214844,86.59182128906251,98.18899345397944,116.94531173706056,0.5666666666666667,0.0,7001.4306640625,-714.6898773759604
degraded_sensor,Degraded sensor,sensor_capability,pointer_lstm,Attention-LSTM pointer,34,36003,4,30,13.007960319519043,117.78932189941406,28.499661445617683,79.01522636413551,117.42311813354492,0.7333333333333333,0.0,6236.16650390625,-693.776221729815
degraded_sensor,Degraded sensor,sensor_capability,pointer_lstm,Attention-LSTM pointer,35,36003,5,30,16.038555145263672,108.8542709350586,35.691089248657285,82.94225349426264,103.66146064758303,0.5666666666666667,0.0,7075.716796875,-716.122846275568
degraded_sensor,Degraded sensor,sensor_capability,pointer_lstm,Attention-LSTM pointer,36,36003,6,30,14.192715644836426,88.1080322265625,33.203569412231516,81.98765830993652,86.63888061523438,0.6333333333333333,0.0,5777.66650390625,-709.1887742504478
degraded_sensor,Degraded sensor,sensor_capability,pointer_lstm,Attention-LSTM pointer,37,36003,7,30,2.0609991550445557,21.73651695251465,3.5489153146743813,6.165710282325743,17.2905011367798,0.9,0.03333333333333333,4466.5,-531.414050269872
degraded_sensor,Degraded sensor,sensor_capability,pointer_lstm,Attention-LSTM pointer,38,36003,8,30,17.8167724609375,118.71273040771484,38.53379440307627,110.14043159484861,117.67814514160156,0.6666666666666666,0.03333333333333333,5441.5,-680.2119097113609
degraded_sensor,Degraded sensor,sensor_capability,pointer_lstm,Attention-LSTM pointer,39,36003,9,30,16.89812660217285,119.7259750366211,61.05064659118659,105.31323928833007,115.80094345092775,0.7,0.0,6559.16650390625,-680.4806383624673
degraded_sensor,Degraded sensor,sensor_capability,pointer_lstm,Attention-LSTM pointer,40,36004,0,30,31.83127784729004,117.43815612792969,104.67524108886721,116.54086227416992,117.29134185791015,0.43333333333333335,0.03333333333333333,8263.5,-712.8794266283512
degraded_sensor,Degraded sensor,sensor_capability,pointer_lstm,Attention-LSTM pointer,41,36004,1,30,30.028310775756836,114.48603057861328,106.39539413452148,108.42899856567382,112.81889343261719,0.36666666666666664,0.0,9737.380859375,-710.6054009869695
degraded_sensor,Degraded sensor,sensor_capability,pointer_lstm,Attention-LSTM pointer,42,36004,2,30,36.8227424621582,119.58506774902344,103.78720245361329,113.22268409729001,119.06256240844726,0.43333333333333335,0.0,6380.111328125,-774.3340594097972
degraded_sensor,Degraded sensor,sensor_capability,pointer_lstm,Attention-LSTM pointer,43,36004,3,30,11.64234447479248,118.60132598876953,26.82262020111084,71.73042984008765,115.62845649719239,0.8,0.0,6157.76708984375,-680.2906894385815
degraded_sensor,Degraded sensor,sensor_capability,pointer_lstm,Attention-LSTM pointer,44,36004,4,30,26.814666748046875,113.98883056640625,97.0312469482422,110.65246391296385,113.48872039794922,0.43333333333333335,0.0,8530.7841796875,-751.7281608507037
degraded_sensor,Degraded sensor,sensor_capability,pointer_lstm,Attention-LSTM pointer,45,36004,5,30,6.212008476257324,47.88043212890625,13.966273689270029,22.899195480346663,41.483206520080586,0.7,0.0,5475.0,-660.4397119879723
degraded_sensor,Degraded sensor,sensor_capability,pointer_lstm,Attention-LSTM pointer,46,36004,6,30,21.25054168701172,107.64926147460938,87.25714645385744,105.84878425598144,107.31424987792968,0.5666666666666667,0.06666666666666667,8022.92724609375,-708.757075086236
degraded_sensor,Degraded sensor,sensor_capability,pointer_lstm,Attention-LSTM pointer,47,36004,7,30,14.736714363098145,105.20381164550781,55.51248054504398,89.87131462097162,103.87885467529297,0.7333333333333333,0.03333333333333333,6843.85009765625,-686.9525081515312
degraded_sensor,Degraded sensor,sensor_capability,pointer_lstm,Attention-LSTM pointer,48,36004,8,30,8.380105972290039,43.25446701049805,27.125389862060548,34.7515924453735,42.419175987243655,0.7,0.0,5726.66650390625,-655.5221077427268
degraded_sensor,Degraded sensor,sensor_capability,pointer_lstm,Attention-LSTM pointer,49,36004,9,30,6.628712177276611,108.3331069946289,13.53138322830201,20.268204212188714,83.07668502807624,0.8333333333333334,0.03333333333333333,6081.6396484375,-634.6752313748002
noisy_measurements,Measurement noise 100 m,estimation,random_feasible,Random feasible,0,37000,0,30,26.63784408569336,114.48735046386719,105.85796966552735,107.12420349121093,112.56633056640625,0.5333333333333333,0.06666666666666667,5858.02685546875,-736.759657472372
noisy_measurements,Measurement noise 100 m,estimation,random_feasible,Random feasible,1,37000,1,30,28.016687393188477,108.9352035522461,107.95484848022461,108.76802024841308,108.91596122741699,0.6,0.0,7712.48876953125,-740.7599498778582
noisy_measurements,Measurement noise 100 m,estimation,random_feasible,Random feasible,2,37000,2,30,42.17892837524414,119.46600341796875,107.87791061401367,110.02818222045897,117.0727865600586,0.5,0.0,8020.189453125,-756.4348792284727
noisy_measurements,Measurement noise 100 m,estimation,random_feasible,Random feasible,3,37000,3,30,43.840576171875,117.2916488647461,107.5325828552246,107.78098907470704,114.53715774536134,0.4666666666666667,0.0,9507.919921875,-762.4001297429204
noisy_measurements,Measurement noise 100 m,estimation,random_feasible,Random feasible,4,37000,4,30,40.26389694213867,117.02305603027344,108.86383438110352,112.76183891296385,116.48875350952149,0.5,0.03333333333333333,7795.6474609375,-768.5187554582953
noisy_measurements,Measurement noise 100 m,estimation,random_feasible,Random feasible,5,37000,5,30,32.22019958496094,108.37876892089844,104.80765380859376,107.25678672790528,108.07366622924805,0.6,0.03333333333333333,8019.2255859375,-738.2692348957062
noisy_measurements,Measurement noise 100 m,estimation,random_feasible,Random feasible,6,37000,6,30,33.01552200317383,113.71622467041016,105.91632690429688,107.0320369720459,111.7954857635498,0.5333333333333333,0.0,7319.25537109375,-734.6189008876681
noisy_measurements,Measurement noise 100 m,estimation,random_feasible,Random feasible,7,37000,7,30,37.06619644165039,119.23197174072266,114.18226928710938,118.16196174621582,119.08680801391601,0.5666666666666667,0.0,8322.3173828125,-763.8647161945701
noisy_measurements,Measurement noise 100 m,estimation,random_feasible,Random feasible,8,37000,8,30,36.803714752197266,118.57817077636719,108.48807525634766,110.8485237121582,116.7859375,0.5666666666666667,0.0,7230.92236328125,-749.574506059289
noisy_measurements,Measurement noise 100 m,estimation,random_feasible,Random feasible,9,37000,9,30,50.670570373535156,119.61363983154297,108.78111267089844,112.46794357299802,118.41058410644531,0.4666666666666667,0.03333333333333333,9688.466796875,-791.7973479554057
noisy_measurements,Measurement noise 100 m,estimation,random_feasible,Random feasible,10,37001,0,30,30.530681610107422,107.22886657714844,102.9509521484375,103.91782073974609,106.33741394042968,0.5666666666666667,0.0,6170.43994140625,-753.6916948482394
noisy_measurements,Measurement noise 100 m,estimation,random_feasible,Random feasible,11,37001,1,30,40.07798767089844,117.93222045898438,109.49257049560548,115.25260086059569,117.46055007934571,0.6,0.0,8415.0234375,-756.5740881860256
noisy_measurements,Measurement noise 100 m,estimation,random_feasible,Random feasible,12,37001,2,30,33.92280578613281,120.60384368896484,108.1070655822754,114.65260887145993,120.38337226867675,0.5333333333333333,0.0,6878.13720703125,-764.761141076684
noisy_measurements,Measurement noise 100 m,estimation,random_feasible,Random feasible,13,37001,3,30,44.122737884521484,109.22538757324219,107.94208984375,108.79543266296386,109.10335800170898,0.36666666666666664,0.0,10299.7666015625,-762.8352599218488
noisy_measurements,Measurement noise 100 m,estimation,random_feasible,Random feasible,14,37001,4,30,39.859375,118.69254302978516,107.46982116699219,108.99207496643066,115.90281967163087,0.4,0.0,8669.0712890625,-760.5429580062628
noisy_measurements,Measurement noise 100 m,estimation,random_feasible,Random feasible,15,37001,5,30,51.01139450073242,119.28910827636719,108.19402389526367,113.0556888580322,118.60592277526855,0.43333333333333335,0.0,9467.677734375,-767.5624113231897
noisy_measurements,Measurement noise 100 m,estimation,random_feasible,Random feasible,16,37001,6,30,35.59629440307617,119.95401000976562,108.19081115722656,108.49872970581055,116.6851954650879,0.5333333333333333,0.03333333333333333,8236.515625,-746.0445351824164
noisy_measurements,Measurement noise 100 m,estimation,random_feasible,Random feasible,17,37001,7,30,39.92814254760742,120.23900604248047,106.66349487304687,115.02878799438473,120.20302375793457,0.6,0.0,8437.685546875,-756.0579909905791
noisy_measurements,Measurement noise 100 m,estimation,random_feasible,Random feasible,18,37001,8,30,30.412113189697266,119.31352996826172,106.73257980346679,107.91152076721191,116.08298103332521,0.6,0.0,7533.55224609375,-719.7623656019568
noisy_measurements,Measurement noise 100 m,estimation,random_feasible,Random feasible,19,37001,9,30,36.703853607177734,121.29852294921875,107.36419296264648,108.2869743347168,117.55610427856446,0.5666666666666667,0.03333333333333333,7777.69775390625,-759.7181600928307
noisy_measurements,Measurement noise 100 m,estimation,random_feasible,Random feasible,20,37002,0,30,31.98433494567871,108.60435485839844,94.90156097412111,105.16536712646484,107.92364074707031,0.3333333333333333,0.0,7188.90966796875,-784.4393025189638
noisy_measurements,Measurement noise 100 m,estimation,random_feasible,Random feasible,21,37002,1,30,32.50308609008789,119.23664093017578,109.13971633911133,114.65405464172362,118.42523742675782,0.6333333333333333,0.0,7704.80615234375,-744.7656819671392
noisy_measurements,Measurement noise 100 m,estimation,random_feasible,Random feasible,22,37002,2,30,36.53567886352539,120.43184661865234,109.43131790161134,118.20300216674804,120.28041038513183,0.4666666666666667,0.0,8606.1455078125,-754.8242855295539
noisy_measurements,Measurement noise 100 m,estimation,random_feasible,Random feasible,23,37002,3,30,22.982013702392578,119.60675048828125,108.35687713623048,116.99380760192871,119.16548683166504,0.6,0.0,6518.91162109375,-709.8539004400373
noisy_measurements,Measurement noise 100 m,estimation,random_feasible,Random feasible,24,37002,4,30,34.687686920166016,119.64169311523438,105.74988403320313,108.90235290527343,116.56072189331056,0.5333333333333333,0.0,7318.58837890625,-750.4237005189061
noisy_measurements,Measurement noise 100 m,estimation,random_feasible,Random feasible,25,37002,5,30,39.66592025756836,121.1637954711914,109.56401138305665,120.23548545837401,121.03477210998535,0.5,0.0,6578.5576171875,-773.000370182097
noisy_measurements,Measurement noise 100 m,estimation,random_feasible,Random feasible,26,37002,6,30,31.79458236694336,117.28260803222656,108.06574783325195,113.08868751525877,117.2429330444336,0.5666666666666667,0.0,6595.3603515625,-739.5658270865679
noisy_measurements,Measurement noise 100 m,estimation,random_feasible,Random feasible,27,37002,7,30,43.88826370239258,120.72189331054688,109.64110565185548,119.7485523223877,120.47265464782716,0.4,0.0,8665.0400390625,-784.0962450578809
noisy_measurements,Measurement noise 100 m,estimation,random_feasible,Random feasible,28,37002,8,30,25.17433738708496,108.49603271484375,103.78881149291992,106.8133773803711,108.24815032958985,0.6,0.0,6996.68701171875,-716.2678715214133
noisy_measurements,Measurement noise 100 m,estimation,random_feasible,Random feasible,29,37002,9,30,31.60297203063965,119.22178649902344,106.58766098022461,108.24731636047363,116.10557418823242,0.6333333333333333,0.0,8997.0869140625,-731.2057491317391
noisy_measurements,Measurement noise 100 m,estimation,random_feasible,Random feasible,30,37003,0,30,34.721065521240234,118.40489196777344,108.6532196044922,114.99058570861814,118.2870905303955,0.5333333333333333,0.0,8025.44580078125,-760.0247754454613
noisy_measurements,Measurement noise 100 m,estimation,random_feasible,Random feasible,31,37003,1,30,54.92617416381836,121.46744537353516,109.70689086914064,116.72475624084473,120.17322479248047,0.43333333333333335,0.0,8888.625,-787.3086677640676
noisy_measurements,Measurement noise 100 m,estimation,random_feasible,Random feasible,32,37003,2,30,30.973325729370117,107.68802642822266,104.75170059204102,106.73158378601073,107.64046379089355,0.5,0.0,8508.9580078125,-719.3913549855351
noisy_measurements,Measurement noise 100 m,estimation,random_feasible,Random feasible,33,37003,3,30,39.829994201660156,118.9388656616211,108.45887069702148,108.80126991271973,116.03927719116211,0.5,0.0,9917.923828125,-757.119222022593
noisy_measurements,Measurement noise 100 m,estimation,random_feasible,Random feasible,34,37003,4,30,30.74694061279297,119.35713195800781,106.15826416015625,108.50525093078613,116.31436439514161,0.5666666666666667,0.0,7700.3671875,-754.3858852609992
noisy_measurements,Measurement noise 100 m,estimation,random_feasible,Random feasible,35,37003,5,30,33.7790641784668,115.59841918945312,107.02817001342774,108.23971557617188,113.50965675354004,0.5,0.0,8453.8173828125,-758.936170078814
noisy_measurements,Measurement noise 100 m,estimation,random_feasible,Random feasible,36,37003,6,30,27.388938903808594,119.93604278564453,94.68102035522463,113.38248939514156,119.72622467041016,0.5,0.03333333333333333,6670.87939453125,-740.2507543861866
noisy_measurements,Measurement noise 100 m,estimation,random_feasible,Random feasible,37,37003,7,30,29.199853897094727,121.76390075683594,109.96344070434571,114.693452835083,120.18031959533693,0.5333333333333333,0.0,4939.11669921875,-750.7249946966767
noisy_measurements,Measurement noise 100 m,estimation,random_feasible,Random feasible,38,37003,8,30,29.695180892944336,120.1507797241211,105.75754241943359,107.7218116760254,116.5970827484131,0.5,0.0,8767.8115234375,-741.4217865243554
noisy_measurements,Measurement noise 100 m,estimation,random_feasible,Random feasible,39,37003,9,30,33.39406967163086,120.43988037109375,116.06717071533203,118.29472465515136,120.27507385253907,0.5666666666666667,0.0,6748.29541015625,-746.7292189449072
noisy_measurements,Measurement noise 100 m,estimation,random_feasible,Random feasible,40,37004,0,30,33.955081939697266,119.75386810302734,106.28557739257812,107.30845336914062,116.3735467529297,0.5666666666666667,0.03333333333333333,8902.927734375,-712.7377779707313
noisy_measurements,Measurement noise 100 m,estimation,random_feasible,Random feasible,41,37004,1,30,29.92274284362793,108.6555404663086,107.52367477416992,107.90292472839356,108.50372367858887,0.6,0.0,8244.9365234375,-724.3619007766247
noisy_measurements,Measurement noise 100 m,estimation,random_feasible,Random feasible,42,37004,2,30,26.925392150878906,108.8783187866211,102.36611557006836,107.17998847961425,108.73210411071777,0.6333333333333333,0.0,8322.427734375,-704.5170904770494
noisy_measurements,Measurement noise 100 m,estimation,random_feasible,Random feasible,43,37004,3,30,36.24612808227539,119.47886657714844,106.18020172119141,112.86332054138181,118.52900550842286,0.6333333333333333,0.0,7025.02001953125,-731.7647936195135
noisy_measurements,Measurement noise 100 m,estimation,random_feasible,Random feasible,44,37004,4,30,39.82255554199219,109.14509582519531,108.55452423095703,108.73906288146972,109.06372581481934,0.5,0.03333333333333333,8672.2783203125,-763.108927950263
noisy_measurements,Measurement noise 100 m,estimation,random_feasible,Random feasible,45,37004,5,30,41.551307678222656,121.00045013427734,118.21089935302734,119.9946922302246,120.82760551452637,0.5666666666666667,0.0,7876.0615234375,-751.1127104461193
noisy_measurements,Measurement noise 100 m,estimation,random_feasible,Random feasible,46,37004,6,30,40.32904815673828,114.99156951904297,106.67932739257813,108.06249046325684,113.09564407348634,0.4666666666666667,0.0,9906.71484375,-758.9710946679115
noisy_measurements,Measurement noise 100 m,estimation,random_feasible,Random feasible,47,37004,7,30,22.881227493286133,108.87261962890625,107.26101531982422,108.52723197937011,108.77496322631836,0.5666666666666667,0.03333333333333333,7986.80712890625,-702.8550452142954
noisy_measurements,Measurement noise 100 m,estimation,random_feasible,Random feasible,48,37004,8,30,32.71459197998047,119.62289428710938,109.15308151245118,117.21401786804198,119.6145597076416,0.6333333333333333,0.0,7963.10791015625,-740.2705890759826
noisy_measurements,Measurement noise 100 m,estimation,random_feasible,Random feasible,49,37004,9,30,44.66610336303711,121.16780090332031,110.37508926391602,118.87154502868651,120.97655914306641,0.43333333333333335,0.0,8766.3037109375,-780.4728096872568
noisy_measurements,Measurement noise 100 m,estimation,oldest_first,Oldest first,0,37000,0,30,2.2156457901000977,5.036308288574219,4.543909645080566,4.8266042232513415,5.032874727249146,0.9333333333333333,0.0,2438.333251953125,-127.70291084144264
noisy_measurements,Measurement noise 100 m,estimation,oldest_first,Oldest first,1,37000,1,30,3.7424778938293457,28.61865234375,5.422249555587769,16.618837928771917,27.670963420867924,0.8666666666666667,0.03333333333333333,2920.166748046875,-533.41144040972
noisy_measurements,Measurement noise 100 m,estimation,oldest_first,Oldest first,2,37000,2,30,4.414757251739502,22.918270111083984,8.313467121124287,21.103537940979,22.625886116027832,0.8333333333333334,0.0,2555.666748046875,-597.7790046781301
noisy_measurements,Measurement noise 100 m,estimation,oldest_first,Oldest first,3,37000,3,30,4.7664103507995605,27.040746688842773,7.834521484375029,25.89860610961914,26.713450717926026,0.8666666666666667,0.0,2979.833251953125,-549.2437711656094
noisy_measurements,Measurement noise 100 m,estimation,oldest_first,Oldest first,4,37000,4,30,3.1022555828094482,31.247215270996094,2.9877763509750372,14.92181043624872,29.252816448211675,0.9333333333333333,0.0,3006.0,-516.5504764579237
noisy_measurements,Measurement noise 100 m,estimation,oldest_first,Oldest first,5,37000,5,30,2.878232479095459,26.040695190429688,3.9806012153625496,5.538898468017573,20.3407754135132,0.9333333333333333,0.0,2763.333251953125,-458.8052563071251
noisy_measurements,Measurement noise 100 m,estimation,oldest_first,Oldest first,6,37000,6,30,1.7009036540985107,5.046450138092041,3.594925594329834,3.7549488782882685,4.689067153930665,0.9666666666666667,0.0,2473.666748046875,-11.906150541268289
noisy_measurements,Measurement noise 100 m,estimation,oldest_first,Oldest first,7,37000,7,30,1.2191767692565918,2.522705316543579,1.8582031488418582,2.2348003268241876,2.4757436561584476,1.0,0.0,3035.833251953125,950.0921960100532
noisy_measurements,Measurement noise 100 m,estimation,oldest_first,Oldest first,8,37000,8,30,2.2873194217681885,25.016475677490234,2.4388913154602068,4.127175164222714,19.097036972045917,0.9666666666666667,0.0,2458.666748046875,-468.75955777056515
noisy_measurements,Measurement noise 100 m,estimation,oldest_first,Oldest first,9,37000,9,30,1.766545057296753,3.780029773712158,3.2734915733337404,3.5401677846908557,3.7613062858581543,1.0,0.0,3232.0,745.7419502101839
noisy_measurements,Measurement noise 100 m,estimation,oldest_first,Oldest first,10,37001,0,30,1.3498270511627197,4.039738655090332,2.34861912727356,2.737909686565398,3.7221132135391244,1.0,0.0,2567.166748046875,371.98317568562925
noisy_measurements,Measurement noise 100 m,estimation,oldest_first,Oldest first,11,37001,1,30,3.5268704891204834,25.801504135131836,5.87006673812868,17.76601333618164,23.55901992797852,0.9,0.0,3062.0,-597.6884962022305
noisy_measurements,Measurement noise 100 m,estimation,oldest_first,Oldest first,12,37001,2,30,3.0767736434936523,27.474037170410156,4.382136297225954,7.134329771995537,21.895997619628922,0.9,0.0,2192.833251953125,-471.8426243253052
noisy_measurements,Measurement noise 100 m,estimation,oldest_first,Oldest first,13,37001,3,30,4.470046520233154,39.33824920654297,9.367650413513198,19.4113673210144,33.811266975402845,0.8333333333333334,0.0,2256.166748046875,-605.0180289894342
noisy_measurements,Measurement noise 100 m,estimation,oldest_first,Oldest first,14,37001,4,30,4.067871570587158,26.835067749023438,5.719143486022978,24.215429019927978,26.123627758026124,0.9,0.0,2292.0,-555.236084125936
noisy_measurements,Measurement noise 100 m,estimation,oldest_first,Oldest first,15,37001,5,30,8.653834342956543,83.7706298828125,24.967890167236334,51.74263038635242,80.11527183532716,0.8,0.03333333333333333,2818.166748046875,-606.453433662653
noisy_measurements,Measurement noise 100 m,estimation,oldest_first,Oldest first,16,37001,6,30,3.3462934494018555,23.51937484741211,3.951780390739441,12.863253211975053,22.53649406433106,0.9333333333333333,0.03333333333333333,2752.5,-551.0400281399488
noisy_measurements,Measurement noise 100 m,estimation,oldest_first,Oldest first,17,37001,7,30,6.853808403015137,63.37709045410156,8.94773616790774,44.783918571472064,62.760758590698245,0.8666666666666667,0.0,2480.5,-627.3161347731948
noisy_measurements,Measurement noise 100 m,estimation,oldest_first,Oldest first,18,37001,8,30,2.3201098442077637,4.784500598907471,3.7379395484924327,4.404904627799987,4.687190594673157,1.0,0.0,2463.0,-276.98064797371626
noisy_measurements,Measurement noise 100 m,estimation,oldest_first,Oldest first,19,37001,9,30,1.631130576133728,4.5347747802734375,2.9774479389190676,3.6195891618728613,4.392147989273072,1.0,0.0,2654.333251953125,216.151300733909
noisy_measurements,Measurement noise 100 m,estimation,oldest_first,Oldest first,20,37002,0,30,2.6079046726226807,19.54075813293457,3.731539201736451,5.278663897514337,15.674066667556774,0.9333333333333333,0.0,2654.666748046875,-501.9002255909145
noisy_measurements,Measurement noise 100 m,estimation,oldest_first,Oldest first,21,37002,1,30,2.2234039306640625,25.290599822998047,2.657870554924011,3.178960311412809,18.99341405868532,0.9666666666666667,0.0,2694.833251953125,-474.8508249633014
noisy_measurements,Measurement noise 100 m,estimation,oldest_first,Oldest first,22,37002,2,30,2.1429171562194824,7.234485626220703,4.094688558578492,4.639136505126952,6.513509793281557,0.9666666666666667,0.0,2961.0,-106.18201393447816
noisy_measurements,Measurement noise 100 m,estimation,oldest_first,Oldest first,23,37002,3,30,2.5962607860565186,24.11878204345703,3.176318693161011,3.3336784362792966,18.10141258239748,0.9666666666666667,0.0,2480.0,-486.84419341757894
noisy_measurements,Measurement noise 100 m,estimation,oldest_first,Oldest first,24,37002,4,30,2.8942205905914307,24.74810028076172,5.624968433380128,6.477497959136962,19.477931289672867,0.8666666666666667,0.0,2452.0,-454.55034348741174
noisy_measurements,Measurement noise 100 m,estimation,oldest_first,Oldest first,25,37002,5,30,1.2889201641082764,2.6016058921813965,2.1417706966400147,2.389544856548308,2.5892092561721802,1.0,0.0,2986.333251953125,571.7628367450088
noisy_measurements,Measurement noise 100 m,estimation,oldest_first,Oldest first,26,37002,6,30,2.23641037940979,23.686777114868164,2.8275887489318854,3.3784272789955128,17.854281768798845,0.9666666666666667,0.03333333333333333,3017.5,-472.2372920718044
noisy_measurements,Measurement noise 100 m,estimation,oldest_first,Oldest first,27,37002,7,30,3.5029447078704834,24.90325927734375,4.760810804367066,15.564859485626165,24.749280853271486,0.9333333333333333,0.03333333333333333,3542.333251953125,-530.2620793022215
noisy_measurements,Measurement noise 100 m,estimation,oldest_first,Oldest first,28,37002,8,30,3.309574842453003,23.726970672607422,4.9422453403472915,15.677133560180614,23.669502563476563,0.9,0.0,2774.666748046875,-536.5603970065713
noisy_measurements,Measurement noise 100 m,estimation,oldest_first,Oldest first,29,37002,9,30,3.026542901992798,25.83611297607422,4.410789585113525,12.278395366668661,23.770285568237313,0.9333333333333333,0.0,2333.666748046875,-558.8485190421343
noisy_measurements,Measurement noise 100 m,estimation,oldest_first,Oldest first,30,37003,0,30,1.687196969985962,5.430131912231445,2.480438876152039,3.881647253036493,5.260019068717957,0.9666666666666667,0.0,2727.5,310.8068313198164
noisy_measurements,Measurement noise 100 m,estimation,oldest_first,Oldest first,31,37003,1,30,2.040552854537964,5.015622138977051,3.488383412361145,3.7199026465415943,4.6840237069129955,0.9666666666666667,0.0,2989.333251953125,-60.48170088417828
noisy_measurements,Measurement noise 100 m,estimation,oldest_first,Oldest first,32,37003,2,30,2.5911951065063477,6.1233673095703125,5.36232967376709,5.5935722351074215,5.997111954689026,0.8666666666666667,0.0,2576.5,-191.29166028648615
noisy_measurements,Measurement noise 100 m,estimation,oldest_first,Oldest first,33,37003,3,30,2.129777193069458,7.98188591003418,3.4133891820907603,4.151300358772277,6.911512784957889,0.9666666666666667,0.0,3176.333251953125,-22.032374629750848
noisy_measurements,Measurement noise 100 m,estimation,oldest_first,Oldest first,34,37003,4,30,2.323465585708618,6.586672782897949,4.172984170913698,5.52016189098358,6.362029924392701,0.9,0.0,3158.5,-126.5735209658742
noisy_measurements,Measurement noise 100 m,estimation,oldest_first,Oldest first,35,37003,5,30,3.759861469268799,41.54764938354492,3.7739173173904423,16.173968601226747,37.04498077392579,0.9333333333333333,0.0,3118.666748046875,-524.7609090283513
noisy_measurements,Measurement noise 100 m,estimation,oldest_first,Oldest first,36,37003,6,30,3.4599263668060303,27.428203582763672,4.175425481796265,16.58550167083734,27.139650020599365,0.9333333333333333,0.0,3034.833251953125,-508.93385453522205
noisy_measurements,Measurement noise 100 m,estimation,oldest_first,Oldest first,37,37003,7,30,1.9272888898849487,6.296244144439697,3.669560670852661,3.9506224989891043,5.649303112030031,0.9666666666666667,0.0,2520.166748046875,-148.69658924546093
noisy_measurements,Measurement noise 100 m,estimation,oldest_first,Oldest first,38,37003,8,30,1.7547260522842407,4.338813781738281,2.8926709651947022,3.1179126501083365,4.029529004096986,1.0,0.0,3108.5,145.26508153788745
noisy_measurements,Measurement noise 100 m,estimation,oldest_first,Oldest first,39,37003,9,30,1.7961798906326294,5.1332106590271,3.130941891670227,3.4671442866325366,4.715122849941255,0.9666666666666667,0.0,2584.833251953125,-155.37492761947215
noisy_measurements,Measurement noise 100 m,estimation,oldest_first,Oldest first,40,37004,0,30,9.952332496643066,88.38719177246094,26.261384773254395,58.74352512359603,87.37424942016602,0.8333333333333334,0.0,3287.333251953125,-634.4261781871319
noisy_measurements,Measurement noise 100 m,estimation,oldest_first,Oldest first,41,37004,1,30,1.7731328010559082,11.3695650100708,2.0603035807609573,3.363070297241209,9.132528591156012,0.9666666666666667,0.0,2936.666748046875,-368.29288000799716
noisy_measurements,Measurement noise 100 m,estimation,oldest_first,Oldest first,42,37004,2,30,2.2359657287597656,7.4708251953125,3.7119468212127686,4.527285218238826,6.809743089675905,0.9333333333333333,0.0,2940.833251953125,-7.637417355552316
noisy_measurements,Measurement noise 100 m,estimation,oldest_first,Oldest first,43,37004,3,30,2.764130115509033,24.363483428955078,3.5450719594955453,10.710471010208096,22.00463537216187,0.9333333333333333,0.0,3341.5,-546.9967931136489
noisy_measurements,Measurement noise 100 m,estimation,oldest_first,Oldest first,44,37004,4,30,4.219933032989502,25.338014602661133,6.474195766449003,24.60920886993408,25.18851930618286,0.9,0.0,2758.0,-570.1546689607203
noisy_measurements,Measurement noise 100 m,estimation,oldest_first,Oldest first,45,37004,5,30,3.323329210281372,40.022422790527344,3.545016956329346,4.028892326354978,29.69447166442874,0.9666666666666667,0.0,2393.833251953125,-493.45611038431525
noisy_measurements,Measurement noise 100 m,estimation,oldest_first,Oldest first,46,37004,6,30,2.407320976257324,7.145092487335205,6.374788761138916,6.671461224555969,7.014571661949158,0.8666666666666667,0.03333333333333333,2483.5,-80.78028515912592
noisy_measurements,Measurement noise 100 m,estimation,oldest_first,Oldest first,47,37004,7,30,2.447767496109009,20.545246124267578,3.6536110162735005,5.13880820274353,16.11542847633363,0.9333333333333333,0.0,2688.666748046875,-484.76657631620765
noisy_measurements,Measurement noise 100 m,estimation,oldest_first,Oldest first,48,37004,8,30,4.122246265411377,62.2335205078125,4.971973180770874,5.361422467231749,45.79103469848638,0.9,0.0,3436.333251953125,-482.09849470853806
noisy_measurements,Measurement noise 100 m,estimation,oldest_first,Oldest first,49,37004,9,30,2.5082037448883057,26.385074615478516,3.439977788925171,3.595632112026214,19.802979316711443,0.9666666666666667,0.0,2788.333251953125,-442.9151297993958
noisy_measurements,Measurement noise 100 m,estimation,max_uncertainty_greedy,Max-U greedy,0,37000,0,30,1.5063152313232422,3.481811046600342,2.5241233587265017,2.6374952316284177,3.253829765319825,1.0,0.0,3790.5,175.17682401649654
noisy_measurements,Measurement noise 100 m,estimation,max_uncertainty_greedy,Max-U greedy,1,37000,1,30,1.4143636226654053,3.535761594772339,2.738549947738648,3.097079360485077,3.4104758095741277,1.0,0.0,3826.666748046875,209.92182938754559
noisy_measurements,Measurement noise 100 m,estimation,max_uncertainty_greedy,Max-U greedy,2,37000,2,30,3.2085375785827637,19.03441619873047,6.103213453292848,11.734941387176487,18.108199548721316,0.8666666666666667,0.0,3587.166748046875,-509.8301479490474
noisy_measurements,Measurement noise 100 m,estimation,max_uncertainty_greedy,Max-U greedy,3,37000,3,30,1.5093733072280884,2.731086015701294,2.269398951530457,2.547827994823455,2.7068131709098817,1.0,0.0,3926.0,354.1974163111299
noisy_measurements,Measurement noise 100 m,estimation,max_uncertainty_greedy,Max-U greedy,4,37000,4,30,1.3161684274673462,2.8823890686035156,2.0955612659454346,2.211020159721374,2.709060735702515,1.0,0.0,3888.5,222.13034534081817
noisy_measurements,Measurement noise 100 m,estimation,max_uncertainty_greedy,Max-U greedy,5,37000,5,30,1.6603357791900635,2.972529888153076,2.5022053003311155,2.62502737045288,2.8992292308807377,1.0,0.0,3372.833251953125,337.5389716010541
noisy_measurements,Measurement noise 100 m,estimation,max_uncertainty_greedy,Max-U greedy,6,37000,6,30,1.3220133781433105,2.5134575366973877,2.2405519962310794,2.3261327743530273,2.45989315032959,1.0,0.0,3321.0,0.767029857262969
noisy_measurements,Measurement noise 100 m,estimation,max_uncertainty_greedy,Max-U greedy,7,37000,7,30,1.1281986236572266,1.9839141368865967,1.7130542159080508,1.9074053525924681,1.9649990582466126,1.0,0.0,4648.16650390625,1283.5159915238619
noisy_measurements,Measurement noise 100 m,estimation,max_uncertainty_greedy,Max-U greedy,8,37000,8,30,1.6360054016113281,10.856058120727539,2.56138496398926,3.907953703403472,8.884788475036627,0.9666666666666667,0.0,4492.5,-224.01020005345345
noisy_measurements,Measurement noise 100 m,estimation,max_uncertainty_greedy,Max-U greedy,9,37000,9,30,1.3192120790481567,2.4429218769073486,2.0524328231811526,2.2857838511466975,2.4255904817581175,1.0,0.0,3966.166748046875,750.6654844973236
noisy_measurements,Measurement noise 100 m,estimation,max_uncertainty_greedy,Max-U greedy,10,37001,0,30,1.1319576501846313,2.685769557952881,1.8966206550598146,2.038755404949188,2.5140814661979682,1.0,0.0,3726.0,187.99822003394365
noisy_measurements,Measurement noise 100 m,estimation,max_uncertainty_greedy,Max-U greedy,11,37001,1,30,1.316863775253296,2.7489523887634277,2.1217236042022707,2.2731911540031433,2.613375668525696,1.0,0.0,3039.833251953125,250.4552213922143
noisy_measurements,Measurement noise 100 m,estimation,max_uncertainty_greedy,Max-U greedy,12,37001,2,30,1.4638479948043823,4.332056999206543,2.3307369709014893,2.4561911463737487,3.794739015102388,1.0,0.0,3028.5,-108.3843416813761
noisy_measurements,Measurement noise 100 m,estimation,max_uncertainty_greedy,Max-U greedy,13,37001,3,30,1.270949125289917,4.033781051635742,2.1672152519226078,2.6358434200286847,3.7096819019317637,1.0,0.0,3315.333251953125,60.16581421531737
noisy_measurements,Measurement noise 100 m,estimation,max_uncertainty_greedy,Max-U greedy,14,37001,4,30,1.2546155452728271,2.3166680335998535,1.9887868881225588,2.119203126430511,2.279575822353363,1.0,0.0,3220.166748046875,148.92945891804993
noisy_measurements,Measurement noise 100 m,estimation,max_uncertainty_greedy,Max-U greedy,15,37001,5,30,1.4276716709136963,3.4271416664123535,2.571038055419922,2.7557436466217036,3.2581290006637578,1.0,0.0,3346.833251953125,-117.62299473397434
noisy_measurements,Measurement noise 100 m,estimation,max_uncertainty_greedy,Max-U greedy,16,37001,6,30,1.6296844482421875,3.264298915863037,2.5013474464416503,2.561031663417816,3.072533547878266,1.0,0.03333333333333333,3143.0,299.77714782767
noisy_measurements,Measurement noise 100 m,estimation,max_uncertainty_greedy,Max-U greedy,17,37001,7,30,1.2458316087722778,2.9016666412353516,2.4322777032852176,2.666244375705719,2.8462621259689334,1.0,0.0,2965.666748046875,96.46978073008358
noisy_measurements,Measurement noise 100 m,estimation,max_uncertainty_greedy,Max-U greedy,18,37001,8,30,1.69441819190979,5.726391792297363,3.944330739974976,4.626100468635556,5.5328773546218875,0.9333333333333333,0.0,4222.33349609375,-93.57479411549866
noisy_measurements,Measurement noise 100 m,estimation,max_uncertainty_greedy,Max-U greedy,19,37001,9,30,1.4088479280471802,3.3020129203796387,2.521903562545776,2.9452637195587137,3.2938768458366394,1.0,0.0,3877.333251953125,592.451945958659
noisy_measurements,Measurement noise 100 m,estimation,max_uncertainty_greedy,Max-U greedy,20,37002,0,30,1.5478070974349976,3.9783520698547363,2.25622353553772,3.061310017108913,3.903398587703705,1.0,0.0,3817.833251953125,0.6593477725982666
noisy_measurements,Measurement noise 100 m,estimation,max_uncertainty_greedy,Max-U greedy,21,37002,1,30,1.2745165824890137,2.8665688037872314,2.076602625846863,2.196314167976379,2.6780127716064457,1.0,0.0,3782.666748046875,167.12595438957214
noisy_measurements,Measurement noise 100 m,estimation,max_uncertainty_greedy,Max-U greedy,22,37002,2,30,1.5030059814453125,3.4702200889587402,2.226892638206482,2.46622747182846,3.2108872675895697,1.0,0.0,4088.166748046875,272.9445494376123
noisy_measurements,Measurement noise 100 m,estimation,max_uncertainty_greedy,Max-U greedy,23,37002,3,30,1.6019617319107056,3.439980983734131,2.6245759725570688,3.1583977222442625,3.3705315709114076,1.0,0.0,3851.833251953125,175.36737332493067
noisy_measurements,Measurement noise 100 m,estimation,max_uncertainty_greedy,Max-U greedy,24,37002,4,30,1.01530921459198,1.8597187995910645,1.8358690738677979,1.8520881831645966,1.8594157528877258,1.0,0.0,3046.166748046875,265.62863124068826
noisy_measurements,Measurement noise 100 m,estimation,max_uncertainty_greedy,Max-U greedy,25,37002,5,30,1.2307419776916504,4.196010112762451,2.16236596107483,2.6073212146759035,3.736595735549928,1.0,0.0,4268.33349609375,-110.73485012166202
noisy_measurements,Measurement noise 100 m,estimation,max_uncertainty_greedy,Max-U greedy,26,37002,6,30,1.620592713356018,12.746909141540527,2.207155442237854,2.317730450630188,9.735710983276377,0.9666666666666667,0.03333333333333333,3896.5,-363.24583728052676
noisy_measurements,Measurement noise 100 m,estimation,max_uncertainty_greedy,Max-U greedy,27,37002,7,30,1.7334643602371216,3.9644837379455566,2.7482126474380495,2.95415312051773,3.710495476722718,1.0,0.0,3622.333251953125,-308.6391795538366
noisy_measurements,Measurement noise 100 m,estimation,max_uncertainty_greedy,Max-U greedy,28,37002,8,30,1.3862569332122803,3.961829662322998,1.9708230137825014,2.7015087127685513,3.7447067594528205,1.0,0.0,3315.166748046875,102.66628406196833
noisy_measurements,Measurement noise 100 m,estimation,max_uncertainty_greedy,Max-U greedy,29,37002,9,30,1.1838043928146362,3.556748628616333,1.549372172355652,1.7658958196640004,3.080417082309724,1.0,0.0,2981.333251953125,58.30591250769794
noisy_measurements,Measurement noise 100 m,estimation,max_uncertainty_greedy,Max-U greedy,30,37003,0,30,1.3053122758865356,2.4440488815307617,1.9883628129959108,2.134609460830688,2.37298273563385,1.0,0.0,4092.0,-156.30011144280434
noisy_measurements,Measurement noise 100 m,estimation,max_uncertainty_greedy,Max-U greedy,31,37003,1,30,1.5161783695220947,3.723043441772461,2.468112134933472,2.894829094409942,3.5119728994369512,1.0,0.0,3572.666748046875,92.71306062862277
noisy_measurements,Measurement noise 100 m,estimation,max_uncertainty_greedy,Max-U greedy,32,37003,2,30,1.260735034942627,2.6933159828186035,2.081927847862244,2.389115512371062,2.6708311343193056,1.0,0.0,3254.5,393.01407426968217
noisy_measurements,Measurement noise 100 m,estimation,max_uncertainty_greedy,Max-U greedy,33,37003,3,30,1.4098345041275024,2.506618022918701,2.2211900234222415,2.380155217647552,2.4928185772895812,1.0,0.0,3910.0,904.4546961970627
noisy_measurements,Measurement noise 100 m,estimation,max_uncertainty_greedy,Max-U greedy,34,37003,4,30,1.4129797220230103,3.051154375076294,2.630163288116455,2.7532983660697936,2.972215929031372,1.0,0.06666666666666667,3858.0,184.6435708021745
noisy_measurements,Measurement noise 100 m,estimation,max_uncertainty_greedy,Max-U greedy,35,37003,5,30,1.3406141996383667,2.3046441078186035,2.1576529264450075,2.1766753911972043,2.2698027944564823,1.0,0.0,4059.5,624.0077678710222
noisy_measurements,Measurement noise 100 m,estimation,max_uncertainty_greedy,Max-U greedy,36,37003,6,30,1.7438080310821533,9.223821640014648,2.8080453872680664,3.007177662849426,7.438255667686468,0.9666666666666667,0.03333333333333333,3670.833251953125,-294.5302797462791
noisy_measurements,Measurement noise 100 m,estimation,max_uncertainty_greedy,Max-U greedy,37,37003,7,30,1.2414665222167969,2.5980255603790283,2.0211228370666503,2.270107781887053,2.553109862804413,1.0,0.0,2928.0,918.1200683936477
noisy_measurements,Measurement noise 100 m,estimation,max_uncertainty_greedy,Max-U greedy,38,37003,8,30,1.2467924356460571,2.4528143405914307,1.9861623525619507,2.2652331352233874,2.450103237628937,1.0,0.0,4210.5,712.8808490540832
noisy_measurements,Measurement noise 100 m,estimation,max_uncertainty_greedy,Max-U greedy,39,37003,9,30,1.3600621223449707,2.561905860900879,1.9638293266296387,2.2909632205963124,2.5417453384399415,1.0,0.0,3582.333251953125,528.6968696452677
noisy_measurements,Measurement noise 100 m,estimation,max_uncertainty_greedy,Max-U greedy,40,37004,0,30,1.3892477750778198,3.376140832901001,2.057671618461609,2.3441269516944874,3.126826875209809,1.0,0.0,3582.666748046875,176.84058283548802
noisy_measurements,Measurement noise 100 m,estimation,max_uncertainty_greedy,Max-U greedy,41,37004,1,30,1.366576075553894,2.630871534347534,2.1182408571243285,2.156801390647888,2.4983803868293766,1.0,0.0,3499.166748046875,832.9817475415766
noisy_measurements,Measurement noise 100 m,estimation,max_uncertainty_greedy,Max-U greedy,42,37004,2,30,1.5330214500427246,3.318626880645752,2.4251306772232057,2.982255804538725,3.3165134358406068,1.0,0.0,3625.333251953125,186.8808529227972
noisy_measurements,Measurement noise 100 m,estimation,max_uncertainty_greedy,Max-U greedy,43,37004,3,30,1.1235147714614868,1.98252534866333,1.6971443653106693,1.930905908346176,1.9769203674793243,1.0,0.0,4432.83349609375,244.17504611611366
noisy_measurements,Measurement noise 100 m,estimation,max_uncertainty_greedy,Max-U greedy,44,37004,4,30,6.3565673828125,25.000938415527344,23.681427383422854,24.823454093933105,24.980641822814942,0.7,0.0,4602.33349609375,-607.54011939466
noisy_measurements,Measurement noise 100 m,estimation,max_uncertainty_greedy,Max-U greedy,45,37004,5,30,1.6580806970596313,4.114160537719727,2.5686404943466195,3.182904815673827,3.8979151082038888,1.0,0.0,4580.5,226.25901501253247
noisy_measurements,Measurement noise 100 m,estimation,max_uncertainty_greedy,Max-U greedy,46,37004,6,30,1.4805176258087158,4.794427871704102,2.4979974508285525,3.1493688225746137,4.404763119220735,1.0,0.03333333333333333,3639.333251953125,137.34141913149506
noisy_measurements,Measurement noise 100 m,estimation,max_uncertainty_greedy,Max-U greedy,47,37004,7,30,1.211199402809143,2.3131375312805176,1.9106613636016847,2.105020070075988,2.291796281337738,1.0,0.0,3950.166748046875,-174.4920648690313
noisy_measurements,Measurement noise 100 m,estimation,max_uncertainty_greedy,Max-U greedy,48,37004,8,30,1.3142218589782715,2.612445592880249,1.8336830615997317,2.0830173134803767,2.476316571235657,1.0,0.0,3442.5,91.78590988367796
noisy_measurements,Measurement noise 100 m,estimation,max_uncertainty_greedy,Max-U greedy,49,37004,9,30,1.692537784576416,4.3244242668151855,3.1382645130157476,3.6714031219482406,4.198160753250122,1.0,0.0,3417.166748046875,356.26396707445383
noisy_measurements,Measurement noise 100 m,estimation,expected_info_gain,Expected information gain,0,37000,0,30,0.821792721748352,3.653949499130249,1.2891597867012026,1.7352675616741164,3.172788703441621,1.0,0.1,4091.666748046875,499.3771482827142
noisy_measurements,Measurement noise 100 m,estimation,expected_info_gain,Expected information gain,1,37000,1,30,0.7219698429107666,1.7477803230285645,1.4170889973640441,1.492328584194183,1.6912998294830324,1.0,0.0,3607.833251953125,667.3831118838862
noisy_measurements,Measurement noise 100 m,estimation,expected_info_gain,Expected information gain,2,37000,2,30,2.2286863327026367,9.431185722351074,6.073799800872805,8.080771708488461,9.168638725280763,0.8333333333333334,0.03333333333333333,4153.83349609375,-474.9340126514435
noisy_measurements,Measurement noise 100 m,estimation,expected_info_gain,Expected information gain,3,37000,3,30,1.1256366968154907,2.641866683959961,1.8521255970001227,2.351423025131225,2.5769390487670902,1.0,0.06666666666666667,4947.5,652.9761516619474
noisy_measurements,Measurement noise 100 m,estimation,expected_info_gain,Expected information gain,4,37000,4,30,0.9380401968955994,2.3296449184417725,1.971384882926941,2.0326140880584713,2.250486879348755,1.0,0.06666666666666667,4011.5,540.4536434710026
noisy_measurements,Measurement noise 100 m,estimation,expected_info_gain,Expected information gain,5,37000,5,30,1.1078766584396362,2.9578113555908203,2.52861545085907,2.8163954019546504,2.9445027446746828,1.0,0.06666666666666667,4632.83349609375,542.6379516944289
noisy_measurements,Measurement noise 100 m,estimation,expected_info_gain,Expected information gain,6,37000,6,30,0.7262691855430603,1.913987159729004,1.4555904388427736,1.619718170166015,1.8556765627861025,1.0,0.03333333333333333,3878.5,384.7418268788606
noisy_measurements,Measurement noise 100 m,estimation,expected_info_gain,Expected information gain,7,37000,7,30,0.7437270283699036,1.854748249053955,1.3580870032310486,1.5079966604709618,1.7814477992057802,1.0,0.06666666666666667,4606.33349609375,1574.3694268204272
noisy_measurements,Measurement noise 100 m,estimation,expected_info_gain,Expected information gain,8,37000,8,30,0.8945685625076294,3.7952218055725098,1.8323108196258546,2.157718420028685,3.3890111041069044,1.0,0.03333333333333333,3905.833251953125,163.3448682166636
noisy_measurements,Measurement noise 100 m,estimation,expected_info_gain,Expected information gain,9,37000,9,30,1.0851629972457886,3.4823508262634277,2.352418947219849,2.5253623723983765,3.2120621371269236,1.0,0.06666666666666667,4375.16650390625,830.2781117223203
noisy_measurements,Measurement noise 100 m,estimation,expected_info_gain,Expected information gain,10,37001,0,30,0.8328062295913696,2.22703218460083,1.3564151048660285,1.9454344868659967,2.1762902879714967,1.0,0.0,4155.16650390625,671.6318131685257
noisy_measurements,Measurement noise 100 m,estimation,expected_info_gain,Expected information gain,11,37001,1,30,0.8528937101364136,2.337571620941162,1.5673357129096988,1.7428753614425658,2.167840921878815,1.0,0.03333333333333333,5015.16650390625,356.85390407266095
noisy_measurements,Measurement noise 100 m,estimation,expected_info_gain,Expected information gain,12,37001,2,30,0.830858051776886,1.7064365148544312,1.3599614143371583,1.596670806407928,1.6992988765239716,1.0,0.03333333333333333,3407.833251953125,287.4909201031551
noisy_measurements,Measurement noise 100 m,estimation,expected_info_gain,Expected information gain,13,37001,3,30,0.6943228244781494,1.704405426979065,1.100355994701386,1.334738230705261,1.6038303244113925,1.0,0.03333333333333333,3833.0,707.271627066657
noisy_measurements,Measurement noise 100 m,estimation,expected_info_gain,Expected information gain,14,37001,4,30,0.8832889199256897,1.8762617111206055,1.5265048027038577,1.7213738501071925,1.8534432899951936,1.0,0.03333333333333333,3487.166748046875,271.3763591144234
noisy_measurements,Measurement noise 100 m,estimation,expected_info_gain,Expected information gain,15,37001,5,30,1.4871047735214233,11.723484992980957,2.5396537780761728,3.114836120605468,9.260212144851693,0.9666666666666667,0.06666666666666667,3944.833251953125,-370.4487425852567
noisy_measurements,Measurement noise 100 m,estimation,expected_info_gain,Expected information gain,16,37001,6,30,1.238739252090454,2.9740662574768066,2.1621197462081914,2.4245098352432244,2.8393028473854067,1.0,0.03333333333333333,3380.666748046875,409.0223070802167
noisy_measurements,Measurement noise 100 m,estimation,expected_info_gain,Expected information gain,17,37001,7,30,0.8242953419685364,2.703950881958008,1.5034633517265326,2.306681156158445,2.6954194569587706,1.0,0.03333333333333333,3957.166748046875,458.6088157389313
noisy_measurements,Measurement noise 100 m,estimation,expected_info_gain,Expected information gain,18,37001,8,30,0.7160006761550903,2.105250597000122,1.5893838286399844,1.8054289102554322,2.0187031757831577,1.0,0.06666666666666667,3658.666748046875,394.8036823840812
noisy_measurements,Measurement noise 100 m,estimation,expected_info_gain,Expected information gain,19,37001,9,30,0.9231299757957458,2.8173108100891113,1.8677668571472172,2.2638113856315605,2.6928614282608034,1.0,0.03333333333333333,4444.16650390625,900.7240170482546
noisy_measurements,Measurement noise 100 m,estimation,expected_info_gain,Expected information gain,20,37002,0,30,1.076497197151184,3.948687791824341,1.757029581069947,2.868069183826443,3.78668087720871,1.0,0.06666666666666667,4329.33349609375,-194.89885972067714
noisy_measurements,Measurement noise 100 m,estimation,expected_info_gain,Expected information gain,21,37002,1,30,0.7524116039276123,1.732718825340271,1.2489215731620793,1.568084943294525,1.692071363925934,1.0,0.06666666666666667,3232.666748046875,940.3637041151524
noisy_measurements,Measurement noise 100 m,estimation,expected_info_gain,Expected information gain,22,37002,2,30,0.8558670878410339,2.2138214111328125,1.7331902980804448,2.043563187122345,2.173960294723511,1.0,0.1,4296.33349609375,1013.7970401141793
noisy_measurements,Measurement noise 100 m,estimation,expected_info_gain,Expected information gain,23,37002,3,30,1.2496418952941895,3.4432687759399414,2.3311209201812755,3.0502111673355095,3.372295348644257,1.0,0.03333333333333333,4454.5,392.93024453520775
noisy_measurements,Measurement noise 100 m,estimation,expected_info_gain,Expected information gain,24,37002,4,30,0.7590324878692627,2.0937767028808594,1.1993440508842468,1.2757649898529049,1.8721351337432868,1.0,0.06666666666666667,3659.666748046875,318.2781556472182
noisy_measurements,Measurement noise 100 m,estimation,expected_info_gain,Expected information gain,25,37002,5,30,0.7830369472503662,1.801461935043335,1.4548298358917238,1.6289638280868524,1.783615505695343,1.0,0.06666666666666667,4216.16650390625,375.24253445118666
noisy_measurements,Measurement noise 100 m,estimation,expected_info_gain,Expected information gain,26,37002,6,30,1.1827112436294556,4.6739373207092285,2.3384621858596804,3.1519842743873565,4.373673558235169,1.0,0.06666666666666667,4421.83349609375,-70.28092674724758
noisy_measurements,Measurement noise 100 m,estimation,expected_info_gain,Expected information gain,27,37002,7,30,1.1569684743881226,3.0700063705444336,1.8338600993156435,2.3068287253379807,2.9134195184707647,1.0,0.06666666666666667,4426.16650390625,412.48279602639377
noisy_measurements,Measurement noise 100 m,estimation,expected_info_gain,Expected information gain,28,37002,8,30,1.1680878400802612,3.5957796573638916,1.8346479177474984,2.4608990430831903,3.2900752282142647,1.0,0.1,4057.166748046875,390.3165286006406
noisy_measurements,Measurement noise 100 m,estimation,expected_info_gain,Expected information gain,29,37002,9,30,1.2124598026275635,4.163722038269043,3.1374836444854752,4.1237781047821045,4.158117713928223,1.0,0.0,4261.83349609375,-503.09089122898877
noisy_measurements,Measurement noise 100 m,estimation,expected_info_gain,Expected information gain,30,37003,0,30,0.770466148853302,2.2472386360168457,1.1604462504386903,1.2207606136798859,1.9528847336769113,1.0,0.1,4011.5,1231.124944979325
noisy_measurements,Measurement noise 100 m,estimation,expected_info_gain,Expected information gain,31,37003,1,30,0.8073975443840027,1.6859875917434692,1.2198188185691836,1.4383365094661706,1.6427670681476594,1.0,0.03333333333333333,4174.0,712.3060321230441
noisy_measurements,Measurement noise 100 m,estimation,expected_info_gain,Expected information gain,32,37003,2,30,1.0510553121566772,2.6272406578063965,1.9924997091293344,2.5607926487922663,2.623870015144348,1.0,0.03333333333333333,3514.833251953125,131.47045075334609
noisy_measurements,Measurement noise 100 m,estimation,expected_info_gain,Expected information gain,33,37003,3,30,0.888533353805542,2.1515915393829346,1.4955317974090578,1.845681142807006,2.107654883861542,1.0,0.03333333333333333,4696.66650390625,1134.8170174378902
noisy_measurements,Measurement noise 100 m,estimation,expected_info_gain,Expected information gain,34,37003,4,30,0.7895938754081726,1.7707339525222778,1.3182479977607728,1.5222219884395596,1.710966581106186,1.0,0.1,3860.166748046875,931.8059811741114
noisy_measurements,Measurement noise 100 m,estimation,expected_info_gain,Expected information gain,35,37003,5,30,0.9588832259178162,2.8106493949890137,1.7586773395538338,2.337568581104278,2.6962266206741337,1.0,0.06666666666666667,5300.16650390625,552.4090822897851
noisy_measurements,Measurement noise 100 m,estimation,expected_info_gain,Expected information gain,36,37003,6,30,1.7876533269882202,24.68315315246582,1.9321706891059875,1.975890403985977,18.10244565963747,0.9666666666666667,0.06666666666666667,3854.5,-417.92845548689365
noisy_measurements,Measurement noise 100 m,estimation,expected_info_gain,Expected information gain,37,37003,7,30,0.789253830909729,1.6882175207138062,1.5963497638702393,1.6298891723155973,1.678635734319687,1.0,0.03333333333333333,2911.333251953125,289.93723825365305
noisy_measurements,Measurement noise 100 m,estimation,expected_info_gain,Expected information gain,38,37003,8,30,0.7501678466796875,2.2248101234436035,1.5215161800384522,1.627606678009033,2.060030639171601,1.0,0.13333333333333333,4849.66650390625,1284.4091726765037
noisy_measurements,Measurement noise 100 m,estimation,expected_info_gain,Expected information gain,39,37003,9,30,1.0315533876419067,2.1690473556518555,1.7870911598205568,1.8671423971652983,2.0907325994968415,1.0,0.06666666666666667,3587.833251953125,602.9652105085552
noisy_measurements,Measurement noise 100 m,estimation,expected_info_gain,Expected information gain,40,37004,0,30,1.1325359344482422,3.2178125381469727,2.0349274635314942,2.252041792869567,2.9701637125015266,1.0,0.13333333333333333,4083.666748046875,-2.3414726816117764
noisy_measurements,Measurement noise 100 m,estimation,expected_info_gain,Expected information gain,41,37004,1,30,0.9416789412498474,3.399602174758911,1.497099566459656,2.001527822017668,3.068952569961549,1.0,0.06666666666666667,3738.333251953125,719.3722472796217
noisy_measurements,Measurement noise 100 m,estimation,expected_info_gain,Expected information gain,42,37004,2,30,1.255823016166687,3.1808948516845703,2.586884045600891,2.786246800422668,3.0976346540451054,1.0,0.03333333333333333,4742.83349609375,235.38223213795573
noisy_measurements,Measurement noise 100 m,estimation,expected_info_gain,Expected information gain,43,37004,3,30,0.8851572871208191,3.273261547088623,1.4412503361701967,1.7501750767230977,2.8757323074340833,1.0,0.03333333333333333,4773.5,782.0741785708815
noisy_measurements,Measurement noise 100 m,estimation,expected_info_gain,Expected information gain,44,37004,4,30,1.3084313869476318,3.4836337566375732,2.4466992855072025,3.0292711973190287,3.438127591609955,1.0,0.06666666666666667,3405.833251953125,10.876959793269634
noisy_measurements,Measurement noise 100 m,estimation,expected_info_gain,Expected information gain,45,37004,5,30,1.2981499433517456,2.583615779876709,2.4637006759643554,2.478049302101135,2.5534838247299194,1.0,0.0,3514.5,261.50531894154847
noisy_measurements,Measurement noise 100 m,estimation,expected_info_gain,Expected information gain,46,37004,6,30,0.891706109046936,2.3546142578125,2.092500686645508,2.208349597454071,2.3163263154029847,1.0,0.03333333333333333,3936.833251953125,485.26362276263535
noisy_measurements,Measurement noise 100 m,estimation,expected_info_gain,Expected information gain,47,37004,7,30,0.6709206700325012,1.8470467329025269,1.1029747843742372,1.282987159490585,1.699699209928513,1.0,0.1,3987.166748046875,865.6784138977528
noisy_measurements,Measurement noise 100 m,estimation,expected_info_gain,Expected information gain,48,37004,8,30,0.8451482653617859,2.069316864013672,1.3886839866638183,1.503154212236404,1.9241270363330845,1.0,0.06666666666666667,4643.5,604.4489195700735
noisy_measurements,Measurement noise 100 m,estimation,expected_info_gain,Expected information gain,49,37004,9,30,0.8639773726463318,2.3185958862304688,1.6479330182075504,2.015918451547622,2.2685413241386416,1.0,0.06666666666666667,3702.5,637.5423888647929
noisy_measurements,Measurement noise 100 m,estimation,beam_a_star,Beam A*,0,37000,0,30,1.3731590509414673,3.421327590942383,2.3149531841278077,2.666735410690306,3.277312302589417,1.0,0.0,3505.5,192.727963835001
noisy_measurements,Measurement noise 100 m,estimation,beam_a_star,Beam A*,1,37000,1,30,1.1786043643951416,2.3796873092651367,1.78436518907547,2.065947145223616,2.3479863286018374,1.0,0.0,4229.16650390625,467.62952222302556
noisy_measurements,Measurement noise 100 m,estimation,beam_a_star,Beam A*,2,37000,2,30,2.301429510116577,6.662956237792969,5.009014654159546,5.646640610694882,6.517585225105286,0.8666666666666667,0.0,4140.16650390625,-468.4177597742528
noisy_measurements,Measurement noise 100 m,estimation,beam_a_star,Beam A*,3,37000,3,30,1.313228964805603,3.522584915161133,1.991608452796936,2.1462629616260522,3.1595222425460827,1.0,0.0,3611.0,1241.7172594182193
noisy_measurements,Measurement noise 100 m,estimation,beam_a_star,Beam A*,4,37000,4,30,1.1850860118865967,2.6036689281463623,2.078307938575745,2.14695907831192,2.4773440861701967,1.0,0.0,3978.833251953125,232.8219757564366
noisy_measurements,Measurement noise 100 m,estimation,beam_a_star,Beam A*,5,37000,5,30,1.3376482725143433,2.973083019256592,2.102773380279541,2.3310627698898307,2.8300958633422857,1.0,0.0,4957.66650390625,434.48358872905374
noisy_measurements,Measurement noise 100 m,estimation,beam_a_star,Beam A*,6,37000,6,30,1.0102012157440186,1.9478288888931274,1.5136541604995728,1.5803224980831143,1.850591552257538,1.0,0.0,3927.333251953125,615.7221661135554
noisy_measurements,Measurement noise 100 m,estimation,beam_a_star,Beam A*,7,37000,7,30,1.0632481575012207,3.1380412578582764,1.629667353630066,1.8655055105686182,2.7921827256679546,1.0,0.0,4784.0,805.7939864732325
noisy_measurements,Measurement noise 100 m,estimation,beam_a_star,Beam A*,8,37000,8,30,1.1993979215621948,2.856433153152466,1.9767983436584473,2.030409967899322,2.6238491296768194,1.0,0.0,4464.0,250.0311146825552
noisy_measurements,Measurement noise 100 m,estimation,beam_a_star,Beam A*,9,37000,9,30,1.2645161151885986,3.4372386932373047,2.096317434310913,2.1335930705070494,3.0593093085289014,1.0,0.0,4199.16650390625,790.935678942129
noisy_measurements,Measurement noise 100 m,estimation,beam_a_star,Beam A*,10,37001,0,30,0.9736039042472839,2.197181224822998,1.5506372928619387,1.765740585327148,2.090058813095093,1.0,0.0,3513.333251953125,-292.51479487493634
noisy_measurements,Measurement noise 100 m,estimation,beam_a_star,Beam A*,11,37001,1,30,1.1135122776031494,2.3945202827453613,1.9369213700294499,2.2131311535835265,2.354045743942261,1.0,0.0,3404.333251953125,238.70849931798875
noisy_measurements,Measurement noise 100 m,estimation,beam_a_star,Beam A*,12,37001,2,30,1.4172172546386719,2.522486686706543,2.3494311571121216,2.3664688229560853,2.4784357404708866,1.0,0.0,3892.166748046875,190.07340560480952
noisy_measurements,Measurement noise 100 m,estimation,beam_a_star,Beam A*,13,37001,3,30,0.9938730001449585,2.8365955352783203,1.443772792816162,1.4898717641830443,2.454447938203813,1.0,0.0,3492.5,425.25009809900075
noisy_measurements,Measurement noise 100 m,estimation,beam_a_star,Beam A*,14,37001,4,30,1.105418086051941,2.3175840377807617,1.8640725016593933,1.9759255349636076,2.233316035270691,1.0,0.0,3715.833251953125,146.97126936167479
noisy_measurements,Measurement noise 100 m,estimation,beam_a_star,Beam A*,15,37001,5,30,1.2122904062271118,3.306823492050171,2.207213044166565,2.3610493540763855,3.0387799620628364,1.0,0.0,4035.166748046875,173.96856925450265
noisy_measurements,Measurement noise 100 m,estimation,beam_a_star,Beam A*,16,37001,6,30,1.4600958824157715,3.383676528930664,2.42022819519043,2.6165648460388176,3.1989228582382205,1.0,0.03333333333333333,3713.666748046875,399.884457308799
noisy_measurements,Measurement noise 100 m,estimation,beam_a_star,Beam A*,17,37001,7,30,1.1092561483383179,3.479280948638916,2.0355758666992196,2.680764508247375,3.2573478794097905,1.0,0.0,3167.333251953125,89.25445540249348
noisy_measurements,Measurement noise 100 m,estimation,beam_a_star,Beam A*,18,37001,8,30,1.5228359699249268,4.575416564941406,2.980843329429628,4.27926548719406,4.573014869689941,1.0,0.0,4535.83349609375,-44.61858707573265
noisy_measurements,Measurement noise 100 m,estimation,beam_a_star,Beam A*,19,37001,9,30,1.2204583883285522,3.253770589828491,2.2522722005844122,2.928763353824614,3.2355896544456484,1.0,0.0,3800.666748046875,592.7775142164901
noisy_measurements,Measurement noise 100 m,estimation,beam_a_star,Beam A*,20,37002,0,30,1.164783000946045,3.751371383666992,1.563069081306458,1.940733432769775,3.243100180625917,1.0,0.0,3276.166748046875,-188.3713069614023
noisy_measurements,Measurement noise 100 m,estimation,beam_a_star,Beam A*,21,37002,1,30,1.069251537322998,2.5840981006622314,1.7087064623832708,2.1133649826049803,2.4541449952125554,1.0,0.0,3084.333251953125,306.6018017921597
noisy_measurements,Measurement noise 100 m,estimation,beam_a_star,Beam A*,22,37002,2,30,1.2293660640716553,3.2342000007629395,2.016884613037109,2.1199298501014705,2.932636311054231,1.0,0.0,3463.833251953125,804.8047821326181
noisy_measurements,Measurement noise 100 m,estimation,beam_a_star,Beam A*,23,37002,3,30,1.3699417114257812,3.221799850463867,1.9422440409660342,2.382918286323546,3.05655511379242,1.0,0.0,3215.5,541.4357427442446
noisy_measurements,Measurement noise 100 m,estimation,beam_a_star,Beam A*,24,37002,4,30,1.004184603691101,2.2514193058013916,1.7104902386665346,1.862053114175796,2.1578885006904605,1.0,0.0,3417.333251953125,303.5298392716795
noisy_measurements,Measurement noise 100 m,estimation,beam_a_star,Beam A*,25,37002,5,30,1.0696097612380981,3.028287410736084,1.399534845352174,2.2044659256935115,2.8066445970535283,1.0,0.0,3842.166748046875,308.4536068877205
noisy_measurements,Measurement noise 100 m,estimation,beam_a_star,Beam A*,26,37002,6,30,1.2010515928268433,3.6253159046173096,2.0247159004211426,2.3353014945983874,3.3053708386421214,1.0,0.03333333333333333,3703.333251953125,24.408593770116568
noisy_measurements,Measurement noise 100 m,estimation,beam_a_star,Beam A*,27,37002,7,30,1.440420150756836,3.8641786575317383,1.9631278395652771,2.493770956993101,3.5726752471923837,1.0,0.0,3581.0,58.56324250623584
noisy_measurements,Measurement noise 100 m,estimation,beam_a_star,Beam A*,28,37002,8,30,1.418353796005249,3.9722604751586914,2.995988750457764,3.180722200870514,3.752156956195832,1.0,0.03333333333333333,4550.16650390625,-35.63577535096556
noisy_measurements,Measurement noise 100 m,estimation,beam_a_star,Beam A*,29,37002,9,30,1.6014962196350098,7.2650580406188965,3.8685061931610107,4.328674530982969,6.494352402687075,0.9666666666666667,0.0,3580.166748046875,-562.8283132445067
noisy_measurements,Measurement noise 100 m,estimation,beam_a_star,Beam A*,30,37003,0,30,1.166201114654541,1.8584905862808228,1.737436866760254,1.817088210582733,1.8543972432613374,1.0,0.0,3445.0,-29.58446137793362
noisy_measurements,Measurement noise 100 m,estimation,beam_a_star,Beam A*,31,37003,1,30,1.1708720922470093,2.0294010639190674,1.7713354349136352,1.8471666455268858,1.9895255661010744,1.0,0.0,2945.0,368.3049305565655
noisy_measurements,Measurement noise 100 m,estimation,beam_a_star,Beam A*,32,37003,2,30,1.1161878108978271,2.6152610778808594,1.7568853497505197,2.4052240014076225,2.5897446560859683,1.0,0.0,3465.166748046875,645.8011652808636
noisy_measurements,Measurement noise 100 m,estimation,beam_a_star,Beam A*,33,37003,3,30,1.3256438970565796,2.872696876525879,2.094988369941712,2.3655084133148194,2.7295576786994937,1.0,0.0,4156.0,1117.5756963565946
noisy_measurements,Measurement noise 100 m,estimation,beam_a_star,Beam A*,34,37003,4,30,1.3194613456726074,2.4112865924835205,2.184652328491211,2.2941472291946408,2.389660756587982,1.0,0.0,4458.16650390625,436.1591386105865
noisy_measurements,Measurement noise 100 m,estimation,beam_a_star,Beam A*,35,37003,5,30,1.251839518547058,2.415785312652588,2.027967357635498,2.2509983420372,2.414625120162964,1.0,0.0,5251.83349609375,235.36866919323802
noisy_measurements,Measurement noise 100 m,estimation,beam_a_star,Beam A*,36,37003,6,30,1.358710765838623,3.750612735748291,2.3418383836746215,2.4522165298461913,3.3816587328910837,1.0,0.0,3603.5,177.22014904022217
noisy_measurements,Measurement noise 100 m,estimation,beam_a_star,Beam A*,37,37003,7,30,1.153890609741211,2.884786605834961,2.038977885246277,2.181592297554016,2.6884117197990425,1.0,0.0,3855.833251953125,741.6560248062015
noisy_measurements,Measurement noise 100 m,estimation,beam_a_star,Beam A*,38,37003,8,30,1.1780388355255127,3.4752328395843506,1.6705811381340028,1.798696386814117,3.0070803391933456,1.0,0.0,4070.5,544.1160249225795
noisy_measurements,Measurement noise 100 m,estimation,beam_a_star,Beam A*,39,37003,9,30,1.2349010705947876,2.0523765087127686,1.9010800838470459,1.9524301469326018,2.026421177387238,1.0,0.0,3036.333251953125,654.5035767210647
noisy_measurements,Measurement noise 100 m,estimation,beam_a_star,Beam A*,40,37004,0,30,1.3039950132369995,3.1471874713897705,2.0334472894668583,2.3846671700477597,2.9312697029113775,1.0,0.0,3557.333251953125,30.188715040683746
noisy_measurements,Measurement noise 100 m,estimation,beam_a_star,Beam A*,41,37004,1,30,1.2077019214630127,2.2569546699523926,2.086515426635742,2.1537853240966793,2.2346119761466983,1.0,0.0,3317.166748046875,310.06716445088387
noisy_measurements,Measurement noise 100 m,estimation,beam_a_star,Beam A*,42,37004,2,30,1.3565853834152222,3.1495888233184814,2.2690755128860474,2.5103198051452624,3.0138826704025274,1.0,0.0,3681.833251953125,232.32995479321107
noisy_measurements,Measurement noise 100 m,estimation,beam_a_star,Beam A*,43,37004,3,30,1.105780839920044,2.193376064300537,1.8115069866180422,2.050179803371429,2.1751575160026553,1.0,0.0,4188.16650390625,259.8108261562884
noisy_measurements,Measurement noise 100 m,estimation,beam_a_star,Beam A*,44,37004,4,30,1.9179954528808594,9.290994644165039,3.5376644134521484,4.074179267883299,7.886508345603947,0.9666666666666667,0.0,3427.0,-312.2583588026464
noisy_measurements,Measurement noise 100 m,estimation,beam_a_star,Beam A*,45,37004,5,30,1.465592861175537,3.373978853225708,2.2602797508239747,2.4957949042320244,3.1598739719390876,1.0,0.0,4103.83349609375,327.3895044475794
noisy_measurements,Measurement noise 100 m,estimation,beam_a_star,Beam A*,46,37004,6,30,1.2322388887405396,3.1366336345672607,2.127626919746399,2.433544588088988,2.9900390267372137,1.0,0.1,3641.833251953125,272.20828806236386
noisy_measurements,Measurement noise 100 m,estimation,beam_a_star,Beam A*,47,37004,7,30,0.9887228608131409,2.1733970642089844,1.3978426575660707,1.6649456918239582,2.078496222496033,1.0,0.0,3789.0,-286.5668036416173
noisy_measurements,Measurement noise 100 m,estimation,beam_a_star,Beam A*,48,37004,8,30,1.1191214323043823,2.423470973968506,1.6623284459114076,1.9497795760631553,2.325081188678742,1.0,0.0,3331.166748046875,330.064460080117
noisy_measurements,Measurement noise 100 m,estimation,beam_a_star,Beam A*,49,37004,9,30,1.1850026845932007,3.0344955921173096,1.6565771818161017,2.40301705598831,2.918057968616486,1.0,0.0,3023.5,22.81048093456775
noisy_measurements,Measurement noise 100 m,estimation,flat_lstm,Flat LSTM,0,37000,0,30,1.0406715869903564,3.705188274383545,2.026916432380677,2.422547483444214,3.3392937088012706,1.0,0.06666666666666667,7944.5,340.10943985916674
noisy_measurements,Measurement noise 100 m,estimation,flat_lstm,Flat LSTM,1,37000,1,30,1.299123764038086,4.179068565368652,2.843673634529115,3.8468286752700793,4.1425977277755734,1.0,0.06666666666666667,7677.5,188.15944433026016
noisy_measurements,Measurement noise 100 m,estimation,flat_lstm,Flat LSTM,2,37000,2,30,1.042867660522461,3.8120248317718506,1.866840124130249,1.9709729075431819,3.300491745471956,1.0,0.06666666666666667,7603.0,470.53956214431673
noisy_measurements,Measurement noise 100 m,estimation,flat_lstm,Flat LSTM,3,37000,3,30,1.330371618270874,10.372973442077637,1.9993412733078004,2.808374786376949,8.36698168277741,0.9666666666666667,0.06666666666666667,6359.0,-263.8636096511036
noisy_measurements,Measurement noise 100 m,estimation,flat_lstm,Flat LSTM,4,37000,4,30,1.1791355609893799,6.878023624420166,3.3848335266113283,3.409272050857544,5.874883031845096,0.9666666666666667,0.1,6608.16650390625,-228.72081593889743
noisy_measurements,Measurement noise 100 m,estimation,flat_lstm,Flat LSTM,5,37000,5,30,1.178406000137329,4.002488136291504,3.0016856670379637,3.2956872224807725,3.8611128044128424,1.0,0.13333333333333333,6715.16650390625,349.8929503355175
noisy_measurements,Measurement noise 100 m,estimation,flat_lstm,Flat LSTM,6,37000,6,30,1.0882256031036377,3.9803032875061035,2.398747968673707,3.2909011602401725,3.8174808502197273,1.0,0.06666666666666667,7134.0,263.03332155384123
noisy_measurements,Measurement noise 100 m,estimation,flat_lstm,Flat LSTM,7,37000,7,30,0.8922385573387146,2.073427677154541,1.600825715065003,1.941974103450775,2.049051673412323,1.0,0.1,6758.83349609375,350.26193097699434
noisy_measurements,Measurement noise 100 m,estimation,flat_lstm,Flat LSTM,8,37000,8,30,1.3822733163833618,7.2871551513671875,2.782098746299745,3.649436342716217,6.239311816692355,0.9666666666666667,0.06666666666666667,5219.33349609375,-463.1748601049185
noisy_measurements,Measurement noise 100 m,estimation,flat_lstm,Flat LSTM,9,37000,9,30,1.1976425647735596,3.004342555999756,2.6468012571334842,2.902959859371185,2.994192600250244,1.0,0.06666666666666667,6907.5,34.193550216034055
noisy_measurements,Measurement noise 100 m,estimation,flat_lstm,Flat LSTM,10,37001,0,30,0.8450783491134644,2.01611590385437,1.8224287867546083,1.907462179660797,1.991693229675293,1.0,0.06666666666666667,6872.16650390625,214.04080553725362
noisy_measurements,Measurement noise 100 m,estimation,flat_lstm,Flat LSTM,11,37001,1,30,1.0894336700439453,4.112096309661865,2.2376814842224126,2.795395612716673,3.8018051099777233,1.0,0.03333333333333333,6977.66650390625,-28.971365730278194
noisy_measurements,Measurement noise 100 m,estimation,flat_lstm,Flat LSTM,12,37001,2,30,1.1908581256866455,3.585390567779541,2.50541582107544,2.6704250812530517,3.3302649307250984,1.0,0.06666666666666667,6865.66650390625,47.291851134970784
noisy_measurements,Measurement noise 100 m,estimation,flat_lstm,Flat LSTM,13,37001,3,30,1.4239990711212158,3.600714683532715,3.1314557075500487,3.3203120470046987,3.5605980205535888,1.0,0.13333333333333333,7143.0,-219.96076770685613
noisy_measurements,Measurement noise 100 m,estimation,flat_lstm,Flat LSTM,14,37001,4,30,0.9209193587303162,4.755871295928955,1.9763241052627567,2.221260344982147,4.033028576374056,1.0,0.13333333333333333,5935.83349609375,111.30968885216862
noisy_measurements,Measurement noise 100 m,estimation,flat_lstm,Flat LSTM,15,37001,5,30,1.0377191305160522,2.9095711708068848,2.334406638145447,2.5623277425765987,2.835596868991852,1.0,0.1,6679.33349609375,119.51529134996235
noisy_measurements,Measurement noise 100 m,estimation,flat_lstm,Flat LSTM,16,37001,6,30,1.94849693775177,9.591025352478027,3.541065287590027,4.581733107566829,8.330730099678043,0.9333333333333333,0.03333333333333333,6581.0,-288.5156364720315
noisy_measurements,Measurement noise 100 m,estimation,flat_lstm,Flat LSTM,17,37001,7,30,1.0379194021224976,4.901719093322754,2.080698251724244,3.532895588874812,4.732247605323792,1.0,0.06666666666666667,6904.33349609375,114.84168959688395
noisy_measurements,Measurement noise 100 m,estimation,flat_lstm,Flat LSTM,18,37001,8,30,1.0641438961029053,6.336579322814941,2.6683152198791507,3.0352058410644522,5.430520982742312,0.9666666666666667,0.1,6880.5,33.63431467022747
noisy_measurements,Measurement noise 100 m,estimation,flat_lstm,Flat LSTM,19,37001,9,30,1.046127200126648,3.94980525970459,2.041152548789978,2.6717079997062654,3.7151074457168587,1.0,0.03333333333333333,7160.33349609375,276.4571197433397
noisy_measurements,Measurement noise 100 m,estimation,flat_lstm,Flat LSTM,20,37002,0,30,1.026615858078003,2.882338762283325,2.470541310310364,2.682487320899963,2.842788851261139,1.0,0.06666666666666667,7098.16650390625,250.10856454633176
noisy_measurements,Measurement noise 100 m,estimation,flat_lstm,Flat LSTM,21,37002,1,30,1.1248219013214111,3.4631855487823486,2.7476577520370484,2.8265908718109127,3.287201149463654,1.0,0.0,5905.0,92.50004027597606
noisy_measurements,Measurement noise 100 m,estimation,flat_lstm,Flat LSTM,22,37002,2,30,1.0327465534210205,2.705718517303467,2.259261727333069,2.4944941759109494,2.6681782007217407,1.0,0.03333333333333333,6991.33349609375,489.49235514737666
noisy_measurements,Measurement noise 100 m,estimation,flat_lstm,Flat LSTM,23,37002,3,30,1.3032842874526978,4.789673328399658,2.8373875856399535,2.8424971103668213,4.225269758701327,1.0,0.03333333333333333,6913.5,-99.40813674964011
noisy_measurements,Measurement noise 100 m,estimation,flat_lstm,Flat LSTM,24,37002,4,30,0.9317715764045715,2.4440479278564453,1.9164197087287904,2.221131205558776,2.426336669921875,1.0,0.1,6986.66650390625,147.9091830253601
noisy_measurements,Measurement noise 100 m,estimation,flat_lstm,Flat LSTM,25,37002,5,30,0.8904575705528259,3.1828975677490234,2.0720647096633913,2.0982123494148253,2.8710450863838206,1.0,0.13333333333333333,6638.16650390625,333.66885106638074
noisy_measurements,Measurement noise 100 m,estimation,flat_lstm,Flat LSTM,26,37002,6,30,1.1551308631896973,6.509890556335449,2.4009024143218998,3.006755161285398,5.60593446016312,0.9666666666666667,0.1,6354.16650390625,-25.658131327480078
noisy_measurements,Measurement noise 100 m,estimation,flat_lstm,Flat LSTM,27,37002,7,30,1.9956704378128052,6.637582302093506,4.4078080654144305,5.611963701248168,6.388833160400392,0.9,0.03333333333333333,6825.0,-374.69769992120564
noisy_measurements,Measurement noise 100 m,estimation,flat_lstm,Flat LSTM,28,37002,8,30,0.8931230306625366,2.735224485397339,2.120290493965149,2.368487334251403,2.6607689595222475,1.0,0.1,6887.5,389.014801655896
noisy_measurements,Measurement noise 100 m,estimation,flat_lstm,Flat LSTM,29,37002,9,30,1.0307437181472778,3.0874781608581543,2.1478126764297487,2.4357016444206234,2.917356190681458,1.0,0.1,7525.83349609375,-152.82336865738034
noisy_measurements,Measurement noise 100 m,estimation,flat_lstm,Flat LSTM,30,37003,0,30,1.0477793216705322,3.242358684539795,2.0561263084411623,2.6322062492370577,3.1997489213943484,1.0,0.06666666666666667,5832.66650390625,155.7759925480932
noisy_measurements,Measurement noise 100 m,estimation,flat_lstm,Flat LSTM,31,37003,1,30,1.1323930025100708,3.9914603233337402,2.2912699699401857,2.6117888927459707,3.64078308582306,1.0,0.06666666666666667,7088.33349609375,48.98658106662333
noisy_measurements,Measurement noise 100 m,estimation,flat_lstm,Flat LSTM,32,37003,2,30,1.1842448711395264,5.44664192199707,3.0102466821670535,3.1175215959548948,4.781823139190676,0.9666666666666667,0.06666666666666667,7991.66650390625,139.69395308755338
noisy_measurements,Measurement noise 100 m,estimation,flat_lstm,Flat LSTM,33,37003,3,30,1.1474100351333618,3.0400242805480957,2.806276631355286,2.928094244003296,3.0078877782821656,1.0,0.03333333333333333,7924.16650390625,178.76286926772445
noisy_measurements,Measurement noise 100 m,estimation,flat_lstm,Flat LSTM,34,37003,4,30,1.3170300722122192,5.020808696746826,2.52287392616272,3.0070843458175642,4.510013418197634,0.9666666666666667,0.1,6673.5,86.19092233572155
noisy_measurements,Measurement noise 100 m,estimation,flat_lstm,Flat LSTM,35,37003,5,30,0.857424795627594,1.9974669218063354,1.7730902910232544,1.934074795246124,1.9946394884586334,1.0,0.06666666666666667,6335.33349609375,345.2320122262463
noisy_measurements,Measurement noise 100 m,estimation,flat_lstm,Flat LSTM,36,37003,6,30,1.0451741218566895,3.1588244438171387,2.2774331808090214,2.8313369870185836,3.1353519105911256,1.0,0.03333333333333333,7078.0,427.49007215630263
noisy_measurements,Measurement noise 100 m,estimation,flat_lstm,Flat LSTM,37,37003,7,30,1.1340101957321167,5.087228775024414,2.1953710317611708,3.1441730260848995,4.548560390472414,0.9666666666666667,0.06666666666666667,6434.33349609375,-349.52763783559203
noisy_measurements,Measurement noise 100 m,estimation,flat_lstm,Flat LSTM,38,37003,8,30,0.9804285764694214,3.4361202716827393,1.865878307819367,2.81582746505737,3.3861312556266787,1.0,0.03333333333333333,6801.66650390625,303.06576674152166
noisy_measurements,Measurement noise 100 m,estimation,flat_lstm,Flat LSTM,39,37003,9,30,0.9668084979057312,3.6713337898254395,1.7022829413414005,1.9842347383499144,3.187579500675203,1.0,0.06666666666666667,6331.0,256.4324179207906
noisy_measurements,Measurement noise 100 m,estimation,flat_lstm,Flat LSTM,40,37004,0,30,0.9020271301269531,4.193042755126953,1.5843800067901612,2.191280829906461,3.7424047017097486,1.0,0.06666666666666667,6345.66650390625,928.6033890247345
noisy_measurements,Measurement noise 100 m,estimation,flat_lstm,Flat LSTM,41,37004,1,30,1.2247663736343384,4.185919284820557,2.544568514823914,3.1706965088844288,3.935838825702668,1.0,0.1,6756.83349609375,183.99952091742307
noisy_measurements,Measurement noise 100 m,estimation,flat_lstm,Flat LSTM,42,37004,2,30,1.268648386001587,4.115210056304932,3.3555801153182983,3.500082838535308,3.9695496869087226,1.0,0.03333333333333333,6447.0,-13.61180132906884
noisy_measurements,Measurement noise 100 m,estimation,flat_lstm,Flat LSTM,43,37004,3,30,1.0311546325683594,3.1135034561157227,2.210195851325989,2.6579846143722516,3.073642132282257,1.0,0.03333333333333333,6832.33349609375,261.92718138266355
noisy_measurements,Measurement noise 100 m,estimation,flat_lstm,Flat LSTM,44,37004,4,30,1.4252580404281616,3.7161903381347656,3.0773632287979127,3.346984934806823,3.6362819075584416,1.0,0.06666666666666667,6934.66650390625,71.48631209041923
noisy_measurements,Measurement noise 100 m,estimation,flat_lstm,Flat LSTM,45,37004,5,30,0.8868895769119263,2.991598129272461,1.9508536458015453,2.6822585940361017,2.9217298579216004,1.0,0.06666666666666667,6583.66650390625,509.6272515207529
noisy_measurements,Measurement noise 100 m,estimation,flat_lstm,Flat LSTM,46,37004,6,30,1.1682013273239136,4.517523765563965,2.8993103742599486,3.2395054221153243,4.219077730178834,1.0,0.06666666666666667,6587.83349609375,75.80629177577794
noisy_measurements,Measurement noise 100 m,estimation,flat_lstm,Flat LSTM,47,37004,7,30,0.9684220552444458,3.269562244415283,2.1864192247390752,2.729245793819426,3.1820180463790897,1.0,0.03333333333333333,7504.16650390625,86.66983066592366
noisy_measurements,Measurement noise 100 m,estimation,flat_lstm,Flat LSTM,48,37004,8,30,0.8132595419883728,2.80191707611084,1.6556350708007819,2.1600654840469353,2.648757009506226,1.0,0.06666666666666667,6924.16650390625,173.2760134935379
noisy_measurements,Measurement noise 100 m,estimation,flat_lstm,Flat LSTM,49,37004,9,30,1.2488653659820557,4.826999187469482,2.9204655647277833,3.608567452430722,4.60713634967804,1.0,0.06666666666666667,6571.16650390625,-81.7895359378308
noisy_measurements,Measurement noise 100 m,estimation,pointer_lstm,Attention-LSTM pointer,0,37000,0,30,0.5388284921646118,1.3311723470687866,0.9480425357818605,1.1500015258789056,1.3083771228790284,1.0,0.06666666666666667,3294.5,950.5598729541525
noisy_measurements,Measurement noise 100 m,estimation,pointer_lstm,Attention-LSTM pointer,1,37000,1,30,0.5407219529151917,1.570807695388794,0.9174541354179384,1.2454172611236562,1.526213574409485,1.0,0.13333333333333333,3830.0,1492.4891200559214
noisy_measurements,Measurement noise 100 m,estimation,pointer_lstm,Attention-LSTM pointer,2,37000,2,30,1.0794979333877563,7.597585678100586,1.6716438770294197,4.308625984191884,7.1338799715042125,0.9333333333333333,0.1,3420.166748046875,-108.61861593462527
noisy_measurements,Measurement noise 100 m,estimation,pointer_lstm,Attention-LSTM pointer,3,37000,3,30,0.6684855222702026,1.529417634010315,1.2466735839843752,1.4466875493526457,1.511749209165573,1.0,0.03333333333333333,4005.5,1480.7253504358232
noisy_measurements,Measurement noise 100 m,estimation,pointer_lstm,Attention-LSTM pointer,4,37000,4,30,0.6766357421875,2.2697603702545166,1.1849486827850344,1.5033517479896537,2.0899752342700966,1.0,0.13333333333333333,4580.16650390625,647.3803285099566
noisy_measurements,Measurement noise 100 m,estimation,pointer_lstm,Attention-LSTM pointer,5,37000,5,30,0.8179820775985718,2.4447519779205322,1.6757227182388308,2.1071017384529096,2.431652104854584,1.0,0.06666666666666667,4989.0,1346.041625937447
noisy_measurements,Measurement noise 100 m,estimation,pointer_lstm,Attention-LSTM pointer,6,37000,6,30,0.5544007420539856,1.3580353260040283,1.0131139039993287,1.13152664899826,1.3088086283206941,1.0,0.03333333333333333,4960.0,971.5717264041305
noisy_measurements,Measurement noise 100 m,estimation,pointer_lstm,Attention-LSTM pointer,7,37000,7,30,0.7450411319732666,1.691392183303833,1.3866292715072632,1.5787413299083703,1.689011195898056,1.0,0.03333333333333333,5386.5,1609.6566039454192
noisy_measurements,Measurement noise 100 m,estimation,pointer_lstm,Attention-LSTM pointer,8,37000,8,30,0.5756666660308838,1.2556602954864502,0.9218124210834504,0.9589812189340592,1.1698298877477649,1.0,0.06666666666666667,3912.166748046875,1606.53208200261
noisy_measurements,Measurement noise 100 m,estimation,pointer_lstm,Attention-LSTM pointer,9,37000,9,30,0.7339529395103455,2.037777900695801,1.4344980001449588,1.670118343830108,1.962767791748047,1.0,0.06666666666666667,4459.66650390625,1116.0908729638904
noisy_measurements,Measurement noise 100 m,estimation,pointer_lstm,Attention-LSTM pointer,10,37001,0,30,0.4843485951423645,1.1845309734344482,0.8579951405525208,0.9836353033781047,1.15072069644928,1.0,0.16666666666666666,5072.66650390625,1686.1478929407895
noisy_measurements,Measurement noise 100 m,estimation,pointer_lstm,Attention-LSTM pointer,11,37001,1,30,0.6887768507003784,1.9635813236236572,1.489771807193756,1.6786556780338278,1.9248196589946749,1.0,0.06666666666666667,5065.66650390625,775.960468634963
noisy_measurements,Measurement noise 100 m,estimation,pointer_lstm,Attention-LSTM pointer,12,37001,2,30,1.3494455814361572,13.1270751953125,2.4462586879730237,3.68120068311691,10.500340213775642,0.9666666666666667,0.1,3939.0,-259.2821068242192
noisy_measurements,Measurement noise 100 m,estimation,pointer_lstm,Attention-LSTM pointer,13,37001,3,30,0.597926914691925,3.5011146068573,0.8907018899917603,1.5017082273960083,3.0604944491386425,1.0,0.06666666666666667,4228.83349609375,314.22072738129646
noisy_measurements,Measurement noise 100 m,estimation,pointer_lstm,Attention-LSTM pointer,14,37001,4,30,0.6292712688446045,2.452723741531372,1.2171452641487122,1.5105038285255419,2.235035054683686,1.0,0.1,4741.33349609375,615.6710129994899
noisy_measurements,Measurement noise 100 m,estimation,pointer_lstm,Attention-LSTM pointer,15,37001,5,30,0.7714894413948059,3.72088885307312,1.2181046605110182,2.198052215576171,3.32567356824875,1.0,0.06666666666666667,4672.5,847.4776565888897
noisy_measurements,Measurement noise 100 m,estimation,pointer_lstm,Attention-LSTM pointer,16,37001,6,30,0.9542154669761658,2.1152091026306152,1.6932046055793766,1.9953148066997521,2.107471973896027,1.0,0.03333333333333333,3371.0,1024.7702185539529
noisy_measurements,Measurement noise 100 m,estimation,pointer_lstm,Attention-LSTM pointer,17,37001,7,30,0.6241921782493591,1.4984174966812134,1.2223059415817261,1.2632142603397367,1.4371281504631044,1.0,0.06666666666666667,4366.0,643.4853050494567
noisy_measurements,Measurement noise 100 m,estimation,pointer_lstm,Attention-LSTM pointer,18,37001,8,30,0.5417088270187378,1.529922604560852,1.0252683401107792,1.305181002616882,1.4837631916999818,1.0,0.03333333333333333,4074.666748046875,1309.2044850327075
noisy_measurements,Measurement noise 100 m,estimation,pointer_lstm,Attention-LSTM pointer,19,37001,9,30,0.6967796087265015,2.515209913253784,1.327303349971772,1.9894009411334979,2.4225045871734623,1.0,0.1,4174.66650390625,1143.5055377418175
noisy_measurements,Measurement noise 100 m,estimation,pointer_lstm,Attention-LSTM pointer,20,37002,0,30,0.6025298833847046,1.5911571979522705,1.0794032573699952,1.1349301338195799,1.4674200415611272,1.0,0.1,3472.833251953125,585.4236080721021
noisy_measurements,Measurement noise 100 m,estimation,pointer_lstm,Attention-LSTM pointer,21,37002,1,30,0.779766321182251,2.5703814029693604,1.6363755464553837,2.0094453334808344,2.429884996414185,1.0,0.06666666666666667,4800.0,1513.8280995162204
noisy_measurements,Measurement noise 100 m,estimation,pointer_lstm,Attention-LSTM pointer,22,37002,2,30,0.7425467371940613,2.2123258113861084,1.3525103569030767,1.72342374920845,2.07870741724968,1.0,0.03333333333333333,5417.5,439.4194337250665
noisy_measurements,Measurement noise 100 m,estimation,pointer_lstm,Attention-LSTM pointer,23,37002,3,30,0.6644608378410339,1.7516834735870361,1.4259226083755494,1.4703138053417206,1.6707109224796297,1.0,0.06666666666666667,4359.16650390625,593.264825061895
noisy_measurements,Measurement noise 100 m,estimation,pointer_lstm,Attention-LSTM pointer,24,37002,4,30,0.6742125153541565,1.242721438407898,1.1819493770599365,1.2149568438529967,1.2410871088504791,1.0,0.03333333333333333,4591.83349609375,940.5062741488218
noisy_measurements,Measurement noise 100 m,estimation,pointer_lstm,Attention-LSTM pointer,25,37002,5,30,0.638907253742218,1.9613819122314453,1.2137806415557864,1.4676901698112483,1.8398043179512027,1.0,0.13333333333333333,4904.0,1632.5327561004087
noisy_measurements,Measurement noise 100 m,estimation,pointer_lstm,Attention-LSTM pointer,26,37002,6,30,0.8405174016952515,4.739996433258057,1.1854254841804506,1.4579168736934653,3.825927855968478,1.0,0.06666666666666667,3910.5,52.62354611232877
noisy_measurements,Measurement noise 100 m,estimation,pointer_lstm,Attention-LSTM pointer,27,37002,7,30,0.7869492769241333,2.197239875793457,1.3910130143165593,1.9408567011356341,2.1795695495605467,1.0,0.06666666666666667,5343.33349609375,1032.3757956726477
noisy_measurements,Measurement noise 100 m,estimation,pointer_lstm,Attention-LSTM pointer,28,37002,8,30,0.7326212525367737,1.7660088539123535,1.6240569949150085,1.7073950767517088,1.759974055290222,1.0,0.1,4442.0,1210.6124849654734
noisy_measurements,Measurement noise 100 m,estimation,pointer_lstm,Attention-LSTM pointer,29,37002,9,30,0.6049420833587646,1.9890800714492798,1.3348904728889468,1.6300962686538687,1.9295505118370058,1.0,0.06666666666666667,4137.33349609375,1025.330835327506
noisy_measurements,Measurement noise 100 m,estimation,pointer_lstm,Attention-LSTM pointer,30,37003,0,30,0.9396162629127502,3.592832326889038,2.064088225364685,2.786751973628994,3.521988332271576,1.0,0.1,5453.83349609375,167.96540916338563
noisy_measurements,Measurement noise 100 m,estimation,pointer_lstm,Attention-LSTM pointer,31,37003,1,30,0.6175501942634583,2.4397499561309814,1.0852092027664184,1.4347002983093244,2.227776012420655,1.0,0.1,3918.166748046875,1129.8691728711128
noisy_measurements,Measurement noise 100 m,estimation,pointer_lstm,Attention-LSTM pointer,32,37003,2,30,0.5470551252365112,1.573001503944397,1.2462084412574772,1.472350525856018,1.5445928633213044,1.0,0.06666666666666667,4746.66650390625,1083.2704796949401
noisy_measurements,Measurement noise 100 m,estimation,pointer_lstm,Attention-LSTM pointer,33,37003,3,30,0.6599758267402649,2.0478827953338623,1.1893700003623966,1.4543695330619808,1.8903151381015781,1.0,0.03333333333333333,4471.66650390625,745.6877565663308
noisy_measurements,Measurement noise 100 m,estimation,pointer_lstm,Attention-LSTM pointer,34,37003,4,30,0.6127086281776428,1.5566338300704956,1.0530600190162662,1.4160298526287072,1.5537245333194734,1.0,0.06666666666666667,5251.33349609375,1364.3757000546902
noisy_measurements,Measurement noise 100 m,estimation,pointer_lstm,Attention-LSTM pointer,35,37003,5,30,0.6329193115234375,1.6657713651657104,1.162080502510071,1.266729813814163,1.566629563570023,1.0,0.1,4167.0,960.6336361095309
noisy_measurements,Measurement noise 100 m,estimation,pointer_lstm,Attention-LSTM pointer,36,37003,6,30,0.8054423928260803,2.1111035346984863,1.3752965092658997,1.5457923412322994,1.9717567420005802,1.0,0.03333333333333333,4522.0,753.4143126877025
noisy_measurements,Measurement noise 100 m,estimation,pointer_lstm,Attention-LSTM pointer,37,37003,7,30,0.6416771411895752,1.7874433994293213,1.157919490337372,1.3357469379901878,1.6885301792621616,1.0,0.06666666666666667,4064.833251953125,478.05439703399315
noisy_measurements,Measurement noise 100 m,estimation,pointer_lstm,Attention-LSTM pointer,38,37003,8,30,0.5845045447349548,1.6736900806427002,1.1426969408988956,1.4893260359764091,1.65232452750206,1.0,0.06666666666666667,3942.5,1417.1457502711564
noisy_measurements,Measurement noise 100 m,estimation,pointer_lstm,Attention-LSTM pointer,39,37003,9,30,0.5553597807884216,1.9702818393707275,0.7499649882316589,1.147552278637884,1.8243335652351385,1.0,0.03333333333333333,5326.0,1441.337541595567
noisy_measurements,Measurement noise 100 m,estimation,pointer_lstm,Attention-LSTM pointer,40,37004,0,30,1.0000361204147339,7.111860275268555,1.6181960105895998,2.1970678508281685,5.7864114332199135,0.9666666666666667,0.13333333333333333,3633.666748046875,146.42679181229323
noisy_measurements,Measurement noise 100 m,estimation,pointer_lstm,Attention-LSTM pointer,41,37004,1,30,1.16304612159729,5.6140666007995605,1.9723349571228055,3.777446341514587,5.092561321258547,0.9666666666666667,0.03333333333333333,4453.33349609375,163.40816819481552
noisy_measurements,Measurement noise 100 m,estimation,pointer_lstm,Attention-LSTM pointer,42,37004,2,30,0.6971715688705444,1.9418234825134277,1.1373225927352906,1.2427137672901152,1.743227602243424,1.0,0.1,4255.33349609375,537.3444419531152
noisy_measurements,Measurement noise 100 m,estimation,pointer_lstm,Attention-LSTM pointer,43,37004,3,30,0.6073799133300781,2.6045656204223633,1.0989621758461003,1.5497986257076257,2.3315151131153113,1.0,0.1,4178.0,493.92431467212737
noisy_measurements,Measurement noise 100 m,estimation,pointer_lstm,Attention-LSTM pointer,44,37004,4,30,0.8772226572036743,2.901092767715454,1.6446579813957214,1.707086771726608,2.5637000453472147,1.0,0.03333333333333333,3924.0,285.8118799775839
noisy_measurements,Measurement noise 100 m,estimation,pointer_lstm,Attention-LSTM pointer,45,37004,5,30,0.6231018304824829,1.4824885129928589,1.2909876823425295,1.4356287598609923,1.4746253049373628,1.0,0.06666666666666667,3669.333251953125,1595.4485907405615
noisy_measurements,Measurement noise 100 m,estimation,pointer_lstm,Attention-LSTM pointer,46,37004,6,30,0.7386049628257751,1.5261565446853638,1.2908260226249697,1.4114235222339628,1.501877408027649,1.0,0.06666666666666667,4743.5,1354.5320789013058
noisy_measurements,Measurement noise 100 m,estimation,pointer_lstm,Attention-LSTM pointer,47,37004,7,30,0.6934643983840942,2.473370313644409,1.1414753317832949,1.3074180781841274,2.158584750890733,1.0,0.06666666666666667,4742.83349609375,824.2889423090965
noisy_measurements,Measurement noise 100 m,estimation,pointer_lstm,Attention-LSTM pointer,48,37004,8,30,1.9202316999435425,16.32417869567871,3.2622743129730347,11.447268438339231,15.003931083679204,0.9,0.03333333333333333,5798.66650390625,-427.8593813329935
noisy_measurements,Measurement noise 100 m,estimation,pointer_lstm,Attention-LSTM pointer,49,37004,9,30,0.6738293170928955,2.517791271209717,1.0940484285354617,1.6847108125686623,2.3773802542686466,1.0,0.06666666666666667,4376.0,432.18943157978356
