hour,sim_time_s,episode_id,reset_seed,vector_env_index,rso_id,u_total_km
0,0,0,30000,0,0,7.3027262687683105
0,0,0,30000,0,1,8.358905792236328
0,0,0,30000,0,2,8.080609321594238
0,0,0,30000,0,3,9.458924293518066
0,0,0,30000,0,4,9.261006355285645
0,0,0,30000,0,5,7.954483509063721
0,0,0,30000,0,6,8.49925708770752
0,0,0,30000,0,7,7.85354471206665
0,0,0,30000,0,8,8.270069122314453
0,0,0,30000,0,9,6.7114152908325195
0,0,0,30000,0,10,7.676841735839844
0,0,0,30000,0,11,7.649475574493408
0,0,0,30000,0,12,7.286396503448486
0,0,0,30000,0,13,8.785011291503906
0,0,0,30000,0,14,8.97921371459961
0,0,0,30000,0,15,8.843154907226562
0,0,0,30000,0,16,8.501517295837402
0,0,0,30000,0,17,8.45964241027832
0,0,0,30000,0,18,5.704459190368652
0,0,0,30000,0,19,8.02505874633789
0,0,0,30000,0,20,7.727203369140625
0,0,0,30000,0,21,8.230730056762695
0,0,0,30000,0,22,7.621683120727539
0,0,0,30000,0,23,8.813615798950195
0,0,0,30000,0,24,9.19674301147461
0,0,0,30000,0,25,8.23468017578125
0,0,0,30000,0,26,7.097428798675537
0,0,0,30000,0,27,7.825300693511963
0,0,0,30000,0,28,9.072166442871094
0,0,0,30000,0,29,6.477892875671387
0,0,1,30000,1,0,8.842870712280273
0,0,1,30000,1,1,8.810043334960938
0,0,1,30000,1,2,8.940964698791504
0,0,1,30000,1,3,6.519801616668701
0,0,1,30000,1,4,6.294024467468262
0,0,1,30000,1,5,7.895535469055176
0,0,1,30000,1,6,8.865336418151855
0,0,1,30000,1,7,7.511124134063721
0,0,1,30000,1,8,6.575751781463623
0,0,1,30000,1,9,8.716520309448242
0,0,1,30000,1,10,8.251529693603516
0,0,1,30000,1,11,7.229113578796387
0,0,1,30000,1,12,7.494670867919922
0,0,1,30000,1,13,9.89094352722168
0,0,1,30000,1,14,8.29617691040039
0,0,1,30000,1,15,7.374493598937988
0,0,1,30000,1,16,6.339841365814209
0,0,1,30000,1,17,7.740988731384277
0,0,1,30000,1,18,8.208745956420898
0,0,1,30000,1,19,6.827719211578369
0,0,1,30000,1,20,8.392803192138672
0,0,1,30000,1,21,6.422824859619141
0,0,1,30000,1,22,8.760004043579102
0,0,1,30000,1,23,8.804778099060059
0,0,1,30000,1,24,9.232029914855957
0,0,1,30000,1,25,7.700307369232178
0,0,1,30000,1,26,7.340915679931641
0,0,1,30000,1,27,7.185031414031982
0,0,1,30000,1,28,8.894929885864258
0,0,1,30000,1,29,8.11708927154541
0,0,2,30000,2,0,7.339820861816406
0,0,2,30000,2,1,8.696141242980957
0,0,2,30000,2,2,7.852914810180664
0,0,2,30000,2,3,7.903970241546631
0,0,2,30000,2,4,7.518819808959961
0,0,2,30000,2,5,7.70363187789917
0,0,2,30000,2,6,6.511471748352051
0,0,2,30000,2,7,8.34300708770752
0,0,2,30000,2,8,6.916202068328857
0,0,2,30000,2,9,6.623219013214111
0,0,2,30000,2,10,7.662091255187988
0,0,2,30000,2,11,7.555205345153809
0,0,2,30000,2,12,8.7506742477417
0,0,2,30000,2,13,8.833941459655762
0,0,2,30000,2,14,9.950275421142578
0,0,2,30000,2,15,7.213727951049805
0,0,2,30000,2,16,6.856087684631348
0,0,2,30000,2,17,9.290654182434082
0,0,2,30000,2,18,6.810221195220947
0,0,2,30000,2,19,6.610045909881592
0,0,2,30000,2,20,8.758033752441406
0,0,2,30000,2,21,8.700485229492188
0,0,2,30000,2,22,9.102313041687012
0,0,2,30000,2,23,8.886427879333496
0,0,2,30000,2,24,7.678572654724121
0,0,2,30000,2,25,8.256038665771484
0,0,2,30000,2,26,6.69427490234375
0,0,2,30000,2,27,7.451963424682617
0,0,2,30000,2,28,8.727402687072754
0,0,2,30000,2,29,6.379064083099365
0,0,3,30000,3,0,7.901504039764404
0,0,3,30000,3,1,6.75848388671875
0,0,3,30000,3,2,8.889942169189453
0,0,3,30000,3,3,8.001237869262695
0,0,3,30000,3,4,8.86324691772461
0,0,3,30000,3,5,8.168513298034668
0,0,3,30000,3,6,6.549792289733887
0,0,3,30000,3,7,6.831209182739258
0,0,3,30000,3,8,8.224092483520508
0,0,3,30000,3,9,8.262361526489258
0,0,3,30000,3,10,6.756774425506592
0,0,3,30000,3,11,7.529383659362793
0,0,3,30000,3,12,6.854665756225586
0,0,3,30000,3,13,6.560742378234863
0,0,3,30000,3,14,8.237918853759766
0,0,3,30000,3,15,7.789065361022949
0,0,3,30000,3,16,9.235671997070312
0,0,3,30000,3,17,7.266347885131836
0,0,3,30000,3,18,7.033057689666748
0,0,3,30000,3,19,6.787992000579834
0,0,3,30000,3,20,8.250594139099121
0,0,3,30000,3,21,8.608922958374023
0,0,3,30000,3,22,7.434431552886963
0,0,3,30000,3,23,9.723883628845215
0,0,3,30000,3,24,7.900363922119141
0,0,3,30000,3,25,8.03359317779541
0,0,3,30000,3,26,8.733654022216797
0,0,3,30000,3,27,8.730619430541992
0,0,3,30000,3,28,6.945492744445801
0,0,3,30000,3,29,9.453890800476074
0,0,4,30000,4,0,9.530557632446289
0,0,4,30000,4,1,9.622462272644043
0,0,4,30000,4,2,6.909961700439453
0,0,4,30000,4,3,8.689870834350586
0,0,4,30000,4,4,6.904599666595459
0,0,4,30000,4,5,6.607687473297119
0,0,4,30000,4,6,8.372857093811035
0,0,4,30000,4,7,7.582568645477295
0,0,4,30000,4,8,9.738706588745117
0,0,4,30000,4,9,6.764024257659912
0,0,4,30000,4,10,6.173938751220703
0,0,4,30000,4,11,7.197953224182129
0,0,4,30000,4,12,9.28860855102539
0,0,4,30000,4,13,7.910747528076172
0,0,4,30000,4,14,8.196019172668457
0,0,4,30000,4,15,7.629852294921875
0,0,4,30000,4,16,7.881224155426025
0,0,4,30000,4,17,6.533520221710205
0,0,4,30000,4,18,6.08251428604126
0,0,4,30000,4,19,7.312758922576904
0,0,4,30000,4,20,7.2493767738342285
0,0,4,30000,4,21,9.538219451904297
0,0,4,30000,4,22,7.33156156539917
0,0,4,30000,4,23,8.35175895690918
0,0,4,30000,4,24,7.454919338226318
0,0,4,30000,4,25,8.433374404907227
0,0,4,30000,4,26,8.23831844329834
0,0,4,30000,4,27,7.408034801483154
0,0,4,30000,4,28,7.699496269226074
0,0,4,30000,4,29,7.1552228927612305
0,0,5,30000,5,0,8.07240104675293
0,0,5,30000,5,1,7.684937477111816
0,0,5,30000,5,2,7.0695576667785645
0,0,5,30000,5,3,7.9766645431518555
0,0,5,30000,5,4,7.074069023132324
0,0,5,30000,5,5,8.657637596130371
0,0,5,30000,5,6,6.559906959533691
0,0,5,30000,5,7,6.397047519683838
0,0,5,30000,5,8,8.229867935180664
0,0,5,30000,5,9,8.16818618774414
0,0,5,30000,5,10,7.295589447021484
0,0,5,30000,5,11,7.139167785644531
0,0,5,30000,5,12,8.685906410217285
0,0,5,30000,5,13,7.878940582275391
0,0,5,30000,5,14,7.315796852111816
0,0,5,30000,5,15,9.534213066101074
0,0,5,30000,5,16,7.55778694152832
0,0,5,30000,5,17,6.974427700042725
0,0,5,30000,5,18,6.429357528686523
0,0,5,30000,5,19,8.375783920288086
0,0,5,30000,5,20,6.5105438232421875
0,0,5,30000,5,21,9.565584182739258
0,0,5,30000,5,22,7.789471626281738
0,0,5,30000,5,23,7.338339805603027
0,0,5,30000,5,24,9.226984977722168
0,0,5,30000,5,25,8.18147087097168
0,0,5,30000,5,26,6.782248020172119
0,0,5,30000,5,27,6.838089942932129
0,0,5,30000,5,28,8.507695198059082
0,0,5,30000,5,29,9.003801345825195
0,0,6,30000,6,0,7.6367082595825195
0,0,6,30000,6,1,6.582656383514404
0,0,6,30000,6,2,6.757696151733398
0,0,6,30000,6,3,9.207149505615234
0,0,6,30000,6,4,8.615378379821777
0,0,6,30000,6,5,8.104673385620117
0,0,6,30000,6,6,9.342905044555664
0,0,6,30000,6,7,8.784738540649414
0,0,6,30000,6,8,6.627790451049805
0,0,6,30000,6,9,8.56447696685791
0,0,6,30000,6,10,7.148940086364746
0,0,6,30000,6,11,6.867990970611572
0,0,6,30000,6,12,7.0406599044799805
0,0,6,30000,6,13,8.679666519165039
0,0,6,30000,6,14,8.107017517089844
0,0,6,30000,6,15,7.146430492401123
0,0,6,30000,6,16,8.401955604553223
0,0,6,30000,6,17,6.615405082702637
0,0,6,30000,6,18,7.0762939453125
0,0,6,30000,6,19,8.289604187011719
0,0,6,30000,6,20,7.861611843109131
0,0,6,30000,6,21,8.28274917602539
0,0,6,30000,6,22,7.535022735595703
0,0,6,30000,6,23,5.889656066894531
0,0,6,30000,6,24,7.710313320159912
0,0,6,30000,6,25,8.52792739868164
0,0,6,30000,6,26,7.792273998260498
0,0,6,30000,6,27,7.89804744720459
0,0,6,30000,6,28,7.8964433670043945
0,0,6,30000,6,29,9.522680282592773
0,0,7,30000,7,0,7.207147598266602
0,0,7,30000,7,1,7.591640949249268
0,0,7,30000,7,2,7.923896789550781
0,0,7,30000,7,3,8.664316177368164
0,0,7,30000,7,4,7.397845268249512
0,0,7,30000,7,5,9.282219886779785
0,0,7,30000,7,6,8.697111129760742
0,0,7,30000,7,7,9.227789878845215
0,0,7,30000,7,8,6.896720886230469
0,0,7,30000,7,9,7.03134298324585
0,0,7,30000,7,10,7.899724960327148
0,0,7,30000,7,11,8.904285430908203
0,0,7,30000,7,12,9.49913215637207
0,0,7,30000,7,13,9.116875648498535
0,0,7,30000,7,14,6.5766143798828125
0,0,7,30000,7,15,8.264216423034668
0,0,7,30000,7,16,6.663535118103027
0,0,7,30000,7,17,6.781575679779053
0,0,7,30000,7,18,9.260713577270508
0,0,7,30000,7,19,8.160139083862305
0,0,7,30000,7,20,6.939558029174805
0,0,7,30000,7,21,7.464119911193848
0,0,7,30000,7,22,6.127449035644531
0,0,7,30000,7,23,8.762861251831055
0,0,7,30000,7,24,9.02485179901123
0,0,7,30000,7,25,8.759825706481934
0,0,7,30000,7,26,6.500022888183594
0,0,7,30000,7,27,7.909967422485352
0,0,7,30000,7,28,8.094730377197266
0,0,7,30000,7,29,8.850854873657227
0,0,8,30000,8,0,10.227071762084961
0,0,8,30000,8,1,8.427639961242676
0,0,8,30000,8,2,9.755843162536621
0,0,8,30000,8,3,8.391633987426758
0,0,8,30000,8,4,7.880898952484131
0,0,8,30000,8,5,7.344851016998291
0,0,8,30000,8,6,7.755422115325928
0,0,8,30000,8,7,8.533987998962402
0,0,8,30000,8,8,9.08370304107666
0,0,8,30000,8,9,8.921061515808105
0,0,8,30000,8,10,8.521049499511719
0,0,8,30000,8,11,7.121521472930908
0,0,8,30000,8,12,8.318853378295898
0,0,8,30000,8,13,10.157224655151367
0,0,8,30000,8,14,9.879417419433594
0,0,8,30000,8,15,6.4273362159729
0,0,8,30000,8,16,9.231843948364258
0,0,8,30000,8,17,8.822518348693848
0,0,8,30000,8,18,9.389482498168945
0,0,8,30000,8,19,7.99384880065918
0,0,8,30000,8,20,8.33713436126709
0,0,8,30000,8,21,7.650506973266602
0,0,8,30000,8,22,7.910125255584717
0,0,8,30000,8,23,8.62988567352295
0,0,8,30000,8,24,6.7900214195251465
0,0,8,30000,8,25,7.903172016143799
0,0,8,30000,8,26,8.367908477783203
0,0,8,30000,8,27,6.81736946105957
0,0,8,30000,8,28,6.617297172546387
0,0,8,30000,8,29,9.518026351928711
0,0,9,30000,9,0,6.774740695953369
0,0,9,30000,9,1,6.859955787658691
0,0,9,30000,9,2,9.114551544189453
0,0,9,30000,9,3,7.27250862121582
0,0,9,30000,9,4,8.291099548339844
0,0,9,30000,9,5,7.906172752380371
0,0,9,30000,9,6,9.516064643859863
0,0,9,30000,9,7,8.16118335723877
0,0,9,30000,9,8,8.118091583251953
0,0,9,30000,9,9,8.431379318237305
0,0,9,30000,9,10,7.401515483856201
0,0,9,30000,9,11,9.645950317382812
0,0,9,30000,9,12,5.821683883666992
0,0,9,30000,9,13,7.645009994506836
0,0,9,30000,9,14,6.613399505615234
0,0,9,30000,9,15,6.901198387145996
0,0,9,30000,9,16,7.7201032638549805
0,0,9,30000,9,17,6.575631141662598
0,0,9,30000,9,18,6.802426338195801
0,0,9,30000,9,19,8.279827117919922
0,0,9,30000,9,20,7.509075164794922
0,0,9,30000,9,21,6.422474384307861
0,0,9,30000,9,22,7.222972393035889
0,0,9,30000,9,23,8.662638664245605
0,0,9,30000,9,24,10.078003883361816
0,0,9,30000,9,25,6.173601150512695
0,0,9,30000,9,26,8.221990585327148
0,0,9,30000,9,27,9.385090827941895
0,0,9,30000,9,28,9.058234214782715
0,0,9,30000,9,29,7.143316745758057
0,0,10,30000,10,0,8.352019309997559
0,0,10,30000,10,1,7.338872909545898
0,0,10,30000,10,2,8.668863296508789
0,0,10,30000,10,3,8.974075317382812
0,0,10,30000,10,4,8.824943542480469
0,0,10,30000,10,5,6.827498435974121
0,0,10,30000,10,6,8.329456329345703
0,0,10,30000,10,7,7.11878776550293
0,0,10,30000,10,8,7.825155735015869
0,0,10,30000,10,9,7.198827266693115
0,0,10,30000,10,10,10.1644868850708
0,0,10,30000,10,11,7.687809467315674
0,0,10,30000,10,12,7.217104434967041
0,0,10,30000,10,13,8.740771293640137
0,0,10,30000,10,14,7.375125885009766
0,0,10,30000,10,15,8.57752799987793
0,0,10,30000,10,16,7.945472240447998
0,0,10,30000,10,17,9.3841552734375
0,0,10,30000,10,18,9.427197456359863
0,0,10,30000,10,19,8.330373764038086
0,0,10,30000,10,20,8.230620384216309
0,0,10,30000,10,21,8.64991283416748
0,0,10,30000,10,22,7.740133285522461
0,0,10,30000,10,23,9.144625663757324
0,0,10,30000,10,24,7.295088291168213
0,0,10,30000,10,25,6.553752422332764
0,0,10,30000,10,26,6.809037208557129
0,0,10,30000,10,27,7.246481418609619
0,0,10,30000,10,28,9.153032302856445
0,0,10,30000,10,29,9.339433670043945
0,0,11,30000,11,0,7.976193428039551
0,0,11,30000,11,1,7.970585346221924
0,0,11,30000,11,2,8.842713356018066
0,0,11,30000,11,3,6.990066051483154
0,0,11,30000,11,4,9.494141578674316
0,0,11,30000,11,5,8.143129348754883
0,0,11,30000,11,6,9.58810043334961
0,0,11,30000,11,7,9.329309463500977
0,0,11,30000,11,8,6.95522403717041
0,0,11,30000,11,9,7.472497463226318
0,0,11,30000,11,10,8.086492538452148
0,0,11,30000,11,11,8.13988208770752
0,0,11,30000,11,12,9.050411224365234
0,0,11,30000,11,13,8.743837356567383
0,0,11,30000,11,14,8.44931411743164
0,0,11,30000,11,15,8.574975967407227
0,0,11,30000,11,16,9.35175609588623
0,0,11,30000,11,17,6.2722673416137695
0,0,11,30000,11,18,9.643529891967773
0,0,11,30000,11,19,7.75634241104126
0,0,11,30000,11,20,6.447381496429443
0,0,11,30000,11,21,7.206918716430664
0,0,11,30000,11,22,8.45789909362793
0,0,11,30000,11,23,6.788091659545898
0,0,11,30000,11,24,8.401440620422363
0,0,11,30000,11,25,8.642383575439453
0,0,11,30000,11,26,8.621223449707031
0,0,11,30000,11,27,7.82736873626709
0,0,11,30000,11,28,8.116466522216797
0,0,11,30000,11,29,8.691577911376953
0,0,12,30000,12,0,6.987485408782959
0,0,12,30000,12,1,7.283601760864258
0,0,12,30000,12,2,8.652081489562988
0,0,12,30000,12,3,6.733086109161377
0,0,12,30000,12,4,6.668229579925537
0,0,12,30000,12,5,6.25002384185791
0,0,12,30000,12,6,8.758225440979004
0,0,12,30000,12,7,8.472219467163086
0,0,12,30000,12,8,7.043447971343994
0,0,12,30000,12,9,9.055312156677246
0,0,12,30000,12,10,7.125714302062988
0,0,12,30000,12,11,7.8942413330078125
0,0,12,30000,12,12,6.312106132507324
0,0,12,30000,12,13,8.647222518920898
0,0,12,30000,12,14,8.028253555297852
0,0,12,30000,12,15,9.865413665771484
0,0,12,30000,12,16,9.727158546447754
0,0,12,30000,12,17,7.413374900817871
0,0,12,30000,12,18,6.147097110748291
0,0,12,30000,12,19,8.53925895690918
0,0,12,30000,12,20,6.985994338989258
0,0,12,30000,12,21,6.177341461181641
0,0,12,30000,12,22,7.645078659057617
0,0,12,30000,12,23,8.129998207092285
0,0,12,30000,12,24,6.456194877624512
0,0,12,30000,12,25,8.913752555847168
0,0,12,30000,12,26,8.359731674194336
0,0,12,30000,12,27,7.673060417175293
0,0,12,30000,12,28,8.296192169189453
0,0,12,30000,12,29,8.67679214477539
0,0,13,30000,13,0,7.113077163696289
0,0,13,30000,13,1,7.822271823883057
0,0,13,30000,13,2,7.3663716316223145
0,0,13,30000,13,3,6.171337604522705
0,0,13,30000,13,4,7.810647964477539
0,0,13,30000,13,5,8.189709663391113
0,0,13,30000,13,6,9.599912643432617
0,0,13,30000,13,7,8.229652404785156
0,0,13,30000,13,8,6.655725479125977
0,0,13,30000,13,9,7.409326076507568
0,0,13,30000,13,10,7.652243614196777
0,0,13,30000,13,11,5.943802833557129
0,0,13,30000,13,12,7.148077011108398
0,0,13,30000,13,13,8.354275703430176
0,0,13,30000,13,14,7.853377342224121
0,0,13,30000,13,15,9.078118324279785
0,0,13,30000,13,16,9.344734191894531
0,0,13,30000,13,17,7.106374263763428
0,0,13,30000,13,18,8.75555419921875
0,0,13,30000,13,19,6.662265300750732
0,0,13,30000,13,20,7.113027572631836
0,0,13,30000,13,21,8.42062759399414
0,0,13,30000,13,22,7.477351665496826
0,0,13,30000,13,23,7.355616569519043
0,0,13,30000,13,24,6.066656112670898
0,0,13,30000,13,25,6.543476104736328
0,0,13,30000,13,26,7.552815914154053
0,0,13,30000,13,27,7.900426387786865
0,0,13,30000,13,28,8.749283790588379
0,0,13,30000,13,29,7.315282821655273
0,0,14,30000,14,0,6.613466262817383
0,0,14,30000,14,1,5.693181991577148
0,0,14,30000,14,2,6.580554962158203
0,0,14,30000,14,3,6.221742630004883
0,0,14,30000,14,4,8.008798599243164
0,0,14,30000,14,5,8.575689315795898
0,0,14,30000,14,6,9.856956481933594
0,0,14,30000,14,7,6.645834445953369
0,0,14,30000,14,8,8.938095092773438
0,0,14,30000,14,9,7.572628974914551
0,0,14,30000,14,10,8.31101131439209
0,0,14,30000,14,11,6.285511016845703
0,0,14,30000,14,12,5.802731037139893
0,0,14,30000,14,13,8.153482437133789
0,0,14,30000,14,14,8.324612617492676
0,0,14,30000,14,15,7.34666633605957
0,0,14,30000,14,16,8.425591468811035
0,0,14,30000,14,17,7.124309539794922
0,0,14,30000,14,18,7.060472011566162
0,0,14,30000,14,19,9.653234481811523
0,0,14,30000,14,20,7.063117980957031
0,0,14,30000,14,21,8.759668350219727
0,0,14,30000,14,22,8.832967758178711
0,0,14,30000,14,23,8.27786922454834
0,0,14,30000,14,24,7.719893932342529
0,0,14,30000,14,25,9.991715431213379
0,0,14,30000,14,26,9.826129913330078
0,0,14,30000,14,27,6.982635498046875
0,0,14,30000,14,28,6.715993881225586
0,0,14,30000,14,29,8.154203414916992
0,0,15,30000,15,0,6.6602067947387695
0,0,15,30000,15,1,9.146498680114746
0,0,15,30000,15,2,8.006834030151367
0,0,15,30000,15,3,8.289875984191895
0,0,15,30000,15,4,9.064759254455566
0,0,15,30000,15,5,6.5981597900390625
0,0,15,30000,15,6,8.707159042358398
0,0,15,30000,15,7,6.555508613586426
0,0,15,30000,15,8,6.2066168785095215
0,0,15,30000,15,9,7.273488998413086
0,0,15,30000,15,10,8.057540893554688
0,0,15,30000,15,11,8.272475242614746
0,0,15,30000,15,12,7.64603328704834
0,0,15,30000,15,13,7.759686470031738
0,0,15,30000,15,14,8.108695983886719
0,0,15,30000,15,15,7.537487983703613
0,0,15,30000,15,16,8.389179229736328
0,0,15,30000,15,17,9.332096099853516
0,0,15,30000,15,18,7.965718746185303
0,0,15,30000,15,19,8.530251502990723
0,0,15,30000,15,20,8.680497169494629
0,0,15,30000,15,21,8.470381736755371
0,0,15,30000,15,22,6.196244239807129
0,0,15,30000,15,23,10.163761138916016
0,0,15,30000,15,24,8.212162971496582
0,0,15,30000,15,25,9.756244659423828
0,0,15,30000,15,26,7.740667343139648
0,0,15,30000,15,27,6.854085445404053
0,0,15,30000,15,28,7.859600067138672
0,0,15,30000,15,29,6.989801406860352
0,0,16,30000,16,0,9.232215881347656
0,0,16,30000,16,1,7.638461589813232
0,0,16,30000,16,2,5.9850077629089355
0,0,16,30000,16,3,7.8924713134765625
0,0,16,30000,16,4,9.142932891845703
0,0,16,30000,16,5,8.874093055725098
0,0,16,30000,16,6,7.113641262054443
0,0,16,30000,16,7,6.419005870819092
0,0,16,30000,16,8,7.425702095031738
0,0,16,30000,16,9,6.869609832763672
0,0,16,30000,16,10,6.592402458190918
0,0,16,30000,16,11,8.911774635314941
0,0,16,30000,16,12,7.446707248687744
0,0,16,30000,16,13,9.310195922851562
0,0,16,30000,16,14,6.870509624481201
0,0,16,30000,16,15,8.098872184753418
0,0,16,30000,16,16,9.681559562683105
0,0,16,30000,16,17,6.664577007293701
0,0,16,30000,16,18,9.99537467956543
0,0,16,30000,16,19,7.706552505493164
0,0,16,30000,16,20,6.773617744445801
0,0,16,30000,16,21,7.268819332122803
0,0,16,30000,16,22,7.754550457000732
0,0,16,30000,16,23,7.554751873016357
0,0,16,30000,16,24,7.603443145751953
0,0,16,30000,16,25,8.036429405212402
0,0,16,30000,16,26,9.123886108398438
0,0,16,30000,16,27,7.1877760887146
0,0,16,30000,16,28,9.774911880493164
0,0,16,30000,16,29,9.046768188476562
0,0,17,30000,17,0,6.292564868927002
0,0,17,30000,17,1,9.062305450439453
0,0,17,30000,17,2,9.497296333312988
0,0,17,30000,17,3,7.991522312164307
0,0,17,30000,17,4,6.893186569213867
0,0,17,30000,17,5,5.788240432739258
0,0,17,30000,17,6,6.378460884094238
0,0,17,30000,17,7,9.393915176391602
0,0,17,30000,17,8,9.238764762878418
0,0,17,30000,17,9,8.439745903015137
0,0,17,30000,17,10,7.820178985595703
0,0,17,30000,17,11,9.281203269958496
0,0,17,30000,17,12,7.068664073944092
0,0,17,30000,17,13,8.932127952575684
0,0,17,30000,17,14,7.368180751800537
0,0,17,30000,17,15,8.290647506713867
0,0,17,30000,17,16,6.93509578704834
0,0,17,30000,17,17,8.01285457611084
0,0,17,30000,17,18,9.776915550231934
0,0,17,30000,17,19,8.798103332519531
0,0,17,30000,17,20,8.338214874267578
0,0,17,30000,17,21,6.5897674560546875
0,0,17,30000,17,22,9.55815601348877
0,0,17,30000,17,23,6.315494537353516
0,0,17,30000,17,24,7.457952499389648
0,0,17,30000,17,25,7.943961143493652
0,0,17,30000,17,26,7.689024448394775
0,0,17,30000,17,27,9.888201713562012
0,0,17,30000,17,28,8.047369003295898
0,0,17,30000,17,29,9.018533706665039
0,0,18,30000,18,0,7.884850978851318
0,0,18,30000,18,1,6.627203941345215
0,0,18,30000,18,2,9.005483627319336
0,0,18,30000,18,3,7.214732646942139
0,0,18,30000,18,4,7.9853715896606445
0,0,18,30000,18,5,8.82984733581543
0,0,18,30000,18,6,6.146085262298584
0,0,18,30000,18,7,7.92215633392334
0,0,18,30000,18,8,8.475142478942871
0,0,18,30000,18,9,8.312573432922363
0,0,18,30000,18,10,7.283156394958496
0,0,18,30000,18,11,9.548477172851562
0,0,18,30000,18,12,9.390617370605469
0,0,18,30000,18,13,6.945499897003174
0,0,18,30000,18,14,8.578831672668457
0,0,18,30000,18,15,7.826499938964844
0,0,18,30000,18,16,7.370830535888672
0,0,18,30000,18,17,8.424041748046875
0,0,18,30000,18,18,8.529448509216309
0,0,18,30000,18,19,7.053604602813721
0,0,18,30000,18,20,7.408624172210693
0,0,18,30000,18,21,10.116228103637695
0,0,18,30000,18,22,7.103971481323242
0,0,18,30000,18,23,6.778979778289795
0,0,18,30000,18,24,7.198318004608154
0,0,18,30000,18,25,6.7594075202941895
0,0,18,30000,18,26,8.314584732055664
0,0,18,30000,18,27,9.42907428741455
0,0,18,30000,18,28,8.930566787719727
0,0,18,30000,18,29,9.519136428833008
0,0,19,30000,19,0,7.902890682220459
0,0,19,30000,19,1,8.927164077758789
0,0,19,30000,19,2,7.825345993041992
0,0,19,30000,19,3,8.36519718170166
0,0,19,30000,19,4,6.503541469573975
0,0,19,30000,19,5,10.197198867797852
0,0,19,30000,19,6,8.7705659866333
0,0,19,30000,19,7,6.008340358734131
0,0,19,30000,19,8,10.169122695922852
0,0,19,30000,19,9,9.92214298248291
0,0,19,30000,19,10,9.064554214477539
0,0,19,30000,19,11,7.306425094604492
0,0,19,30000,19,12,8.974554061889648
0,0,19,30000,19,13,7.590933322906494
0,0,19,30000,19,14,5.984003067016602
0,0,19,30000,19,15,7.749338150024414
0,0,19,30000,19,16,8.830504417419434
0,0,19,30000,19,17,8.664711952209473
0,0,19,30000,19,18,6.068967342376709
0,0,19,30000,19,19,8.29055118560791
0,0,19,30000,19,20,8.198813438415527
0,0,19,30000,19,21,7.911998748779297
0,0,19,30000,19,22,8.937827110290527
0,0,19,30000,19,23,6.41558837890625
0,0,19,30000,19,24,8.2275972366333
0,0,19,30000,19,25,6.8321661949157715
0,0,19,30000,19,26,6.742714881896973
0,0,19,30000,19,27,9.209955215454102
0,0,19,30000,19,28,6.864283561706543
0,0,19,30000,19,29,9.670541763305664
1,3600,0,30000,0,0,36.790565490722656
1,3600,0,30000,0,1,11.83295726776123
1,3600,0,30000,0,2,41.54967498779297
1,3600,0,30000,0,3,2.3263144493103027
1,3600,0,30000,0,4,6.3186821937561035
1,3600,0,30000,0,5,15.153389930725098
1,3600,0,30000,0,6,36.53648376464844
1,3600,0,30000,0,7,7.637145042419434
1,3600,0,30000,0,8,1.165914535522461
1,3600,0,30000,0,9,1.6616460084915161
1,3600,0,30000,0,10,7.60150671005249
1,3600,0,30000,0,11,2.9044737815856934
1,3600,0,30000,0,12,39.0418701171875
1,3600,0,30000,0,13,36.67718505859375
1,3600,0,30000,0,14,5.038501739501953
1,3600,0,30000,0,15,0.21548780798912048
1,3600,0,30000,0,16,4.143636703491211
1,3600,0,30000,0,17,42.66410827636719
1,3600,0,30000,0,18,25.631126403808594
1,3600,0,30000,0,19,13.402420043945312
1,3600,0,30000,0,20,16.273813247680664
1,3600,0,30000,0,21,5.162532806396484
1,3600,0,30000,0,22,2.2477476596832275
1,3600,0,30000,0,23,18.51447105407715
1,3600,0,30000,0,24,0.4456198811531067
1,3600,0,30000,0,25,0.22943422198295593
1,3600,0,30000,0,26,40.32258224487305
1,3600,0,30000,0,27,46.6564826965332
1,3600,0,30000,0,28,2.364772319793701
1,3600,0,30000,0,29,0.19744420051574707
1,3600,1,30000,1,0,46.87907409667969
1,3600,1,30000,1,1,34.38806915283203
1,3600,1,30000,1,2,1.7061800956726074
1,3600,1,30000,1,3,2.240532875061035
1,3600,1,30000,1,4,2.671292543411255
1,3600,1,30000,1,5,0.8871279954910278
1,3600,1,30000,1,6,7.9681010246276855
1,3600,1,30000,1,7,0.16731804609298706
1,3600,1,30000,1,8,0.12255901098251343
1,3600,1,30000,1,9,1.4573612213134766
1,3600,1,30000,1,10,34.223262786865234
1,3600,1,30000,1,11,0.15385541319847107
1,3600,1,30000,1,12,39.17597198486328
1,3600,1,30000,1,13,44.90418243408203
1,3600,1,30000,1,14,46.07890319824219
1,3600,1,30000,1,15,43.006160736083984
1,3600,1,30000,1,16,32.584693908691406
1,3600,1,30000,1,17,24.920385360717773
1,3600,1,30000,1,18,21.18365478515625
1,3600,1,30000,1,19,38.67219161987305
1,3600,1,30000,1,20,43.46922302246094
1,3600,1,30000,1,21,33.61389923095703
1,3600,1,30000,1,22,6.559483051300049
1,3600,1,30000,1,23,36.380802154541016
1,3600,1,30000,1,24,21.875131607055664
1,3600,1,30000,1,25,42.71760559082031
1,3600,1,30000,1,26,1.5478459596633911
1,3600,1,30000,1,27,31.559181213378906
1,3600,1,30000,1,28,20.277835845947266
1,3600,1,30000,1,29,3.4076898097991943
1,3600,2,30000,2,0,39.59064483642578
1,3600,2,30000,2,1,39.22939682006836
1,3600,2,30000,2,2,15.428839683532715
1,3600,2,30000,2,3,3.4156198501586914
1,3600,2,30000,2,4,40.51608657836914
1,3600,2,30000,2,5,38.010597229003906
1,3600,2,30000,2,6,47.145660400390625
1,3600,2,30000,2,7,42.315284729003906
1,3600,2,30000,2,8,0.6104579567909241
1,3600,2,30000,2,9,16.827713012695312
1,3600,2,30000,2,10,43.96549987792969
1,3600,2,30000,2,11,44.607723236083984
1,3600,2,30000,2,12,10.667736053466797
1,3600,2,30000,2,13,47.55839920043945
1,3600,2,30000,2,14,0.9527931809425354
1,3600,2,30000,2,15,15.949468612670898
1,3600,2,30000,2,16,1.327689290046692
1,3600,2,30000,2,17,23.326038360595703
1,3600,2,30000,2,18,25.282466888427734
1,3600,2,30000,2,19,0.4762444794178009
1,3600,2,30000,2,20,0.9270879030227661
1,3600,2,30000,2,21,0.3884887993335724
1,3600,2,30000,2,22,47.85010528564453
1,3600,2,30000,2,23,3.3058042526245117
1,3600,2,30000,2,24,44.146209716796875
1,3600,2,30000,2,25,0.21343424916267395
1,3600,2,30000,2,26,39.21440887451172
1,3600,2,30000,2,27,0.9564222097396851
1,3600,2,30000,2,28,12.924337387084961
1,3600,2,30000,2,29,3.3906407356262207
1,3600,3,30000,3,0,32.57670593261719
1,3600,3,30000,3,1,1.5765998363494873
1,3600,3,30000,3,2,39.85518264770508
1,3600,3,30000,3,3,1.78775155544281
1,3600,3,30000,3,4,0.11540913581848145
1,3600,3,30000,3,5,41.68433380126953
1,3600,3,30000,3,6,2.608243942260742
1,3600,3,30000,3,7,44.60340118408203
1,3600,3,30000,3,8,26.360618591308594
1,3600,3,30000,3,9,39.019474029541016
1,3600,3,30000,3,10,42.46354675292969
1,3600,3,30000,3,11,4.228992462158203
1,3600,3,30000,3,12,3.521507501602173
1,3600,3,30000,3,13,4.697500705718994
1,3600,3,30000,3,14,36.92374038696289
1,3600,3,30000,3,15,4.205698013305664
1,3600,3,30000,3,16,0.6516677141189575
1,3600,3,30000,3,17,14.655014038085938
1,3600,3,30000,3,18,3.2016448974609375
1,3600,3,30000,3,19,1.2139848470687866
1,3600,3,30000,3,20,3.7882988452911377
1,3600,3,30000,3,21,41.265132904052734
1,3600,3,30000,3,22,16.809173583984375
1,3600,3,30000,3,23,41.74613952636719
1,3600,3,30000,3,24,17.37015151977539
1,3600,3,30000,3,25,2.6666648387908936
1,3600,3,30000,3,26,44.61079025268555
1,3600,3,30000,3,27,3.1182332038879395
1,3600,3,30000,3,28,8.458043098449707
1,3600,3,30000,3,29,38.97138595581055
1,3600,4,30000,4,0,45.06301498413086
1,3600,4,30000,4,1,1.0234558582305908
1,3600,4,30000,4,2,14.033304214477539
1,3600,4,30000,4,3,1.769091248512268
1,3600,4,30000,4,4,10.77150821685791
1,3600,4,30000,4,5,42.73998260498047
1,3600,4,30000,4,6,3.5284290313720703
1,3600,4,30000,4,7,0.4729998707771301
1,3600,4,30000,4,8,0.3638869822025299
1,3600,4,30000,4,9,0.4638592004776001
1,3600,4,30000,4,10,0.24853064119815826
1,3600,4,30000,4,11,42.30455780029297
1,3600,4,30000,4,12,40.487281799316406
1,3600,4,30000,4,13,7.725578308105469
1,3600,4,30000,4,14,1.802931547164917
1,3600,4,30000,4,15,38.72167205810547
1,3600,4,30000,4,16,18.59136390686035
1,3600,4,30000,4,17,38.64986801147461
1,3600,4,30000,4,18,30.483816146850586
1,3600,4,30000,4,19,18.2562255859375
1,3600,4,30000,4,20,0.582648754119873
1,3600,4,30000,4,21,19.584775924682617
1,3600,4,30000,4,22,14.273491859436035
1,3600,4,30000,4,23,1.4280710220336914
1,3600,4,30000,4,24,1.4247697591781616
1,3600,4,30000,4,25,5.42620849609375
1,3600,4,30000,4,26,37.46211242675781
1,3600,4,30000,4,27,8.550466537475586
1,3600,4,30000,4,28,0.36344319581985474
1,3600,4,30000,4,29,1.363369107246399
1,3600,5,30000,5,0,3.143153190612793
1,3600,5,30000,5,1,4.751344203948975
1,3600,5,30000,5,2,39.844791412353516
1,3600,5,30000,5,3,2.0529677867889404
1,3600,5,30000,5,4,22.268613815307617
1,3600,5,30000,5,5,0.8520868420600891
1,3600,5,30000,5,6,37.94719314575195
1,3600,5,30000,5,7,4.2562408447265625
1,3600,5,30000,5,8,0.5140857100486755
1,3600,5,30000,5,9,24.118106842041016
1,3600,5,30000,5,10,29.45572853088379
1,3600,5,30000,5,11,0.05999999865889549
1,3600,5,30000,5,12,6.584222793579102
1,3600,5,30000,5,13,3.3724615573883057
1,3600,5,30000,5,14,1.290695071220398
1,3600,5,30000,5,15,2.6497819423675537
1,3600,5,30000,5,16,6.543115615844727
1,3600,5,30000,5,17,7.966815948486328
1,3600,5,30000,5,18,7.152581214904785
1,3600,5,30000,5,19,47.22306442260742
1,3600,5,30000,5,20,42.952293395996094
1,3600,5,30000,5,21,6.479694366455078
1,3600,5,30000,5,22,0.5052745938301086
1,3600,5,30000,5,23,2.0516157150268555
1,3600,5,30000,5,24,6.128832817077637
1,3600,5,30000,5,25,38.320579528808594
1,3600,5,30000,5,26,40.42239761352539
1,3600,5,30000,5,27,1.2317150831222534
1,3600,5,30000,5,28,1.2823100090026855
1,3600,5,30000,5,29,40.26081085205078
1,3600,6,30000,6,0,5.849766254425049
1,3600,6,30000,6,1,2.068392753601074
1,3600,6,30000,6,2,1.7706005573272705
1,3600,6,30000,6,3,1.2167154550552368
1,3600,6,30000,6,4,5.5689544677734375
1,3600,6,30000,6,5,1.118032693862915
1,3600,6,30000,6,6,42.299808502197266
1,3600,6,30000,6,7,4.542560577392578
1,3600,6,30000,6,8,3.9077484607696533
1,3600,6,30000,6,9,2.3917415142059326
1,3600,6,30000,6,10,0.503839373588562
1,3600,6,30000,6,11,4.700668811798096
1,3600,6,30000,6,12,3.3269217014312744
1,3600,6,30000,6,13,43.785743713378906
1,3600,6,30000,6,14,1.13362717628479
1,3600,6,30000,6,15,0.06587965786457062
1,3600,6,30000,6,16,38.16965103149414
1,3600,6,30000,6,17,37.6710319519043
1,3600,6,30000,6,18,32.4749870300293
1,3600,6,30000,6,19,5.126526355743408
1,3600,6,30000,6,20,33.30902099609375
1,3600,6,30000,6,21,37.91780090332031
1,3600,6,30000,6,22,46.534446716308594
1,3600,6,30000,6,23,1.6328370571136475
1,3600,6,30000,6,24,35.00101089477539
1,3600,6,30000,6,25,1.2939085960388184
1,3600,6,30000,6,26,1.734659194946289
1,3600,6,30000,6,27,4.314777374267578
1,3600,6,30000,6,28,4.148610591888428
1,3600,6,30000,6,29,1.573165774345398
1,3600,7,30000,7,0,11.845512390136719
1,3600,7,30000,7,1,24.878454208374023
1,3600,7,30000,7,2,0.38365638256073
1,3600,7,30000,7,3,21.16904640197754
1,3600,7,30000,7,4,40.40107727050781
1,3600,7,30000,7,5,44.30874252319336
1,3600,7,30000,7,6,18.36614227294922
1,3600,7,30000,7,7,42.018898010253906
1,3600,7,30000,7,8,20.44289207458496
1,3600,7,30000,7,9,35.68939971923828
1,3600,7,30000,7,10,0.07904362678527832
1,3600,7,30000,7,11,5.228580951690674
1,3600,7,30000,7,12,20.174123764038086
1,3600,7,30000,7,13,41.60243606567383
1,3600,7,30000,7,14,1.1640533208847046
1,3600,7,30000,7,15,36.00404739379883
1,3600,7,30000,7,16,5.959306240081787
1,3600,7,30000,7,17,7.7530412673950195
1,3600,7,30000,7,18,1.3162132501602173
1,3600,7,30000,7,19,38.16482925415039
1,3600,7,30000,7,20,0.39777565002441406
1,3600,7,30000,7,21,37.40164566040039
1,3600,7,30000,7,22,36.1263313293457
1,3600,7,30000,7,23,1.5679144859313965
1,3600,7,30000,7,24,1.1667025089263916
1,3600,7,30000,7,25,24.384613037109375
1,3600,7,30000,7,26,31.389827728271484
1,3600,7,30000,7,27,0.2089381217956543
1,3600,7,30000,7,28,22.776798248291016
1,3600,7,30000,7,29,30.253807067871094
1,3600,8,30000,8,0,50.02955627441406
1,3600,8,30000,8,1,1.6824520826339722
1,3600,8,30000,8,2,0.4145053029060364
1,3600,8,30000,8,3,2.0006024837493896
1,3600,8,30000,8,4,1.035492181777954
1,3600,8,30000,8,5,18.55894660949707
1,3600,8,30000,8,6,2.137336254119873
1,3600,8,30000,8,7,6.792958736419678
1,3600,8,30000,8,8,0.10146378725767136
1,3600,8,30000,8,9,1.3334481716156006
1,3600,8,30000,8,10,0.25695207715034485
1,3600,8,30000,8,11,0.24584774672985077
1,3600,8,30000,8,12,0.4809524416923523
1,3600,8,30000,8,13,48.6970329284668
1,3600,8,30000,8,14,3.1589643955230713
1,3600,8,30000,8,15,40.53657531738281
1,3600,8,30000,8,16,1.3787169456481934
1,3600,8,30000,8,17,1.85776948928833
1,3600,8,30000,8,18,23.33449935913086
1,3600,8,30000,8,19,19.670143127441406
1,3600,8,30000,8,20,32.86255645751953
1,3600,8,30000,8,21,27.563478469848633
1,3600,8,30000,8,22,41.77061462402344
1,3600,8,30000,8,23,1.3919239044189453
1,3600,8,30000,8,24,2.4500627517700195
1,3600,8,30000,8,25,40.51766586303711
1,3600,8,30000,8,26,43.947998046875
1,3600,8,30000,8,27,6.084407806396484
1,3600,8,30000,8,28,1.9170066118240356
1,3600,8,30000,8,29,1.7059547901153564
1,3600,9,30000,9,0,2.7486867904663086
1,3600,9,30000,9,1,37.38399887084961
1,3600,9,30000,9,2,41.302913665771484
1,3600,9,30000,9,3,0.7588925361633301
1,3600,9,30000,9,4,22.001121520996094
1,3600,9,30000,9,5,4.55211067199707
1,3600,9,30000,9,6,24.76280403137207
1,3600,9,30000,9,7,45.77088928222656
1,3600,9,30000,9,8,0.7218583822250366
1,3600,9,30000,9,9,7.793315410614014
1,3600,9,30000,9,10,23.688261032104492
1,3600,9,30000,9,11,3.032529592514038
1,3600,9,30000,9,12,30.943042755126953
1,3600,9,30000,9,13,3.160460948944092
1,3600,9,30000,9,14,37.66038513183594
1,3600,9,30000,9,15,36.070152282714844
1,3600,9,30000,9,16,40.806236267089844
1,3600,9,30000,9,17,17.98420524597168
1,3600,9,30000,9,18,35.018089294433594
1,3600,9,30000,9,19,4.3802337646484375
1,3600,9,30000,9,20,37.77794647216797
1,3600,9,30000,9,21,43.90085983276367
1,3600,9,30000,9,22,35.512413024902344
1,3600,9,30000,9,23,1.6956013441085815
1,3600,9,30000,9,24,46.70502853393555
1,3600,9,30000,9,25,18.14752960205078
1,3600,9,30000,9,26,0.9898607134819031
1,3600,9,30000,9,27,1.3584229946136475
1,3600,9,30000,9,28,1.3454760313034058
1,3600,9,30000,9,29,1.660696029663086
1,3600,10,30000,10,0,47.44591522216797
1,3600,10,30000,10,1,5.478792667388916
1,3600,10,30000,10,2,1.6113073825836182
1,3600,10,30000,10,3,40.66359329223633
1,3600,10,30000,10,4,1.557410478591919
1,3600,10,30000,10,5,7.319018840789795
1,3600,10,30000,10,6,2.021313190460205
1,3600,10,30000,10,7,10.232542991638184
1,3600,10,30000,10,8,2.8103156089782715
1,3600,10,30000,10,9,42.61216735839844
1,3600,10,30000,10,10,26.24087905883789
1,3600,10,30000,10,11,39.027496337890625
1,3600,10,30000,10,12,0.05999999865889549
1,3600,10,30000,10,13,18.854965209960938
1,3600,10,30000,10,14,13.428577423095703
1,3600,10,30000,10,15,21.037797927856445
1,3600,10,30000,10,16,39.75680923461914
1,3600,10,30000,10,17,0.8574458360671997
1,3600,10,30000,10,18,28.23295783996582
1,3600,10,30000,10,19,2.179044485092163
1,3600,10,30000,10,20,4.961010932922363
1,3600,10,30000,10,21,31.222251892089844
1,3600,10,30000,10,22,1.2200701236724854
1,3600,10,30000,10,23,47.00157928466797
1,3600,10,30000,10,24,21.203319549560547
1,3600,10,30000,10,25,15.053121566772461
1,3600,10,30000,10,26,2.778109073638916
1,3600,10,30000,10,27,0.335662305355072
1,3600,10,30000,10,28,39.77383804321289
1,3600,10,30000,10,29,10.156303405761719
1,3600,11,30000,11,0,40.70993423461914
1,3600,11,30000,11,1,43.27218246459961
1,3600,11,30000,11,2,3.7133846282958984
1,3600,11,30000,11,3,22.63245964050293
1,3600,11,30000,11,4,3.119922399520874
1,3600,11,30000,11,5,4.224530220031738
1,3600,11,30000,11,6,48.001468658447266
1,3600,11,30000,11,7,3.823841094970703
1,3600,11,30000,11,8,1.484393835067749
1,3600,11,30000,11,9,15.48995590209961
1,3600,11,30000,11,10,0.05999999865889549
1,3600,11,30000,11,11,21.901735305786133
1,3600,11,30000,11,12,17.2366886138916
1,3600,11,30000,11,13,3.598078727722168
1,3600,11,30000,11,14,1.0792485475540161
1,3600,11,30000,11,15,0.419275164604187
1,3600,11,30000,11,16,15.329057693481445
1,3600,11,30000,11,17,33.591121673583984
1,3600,11,30000,11,18,49.741851806640625
1,3600,11,30000,11,19,44.73094940185547
1,3600,11,30000,11,20,10.062222480773926
1,3600,11,30000,11,21,34.417179107666016
1,3600,11,30000,11,22,39.2067985534668
1,3600,11,30000,11,23,39.9476203918457
1,3600,11,30000,11,24,3.438749313354492
1,3600,11,30000,11,25,0.512843906879425
1,3600,11,30000,11,26,34.927913665771484
1,3600,11,30000,11,27,35.019554138183594
1,3600,11,30000,11,28,6.0041093826293945
1,3600,11,30000,11,29,17.83934211730957
1,3600,12,30000,12,0,4.195369720458984
1,3600,12,30000,12,1,0.6205852031707764
1,3600,12,30000,12,2,1.407116174697876
1,3600,12,30000,12,3,4.648904323577881
1,3600,12,30000,12,4,5.923009872436523
1,3600,12,30000,12,5,23.87274742126465
1,3600,12,30000,12,6,45.44576644897461
1,3600,12,30000,12,7,36.2713508605957
1,3600,12,30000,12,8,25.88063621520996
1,3600,12,30000,12,9,38.89204025268555
1,3600,12,30000,12,10,2.0771169662475586
1,3600,12,30000,12,11,25.806238174438477
1,3600,12,30000,12,12,0.42903590202331543
1,3600,12,30000,12,13,43.03475570678711
1,3600,12,30000,12,14,3.813009262084961
1,3600,12,30000,12,15,0.6333048343658447
1,3600,12,30000,12,16,44.501949310302734
1,3600,12,30000,12,17,41.31533432006836
1,3600,12,30000,12,18,0.10709278285503387
1,3600,12,30000,12,19,38.035797119140625
1,3600,12,30000,12,20,5.627353668212891
1,3600,12,30000,12,21,3.0062108039855957
1,3600,12,30000,12,22,0.7204477190971375
1,3600,12,30000,12,23,0.1262417435646057
1,3600,12,30000,12,24,1.2103464603424072
1,3600,12,30000,12,25,0.6627023220062256
1,3600,12,30000,12,26,45.47541809082031
1,3600,12,30000,12,27,0.7555275559425354
1,3600,12,30000,12,28,34.86472702026367
1,3600,12,30000,12,29,39.803428649902344
1,3600,13,30000,13,0,39.207401275634766
1,3600,13,30000,13,1,14.021465301513672
1,3600,13,30000,13,2,1.2198243141174316
1,3600,13,30000,13,3,0.14344166219234467
1,3600,13,30000,13,4,17.558130264282227
1,3600,13,30000,13,5,0.13517247140407562
1,3600,13,30000,13,6,26.59490203857422
1,3600,13,30000,13,7,1.5120797157287598
1,3600,13,30000,13,8,0.6506088972091675
1,3600,13,30000,13,9,1.5752687454223633
1,3600,13,30000,13,10,16.32109832763672
1,3600,13,30000,13,11,14.654385566711426
1,3600,13,30000,13,12,36.99720764160156
1,3600,13,30000,13,13,1.8304446935653687
1,3600,13,30000,13,14,47.68368911743164
1,3600,13,30000,13,15,0.49414029717445374
1,3600,13,30000,13,16,40.74842071533203
1,3600,13,30000,13,17,19.644529342651367
1,3600,13,30000,13,18,4.605405330657959
1,3600,13,30000,13,19,20.165748596191406
1,3600,13,30000,13,20,22.00566291809082
1,3600,13,30000,13,21,1.2542991638183594
1,3600,13,30000,13,22,0.6050026416778564
1,3600,13,30000,13,23,1.1421782970428467
1,3600,13,30000,13,24,16.51447296142578
1,3600,13,30000,13,25,16.005403518676758
1,3600,13,30000,13,26,0.4604381322860718
1,3600,13,30000,13,27,43.85607147216797
1,3600,13,30000,13,28,2.8479058742523193
1,3600,13,30000,13,29,0.17179466784000397
1,3600,14,30000,14,0,36.72916030883789
1,3600,14,30000,14,1,0.222069650888443
1,3600,14,30000,14,2,17.727731704711914
1,3600,14,30000,14,3,0.23215579986572266
1,3600,14,30000,14,4,46.67821502685547
1,3600,14,30000,14,5,2.1021666526794434
1,3600,14,30000,14,6,4.950403213500977
1,3600,14,30000,14,7,14.707737922668457
1,3600,14,30000,14,8,40.10249328613281
1,3600,14,30000,14,9,2.3603107929229736
1,3600,14,30000,14,10,18.40491485595703
1,3600,14,30000,14,11,5.424560070037842
1,3600,14,30000,14,12,1.7358704805374146
1,3600,14,30000,14,13,4.398621559143066
1,3600,14,30000,14,14,3.2289135456085205
1,3600,14,30000,14,15,0.8304567933082581
1,3600,14,30000,14,16,40.940547943115234
1,3600,14,30000,14,17,37.860782623291016
1,3600,14,30000,14,18,3.224137783050537
1,3600,14,30000,14,19,19.500818252563477
1,3600,14,30000,14,20,16.978561401367188
1,3600,14,30000,14,21,2.3807897567749023
1,3600,14,30000,14,22,6.22451639175415
1,3600,14,30000,14,23,12.709966659545898
1,3600,14,30000,14,24,7.651309490203857
1,3600,14,30000,14,25,0.2353077530860901
1,3600,14,30000,14,26,0.2249872088432312
1,3600,14,30000,14,27,0.2546936571598053
1,3600,14,30000,14,28,2.9974679946899414
1,3600,14,30000,14,29,0.37721800804138184
1,3600,15,30000,15,0,26.56658935546875
1,3600,15,30000,15,1,4.73743200302124
1,3600,15,30000,15,2,15.95722770690918
1,3600,15,30000,15,3,5.482883930206299
1,3600,15,30000,15,4,0.46889185905456543
1,3600,15,30000,15,5,28.50701904296875
1,3600,15,30000,15,6,0.05999999865889549
1,3600,15,30000,15,7,45.886104583740234
1,3600,15,30000,15,8,3.458780527114868
1,3600,15,30000,15,9,3.609424591064453
1,3600,15,30000,15,10,2.0585153102874756
1,3600,15,30000,15,11,49.920257568359375
1,3600,15,30000,15,12,39.99475860595703
1,3600,15,30000,15,13,36.41119384765625
1,3600,15,30000,15,14,3.2583954334259033
1,3600,15,30000,15,15,4.6947126388549805
1,3600,15,30000,15,16,37.591312408447266
1,3600,15,30000,15,17,45.882301330566406
1,3600,15,30000,15,18,35.280269622802734
1,3600,15,30000,15,19,0.6801867485046387
1,3600,15,30000,15,20,6.5117106437683105
1,3600,15,30000,15,21,38.06045150756836
1,3600,15,30000,15,22,16.385032653808594
1,3600,15,30000,15,23,0.36973270773887634
1,3600,15,30000,15,24,0.5490699410438538
1,3600,15,30000,15,25,3.39046049118042
1,3600,15,30000,15,26,42.38185501098633
1,3600,15,30000,15,27,16.944887161254883
1,3600,15,30000,15,28,24.00680160522461
1,3600,15,30000,15,29,21.47306251525879
1,3600,16,30000,16,0,44.77475357055664
1,3600,16,30000,16,1,23.228374481201172
1,3600,16,30000,16,2,42.222049713134766
1,3600,16,30000,16,3,1.1281318664550781
1,3600,16,30000,16,4,0.1558530330657959
1,3600,16,30000,16,5,40.75088119506836
1,3600,16,30000,16,6,0.36987531185150146
1,3600,16,30000,16,7,1.1557639837265015
1,3600,16,30000,16,8,46.059326171875
1,3600,16,30000,16,9,45.17989730834961
1,3600,16,30000,16,10,0.7456088662147522
1,3600,16,30000,16,11,15.519990921020508
1,3600,16,30000,16,12,18.7000732421875
1,3600,16,30000,16,13,0.25261250138282776
1,3600,16,30000,16,14,0.6345356702804565
1,3600,16,30000,16,15,1.0727580785751343
1,3600,16,30000,16,16,6.323480606079102
1,3600,16,30000,16,17,2.53737211227417
1,3600,16,30000,16,18,23.110437393188477
1,3600,16,30000,16,19,2.2053754329681396
1,3600,16,30000,16,20,3.6045687198638916
1,3600,16,30000,16,21,0.5338143110275269
1,3600,16,30000,16,22,43.07929992675781
1,3600,16,30000,16,23,41.91975402832031
1,3600,16,30000,16,24,9.492424011230469
1,3600,16,30000,16,25,43.94407653808594
1,3600,16,30000,16,26,9.994377136230469
1,3600,16,30000,16,27,38.73716354370117
1,3600,16,30000,16,28,0.5441598892211914
1,3600,16,30000,16,29,34.830589294433594
1,3600,17,30000,17,0,0.7309600114822388
1,3600,17,30000,17,1,23.844491958618164
1,3600,17,30000,17,2,5.1765336990356445
1,3600,17,30000,17,3,3.025369167327881
1,3600,17,30000,17,4,31.311304092407227
1,3600,17,30000,17,5,0.7333750128746033
1,3600,17,30000,17,6,40.48457336425781
1,3600,17,30000,17,7,32.2164306640625
1,3600,17,30000,17,8,38.7263069152832
1,3600,17,30000,17,9,0.09157655388116837
1,3600,17,30000,17,10,2.153040885925293
1,3600,17,30000,17,11,47.92259216308594
1,3600,17,30000,17,12,18.837011337280273
1,3600,17,30000,17,13,46.92964553833008
1,3600,17,30000,17,14,40.07682800292969
1,3600,17,30000,17,15,0.9939942359924316
1,3600,17,30000,17,16,3.5471935272216797
1,3600,17,30000,17,17,40.820289611816406
1,3600,17,30000,17,18,0.9077780246734619
1,3600,17,30000,17,19,41.037025451660156
1,3600,17,30000,17,20,1.859890103340149
1,3600,17,30000,17,21,3.261181592941284
1,3600,17,30000,17,22,22.171146392822266
1,3600,17,30000,17,23,1.1078476905822754
1,3600,17,30000,17,24,2.4804091453552246
1,3600,17,30000,17,25,0.2594972848892212
1,3600,17,30000,17,26,2.519725799560547
1,3600,17,30000,17,27,2.609391689300537
1,3600,17,30000,17,28,4.258909702301025
1,3600,17,30000,17,29,37.5947380065918
1,3600,18,30000,18,0,18.880950927734375
1,3600,18,30000,18,1,1.6389514207839966
1,3600,18,30000,18,2,0.12093528360128403
1,3600,18,30000,18,3,4.380977153778076
1,3600,18,30000,18,4,5.255468845367432
1,3600,18,30000,18,5,2.013993501663208
1,3600,18,30000,18,6,42.344181060791016
1,3600,18,30000,18,7,41.02923583984375
1,3600,18,30000,18,8,40.12870407104492
1,3600,18,30000,18,9,5.043237686157227
1,3600,18,30000,18,10,40.37553405761719
1,3600,18,30000,18,11,1.8710463047027588
1,3600,18,30000,18,12,29.637981414794922
1,3600,18,30000,18,13,33.65324401855469
1,3600,18,30000,18,14,46.15207290649414
1,3600,18,30000,18,15,20.841510772705078
1,3600,18,30000,18,16,0.11401580274105072
1,3600,18,30000,18,17,8.067700386047363
1,3600,18,30000,18,18,1.4882537126541138
1,3600,18,30000,18,19,20.543954849243164
1,3600,18,30000,18,20,1.2542972564697266
1,3600,18,30000,18,21,23.748985290527344
1,3600,18,30000,18,22,0.8175379037857056
1,3600,18,30000,18,23,37.886173248291016
1,3600,18,30000,18,24,1.5857911109924316
1,3600,18,30000,18,25,23.824596405029297
1,3600,18,30000,18,26,0.5040221810340881
1,3600,18,30000,18,27,0.43783360719680786
1,3600,18,30000,18,28,10.140669822692871
1,3600,18,30000,18,29,9.314323425292969
1,3600,19,30000,19,0,2.257992744445801
1,3600,19,30000,19,1,5.368714332580566
1,3600,19,30000,19,2,2.6141300201416016
1,3600,19,30000,19,3,2.1182100772857666
1,3600,19,30000,19,4,40.26462936401367
1,3600,19,30000,19,5,2.6403441429138184
1,3600,19,30000,19,6,44.423583984375
1,3600,19,30000,19,7,0.4956151247024536
1,3600,19,30000,19,8,46.582237243652344
1,3600,19,30000,19,9,3.0216660499572754
1,3600,19,30000,19,10,46.23428726196289
1,3600,19,30000,19,11,4.90963888168335
1,3600,19,30000,19,12,42.33210372924805
1,3600,19,30000,19,13,39.93031311035156
1,3600,19,30000,19,14,22.67185401916504
1,3600,19,30000,19,15,4.440650939941406
1,3600,19,30000,19,16,40.80231857299805
1,3600,19,30000,19,17,8.97909164428711
1,3600,19,30000,19,18,32.33717727661133
1,3600,19,30000,19,19,1.736952543258667
1,3600,19,30000,19,20,2.521792411804199
1,3600,19,30000,19,21,0.09860736131668091
1,3600,19,30000,19,22,4.393362045288086
1,3600,19,30000,19,23,37.24494552612305
1,3600,19,30000,19,24,39.87820053100586
1,3600,19,30000,19,25,1.0833982229232788
1,3600,19,30000,19,26,4.514338970184326
1,3600,19,30000,19,27,24.423505783081055
1,3600,19,30000,19,28,33.95676803588867
1,3600,19,30000,19,29,1.2546755075454712
2,7200,0,30000,0,0,0.5726515650749207
2,7200,0,30000,0,1,19.80101203918457
2,7200,0,30000,0,2,0.8681671619415283
2,7200,0,30000,0,3,0.10062314569950104
2,7200,0,30000,0,4,11.590569496154785
2,7200,0,30000,0,5,24.36933135986328
2,7200,0,30000,0,6,0.9512875080108643
2,7200,0,30000,0,7,14.713602066040039
2,7200,0,30000,0,8,3.7838473320007324
2,7200,0,30000,0,9,0.09868842363357544
2,7200,0,30000,0,10,0.2700982689857483
2,7200,0,30000,0,11,0.10176293551921844
2,7200,0,30000,0,12,5.8182268142700195
2,7200,0,30000,0,13,1.3580777645111084
2,7200,0,30000,0,14,11.615960121154785
2,7200,0,30000,0,15,2.2747275829315186
2,7200,0,30000,0,16,11.299232482910156
2,7200,0,30000,0,17,1.1665747165679932
2,7200,0,30000,0,18,1.2108638286590576
2,7200,0,30000,0,19,22.28652572631836
2,7200,0,30000,0,20,25.043607711791992
2,7200,0,30000,0,21,0.05999999865889549
2,7200,0,30000,0,22,6.525944232940674
2,7200,0,30000,0,23,0.5086758136749268
2,7200,0,30000,0,24,2.551302909851074
2,7200,0,30000,0,25,1.8411625623703003
2,7200,0,30000,0,26,2.800875663757324
2,7200,0,30000,0,27,7.657406806945801
2,7200,0,30000,0,28,6.875009059906006
2,7200,0,30000,0,29,2.352853536605835
2,7200,1,30000,1,0,6.246362209320068
2,7200,1,30000,1,1,1.085325002670288
2,7200,1,30000,1,2,8.309677124023438
2,7200,1,30000,1,3,10.508233070373535
2,7200,1,30000,1,4,6.109430313110352
2,7200,1,30000,1,5,6.42772912979126
2,7200,1,30000,1,6,15.324769020080566
2,7200,1,30000,1,7,0.845027506351471
2,7200,1,30000,1,8,3.318737030029297
2,7200,1,30000,1,9,0.0777769386768341
2,7200,1,30000,1,10,1.5577987432479858
2,7200,1,30000,1,11,2.720984935760498
2,7200,1,30000,1,12,0.9612301588058472
2,7200,1,30000,1,13,1.2114490270614624
2,7200,1,30000,1,14,5.615544319152832
2,7200,1,30000,1,15,6.052980422973633
2,7200,1,30000,1,16,0.6433111429214478
2,7200,1,30000,1,17,1.4396984577178955
2,7200,1,30000,1,18,30.26909828186035
2,7200,1,30000,1,19,1.05588698387146
2,7200,1,30000,1,20,5.608529090881348
2,7200,1,30000,1,21,0.31797581911087036
2,7200,1,30000,1,22,0.4843730628490448
2,7200,1,30000,1,23,4.842321395874023
2,7200,1,30000,1,24,0.10663795471191406
2,7200,1,30000,1,25,5.7932586669921875
2,7200,1,30000,1,26,0.13742108643054962
2,7200,1,30000,1,27,4.198794364929199
2,7200,1,30000,1,28,29.904218673706055
2,7200,1,30000,1,29,5.967286109924316
2,7200,2,30000,2,0,5.944441318511963
2,7200,2,30000,2,1,6.486656665802002
2,7200,2,30000,2,2,0.27030104398727417
2,7200,2,30000,2,3,6.608772277832031
2,7200,2,30000,2,4,0.7064433693885803
2,7200,2,30000,2,5,5.844328880310059
2,7200,2,30000,2,6,7.464631080627441
2,7200,2,30000,2,7,0.3631397485733032
2,7200,2,30000,2,8,3.507260322570801
2,7200,2,30000,2,9,24.897403717041016
2,7200,2,30000,2,10,6.538880348205566
2,7200,2,30000,2,11,6.46529483795166
2,7200,2,30000,2,12,0.6269866228103638
2,7200,2,30000,2,13,0.5450885891914368
2,7200,2,30000,2,14,4.782779216766357
2,7200,2,30000,2,15,24.75678825378418
2,7200,2,30000,2,16,3.29561710357666
2,7200,2,30000,2,17,33.74613571166992
2,7200,2,30000,2,18,1.0365314483642578
2,7200,2,30000,2,19,0.05999999865889549
2,7200,2,30000,2,20,2.792391777038574
2,7200,2,30000,2,21,8.10530948638916
2,7200,2,30000,2,22,69.56475067138672
2,7200,2,30000,2,23,9.576957702636719
2,7200,2,30000,2,24,6.445567607879639
2,7200,2,30000,2,25,2.5155086517333984
2,7200,2,30000,2,26,1.4166301488876343
2,7200,2,30000,2,27,2.9994499683380127
2,7200,2,30000,2,28,15.545151710510254
2,7200,2,30000,2,29,9.777624130249023
2,7200,3,30000,3,0,0.23171411454677582
2,7200,3,30000,3,1,6.671710014343262
2,7200,3,30000,3,2,5.6798481941223145
2,7200,3,30000,3,3,0.14890114963054657
2,7200,3,30000,3,4,1.4580755233764648
2,7200,3,30000,3,5,1.066446304321289
2,7200,3,30000,3,6,5.82967472076416
2,7200,3,30000,3,7,0.7630746960639954
2,7200,3,30000,3,8,0.8492235541343689
2,7200,3,30000,3,9,7.277886867523193
2,7200,3,30000,3,10,1.4860024452209473
2,7200,3,30000,3,11,0.7767871618270874
2,7200,3,30000,3,12,0.07157543301582336
2,7200,3,30000,3,13,8.631623268127441
2,7200,3,30000,3,14,0.4846070408821106
2,7200,3,30000,3,15,10.098841667175293
2,7200,3,30000,3,16,3.2357699871063232
2,7200,3,30000,3,17,24.94355010986328
2,7200,3,30000,3,18,9.400362968444824
2,7200,3,30000,3,19,0.14890609681606293
2,7200,3,30000,3,20,8.801926612854004
2,7200,3,30000,3,21,5.976051330566406
2,7200,3,30000,3,22,27.355222702026367
2,7200,3,30000,3,23,4.665750980377197
2,7200,3,30000,3,24,28.482810974121094
2,7200,3,30000,3,25,0.2711004316806793
2,7200,3,30000,3,26,7.362624168395996
2,7200,3,30000,3,27,5.813039779663086
2,7200,3,30000,3,28,16.463836669921875
2,7200,3,30000,3,29,2.7086055278778076
2,7200,4,30000,4,0,1.5555620193481445
2,7200,4,30000,4,1,8.667799949645996
2,7200,4,30000,4,2,21.49175262451172
2,7200,4,30000,4,3,4.788636684417725
2,7200,4,30000,4,4,18.83609962463379
2,7200,4,30000,4,5,5.223012924194336
2,7200,4,30000,4,6,7.904362678527832
2,7200,4,30000,4,7,1.3767244815826416
2,7200,4,30000,4,8,2.5238382816314697
2,7200,4,30000,4,9,2.392082452774048
2,7200,4,30000,4,10,1.586467981338501
2,7200,4,30000,4,11,0.22025138139724731
2,7200,4,30000,4,12,0.856523334980011
2,7200,4,30000,4,13,17.960350036621094
2,7200,4,30000,4,14,0.18467800319194794
2,7200,4,30000,4,15,5.446491718292236
2,7200,4,30000,4,16,0.7272907495498657
2,7200,4,30000,4,17,5.579759120941162
2,7200,4,30000,4,18,4.227356910705566
2,7200,4,30000,4,19,0.16201044619083405
2,7200,4,30000,4,20,6.775084972381592
2,7200,4,30000,4,21,1.0565227270126343
2,7200,4,30000,4,22,23.943418502807617
2,7200,4,30000,4,23,9.77824878692627
2,7200,4,30000,4,24,2.8042774200439453
2,7200,4,30000,4,25,0.09530970454216003
2,7200,4,30000,4,26,5.387042999267578
2,7200,4,30000,4,27,0.42515885829925537
2,7200,4,30000,4,28,2.4070069789886475
2,7200,4,30000,4,29,0.253278911113739
2,7200,5,30000,5,0,0.15347707271575928
2,7200,5,30000,5,1,0.24477669596672058
2,7200,5,30000,5,2,1.530483603477478
2,7200,5,30000,5,3,0.05999999865889549
2,7200,5,30000,5,4,1.0685548782348633
2,7200,5,30000,5,5,6.866584777832031
2,7200,5,30000,5,6,4.727495193481445
2,7200,5,30000,5,7,8.303220748901367
2,7200,5,30000,5,8,3.237980604171753
2,7200,5,30000,5,9,0.41549089550971985
2,7200,5,30000,5,10,0.7917817831039429
2,7200,5,30000,5,11,0.7035576105117798
2,7200,5,30000,5,12,13.876084327697754
2,7200,5,30000,5,13,0.2936711311340332
2,7200,5,30000,5,14,4.6587443351745605
2,7200,5,30000,5,15,5.272925853729248
2,7200,5,30000,5,16,13.19894027709961
2,7200,5,30000,5,17,17.961315155029297
2,7200,5,30000,5,18,14.473489761352539
2,7200,5,30000,5,19,6.247552394866943
2,7200,5,30000,5,20,5.258461952209473
2,7200,5,30000,5,21,16.20435333251953
2,7200,5,30000,5,22,4.005491733551025
2,7200,5,30000,5,23,4.483891487121582
2,7200,5,30000,5,24,0.44198077917099
2,7200,5,30000,5,25,1.5392560958862305
2,7200,5,30000,5,26,0.3016308546066284
2,7200,5,30000,5,27,4.628610610961914
2,7200,5,30000,5,28,0.18745987117290497
2,7200,5,30000,5,29,1.055687427520752
2,7200,6,30000,6,0,0.3737247884273529
2,7200,6,30000,6,1,0.06999228894710541
2,7200,6,30000,6,2,6.333432197570801
2,7200,6,30000,6,3,7.102457523345947
2,7200,6,30000,6,4,0.25851184129714966
2,7200,6,30000,6,5,7.235061168670654
2,7200,6,30000,6,6,1.3030500411987305
2,7200,6,30000,6,7,12.295550346374512
2,7200,6,30000,6,8,0.1165936216711998
2,7200,6,30000,6,9,7.903192520141602
2,7200,6,30000,6,10,5.203553676605225
2,7200,6,30000,6,11,12.212044715881348
2,7200,6,30000,6,12,11.853608131408691
2,7200,6,30000,6,13,0.3964326083660126
2,7200,6,30000,6,14,7.384852409362793
2,7200,6,30000,6,15,1.8256397247314453
2,7200,6,30000,6,16,5.164182186126709
2,7200,6,30000,6,17,4.160211563110352
2,7200,6,30000,6,18,4.7594194412231445
2,7200,6,30000,6,19,13.965103149414062
2,7200,6,30000,6,20,2.5907509326934814
2,7200,6,30000,6,21,1.5381810665130615
2,7200,6,30000,6,22,2.2821593284606934
2,7200,6,30000,6,23,7.15396785736084
2,7200,6,30000,6,24,0.5386170148849487
2,7200,6,30000,6,25,7.640183925628662
2,7200,6,30000,6,26,7.677347660064697
2,7200,6,30000,6,27,13.742748260498047
2,7200,6,30000,6,28,0.3825069069862366
2,7200,6,30000,6,29,0.23370736837387085
2,7200,7,30000,7,0,21.205411911010742
2,7200,7,30000,7,1,35.90635299682617
2,7200,7,30000,7,2,2.7736244201660156
2,7200,7,30000,7,3,33.755287170410156
2,7200,7,30000,7,4,3.3007442951202393
2,7200,7,30000,7,5,3.610399007797241
2,7200,7,30000,7,6,0.9890537858009338
2,7200,7,30000,7,7,1.5156902074813843
2,7200,7,30000,7,8,30.409393310546875
2,7200,7,30000,7,9,1.1705639362335205
2,7200,7,30000,7,10,1.8320192098617554
2,7200,7,30000,7,11,0.8945387601852417
2,7200,7,30000,7,12,28.837356567382812
2,7200,7,30000,7,13,0.4496590495109558
2,7200,7,30000,7,14,2.8379929065704346
2,7200,7,30000,7,15,14.037383079528809
2,7200,7,30000,7,16,0.4030105769634247
2,7200,7,30000,7,17,0.31170985102653503
2,7200,7,30000,7,18,0.05999999865889549
2,7200,7,30000,7,19,5.1620025634765625
2,7200,7,30000,7,20,2.258467674255371
2,7200,7,30000,7,21,9.626200675964355
2,7200,7,30000,7,22,0.33949607610702515
2,7200,7,30000,7,23,4.431125164031982
2,7200,7,30000,7,24,3.7181553840637207
2,7200,7,30000,7,25,35.610111236572266
2,7200,7,30000,7,26,3.5293190479278564
2,7200,7,30000,7,27,2.3645384311676025
2,7200,7,30000,7,28,0.4973078966140747
2,7200,7,30000,7,29,0.2449607253074646
2,7200,8,30000,8,0,1.3094936609268188
2,7200,8,30000,8,1,4.044506072998047
2,7200,8,30000,8,2,5.887183666229248
2,7200,8,30000,8,3,0.13556262850761414
2,7200,8,30000,8,4,2.9133946895599365
2,7200,8,30000,8,5,0.4798623025417328
2,7200,8,30000,8,6,10.570390701293945
2,7200,8,30000,8,7,15.185916900634766
2,7200,8,30000,8,8,2.11538028717041
2,7200,8,30000,8,9,8.842803955078125
2,7200,8,30000,8,10,1.3798763751983643
2,7200,8,30000,8,11,6.149258613586426
2,7200,8,30000,8,12,5.9518842697143555
2,7200,8,30000,8,13,15.254892349243164
2,7200,8,30000,8,14,0.3998301029205322
2,7200,8,30000,8,15,9.51949405670166
2,7200,8,30000,8,16,7.332792282104492
2,7200,8,30000,8,17,0.21978798508644104
2,7200,8,30000,8,18,33.92132568359375
2,7200,8,30000,8,19,28.98893928527832
2,7200,8,30000,8,20,39.253196716308594
2,7200,8,30000,8,21,0.0724685937166214
2,7200,8,30000,8,22,4.016984462738037
2,7200,8,30000,8,23,7.540042877197266
2,7200,8,30000,8,24,0.3116036057472229
2,7200,8,30000,8,25,0.3623734712600708
2,7200,8,30000,8,26,2.9137020111083984
2,7200,8,30000,8,27,13.605230331420898
2,7200,8,30000,8,28,0.13050654530525208
2,7200,8,30000,8,29,9.522880554199219
2,7200,9,30000,9,0,0.3176027536392212
2,7200,9,30000,9,1,1.490662932395935
2,7200,9,30000,9,2,3.683924436569214
2,7200,9,30000,9,3,4.271796703338623
2,7200,9,30000,9,4,32.80826187133789
2,7200,9,30000,9,5,12.782537460327148
2,7200,9,30000,9,6,0.07764944434165955
2,7200,9,30000,9,7,3.477895498275757
2,7200,9,30000,9,8,3.187330722808838
2,7200,9,30000,9,9,11.336393356323242
2,7200,9,30000,9,10,1.0990080833435059
2,7200,9,30000,9,11,0.12575069069862366
2,7200,9,30000,9,12,5.840364933013916
2,7200,9,30000,9,13,8.762517929077148
2,7200,9,30000,9,14,1.076544165611267
2,7200,9,30000,9,15,4.918832778930664
2,7200,9,30000,9,16,3.2699410915374756
2,7200,9,30000,9,17,27.142364501953125
2,7200,9,30000,9,18,1.4402433633804321
2,7200,9,30000,9,19,9.66035270690918
2,7200,9,30000,9,20,3.3767030239105225
2,7200,9,30000,9,21,5.735987186431885
2,7200,9,30000,9,22,3.8831050395965576
2,7200,9,30000,9,23,5.222543239593506
2,7200,9,30000,9,24,5.813154697418213
2,7200,9,30000,9,25,25.894474029541016
2,7200,9,30000,9,26,3.032763957977295
2,7200,9,30000,9,27,6.359538555145264
2,7200,9,30000,9,28,0.1121472641825676
2,7200,9,30000,9,29,3.4518256187438965
2,7200,10,30000,10,0,8.875088691711426
2,7200,10,30000,10,1,10.525325775146484
2,7200,10,30000,10,2,3.911818504333496
2,7200,10,30000,10,3,5.82630729675293
2,7200,10,30000,10,4,6.145530700683594
2,7200,10,30000,10,5,15.968931198120117
2,7200,10,30000,10,6,0.24029812216758728
2,7200,10,30000,10,7,0.24018710851669312
2,7200,10,30000,10,8,11.668749809265137
2,7200,10,30000,10,9,1.384634256362915
2,7200,10,30000,10,10,0.3124377727508545
2,7200,10,30000,10,11,0.17163732647895813
2,7200,10,30000,10,12,0.729247510433197
2,7200,10,30000,10,13,0.08819536119699478
2,7200,10,30000,10,14,18.791934967041016
2,7200,10,30000,10,15,31.361474990844727
2,7200,10,30000,10,16,7.613590240478516
2,7200,10,30000,10,17,4.612284183502197
2,7200,10,30000,10,18,0.6979278326034546
2,7200,10,30000,10,19,5.20485258102417
2,7200,10,30000,10,20,8.509586334228516
2,7200,10,30000,10,21,1.2255661487579346
2,7200,10,30000,10,22,0.07166862487792969
2,7200,10,30000,10,23,2.501474618911743
2,7200,10,30000,10,24,0.6875396370887756
2,7200,10,30000,10,25,0.07752448320388794
2,7200,10,30000,10,26,9.347492218017578
2,7200,10,30000,10,27,1.7145366668701172
2,7200,10,30000,10,28,6.336317539215088
2,7200,10,30000,10,29,15.984037399291992
2,7200,11,30000,11,0,0.8323639631271362
2,7200,11,30000,11,1,7.836315155029297
2,7200,11,30000,11,2,7.6101274490356445
2,7200,11,30000,11,3,1.6444696187973022
2,7200,11,30000,11,4,0.13260282576084137
2,7200,11,30000,11,5,0.24772174656391144
2,7200,11,30000,11,6,8.056083679199219
2,7200,11,30000,11,7,8.41040325164795
2,7200,11,30000,11,8,2.9457554817199707
2,7200,11,30000,11,9,27.30130386352539
2,7200,11,30000,11,10,0.9035800099372864
2,7200,11,30000,11,11,0.26699864864349365
2,7200,11,30000,11,12,30.952808380126953
2,7200,11,30000,11,13,11.115069389343262
2,7200,11,30000,11,14,0.137243390083313
2,7200,11,30000,11,15,2.7550482749938965
2,7200,11,30000,11,16,26.10413360595703
2,7200,11,30000,11,17,1.6724748611450195
2,7200,11,30000,11,18,1.9104113578796387
2,7200,11,30000,11,19,1.3611944913864136
2,7200,11,30000,11,20,18.3505859375
2,7200,11,30000,11,21,4.328803062438965
2,7200,11,30000,11,22,4.756049633026123
2,7200,11,30000,11,23,6.184201240539551
2,7200,11,30000,11,24,10.115547180175781
2,7200,11,30000,11,25,2.3866384029388428
2,7200,11,30000,11,26,5.637295722961426
2,7200,11,30000,11,27,6.177700042724609
2,7200,11,30000,11,28,0.09310567378997803
2,7200,11,30000,11,29,0.3947644531726837
2,7200,12,30000,12,0,0.1854550838470459
2,7200,12,30000,12,1,3.5007686614990234
2,7200,12,30000,12,2,8.624865531921387
2,7200,12,30000,12,3,11.486671447753906
2,7200,12,30000,12,4,0.07740983366966248
2,7200,12,30000,12,5,1.5135929584503174
2,7200,12,30000,12,6,0.7565261721611023
2,7200,12,30000,12,7,2.2665438652038574
2,7200,12,30000,12,8,1.5085110664367676
2,7200,12,30000,12,9,0.6804853081703186
2,7200,12,30000,12,10,0.22299781441688538
2,7200,12,30000,12,11,0.3154779076576233
2,7200,12,30000,12,12,6.405948162078857
2,7200,12,30000,12,13,1.9815586805343628
2,7200,12,30000,12,14,0.316493958234787
2,7200,12,30000,12,15,7.27262544631958
2,7200,12,30000,12,16,2.5890820026397705
2,7200,12,30000,12,17,0.605989396572113
2,7200,12,30000,12,18,2.8371925354003906
2,7200,12,30000,12,19,4.77431058883667
2,7200,12,30000,12,20,0.13341376185417175
2,7200,12,30000,12,21,0.3575130105018616
2,7200,12,30000,12,22,3.5421838760375977
2,7200,12,30000,12,23,2.749659299850464
2,7200,12,30000,12,24,2.6193430423736572
2,7200,12,30000,12,25,5.35629940032959
2,7200,12,30000,12,26,1.030595302581787
2,7200,12,30000,12,27,2.25667667388916
2,7200,12,30000,12,28,4.7264323234558105
2,7200,12,30000,12,29,49.27717208862305
2,7200,13,30000,13,0,0.39568424224853516
2,7200,13,30000,13,1,0.6315213441848755
2,7200,13,30000,13,2,8.567813873291016
2,7200,13,30000,13,3,2.940715789794922
2,7200,13,30000,13,4,28.147613525390625
2,7200,13,30000,13,5,2.9681193828582764
2,7200,13,30000,13,6,36.93367004394531
2,7200,13,30000,13,7,7.83034086227417
2,7200,13,30000,13,8,6.431227684020996
2,7200,13,30000,13,9,3.825985908508301
2,7200,13,30000,13,10,25.108423233032227
2,7200,13,30000,13,11,22.35382652282715
2,7200,13,30000,13,12,0.8405125737190247
2,7200,13,30000,13,13,0.24234727025032043
2,7200,13,30000,13,14,0.5424582958221436
2,7200,13,30000,13,15,2.4922924041748047
2,7200,13,30000,13,16,51.69124984741211
2,7200,13,30000,13,17,28.079219818115234
2,7200,13,30000,13,18,0.08463865518569946
2,7200,13,30000,13,19,0.42346200346946716
2,7200,13,30000,13,20,32.973018646240234
2,7200,13,30000,13,21,3.575906276702881
2,7200,13,30000,13,22,2.8189241886138916
2,7200,13,30000,13,23,8.956713676452637
2,7200,13,30000,13,24,23.85844612121582
2,7200,13,30000,13,25,25.3896541595459
2,7200,13,30000,13,26,2.0193722248077393
2,7200,13,30000,13,27,0.9707846641540527
2,7200,13,30000,13,28,0.26404500007629395
2,7200,13,30000,13,29,1.7260922193527222
2,7200,14,30000,14,0,0.4787236750125885
2,7200,14,30000,14,1,5.004264831542969
2,7200,14,30000,14,2,0.2898147702217102
2,7200,14,30000,14,3,5.096437454223633
2,7200,14,30000,14,4,10.514307975769043
2,7200,14,30000,14,5,4.993840217590332
2,7200,14,30000,14,6,0.20093294978141785
2,7200,14,30000,14,7,0.5241140127182007
2,7200,14,30000,14,8,49.07710647583008
2,7200,14,30000,14,9,9.142980575561523
2,7200,14,30000,14,10,29.94435691833496
2,7200,14,30000,14,11,0.28077995777130127
2,7200,14,30000,14,12,0.0996757373213768
2,7200,14,30000,14,13,0.4784134328365326
2,7200,14,30000,14,14,0.2089870721101761
2,7200,14,30000,14,15,6.275995254516602
2,7200,14,30000,14,16,5.349330425262451
2,7200,14,30000,14,17,1.2604484558105469
2,7200,14,30000,14,18,10.780721664428711
2,7200,14,30000,14,19,31.73294448852539
2,7200,14,30000,14,20,0.09047093987464905
2,7200,14,30000,14,21,9.267148971557617
2,7200,14,30000,14,22,0.1135009378194809
2,7200,14,30000,14,23,0.14104565978050232
2,7200,14,30000,14,24,0.4384259581565857
2,7200,14,30000,14,25,1.9199550151824951
2,7200,14,30000,14,26,2.3957250118255615
2,7200,14,30000,14,27,2.5760693550109863
2,7200,14,30000,14,28,9.496438980102539
2,7200,14,30000,14,29,1.3108997344970703
2,7200,15,30000,15,0,0.9416185021400452
2,7200,15,30000,15,1,0.07039548456668854
2,7200,15,30000,15,2,23.776334762573242
2,7200,15,30000,15,3,13.42526626586914
2,7200,15,30000,15,4,1.6488584280014038
2,7200,15,30000,15,5,0.28811317682266235
2,7200,15,30000,15,6,0.7660624384880066
2,7200,15,30000,15,7,6.30133056640625
2,7200,15,30000,15,8,0.11136443167924881
2,7200,15,30000,15,9,0.08181016892194748
2,7200,15,30000,15,10,0.24512338638305664
2,7200,15,30000,15,11,1.336670994758606
2,7200,15,30000,15,12,0.8958185911178589
2,7200,15,30000,15,13,2.6481683254241943
2,7200,15,30000,15,14,9.00615406036377
2,7200,15,30000,15,15,0.27893173694610596
2,7200,15,30000,15,16,1.0876531600952148
2,7200,15,30000,15,17,5.577923774719238
2,7200,15,30000,15,18,4.355096340179443
2,7200,15,30000,15,19,4.512052536010742
2,7200,15,30000,15,20,0.35569778084754944
2,7200,15,30000,15,21,4.657223224639893
2,7200,15,30000,15,22,24.748241424560547
2,7200,15,30000,15,23,2.982300281524658
2,7200,15,30000,15,24,2.8847036361694336
2,7200,15,30000,15,25,6.3566789627075195
2,7200,15,30000,15,26,2.2641263008117676
2,7200,15,30000,15,27,25.739145278930664
2,7200,15,30000,15,28,34.939170837402344
2,7200,15,30000,15,29,2.5948920249938965
2,7200,16,30000,16,0,16.962881088256836
2,7200,16,30000,16,1,32.45510482788086
2,7200,16,30000,16,2,8.379510879516602
2,7200,16,30000,16,3,2.3757505416870117
2,7200,16,30000,16,4,1.3949297666549683
2,7200,16,30000,16,5,0.20060384273529053
2,7200,16,30000,16,6,3.0682430267333984
2,7200,16,30000,16,7,8.593268394470215
2,7200,16,30000,16,8,2.144684314727783
2,7200,16,30000,16,9,7.28322172164917
2,7200,16,30000,16,10,3.2482523918151855
2,7200,16,30000,16,11,28.106374740600586
2,7200,16,30000,16,12,0.6034639477729797
2,7200,16,30000,16,13,5.081401824951172
2,7200,16,30000,16,14,6.187187194824219
2,7200,16,30000,16,15,3.4385411739349365
2,7200,16,30000,16,16,16.83940887451172
2,7200,16,30000,16,17,9.725353240966797
2,7200,16,30000,16,18,0.1508897840976715
2,7200,16,30000,16,19,9.151723861694336
2,7200,16,30000,16,20,7.230749130249023
2,7200,16,30000,16,21,5.804041862487793
2,7200,16,30000,16,22,6.790780067443848
2,7200,16,30000,16,23,0.7149831652641296
2,7200,16,30000,16,24,0.7948060035705566
2,7200,16,30000,16,25,0.6894317269325256
2,7200,16,30000,16,26,0.702011227607727
2,7200,16,30000,16,27,1.8339015245437622
2,7200,16,30000,16,28,0.06189531460404396
2,7200,16,30000,16,29,12.666620254516602
2,7200,17,30000,17,0,1.940697193145752
2,7200,17,30000,17,1,33.94297790527344
2,7200,17,30000,17,2,15.215353012084961
2,7200,17,30000,17,3,0.19431981444358826
2,7200,17,30000,17,4,1.8027595281600952
2,7200,17,30000,17,5,0.08773482590913773
2,7200,17,30000,17,6,49.753936767578125
2,7200,17,30000,17,7,1.2551989555358887
2,7200,17,30000,17,8,6.256442070007324
2,7200,17,30000,17,9,2.55856990814209
2,7200,17,30000,17,10,6.0032830238342285
2,7200,17,30000,17,11,1.1737806797027588
2,7200,17,30000,17,12,1.843907356262207
2,7200,17,30000,17,13,0.7744584083557129
2,7200,17,30000,17,14,6.305103778839111
2,7200,17,30000,17,15,8.279280662536621
2,7200,17,30000,17,16,0.5496384501457214
2,7200,17,30000,17,17,0.7741135358810425
2,7200,17,30000,17,18,6.722879409790039
2,7200,17,30000,17,19,0.8338959217071533
2,7200,17,30000,17,20,5.021052360534668
2,7200,17,30000,17,21,7.988832950592041
2,7200,17,30000,17,22,33.58161926269531
2,7200,17,30000,17,23,4.748288154602051
2,7200,17,30000,17,24,7.4140119552612305
2,7200,17,30000,17,25,2.09390926361084
2,7200,17,30000,17,26,6.508509159088135
2,7200,17,30000,17,27,8.423723220825195
2,7200,17,30000,17,28,11.043902397155762
2,7200,17,30000,17,29,0.6007208824157715
2,7200,18,30000,18,0,1.3049826622009277
2,7200,18,30000,18,1,3.579246759414673
2,7200,18,30000,18,2,1.5853381156921387
2,7200,18,30000,18,3,7.148176193237305
2,7200,18,30000,18,4,8.200532913208008
2,7200,18,30000,18,5,7.009639739990234
2,7200,18,30000,18,6,1.1906386613845825
2,7200,18,30000,18,7,0.6674241423606873
2,7200,18,30000,18,8,0.63270103931427
2,7200,18,30000,18,9,13.967501640319824
2,7200,18,30000,18,10,1.7423955202102661
2,7200,18,30000,18,11,8.627382278442383
2,7200,18,30000,18,12,0.155918687582016
2,7200,18,30000,18,13,4.601033687591553
2,7200,18,30000,18,14,0.8328233361244202
2,7200,18,30000,18,15,0.37829431891441345
2,7200,18,30000,18,16,2.9896175861358643
2,7200,18,30000,18,17,16.673147201538086
2,7200,18,30000,18,18,4.619405269622803
2,7200,18,30000,18,19,0.4253431558609009
2,7200,18,30000,18,20,3.078126907348633
2,7200,18,30000,18,21,0.4651152789592743
2,7200,18,30000,18,22,0.09337273240089417
2,7200,18,30000,18,23,1.1630501747131348
2,7200,18,30000,18,24,4.290658473968506
2,7200,18,30000,18,25,31.83443260192871
2,7200,18,30000,18,26,2.783985137939453
2,7200,18,30000,18,27,7.1819353103637695
2,7200,18,30000,18,28,14.249777793884277
2,7200,18,30000,18,29,19.5947265625
2,7200,19,30000,19,0,2.7820937633514404
2,7200,19,30000,19,1,13.405380249023438
2,7200,19,30000,19,2,5.086146354675293
2,7200,19,30000,19,3,4.2462639808654785
2,7200,19,30000,19,4,0.45940351486206055
2,7200,19,30000,19,5,0.4186796545982361
2,7200,19,30000,19,6,0.5255720019340515
2,7200,19,30000,19,7,2.7029950618743896
2,7200,19,30000,19,8,5.110908031463623
2,7200,19,30000,19,9,0.2876245379447937
2,7200,19,30000,19,10,1.454606294631958
2,7200,19,30000,19,11,12.525261878967285
2,7200,19,30000,19,12,3.922544240951538
2,7200,19,30000,19,13,2.3875486850738525
2,7200,19,30000,19,14,0.1190822422504425
2,7200,19,30000,19,15,11.262959480285645
2,7200,19,30000,19,16,5.458450794219971
2,7200,19,30000,19,17,0.3637441396713257
2,7200,19,30000,19,18,84.41266632080078
2,7200,19,30000,19,19,0.06392720341682434
2,7200,19,30000,19,20,0.36334308981895447
2,7200,19,30000,19,21,2.144084930419922
2,7200,19,30000,19,22,12.370794296264648
2,7200,19,30000,19,23,2.056422233581543
2,7200,19,30000,19,24,1.390074372291565
2,7200,19,30000,19,25,2.908296585083008
2,7200,19,30000,19,26,12.811479568481445
2,7200,19,30000,19,27,5.0674824714660645
2,7200,19,30000,19,28,3.3738718032836914
2,7200,19,30000,19,29,3.0597550868988037
3,10800,0,30000,0,0,1.6506088972091675
3,10800,0,30000,0,1,0.574943482875824
3,10800,0,30000,0,2,1.1672096252441406
3,10800,0,30000,0,3,0.7743089199066162
3,10800,0,30000,0,4,0.7620041370391846
3,10800,0,30000,0,5,0.8273078203201294
3,10800,0,30000,0,6,1.2010623216629028
3,10800,0,30000,0,7,0.456623911857605
3,10800,0,30000,0,8,0.6304327845573425
3,10800,0,30000,0,9,0.22130347788333893
3,10800,0,30000,0,10,0.5448693037033081
3,10800,0,30000,0,11,1.013880968093872
3,10800,0,30000,0,12,1.8680866956710815
3,10800,0,30000,0,13,1.4180116653442383
3,10800,0,30000,0,14,0.44365060329437256
3,10800,0,30000,0,15,0.6011296510696411
3,10800,0,30000,0,16,0.3382721543312073
3,10800,0,30000,0,17,0.08639371395111084
3,10800,0,30000,0,18,1.3886629343032837
3,10800,0,30000,0,19,1.4161723852157593
3,10800,0,30000,0,20,4.813887596130371
3,10800,0,30000,0,21,1.0310094356536865
3,10800,0,30000,0,22,0.6138800978660583
3,10800,0,30000,0,23,2.666302442550659
3,10800,0,30000,0,24,3.300539255142212
3,10800,0,30000,0,25,0.4512177109718323
3,10800,0,30000,0,26,2.7069880962371826
3,10800,0,30000,0,27,0.10405099391937256
3,10800,0,30000,0,28,0.7255047559738159
3,10800,0,30000,0,29,0.5047810077667236
3,10800,1,30000,1,0,0.0644385814666748
3,10800,1,30000,1,1,0.9408666491508484
3,10800,1,30000,1,2,0.4796219766139984
3,10800,1,30000,1,3,0.36687958240509033
3,10800,1,30000,1,4,0.29639652371406555
3,10800,1,30000,1,5,0.29900407791137695
3,10800,1,30000,1,6,0.6752131581306458
3,10800,1,30000,1,7,0.1885032057762146
3,10800,1,30000,1,8,0.3842051029205322
3,10800,1,30000,1,9,0.391351580619812
3,10800,1,30000,1,10,1.332022786140442
3,10800,1,30000,1,11,0.17624789476394653
3,10800,1,30000,1,12,1.422051191329956
3,10800,1,30000,1,13,1.4150307178497314
3,10800,1,30000,1,14,0.1403120458126068
3,10800,1,30000,1,15,3.3799355030059814
3,10800,1,30000,1,16,1.206931710243225
3,10800,1,30000,1,17,1.6600031852722168
3,10800,1,30000,1,18,0.7326580286026001
3,10800,1,30000,1,19,1.357568383216858
3,10800,1,30000,1,20,2.47550106048584
3,10800,1,30000,1,21,0.960787832736969
3,10800,1,30000,1,22,0.9075317978858948
3,10800,1,30000,1,23,0.1346755176782608
3,10800,1,30000,1,24,1.850682258605957
3,10800,1,30000,1,25,0.10592319071292877
3,10800,1,30000,1,26,0.2506982088088989
3,10800,1,30000,1,27,1.7781169414520264
3,10800,1,30000,1,28,0.922583281993866
3,10800,1,30000,1,29,0.3172876834869385
3,10800,2,30000,2,0,0.8084830045700073
3,10800,2,30000,2,1,8.936883926391602
3,10800,2,30000,2,2,0.5878552198410034
3,10800,2,30000,2,3,1.168712854385376
3,10800,2,30000,2,4,0.10458777844905853
3,10800,2,30000,2,5,0.3993086814880371
3,10800,2,30000,2,6,0.565031111240387
3,10800,2,30000,2,7,1.350479245185852
3,10800,2,30000,2,8,1.107788324356079
3,10800,2,30000,2,9,1.0224324464797974
3,10800,2,30000,2,10,2.6599087715148926
3,10800,2,30000,2,11,0.20864854753017426
3,10800,2,30000,2,12,1.388246774673462
3,10800,2,30000,2,13,1.0817030668258667
3,10800,2,30000,2,14,0.8595876693725586
3,10800,2,30000,2,15,1.0191125869750977
3,10800,2,30000,2,16,0.7053210735321045
3,10800,2,30000,2,17,13.120345115661621
3,10800,2,30000,2,18,1.3590718507766724
3,10800,2,30000,2,19,0.17924223840236664
3,10800,2,30000,2,20,0.6805979013442993
3,10800,2,30000,2,21,0.3698497712612152
3,10800,2,30000,2,22,0.6217281818389893
3,10800,2,30000,2,23,0.4944254457950592
3,10800,2,30000,2,24,0.07723146677017212
3,10800,2,30000,2,25,0.5280169248580933
3,10800,2,30000,2,26,0.09073033928871155
3,10800,2,30000,2,27,0.7041072845458984
3,10800,2,30000,2,28,29.94508171081543
3,10800,2,30000,2,29,1.2810232639312744
3,10800,3,30000,3,0,0.41176432371139526
3,10800,3,30000,3,1,0.8343440294265747
3,10800,3,30000,3,2,0.12643662095069885
3,10800,3,30000,3,3,0.6221279501914978
3,10800,3,30000,3,4,0.19272033870220184
3,10800,3,30000,3,5,1.2492133378982544
3,10800,3,30000,3,6,0.3224744200706482
3,10800,3,30000,3,7,1.1135441064834595
3,10800,3,30000,3,8,1.3165767192840576
3,10800,3,30000,3,9,3.2697479724884033
3,10800,3,30000,3,10,1.7552391290664673
3,10800,3,30000,3,11,0.6575531363487244
3,10800,3,30000,3,12,0.40069344639778137
3,10800,3,30000,3,13,1.3619343042373657
3,10800,3,30000,3,14,1.073906421661377
3,10800,3,30000,3,15,0.2890178859233856
3,10800,3,30000,3,16,0.239887997508049
3,10800,3,30000,3,17,0.5224981307983398
3,10800,3,30000,3,18,0.7151822447776794
3,10800,3,30000,3,19,0.2906053364276886
3,10800,3,30000,3,20,0.7151603698730469
3,10800,3,30000,3,21,0.3487759828567505
3,10800,3,30000,3,22,1.7589821815490723
3,10800,3,30000,3,23,0.06476308405399323
3,10800,3,30000,3,24,1.016222357749939
3,10800,3,30000,3,25,0.9269277453422546
3,10800,3,30000,3,26,0.3099559545516968
3,10800,3,30000,3,27,0.48966309428215027
3,10800,3,30000,3,28,1.2029967308044434
3,10800,3,30000,3,29,0.13188356161117554
3,10800,4,30000,4,0,1.4508683681488037
3,10800,4,30000,4,1,1.6844141483306885
3,10800,4,30000,4,2,0.6822285652160645
3,10800,4,30000,4,3,0.674981951713562
3,10800,4,30000,4,4,0.4949842095375061
3,10800,4,30000,4,5,0.09093192219734192
3,10800,4,30000,4,6,0.2607111632823944
3,10800,4,30000,4,7,0.24843622744083405
3,10800,4,30000,4,8,0.5750687122344971
3,10800,4,30000,4,9,0.4383475184440613
3,10800,4,30000,4,10,2.0379130840301514
3,10800,4,30000,4,11,0.7529807090759277
3,10800,4,30000,4,12,1.1864489316940308
3,10800,4,30000,4,13,0.9964269995689392
3,10800,4,30000,4,14,0.6135427951812744
3,10800,4,30000,4,15,2.7965142726898193
3,10800,4,30000,4,16,3.7910635471343994
3,10800,4,30000,4,17,0.08400079607963562
3,10800,4,30000,4,18,2.4998953342437744
3,10800,4,30000,4,19,0.1221858561038971
3,10800,4,30000,4,20,0.9289810657501221
3,10800,4,30000,4,21,1.9047280550003052
3,10800,4,30000,4,22,1.0302093029022217
3,10800,4,30000,4,23,0.6772763729095459
3,10800,4,30000,4,24,0.5628818869590759
3,10800,4,30000,4,25,0.7854298949241638
3,10800,4,30000,4,26,0.9851850271224976
3,10800,4,30000,4,27,2.0744638442993164
3,10800,4,30000,4,28,0.4319252669811249
3,10800,4,30000,4,29,0.37803542613983154
3,10800,5,30000,5,0,1.2255709171295166
3,10800,5,30000,5,1,0.7033647298812866
3,10800,5,30000,5,2,1.7845903635025024
3,10800,5,30000,5,3,0.508266270160675
3,10800,5,30000,5,4,2.4155325889587402
3,10800,5,30000,5,5,0.2609945237636566
3,10800,5,30000,5,6,0.17546141147613525
3,10800,5,30000,5,7,0.5838934183120728
3,10800,5,30000,5,8,0.2319074273109436
3,10800,5,30000,5,9,3.4009196758270264
3,10800,5,30000,5,10,1.1026231050491333
3,10800,5,30000,5,11,0.12545503675937653
3,10800,5,30000,5,12,0.6574307680130005
3,10800,5,30000,5,13,1.1758655309677124
3,10800,5,30000,5,14,0.7008652091026306
3,10800,5,30000,5,15,1.4127309322357178
3,10800,5,30000,5,16,0.6106018424034119
3,10800,5,30000,5,17,1.7492482662200928
3,10800,5,30000,5,18,1.6245371103286743
3,10800,5,30000,5,19,0.09099085628986359
3,10800,5,30000,5,20,0.6864000558853149
3,10800,5,30000,5,21,1.1452494859695435
3,10800,5,30000,5,22,0.19196657836437225
3,10800,5,30000,5,23,0.6047345399856567
3,10800,5,30000,5,24,1.3052064180374146
3,10800,5,30000,5,25,0.1656017154455185
3,10800,5,30000,5,26,0.712554931640625
3,10800,5,30000,5,27,0.24377475678920746
3,10800,5,30000,5,28,0.26190999150276184
3,10800,5,30000,5,29,1.9724634885787964
3,10800,6,30000,6,0,0.7351067662239075
3,10800,6,30000,6,1,0.7873867750167847
3,10800,6,30000,6,2,0.3414262533187866
3,10800,6,30000,6,3,0.713884711265564
3,10800,6,30000,6,4,1.1419141292572021
3,10800,6,30000,6,5,0.7856099605560303
3,10800,6,30000,6,6,0.10834518074989319
3,10800,6,30000,6,7,1.6412159204483032
3,10800,6,30000,6,8,1.0624098777770996
3,10800,6,30000,6,9,0.7126601934432983
3,10800,6,30000,6,10,0.15995925664901733
3,10800,6,30000,6,11,2.708920955657959
3,10800,6,30000,6,12,1.3133317232131958
3,10800,6,30000,6,13,1.107499122619629
3,10800,6,30000,6,14,0.8866963386535645
3,10800,6,30000,6,15,0.15394510328769684
3,10800,6,30000,6,16,0.12727639079093933
3,10800,6,30000,6,17,4.241852760314941
3,10800,6,30000,6,18,2.644541025161743
3,10800,6,30000,6,19,0.482999712228775
3,10800,6,30000,6,20,1.4788845777511597
3,10800,6,30000,6,21,1.132066011428833
3,10800,6,30000,6,22,0.17530852556228638
3,10800,6,30000,6,23,0.673750102519989
3,10800,6,30000,6,24,1.0712257623672485
3,10800,6,30000,6,25,0.3617091476917267
3,10800,6,30000,6,26,0.8141759634017944
3,10800,6,30000,6,27,1.6691598892211914
3,10800,6,30000,6,28,1.2286502122879028
3,10800,6,30000,6,29,0.2619825601577759
3,10800,7,30000,7,0,0.737557053565979
3,10800,7,30000,7,1,2.203805446624756
3,10800,7,30000,7,2,0.20407527685165405
3,10800,7,30000,7,3,0.6019412279129028
3,10800,7,30000,7,4,0.10121598839759827
3,10800,7,30000,7,5,0.13880252838134766
3,10800,7,30000,7,6,1.1271922588348389
3,10800,7,30000,7,7,1.394515872001648
3,10800,7,30000,7,8,0.13578011095523834
3,10800,7,30000,7,9,0.061229199171066284
3,10800,7,30000,7,10,0.1723385602235794
3,10800,7,30000,7,11,0.9404966831207275
3,10800,7,30000,7,12,0.4635380208492279
3,10800,7,30000,7,13,1.007157802581787
3,10800,7,30000,7,14,0.2841958999633789
3,10800,7,30000,7,15,12.656140327453613
3,10800,7,30000,7,16,0.6328465938568115
3,10800,7,30000,7,17,0.5640740990638733
3,10800,7,30000,7,18,0.19250532984733582
3,10800,7,30000,7,19,2.5503220558166504
3,10800,7,30000,7,20,0.22015468776226044
3,10800,7,30000,7,21,8.216361045837402
3,10800,7,30000,7,22,0.9025314450263977
3,10800,7,30000,7,23,0.6794658303260803
3,10800,7,30000,7,24,0.23280495405197144
3,10800,7,30000,7,25,2.3570706844329834
3,10800,7,30000,7,26,0.17469088733196259
3,10800,7,30000,7,27,0.18652208149433136
3,10800,7,30000,7,28,0.4653984606266022
3,10800,7,30000,7,29,0.3972861170768738
3,10800,8,30000,8,0,0.09795695543289185
3,10800,8,30000,8,1,0.3365476429462433
3,10800,8,30000,8,2,0.38273435831069946
3,10800,8,30000,8,3,0.8752073049545288
3,10800,8,30000,8,4,0.6456308364868164
3,10800,8,30000,8,5,2.886507987976074
3,10800,8,30000,8,6,3.4180588722229004
3,10800,8,30000,8,7,0.6785830855369568
3,10800,8,30000,8,8,0.16646593809127808
3,10800,8,30000,8,9,0.20209413766860962
3,10800,8,30000,8,10,0.297566682100296
3,10800,8,30000,8,11,0.48946356773376465
3,10800,8,30000,8,12,0.13944444060325623
3,10800,8,30000,8,13,15.825628280639648
3,10800,8,30000,8,14,0.5025931596755981
3,10800,8,30000,8,15,10.376866340637207
3,10800,8,30000,8,16,2.247300624847412
3,10800,8,30000,8,17,0.46651822328567505
3,10800,8,30000,8,18,0.9697391986846924
3,10800,8,30000,8,19,1.1149182319641113
3,10800,8,30000,8,20,102.26789855957031
3,10800,8,30000,8,21,0.6904811263084412
3,10800,8,30000,8,22,0.05999999865889549
3,10800,8,30000,8,23,2.6247897148132324
3,10800,8,30000,8,24,0.7191984057426453
3,10800,8,30000,8,25,0.6868838667869568
3,10800,8,30000,8,26,0.4614328444004059
3,10800,8,30000,8,27,1.190284252166748
3,10800,8,30000,8,28,0.4614022374153137
3,10800,8,30000,8,29,2.7322797775268555
3,10800,9,30000,9,0,0.8205461502075195
3,10800,9,30000,9,1,1.4909837245941162
3,10800,9,30000,9,2,0.06740091741085052
3,10800,9,30000,9,3,0.748810887336731
3,10800,9,30000,9,4,1.4911484718322754
3,10800,9,30000,9,5,0.3890932500362396
3,10800,9,30000,9,6,0.9515689611434937
3,10800,9,30000,9,7,0.08107639104127884
3,10800,9,30000,9,8,0.29547396302223206
3,10800,9,30000,9,9,2.0587668418884277
3,10800,9,30000,9,10,4.228934288024902
3,10800,9,30000,9,11,0.5465085506439209
3,10800,9,30000,9,12,2.7605841159820557
3,10800,9,30000,9,13,0.4494239091873169
3,10800,9,30000,9,14,1.3358548879623413
3,10800,9,30000,9,15,2.9839978218078613
3,10800,9,30000,9,16,2.5356976985931396
3,10800,9,30000,9,17,0.5335648655891418
3,10800,9,30000,9,18,1.448806643486023
3,10800,9,30000,9,19,0.2516694962978363
3,10800,9,30000,9,20,2.479240655899048
3,10800,9,30000,9,21,3.640861988067627
3,10800,9,30000,9,22,0.33307868242263794
3,10800,9,30000,9,23,0.7658949494361877
3,10800,9,30000,9,24,3.891622543334961
3,10800,9,30000,9,25,1.1293535232543945
3,10800,9,30000,9,26,0.24201887845993042
3,10800,9,30000,9,27,0.5021684169769287
3,10800,9,30000,9,28,0.17620745301246643
3,10800,9,30000,9,29,0.3216814398765564
3,10800,10,30000,10,0,3.8883309364318848
3,10800,10,30000,10,1,0.6370385885238647
3,10800,10,30000,10,2,0.2330458015203476
3,10800,10,30000,10,3,2.433192491531372
3,10800,10,30000,10,4,0.9291505217552185
3,10800,10,30000,10,5,0.5106515884399414
3,10800,10,30000,10,6,0.5252445936203003
3,10800,10,30000,10,7,0.20150166749954224
3,10800,10,30000,10,8,1.278781533241272
3,10800,10,30000,10,9,0.09670038521289825
3,10800,10,30000,10,10,1.3520240783691406
3,10800,10,30000,10,11,0.7039272785186768
3,10800,10,30000,10,12,0.131068617105484
3,10800,10,30000,10,13,0.1121067926287651
3,10800,10,30000,10,14,0.5073562264442444
3,10800,10,30000,10,15,1.1562608480453491
3,10800,10,30000,10,16,3.4391117095947266
3,10800,10,30000,10,17,0.4547351598739624
3,10800,10,30000,10,18,0.9179947376251221
3,10800,10,30000,10,19,0.6730120778083801
3,10800,10,30000,10,20,0.669548511505127
3,10800,10,30000,10,21,1.6063072681427002
3,10800,10,30000,10,22,0.25209012627601624
3,10800,10,30000,10,23,2.4768805503845215
3,10800,10,30000,10,24,1.405059576034546
3,10800,10,30000,10,25,0.1309095025062561
3,10800,10,30000,10,26,0.455564945936203
3,10800,10,30000,10,27,0.37253499031066895
3,10800,10,30000,10,28,3.0494861602783203
3,10800,10,30000,10,29,0.7743597030639648
3,10800,11,30000,11,0,1.2023166418075562
3,10800,11,30000,11,1,3.6886749267578125
3,10800,11,30000,11,2,0.3514293134212494
3,10800,11,30000,11,3,1.2380616664886475
3,10800,11,30000,11,4,0.5500772595405579
3,10800,11,30000,11,5,0.3426740765571594
3,10800,11,30000,11,6,2.969487190246582
3,10800,11,30000,11,7,0.31825312972068787
3,10800,11,30000,11,8,0.5931955575942993
3,10800,11,30000,11,9,3.1774418354034424
3,10800,11,30000,11,10,0.15564562380313873
3,10800,11,30000,11,11,16.51372718811035
3,10800,11,30000,11,12,6.328116416931152
3,10800,11,30000,11,13,0.6869651079177856
3,10800,11,30000,11,14,0.2322559654712677
3,10800,11,30000,11,15,3.4364213943481445
3,10800,11,30000,11,16,8.697369575500488
3,10800,11,30000,11,17,1.8691703081130981
3,10800,11,30000,11,18,2.160640239715576
3,10800,11,30000,11,19,0.23399442434310913
3,10800,11,30000,11,20,1.9654686450958252
3,10800,11,30000,11,21,0.10201951861381531
3,10800,11,30000,11,22,0.25569939613342285
3,10800,11,30000,11,23,1.4882128238677979
3,10800,11,30000,11,24,0.7949193716049194
3,10800,11,30000,11,25,0.229816272854805
3,10800,11,30000,11,26,1.947834849357605
3,10800,11,30000,11,27,2.6561598777770996
3,10800,11,30000,11,28,1.563572645187378
3,10800,11,30000,11,29,0.2002248466014862
3,10800,12,30000,12,0,0.6528445482254028
3,10800,12,30000,12,1,1.1218587160110474
3,10800,12,30000,12,2,0.5108018517494202
3,10800,12,30000,12,3,0.6943954825401306
3,10800,12,30000,12,4,0.9547783136367798
3,10800,12,30000,12,5,1.8181854486465454
3,10800,12,30000,12,6,1.3603999614715576
3,10800,12,30000,12,7,1.9441395998001099
3,10800,12,30000,12,8,1.6838879585266113
3,10800,12,30000,12,9,1.1974810361862183
3,10800,12,30000,12,10,0.3544902205467224
3,10800,12,30000,12,11,4.25806999206543
3,10800,12,30000,12,12,0.2941366136074066
3,10800,12,30000,12,13,0.060319796204566956
3,10800,12,30000,12,14,0.354952335357666
3,10800,12,30000,12,15,0.6496659517288208
3,10800,12,30000,12,16,0.14509913325309753
3,10800,12,30000,12,17,1.4035258293151855
3,10800,12,30000,12,18,0.7307218909263611
3,10800,12,30000,12,19,0.15469986200332642
3,10800,12,30000,12,20,1.2491534948349
3,10800,12,30000,12,21,0.8785514831542969
3,10800,12,30000,12,22,0.6455769538879395
3,10800,12,30000,12,23,0.6356443166732788
3,10800,12,30000,12,24,0.5023975372314453
3,10800,12,30000,12,25,0.27588656544685364
3,10800,12,30000,12,26,1.5212994813919067
3,10800,12,30000,12,27,0.4042744040489197
3,10800,12,30000,12,28,0.15108627080917358
3,10800,12,30000,12,29,2.181790351867676
3,10800,13,30000,13,0,1.330871343612671
3,10800,13,30000,13,1,1.2450449466705322
3,10800,13,30000,13,2,0.8276679515838623
3,10800,13,30000,13,3,0.15598221123218536
3,10800,13,30000,13,4,1.6458842754364014
3,10800,13,30000,13,5,0.22224541008472443
3,10800,13,30000,13,6,34.77845001220703
3,10800,13,30000,13,7,0.48980870842933655
3,10800,13,30000,13,8,0.8418020009994507
3,10800,13,30000,13,9,0.3939151167869568
3,10800,13,30000,13,10,1.5017284154891968
3,10800,13,30000,13,11,2.319016456604004
3,10800,13,30000,13,12,0.1187189519405365
3,10800,13,30000,13,13,0.31565171480178833
3,10800,13,30000,13,14,1.1482123136520386
3,10800,13,30000,13,15,0.634430468082428
3,10800,13,30000,13,16,0.9379921555519104
3,10800,13,30000,13,17,1.6039248704910278
3,10800,13,30000,13,18,0.7126048803329468
3,10800,13,30000,13,19,0.49069860577583313
3,10800,13,30000,13,20,1.1142480373382568
3,10800,13,30000,13,21,0.8251978754997253
3,10800,13,30000,13,22,0.6967561841011047
3,10800,13,30000,13,23,0.5601024627685547
3,10800,13,30000,13,24,0.1642349362373352
3,10800,13,30000,13,25,1.1350891590118408
3,10800,13,30000,13,26,0.24442103505134583
3,10800,13,30000,13,27,0.06295140087604523
3,10800,13,30000,13,28,0.4563997983932495
3,10800,13,30000,13,29,0.11868283897638321
3,10800,14,30000,14,0,0.7862087488174438
3,10800,14,30000,14,1,1.4663838148117065
3,10800,14,30000,14,2,1.9596657752990723
3,10800,14,30000,14,3,0.8305049538612366
3,10800,14,30000,14,4,6.743322372436523
3,10800,14,30000,14,5,0.9431514739990234
3,10800,14,30000,14,6,1.1648615598678589
3,10800,14,30000,14,7,0.22986724972724915
3,10800,14,30000,14,8,103.31689453125
3,10800,14,30000,14,9,0.6369798183441162
3,10800,14,30000,14,10,1.4074162244796753
3,10800,14,30000,14,11,1.3332860469818115
3,10800,14,30000,14,12,0.1934393048286438
3,10800,14,30000,14,13,0.6687996983528137
3,10800,14,30000,14,14,0.8785969018936157
3,10800,14,30000,14,15,1.439064621925354
3,10800,14,30000,14,16,0.06469547748565674
3,10800,14,30000,14,17,0.30742791295051575
3,10800,14,30000,14,18,1.876130223274231
3,10800,14,30000,14,19,0.7789510488510132
3,10800,14,30000,14,20,1.2491285800933838
3,10800,14,30000,14,21,1.773427128791809
3,10800,14,30000,14,22,1.1116905212402344
3,10800,14,30000,14,23,1.4320251941680908
3,10800,14,30000,14,24,1.8670287132263184
3,10800,14,30000,14,25,0.4092229902744293
3,10800,14,30000,14,26,0.3918600082397461
3,10800,14,30000,14,27,0.8043651580810547
3,10800,14,30000,14,28,0.9397544860839844
3,10800,14,30000,14,29,0.2823376953601837
3,10800,15,30000,15,0,4.412896156311035
3,10800,15,30000,15,1,0.5187693238258362
3,10800,15,30000,15,2,0.9496576189994812
3,10800,15,30000,15,3,0.6735493540763855
3,10800,15,30000,15,4,0.22854845225811005
3,10800,15,30000,15,5,0.8681398034095764
3,10800,15,30000,15,6,0.12688198685646057
3,10800,15,30000,15,7,0.40197885036468506
3,10800,15,30000,15,8,0.8850073218345642
3,10800,15,30000,15,9,0.13130763173103333
3,10800,15,30000,15,10,0.29284265637397766
3,10800,15,30000,15,11,0.05999999865889549
3,10800,15,30000,15,12,1.634405255317688
3,10800,15,30000,15,13,1.7437405586242676
3,10800,15,30000,15,14,0.3332856297492981
3,10800,15,30000,15,15,0.5005080103874207
3,10800,15,30000,15,16,1.2642017602920532
3,10800,15,30000,15,17,0.24257609248161316
3,10800,15,30000,15,18,0.18236872553825378
3,10800,15,30000,15,19,0.3677443265914917
3,10800,15,30000,15,20,0.4184386730194092
3,10800,15,30000,15,21,0.5570592284202576
3,10800,15,30000,15,22,0.6081263422966003
3,10800,15,30000,15,23,0.6505354046821594
3,10800,15,30000,15,24,0.23253363370895386
3,10800,15,30000,15,25,0.22816969454288483
3,10800,15,30000,15,26,1.9319047927856445
3,10800,15,30000,15,27,0.7203787565231323
3,10800,15,30000,15,28,3.6306116580963135
3,10800,15,30000,15,29,39.528656005859375
3,10800,16,30000,16,0,11.227128982543945
3,10800,16,30000,16,1,1.2226719856262207
3,10800,16,30000,16,2,5.16001033782959
3,10800,16,30000,16,3,0.40298962593078613
3,10800,16,30000,16,4,0.16717827320098877
3,10800,16,30000,16,5,0.9221345782279968
3,10800,16,30000,16,6,0.29669612646102905
3,10800,16,30000,16,7,0.37077370285987854
3,10800,16,30000,16,8,0.10489685833454132
3,10800,16,30000,16,9,2.841264247894287
3,10800,16,30000,16,10,0.7757254242897034
3,10800,16,30000,16,11,0.5834444165229797
3,10800,16,30000,16,12,1.0676355361938477
3,10800,16,30000,16,13,0.14179062843322754
3,10800,16,30000,16,14,0.6406019330024719
3,10800,16,30000,16,15,0.2792167067527771
3,10800,16,30000,16,16,0.5635296106338501
3,10800,16,30000,16,17,0.8163768649101257
3,10800,16,30000,16,18,0.20561400055885315
3,10800,16,30000,16,19,0.3568628430366516
3,10800,16,30000,16,20,0.3337307572364807
3,10800,16,30000,16,21,0.3046267330646515
3,10800,16,30000,16,22,4.292717456817627
3,10800,16,30000,16,23,0.9818853139877319
3,10800,16,30000,16,24,0.9726214408874512
3,10800,16,30000,16,25,0.08226318657398224
3,10800,16,30000,16,26,1.038707971572876
3,10800,16,30000,16,27,0.35347723960876465
3,10800,16,30000,16,28,0.21573777496814728
3,10800,16,30000,16,29,8.953388214111328
3,10800,17,30000,17,0,0.24102328717708588
3,10800,17,30000,17,1,0.5346645712852478
3,10800,17,30000,17,2,0.6412161588668823
3,10800,17,30000,17,3,0.3893754184246063
3,10800,17,30000,17,4,1.3467777967453003
3,10800,17,30000,17,5,0.2261730432510376
3,10800,17,30000,17,6,0.15972782671451569
3,10800,17,30000,17,7,0.8245923519134521
3,10800,17,30000,17,8,2.5001487731933594
3,10800,17,30000,17,9,0.1625427007675171
3,10800,17,30000,17,10,0.36004653573036194
3,10800,17,30000,17,11,1.7966467142105103
3,10800,17,30000,17,12,1.8933076858520508
3,10800,17,30000,17,13,1.4925607442855835
3,10800,17,30000,17,14,2.569847345352173
3,10800,17,30000,17,15,0.9248733520507812
3,10800,17,30000,17,16,0.7515051364898682
3,10800,17,30000,17,17,1.8770924806594849
3,10800,17,30000,17,18,0.7294682860374451
3,10800,17,30000,17,19,1.5189987421035767
3,10800,17,30000,17,20,0.5103111267089844
3,10800,17,30000,17,21,0.49080199003219604
3,10800,17,30000,17,22,0.6660869121551514
3,10800,17,30000,17,23,0.4831121265888214
3,10800,17,30000,17,24,0.6123566627502441
3,10800,17,30000,17,25,0.21865591406822205
3,10800,17,30000,17,26,0.5456309914588928
3,10800,17,30000,17,27,0.761156439781189
3,10800,17,30000,17,28,0.9426769614219666
3,10800,17,30000,17,29,0.09596608579158783
3,10800,18,30000,18,0,3.6404712200164795
3,10800,18,30000,18,1,0.4139992892742157
3,10800,18,30000,18,2,0.23576848208904266
3,10800,18,30000,18,3,0.2745932638645172
3,10800,18,30000,18,4,0.6114099025726318
3,10800,18,30000,18,5,0.29682067036628723
3,10800,18,30000,18,6,0.2445133626461029
3,10800,18,30000,18,7,0.19131074845790863
3,10800,18,30000,18,8,1.5643365383148193
3,10800,18,30000,18,9,1.4363350868225098
3,10800,18,30000,18,10,0.13921254873275757
3,10800,18,30000,18,11,0.49984729290008545
3,10800,18,30000,18,12,0.4705066382884979
3,10800,18,30000,18,13,0.45467668771743774
3,10800,18,30000,18,14,0.05999999865889549
3,10800,18,30000,18,15,1.7676597833633423
3,10800,18,30000,18,16,0.16687938570976257
3,10800,18,30000,18,17,0.5458137392997742
3,10800,18,30000,18,18,0.2443501353263855
3,10800,18,30000,18,19,3.4864728450775146
3,10800,18,30000,18,20,0.22208061814308167
3,10800,18,30000,18,21,1.8313642740249634
3,10800,18,30000,18,22,0.20819184184074402
3,10800,18,30000,18,23,1.655708909034729
3,10800,18,30000,18,24,0.31694841384887695
3,10800,18,30000,18,25,100.97303009033203
3,10800,18,30000,18,26,0.2881087362766266
3,10800,18,30000,18,27,0.2783934473991394
3,10800,18,30000,18,28,2.2925755977630615
3,10800,18,30000,18,29,0.7801113724708557
3,10800,19,30000,19,0,5.375290870666504
3,10800,19,30000,19,1,1.5308103561401367
3,10800,19,30000,19,2,0.7992087006568909
3,10800,19,30000,19,3,0.5643227100372314
3,10800,19,30000,19,4,0.9513574838638306
3,10800,19,30000,19,5,0.5509783029556274
3,10800,19,30000,19,6,1.0286184549331665
3,10800,19,30000,19,7,0.23530113697052002
3,10800,19,30000,19,8,0.08011452853679657
3,10800,19,30000,19,9,0.5520588755607605
3,10800,19,30000,19,10,0.1995517462491989
3,10800,19,30000,19,11,0.7141658067703247
3,10800,19,30000,19,12,0.05999999865889549
3,10800,19,30000,19,13,0.3258700668811798
3,10800,19,30000,19,14,0.18345579504966736
3,10800,19,30000,19,15,0.9491796493530273
3,10800,19,30000,19,16,3.490114688873291
3,10800,19,30000,19,17,1.020872712135315
3,10800,19,30000,19,18,87.11537170410156
3,10800,19,30000,19,19,0.578517496585846
3,10800,19,30000,19,20,0.5567626953125
3,10800,19,30000,19,21,0.14215883612632751
3,10800,19,30000,19,22,0.8335986137390137
3,10800,19,30000,19,23,2.864581346511841
3,10800,19,30000,19,24,1.797817587852478
3,10800,19,30000,19,25,0.4384777843952179
3,10800,19,30000,19,26,0.814306378364563
3,10800,19,30000,19,27,5.839280128479004
3,10800,19,30000,19,28,0.14813697338104248
3,10800,19,30000,19,29,0.758419930934906
4,14400,0,30000,0,0,0.5765843391418457
4,14400,0,30000,0,1,0.11519400030374527
4,14400,0,30000,0,2,0.5231401324272156
4,14400,0,30000,0,3,0.6516582369804382
4,14400,0,30000,0,4,0.10533905029296875
4,14400,0,30000,0,5,0.2827751636505127
4,14400,0,30000,0,6,2.344071626663208
4,14400,0,30000,0,7,0.16899055242538452
4,14400,0,30000,0,8,0.08739341795444489
4,14400,0,30000,0,9,0.22887474298477173
4,14400,0,30000,0,10,0.5417539477348328
4,14400,0,30000,0,11,0.8187400698661804
4,14400,0,30000,0,12,0.8244268298149109
4,14400,0,30000,0,13,2.9522461891174316
4,14400,0,30000,0,14,0.22475028038024902
4,14400,0,30000,0,15,0.3805873990058899
4,14400,0,30000,0,16,0.0934876948595047
4,14400,0,30000,0,17,0.6944028735160828
4,14400,0,30000,0,18,0.5507959127426147
4,14400,0,30000,0,19,0.23165547847747803
4,14400,0,30000,0,20,0.27413851022720337
4,14400,0,30000,0,21,0.30730265378952026
4,14400,0,30000,0,22,0.24659132957458496
4,14400,0,30000,0,23,0.3115113079547882
4,14400,0,30000,0,24,4.331666946411133
4,14400,0,30000,0,25,0.25330182909965515
4,14400,0,30000,0,26,0.6707253456115723
4,14400,0,30000,0,27,0.8612023591995239
4,14400,0,30000,0,28,0.220301553606987
4,14400,0,30000,0,29,0.33339923620224
4,14400,1,30000,1,0,0.8929916620254517
4,14400,1,30000,1,1,0.36821311712265015
4,14400,1,30000,1,2,0.39729034900665283
4,14400,1,30000,1,3,0.25026124715805054
4,14400,1,30000,1,4,0.05999999865889549
4,14400,1,30000,1,5,0.2922552227973938
4,14400,1,30000,1,6,0.23457568883895874
4,14400,1,30000,1,7,0.16944552958011627
4,14400,1,30000,1,8,0.39111563563346863
4,14400,1,30000,1,9,0.27387604117393494
4,14400,1,30000,1,10,3.0227932929992676
4,14400,1,30000,1,11,0.23384696245193481
4,14400,1,30000,1,12,0.4143619239330292
4,14400,1,30000,1,13,2.835359573364258
4,14400,1,30000,1,14,0.34441596269607544
4,14400,1,30000,1,15,0.7197072505950928
4,14400,1,30000,1,16,1.7431273460388184
4,14400,1,30000,1,17,0.5496286153793335
4,14400,1,30000,1,18,0.36308524012565613
4,14400,1,30000,1,19,2.684211492538452
4,14400,1,30000,1,20,0.3186766803264618
4,14400,1,30000,1,21,1.4988291263580322
4,14400,1,30000,1,22,0.9308676719665527
4,14400,1,30000,1,23,0.44515448808670044
4,14400,1,30000,1,24,0.4051131308078766
4,14400,1,30000,1,25,0.41326725482940674
4,14400,1,30000,1,26,0.3240204453468323
4,14400,1,30000,1,27,0.3433174192905426
4,14400,1,30000,1,28,0.2702576518058777
4,14400,1,30000,1,29,0.1727851927280426
4,14400,2,30000,2,0,0.7569999098777771
4,14400,2,30000,2,1,0.7909637093544006
4,14400,2,30000,2,2,0.8197101354598999
4,14400,2,30000,2,3,0.2573474645614624
4,14400,2,30000,2,4,0.2736496031284332
4,14400,2,30000,2,5,1.0784084796905518
4,14400,2,30000,2,6,1.3822956085205078
4,14400,2,30000,2,7,0.2539733350276947
4,14400,2,30000,2,8,0.32183027267456055
4,14400,2,30000,2,9,0.35455000400543213
4,14400,2,30000,2,10,0.9148911833763123
4,14400,2,30000,2,11,0.34374284744262695
4,14400,2,30000,2,12,0.05999999865889549
4,14400,2,30000,2,13,0.28713178634643555
4,14400,2,30000,2,14,0.378277450799942
4,14400,2,30000,2,15,0.4298188090324402
4,14400,2,30000,2,16,0.13620899617671967
4,14400,2,30000,2,17,0.4253094792366028
4,14400,2,30000,2,18,1.9063212871551514
4,14400,2,30000,2,19,0.22375157475471497
4,14400,2,30000,2,20,0.46141934394836426
4,14400,2,30000,2,21,0.38311806321144104
4,14400,2,30000,2,22,0.05999999865889549
4,14400,2,30000,2,23,0.29993894696235657
4,14400,2,30000,2,24,1.0241912603378296
4,14400,2,30000,2,25,0.3064379096031189
4,14400,2,30000,2,26,0.25366780161857605
4,14400,2,30000,2,27,0.20059163868427277
4,14400,2,30000,2,28,0.4540879428386688
4,14400,2,30000,2,29,0.5192217826843262
4,14400,3,30000,3,0,0.34617361426353455
4,14400,3,30000,3,1,0.3199021518230438
4,14400,3,30000,3,2,0.7054295539855957
4,14400,3,30000,3,3,0.35874927043914795
4,14400,3,30000,3,4,0.20027489960193634
4,14400,3,30000,3,5,2.6157283782958984
4,14400,3,30000,3,6,0.06139542534947395
4,14400,3,30000,3,7,2.251744508743286
4,14400,3,30000,3,8,0.4264329671859741
4,14400,3,30000,3,9,0.4812687337398529
4,14400,3,30000,3,10,3.293614387512207
4,14400,3,30000,3,11,1.02010178565979
4,14400,3,30000,3,12,0.3967977464199066
4,14400,3,30000,3,13,0.9231436252593994
4,14400,3,30000,3,14,0.3376173973083496
4,14400,3,30000,3,15,0.3022603690624237
4,14400,3,30000,3,16,0.17217585444450378
4,14400,3,30000,3,17,0.14874333143234253
4,14400,3,30000,3,18,0.5189095735549927
4,14400,3,30000,3,19,0.30968791246414185
4,14400,3,30000,3,20,0.3512807786464691
4,14400,3,30000,3,21,1.1193907260894775
4,14400,3,30000,3,22,0.30338576436042786
4,14400,3,30000,3,23,0.6656830906867981
4,14400,3,30000,3,24,0.43938902020454407
4,14400,3,30000,3,25,0.9368715882301331
4,14400,3,30000,3,26,0.4689179062843323
4,14400,3,30000,3,27,0.1615953892469406
4,14400,3,30000,3,28,0.21248894929885864
4,14400,3,30000,3,29,0.25059255957603455
4,14400,4,30000,4,0,0.2537800073623657
4,14400,4,30000,4,1,1.175930142402649
4,14400,4,30000,4,2,0.5473963618278503
4,14400,4,30000,4,3,0.3373422622680664
4,14400,4,30000,4,4,0.19360029697418213
4,14400,4,30000,4,5,0.4261375665664673
4,14400,4,30000,4,6,0.05999999865889549
4,14400,4,30000,4,7,0.4292851984500885
4,14400,4,30000,4,8,0.24877691268920898
4,14400,4,30000,4,9,0.6172211170196533
4,14400,4,30000,4,10,2.8180341720581055
4,14400,4,30000,4,11,0.19506190717220306
4,14400,4,30000,4,12,0.2539372444152832
4,14400,4,30000,4,13,0.36973410844802856
4,14400,4,30000,4,14,0.5740018486976624
4,14400,4,30000,4,15,0.41875046491622925
4,14400,4,30000,4,16,0.6984195709228516
4,14400,4,30000,4,17,0.8624492883682251
4,14400,4,30000,4,18,6.604008197784424
4,14400,4,30000,4,19,0.39157912135124207
4,14400,4,30000,4,20,0.8208105564117432
4,14400,4,30000,4,21,0.3755638599395752
4,14400,4,30000,4,22,0.11850130558013916
4,14400,4,30000,4,23,0.38441771268844604
4,14400,4,30000,4,24,0.3515913784503937
4,14400,4,30000,4,25,0.5974493026733398
4,14400,4,30000,4,26,1.1326462030410767
4,14400,4,30000,4,27,0.4753149747848511
4,14400,4,30000,4,28,0.46626758575439453
4,14400,4,30000,4,29,0.48512059450149536
4,14400,5,30000,5,0,0.5861592888832092
4,14400,5,30000,5,1,0.6604928970336914
4,14400,5,30000,5,2,0.26895344257354736
4,14400,5,30000,5,3,0.32446157932281494
4,14400,5,30000,5,4,0.553329586982727
4,14400,5,30000,5,5,0.35159364342689514
4,14400,5,30000,5,6,0.5566456317901611
4,14400,5,30000,5,7,0.17256683111190796
4,14400,5,30000,5,8,0.1888953298330307
4,14400,5,30000,5,9,1.7040294408798218
4,14400,5,30000,5,10,0.680454671382904
4,14400,5,30000,5,11,0.21023687720298767
4,14400,5,30000,5,12,0.09533838927745819
4,14400,5,30000,5,13,0.7968207001686096
4,14400,5,30000,5,14,0.26014000177383423
4,14400,5,30000,5,15,0.6015832424163818
4,14400,5,30000,5,16,0.10514706373214722
4,14400,5,30000,5,17,0.06940841674804688
4,14400,5,30000,5,18,0.20095577836036682
4,14400,5,30000,5,19,0.7215784192085266
4,14400,5,30000,5,20,1.4569095373153687
4,14400,5,30000,5,21,0.42731261253356934
4,14400,5,30000,5,22,0.21626029908657074
4,14400,5,30000,5,23,0.26594144105911255
4,14400,5,30000,5,24,0.9280260801315308
4,14400,5,30000,5,25,0.28629088401794434
4,14400,5,30000,5,26,0.20012269914150238
4,14400,5,30000,5,27,0.13302266597747803
4,14400,5,30000,5,28,0.3617868423461914
4,14400,5,30000,5,29,0.4083915054798126
4,14400,6,30000,6,0,0.5412020683288574
4,14400,6,30000,6,1,0.6437605619430542
4,14400,6,30000,6,2,0.18002094328403473
4,14400,6,30000,6,3,0.37490546703338623
4,14400,6,30000,6,4,0.8371015787124634
4,14400,6,30000,6,5,0.47332561016082764
4,14400,6,30000,6,6,0.2806573808193207
4,14400,6,30000,6,7,0.33473125100135803
4,14400,6,30000,6,8,0.6656653881072998
4,14400,6,30000,6,9,0.16481752693653107
4,14400,6,30000,6,10,0.2610507309436798
4,14400,6,30000,6,11,0.10302858054637909
4,14400,6,30000,6,12,0.6640720367431641
4,14400,6,30000,6,13,1.7275031805038452
4,14400,6,30000,6,14,0.5269016027450562
4,14400,6,30000,6,15,0.2303365170955658
4,14400,6,30000,6,16,0.34445807337760925
4,14400,6,30000,6,17,6.597400188446045
4,14400,6,30000,6,18,0.7164086699485779
4,14400,6,30000,6,19,0.06589917838573456
4,14400,6,30000,6,20,0.2805359959602356
4,14400,6,30000,6,21,0.26436305046081543
4,14400,6,30000,6,22,0.5265485048294067
4,14400,6,30000,6,23,0.34796011447906494
4,14400,6,30000,6,24,0.24533922970294952
4,14400,6,30000,6,25,0.43611183762550354
4,14400,6,30000,6,26,0.4071628153324127
4,14400,6,30000,6,27,0.4984597861766815
4,14400,6,30000,6,28,0.7077080011367798
4,14400,6,30000,6,29,0.3128564953804016
4,14400,7,30000,7,0,0.07539769262075424
4,14400,7,30000,7,1,0.2616814374923706
4,14400,7,30000,7,2,0.1845226138830185
4,14400,7,30000,7,3,0.16152170300483704
4,14400,7,30000,7,4,0.3228197693824768
4,14400,7,30000,7,5,0.2818078398704529
4,14400,7,30000,7,6,0.7313873767852783
4,14400,7,30000,7,7,0.24367590248584747
4,14400,7,30000,7,8,0.37163448333740234
4,14400,7,30000,7,9,0.27705681324005127
4,14400,7,30000,7,10,0.23376625776290894
4,14400,7,30000,7,11,1.3610507249832153
4,14400,7,30000,7,12,0.21718460321426392
4,14400,7,30000,7,13,0.30677172541618347
4,14400,7,30000,7,14,0.2133120894432068
4,14400,7,30000,7,15,0.7824679017066956
4,14400,7,30000,7,16,0.5108620524406433
4,14400,7,30000,7,17,0.41024160385131836
4,14400,7,30000,7,18,0.13867458701133728
4,14400,7,30000,7,19,1.129486322402954
4,14400,7,30000,7,20,0.17128217220306396
4,14400,7,30000,7,21,2.1088688373565674
4,14400,7,30000,7,22,0.2463003545999527
4,14400,7,30000,7,23,0.3627677857875824
4,14400,7,30000,7,24,0.17274916172027588
4,14400,7,30000,7,25,1.4243602752685547
4,14400,7,30000,7,26,0.5006246566772461
4,14400,7,30000,7,27,0.21062061190605164
4,14400,7,30000,7,28,0.2857634425163269
4,14400,7,30000,7,29,0.24779897928237915
4,14400,8,30000,8,0,0.25968137383461
4,14400,8,30000,8,1,0.0947117805480957
4,14400,8,30000,8,2,0.8113715648651123
4,14400,8,30000,8,3,0.6619632840156555
4,14400,8,30000,8,4,0.3603155016899109
4,14400,8,30000,8,5,0.505315363407135
4,14400,8,30000,8,6,1.4936459064483643
4,14400,8,30000,8,7,0.08696544170379639
4,14400,8,30000,8,8,0.22313931584358215
4,14400,8,30000,8,9,0.18348291516304016
4,14400,8,30000,8,10,0.17573484778404236
4,14400,8,30000,8,11,0.7943118810653687
4,14400,8,30000,8,12,0.3099537491798401
4,14400,8,30000,8,13,0.7998229265213013
4,14400,8,30000,8,14,0.269184410572052
4,14400,8,30000,8,15,0.4055896997451782
4,14400,8,30000,8,16,0.9682796597480774
4,14400,8,30000,8,17,0.2841905355453491
4,14400,8,30000,8,18,0.6417558789253235
4,14400,8,30000,8,19,0.31614476442337036
4,14400,8,30000,8,20,5.826563358306885
4,14400,8,30000,8,21,0.3465997874736786
4,14400,8,30000,8,22,0.2782818675041199
4,14400,8,30000,8,23,1.119856834411621
4,14400,8,30000,8,24,0.7959500551223755
4,14400,8,30000,8,25,0.20446278154850006
4,14400,8,30000,8,26,0.5798346400260925
4,14400,8,30000,8,27,0.0940452441573143
4,14400,8,30000,8,28,0.4740082621574402
4,14400,8,30000,8,29,0.9669045209884644
4,14400,9,30000,9,0,0.8887305855751038
4,14400,9,30000,9,1,0.26055908203125
4,14400,9,30000,9,2,0.3315519094467163
4,14400,9,30000,9,3,0.3251858651638031
4,14400,9,30000,9,4,0.3195796310901642
4,14400,9,30000,9,5,0.27854034304618835
4,14400,9,30000,9,6,0.5661048889160156
4,14400,9,30000,9,7,0.27938568592071533
4,14400,9,30000,9,8,0.21500422060489655
4,14400,9,30000,9,9,0.38211989402770996
4,14400,9,30000,9,10,0.48758867383003235
4,14400,9,30000,9,11,0.5679495930671692
4,14400,9,30000,9,12,0.4276396930217743
4,14400,9,30000,9,13,0.2369248867034912
4,14400,9,30000,9,14,0.2765665650367737
4,14400,9,30000,9,15,0.4573325514793396
4,14400,9,30000,9,16,0.780329167842865
4,14400,9,30000,9,17,0.21179789304733276
4,14400,9,30000,9,18,0.5620739459991455
4,14400,9,30000,9,19,0.1779290735721588
4,14400,9,30000,9,20,0.7856816053390503
4,14400,9,30000,9,21,0.4299350380897522
4,14400,9,30000,9,22,0.6206602454185486
4,14400,9,30000,9,23,0.26558753848075867
4,14400,9,30000,9,24,0.8587203025817871
4,14400,9,30000,9,25,1.193122386932373
4,14400,9,30000,9,26,0.05999999865889549
4,14400,9,30000,9,27,0.3317664563655853
4,14400,9,30000,9,28,0.17355945706367493
4,14400,9,30000,9,29,0.14282101392745972
4,14400,10,30000,10,0,0.7883478403091431
4,14400,10,30000,10,1,0.13881684839725494
4,14400,10,30000,10,2,0.05999999865889549
4,14400,10,30000,10,3,0.41373223066329956
4,14400,10,30000,10,4,0.32525500655174255
4,14400,10,30000,10,5,0.06503218412399292
4,14400,10,30000,10,6,0.23318451642990112
4,14400,10,30000,10,7,0.5174922943115234
4,14400,10,30000,10,8,0.49789685010910034
4,14400,10,30000,10,9,0.6061565279960632
4,14400,10,30000,10,10,0.6284153461456299
4,14400,10,30000,10,11,0.1802445352077484
4,14400,10,30000,10,12,0.18738150596618652
4,14400,10,30000,10,13,0.10213571786880493
4,14400,10,30000,10,14,0.15894395112991333
4,14400,10,30000,10,15,0.5069138407707214
4,14400,10,30000,10,16,0.9190642237663269
4,14400,10,30000,10,17,0.2080433964729309
4,14400,10,30000,10,18,0.6031557321548462
4,14400,10,30000,10,19,0.12797929346561432
4,14400,10,30000,10,20,0.25088173151016235
4,14400,10,30000,10,21,0.8466496467590332
4,14400,10,30000,10,22,0.24877703189849854
4,14400,10,30000,10,23,0.9669069647789001
4,14400,10,30000,10,24,0.6207811832427979
4,14400,10,30000,10,25,0.3986314535140991
4,14400,10,30000,10,26,0.3435106873512268
4,14400,10,30000,10,27,0.21946029365062714
4,14400,10,30000,10,28,0.5536022186279297
4,14400,10,30000,10,29,0.7270736694335938
4,14400,11,30000,11,0,2.4347925186157227
4,14400,11,30000,11,1,0.7652310729026794
4,14400,11,30000,11,2,0.06805165112018585
4,14400,11,30000,11,3,1.990004539489746
4,14400,11,30000,11,4,0.4436531662940979
4,14400,11,30000,11,5,0.2915296256542206
4,14400,11,30000,11,6,0.8215125799179077
4,14400,11,30000,11,7,0.06558679044246674
4,14400,11,30000,11,8,0.41629981994628906
4,14400,11,30000,11,9,0.17782998085021973
4,14400,11,30000,11,10,0.19200623035430908
4,14400,11,30000,11,11,0.458393394947052
4,14400,11,30000,11,12,0.2857804298400879
4,14400,11,30000,11,13,0.331778347492218
4,14400,11,30000,11,14,0.26676326990127563
4,14400,11,30000,11,15,4.754587650299072
4,14400,11,30000,11,16,1.3642148971557617
4,14400,11,30000,11,17,0.25418105721473694
4,14400,11,30000,11,18,0.2902425229549408
4,14400,11,30000,11,19,0.35212942957878113
4,14400,11,30000,11,20,1.8821184635162354
4,14400,11,30000,11,21,0.7134742736816406
4,14400,11,30000,11,22,0.8378573656082153
4,14400,11,30000,11,23,1.520115613937378
4,14400,11,30000,11,24,0.4294741749763489
4,14400,11,30000,11,25,0.17533652484416962
4,14400,11,30000,11,26,0.6158716082572937
4,14400,11,30000,11,27,0.691249430179596
4,14400,11,30000,11,28,0.6309399604797363
4,14400,11,30000,11,29,0.24755065143108368
4,14400,12,30000,12,0,0.574093222618103
4,14400,12,30000,12,1,0.42093902826309204
4,14400,12,30000,12,2,0.4196002185344696
4,14400,12,30000,12,3,0.28570759296417236
4,14400,12,30000,12,4,0.6190260648727417
4,14400,12,30000,12,5,0.826492965221405
4,14400,12,30000,12,6,0.3770584464073181
4,14400,12,30000,12,7,0.3182770609855652
4,14400,12,30000,12,8,0.9851604700088501
4,14400,12,30000,12,9,0.43805131316185
4,14400,12,30000,12,10,0.3613151013851166
4,14400,12,30000,12,11,1.0698858499526978
4,14400,12,30000,12,12,0.5555245280265808
4,14400,12,30000,12,13,0.2578120827674866
4,14400,12,30000,12,14,0.5141983032226562
4,14400,12,30000,12,15,0.930620551109314
4,14400,12,30000,12,16,0.3485690653324127
4,14400,12,30000,12,17,0.39516350626945496
4,14400,12,30000,12,18,0.5815109014511108
4,14400,12,30000,12,19,0.4372250735759735
4,14400,12,30000,12,20,0.45413777232170105
4,14400,12,30000,12,21,0.9831938147544861
4,14400,12,30000,12,22,0.365508496761322
4,14400,12,30000,12,23,0.7215372323989868
4,14400,12,30000,12,24,0.2375040352344513
4,14400,12,30000,12,25,0.28759050369262695
4,14400,12,30000,12,26,0.5161905884742737
4,14400,12,30000,12,27,0.12064678221940994
4,14400,12,30000,12,28,0.6382801532745361
4,14400,12,30000,12,29,0.05999999865889549
4,14400,13,30000,13,0,0.29678580164909363
4,14400,13,30000,13,1,1.2208284139633179
4,14400,13,30000,13,2,0.5857628583908081
4,14400,13,30000,13,3,0.24557916820049286
4,14400,13,30000,13,4,1.049194097518921
4,14400,13,30000,13,5,0.25547051429748535
4,14400,13,30000,13,6,0.21035543084144592
4,14400,13,30000,13,7,0.17280210554599762
4,14400,13,30000,13,8,0.5378084778785706
4,14400,13,30000,13,9,0.25083106756210327
4,14400,13,30000,13,10,0.5483044385910034
4,14400,13,30000,13,11,0.2154701054096222
4,14400,13,30000,13,12,0.33881986141204834
4,14400,13,30000,13,13,0.30251798033714294
4,14400,13,30000,13,14,0.31908953189849854
4,14400,13,30000,13,15,0.25280869007110596
4,14400,13,30000,13,16,0.1766243726015091
4,14400,13,30000,13,17,0.5982182621955872
4,14400,13,30000,13,18,0.6450713872909546
4,14400,13,30000,13,19,0.740668535232544
4,14400,13,30000,13,20,1.06865394115448
4,14400,13,30000,13,21,0.21224470436573029
4,14400,13,30000,13,22,0.05999999865889549
4,14400,13,30000,13,23,0.4915284812450409
4,14400,13,30000,13,24,0.38420796394348145
4,14400,13,30000,13,25,0.5252448916435242
4,14400,13,30000,13,26,0.16154004633426666
4,14400,13,30000,13,27,0.26179635524749756
4,14400,13,30000,13,28,0.4579109847545624
4,14400,13,30000,13,29,0.22358132898807526
4,14400,14,30000,14,0,1.5466747283935547
4,14400,14,30000,14,1,1.2087454795837402
4,14400,14,30000,14,2,0.4057307839393616
4,14400,14,30000,14,3,0.8171044588088989
4,14400,14,30000,14,4,0.4481101930141449
4,14400,14,30000,14,5,0.11383253335952759
4,14400,14,30000,14,6,0.6491310596466064
4,14400,14,30000,14,7,0.12879988551139832
4,14400,14,30000,14,8,0.9527192115783691
4,14400,14,30000,14,9,0.09560714662075043
4,14400,14,30000,14,10,0.9294965267181396
4,14400,14,30000,14,11,0.7863950729370117
4,14400,14,30000,14,12,0.18929000198841095
4,14400,14,30000,14,13,0.683262288570404
4,14400,14,30000,14,14,0.38901597261428833
4,14400,14,30000,14,15,0.6924575567245483
4,14400,14,30000,14,16,0.39025071263313293
4,14400,14,30000,14,17,0.38190218806266785
4,14400,14,30000,14,18,0.08806242793798447
4,14400,14,30000,14,19,0.11719699203968048
4,14400,14,30000,14,20,0.17738588154315948
4,14400,14,30000,14,21,0.6482179164886475
4,14400,14,30000,14,22,0.7022424936294556
4,14400,14,30000,14,23,0.49441105127334595
4,14400,14,30000,14,24,0.693327784538269
4,14400,14,30000,14,25,0.607581377029419
4,14400,14,30000,14,26,0.2691347301006317
4,14400,14,30000,14,27,0.33715325593948364
4,14400,14,30000,14,28,0.08123281598091125
4,14400,14,30000,14,29,0.22547197341918945
4,14400,15,30000,15,0,0.8146638870239258
4,14400,15,30000,15,1,0.3610074818134308
4,14400,15,30000,15,2,0.19456908106803894
4,14400,15,30000,15,3,0.16534587740898132
4,14400,15,30000,15,4,0.05999999865889549
4,14400,15,30000,15,5,1.1072288751602173
4,14400,15,30000,15,6,0.1902664601802826
4,14400,15,30000,15,7,1.5466713905334473
4,14400,15,30000,15,8,0.5482472777366638
4,14400,15,30000,15,9,0.20489896833896637
4,14400,15,30000,15,10,0.4390888214111328
4,14400,15,30000,15,11,0.24928082525730133
4,14400,15,30000,15,12,0.24372908473014832
4,14400,15,30000,15,13,0.2775191068649292
4,14400,15,30000,15,14,0.21130876243114471
4,14400,15,30000,15,15,0.5722454786300659
4,14400,15,30000,15,16,0.2498878687620163
4,14400,15,30000,15,17,1.2465988397598267
4,14400,15,30000,15,18,0.5810217261314392
4,14400,15,30000,15,19,0.24770814180374146
4,14400,15,30000,15,20,0.6219797134399414
4,14400,15,30000,15,21,1.0864951610565186
4,14400,15,30000,15,22,0.24778126180171967
4,14400,15,30000,15,23,0.30335503816604614
4,14400,15,30000,15,24,0.17630727589130402
4,14400,15,30000,15,25,0.0656481683254242
4,14400,15,30000,15,26,0.2584797739982605
4,14400,15,30000,15,27,0.4098570644855499
4,14400,15,30000,15,28,0.40507039427757263
4,14400,15,30000,15,29,0.24783991277217865
4,14400,16,30000,16,0,1.2868506908416748
4,14400,16,30000,16,1,0.29005545377731323
4,14400,16,30000,16,2,4.837126731872559
4,14400,16,30000,16,3,0.21464022994041443
4,14400,16,30000,16,4,0.29663315415382385
4,14400,16,30000,16,5,0.2208445966243744
4,14400,16,30000,16,6,0.2353798896074295
4,14400,16,30000,16,7,0.547601580619812
4,14400,16,30000,16,8,0.6579899787902832
4,14400,16,30000,16,9,0.6458703875541687
4,14400,16,30000,16,10,0.25799113512039185
4,14400,16,30000,16,11,0.09525884687900543
4,14400,16,30000,16,12,1.2957544326782227
4,14400,16,30000,16,13,0.2944222390651703
4,14400,16,30000,16,14,0.5309396386146545
4,14400,16,30000,16,15,0.06675834953784943
4,14400,16,30000,16,16,0.26267436146736145
4,14400,16,30000,16,17,0.49290263652801514
4,14400,16,30000,16,18,0.4017554223537445
4,14400,16,30000,16,19,0.3092024326324463
4,14400,16,30000,16,20,0.09663419425487518
4,14400,16,30000,16,21,0.49255600571632385
4,14400,16,30000,16,22,0.5032042264938354
4,14400,16,30000,16,23,0.5013447403907776
4,14400,16,30000,16,24,0.31988197565078735
4,14400,16,30000,16,25,0.31954720616340637
4,14400,16,30000,16,26,0.38596245646476746
4,14400,16,30000,16,27,0.7579033374786377
4,14400,16,30000,16,28,0.15966196358203888
4,14400,16,30000,16,29,0.6879436373710632
4,14400,17,30000,17,0,0.06766598671674728
4,14400,17,30000,17,1,0.1804865300655365
4,14400,17,30000,17,2,0.40455248951911926
4,14400,17,30000,17,3,0.3776315748691559
4,14400,17,30000,17,4,2.5814332962036133
4,14400,17,30000,17,5,0.18922430276870728
4,14400,17,30000,17,6,1.2227507829666138
4,14400,17,30000,17,7,1.7075406312942505
4,14400,17,30000,17,8,0.8492147326469421
4,14400,17,30000,17,9,0.24021312594413757
4,14400,17,30000,17,10,0.18705621361732483
4,14400,17,30000,17,11,0.27832096815109253
4,14400,17,30000,17,12,0.7545462250709534
4,14400,17,30000,17,13,0.4912337362766266
4,14400,17,30000,17,14,1.4553698301315308
4,14400,17,30000,17,15,1.051795482635498
4,14400,17,30000,17,16,0.5530732870101929
4,14400,17,30000,17,17,0.5037950873374939
4,14400,17,30000,17,18,0.783450722694397
4,14400,17,30000,17,19,2.308854103088379
4,14400,17,30000,17,20,0.19051992893218994
4,14400,17,30000,17,21,0.20419612526893616
4,14400,17,30000,17,22,0.18419191241264343
4,14400,17,30000,17,23,0.24744346737861633
4,14400,17,30000,17,24,0.19375988841056824
4,14400,17,30000,17,25,0.19462677836418152
4,14400,17,30000,17,26,0.1861654371023178
4,14400,17,30000,17,27,0.2911042869091034
4,14400,17,30000,17,28,0.2838723063468933
4,14400,17,30000,17,29,0.2062758505344391
4,14400,18,30000,18,0,3.7264208793640137
4,14400,18,30000,18,1,0.1834772527217865
4,14400,18,30000,18,2,0.20003263652324677
4,14400,18,30000,18,3,0.25423097610473633
4,14400,18,30000,18,4,0.15331923961639404
4,14400,18,30000,18,5,0.18709532916545868
4,14400,18,30000,18,6,0.4080938696861267
4,14400,18,30000,18,7,0.3806985020637512
4,14400,18,30000,18,8,0.49670568108558655
4,14400,18,30000,18,9,0.6569632887840271
4,14400,18,30000,18,10,0.6202023029327393
4,14400,18,30000,18,11,0.4562421143054962
4,14400,18,30000,18,12,1.276487112045288
4,14400,18,30000,18,13,1.0904994010925293
4,14400,18,30000,18,14,0.3892967402935028
4,14400,18,30000,18,15,0.9623794555664062
4,14400,18,30000,18,16,0.2492901235818863
4,14400,18,30000,18,17,0.12845200300216675
4,14400,18,30000,18,18,0.1834353655576706
4,14400,18,30000,18,19,0.3967779874801636
4,14400,18,30000,18,20,0.060201164335012436
4,14400,18,30000,18,21,0.43618810176849365
4,14400,18,30000,18,22,0.19748064875602722
4,14400,18,30000,18,23,0.4964655637741089
4,14400,18,30000,18,24,0.07709294557571411
4,14400,18,30000,18,25,0.28470373153686523
4,14400,18,30000,18,26,0.17846126854419708
4,14400,18,30000,18,27,0.4862010180950165
4,14400,18,30000,18,28,0.14173102378845215
4,14400,18,30000,18,29,0.44432055950164795
4,14400,19,30000,19,0,0.4775795638561249
4,14400,19,30000,19,1,0.07236357033252716
4,14400,19,30000,19,2,0.4247198700904846
4,14400,19,30000,19,3,0.2388536036014557
4,14400,19,30000,19,4,0.23297734558582306
4,14400,19,30000,19,5,0.6561746001243591
4,14400,19,30000,19,6,1.7919999361038208
4,14400,19,30000,19,7,0.17449462413787842
4,14400,19,30000,19,8,0.3202641010284424
4,14400,19,30000,19,9,0.5184606313705444
4,14400,19,30000,19,10,0.6589082479476929
4,14400,19,30000,19,11,0.30711883306503296
4,14400,19,30000,19,12,0.3573976159095764
4,14400,19,30000,19,13,0.7259171605110168
4,14400,19,30000,19,14,0.19244295358657837
4,14400,19,30000,19,15,0.2340429723262787
4,14400,19,30000,19,16,0.7777792811393738
4,14400,19,30000,19,17,0.592486560344696
4,14400,19,30000,19,18,1.0398962497711182
4,14400,19,30000,19,19,0.37781018018722534
4,14400,19,30000,19,20,0.5156530141830444
4,14400,19,30000,19,21,0.21684670448303223
4,14400,19,30000,19,22,0.09422148764133453
4,14400,19,30000,19,23,4.1085662841796875
4,14400,19,30000,19,24,0.5527249574661255
4,14400,19,30000,19,25,0.15435974299907684
4,14400,19,30000,19,26,0.3680919408798218
4,14400,19,30000,19,27,7.154638290405273
4,14400,19,30000,19,28,0.32633936405181885
4,14400,19,30000,19,29,0.4862712621688843
5,18000,0,30000,0,0,0.18972717225551605
5,18000,0,30000,0,1,0.472514808177948
5,18000,0,30000,0,2,0.22370260953903198
5,18000,0,30000,0,3,0.5648277401924133
5,18000,0,30000,0,4,0.43014460802078247
5,18000,0,30000,0,5,0.6342662572860718
5,18000,0,30000,0,6,0.4326019287109375
5,18000,0,30000,0,7,0.37355589866638184
5,18000,0,30000,0,8,0.2703271210193634
5,18000,0,30000,0,9,0.19661684334278107
5,18000,0,30000,0,10,0.2013668268918991
5,18000,0,30000,0,11,0.5530139207839966
5,18000,0,30000,0,12,0.524196982383728
5,18000,0,30000,0,13,0.658744752407074
5,18000,0,30000,0,14,0.518446683883667
5,18000,0,30000,0,15,0.5040532946586609
5,18000,0,30000,0,16,0.4399080276489258
5,18000,0,30000,0,17,0.3848416209220886
5,18000,0,30000,0,18,0.06302104890346527
5,18000,0,30000,0,19,0.8473225831985474
5,18000,0,30000,0,20,0.4654815196990967
5,18000,0,30000,0,21,0.2743210196495056
5,18000,0,30000,0,22,0.6845576763153076
5,18000,0,30000,0,23,0.3826765716075897
5,18000,0,30000,0,24,0.4135224521160126
5,18000,0,30000,0,25,0.527572512626648
5,18000,0,30000,0,26,0.0876995250582695
5,18000,0,30000,0,27,0.24965594708919525
5,18000,0,30000,0,28,0.7761547565460205
5,18000,0,30000,0,29,0.5839077830314636
5,18000,1,30000,1,0,0.4834933280944824
5,18000,1,30000,1,1,0.30295488238334656
5,18000,1,30000,1,2,0.5215781331062317
5,18000,1,30000,1,3,0.27805542945861816
5,18000,1,30000,1,4,0.2742200791835785
5,18000,1,30000,1,5,0.43262171745300293
5,18000,1,30000,1,6,0.4845064878463745
5,18000,1,30000,1,7,0.21592894196510315
5,18000,1,30000,1,8,0.2688036859035492
5,18000,1,30000,1,9,0.20756040513515472
5,18000,1,30000,1,10,0.21065041422843933
5,18000,1,30000,1,11,0.32133424282073975
5,18000,1,30000,1,12,0.10973107069730759
5,18000,1,30000,1,13,0.13234122097492218
5,18000,1,30000,1,14,0.31027162075042725
5,18000,1,30000,1,15,0.3855331540107727
5,18000,1,30000,1,16,0.16959524154663086
5,18000,1,30000,1,17,0.06961984932422638
5,18000,1,30000,1,18,0.45549505949020386
5,18000,1,30000,1,19,0.3282151222229004
5,18000,1,30000,1,20,0.21373173594474792
5,18000,1,30000,1,21,0.08627775311470032
5,18000,1,30000,1,22,0.27094557881355286
5,18000,1,30000,1,23,0.3202604055404663
5,18000,1,30000,1,24,0.37650206685066223
5,18000,1,30000,1,25,0.32709142565727234
5,18000,1,30000,1,26,0.32606276869773865
5,18000,1,30000,1,27,0.2651873230934143
5,18000,1,30000,1,28,0.6379249691963196
5,18000,1,30000,1,29,0.3038288354873657
5,18000,2,30000,2,0,0.5570444464683533
5,18000,2,30000,2,1,0.07548791915178299
5,18000,2,30000,2,2,0.07401252537965775
5,18000,2,30000,2,3,0.6220765113830566
5,18000,2,30000,2,4,0.20964454114437103
5,18000,2,30000,2,5,1.227837324142456
5,18000,2,30000,2,6,0.6836391091346741
5,18000,2,30000,2,7,0.07720218598842621
5,18000,2,30000,2,8,1.1107192039489746
5,18000,2,30000,2,9,0.6725232601165771
5,18000,2,30000,2,10,0.4483948349952698
5,18000,2,30000,2,11,0.34380656480789185
5,18000,2,30000,2,12,0.05999999865889549
5,18000,2,30000,2,13,0.204913929104805
5,18000,2,30000,2,14,0.5109334588050842
5,18000,2,30000,2,15,0.3883366584777832
5,18000,2,30000,2,16,0.284927636384964
5,18000,2,30000,2,17,0.5510445237159729
5,18000,2,30000,2,18,0.11435762047767639
5,18000,2,30000,2,19,0.3255186378955841
5,18000,2,30000,2,20,0.8258574604988098
5,18000,2,30000,2,21,0.35496798157691956
5,18000,2,30000,2,22,0.25955310463905334
5,18000,2,30000,2,23,0.4842294454574585
5,18000,2,30000,2,24,0.30245524644851685
5,18000,2,30000,2,25,0.5158372521400452
5,18000,2,30000,2,26,0.29289236664772034
5,18000,2,30000,2,27,0.6747575402259827
5,18000,2,30000,2,28,0.1014305055141449
5,18000,2,30000,2,29,0.40103062987327576
5,18000,3,30000,3,0,0.16887448728084564
5,18000,3,30000,3,1,0.8449428677558899
5,18000,3,30000,3,2,0.48757821321487427
5,18000,3,30000,3,3,0.2354642152786255
5,18000,3,30000,3,4,0.23019205033779144
5,18000,3,30000,3,5,0.5098174214363098
5,18000,3,30000,3,6,0.2993115782737732
5,18000,3,30000,3,7,0.25582408905029297
5,18000,3,30000,3,8,0.19390004873275757
5,18000,3,30000,3,9,0.18271404504776
5,18000,3,30000,3,10,0.234594464302063
5,18000,3,30000,3,11,0.06598971784114838
5,18000,3,30000,3,12,0.348683625459671
5,18000,3,30000,3,13,1.3513638973236084
5,18000,3,30000,3,14,0.1035877913236618
5,18000,3,30000,3,15,0.5016943216323853
5,18000,3,30000,3,16,0.3260204792022705
5,18000,3,30000,3,17,0.5197927355766296
5,18000,3,30000,3,18,0.5029774308204651
5,18000,3,30000,3,19,0.19784879684448242
5,18000,3,30000,3,20,0.3751036822795868
5,18000,3,30000,3,21,1.2282938957214355
5,18000,3,30000,3,22,0.7504152655601501
5,18000,3,30000,3,23,0.3686084747314453
5,18000,3,30000,3,24,0.5967923998832703
5,18000,3,30000,3,25,0.5117883682250977
5,18000,3,30000,3,26,0.3969074785709381
5,18000,3,30000,3,27,0.2690874934196472
5,18000,3,30000,3,28,0.7293547987937927
5,18000,3,30000,3,29,0.31127166748046875
5,18000,4,30000,4,0,0.1075919046998024
5,18000,4,30000,4,1,0.5535101294517517
5,18000,4,30000,4,2,0.8926796317100525
5,18000,4,30000,4,3,0.7432941794395447
5,18000,4,30000,4,4,0.5664244890213013
5,18000,4,30000,4,5,0.27586233615875244
5,18000,4,30000,4,6,0.23982085287570953
5,18000,4,30000,4,7,0.47609779238700867
5,18000,4,30000,4,8,0.5766642093658447
5,18000,4,30000,4,9,0.7607197761535645
5,18000,4,30000,4,10,0.27641934156417847
5,18000,4,30000,4,11,0.05999999865889549
5,18000,4,30000,4,12,0.11983296275138855
5,18000,4,30000,4,13,0.5943167805671692
5,18000,4,30000,4,14,0.30556392669677734
5,18000,4,30000,4,15,0.2807524502277374
5,18000,4,30000,4,16,0.3675454556941986
5,18000,4,30000,4,17,0.6490724086761475
5,18000,4,30000,4,18,0.46725893020629883
5,18000,4,30000,4,19,0.19132481515407562
5,18000,4,30000,4,20,1.2145040035247803
5,18000,4,30000,4,21,0.17936886847019196
5,18000,4,30000,4,22,0.16355417668819427
5,18000,4,30000,4,23,0.5927693843841553
5,18000,4,30000,4,24,0.3660058081150055
5,18000,4,30000,4,25,0.3837282359600067
5,18000,4,30000,4,26,1.5266367197036743
5,18000,4,30000,4,27,0.4908817708492279
5,18000,4,30000,4,28,0.4721711277961731
5,18000,4,30000,4,29,0.41430866718292236
5,18000,5,30000,5,0,0.38950586318969727
5,18000,5,30000,5,1,0.2797936499118805
5,18000,5,30000,5,2,0.151788130402565
5,18000,5,30000,5,3,0.3343718349933624
5,18000,5,30000,5,4,0.21110498905181885
5,18000,5,30000,5,5,0.38990896940231323
5,18000,5,30000,5,6,0.47300541400909424
5,18000,5,30000,5,7,0.5146520733833313
5,18000,5,30000,5,8,0.23280766606330872
5,18000,5,30000,5,9,1.0619314908981323
5,18000,5,30000,5,10,0.18170660734176636
5,18000,5,30000,5,11,0.1913577914237976
5,18000,5,30000,5,12,0.697882890701294
5,18000,5,30000,5,13,0.37220603227615356
5,18000,5,30000,5,14,0.2653229832649231
5,18000,5,30000,5,15,0.7316975593566895
5,18000,5,30000,5,16,0.6015254855155945
5,18000,5,30000,5,17,0.4953298270702362
5,18000,5,30000,5,18,1.2803113460540771
5,18000,5,30000,5,19,0.5211304426193237
5,18000,5,30000,5,20,0.5994411706924438
5,18000,5,30000,5,21,0.7085556983947754
5,18000,5,30000,5,22,0.23374347388744354
5,18000,5,30000,5,23,0.5351563692092896
5,18000,5,30000,5,24,0.3789317011833191
5,18000,5,30000,5,25,0.1720946878194809
5,18000,5,30000,5,26,0.10104432702064514
5,18000,5,30000,5,27,0.2451428920030594
5,18000,5,30000,5,28,0.08902421593666077
5,18000,5,30000,5,29,0.06332505494356155
5,18000,6,30000,6,0,0.18264220654964447
5,18000,6,30000,6,1,0.48875951766967773
5,18000,6,30000,6,2,0.3222677409648895
5,18000,6,30000,6,3,0.7291585803031921
5,18000,6,30000,6,4,0.371605783700943
5,18000,6,30000,6,5,0.534627377986908
5,18000,6,30000,6,6,0.3220296800136566
5,18000,6,30000,6,7,1.6019067764282227
5,18000,6,30000,6,8,0.4969407916069031
5,18000,6,30000,6,9,0.7088470458984375
5,18000,6,30000,6,10,0.24931097030639648
5,18000,6,30000,6,11,0.261366069316864
5,18000,6,30000,6,12,0.7087459564208984
5,18000,6,30000,6,13,0.1259697526693344
5,18000,6,30000,6,14,0.4374845623970032
5,18000,6,30000,6,15,0.21370422840118408
5,18000,6,30000,6,16,0.39906302094459534
5,18000,6,30000,6,17,0.24446551501750946
5,18000,6,30000,6,18,0.2910451591014862
5,18000,6,30000,6,19,0.44499078392982483
5,18000,6,30000,6,20,0.2533488869667053
5,18000,6,30000,6,21,0.10741259157657623
5,18000,6,30000,6,22,0.3536556661128998
5,18000,6,30000,6,23,0.515950620174408
5,18000,6,30000,6,24,0.09156649559736252
5,18000,6,30000,6,25,0.46774473786354065
5,18000,6,30000,6,26,0.5008053183555603
5,18000,6,30000,6,27,0.6218985319137573
5,18000,6,30000,6,28,0.3105853796005249
5,18000,6,30000,6,29,0.06382079422473907
5,18000,7,30000,7,0,0.6624681949615479
5,18000,7,30000,7,1,0.39009520411491394
5,18000,7,30000,7,2,0.22793440520763397
5,18000,7,30000,7,3,0.6153861284255981
5,18000,7,30000,7,4,0.26745331287384033
5,18000,7,30000,7,5,0.28400272130966187
5,18000,7,30000,7,6,0.22263319790363312
5,18000,7,30000,7,7,0.23036643862724304
5,18000,7,30000,7,8,0.6849923133850098
5,18000,7,30000,7,9,0.20425046980381012
5,18000,7,30000,7,10,0.2410908043384552
5,18000,7,30000,7,11,0.477482408285141
5,18000,7,30000,7,12,0.3555419445037842
5,18000,7,30000,7,13,0.10211978852748871
5,18000,7,30000,7,14,0.3835066556930542
5,18000,7,30000,7,15,0.09250902384519577
5,18000,7,30000,7,16,0.17929473519325256
5,18000,7,30000,7,17,0.19322597980499268
5,18000,7,30000,7,18,0.1681712120771408
5,18000,7,30000,7,19,0.2085009515285492
5,18000,7,30000,7,20,0.2269287258386612
5,18000,7,30000,7,21,0.12742382287979126
5,18000,7,30000,7,22,0.1148889884352684
5,18000,7,30000,7,23,0.32709699869155884
5,18000,7,30000,7,24,0.23570770025253296
5,18000,7,30000,7,25,2.0658671855926514
5,18000,7,30000,7,26,0.44091570377349854
5,18000,7,30000,7,27,0.23837503790855408
5,18000,7,30000,7,28,0.19262032210826874
5,18000,7,30000,7,29,0.19204798340797424
5,18000,8,30000,8,0,0.25291144847869873
5,18000,8,30000,8,1,0.3163759708404541
5,18000,8,30000,8,2,0.9742209911346436
5,18000,8,30000,8,3,0.44381242990493774
5,18000,8,30000,8,4,0.588652491569519
5,18000,8,30000,8,5,0.35341718792915344
5,18000,8,30000,8,6,0.3759829103946686
5,18000,8,30000,8,7,0.6281636953353882
5,18000,8,30000,8,8,0.2290540635585785
5,18000,8,30000,8,9,0.293844074010849
5,18000,8,30000,8,10,0.30292439460754395
5,18000,8,30000,8,11,0.5487633943557739
5,18000,8,30000,8,12,0.2720857560634613
5,18000,8,30000,8,13,0.13316674530506134
5,18000,8,30000,8,14,0.17882543802261353
5,18000,8,30000,8,15,0.06802035868167877
5,18000,8,30000,8,16,1.4054979085922241
5,18000,8,30000,8,17,0.1935199499130249
5,18000,8,30000,8,18,0.9931876063346863
5,18000,8,30000,8,19,0.4786510169506073
5,18000,8,30000,8,20,0.06018918752670288
5,18000,8,30000,8,21,0.3271968364715576
5,18000,8,30000,8,22,0.16701894998550415
5,18000,8,30000,8,23,0.4367108941078186
5,18000,8,30000,8,24,0.4993690848350525
5,18000,8,30000,8,25,0.10623463988304138
5,18000,8,30000,8,26,0.7396838068962097
5,18000,8,30000,8,27,0.6420872807502747
5,18000,8,30000,8,28,0.38225212693214417
5,18000,8,30000,8,29,0.7382677793502808
5,18000,9,30000,9,0,0.5334019660949707
5,18000,9,30000,9,1,0.14585325121879578
5,18000,9,30000,9,2,0.25721099972724915
5,18000,9,30000,9,3,0.2851235270500183
5,18000,9,30000,9,4,0.673375129699707
5,18000,9,30000,9,5,0.31299322843551636
5,18000,9,30000,9,6,0.4705737233161926
5,18000,9,30000,9,7,0.21144574880599976
5,18000,9,30000,9,8,0.36797642707824707
5,18000,9,30000,9,9,0.49553364515304565
5,18000,9,30000,9,10,0.2206239104270935
5,18000,9,30000,9,11,0.3857495188713074
5,18000,9,30000,9,12,0.21627174317836761
5,18000,9,30000,9,13,0.41887325048446655
5,18000,9,30000,9,14,0.12143924832344055
5,18000,9,30000,9,15,0.05999999865889549
5,18000,9,30000,9,16,0.7075873613357544
5,18000,9,30000,9,17,0.23008623719215393
5,18000,9,30000,9,18,0.44762691855430603
5,18000,9,30000,9,19,0.22413571178913116
5,18000,9,30000,9,20,0.7134683132171631
5,18000,9,30000,9,21,0.28278812766075134
5,18000,9,30000,9,22,0.5301557779312134
5,18000,9,30000,9,23,0.827328622341156
5,18000,9,30000,9,24,0.26298606395721436
5,18000,9,30000,9,25,2.1686792373657227
5,18000,9,30000,9,26,0.23551267385482788
5,18000,9,30000,9,27,0.5609851479530334
5,18000,9,30000,9,28,0.1775655895471573
5,18000,9,30000,9,29,0.27321773767471313
5,18000,10,30000,10,0,0.20170888304710388
5,18000,10,30000,10,1,0.45959755778312683
5,18000,10,30000,10,2,0.23125246167182922
5,18000,10,30000,10,3,0.13718371093273163
5,18000,10,30000,10,4,0.3751988708972931
5,18000,10,30000,10,5,0.21028268337249756
5,18000,10,30000,10,6,0.18945731222629547
5,18000,10,30000,10,7,0.321656733751297
5,18000,10,30000,10,8,0.5355900526046753
5,18000,10,30000,10,9,0.2452715039253235
5,18000,10,30000,10,10,0.5594777464866638
5,18000,10,30000,10,11,0.05999999865889549
5,18000,10,30000,10,12,0.19233253598213196
5,18000,10,30000,10,13,0.06469865888357162
5,18000,10,30000,10,14,0.2557258605957031
5,18000,10,30000,10,15,1.500026822090149
5,18000,10,30000,10,16,0.12812583148479462
5,18000,10,30000,10,17,0.49118977785110474
5,18000,10,30000,10,18,0.22631394863128662
5,18000,10,30000,10,19,0.29129812121391296
5,18000,10,30000,10,20,0.5112643837928772
5,18000,10,30000,10,21,0.7593125104904175
5,18000,10,30000,10,22,0.3226604759693146
5,18000,10,30000,10,23,0.7825381755828857
5,18000,10,30000,10,24,0.3480675220489502
5,18000,10,30000,10,25,0.4332888126373291
5,18000,10,30000,10,26,0.4564856290817261
5,18000,10,30000,10,27,0.3460574150085449
5,18000,10,30000,10,28,0.18636731803417206
5,18000,10,30000,10,29,1.2234829664230347
5,18000,11,30000,11,0,0.33620405197143555
5,18000,11,30000,11,1,0.17461980879306793
5,18000,11,30000,11,2,0.32994648814201355
5,18000,11,30000,11,3,0.1055065467953682
5,18000,11,30000,11,4,0.22978714108467102
5,18000,11,30000,11,5,0.18256227672100067
5,18000,11,30000,11,6,0.3578135371208191
5,18000,11,30000,11,7,0.3091083765029907
5,18000,11,30000,11,8,0.5873759388923645
5,18000,11,30000,11,9,0.6355002522468567
5,18000,11,30000,11,10,0.20910654962062836
5,18000,11,30000,11,11,0.43864303827285767
5,18000,11,30000,11,12,0.6445258855819702
5,18000,11,30000,11,13,0.7732042074203491
5,18000,11,30000,11,14,0.22889763116836548
5,18000,11,30000,11,15,0.282158225774765
5,18000,11,30000,11,16,2.204310894012451
5,18000,11,30000,11,17,0.18091849982738495
5,18000,11,30000,11,18,0.07599062472581863
5,18000,11,30000,11,19,0.42211514711380005
5,18000,11,30000,11,20,2.9753732681274414
5,18000,11,30000,11,21,0.5049645304679871
5,18000,11,30000,11,22,0.373654305934906
5,18000,11,30000,11,23,0.7863812446594238
5,18000,11,30000,11,24,0.8880895376205444
5,18000,11,30000,11,25,0.2342325896024704
5,18000,11,30000,11,26,0.33141225576400757
5,18000,11,30000,11,27,0.22216838598251343
5,18000,11,30000,11,28,0.6689069867134094
5,18000,11,30000,11,29,0.18499334156513214
5,18000,12,30000,12,0,0.23494160175323486
5,18000,12,30000,12,1,0.5664508938789368
5,18000,12,30000,12,2,0.529468297958374
5,18000,12,30000,12,3,0.5130355358123779
5,18000,12,30000,12,4,0.6007859706878662
5,18000,12,30000,12,5,0.1119891107082367
5,18000,12,30000,12,6,0.21777041256427765
5,18000,12,30000,12,7,0.3141825795173645
5,18000,12,30000,12,8,0.21029776334762573
5,18000,12,30000,12,9,0.3598141372203827
5,18000,12,30000,12,10,0.18529847264289856
5,18000,12,30000,12,11,0.8573175668716431
5,18000,12,30000,12,12,0.6810067892074585
5,18000,12,30000,12,13,0.16336174309253693
5,18000,12,30000,12,14,0.06565570831298828
5,18000,12,30000,12,15,0.6643679738044739
5,18000,12,30000,12,16,0.21487735211849213
5,18000,12,30000,12,17,0.12890148162841797
5,18000,12,30000,12,18,0.33637672662734985
5,18000,12,30000,12,19,0.40986716747283936
5,18000,12,30000,12,20,0.3225117623806
5,18000,12,30000,12,21,0.47766196727752686
5,18000,12,30000,12,22,0.5977524518966675
5,18000,12,30000,12,23,0.3409673273563385
5,18000,12,30000,12,24,0.398129940032959
5,18000,12,30000,12,25,0.3097056746482849
5,18000,12,30000,12,26,0.1702980101108551
5,18000,12,30000,12,27,0.3784466087818146
5,18000,12,30000,12,28,0.485734760761261
5,18000,12,30000,12,29,0.6556746959686279
5,18000,13,30000,13,0,0.05999999865889549
5,18000,13,30000,13,1,0.3916638195514679
5,18000,13,30000,13,2,1.0343154668807983
5,18000,13,30000,13,3,0.25916799902915955
5,18000,13,30000,13,4,1.4026885032653809
5,18000,13,30000,13,5,0.2823229134082794
5,18000,13,30000,13,6,1.043379783630371
5,18000,13,30000,13,7,0.3626578748226166
5,18000,13,30000,13,8,0.427661657333374
5,18000,13,30000,13,9,0.4650775194168091
5,18000,13,30000,13,10,0.6860708594322205
5,18000,13,30000,13,11,0.5992923974990845
5,18000,13,30000,13,12,0.2615406811237335
5,18000,13,30000,13,13,0.17102080583572388
5,18000,13,30000,13,14,0.11000239104032516
5,18000,13,30000,13,15,0.724632203578949
5,18000,13,30000,13,16,0.9583823084831238
5,18000,13,30000,13,17,0.6998287439346313
5,18000,13,30000,13,18,0.49222248792648315
5,18000,13,30000,13,19,0.0929611474275589
5,18000,13,30000,13,20,1.7344741821289062
5,18000,13,30000,13,21,0.9120062589645386
5,18000,13,30000,13,22,0.5665587186813354
5,18000,13,30000,13,23,0.47828662395477295
5,18000,13,30000,13,24,0.5984131097793579
5,18000,13,30000,13,25,0.5852200388908386
5,18000,13,30000,13,26,0.24602366983890533
5,18000,13,30000,13,27,0.20984292030334473
5,18000,13,30000,13,28,0.2264481633901596
5,18000,13,30000,13,29,0.28093767166137695
5,18000,14,30000,14,0,1.7006620168685913
5,18000,14,30000,14,1,0.7401061654090881
5,18000,14,30000,14,2,0.3438259959220886
5,18000,14,30000,14,3,1.1613949537277222
5,18000,14,30000,14,4,0.05999999865889549
5,18000,14,30000,14,5,0.6956435441970825
5,18000,14,30000,14,6,0.44637835025787354
5,18000,14,30000,14,7,0.30496746301651
5,18000,14,30000,14,8,0.11050275713205338
5,18000,14,30000,14,9,0.5857921242713928
5,18000,14,30000,14,10,1.0822536945343018
5,18000,14,30000,14,11,0.4510030150413513
5,18000,14,30000,14,12,0.16459915041923523
5,18000,14,30000,14,13,0.19398631155490875
5,18000,14,30000,14,14,0.6103562116622925
5,18000,14,30000,14,15,0.8242883086204529
5,18000,14,30000,14,16,0.1845169961452484
5,18000,14,30000,14,17,0.35050100088119507
5,18000,14,30000,14,18,0.5048282742500305
5,18000,14,30000,14,19,0.24116690456867218
5,18000,14,30000,14,20,0.3019173741340637
5,18000,14,30000,14,21,0.8191474080085754
5,18000,14,30000,14,22,0.6425361633300781
5,18000,14,30000,14,23,0.4059467911720276
5,18000,14,30000,14,24,0.37139636278152466
5,18000,14,30000,14,25,0.7040383815765381
5,18000,14,30000,14,26,0.41002359986305237
5,18000,14,30000,14,27,0.7150693535804749
5,18000,14,30000,14,28,0.9284768104553223
5,18000,14,30000,14,29,0.40500667691230774
5,18000,15,30000,15,0,0.42302918434143066
5,18000,15,30000,15,1,0.3375197649002075
5,18000,15,30000,15,2,0.6178171634674072
5,18000,15,30000,15,3,0.5111743807792664
5,18000,15,30000,15,4,0.23683792352676392
5,18000,15,30000,15,5,1.2832809686660767
5,18000,15,30000,15,6,0.19672229886054993
5,18000,15,30000,15,7,0.6996317505836487
5,18000,15,30000,15,8,0.3062889873981476
5,18000,15,30000,15,9,0.2396116554737091
5,18000,15,30000,15,10,0.3791443407535553
5,18000,15,30000,15,11,0.1820894181728363
5,18000,15,30000,15,12,0.06819719076156616
5,18000,15,30000,15,13,0.06223929300904274
5,18000,15,30000,15,14,0.29566502571105957
5,18000,15,30000,15,15,0.4831028878688812
5,18000,15,30000,15,16,0.11080363392829895
5,18000,15,30000,15,17,1.1892313957214355
5,18000,15,30000,15,18,0.49929407238960266
5,18000,15,30000,15,19,0.4108177423477173
5,18000,15,30000,15,20,0.4034024477005005
5,18000,15,30000,15,21,0.4820537865161896
5,18000,15,30000,15,22,0.3377220034599304
5,18000,15,30000,15,23,0.25841107964515686
5,18000,15,30000,15,24,0.2442164570093155
5,18000,15,30000,15,25,0.2210587114095688
5,18000,15,30000,15,26,0.14420275390148163
5,18000,15,30000,15,27,0.8451216220855713
5,18000,15,30000,15,28,0.5493782162666321
5,18000,15,30000,15,29,0.08536848425865173
5,18000,16,30000,16,0,0.15230119228363037
5,18000,16,30000,16,1,0.3605230152606964
5,18000,16,30000,16,2,2.0338690280914307
5,18000,16,30000,16,3,0.3452925682067871
5,18000,16,30000,16,4,0.35642603039741516
5,18000,16,30000,16,5,0.06874574720859528
5,18000,16,30000,16,6,0.26776108145713806
5,18000,16,30000,16,7,0.4874667823314667
5,18000,16,30000,16,8,0.4807233214378357
5,18000,16,30000,16,9,0.2949504256248474
5,18000,16,30000,16,10,0.31798696517944336
5,18000,16,30000,16,11,0.38353294134140015
5,18000,16,30000,16,12,0.8116655349731445
5,18000,16,30000,16,13,0.28992900252342224
5,18000,16,30000,16,14,0.43325376510620117
5,18000,16,30000,16,15,0.26239013671875
5,18000,16,30000,16,16,0.47330012917518616
5,18000,16,30000,16,17,0.6102787256240845
5,18000,16,30000,16,18,0.24317620694637299
5,18000,16,30000,16,19,0.3915256857872009
5,18000,16,30000,16,20,0.3323214054107666
5,18000,16,30000,16,21,0.44616463780403137
5,18000,16,30000,16,22,0.12039142847061157
5,18000,16,30000,16,23,0.20703482627868652
5,18000,16,30000,16,24,0.20475931465625763
5,18000,16,30000,16,25,0.2557413578033447
5,18000,16,30000,16,26,0.21570996940135956
5,18000,16,30000,16,27,0.2802897095680237
5,18000,16,30000,16,28,0.18303613364696503
5,18000,16,30000,16,29,0.1202915608882904
5,18000,17,30000,17,0,0.23563383519649506
5,18000,17,30000,17,1,0.24977530539035797
5,18000,17,30000,17,2,0.6249290704727173
5,18000,17,30000,17,3,0.20636841654777527
5,18000,17,30000,17,4,0.28904563188552856
5,18000,17,30000,17,5,0.17996974289417267
5,18000,17,30000,17,6,0.15638723969459534
5,18000,17,30000,17,7,0.13156671822071075
5,18000,17,30000,17,8,0.2263696938753128
5,18000,17,30000,17,9,0.2549383342266083
5,18000,17,30000,17,10,0.2895001173019409
5,18000,17,30000,17,11,0.21768642961978912
5,18000,17,30000,17,12,0.20350824296474457
5,18000,17,30000,17,13,0.16582083702087402
5,18000,17,30000,17,14,0.8871496915817261
5,18000,17,30000,17,15,0.969281017780304
5,18000,17,30000,17,16,0.21940380334854126
5,18000,17,30000,17,17,0.05999999865889549
5,18000,17,30000,17,18,0.7439043521881104
5,18000,17,30000,17,19,0.25822797417640686
5,18000,17,30000,17,20,0.5887919068336487
5,18000,17,30000,17,21,0.5487682223320007
5,18000,17,30000,17,22,0.4809039235115051
5,18000,17,30000,17,23,0.31198668479919434
5,18000,17,30000,17,24,0.658787727355957
5,18000,17,30000,17,25,0.2520696222782135
5,18000,17,30000,17,26,0.3817065358161926
5,18000,17,30000,17,27,0.33876892924308777
5,18000,17,30000,17,28,0.9746392965316772
5,18000,17,30000,17,29,0.21012312173843384
5,18000,18,30000,18,0,4.10387659072876
5,18000,18,30000,18,1,0.3177260458469391
5,18000,18,30000,18,2,0.2360699623823166
5,18000,18,30000,18,3,0.43411359190940857
5,18000,18,30000,18,4,0.2921298146247864
5,18000,18,30000,18,5,0.37063202261924744
5,18000,18,30000,18,6,0.2492515593767166
5,18000,18,30000,18,7,0.19599716365337372
5,18000,18,30000,18,8,0.1669837385416031
5,18000,18,30000,18,9,0.5900013446807861
5,18000,18,30000,18,10,0.6245625019073486
5,18000,18,30000,18,11,0.5912709832191467
5,18000,18,30000,18,12,0.5276804566383362
5,18000,18,30000,18,13,1.1756240129470825
5,18000,18,30000,18,14,0.22453248500823975
5,18000,18,30000,18,15,0.6757466793060303
5,18000,18,30000,18,16,0.23921754956245422
5,18000,18,30000,18,17,0.15525221824645996
5,18000,18,30000,18,18,0.36410075426101685
5,18000,18,30000,18,19,0.4463331699371338
5,18000,18,30000,18,20,0.22640222311019897
5,18000,18,30000,18,21,0.6555889844894409
5,18000,18,30000,18,22,0.16326360404491425
5,18000,18,30000,18,23,0.16627174615859985
5,18000,18,30000,18,24,0.25651711225509644
5,18000,18,30000,18,25,1.0271589756011963
5,18000,18,30000,18,26,0.29527339339256287
5,18000,18,30000,18,27,0.3772008419036865
5,18000,18,30000,18,28,0.2826046645641327
5,18000,18,30000,18,29,0.44192346930503845
5,18000,19,30000,19,0,0.16902531683444977
5,18000,19,30000,19,1,0.5040969848632812
5,18000,19,30000,19,2,0.7273320555686951
5,18000,19,30000,19,3,0.3931719660758972
5,18000,19,30000,19,4,0.1178179532289505
5,18000,19,30000,19,5,0.2884317636489868
5,18000,19,30000,19,6,0.15516281127929688
5,18000,19,30000,19,7,0.24436639249324799
5,18000,19,30000,19,8,0.29094406962394714
5,18000,19,30000,19,9,0.20045532286167145
5,18000,19,30000,19,10,0.24571475386619568
5,18000,19,30000,19,11,0.6846790909767151
5,18000,19,30000,19,12,0.3196825683116913
5,18000,19,30000,19,13,0.21726109087467194
5,18000,19,30000,19,14,0.13681887090206146
5,18000,19,30000,19,15,0.6528881192207336
5,18000,19,30000,19,16,0.5911856889724731
5,18000,19,30000,19,17,0.4106728136539459
5,18000,19,30000,19,18,1.8593212366104126
5,18000,19,30000,19,19,0.33420899510383606
5,18000,19,30000,19,20,0.2422541379928589
5,18000,19,30000,19,21,0.22612264752388
5,18000,19,30000,19,22,0.7198423743247986
5,18000,19,30000,19,23,3.15447735786438
5,18000,19,30000,19,24,0.2586483061313629
5,18000,19,30000,19,25,0.399415522813797
5,18000,19,30000,19,26,0.6805627346038818
5,18000,19,30000,19,27,0.06807993352413177
5,18000,19,30000,19,28,0.24650660157203674
5,18000,19,30000,19,29,0.7768422365188599
0,0,20,30001,0,0,6.985311985015869
0,0,20,30001,0,1,6.037717819213867
0,0,20,30001,0,2,8.463362693786621
0,0,20,30001,0,3,8.11594295501709
0,0,20,30001,0,4,8.167530059814453
0,0,20,30001,0,5,7.332203388214111
0,0,20,30001,0,6,6.330478191375732
0,0,20,30001,0,7,7.450348377227783
0,0,20,30001,0,8,10.03524112701416
0,0,20,30001,0,9,8.210866928100586
0,0,20,30001,0,10,7.524834632873535
0,0,20,30001,0,11,8.002349853515625
0,0,20,30001,0,12,7.545413970947266
0,0,20,30001,0,13,9.267438888549805
0,0,20,30001,0,14,9.239105224609375
0,0,20,30001,0,15,9.623732566833496
0,0,20,30001,0,16,7.055332660675049
0,0,20,30001,0,17,7.533250331878662
0,0,20,30001,0,18,6.873963832855225
0,0,20,30001,0,19,7.385546684265137
0,0,20,30001,0,20,8.414637565612793
0,0,20,30001,0,21,9.656190872192383
0,0,20,30001,0,22,9.148628234863281
0,0,20,30001,0,23,6.549283504486084
0,0,20,30001,0,24,10.126692771911621
0,0,20,30001,0,25,8.36259651184082
0,0,20,30001,0,26,6.8449530601501465
0,0,20,30001,0,27,7.983240127563477
0,0,20,30001,0,28,9.525583267211914
0,0,20,30001,0,29,8.354212760925293
0,0,21,30001,1,0,8.563923835754395
0,0,21,30001,1,1,6.918821334838867
0,0,21,30001,1,2,7.510405540466309
0,0,21,30001,1,3,7.07041072845459
0,0,21,30001,1,4,7.217129707336426
0,0,21,30001,1,5,7.044838905334473
0,0,21,30001,1,6,8.509464263916016
0,0,21,30001,1,7,9.630110740661621
0,0,21,30001,1,8,8.224016189575195
0,0,21,30001,1,9,5.985045909881592
0,0,21,30001,1,10,7.777712821960449
0,0,21,30001,1,11,7.325917720794678
0,0,21,30001,1,12,7.796852111816406
0,0,21,30001,1,13,5.533760070800781
0,0,21,30001,1,14,9.225988388061523
0,0,21,30001,1,15,8.569906234741211
0,0,21,30001,1,16,9.061627388000488
0,0,21,30001,1,17,8.408880233764648
0,0,21,30001,1,18,7.963292121887207
0,0,21,30001,1,19,8.515474319458008
0,0,21,30001,1,20,8.258112907409668
0,0,21,30001,1,21,9.412549018859863
0,0,21,30001,1,22,8.819561004638672
0,0,21,30001,1,23,7.519833564758301
0,0,21,30001,1,24,7.035487174987793
0,0,21,30001,1,25,8.18139362335205
0,0,21,30001,1,26,7.1565070152282715
0,0,21,30001,1,27,8.573802947998047
0,0,21,30001,1,28,10.072792053222656
0,0,21,30001,1,29,8.650291442871094
0,0,22,30001,2,0,7.609775066375732
0,0,22,30001,2,1,9.824731826782227
0,0,22,30001,2,2,7.259507656097412
0,0,22,30001,2,3,5.744808673858643
0,0,22,30001,2,4,8.616243362426758
0,0,22,30001,2,5,8.81656265258789
0,0,22,30001,2,6,8.092212677001953
0,0,22,30001,2,7,8.372909545898438
0,0,22,30001,2,8,7.184810161590576
0,0,22,30001,2,9,9.338744163513184
0,0,22,30001,2,10,8.23220157623291
0,0,22,30001,2,11,8.73621654510498
0,0,22,30001,2,12,9.00585651397705
0,0,22,30001,2,13,6.974862575531006
0,0,22,30001,2,14,7.386950492858887
0,0,22,30001,2,15,6.541972637176514
0,0,22,30001,2,16,6.214514255523682
0,0,22,30001,2,17,7.447778224945068
0,0,22,30001,2,18,8.067383766174316
0,0,22,30001,2,19,9.193017959594727
0,0,22,30001,2,20,8.28259563446045
0,0,22,30001,2,21,8.864107131958008
0,0,22,30001,2,22,8.019383430480957
0,0,22,30001,2,23,8.025209426879883
0,0,22,30001,2,24,6.628644943237305
0,0,22,30001,2,25,8.969324111938477
0,0,22,30001,2,26,6.891417980194092
0,0,22,30001,2,27,7.964656829833984
0,0,22,30001,2,28,6.538471221923828
0,0,22,30001,2,29,8.644499778747559
0,0,23,30001,3,0,8.206146240234375
0,0,23,30001,3,1,7.799996376037598
0,0,23,30001,3,2,8.90040397644043
0,0,23,30001,3,3,6.995873928070068
0,0,23,30001,3,4,7.005252361297607
0,0,23,30001,3,5,8.251737594604492
0,0,23,30001,3,6,8.362326622009277
0,0,23,30001,3,7,6.373740196228027
0,0,23,30001,3,8,7.36583948135376
0,0,23,30001,3,9,6.827943801879883
0,0,23,30001,3,10,7.311291694641113
0,0,23,30001,3,11,6.800271511077881
0,0,23,30001,3,12,7.109716415405273
0,0,23,30001,3,13,6.469707489013672
0,0,23,30001,3,14,7.251745223999023
0,0,23,30001,3,15,6.847028732299805
0,0,23,30001,3,16,7.807502746582031
0,0,23,30001,3,17,6.724733352661133
0,0,23,30001,3,18,8.56934642791748
0,0,23,30001,3,19,8.91580867767334
0,0,23,30001,3,20,8.62183666229248
0,0,23,30001,3,21,8.242061614990234
0,0,23,30001,3,22,8.232941627502441
0,0,23,30001,3,23,8.528674125671387
0,0,23,30001,3,24,6.605086326599121
0,0,23,30001,3,25,9.224539756774902
0,0,23,30001,3,26,8.340938568115234
0,0,23,30001,3,27,7.549348831176758
0,0,23,30001,3,28,9.147610664367676
0,0,23,30001,3,29,6.385000228881836
0,0,24,30001,4,0,6.750480651855469
0,0,24,30001,4,1,7.312979698181152
0,0,24,30001,4,2,9.40115737915039
0,0,24,30001,4,3,8.232620239257812
0,0,24,30001,4,4,7.438343048095703
0,0,24,30001,4,5,8.692678451538086
0,0,24,30001,4,6,8.414908409118652
0,0,24,30001,4,7,7.655540943145752
0,0,24,30001,4,8,6.900448799133301
0,0,24,30001,4,9,8.483661651611328
0,0,24,30001,4,10,8.256195068359375
0,0,24,30001,4,11,9.679537773132324
0,0,24,30001,4,12,6.937418460845947
0,0,24,30001,4,13,8.75741195678711
0,0,24,30001,4,14,6.657796859741211
0,0,24,30001,4,15,8.21512222290039
0,0,24,30001,4,16,8.347268104553223
0,0,24,30001,4,17,8.239448547363281
0,0,24,30001,4,18,6.577095031738281
0,0,24,30001,4,19,9.239619255065918
0,0,24,30001,4,20,8.130616188049316
0,0,24,30001,4,21,9.996014595031738
0,0,24,30001,4,22,7.712230205535889
0,0,24,30001,4,23,7.000027656555176
0,0,24,30001,4,24,8.84344482421875
0,0,24,30001,4,25,8.235206604003906
0,0,24,30001,4,26,7.743127822875977
0,0,24,30001,4,27,7.343596458435059
0,0,24,30001,4,28,8.415363311767578
0,0,24,30001,4,29,6.606159687042236
0,0,25,30001,5,0,7.784971237182617
0,0,25,30001,5,1,7.2662763595581055
0,0,25,30001,5,2,8.653253555297852
0,0,25,30001,5,3,7.239476203918457
0,0,25,30001,5,4,7.152729034423828
0,0,25,30001,5,5,8.373517036437988
0,0,25,30001,5,6,7.153176784515381
0,0,25,30001,5,7,7.4505720138549805
0,0,25,30001,5,8,6.490427494049072
0,0,25,30001,5,9,6.914391994476318
0,0,25,30001,5,10,9.077228546142578
0,0,25,30001,5,11,8.891256332397461
0,0,25,30001,5,12,7.010551929473877
0,0,25,30001,5,13,7.366047382354736
0,0,25,30001,5,14,6.935912132263184
0,0,25,30001,5,15,8.026315689086914
0,0,25,30001,5,16,8.396591186523438
0,0,25,30001,5,17,8.011743545532227
0,0,25,30001,5,18,9.72127914428711
0,0,25,30001,5,19,7.063081741333008
0,0,25,30001,5,20,6.245959758758545
0,0,25,30001,5,21,9.034812927246094
0,0,25,30001,5,22,8.667299270629883
0,0,25,30001,5,23,9.017777442932129
0,0,25,30001,5,24,8.438915252685547
0,0,25,30001,5,25,9.37964916229248
0,0,25,30001,5,26,8.975163459777832
0,0,25,30001,5,27,8.568830490112305
0,0,25,30001,5,28,8.172929763793945
0,0,25,30001,5,29,7.5506744384765625
0,0,26,30001,6,0,9.926162719726562
0,0,26,30001,6,1,7.7224931716918945
0,0,26,30001,6,2,6.907379150390625
0,0,26,30001,6,3,6.973502159118652
0,0,26,30001,6,4,9.076410293579102
0,0,26,30001,6,5,8.191198348999023
0,0,26,30001,6,6,8.443855285644531
0,0,26,30001,6,7,7.236049175262451
0,0,26,30001,6,8,9.870318412780762
0,0,26,30001,6,9,8.458459854125977
0,0,26,30001,6,10,6.970802307128906
0,0,26,30001,6,11,6.29641056060791
0,0,26,30001,6,12,8.933706283569336
0,0,26,30001,6,13,9.211282730102539
0,0,26,30001,6,14,8.869088172912598
0,0,26,30001,6,15,9.018177032470703
0,0,26,30001,6,16,8.298301696777344
0,0,26,30001,6,17,7.405544757843018
0,0,26,30001,6,18,6.8379364013671875
0,0,26,30001,6,19,8.733678817749023
0,0,26,30001,6,20,8.461177825927734
0,0,26,30001,6,21,8.876351356506348
0,0,26,30001,6,22,6.681750774383545
0,0,26,30001,6,23,8.680477142333984
0,0,26,30001,6,24,8.57274055480957
0,0,26,30001,6,25,7.5065202713012695
0,0,26,30001,6,26,8.742657661437988
0,0,26,30001,6,27,7.772989273071289
0,0,26,30001,6,28,8.720539093017578
0,0,26,30001,6,29,8.23512077331543
0,0,27,30001,7,0,6.906979560852051
0,0,27,30001,7,1,7.150815010070801
0,0,27,30001,7,2,5.349799156188965
0,0,27,30001,7,3,8.758858680725098
0,0,27,30001,7,4,7.38405704498291
0,0,27,30001,7,5,7.487371444702148
0,0,27,30001,7,6,8.838939666748047
0,0,27,30001,7,7,8.727187156677246
0,0,27,30001,7,8,7.335489273071289
0,0,27,30001,7,9,7.088769435882568
0,0,27,30001,7,10,8.969614028930664
0,0,27,30001,7,11,7.902261734008789
0,0,27,30001,7,12,9.195907592773438
0,0,27,30001,7,13,6.764476776123047
0,0,27,30001,7,14,6.206672668457031
0,0,27,30001,7,15,6.248796463012695
0,0,27,30001,7,16,8.718777656555176
0,0,27,30001,7,17,8.493756294250488
0,0,27,30001,7,18,7.453596115112305
0,0,27,30001,7,19,7.937931060791016
0,0,27,30001,7,20,7.287276744842529
0,0,27,30001,7,21,8.718101501464844
0,0,27,30001,7,22,7.609974384307861
0,0,27,30001,7,23,7.467382907867432
0,0,27,30001,7,24,7.029674530029297
0,0,27,30001,7,25,9.199748039245605
0,0,27,30001,7,26,5.546944618225098
0,0,27,30001,7,27,9.206274032592773
0,0,27,30001,7,28,8.669748306274414
0,0,27,30001,7,29,8.800225257873535
0,0,28,30001,8,0,7.992162227630615
0,0,28,30001,8,1,9.006143569946289
0,0,28,30001,8,2,7.610030651092529
0,0,28,30001,8,3,8.585989952087402
0,0,28,30001,8,4,8.18567943572998
0,0,28,30001,8,5,8.398971557617188
0,0,28,30001,8,6,8.807008743286133
0,0,28,30001,8,7,8.575138092041016
0,0,28,30001,8,8,6.898446083068848
0,0,28,30001,8,9,8.931482315063477
0,0,28,30001,8,10,7.059751987457275
0,0,28,30001,8,11,8.796205520629883
0,0,28,30001,8,12,6.435310363769531
0,0,28,30001,8,13,9.463254928588867
0,0,28,30001,8,14,8.138187408447266
0,0,28,30001,8,15,7.62652063369751
0,0,28,30001,8,16,8.652337074279785
0,0,28,30001,8,17,7.88888692855835
0,0,28,30001,8,18,7.341093063354492
0,0,28,30001,8,19,7.386658191680908
0,0,28,30001,8,20,7.286721229553223
0,0,28,30001,8,21,8.957351684570312
0,0,28,30001,8,22,7.170308589935303
0,0,28,30001,8,23,7.558223247528076
0,0,28,30001,8,24,8.130905151367188
0,0,28,30001,8,25,6.647867202758789
0,0,28,30001,8,26,9.378830909729004
0,0,28,30001,8,27,8.746726989746094
0,0,28,30001,8,28,7.3398919105529785
0,0,28,30001,8,29,6.1294097900390625
0,0,29,30001,9,0,7.024440288543701
0,0,29,30001,9,1,7.534204959869385
0,0,29,30001,9,2,7.6139326095581055
0,0,29,30001,9,3,9.267036437988281
0,0,29,30001,9,4,7.720463752746582
0,0,29,30001,9,5,8.346692085266113
0,0,29,30001,9,6,9.649794578552246
0,0,29,30001,9,7,7.069912433624268
0,0,29,30001,9,8,9.585346221923828
0,0,29,30001,9,9,9.17275619506836
0,0,29,30001,9,10,7.729918956756592
0,0,29,30001,9,11,7.717198371887207
0,0,29,30001,9,12,9.39306926727295
0,0,29,30001,9,13,7.195630073547363
0,0,29,30001,9,14,9.448539733886719
0,0,29,30001,9,15,7.08555269241333
0,0,29,30001,9,16,7.107151985168457
0,0,29,30001,9,17,8.285432815551758
0,0,29,30001,9,18,6.95858097076416
0,0,29,30001,9,19,7.278346061706543
0,0,29,30001,9,20,7.081193923950195
0,0,29,30001,9,21,10.260069847106934
0,0,29,30001,9,22,6.003345489501953
0,0,29,30001,9,23,9.236342430114746
0,0,29,30001,9,24,7.416261196136475
0,0,29,30001,9,25,8.06198501586914
0,0,29,30001,9,26,8.664262771606445
0,0,29,30001,9,27,8.52348518371582
0,0,29,30001,9,28,8.561971664428711
0,0,29,30001,9,29,7.910511016845703
0,0,30,30001,10,0,10.149249076843262
0,0,30,30001,10,1,8.472167015075684
0,0,30,30001,10,2,8.131832122802734
0,0,30,30001,10,3,7.869905471801758
0,0,30,30001,10,4,6.308125972747803
0,0,30,30001,10,5,9.566917419433594
0,0,30,30001,10,6,6.7660722732543945
0,0,30,30001,10,7,6.334383010864258
0,0,30,30001,10,8,7.19597864151001
0,0,30,30001,10,9,9.369759559631348
0,0,30,30001,10,10,7.037355422973633
0,0,30,30001,10,11,9.483083724975586
0,0,30,30001,10,12,8.81020450592041
0,0,30,30001,10,13,9.791478157043457
0,0,30,30001,10,14,8.288040161132812
0,0,30,30001,10,15,8.612812042236328
0,0,30,30001,10,16,8.543325424194336
0,0,30,30001,10,17,7.888614177703857
0,0,30,30001,10,18,7.669722080230713
0,0,30,30001,10,19,7.464298248291016
0,0,30,30001,10,20,8.177353858947754
0,0,30,30001,10,21,7.53718900680542
0,0,30,30001,10,22,8.678264617919922
0,0,30,30001,10,23,8.420268058776855
0,0,30,30001,10,24,6.62387752532959
0,0,30,30001,10,25,9.398856163024902
0,0,30,30001,10,26,8.594574928283691
0,0,30,30001,10,27,6.85890531539917
0,0,30,30001,10,28,8.721139907836914
0,0,30,30001,10,29,9.30129337310791
0,0,31,30001,11,0,9.176197052001953
0,0,31,30001,11,1,8.8609037399292
0,0,31,30001,11,2,7.927730560302734
0,0,31,30001,11,3,7.609859466552734
0,0,31,30001,11,4,9.290279388427734
0,0,31,30001,11,5,9.094437599182129
0,0,31,30001,11,6,7.161040782928467
0,0,31,30001,11,7,9.091115951538086
0,0,31,30001,11,8,9.075414657592773
0,0,31,30001,11,9,6.961165428161621
0,0,31,30001,11,10,8.15941047668457
0,0,31,30001,11,11,6.882728576660156
0,0,31,30001,11,12,7.240538597106934
0,0,31,30001,11,13,7.4671478271484375
0,0,31,30001,11,14,9.743019104003906
0,0,31,30001,11,15,7.8277692794799805
0,0,31,30001,11,16,8.672656059265137
0,0,31,30001,11,17,8.874055862426758
0,0,31,30001,11,18,6.933218955993652
0,0,31,30001,11,19,7.767989635467529
0,0,31,30001,11,20,7.584293842315674
0,0,31,30001,11,21,6.518039703369141
0,0,31,30001,11,22,8.267844200134277
0,0,31,30001,11,23,8.59406566619873
0,0,31,30001,11,24,8.99691390991211
0,0,31,30001,11,25,7.731505393981934
0,0,31,30001,11,26,8.371325492858887
0,0,31,30001,11,27,8.692994117736816
0,0,31,30001,11,28,9.914952278137207
0,0,31,30001,11,29,8.645566940307617
0,0,32,30001,12,0,6.183876037597656
0,0,32,30001,12,1,8.837533950805664
0,0,32,30001,12,2,8.966230392456055
0,0,32,30001,12,3,8.78943920135498
0,0,32,30001,12,4,7.765876770019531
0,0,32,30001,12,5,7.395219802856445
0,0,32,30001,12,6,7.086794853210449
0,0,32,30001,12,7,8.855414390563965
0,0,32,30001,12,8,8.376803398132324
0,0,32,30001,12,9,8.253546714782715
0,0,32,30001,12,10,6.595677852630615
0,0,32,30001,12,11,6.5318708419799805
0,0,32,30001,12,12,8.608602523803711
0,0,32,30001,12,13,8.476444244384766
0,0,32,30001,12,14,8.134075164794922
0,0,32,30001,12,15,9.306281089782715
0,0,32,30001,12,16,9.170818328857422
0,0,32,30001,12,17,8.572514533996582
0,0,32,30001,12,18,9.821006774902344
0,0,32,30001,12,19,8.72114086151123
0,0,32,30001,12,20,6.266384124755859
0,0,32,30001,12,21,8.484331130981445
0,0,32,30001,12,22,9.555736541748047
0,0,32,30001,12,23,7.096772193908691
0,0,32,30001,12,24,9.957856178283691
0,0,32,30001,12,25,7.194074630737305
0,0,32,30001,12,26,7.591701507568359
0,0,32,30001,12,27,6.514858722686768
0,0,32,30001,12,28,7.798629283905029
0,0,32,30001,12,29,8.100838661193848
0,0,33,30001,13,0,8.768743515014648
0,0,33,30001,13,1,6.918497562408447
0,0,33,30001,13,2,6.101884841918945
0,0,33,30001,13,3,9.119504928588867
0,0,33,30001,13,4,6.057009696960449
0,0,33,30001,13,5,8.0359525680542
0,0,33,30001,13,6,7.498287677764893
0,0,33,30001,13,7,9.03095817565918
0,0,33,30001,13,8,8.203903198242188
0,0,33,30001,13,9,7.714432716369629
0,0,33,30001,13,10,8.994353294372559
0,0,33,30001,13,11,7.285346031188965
0,0,33,30001,13,12,7.278643608093262
0,0,33,30001,13,13,6.4351019859313965
0,0,33,30001,13,14,8.276721000671387
0,0,33,30001,13,15,10.033740997314453
0,0,33,30001,13,16,10.21837043762207
0,0,33,30001,13,17,6.631886005401611
0,0,33,30001,13,18,7.955934524536133
0,0,33,30001,13,19,7.580299377441406
0,0,33,30001,13,20,7.410122394561768
0,0,33,30001,13,21,6.19160270690918
0,0,33,30001,13,22,7.768822193145752
0,0,33,30001,13,23,7.231432914733887
0,0,33,30001,13,24,7.638748645782471
0,0,33,30001,13,25,8.995428085327148
0,0,33,30001,13,26,7.224137306213379
0,0,33,30001,13,27,7.797327041625977
0,0,33,30001,13,28,8.271533966064453
0,0,33,30001,13,29,8.474492073059082
0,0,34,30001,14,0,7.947103500366211
0,0,34,30001,14,1,7.752597808837891
0,0,34,30001,14,2,8.361686706542969
0,0,34,30001,14,3,9.272418975830078
0,0,34,30001,14,4,6.624863624572754
0,0,34,30001,14,5,8.286442756652832
0,0,34,30001,14,6,9.153218269348145
0,0,34,30001,14,7,8.520242691040039
0,0,34,30001,14,8,9.74252986907959
0,0,34,30001,14,9,8.196709632873535
0,0,34,30001,14,10,9.696832656860352
0,0,34,30001,14,11,7.184921741485596
0,0,34,30001,14,12,8.49593448638916
0,0,34,30001,14,13,6.793911933898926
0,0,34,30001,14,14,6.131156921386719
0,0,34,30001,14,15,7.215456962585449
0,0,34,30001,14,16,7.017716884613037
0,0,34,30001,14,17,8.068049430847168
0,0,34,30001,14,18,7.587930679321289
0,0,34,30001,14,19,6.86351203918457
0,0,34,30001,14,20,6.813157081604004
0,0,34,30001,14,21,9.37535572052002
0,0,34,30001,14,22,8.262683868408203
0,0,34,30001,14,23,9.094727516174316
0,0,34,30001,14,24,8.135472297668457
0,0,34,30001,14,25,8.719703674316406
0,0,34,30001,14,26,7.612927436828613
0,0,34,30001,14,27,6.707178592681885
0,0,34,30001,14,28,9.0973482131958
0,0,34,30001,14,29,9.510504722595215
0,0,35,30001,15,0,7.886837959289551
0,0,35,30001,15,1,7.362928867340088
0,0,35,30001,15,2,6.012387275695801
0,0,35,30001,15,3,6.159737586975098
0,0,35,30001,15,4,6.421056747436523
0,0,35,30001,15,5,7.185009002685547
0,0,35,30001,15,6,6.989413261413574
0,0,35,30001,15,7,9.579386711120605
0,0,35,30001,15,8,9.324878692626953
0,0,35,30001,15,9,6.584602355957031
0,0,35,30001,15,10,6.468024253845215
0,0,35,30001,15,11,8.120513916015625
0,0,35,30001,15,12,7.907843112945557
0,0,35,30001,15,13,8.563729286193848
0,0,35,30001,15,14,9.089908599853516
0,0,35,30001,15,15,7.479294300079346
0,0,35,30001,15,16,8.694624900817871
0,0,35,30001,15,17,6.60877799987793
0,0,35,30001,15,18,6.925626277923584
0,0,35,30001,15,19,7.006704330444336
0,0,35,30001,15,20,7.753968238830566
0,0,35,30001,15,21,7.933793544769287
0,0,35,30001,15,22,9.818470001220703
0,0,35,30001,15,23,6.375195026397705
0,0,35,30001,15,24,8.312426567077637
0,0,35,30001,15,25,9.22767448425293
0,0,35,30001,15,26,8.24010181427002
0,0,35,30001,15,27,8.421409606933594
0,0,35,30001,15,28,6.888018608093262
0,0,35,30001,15,29,9.092309951782227
0,0,36,30001,16,0,8.097840309143066
0,0,36,30001,16,1,5.770936012268066
0,0,36,30001,16,2,6.523305892944336
0,0,36,30001,16,3,8.317970275878906
0,0,36,30001,16,4,8.078654289245605
0,0,36,30001,16,5,6.605576515197754
0,0,36,30001,16,6,6.756025314331055
0,0,36,30001,16,7,9.708775520324707
0,0,36,30001,16,8,6.195775985717773
0,0,36,30001,16,9,6.59608793258667
0,0,36,30001,16,10,8.161125183105469
0,0,36,30001,16,11,9.180412292480469
0,0,36,30001,16,12,10.389371871948242
0,0,36,30001,16,13,9.190654754638672
0,0,36,30001,16,14,9.213507652282715
0,0,36,30001,16,15,9.114705085754395
0,0,36,30001,16,16,9.210029602050781
0,0,36,30001,16,17,7.466164588928223
0,0,36,30001,16,18,8.37657642364502
0,0,36,30001,16,19,7.889898300170898
0,0,36,30001,16,20,7.357790470123291
0,0,36,30001,16,21,6.793150424957275
0,0,36,30001,16,22,7.430312156677246
0,0,36,30001,16,23,7.534219264984131
0,0,36,30001,16,24,7.20603609085083
0,0,36,30001,16,25,7.380245208740234
0,0,36,30001,16,26,6.301764965057373
0,0,36,30001,16,27,6.690605163574219
0,0,36,30001,16,28,9.3711576461792
0,0,36,30001,16,29,8.15211009979248
0,0,37,30001,17,0,6.510673522949219
0,0,37,30001,17,1,9.20584487915039
0,0,37,30001,17,2,6.884469985961914
0,0,37,30001,17,3,7.26800537109375
0,0,37,30001,17,4,9.000168800354004
0,0,37,30001,17,5,6.517180919647217
0,0,37,30001,17,6,8.084677696228027
0,0,37,30001,17,7,10.129657745361328
0,0,37,30001,17,8,7.243175029754639
0,0,37,30001,17,9,6.356232643127441
0,0,37,30001,17,10,9.54995059967041
0,0,37,30001,17,11,8.142227172851562
0,0,37,30001,17,12,6.763715744018555
0,0,37,30001,17,13,7.89711856842041
0,0,37,30001,17,14,6.961178779602051
0,0,37,30001,17,15,7.0781683921813965
0,0,37,30001,17,16,8.795900344848633
0,0,37,30001,17,17,7.961682319641113
0,0,37,30001,17,18,7.21011209487915
0,0,37,30001,17,19,8.94740104675293
0,0,37,30001,17,20,7.525277137756348
0,0,37,30001,17,21,7.196446895599365
0,0,37,30001,17,22,7.662606239318848
0,0,37,30001,17,23,8.312252044677734
0,0,37,30001,17,24,8.800972938537598
0,0,37,30001,17,25,8.808399200439453
0,0,37,30001,17,26,6.9157233238220215
0,0,37,30001,17,27,8.567728042602539
0,0,37,30001,17,28,7.223852634429932
0,0,37,30001,17,29,8.583106994628906
0,0,38,30001,18,0,7.040358066558838
0,0,38,30001,18,1,10.038602828979492
0,0,38,30001,18,2,9.719955444335938
0,0,38,30001,18,3,9.055835723876953
0,0,38,30001,18,4,7.220155239105225
0,0,38,30001,18,5,8.264854431152344
0,0,38,30001,18,6,9.535093307495117
0,0,38,30001,18,7,9.48116683959961
0,0,38,30001,18,8,8.742438316345215
0,0,38,30001,18,9,7.663189888000488
0,0,38,30001,18,10,8.53905963897705
0,0,38,30001,18,11,6.12360954284668
0,0,38,30001,18,12,6.386327266693115
0,0,38,30001,18,13,7.222047805786133
0,0,38,30001,18,14,7.122952461242676
0,0,38,30001,18,15,9.521293640136719
0,0,38,30001,18,16,7.0368876457214355
0,0,38,30001,18,17,6.823692798614502
0,0,38,30001,18,18,6.189201354980469
0,0,38,30001,18,19,7.435563087463379
0,0,38,30001,18,20,6.647568702697754
0,0,38,30001,18,21,6.480879783630371
0,0,38,30001,18,22,7.072368621826172
0,0,38,30001,18,23,8.812231063842773
0,0,38,30001,18,24,6.276330471038818
0,0,38,30001,18,25,8.550192832946777
0,0,38,30001,18,26,7.787125110626221
0,0,38,30001,18,27,8.087782859802246
0,0,38,30001,18,28,7.17185115814209
0,0,38,30001,18,29,6.670231819152832
0,0,39,30001,19,0,8.116601943969727
0,0,39,30001,19,1,7.5573954582214355
0,0,39,30001,19,2,8.815505027770996
0,0,39,30001,19,3,7.26384162902832
0,0,39,30001,19,4,9.45479965209961
0,0,39,30001,19,5,6.453380107879639
0,0,39,30001,19,6,8.964305877685547
0,0,39,30001,19,7,8.522835731506348
0,0,39,30001,19,8,7.730660438537598
0,0,39,30001,19,9,8.840812683105469
0,0,39,30001,19,10,8.151222229003906
0,0,39,30001,19,11,9.049468040466309
0,0,39,30001,19,12,9.12265682220459
0,0,39,30001,19,13,7.3605194091796875
0,0,39,30001,19,14,6.596428871154785
0,0,39,30001,19,15,7.503257751464844
0,0,39,30001,19,16,8.021102905273438
0,0,39,30001,19,17,6.325270175933838
0,0,39,30001,19,18,8.979299545288086
0,0,39,30001,19,19,9.148691177368164
0,0,39,30001,19,20,6.709035873413086
0,0,39,30001,19,21,6.48708438873291
0,0,39,30001,19,22,6.106301307678223
0,0,39,30001,19,23,9.073470115661621
0,0,39,30001,19,24,7.9098029136657715
0,0,39,30001,19,25,8.285205841064453
0,0,39,30001,19,26,6.943097114562988
0,0,39,30001,19,27,8.974224090576172
0,0,39,30001,19,28,8.649255752563477
0,0,39,30001,19,29,8.517996788024902
1,3600,20,30001,0,0,39.625484466552734
1,3600,20,30001,0,1,6.884880542755127
1,3600,20,30001,0,2,39.44071578979492
1,3600,20,30001,0,3,18.23029899597168
1,3600,20,30001,0,4,1.425486445426941
1,3600,20,30001,0,5,3.7695870399475098
1,3600,20,30001,0,6,0.35148167610168457
1,3600,20,30001,0,7,0.37139469385147095
1,3600,20,30001,0,8,14.744027137756348
1,3600,20,30001,0,9,1.973811149597168
1,3600,20,30001,0,10,38.79150390625
1,3600,20,30001,0,11,12.085264205932617
1,3600,20,30001,0,12,1.9702955484390259
1,3600,20,30001,0,13,16.416860580444336
1,3600,20,30001,0,14,1.189923644065857
1,3600,20,30001,0,15,1.3841865062713623
1,3600,20,30001,0,16,8.77879524230957
1,3600,20,30001,0,17,35.42372131347656
1,3600,20,30001,0,18,43.35477066040039
1,3600,20,30001,0,19,41.991546630859375
1,3600,20,30001,0,20,44.14921951293945
1,3600,20,30001,0,21,0.15143144130706787
1,3600,20,30001,0,22,47.31521987915039
1,3600,20,30001,0,23,0.9144182205200195
1,3600,20,30001,0,24,16.868072509765625
1,3600,20,30001,0,25,7.447351932525635
1,3600,20,30001,0,26,42.65422821044922
1,3600,20,30001,0,27,0.31925028562545776
1,3600,20,30001,0,28,0.7759799957275391
1,3600,20,30001,0,29,36.16426086425781
1,3600,21,30001,1,0,19.185815811157227
1,3600,21,30001,1,1,38.370967864990234
1,3600,21,30001,1,2,2.4806504249572754
1,3600,21,30001,1,3,32.62773895263672
1,3600,21,30001,1,4,42.24365234375
1,3600,21,30001,1,5,18.701658248901367
1,3600,21,30001,1,6,1.9767266511917114
1,3600,21,30001,1,7,43.3877067565918
1,3600,21,30001,1,8,7.81919002532959
1,3600,21,30001,1,9,7.497765064239502
1,3600,21,30001,1,10,2.4867653846740723
1,3600,21,30001,1,11,37.992557525634766
1,3600,21,30001,1,12,39.889766693115234
1,3600,21,30001,1,13,34.34595489501953
1,3600,21,30001,1,14,0.6832430362701416
1,3600,21,30001,1,15,40.26700973510742
1,3600,21,30001,1,16,10.252083778381348
1,3600,21,30001,1,17,46.143714904785156
1,3600,21,30001,1,18,19.937978744506836
1,3600,21,30001,1,19,0.6928149461746216
1,3600,21,30001,1,20,10.76312255859375
1,3600,21,30001,1,21,38.131404876708984
1,3600,21,30001,1,22,24.339324951171875
1,3600,21,30001,1,23,38.812660217285156
1,3600,21,30001,1,24,0.27809256315231323
1,3600,21,30001,1,25,9.874775886535645
1,3600,21,30001,1,26,23.945112228393555
1,3600,21,30001,1,27,17.141597747802734
1,3600,21,30001,1,28,24.855533599853516
1,3600,21,30001,1,29,39.8346061706543
1,3600,22,30001,2,0,0.786440372467041
1,3600,22,30001,2,1,1.147265911102295
1,3600,22,30001,2,2,0.7757046222686768
1,3600,22,30001,2,3,19.044668197631836
1,3600,22,30001,2,4,44.40196228027344
1,3600,22,30001,2,5,38.5352668762207
1,3600,22,30001,2,6,39.56948471069336
1,3600,22,30001,2,7,33.12900924682617
1,3600,22,30001,2,8,26.4855899810791
1,3600,22,30001,2,9,0.23033061623573303
1,3600,22,30001,2,10,42.83449172973633
1,3600,22,30001,2,11,12.18484115600586
1,3600,22,30001,2,12,46.97698974609375
1,3600,22,30001,2,13,38.443031311035156
1,3600,22,30001,2,14,37.00786590576172
1,3600,22,30001,2,15,0.8691021203994751
1,3600,22,30001,2,16,0.08669815957546234
1,3600,22,30001,2,17,0.5297712683677673
1,3600,22,30001,2,18,43.35326385498047
1,3600,22,30001,2,19,45.48594284057617
1,3600,22,30001,2,20,43.53754425048828
1,3600,22,30001,2,21,4.655086517333984
1,3600,22,30001,2,22,33.677974700927734
1,3600,22,30001,2,23,3.5310049057006836
1,3600,22,30001,2,24,3.8583574295043945
1,3600,22,30001,2,25,40.775421142578125
1,3600,22,30001,2,26,0.5065320730209351
1,3600,22,30001,2,27,42.26850128173828
1,3600,22,30001,2,28,33.69844436645508
1,3600,22,30001,2,29,23.230140686035156
1,3600,23,30001,3,0,1.2110326290130615
1,3600,23,30001,3,1,2.9592344760894775
1,3600,23,30001,3,2,3.454941987991333
1,3600,23,30001,3,3,36.62194061279297
1,3600,23,30001,3,4,2.48876953125
1,3600,23,30001,3,5,40.04686737060547
1,3600,23,30001,3,6,3.6120481491088867
1,3600,23,30001,3,7,0.7678883075714111
1,3600,23,30001,3,8,3.026215076446533
1,3600,23,30001,3,9,0.05999999865889549
1,3600,23,30001,3,10,40.43938446044922
1,3600,23,30001,3,11,3.9297523498535156
1,3600,23,30001,3,12,1.6901142597198486
1,3600,23,30001,3,13,3.7760801315307617
1,3600,23,30001,3,14,40.97625732421875
1,3600,23,30001,3,15,2.7649850845336914
1,3600,23,30001,3,16,0.7434755563735962
1,3600,23,30001,3,17,39.84013366699219
1,3600,23,30001,3,18,0.5380430221557617
1,3600,23,30001,3,19,1.245070457458496
1,3600,23,30001,3,20,40.551536560058594
1,3600,23,30001,3,21,1.4774892330169678
1,3600,23,30001,3,22,4.88344144821167
1,3600,23,30001,3,23,35.97311782836914
1,3600,23,30001,3,24,0.9205615520477295
1,3600,23,30001,3,25,3.727381706237793
1,3600,23,30001,3,26,47.95640563964844
1,3600,23,30001,3,27,44.56471252441406
1,3600,23,30001,3,28,35.43254852294922
1,3600,23,30001,3,29,1.7354512214660645
1,3600,24,30001,4,0,16.963441848754883
1,3600,24,30001,4,1,24.819787979125977
1,3600,24,30001,4,2,4.556717395782471
1,3600,24,30001,4,3,45.47505187988281
1,3600,24,30001,4,4,36.246788024902344
1,3600,24,30001,4,5,40.77268981933594
1,3600,24,30001,4,6,1.4574670791625977
1,3600,24,30001,4,7,44.33515167236328
1,3600,24,30001,4,8,43.43360137939453
1,3600,24,30001,4,9,10.705146789550781
1,3600,24,30001,4,10,16.887256622314453
1,3600,24,30001,4,11,29.337173461914062
1,3600,24,30001,4,12,39.54424285888672
1,3600,24,30001,4,13,0.15704868733882904
1,3600,24,30001,4,14,1.1440486907958984
1,3600,24,30001,4,15,43.34563064575195
1,3600,24,30001,4,16,37.61940383911133
1,3600,24,30001,4,17,0.0951513797044754
1,3600,24,30001,4,18,38.59282684326172
1,3600,24,30001,4,19,1.4951224327087402
1,3600,24,30001,4,20,18.31133270263672
1,3600,24,30001,4,21,48.385337829589844
1,3600,24,30001,4,22,38.81723403930664
1,3600,24,30001,4,23,36.17830276489258
1,3600,24,30001,4,24,4.999862194061279
1,3600,24,30001,4,25,41.62348937988281
1,3600,24,30001,4,26,39.26094436645508
1,3600,24,30001,4,27,39.87238693237305
1,3600,24,30001,4,28,41.20301055908203
1,3600,24,30001,4,29,0.9671182036399841
1,3600,25,30001,5,0,20.611682891845703
1,3600,25,30001,5,1,42.74552536010742
1,3600,25,30001,5,2,42.22391128540039
1,3600,25,30001,5,3,17.52597999572754
1,3600,25,30001,5,4,0.934465765953064
1,3600,25,30001,5,5,0.11237679421901703
1,3600,25,30001,5,6,39.79159164428711
1,3600,25,30001,5,7,35.15165328979492
1,3600,25,30001,5,8,40.744972229003906
1,3600,25,30001,5,9,42.22587203979492
1,3600,25,30001,5,10,29.144433975219727
1,3600,25,30001,5,11,46.58333206176758
1,3600,25,30001,5,12,6.634748935699463
1,3600,25,30001,5,13,3.6467456817626953
1,3600,25,30001,5,14,1.0219581127166748
1,3600,25,30001,5,15,9.657245635986328
1,3600,25,30001,5,16,19.745098114013672
1,3600,25,30001,5,17,9.5216064453125
1,3600,25,30001,5,18,24.696720123291016
1,3600,25,30001,5,19,5.572281837463379
1,3600,25,30001,5,20,0.45735251903533936
1,3600,25,30001,5,21,35.78621292114258
1,3600,25,30001,5,22,0.14179627597332
1,3600,25,30001,5,23,44.28748321533203
1,3600,25,30001,5,24,2.35546875
1,3600,25,30001,5,25,39.7935791015625
1,3600,25,30001,5,26,40.92139434814453
1,3600,25,30001,5,27,40.6473274230957
1,3600,25,30001,5,28,30.753950119018555
1,3600,25,30001,5,29,38.14859390258789
1,3600,26,30001,6,0,50.4786376953125
1,3600,26,30001,6,1,39.637001037597656
1,3600,26,30001,6,2,40.57352828979492
1,3600,26,30001,6,3,36.9755859375
1,3600,26,30001,6,4,0.5076510906219482
1,3600,26,30001,6,5,0.6439920663833618
1,3600,26,30001,6,6,1.6887774467468262
1,3600,26,30001,6,7,1.6361362934112549
1,3600,26,30001,6,8,31.02251625061035
1,3600,26,30001,6,9,32.08106231689453
1,3600,26,30001,6,10,47.557579040527344
1,3600,26,30001,6,11,2.3648386001586914
1,3600,26,30001,6,12,2.302968740463257
1,3600,26,30001,6,13,5.543792247772217
1,3600,26,30001,6,14,50.52045440673828
1,3600,26,30001,6,15,47.65196228027344
1,3600,26,30001,6,16,3.4830734729766846
1,3600,26,30001,6,17,6.138378143310547
1,3600,26,30001,6,18,37.78104019165039
1,3600,26,30001,6,19,41.74826431274414
1,3600,26,30001,6,20,0.05999999865889549
1,3600,26,30001,6,21,37.49605178833008
1,3600,26,30001,6,22,36.44993209838867
1,3600,26,30001,6,23,0.7559086084365845
1,3600,26,30001,6,24,27.22886848449707
1,3600,26,30001,6,25,0.5914022326469421
1,3600,26,30001,6,26,2.0086569786071777
1,3600,26,30001,6,27,45.93789291381836
1,3600,26,30001,6,28,15.818915367126465
1,3600,26,30001,6,29,5.398165702819824
1,3600,27,30001,7,0,40.1578369140625
1,3600,27,30001,7,1,37.828216552734375
1,3600,27,30001,7,2,27.88650131225586
1,3600,27,30001,7,3,2.6288888454437256
1,3600,27,30001,7,4,5.3141770362854
1,3600,27,30001,7,5,39.242496490478516
1,3600,27,30001,7,6,1.3774526119232178
1,3600,27,30001,7,7,14.204965591430664
1,3600,27,30001,7,8,1.4121825695037842
1,3600,27,30001,7,9,40.66823196411133
1,3600,27,30001,7,10,0.3854973018169403
1,3600,27,30001,7,11,32.75823974609375
1,3600,27,30001,7,12,1.7834488153457642
1,3600,27,30001,7,13,0.24100670218467712
1,3600,27,30001,7,14,38.036224365234375
1,3600,27,30001,7,15,3.104398250579834
1,3600,27,30001,7,16,4.555054664611816
1,3600,27,30001,7,17,45.9214973449707
1,3600,27,30001,7,18,35.289432525634766
1,3600,27,30001,7,19,2.089791774749756
1,3600,27,30001,7,20,33.19560241699219
1,3600,27,30001,7,21,5.956955432891846
1,3600,27,30001,7,22,6.005602836608887
1,3600,27,30001,7,23,43.076412200927734
1,3600,27,30001,7,24,40.66796875
1,3600,27,30001,7,25,12.893568992614746
1,3600,27,30001,7,26,17.528356552124023
1,3600,27,30001,7,27,1.567594051361084
1,3600,27,30001,7,28,39.1160888671875
1,3600,27,30001,7,29,0.13563212752342224
1,3600,28,30001,8,0,0.09910260140895844
1,3600,28,30001,8,1,44.66959762573242
1,3600,28,30001,8,2,0.8723353147506714
1,3600,28,30001,8,3,47.576744079589844
1,3600,28,30001,8,4,33.8974723815918
1,3600,28,30001,8,5,41.19068908691406
1,3600,28,30001,8,6,5.533424377441406
1,3600,28,30001,8,7,18.302770614624023
1,3600,28,30001,8,8,33.455421447753906
1,3600,28,30001,8,9,39.48999786376953
1,3600,28,30001,8,10,1.072569727897644
1,3600,28,30001,8,11,41.58458709716797
1,3600,28,30001,8,12,41.213356018066406
1,3600,28,30001,8,13,6.3868088722229
1,3600,28,30001,8,14,5.884775161743164
1,3600,28,30001,8,15,0.5324061512947083
1,3600,28,30001,8,16,46.15825653076172
1,3600,28,30001,8,17,37.448631286621094
1,3600,28,30001,8,18,3.097586154937744
1,3600,28,30001,8,19,7.132501602172852
1,3600,28,30001,8,20,42.413631439208984
1,3600,28,30001,8,21,9.277828216552734
1,3600,28,30001,8,22,38.1876106262207
1,3600,28,30001,8,23,25.552549362182617
1,3600,28,30001,8,24,40.87644958496094
1,3600,28,30001,8,25,37.829254150390625
1,3600,28,30001,8,26,0.9844692945480347
1,3600,28,30001,8,27,0.6630620360374451
1,3600,28,30001,8,28,41.93035888671875
1,3600,28,30001,8,29,42.06477737426758
1,3600,29,30001,9,0,14.268208503723145
1,3600,29,30001,9,1,0.20083734393119812
1,3600,29,30001,9,2,1.0942093133926392
1,3600,29,30001,9,3,14.849760055541992
1,3600,29,30001,9,4,17.972698211669922
1,3600,29,30001,9,5,43.71821594238281
1,3600,29,30001,9,6,37.443443298339844
1,3600,29,30001,9,7,42.953857421875
1,3600,29,30001,9,8,14.993046760559082
1,3600,29,30001,9,9,42.78508758544922
1,3600,29,30001,9,10,7.391951560974121
1,3600,29,30001,9,11,21.10521697998047
1,3600,29,30001,9,12,49.365421295166016
1,3600,29,30001,9,13,15.398307800292969
1,3600,29,30001,9,14,43.78550720214844
1,3600,29,30001,9,15,42.64797592163086
1,3600,29,30001,9,16,12.656959533691406
1,3600,29,30001,9,17,1.2511838674545288
1,3600,29,30001,9,18,39.57350158691406
1,3600,29,30001,9,19,24.88672637939453
1,3600,29,30001,9,20,38.9356575012207
1,3600,29,30001,9,21,2.0423359870910645
1,3600,29,30001,9,22,11.618267059326172
1,3600,29,30001,9,23,48.53487014770508
1,3600,29,30001,9,24,2.344755172729492
1,3600,29,30001,9,25,41.94712448120117
1,3600,29,30001,9,26,0.08201921731233597
1,3600,29,30001,9,27,40.5537223815918
1,3600,29,30001,9,28,48.13990020751953
1,3600,29,30001,9,29,3.6947760581970215
1,3600,30,30001,10,0,43.85500717163086
1,3600,30,30001,10,1,43.20761489868164
1,3600,30,30001,10,2,2.1946656703948975
1,3600,30,30001,10,3,10.085269927978516
1,3600,30,30001,10,4,0.4159947633743286
1,3600,30,30001,10,5,0.5238454341888428
1,3600,30,30001,10,6,0.12191751599311829
1,3600,30,30001,10,7,39.136070251464844
1,3600,30,30001,10,8,40.62714385986328
1,3600,30,30001,10,9,3.2555084228515625
1,3600,30,30001,10,10,41.14060974121094
1,3600,30,30001,10,11,7.2630109786987305
1,3600,30,30001,10,12,4.934673309326172
1,3600,30,30001,10,13,7.9877119064331055
1,3600,30,30001,10,14,37.86023712158203
1,3600,30,30001,10,15,1.571728229522705
1,3600,30,30001,10,16,20.781721115112305
1,3600,30,30001,10,17,19.355880737304688
1,3600,30,30001,10,18,7.367958068847656
1,3600,30,30001,10,19,39.50616455078125
1,3600,30,30001,10,20,33.86534118652344
1,3600,30,30001,10,21,43.7010498046875
1,3600,30,30001,10,22,3.535559892654419
1,3600,30,30001,10,23,41.7823600769043
1,3600,30,30001,10,24,30.600982666015625
1,3600,30,30001,10,25,38.51197814941406
1,3600,30,30001,10,26,0.46811777353286743
1,3600,30,30001,10,27,0.7221654653549194
1,3600,30,30001,10,28,21.506250381469727
1,3600,30,30001,10,29,34.40547561645508
1,3600,31,30001,11,0,41.31224822998047
1,3600,31,30001,11,1,0.9576171040534973
1,3600,31,30001,11,2,0.5445544123649597
1,3600,31,30001,11,3,28.882173538208008
1,3600,31,30001,11,4,1.1192232370376587
1,3600,31,30001,11,5,39.9316291809082
1,3600,31,30001,11,6,3.0945029258728027
1,3600,31,30001,11,7,39.9652099609375
1,3600,31,30001,11,8,0.21132177114486694
1,3600,31,30001,11,9,42.04340362548828
1,3600,31,30001,11,10,0.4281477928161621
1,3600,31,30001,11,11,37.12249755859375
1,3600,31,30001,11,12,0.9268964529037476
1,3600,31,30001,11,13,2.264425277709961
1,3600,31,30001,11,14,23.184362411499023
1,3600,31,30001,11,15,0.22255665063858032
1,3600,31,30001,11,16,4.104352951049805
1,3600,31,30001,11,17,44.67115783691406
1,3600,31,30001,11,18,31.478517532348633
1,3600,31,30001,11,19,34.85693359375
1,3600,31,30001,11,20,20.35053253173828
1,3600,31,30001,11,21,15.531332015991211
1,3600,31,30001,11,22,35.26626205444336
1,3600,31,30001,11,23,2.0772738456726074
1,3600,31,30001,11,24,44.500457763671875
1,3600,31,30001,11,25,21.379619598388672
1,3600,31,30001,11,26,0.22446879744529724
1,3600,31,30001,11,27,1.5258307456970215
1,3600,31,30001,11,28,49.15878677368164
1,3600,31,30001,11,29,22.91252326965332
1,3600,32,30001,12,0,31.504276275634766
1,3600,32,30001,12,1,0.36304932832717896
1,3600,32,30001,12,2,43.71803665161133
1,3600,32,30001,12,3,10.841327667236328
1,3600,32,30001,12,4,38.86486053466797
1,3600,32,30001,12,5,39.606170654296875
1,3600,32,30001,12,6,1.0960781574249268
1,3600,32,30001,12,7,34.52300262451172
1,3600,32,30001,12,8,2.2549517154693604
1,3600,32,30001,12,9,1.0630195140838623
1,3600,32,30001,12,10,46.41789627075195
1,3600,32,30001,12,11,2.7478766441345215
1,3600,32,30001,12,12,0.1066613420844078
1,3600,32,30001,12,13,0.8430824279785156
1,3600,32,30001,12,14,1.358960747718811
1,3600,32,30001,12,15,0.4937748312950134
1,3600,32,30001,12,16,1.542276382446289
1,3600,32,30001,12,17,4.5381574630737305
1,3600,32,30001,12,18,41.427005767822266
1,3600,32,30001,12,19,6.557812690734863
1,3600,32,30001,12,20,38.46185302734375
1,3600,32,30001,12,21,7.917498588562012
1,3600,32,30001,12,22,20.077634811401367
1,3600,32,30001,12,23,5.687355041503906
1,3600,32,30001,12,24,0.428286612033844
1,3600,32,30001,12,25,9.815653800964355
1,3600,32,30001,12,26,40.272098541259766
1,3600,32,30001,12,27,2.7350263595581055
1,3600,32,30001,12,28,2.083127975463867
1,3600,32,30001,12,29,1.821367859840393
1,3600,33,30001,13,0,39.808712005615234
1,3600,33,30001,13,1,0.9378969669342041
1,3600,33,30001,13,2,1.6369545459747314
1,3600,33,30001,13,3,1.845991849899292
1,3600,33,30001,13,4,36.511775970458984
1,3600,33,30001,13,5,0.9253721237182617
1,3600,33,30001,13,6,1.8886774778366089
1,3600,33,30001,13,7,36.57185745239258
1,3600,33,30001,13,8,2.515331268310547
1,3600,33,30001,13,9,39.78519058227539
1,3600,33,30001,13,10,3.395738124847412
1,3600,33,30001,13,11,46.58034896850586
1,3600,33,30001,13,12,0.7353584170341492
1,3600,33,30001,13,13,3.120391845703125
1,3600,33,30001,13,14,0.8173454999923706
1,3600,33,30001,13,15,18.223112106323242
1,3600,33,30001,13,16,6.396363258361816
1,3600,33,30001,13,17,2.0902998447418213
1,3600,33,30001,13,18,4.925886154174805
1,3600,33,30001,13,19,35.04631423950195
1,3600,33,30001,13,20,9.954689979553223
1,3600,33,30001,13,21,0.256905198097229
1,3600,33,30001,13,22,0.10411325097084045
1,3600,33,30001,13,23,5.919220447540283
1,3600,33,30001,13,24,18.83896255493164
1,3600,33,30001,13,25,40.79664611816406
1,3600,33,30001,13,26,5.396505355834961
1,3600,33,30001,13,27,0.7837811708450317
1,3600,33,30001,13,28,0.5972806811332703
1,3600,33,30001,13,29,2.190297842025757
1,3600,34,30001,14,0,22.52536392211914
1,3600,34,30001,14,1,41.709590911865234
1,3600,34,30001,14,2,1.5687470436096191
1,3600,34,30001,14,3,3.0533647537231445
1,3600,34,30001,14,4,6.192826271057129
1,3600,34,30001,14,5,28.466218948364258
1,3600,34,30001,14,6,44.96184158325195
1,3600,34,30001,14,7,0.05999999865889549
1,3600,34,30001,14,8,2.8781962394714355
1,3600,34,30001,14,9,0.38060322403907776
1,3600,34,30001,14,10,1.4843714237213135
1,3600,34,30001,14,11,7.471688270568848
1,3600,34,30001,14,12,1.1988519430160522
1,3600,34,30001,14,13,36.860904693603516
1,3600,34,30001,14,14,33.16816711425781
1,3600,34,30001,14,15,22.141380310058594
1,3600,34,30001,14,16,38.589508056640625
1,3600,34,30001,14,17,41.22910690307617
1,3600,34,30001,14,18,22.8320255279541
1,3600,34,30001,14,19,8.789602279663086
1,3600,34,30001,14,20,20.800222396850586
1,3600,34,30001,14,21,5.407822132110596
1,3600,34,30001,14,22,3.066248893737793
1,3600,34,30001,14,23,1.652299165725708
1,3600,34,30001,14,24,0.6622846126556396
1,3600,34,30001,14,25,26.880624771118164
1,3600,34,30001,14,26,22.858919143676758
1,3600,34,30001,14,27,37.19755172729492
1,3600,34,30001,14,28,0.7047800421714783
1,3600,34,30001,14,29,34.089656829833984
1,3600,35,30001,15,0,2.7022809982299805
1,3600,35,30001,15,1,22.29734230041504
1,3600,35,30001,15,2,32.51715850830078
1,3600,35,30001,15,3,39.718589782714844
1,3600,35,30001,15,4,5.5191545486450195
1,3600,35,30001,15,5,9.500365257263184
1,3600,35,30001,15,6,5.968687534332275
1,3600,35,30001,15,7,41.42064666748047
1,3600,35,30001,15,8,1.066288709640503
1,3600,35,30001,15,9,1.1943068504333496
1,3600,35,30001,15,10,30.64251708984375
1,3600,35,30001,15,11,23.713245391845703
1,3600,35,30001,15,12,1.9407755136489868
1,3600,35,30001,15,13,45.160972595214844
1,3600,35,30001,15,14,0.06907473504543304
1,3600,35,30001,15,15,4.885794639587402
1,3600,35,30001,15,16,39.580726623535156
1,3600,35,30001,15,17,44.57551956176758
1,3600,35,30001,15,18,24.094690322875977
1,3600,35,30001,15,19,33.8593864440918
1,3600,35,30001,15,20,17.419837951660156
1,3600,35,30001,15,21,13.63144302368164
1,3600,35,30001,15,22,18.734756469726562
1,3600,35,30001,15,23,3.9923248291015625
1,3600,35,30001,15,24,5.363763332366943
1,3600,35,30001,15,25,16.036739349365234
1,3600,35,30001,15,26,23.70168113708496
1,3600,35,30001,15,27,36.9060173034668
1,3600,35,30001,15,28,1.1388306617736816
1,3600,35,30001,15,29,38.76954650878906
1,3600,36,30001,16,0,38.39144515991211
1,3600,36,30001,16,1,15.164054870605469
1,3600,36,30001,16,2,18.421175003051758
1,3600,36,30001,16,3,4.322321891784668
1,3600,36,30001,16,4,20.785205841064453
1,3600,36,30001,16,5,16.845951080322266
1,3600,36,30001,16,6,6.075035095214844
1,3600,36,30001,16,7,44.986270904541016
1,3600,36,30001,16,8,0.7721763849258423
1,3600,36,30001,16,9,5.755547523498535
1,3600,36,30001,16,10,3.095900535583496
1,3600,36,30001,16,11,48.54053497314453
1,3600,36,30001,16,12,3.3252363204956055
1,3600,36,30001,16,13,42.21649169921875
1,3600,36,30001,16,14,39.49284362792969
1,3600,36,30001,16,15,41.98388671875
1,3600,36,30001,16,16,48.9957389831543
1,3600,36,30001,16,17,0.12034990638494492
1,3600,36,30001,16,18,46.38353729248047
1,3600,36,30001,16,19,2.3918228149414062
1,3600,36,30001,16,20,2.2735867500305176
1,3600,36,30001,16,21,15.12697982788086
1,3600,36,30001,16,22,42.2070198059082
1,3600,36,30001,16,23,0.4336244463920593
1,3600,36,30001,16,24,1.56895911693573
1,3600,36,30001,16,25,0.2593437433242798
1,3600,36,30001,16,26,17.365127563476562
1,3600,36,30001,16,27,4.244781970977783
1,3600,36,30001,16,28,41.131221771240234
1,3600,36,30001,16,29,0.26160430908203125
1,3600,37,30001,17,0,34.259429931640625
1,3600,37,30001,17,1,45.1713981628418
1,3600,37,30001,17,2,2.355473279953003
1,3600,37,30001,17,3,35.681339263916016
1,3600,37,30001,17,4,4.702510833740234
1,3600,37,30001,17,5,1.064276099205017
1,3600,37,30001,17,6,43.47677230834961
1,3600,37,30001,17,7,42.72278594970703
1,3600,37,30001,17,8,36.382320404052734
1,3600,37,30001,17,9,1.5917807817459106
1,3600,37,30001,17,10,41.498355865478516
1,3600,37,30001,17,11,0.8051328063011169
1,3600,37,30001,17,12,0.6085749864578247
1,3600,37,30001,17,13,1.9594680070877075
1,3600,37,30001,17,14,0.6919496059417725
1,3600,37,30001,17,15,4.6501593589782715
1,3600,37,30001,17,16,42.281089782714844
1,3600,37,30001,17,17,40.530494689941406
1,3600,37,30001,17,18,14.648258209228516
1,3600,37,30001,17,19,17.5064754486084
1,3600,37,30001,17,20,38.95498275756836
1,3600,37,30001,17,21,0.176009863615036
1,3600,37,30001,17,22,46.23312759399414
1,3600,37,30001,17,23,0.749801516532898
1,3600,37,30001,17,24,2.189046621322632
1,3600,37,30001,17,25,37.676700592041016
1,3600,37,30001,17,26,2.031566858291626
1,3600,37,30001,17,27,12.32729721069336
1,3600,37,30001,17,28,20.48194694519043
1,3600,37,30001,17,29,0.14982163906097412
1,3600,38,30001,18,0,2.3224124908447266
1,3600,38,30001,18,1,2.770526647567749
1,3600,38,30001,18,2,42.12826919555664
1,3600,38,30001,18,3,39.76145935058594
1,3600,38,30001,18,4,0.5346469283103943
1,3600,38,30001,18,5,39.04634094238281
1,3600,38,30001,18,6,26.412256240844727
1,3600,38,30001,18,7,1.2014756202697754
1,3600,38,30001,18,8,0.9818028211593628
1,3600,38,30001,18,9,42.24113845825195
1,3600,38,30001,18,10,38.791847229003906
1,3600,38,30001,18,11,26.085886001586914
1,3600,38,30001,18,12,5.135376930236816
1,3600,38,30001,18,13,30.14238739013672
1,3600,38,30001,18,14,3.5458009243011475
1,3600,38,30001,18,15,43.116798400878906
1,3600,38,30001,18,16,10.816102027893066
1,3600,38,30001,18,17,2.2837374210357666
1,3600,38,30001,18,18,24.224382400512695
1,3600,38,30001,18,19,0.18993017077445984
1,3600,38,30001,18,20,4.200248718261719
1,3600,38,30001,18,21,14.93641471862793
1,3600,38,30001,18,22,36.34648513793945
1,3600,38,30001,18,23,34.957645416259766
1,3600,38,30001,18,24,37.10536193847656
1,3600,38,30001,18,25,1.352870225906372
1,3600,38,30001,18,26,4.831324100494385
1,3600,38,30001,18,27,35.295196533203125
1,3600,38,30001,18,28,0.31437331438064575
1,3600,38,30001,18,29,39.28169250488281
1,3600,39,30001,19,0,40.23869705200195
1,3600,39,30001,19,1,42.4976692199707
1,3600,39,30001,19,2,2.4699110984802246
1,3600,39,30001,19,3,2.1632513999938965
1,3600,39,30001,19,4,40.029273986816406
1,3600,39,30001,19,5,33.13459396362305
1,3600,39,30001,19,6,1.6689574718475342
1,3600,39,30001,19,7,0.1111244410276413
1,3600,39,30001,19,8,42.74156951904297
1,3600,39,30001,19,9,1.5025608539581299
1,3600,39,30001,19,10,21.0880184173584
1,3600,39,30001,19,11,44.636234283447266
1,3600,39,30001,19,12,2.4559872150421143
1,3600,39,30001,19,13,1.111477255821228
1,3600,39,30001,19,14,1.1329797506332397
1,3600,39,30001,19,15,3.9075021743774414
1,3600,39,30001,19,16,38.020790100097656
1,3600,39,30001,19,17,41.80216598510742
1,3600,39,30001,19,18,0.8857160806655884
1,3600,39,30001,19,19,2.4038777351379395
1,3600,39,30001,19,20,2.4735324382781982
1,3600,39,30001,19,21,8.683608055114746
1,3600,39,30001,19,22,11.30615520477295
1,3600,39,30001,19,23,11.698341369628906
1,3600,39,30001,19,24,36.186134338378906
1,3600,39,30001,19,25,45.233028411865234
1,3600,39,30001,19,26,22.42685317993164
1,3600,39,30001,19,27,4.635140419006348
1,3600,39,30001,19,28,2.459949016571045
1,3600,39,30001,19,29,3.492591619491577
2,7200,20,30001,0,0,1.512341022491455
2,7200,20,30001,0,1,14.143132209777832
2,7200,20,30001,0,2,5.052069664001465
2,7200,20,30001,0,3,0.16557973623275757
2,7200,20,30001,0,4,0.08329044282436371
2,7200,20,30001,0,5,7.646543502807617
2,7200,20,30001,0,6,6.2770466804504395
2,7200,20,30001,0,7,4.580146789550781
2,7200,20,30001,0,8,25.67854118347168
2,7200,20,30001,0,9,0.20907698571681976
2,7200,20,30001,0,10,7.531429290771484
2,7200,20,30001,0,11,20.514413833618164
2,7200,20,30001,0,12,8.242206573486328
2,7200,20,30001,0,13,26.641597747802734
2,7200,20,30001,0,14,4.85712194442749
2,7200,20,30001,0,15,8.760124206542969
2,7200,20,30001,0,16,17.454069137573242
2,7200,20,30001,0,17,5.251794815063477
2,7200,20,30001,0,18,6.552485466003418
2,7200,20,30001,0,19,0.6339458227157593
2,7200,20,30001,0,20,10.915937423706055
2,7200,20,30001,0,21,3.061378240585327
2,7200,20,30001,0,22,0.7929658889770508
2,7200,20,30001,0,23,0.05999999865889549
2,7200,20,30001,0,24,0.3090161085128784
2,7200,20,30001,0,25,0.36143165826797485
2,7200,20,30001,0,26,9.16832160949707
2,7200,20,30001,0,27,2.3281681537628174
2,7200,20,30001,0,28,3.144752025604248
2,7200,20,30001,0,29,5.211017608642578
2,7200,21,30001,1,0,0.07347408682107925
2,7200,21,30001,1,1,47.402042388916016
2,7200,21,30001,1,2,5.639456748962402
2,7200,21,30001,1,3,1.604718804359436
2,7200,21,30001,1,4,1.5587528944015503
2,7200,21,30001,1,5,0.1887040138244629
2,7200,21,30001,1,6,0.20228761434555054
2,7200,21,30001,1,7,0.656715989112854
2,7200,21,30001,1,8,12.324344635009766
2,7200,21,30001,1,9,14.983802795410156
2,7200,21,30001,1,10,8.222272872924805
2,7200,21,30001,1,11,8.901845932006836
2,7200,21,30001,1,12,48.196022033691406
2,7200,21,30001,1,13,1.3275599479675293
2,7200,21,30001,1,14,4.283658027648926
2,7200,21,30001,1,15,3.24635910987854
2,7200,21,30001,1,16,21.31768226623535
2,7200,21,30001,1,17,3.6964640617370605
2,7200,21,30001,1,18,0.17155149579048157
2,7200,21,30001,1,19,0.1111067533493042
2,7200,21,30001,1,20,22.641807556152344
2,7200,21,30001,1,21,3.5284407138824463
2,7200,21,30001,1,22,0.10919968783855438
2,7200,21,30001,1,23,9.73171615600586
2,7200,21,30001,1,24,3.0983808040618896
2,7200,21,30001,1,25,20.770355224609375
2,7200,21,30001,1,26,0.5859384536743164
2,7200,21,30001,1,27,29.574386596679688
2,7200,21,30001,1,28,0.11512593179941177
2,7200,21,30001,1,29,49.0141716003418
2,7200,22,30001,2,0,9.37504768371582
2,7200,22,30001,2,1,0.09572328627109528
2,7200,22,30001,2,2,3.630826234817505
2,7200,22,30001,2,3,0.10682807117700577
2,7200,22,30001,2,4,3.8795504570007324
2,7200,22,30001,2,5,4.670766353607178
2,7200,22,30001,2,6,2.493323802947998
2,7200,22,30001,2,7,3.52885365486145
2,7200,22,30001,2,8,0.06909534335136414
2,7200,22,30001,2,9,1.8166450262069702
2,7200,22,30001,2,10,5.5006866455078125
2,7200,22,30001,2,11,1.1513519287109375
2,7200,22,30001,2,12,5.042754650115967
2,7200,22,30001,2,13,4.651823043823242
2,7200,22,30001,2,14,3.4384233951568604
2,7200,22,30001,2,15,1.959232211112976
2,7200,22,30001,2,16,1.3917880058288574
2,7200,22,30001,2,17,7.0071845054626465
2,7200,22,30001,2,18,0.7374234795570374
2,7200,22,30001,2,19,4.541820526123047
2,7200,22,30001,2,20,6.629404544830322
2,7200,22,30001,2,21,7.342224597930908
2,7200,22,30001,2,22,4.462036609649658
2,7200,22,30001,2,23,10.646515846252441
2,7200,22,30001,2,24,9.976266860961914
2,7200,22,30001,2,25,1.3629018068313599
2,7200,22,30001,2,26,1.3490791320800781
2,7200,22,30001,2,27,3.4324357509613037
2,7200,22,30001,2,28,3.41001033782959
2,7200,22,30001,2,29,0.5393522381782532
2,7200,23,30001,3,0,3.705564498901367
2,7200,23,30001,3,1,0.09111429750919342
2,7200,23,30001,3,2,10.704696655273438
2,7200,23,30001,3,3,5.199824333190918
2,7200,23,30001,3,4,9.21958065032959
2,7200,23,30001,3,5,0.3960646092891693
2,7200,23,30001,3,6,11.886625289916992
2,7200,23,30001,3,7,0.09278232604265213
2,7200,23,30001,3,8,9.215666770935059
2,7200,23,30001,3,9,0.63754802942276
2,7200,23,30001,3,10,5.302215099334717
2,7200,23,30001,3,11,11.496277809143066
2,7200,23,30001,3,12,8.278786659240723
2,7200,23,30001,3,13,10.858412742614746
2,7200,23,30001,3,14,1.2974172830581665
2,7200,23,30001,3,15,8.075182914733887
2,7200,23,30001,3,16,5.901716232299805
2,7200,23,30001,3,17,4.859219551086426
2,7200,23,30001,3,18,1.1923667192459106
2,7200,23,30001,3,19,7.728618144989014
2,7200,23,30001,3,20,0.2463071346282959
2,7200,23,30001,3,21,4.513087272644043
2,7200,23,30001,3,22,12.284442901611328
2,7200,23,30001,3,23,4.577334403991699
2,7200,23,30001,3,24,5.968874931335449
2,7200,23,30001,3,25,13.235965728759766
2,7200,23,30001,3,26,1.8770161867141724
2,7200,23,30001,3,27,6.033303260803223
2,7200,23,30001,3,28,1.734766960144043
2,7200,23,30001,3,29,8.670318603515625
2,7200,24,30001,4,0,25.426246643066406
2,7200,24,30001,4,1,1.360525369644165
2,7200,24,30001,4,2,0.535198450088501
2,7200,24,30001,4,3,6.748575687408447
2,7200,24,30001,4,4,5.160398960113525
2,7200,24,30001,4,5,0.21977189183235168
2,7200,24,30001,4,6,4.370972633361816
2,7200,24,30001,4,7,5.560120582580566
2,7200,24,30001,4,8,1.800492286682129
2,7200,24,30001,4,9,21.182287216186523
2,7200,24,30001,4,10,24.456775665283203
2,7200,24,30001,4,11,0.2885328233242035
2,7200,24,30001,4,12,4.9282684326171875
2,7200,24,30001,4,13,1.0915430784225464
2,7200,24,30001,4,14,0.15453076362609863
2,7200,24,30001,4,15,6.46231746673584
2,7200,24,30001,4,16,1.8659262657165527
2,7200,24,30001,4,17,1.9048264026641846
2,7200,24,30001,4,18,5.69170618057251
2,7200,24,30001,4,19,0.08569709956645966
2,7200,24,30001,4,20,0.08727113902568817
2,7200,24,30001,4,21,6.848117828369141
2,7200,24,30001,4,22,5.415678977966309
2,7200,24,30001,4,23,4.7323784828186035
2,7200,24,30001,4,24,0.26126646995544434
2,7200,24,30001,4,25,5.813937187194824
2,7200,24,30001,4,26,5.203549385070801
2,7200,24,30001,4,27,5.581289768218994
2,7200,24,30001,4,28,3.6333842277526855
2,7200,24,30001,4,29,2.6655094623565674
2,7200,25,30001,5,0,2.031524181365967
2,7200,25,30001,5,1,6.321209907531738
2,7200,25,30001,5,2,4.776679039001465
2,7200,25,30001,5,3,0.5404677987098694
2,7200,25,30001,5,4,4.0536417961120605
2,7200,25,30001,5,5,4.6876935958862305
2,7200,25,30001,5,6,2.2174248695373535
2,7200,25,30001,5,7,43.34806442260742
2,7200,25,30001,5,8,5.016999244689941
2,7200,25,30001,5,9,7.073395252227783
2,7200,25,30001,5,10,0.5152269601821899
2,7200,25,30001,5,11,3.814290761947632
2,7200,25,30001,5,12,13.656972885131836
2,7200,25,30001,5,13,10.370950698852539
2,7200,25,30001,5,14,5.096940517425537
2,7200,25,30001,5,15,20.78520965576172
2,7200,25,30001,5,16,2.3720507621765137
2,7200,25,30001,5,17,1.1098613739013672
2,7200,25,30001,5,18,1.648382306098938
2,7200,25,30001,5,19,13.166007995605469
2,7200,25,30001,5,20,0.8005812168121338
2,7200,25,30001,5,21,0.2173803299665451
2,7200,25,30001,5,22,2.035007953643799
2,7200,25,30001,5,23,56.33427810668945
2,7200,25,30001,5,24,0.05999999865889549
2,7200,25,30001,5,25,1.5836262702941895
2,7200,25,30001,5,26,1.2853244543075562
2,7200,25,30001,5,27,6.324841022491455
2,7200,25,30001,5,28,1.8911705017089844
2,7200,25,30001,5,29,2.6290061473846436
2,7200,26,30001,6,0,0.2826865315437317
2,7200,26,30001,6,1,4.90500545501709
2,7200,26,30001,6,2,5.358798503875732
2,7200,26,30001,6,3,47.68673324584961
2,7200,26,30001,6,4,2.811005115509033
2,7200,26,30001,6,5,2.3426313400268555
2,7200,26,30001,6,6,4.127538204193115
2,7200,26,30001,6,7,8.72423267364502
2,7200,26,30001,6,8,0.08319264650344849
2,7200,26,30001,6,9,36.88698196411133
2,7200,26,30001,6,10,6.611094951629639
2,7200,26,30001,6,11,7.590752601623535
2,7200,26,30001,6,12,4.5019354820251465
2,7200,26,30001,6,13,0.1407604068517685
2,7200,26,30001,6,14,2.3566503524780273
2,7200,26,30001,6,15,6.411495208740234
2,7200,26,30001,6,16,5.727324962615967
2,7200,26,30001,6,17,0.46348148584365845
2,7200,26,30001,6,18,2.2931556701660156
2,7200,26,30001,6,19,0.43197113275527954
2,7200,26,30001,6,20,1.529929518699646
2,7200,26,30001,6,21,43.18079376220703
2,7200,26,30001,6,22,1.190361499786377
2,7200,26,30001,6,23,0.09487752616405487
2,7200,26,30001,6,24,37.20684051513672
2,7200,26,30001,6,25,1.9237853288650513
2,7200,26,30001,6,26,4.355161190032959
2,7200,26,30001,6,27,6.026562690734863
2,7200,26,30001,6,28,24.535985946655273
2,7200,26,30001,6,29,13.566375732421875
2,7200,27,30001,7,0,5.290566921234131
2,7200,27,30001,7,1,0.3959409296512604
2,7200,27,30001,7,2,6.200868129730225
2,7200,27,30001,7,3,0.11642956733703613
2,7200,27,30001,7,4,0.5215023756027222
2,7200,27,30001,7,5,10.962080001831055
2,7200,27,30001,7,6,0.05999999865889549
2,7200,27,30001,7,7,25.157995223999023
2,7200,27,30001,7,8,1.916181206703186
2,7200,27,30001,7,9,5.431958198547363
2,7200,27,30001,7,10,2.2474422454833984
2,7200,27,30001,7,11,40.82469940185547
2,7200,27,30001,7,12,4.46995210647583
2,7200,27,30001,7,13,5.892168998718262
2,7200,27,30001,7,14,8.136798858642578
2,7200,27,30001,7,15,8.929437637329102
2,7200,27,30001,7,16,0.31670287251472473
2,7200,27,30001,7,17,0.2735867500305176
2,7200,27,30001,7,18,4.438623905181885
2,7200,27,30001,7,19,0.08594124764204025
2,7200,27,30001,7,20,2.4512782096862793
2,7200,27,30001,7,21,12.702695846557617
2,7200,27,30001,7,22,13.044530868530273
2,7200,27,30001,7,23,1.5355149507522583
2,7200,27,30001,7,24,53.11018371582031
2,7200,27,30001,7,25,0.11773134768009186
2,7200,27,30001,7,26,0.18683795630931854
2,7200,27,30001,7,27,4.588100910186768
2,7200,27,30001,7,28,7.356505393981934
2,7200,27,30001,7,29,1.5807857513427734
2,7200,28,30001,8,0,2.281461238861084
2,7200,28,30001,8,1,3.1684730052948
2,7200,28,30001,8,2,4.500599384307861
2,7200,28,30001,8,3,0.18830399215221405
2,7200,28,30001,8,4,0.22585543990135193
2,7200,28,30001,8,5,5.077470779418945
2,7200,28,30001,8,6,13.930534362792969
2,7200,28,30001,8,7,28.567426681518555
2,7200,28,30001,8,8,2.8667662143707275
2,7200,28,30001,8,9,5.064498424530029
2,7200,28,30001,8,10,4.098955154418945
2,7200,28,30001,8,11,8.95641803741455
2,7200,28,30001,8,12,1.2569540739059448
2,7200,28,30001,8,13,0.12658682465553284
2,7200,28,30001,8,14,9.85468864440918
2,7200,28,30001,8,15,0.05999999865889549
2,7200,28,30001,8,16,6.157305717468262
2,7200,28,30001,8,17,3.9634509086608887
2,7200,28,30001,8,18,7.4894633293151855
2,7200,28,30001,8,19,10.879539489746094
2,7200,28,30001,8,20,2.442519187927246
2,7200,28,30001,8,21,16.856603622436523
2,7200,28,30001,8,22,1.266297459602356
2,7200,28,30001,8,23,1.6289680004119873
2,7200,28,30001,8,24,4.045934200286865
2,7200,28,30001,8,25,5.78797721862793
2,7200,28,30001,8,26,2.9430763721466064
2,7200,28,30001,8,27,4.1411027908325195
2,7200,28,30001,8,28,7.97877311706543
2,7200,28,30001,8,29,4.036206245422363
2,7200,29,30001,9,0,0.29513153433799744
2,7200,29,30001,9,1,1.0531073808670044
2,7200,29,30001,9,2,1.520624041557312
2,7200,29,30001,9,3,25.188636779785156
2,7200,29,30001,9,4,0.144772469997406
2,7200,29,30001,9,5,5.45985746383667
2,7200,29,30001,9,6,0.6392902731895447
2,7200,29,30001,9,7,6.513010501861572
2,7200,29,30001,9,8,25.4172306060791
2,7200,29,30001,9,9,6.286739349365234
2,7200,29,30001,9,10,13.813993453979492
2,7200,29,30001,9,11,0.36258822679519653
2,7200,29,30001,9,12,7.322083950042725
2,7200,29,30001,9,13,24.885210037231445
2,7200,29,30001,9,14,5.773898124694824
2,7200,29,30001,9,15,1.361944556236267
2,7200,29,30001,9,16,21.998329162597656
2,7200,29,30001,9,17,7.386457443237305
2,7200,29,30001,9,18,53.205291748046875
2,7200,29,30001,9,19,31.255661010742188
2,7200,29,30001,9,20,0.5366469621658325
2,7200,29,30001,9,21,10.471946716308594
2,7200,29,30001,9,22,0.07059715688228607
2,7200,29,30001,9,23,4.083548545837402
2,7200,29,30001,9,24,0.06115587428212166
2,7200,29,30001,9,25,54.541603088378906
2,7200,29,30001,9,26,1.6525757312774658
2,7200,29,30001,9,27,47.97304153442383
2,7200,29,30001,9,28,4.7209882736206055
2,7200,29,30001,9,29,5.727557182312012
2,7200,30,30001,10,0,5.879559516906738
2,7200,30,30001,10,1,12.138578414916992
2,7200,30,30001,10,2,0.158089280128479
2,7200,30,30001,10,3,0.26225054264068604
2,7200,30,30001,10,4,2.0447425842285156
2,7200,30,30001,10,5,1.4144811630249023
2,7200,30,30001,10,6,0.9535689353942871
2,7200,30,30001,10,7,50.1752815246582
2,7200,30,30001,10,8,5.437434673309326
2,7200,30,30001,10,9,0.4827827215194702
2,7200,30,30001,10,10,5.8256449699401855
2,7200,30,30001,10,11,16.282894134521484
2,7200,30,30001,10,12,10.836152076721191
2,7200,30,30001,10,13,19.61478614807129
2,7200,30,30001,10,14,44.800132751464844
2,7200,30,30001,10,15,0.15066561102867126
2,7200,30,30001,10,16,0.2031247913837433
2,7200,30,30001,10,17,0.1727304309606552
2,7200,30,30001,10,18,0.10234088450670242
2,7200,30,30001,10,19,0.3633840084075928
2,7200,30,30001,10,20,2.1559531688690186
2,7200,30,30001,10,21,14.478636741638184
2,7200,30,30001,10,22,0.5673019289970398
2,7200,30,30001,10,23,4.581727504730225
2,7200,30,30001,10,24,4.589963436126709
2,7200,30,30001,10,25,4.4273223876953125
2,7200,30,30001,10,26,5.205655097961426
2,7200,30,30001,10,27,2.919243574142456
2,7200,30,30001,10,28,32.322105407714844
2,7200,30,30001,10,29,1.9985235929489136
2,7200,31,30001,11,0,6.1546149253845215
2,7200,31,30001,11,1,4.176277160644531
2,7200,31,30001,11,2,1.7268974781036377
2,7200,31,30001,11,3,1.2974010705947876
2,7200,31,30001,11,4,0.05999999865889549
2,7200,31,30001,11,5,1.3276562690734863
2,7200,31,30001,11,6,9.398344993591309
2,7200,31,30001,11,7,3.2128138542175293
2,7200,31,30001,11,8,6.007981300354004
2,7200,31,30001,11,9,9.547662734985352
2,7200,31,30001,11,10,1.5462942123413086
2,7200,31,30001,11,11,9.58302116394043
2,7200,31,30001,11,12,2.393272638320923
2,7200,31,30001,11,13,0.21173614263534546
2,7200,31,30001,11,14,35.07183837890625
2,7200,31,30001,11,15,4.909501075744629
2,7200,31,30001,11,16,11.46851921081543
2,7200,31,30001,11,17,15.52600383758545
2,7200,31,30001,11,18,8.408965110778809
2,7200,31,30001,11,19,2.2077689170837402
2,7200,31,30001,11,20,29.80830955505371
2,7200,31,30001,11,21,21.838041305541992
2,7200,31,30001,11,22,1.0685036182403564
2,7200,31,30001,11,23,8.697790145874023
2,7200,31,30001,11,24,10.417268753051758
2,7200,31,30001,11,25,32.3227424621582
2,7200,31,30001,11,26,2.281094551086426
2,7200,31,30001,11,27,0.17911741137504578
2,7200,31,30001,11,28,0.39750048518180847
2,7200,31,30001,11,29,0.5504456162452698
2,7200,32,30001,12,0,0.34475642442703247
2,7200,32,30001,12,1,2.798130512237549
2,7200,32,30001,12,2,7.702157974243164
2,7200,32,30001,12,3,20.755128860473633
2,7200,32,30001,12,4,1.5573242902755737
2,7200,32,30001,12,5,4.03851318359375
2,7200,32,30001,12,6,0.14563515782356262
2,7200,32,30001,12,7,5.139776229858398
2,7200,32,30001,12,8,8.515151023864746
2,7200,32,30001,12,9,2.4043304920196533
2,7200,32,30001,12,10,7.1141510009765625
2,7200,32,30001,12,11,9.410058975219727
2,7200,32,30001,12,12,1.0544019937515259
2,7200,32,30001,12,13,4.659296035766602
2,7200,32,30001,12,14,5.193142890930176
2,7200,32,30001,12,15,5.911550998687744
2,7200,32,30001,12,16,0.06118842214345932
2,7200,32,30001,12,17,12.560256958007812
2,7200,32,30001,12,18,7.443493843078613
2,7200,32,30001,12,19,13.237343788146973
2,7200,32,30001,12,20,0.9855010509490967
2,7200,32,30001,12,21,16.59356689453125
2,7200,32,30001,12,22,0.9972085356712341
2,7200,32,30001,12,23,14.972870826721191
2,7200,32,30001,12,24,1.0123387575149536
2,7200,32,30001,12,25,21.327198028564453
2,7200,32,30001,12,26,7.014355659484863
2,7200,32,30001,12,27,0.26479190587997437
2,7200,32,30001,12,28,0.0952504426240921
2,7200,32,30001,12,29,5.12644100189209
2,7200,33,30001,13,0,8.822176933288574
2,7200,33,30001,13,1,9.375130653381348
2,7200,33,30001,13,2,4.788444995880127
2,7200,33,30001,13,3,9.119490623474121
2,7200,33,30001,13,4,5.105112075805664
2,7200,33,30001,13,5,6.149880886077881
2,7200,33,30001,13,6,4.490562915802002
2,7200,33,30001,13,7,0.8604590892791748
2,7200,33,30001,13,8,6.03602409362793
2,7200,33,30001,13,9,0.6404677629470825
2,7200,33,30001,13,10,9.40389633178711
2,7200,33,30001,13,11,0.4587689936161041
2,7200,33,30001,13,12,6.383639335632324
2,7200,33,30001,13,13,0.0815296322107315
2,7200,33,30001,13,14,0.0982656329870224
2,7200,33,30001,13,15,28.484621047973633
2,7200,33,30001,13,16,15.84165096282959
2,7200,33,30001,13,17,6.741729736328125
2,7200,33,30001,13,18,0.36689987778663635
2,7200,33,30001,13,19,0.7270541191101074
2,7200,33,30001,13,20,18.288015365600586
2,7200,33,30001,13,21,4.271308422088623
2,7200,33,30001,13,22,2.5874452590942383
2,7200,33,30001,13,23,9.515405654907227
2,7200,33,30001,13,24,28.517093658447266
2,7200,33,30001,13,25,0.8083106279373169
2,7200,33,30001,13,26,12.857250213623047
2,7200,33,30001,13,27,5.4083967208862305
2,7200,33,30001,13,28,3.33661150932312
2,7200,33,30001,13,29,7.0967912673950195
2,7200,34,30001,14,0,0.2877902388572693
2,7200,34,30001,14,1,5.6922736167907715
2,7200,34,30001,14,2,2.4772369861602783
2,7200,34,30001,14,3,10.67397689819336
2,7200,34,30001,14,4,0.05999999865889549
2,7200,34,30001,14,5,3.303495168685913
2,7200,34,30001,14,6,5.717185020446777
2,7200,34,30001,14,7,1.3733645677566528
2,7200,34,30001,14,8,11.682775497436523
2,7200,34,30001,14,9,1.7375214099884033
2,7200,34,30001,14,10,1.929046392440796
2,7200,34,30001,14,11,0.43786051869392395
2,7200,34,30001,14,12,0.2260764241218567
2,7200,34,30001,14,13,6.1810479164123535
2,7200,34,30001,14,14,9.854133605957031
2,7200,34,30001,14,15,0.22998079657554626
2,7200,34,30001,14,16,49.14451599121094
2,7200,34,30001,14,17,1.1638323068618774
2,7200,34,30001,14,18,0.25572189688682556
2,7200,34,30001,14,19,18.45328140258789
2,7200,34,30001,14,20,0.1297825276851654
2,7200,34,30001,14,21,0.11994925141334534
2,7200,34,30001,14,22,4.3151044845581055
2,7200,34,30001,14,23,2.8851327896118164
2,7200,34,30001,14,24,3.705812931060791
2,7200,34,30001,14,25,0.5730751156806946
2,7200,34,30001,14,26,0.4002043902873993
2,7200,34,30001,14,27,3.8764827251434326
2,7200,34,30001,14,28,1.7442364692687988
2,7200,34,30001,14,29,0.32635512948036194
2,7200,35,30001,15,0,0.34368956089019775
2,7200,35,30001,15,1,0.5261287093162537
2,7200,35,30001,15,2,4.916772365570068
2,7200,35,30001,15,3,0.3462885320186615
2,7200,35,30001,15,4,11.921338081359863
2,7200,35,30001,15,5,16.146812438964844
2,7200,35,30001,15,6,12.458577156066895
2,7200,35,30001,15,7,0.5060992240905762
2,7200,35,30001,15,8,4.611869812011719
2,7200,35,30001,15,9,0.08532284200191498
2,7200,35,30001,15,10,1.1618307828903198
2,7200,35,30001,15,11,33.05112838745117
2,7200,35,30001,15,12,4.232868671417236
2,7200,35,30001,15,13,0.9702663421630859
2,7200,35,30001,15,14,0.7642462253570557
2,7200,35,30001,15,15,10.427830696105957
2,7200,35,30001,15,16,16.960046768188477
2,7200,35,30001,15,17,7.119926452636719
2,7200,35,30001,15,18,32.66748809814453
2,7200,35,30001,15,19,0.4178590774536133
2,7200,35,30001,15,20,3.8613600730895996
2,7200,35,30001,15,21,20.548227310180664
2,7200,35,30001,15,22,2.6098241806030273
2,7200,35,30001,15,23,0.5908048152923584
2,7200,35,30001,15,24,8.514566421508789
2,7200,35,30001,15,25,23.000089645385742
2,7200,35,30001,15,26,32.90134811401367
2,7200,35,30001,15,27,5.357176780700684
2,7200,35,30001,15,28,3.644383668899536
2,7200,35,30001,15,29,15.892965316772461
2,7200,36,30001,16,0,44.41905975341797
2,7200,36,30001,16,1,21.599496841430664
2,7200,36,30001,16,2,26.241701126098633
2,7200,36,30001,16,3,13.159029960632324
2,7200,36,30001,16,4,28.818265914916992
2,7200,36,30001,16,5,27.51889991760254
2,7200,36,30001,16,6,11.45369815826416
2,7200,36,30001,16,7,0.4555065333843231
2,7200,36,30001,16,8,3.2032253742218018
2,7200,36,30001,16,9,12.662495613098145
2,7200,36,30001,16,10,0.13092410564422607
2,7200,36,30001,16,11,77.65254211425781
2,7200,36,30001,16,12,7.004278659820557
2,7200,36,30001,16,13,4.603702545166016
2,7200,36,30001,16,14,1.5864866971969604
2,7200,36,30001,16,15,2.1750946044921875
2,7200,36,30001,16,16,2.8854455947875977
2,7200,36,30001,16,17,3.998474597930908
2,7200,36,30001,16,18,3.1745541095733643
2,7200,36,30001,16,19,0.05999999865889549
2,7200,36,30001,16,20,5.709910869598389
2,7200,36,30001,16,21,25.035898208618164
2,7200,36,30001,16,22,1.1634702682495117
2,7200,36,30001,16,23,2.823251724243164
2,7200,36,30001,16,24,0.20036184787750244
2,7200,36,30001,16,25,4.13077974319458
2,7200,36,30001,16,26,26.412084579467773
2,7200,36,30001,16,27,0.08355294167995453
2,7200,36,30001,16,28,8.32038402557373
2,7200,36,30001,16,29,2.405550956726074
2,7200,37,30001,17,0,4.117177486419678
2,7200,37,30001,17,1,3.198286533355713
2,7200,37,30001,17,2,5.439361572265625
2,7200,37,30001,17,3,4.150418758392334
2,7200,37,30001,17,4,0.3001311421394348
2,7200,37,30001,17,5,0.149881511926651
2,7200,37,30001,17,6,1.1604831218719482
2,7200,37,30001,17,7,4.087469577789307
2,7200,37,30001,17,8,3.8966565132141113
2,7200,37,30001,17,9,7.5987043380737305
2,7200,37,30001,17,10,1.7899603843688965
2,7200,37,30001,17,11,2.8253934383392334
2,7200,37,30001,17,12,6.454431533813477
2,7200,37,30001,17,13,0.05999999865889549
2,7200,37,30001,17,14,4.7357635498046875
2,7200,37,30001,17,15,0.19718950986862183
2,7200,37,30001,17,16,5.717645168304443
2,7200,37,30001,17,17,0.16836541891098022
2,7200,37,30001,17,18,22.60089111328125
2,7200,37,30001,17,19,25.82906723022461
2,7200,37,30001,17,20,1.7369072437286377
2,7200,37,30001,17,21,2.9319894313812256
2,7200,37,30001,17,22,2.279921770095825
2,7200,37,30001,17,23,3.4461867809295654
2,7200,37,30001,17,24,5.090856075286865
2,7200,37,30001,17,25,2.5018162727355957
2,7200,37,30001,17,26,8.968440055847168
2,7200,37,30001,17,27,2.109605550765991
2,7200,37,30001,17,28,0.41577279567718506
2,7200,37,30001,17,29,4.084713459014893
2,7200,38,30001,18,0,0.14240501821041107
2,7200,38,30001,18,1,6.992832660675049
2,7200,38,30001,18,2,1.8070560693740845
2,7200,38,30001,18,3,48.10587692260742
2,7200,38,30001,18,4,6.356464385986328
2,7200,38,30001,18,5,9.095632553100586
2,7200,38,30001,18,6,37.35325241088867
2,7200,38,30001,18,7,6.008983612060547
2,7200,38,30001,18,8,0.09886767715215683
2,7200,38,30001,18,9,51.41337966918945
2,7200,38,30001,18,10,5.858612060546875
2,7200,38,30001,18,11,0.9666268825531006
2,7200,38,30001,18,12,11.926801681518555
2,7200,38,30001,18,13,36.31903076171875
2,7200,38,30001,18,14,6.0077595710754395
2,7200,38,30001,18,15,0.4556402266025543
2,7200,38,30001,18,16,14.684181213378906
2,7200,38,30001,18,17,8.448737144470215
2,7200,38,30001,18,18,0.25737202167510986
2,7200,38,30001,18,19,2.2547271251678467
2,7200,38,30001,18,20,11.276041984558105
2,7200,38,30001,18,21,21.70835304260254
2,7200,38,30001,18,22,0.9861744046211243
2,7200,38,30001,18,23,5.053102493286133
2,7200,38,30001,18,24,45.69075393676758
2,7200,38,30001,18,25,3.5199062824249268
2,7200,38,30001,18,26,12.820456504821777
2,7200,38,30001,18,27,1.4226588010787964
2,7200,38,30001,18,28,5.014970302581787
2,7200,38,30001,18,29,51.5776481628418
2,7200,39,30001,19,0,0.98984295129776
2,7200,39,30001,19,1,0.20724840462207794
2,7200,39,30001,19,2,8.166008949279785
2,7200,39,30001,19,3,8.329610824584961
2,7200,39,30001,19,4,6.997326374053955
2,7200,39,30001,19,5,5.383602142333984
2,7200,39,30001,19,6,2.51159930229187
2,7200,39,30001,19,7,1.0356875658035278
2,7200,39,30001,19,8,8.587383270263672
2,7200,39,30001,19,9,8.201414108276367
2,7200,39,30001,19,10,1.0940752029418945
2,7200,39,30001,19,11,7.039970874786377
2,7200,39,30001,19,12,10.533415794372559
2,7200,39,30001,19,13,3.635397434234619
2,7200,39,30001,19,14,2.252584218978882
2,7200,39,30001,19,15,11.700947761535645
2,7200,39,30001,19,16,5.252871990203857
2,7200,39,30001,19,17,6.845850944519043
2,7200,39,30001,19,18,0.13191497325897217
2,7200,39,30001,19,19,9.151653289794922
2,7200,39,30001,19,20,7.812873840332031
2,7200,39,30001,19,21,17.615480422973633
2,7200,39,30001,19,22,0.2930530309677124
2,7200,39,30001,19,23,1.2504849433898926
2,7200,39,30001,19,24,0.5880993604660034
2,7200,39,30001,19,25,1.536065936088562
2,7200,39,30001,19,26,1.4257580041885376
2,7200,39,30001,19,27,12.659587860107422
2,7200,39,30001,19,28,11.790823936462402
2,7200,39,30001,19,29,0.07925961166620255
3,10800,20,30001,0,0,1.4154926538467407
3,10800,20,30001,0,1,0.6954106092453003
3,10800,20,30001,0,2,0.09101372212171555
3,10800,20,30001,0,3,0.1480695754289627
3,10800,20,30001,0,4,0.3263646066188812
3,10800,20,30001,0,5,0.293260782957077
3,10800,20,30001,0,6,0.21239012479782104
3,10800,20,30001,0,7,0.22738292813301086
3,10800,20,30001,0,8,1.1652753353118896
3,10800,20,30001,0,9,0.244068905711174
3,10800,20,30001,0,10,3.0667028427124023
3,10800,20,30001,0,11,0.6030434966087341
3,10800,20,30001,0,12,0.32654234766960144
3,10800,20,30001,0,13,0.467533677816391
3,10800,20,30001,0,14,0.27021732926368713
3,10800,20,30001,0,15,0.7955499887466431
3,10800,20,30001,0,16,0.6686068177223206
3,10800,20,30001,0,17,2.2713820934295654
3,10800,20,30001,0,18,2.6972079277038574
3,10800,20,30001,0,19,0.07626787573099136
3,10800,20,30001,0,20,5.356586456298828
3,10800,20,30001,0,21,0.1307697892189026
3,10800,20,30001,0,22,2.0243911743164062
3,10800,20,30001,0,23,0.32590609788894653
3,10800,20,30001,0,24,0.5532678365707397
3,10800,20,30001,0,25,0.37499767541885376
3,10800,20,30001,0,26,4.563674449920654
3,10800,20,30001,0,27,0.33828431367874146
3,10800,20,30001,0,28,0.2522456645965576
3,10800,20,30001,0,29,2.4554603099823
3,10800,21,30001,1,0,0.15211263298988342
3,10800,21,30001,1,1,79.86824798583984
3,10800,21,30001,1,2,0.48412007093429565
3,10800,21,30001,1,3,0.061350785195827484
3,10800,21,30001,1,4,1.875504732131958
3,10800,21,30001,1,5,0.22853198647499084
3,10800,21,30001,1,6,0.6363729238510132
3,10800,21,30001,1,7,1.4071130752563477
3,10800,21,30001,1,8,1.9537688493728638
3,10800,21,30001,1,9,25.729387283325195
3,10800,21,30001,1,10,0.576470136642456
3,10800,21,30001,1,11,4.9431376457214355
3,10800,21,30001,1,12,0.6651735901832581
3,10800,21,30001,1,13,1.714582085609436
3,10800,21,30001,1,14,1.1339945793151855
3,10800,21,30001,1,15,1.7410475015640259
3,10800,21,30001,1,16,36.824501037597656
3,10800,21,30001,1,17,0.10876186192035675
3,10800,21,30001,1,18,1.2542520761489868
3,10800,21,30001,1,19,0.22146588563919067
3,10800,21,30001,1,20,38.951324462890625
3,10800,21,30001,1,21,1.9684497117996216
3,10800,21,30001,1,22,1.3647323846817017
3,10800,21,30001,1,23,4.942540168762207
3,10800,21,30001,1,24,0.2303716093301773
3,10800,21,30001,1,25,35.204654693603516
3,10800,21,30001,1,26,0.32565274834632874
3,10800,21,30001,1,27,0.05999999865889549
3,10800,21,30001,1,28,0.18871957063674927
3,10800,21,30001,1,29,6.342489242553711
3,10800,22,30001,2,0,0.44867026805877686
3,10800,22,30001,2,1,0.18488983809947968
3,10800,22,30001,2,2,0.42699718475341797
3,10800,22,30001,2,3,0.7061130404472351
3,10800,22,30001,2,4,2.615591287612915
3,10800,22,30001,2,5,0.2275770902633667
3,10800,22,30001,2,6,1.973273515701294
3,10800,22,30001,2,7,0.05999999865889549
3,10800,22,30001,2,8,0.2970803380012512
3,10800,22,30001,2,9,0.3785591721534729
3,10800,22,30001,2,10,0.28204697370529175
3,10800,22,30001,2,11,1.2038302421569824
3,10800,22,30001,2,12,4.194613456726074
3,10800,22,30001,2,13,0.10049860179424286
3,10800,22,30001,2,14,1.9205231666564941
3,10800,22,30001,2,15,0.4717627763748169
3,10800,22,30001,2,16,0.3032052218914032
3,10800,22,30001,2,17,1.506130576133728
3,10800,22,30001,2,18,1.3155781030654907
3,10800,22,30001,2,19,3.4829423427581787
3,10800,22,30001,2,20,3.0739283561706543
3,10800,22,30001,2,21,0.2722272276878357
3,10800,22,30001,2,22,0.2482977956533432
3,10800,22,30001,2,23,0.932465672492981
3,10800,22,30001,2,24,0.5994407534599304
3,10800,22,30001,2,25,1.6155202388763428
3,10800,22,30001,2,26,0.28912824392318726
3,10800,22,30001,2,27,1.856117606163025
3,10800,22,30001,2,28,1.8759351968765259
3,10800,22,30001,2,29,0.13129675388336182
3,10800,23,30001,3,0,0.41148641705513
3,10800,23,30001,3,1,0.24066917598247528
3,10800,23,30001,3,2,0.95249342918396
3,10800,23,30001,3,3,2.3979620933532715
3,10800,23,30001,3,4,1.205176591873169
3,10800,23,30001,3,5,1.4045718908309937
3,10800,23,30001,3,6,0.551824152469635
3,10800,23,30001,3,7,0.2739902436733246
3,10800,23,30001,3,8,1.0361366271972656
3,10800,23,30001,3,9,0.1316705197095871
3,10800,23,30001,3,10,0.2206713855266571
3,10800,23,30001,3,11,2.038383960723877
3,10800,23,30001,3,12,0.5984690189361572
3,10800,23,30001,3,13,1.238608479499817
3,10800,23,30001,3,14,1.6112934350967407
3,10800,23,30001,3,15,1.5167309045791626
3,10800,23,30001,3,16,0.20276755094528198
3,10800,23,30001,3,17,0.13266634941101074
3,10800,23,30001,3,18,0.23188956081867218
3,10800,23,30001,3,19,0.742958664894104
3,10800,23,30001,3,20,0.7035707235336304
3,10800,23,30001,3,21,1.0646193027496338
3,10800,23,30001,3,22,1.4832959175109863
3,10800,23,30001,3,23,0.06897661089897156
3,10800,23,30001,3,24,0.719001293182373
3,10800,23,30001,3,25,0.5279490351676941
3,10800,23,30001,3,26,2.3914272785186768
3,10800,23,30001,3,27,0.18703511357307434
3,10800,23,30001,3,28,1.4830329418182373
3,10800,23,30001,3,29,0.7389445304870605
3,10800,24,30001,4,0,2.9418842792510986
3,10800,24,30001,4,1,29.05811309814453
3,10800,24,30001,4,2,1.3396356105804443
3,10800,24,30001,4,3,0.740139901638031
3,10800,24,30001,4,4,2.3763091564178467
3,10800,24,30001,4,5,0.6538049578666687
3,10800,24,30001,4,6,0.2681955397129059
3,10800,24,30001,4,7,2.4604451656341553
3,10800,24,30001,4,8,1.6912025213241577
3,10800,24,30001,4,9,0.7407811284065247
3,10800,24,30001,4,10,0.5182856321334839
3,10800,24,30001,4,11,0.816564679145813
3,10800,24,30001,4,12,0.5185046792030334
3,10800,24,30001,4,13,0.2315174639225006
3,10800,24,30001,4,14,0.24465709924697876
3,10800,24,30001,4,15,0.5151286125183105
3,10800,24,30001,4,16,0.29935961961746216
3,10800,24,30001,4,17,0.4018624424934387
3,10800,24,30001,4,18,2.5290780067443848
3,10800,24,30001,4,19,0.5254690647125244
3,10800,24,30001,4,20,1.0221518278121948
3,10800,24,30001,4,21,3.0676732063293457
3,10800,24,30001,4,22,0.7188063859939575
3,10800,24,30001,4,23,0.07832519710063934
3,10800,24,30001,4,24,1.2976467609405518
3,10800,24,30001,4,25,0.18303540349006653
3,10800,24,30001,4,26,2.7919116020202637
3,10800,24,30001,4,27,0.6042465567588806
3,10800,24,30001,4,28,0.892195463180542
3,10800,24,30001,4,29,0.27433711290359497
3,10800,25,30001,5,0,2.6463687419891357
3,10800,25,30001,5,1,0.27520668506622314
3,10800,25,30001,5,2,3.9787211418151855
3,10800,25,30001,5,3,1.284888744354248
3,10800,25,30001,5,4,0.8338755965232849
3,10800,25,30001,5,5,0.22732552886009216
3,10800,25,30001,5,6,1.8744043111801147
3,10800,25,30001,5,7,5.573775768280029
3,10800,25,30001,5,8,0.15105096995830536
3,10800,25,30001,5,9,12.189139366149902
3,10800,25,30001,5,10,5.277730941772461
3,10800,25,30001,5,11,0.097327820956707
3,10800,25,30001,5,12,0.6270828247070312
3,10800,25,30001,5,13,0.6495754718780518
3,10800,25,30001,5,14,0.2629276216030121
3,10800,25,30001,5,15,1.912062644958496
3,10800,25,30001,5,16,3.566532850265503
3,10800,25,30001,5,17,1.8405083417892456
3,10800,25,30001,5,18,1.7611719369888306
3,10800,25,30001,5,19,1.2022242546081543
3,10800,25,30001,5,20,0.21539543569087982
3,10800,25,30001,5,21,0.6058156490325928
3,10800,25,30001,5,22,0.2538829445838928
3,10800,25,30001,5,23,4.406193256378174
3,10800,25,30001,5,24,0.21101708710193634
3,10800,25,30001,5,25,1.6811285018920898
3,10800,25,30001,5,26,1.6529046297073364
3,10800,25,30001,5,27,2.38869309425354
3,10800,25,30001,5,28,1.710940957069397
3,10800,25,30001,5,29,0.06084173917770386
3,10800,26,30001,6,0,0.7664026021957397
3,10800,26,30001,6,1,1.7935492992401123
3,10800,26,30001,6,2,0.09502672404050827
3,10800,26,30001,6,3,2.6586010456085205
3,10800,26,30001,6,4,0.23793311417102814
3,10800,26,30001,6,5,0.6165457963943481
3,10800,26,30001,6,6,1.0336862802505493
3,10800,26,30001,6,7,0.6015434861183167
3,10800,26,30001,6,8,1.0430833101272583
3,10800,26,30001,6,9,3.212261199951172
3,10800,26,30001,6,10,0.14383858442306519
3,10800,26,30001,6,11,0.33194687962532043
3,10800,26,30001,6,12,0.8316222429275513
3,10800,26,30001,6,13,0.7258700132369995
3,10800,26,30001,6,14,1.7938013076782227
3,10800,26,30001,6,15,4.01417875289917
3,10800,26,30001,6,16,1.3267242908477783
3,10800,26,30001,6,17,1.5843229293823242
3,10800,26,30001,6,18,1.717048168182373
3,10800,26,30001,6,19,1.4853706359863281
3,10800,26,30001,6,20,0.3485074043273926
3,10800,26,30001,6,21,0.1507405936717987
3,10800,26,30001,6,22,1.504462718963623
3,10800,26,30001,6,23,0.23531708121299744
3,10800,26,30001,6,24,2.398479461669922
3,10800,26,30001,6,25,0.35938891768455505
3,10800,26,30001,6,26,0.5304402112960815
3,10800,26,30001,6,27,0.49039244651794434
3,10800,26,30001,6,28,1.5020500421524048
3,10800,26,30001,6,29,0.5068070888519287
3,10800,27,30001,7,0,4.39338493347168
3,10800,27,30001,7,1,0.6707760095596313
3,10800,27,30001,7,2,3.1092965602874756
3,10800,27,30001,7,3,1.0142446756362915
3,10800,27,30001,7,4,0.6387499570846558
3,10800,27,30001,7,5,6.240565299987793
3,10800,27,30001,7,6,0.40712159872055054
3,10800,27,30001,7,7,0.9210443496704102
3,10800,27,30001,7,8,3.85296368598938
3,10800,27,30001,7,9,0.1690971702337265
3,10800,27,30001,7,10,0.23654276132583618
3,10800,27,30001,7,11,100.68254852294922
3,10800,27,30001,7,12,0.8702142834663391
3,10800,27,30001,7,13,0.4522225856781006
3,10800,27,30001,7,14,5.303487777709961
3,10800,27,30001,7,15,0.32709836959838867
3,10800,27,30001,7,16,1.5421124696731567
3,10800,27,30001,7,17,1.1229113340377808
3,10800,27,30001,7,18,0.09764479100704193
3,10800,27,30001,7,19,0.8012291789054871
3,10800,27,30001,7,20,4.096193313598633
3,10800,27,30001,7,21,1.1066279411315918
3,10800,27,30001,7,22,0.6229187846183777
3,10800,27,30001,7,23,0.1333797127008438
3,10800,27,30001,7,24,1.6900440454483032
3,10800,27,30001,7,25,0.2560175955295563
3,10800,27,30001,7,26,1.2974095344543457
3,10800,27,30001,7,27,0.7421867847442627
3,10800,27,30001,7,28,4.466798305511475
3,10800,27,30001,7,29,0.36251163482666016
3,10800,28,30001,8,0,0.13750147819519043
3,10800,28,30001,8,1,1.8624601364135742
3,10800,28,30001,8,2,0.26557573676109314
3,10800,28,30001,8,3,1.0720562934875488
3,10800,28,30001,8,4,0.18400877714157104
3,10800,28,30001,8,5,2.3765861988067627
3,10800,28,30001,8,6,0.4709407687187195
3,10800,28,30001,8,7,0.9626712799072266
3,10800,28,30001,8,8,1.6668338775634766
3,10800,28,30001,8,9,0.07074791193008423
3,10800,28,30001,8,10,0.8082413077354431
3,10800,28,30001,8,11,4.553173065185547
3,10800,28,30001,8,12,1.7703208923339844
3,10800,28,30001,8,13,0.2029486447572708
3,10800,28,30001,8,14,0.17970415949821472
3,10800,28,30001,8,15,0.2044404149055481
3,10800,28,30001,8,16,0.10466492176055908
3,10800,28,30001,8,17,0.22694988548755646
3,10800,28,30001,8,18,0.3012995421886444
3,10800,28,30001,8,19,0.30842846632003784
3,10800,28,30001,8,20,2.3937621116638184
3,10800,28,30001,8,21,0.35051873326301575
3,10800,28,30001,8,22,0.20308783650398254
3,10800,28,30001,8,23,1.3686928749084473
3,10800,28,30001,8,24,2.322293281555176
3,10800,28,30001,8,25,3.787726402282715
3,10800,28,30001,8,26,0.5426307320594788
3,10800,28,30001,8,27,0.22462859749794006
3,10800,28,30001,8,28,4.7536540031433105
3,10800,28,30001,8,29,0.30885612964630127
3,10800,29,30001,9,0,0.4193973243236542
3,10800,29,30001,9,1,0.23947308957576752
3,10800,29,30001,9,2,3.066516160964966
3,10800,29,30001,9,3,1.534096121788025
3,10800,29,30001,9,4,1.2639391422271729
3,10800,29,30001,9,5,0.16033655405044556
3,10800,29,30001,9,6,1.2051059007644653
3,10800,29,30001,9,7,1.4095475673675537
3,10800,29,30001,9,8,1.4270507097244263
3,10800,29,30001,9,9,0.9748522043228149
3,10800,29,30001,9,10,0.20465774834156036
3,10800,29,30001,9,11,0.4496970772743225
3,10800,29,30001,9,12,3.453331232070923
3,10800,29,30001,9,13,1.151100993156433
3,10800,29,30001,9,14,0.1747138500213623
3,10800,29,30001,9,15,0.05999999865889549
3,10800,29,30001,9,16,1.7230966091156006
3,10800,29,30001,9,17,1.1222331523895264
3,10800,29,30001,9,18,0.4364670515060425
3,10800,29,30001,9,19,99.9173583984375
3,10800,29,30001,9,20,0.9571355581283569
3,10800,29,30001,9,21,0.6518791913986206
3,10800,29,30001,9,22,0.778120219707489
3,10800,29,30001,9,23,0.16694152355194092
3,10800,29,30001,9,24,0.2577551305294037
3,10800,29,30001,9,25,7.41868782043457
3,10800,29,30001,9,26,1.9442812204360962
3,10800,29,30001,9,27,6.874480724334717
3,10800,29,30001,9,28,2.3775882720947266
3,10800,29,30001,9,29,11.638639450073242
3,10800,30,30001,10,0,2.5178468227386475
3,10800,30,30001,10,1,10.397834777832031
3,10800,30,30001,10,2,0.9307286143302917
3,10800,30,30001,10,3,0.9587931632995605
3,10800,30,30001,10,4,0.576375424861908
3,10800,30,30001,10,5,0.30368438363075256
3,10800,30,30001,10,6,0.20046721398830414
3,10800,30,30001,10,7,3.307753801345825
3,10800,30,30001,10,8,0.09178803861141205
3,10800,30,30001,10,9,0.6802058219909668
3,10800,30,30001,10,10,2.054752826690674
3,10800,30,30001,10,11,2.7111921310424805
3,10800,30,30001,10,12,1.9422173500061035
3,10800,30,30001,10,13,0.3242371082305908
3,10800,30,30001,10,14,12.442752838134766
3,10800,30,30001,10,15,0.21956714987754822
3,10800,30,30001,10,16,1.2165669202804565
3,10800,30,30001,10,17,0.6268817186355591
3,10800,30,30001,10,18,0.579249382019043
3,10800,30,30001,10,19,0.8590919375419617
3,10800,30,30001,10,20,1.3708733320236206
3,10800,30,30001,10,21,13.746012687683105
3,10800,30,30001,10,22,0.5525251030921936
3,10800,30,30001,10,23,0.7025978565216064
3,10800,30,30001,10,24,1.6456596851348877
3,10800,30,30001,10,25,0.06780801713466644
3,10800,30,30001,10,26,0.7604527473449707
3,10800,30,30001,10,27,0.8372370004653931
3,10800,30,30001,10,28,0.2496924102306366
3,10800,30,30001,10,29,1.3587218523025513
3,10800,31,30001,11,0,0.2127121388912201
3,10800,31,30001,11,1,0.24903202056884766
3,10800,31,30001,11,2,0.4309280216693878
3,10800,31,30001,11,3,0.6314720511436462
3,10800,31,30001,11,4,0.3390865921974182
3,10800,31,30001,11,5,0.08216272294521332
3,10800,31,30001,11,6,0.46989905834198
3,10800,31,30001,11,7,0.06979333609342575
3,10800,31,30001,11,8,0.2257544994354248
3,10800,31,30001,11,9,4.901634216308594
3,10800,31,30001,11,10,0.3041963279247284
3,10800,31,30001,11,11,7.904142379760742
3,10800,31,30001,11,12,0.5351958870887756
3,10800,31,30001,11,13,0.5121210217475891
3,10800,31,30001,11,14,1.6946611404418945
3,10800,31,30001,11,15,0.1960698664188385
3,10800,31,30001,11,16,0.7684161067008972
3,10800,31,30001,11,17,9.938250541687012
3,10800,31,30001,11,18,6.659065246582031
3,10800,31,30001,11,19,0.4282715320587158
3,10800,31,30001,11,20,1.614195704460144
3,10800,31,30001,11,21,0.6824206113815308
3,10800,31,30001,11,22,1.0759344100952148
3,10800,31,30001,11,23,0.6339031457901001
3,10800,31,30001,11,24,7.131421089172363
3,10800,31,30001,11,25,1.7384393215179443
3,10800,31,30001,11,26,0.5831595063209534
3,10800,31,30001,11,27,0.28971630334854126
3,10800,31,30001,11,28,0.782726526260376
3,10800,31,30001,11,29,0.6792391538619995
3,10800,32,30001,12,0,0.7348909378051758
3,10800,32,30001,12,1,0.3118637800216675
3,10800,32,30001,12,2,3.9011027812957764
3,10800,32,30001,12,3,0.859291672706604
3,10800,32,30001,12,4,2.0073726177215576
3,10800,32,30001,12,5,0.07729224115610123
3,10800,32,30001,12,6,0.2291845828294754
3,10800,32,30001,12,7,1.8038263320922852
3,10800,32,30001,12,8,1.0707707405090332
3,10800,32,30001,12,9,0.41603395342826843
3,10800,32,30001,12,10,3.6792759895324707
3,10800,32,30001,12,11,0.5472335815429688
3,10800,32,30001,12,12,0.1559467762708664
3,10800,32,30001,12,13,0.7182023525238037
3,10800,32,30001,12,14,0.29550617933273315
3,10800,32,30001,12,15,0.17531314492225647
3,10800,32,30001,12,16,0.4528694152832031
3,10800,32,30001,12,17,0.8010653853416443
3,10800,32,30001,12,18,3.6136090755462646
3,10800,32,30001,12,19,0.3473450839519501
3,10800,32,30001,12,20,0.10950310528278351
3,10800,32,30001,12,21,1.189311146736145
3,10800,32,30001,12,22,0.5895143747329712
3,10800,32,30001,12,23,1.083717942237854
3,10800,32,30001,12,24,1.2612720727920532
3,10800,32,30001,12,25,1.463087797164917
3,10800,32,30001,12,26,2.668870210647583
3,10800,32,30001,12,27,0.6473702192306519
3,10800,32,30001,12,28,0.7216769456863403
3,10800,32,30001,12,29,0.2919960021972656
3,10800,33,30001,13,0,0.11096511781215668
3,10800,33,30001,13,1,0.2368343472480774
3,10800,33,30001,13,2,0.741132915019989
3,10800,33,30001,13,3,0.9426922798156738
3,10800,33,30001,13,4,0.16012491285800934
3,10800,33,30001,13,5,0.8367475271224976
3,10800,33,30001,13,6,0.2824438214302063
3,10800,33,30001,13,7,1.2447762489318848
3,10800,33,30001,13,8,0.34704720973968506
3,10800,33,30001,13,9,1.2710063457489014
3,10800,33,30001,13,10,0.6317338943481445
3,10800,33,30001,13,11,1.4519466161727905
3,10800,33,30001,13,12,0.26994797587394714
3,10800,33,30001,13,13,0.45946818590164185
3,10800,33,30001,13,14,0.2207469791173935
3,10800,33,30001,13,15,1.4867773056030273
3,10800,33,30001,13,16,0.7541490197181702
3,10800,33,30001,13,17,0.7833461761474609
3,10800,33,30001,13,18,1.1344412565231323
3,10800,33,30001,13,19,0.9926661252975464
3,10800,33,30001,13,20,0.8993828892707825
3,10800,33,30001,13,21,0.5679808855056763
3,10800,33,30001,13,22,0.5238046050071716
3,10800,33,30001,13,23,0.7527296543121338
3,10800,33,30001,13,24,13.99240493774414
3,10800,33,30001,13,25,0.06938581168651581
3,10800,33,30001,13,26,0.43741852045059204
3,10800,33,30001,13,27,0.2885800004005432
3,10800,33,30001,13,28,0.23890742659568787
3,10800,33,30001,13,29,0.8074605464935303
3,10800,34,30001,14,0,1.4830331802368164
3,10800,34,30001,14,1,1.8742218017578125
3,10800,34,30001,14,2,0.8744812607765198
3,10800,34,30001,14,3,0.5566515922546387
3,10800,34,30001,14,4,0.20751899480819702
3,10800,34,30001,14,5,2.9410579204559326
3,10800,34,30001,14,6,0.1354704201221466
3,10800,34,30001,14,7,0.2273588925600052
3,10800,34,30001,14,8,0.5941686034202576
3,10800,34,30001,14,9,0.2955084443092346
3,10800,34,30001,14,10,0.4386674165725708
3,10800,34,30001,14,11,1.1755926609039307
3,10800,34,30001,14,12,0.3468312919139862
3,10800,34,30001,14,13,3.0688087940216064
3,10800,34,30001,14,14,11.885064125061035
3,10800,34,30001,14,15,1.3051306009292603
3,10800,34,30001,14,16,103.68409729003906
3,10800,34,30001,14,17,1.4710416793823242
3,10800,34,30001,14,18,0.7165668606758118
3,10800,34,30001,14,19,0.4254693388938904
3,10800,34,30001,14,20,0.23775999248027802
3,10800,34,30001,14,21,0.4581291079521179
3,10800,34,30001,14,22,8.691880226135254
3,10800,34,30001,14,23,0.2650322914123535
3,10800,34,30001,14,24,0.2926672101020813
3,10800,34,30001,14,25,1.469473123550415
3,10800,34,30001,14,26,2.0835115909576416
3,10800,34,30001,14,27,3.032608985900879
3,10800,34,30001,14,28,0.3572995364665985
3,10800,34,30001,14,29,0.8288792371749878
3,10800,35,30001,15,0,0.6008360385894775
3,10800,35,30001,15,1,114.68635559082031
3,10800,35,30001,15,2,2.2976393699645996
3,10800,35,30001,15,3,7.207849502563477
3,10800,35,30001,15,4,0.38639795780181885
3,10800,35,30001,15,5,0.5990389585494995
3,10800,35,30001,15,6,0.7390238642692566
3,10800,35,30001,15,7,1.0538334846496582
3,10800,35,30001,15,8,0.21627381443977356
3,10800,35,30001,15,9,0.1923026293516159
3,10800,35,30001,15,10,0.2542570233345032
3,10800,35,30001,15,11,109.96516418457031
3,10800,35,30001,15,12,0.20384736359119415
3,10800,35,30001,15,13,0.08476890623569489
3,10800,35,30001,15,14,0.19502899050712585
3,10800,35,30001,15,15,0.6250377893447876
3,10800,35,30001,15,16,14.04974365234375
3,10800,35,30001,15,17,0.8330475091934204
3,10800,35,30001,15,18,101.71051025390625
3,10800,35,30001,15,19,5.512966156005859
3,10800,35,30001,15,20,5.369725227355957
3,10800,35,30001,15,21,1.1669496297836304
3,10800,35,30001,15,22,2.232043981552124
3,10800,35,30001,15,23,0.7157369256019592
3,10800,35,30001,15,24,0.7893152236938477
3,10800,35,30001,15,25,0.6384698152542114
3,10800,35,30001,15,26,0.3669382333755493
3,10800,35,30001,15,27,2.033163547515869
3,10800,35,30001,15,28,0.2383338361978531
3,10800,35,30001,15,29,13.74550724029541
3,10800,36,30001,16,0,102.42813110351562
3,10800,36,30001,16,1,45.435359954833984
3,10800,36,30001,16,2,5.585205554962158
3,10800,36,30001,16,3,1.1290181875228882
3,10800,36,30001,16,4,73.01513671875
3,10800,36,30001,16,5,54.667266845703125
3,10800,36,30001,16,6,0.8716521263122559
3,10800,36,30001,16,7,0.06441832333803177
3,10800,36,30001,16,8,0.2424711138010025
3,10800,36,30001,16,9,1.543243169784546
3,10800,36,30001,16,10,0.2495722770690918
3,10800,36,30001,16,11,23.259164810180664
3,10800,36,30001,16,12,0.5491697192192078
3,10800,36,30001,16,13,2.6647229194641113
3,10800,36,30001,16,14,0.36053749918937683
3,10800,36,30001,16,15,1.9450414180755615
3,10800,36,30001,16,16,2.8076958656311035
3,10800,36,30001,16,17,0.46668627858161926
3,10800,36,30001,16,18,0.27597516775131226
3,10800,36,30001,16,19,0.6230297088623047
3,10800,36,30001,16,20,0.254205584526062
3,10800,36,30001,16,21,2.6474926471710205
3,10800,36,30001,16,22,0.05999999865889549
3,10800,36,30001,16,23,0.24693767726421356
3,10800,36,30001,16,24,0.22223234176635742
3,10800,36,30001,16,25,0.36375510692596436
3,10800,36,30001,16,26,53.23912811279297
3,10800,36,30001,16,27,0.2560942471027374
3,10800,36,30001,16,28,3.9680802822113037
3,10800,36,30001,16,29,0.21230769157409668
3,10800,37,30001,17,0,0.12392659485340118
3,10800,37,30001,17,1,2.3305680751800537
3,10800,37,30001,17,2,0.31273072957992554
3,10800,37,30001,17,3,2.1484627723693848
3,10800,37,30001,17,4,1.7091466188430786
3,10800,37,30001,17,5,0.2811817526817322
3,10800,37,30001,17,6,1.5094854831695557
3,10800,37,30001,17,7,0.09012095630168915
3,10800,37,30001,17,8,0.06407228112220764
3,10800,37,30001,17,9,0.9305757880210876
3,10800,37,30001,17,10,1.3950915336608887
3,10800,37,30001,17,11,0.24230723083019257
3,10800,37,30001,17,12,0.2471856325864792
3,10800,37,30001,17,13,0.555324375629425
3,10800,37,30001,17,14,0.6335828304290771
3,10800,37,30001,17,15,0.8754778504371643
3,10800,37,30001,17,16,0.14928856492042542
3,10800,37,30001,17,17,0.7150561213493347
3,10800,37,30001,17,18,1.849809169769287
3,10800,37,30001,17,19,0.48782503604888916
3,10800,37,30001,17,20,1.964646577835083
3,10800,37,30001,17,21,0.17698726058006287
3,10800,37,30001,17,22,2.270808458328247
3,10800,37,30001,17,23,0.24523070454597473
3,10800,37,30001,17,24,0.7939221262931824
3,10800,37,30001,17,25,2.6266579627990723
3,10800,37,30001,17,26,0.6251247525215149
3,10800,37,30001,17,27,4.6401848793029785
3,10800,37,30001,17,28,0.7482764720916748
3,10800,37,30001,17,29,0.13780522346496582
3,10800,38,30001,18,0,0.5582131743431091
3,10800,38,30001,18,1,0.36081045866012573
3,10800,38,30001,18,2,1.95320463180542
3,10800,38,30001,18,3,102.74758911132812
3,10800,38,30001,18,4,0.8580259084701538
3,10800,38,30001,18,5,5.6963911056518555
3,10800,38,30001,18,6,2.1499695777893066
3,10800,38,30001,18,7,0.2951064705848694
3,10800,38,30001,18,8,0.24109697341918945
3,10800,38,30001,18,9,7.627283573150635
3,10800,38,30001,18,10,0.790181040763855
3,10800,38,30001,18,11,1.112756609916687
3,10800,38,30001,18,12,0.9172103404998779
3,10800,38,30001,18,13,99.74948120117188
3,10800,38,30001,18,14,1.0297276973724365
3,10800,38,30001,18,15,0.05999999865889549
3,10800,38,30001,18,16,29.971975326538086
3,10800,38,30001,18,17,0.5701977014541626
3,10800,38,30001,18,18,2.6849048137664795
3,10800,38,30001,18,19,0.19429810345172882
3,10800,38,30001,18,20,0.342252254486084
3,10800,38,30001,18,21,0.4997488260269165
3,10800,38,30001,18,22,0.08064904063940048
3,10800,38,30001,18,23,0.9270119667053223
3,10800,38,30001,18,24,103.18865203857422
3,10800,38,30001,18,25,0.2853766083717346
3,10800,38,30001,18,26,1.2419639825820923
3,10800,38,30001,18,27,0.08564132452011108
3,10800,38,30001,18,28,0.47295236587524414
3,10800,38,30001,18,29,4.669144630432129
3,10800,39,30001,19,0,1.5962618589401245
3,10800,39,30001,19,1,0.7552042603492737
3,10800,39,30001,19,2,1.0018947124481201
3,10800,39,30001,19,3,11.727884292602539
3,10800,39,30001,19,4,3.785910129547119
3,10800,39,30001,19,5,1.8337424993515015
3,10800,39,30001,19,6,0.49228543043136597
3,10800,39,30001,19,7,0.1764487326145172
3,10800,39,30001,19,8,4.478240013122559
3,10800,39,30001,19,9,0.6589053273200989
3,10800,39,30001,19,10,3.947421073913574
3,10800,39,30001,19,11,2.733675956726074
3,10800,39,30001,19,12,0.837282657623291
3,10800,39,30001,19,13,0.297149121761322
3,10800,39,30001,19,14,0.46858006715774536
3,10800,39,30001,19,15,1.148393988609314
3,10800,39,30001,19,16,0.17188423871994019
3,10800,39,30001,19,17,0.1136021837592125
3,10800,39,30001,19,18,0.2474352866411209
3,10800,39,30001,19,19,1.0592625141143799
3,10800,39,30001,19,20,0.7685163617134094
3,10800,39,30001,19,21,0.5483118891716003
3,10800,39,30001,19,22,0.8027167320251465
3,10800,39,30001,19,23,25.097511291503906
3,10800,39,30001,19,24,0.05999999865889549
3,10800,39,30001,19,25,1.9978697299957275
3,10800,39,30001,19,26,4.61074161529541
3,10800,39,30001,19,27,0.5389070510864258
3,10800,39,30001,19,28,0.45970338582992554
3,10800,39,30001,19,29,0.7029222846031189
4,14400,20,30001,0,0,0.998458743095398
4,14400,20,30001,0,1,0.21671095490455627
4,14400,20,30001,0,2,0.9704573154449463
4,14400,20,30001,0,3,0.06800974905490875
4,14400,20,30001,0,4,0.21019166707992554
4,14400,20,30001,0,5,0.05999999865889549
4,14400,20,30001,0,6,0.2567737400531769
4,14400,20,30001,0,7,0.21003490686416626
4,14400,20,30001,0,8,0.5596058368682861
4,14400,20,30001,0,9,0.27615591883659363
4,14400,20,30001,0,10,0.6876720786094666
4,14400,20,30001,0,11,0.13303518295288086
4,14400,20,30001,0,12,0.13297615945339203
4,14400,20,30001,0,13,0.08672669529914856
4,14400,20,30001,0,14,0.18400315940380096
4,14400,20,30001,0,15,0.48138776421546936
4,14400,20,30001,0,16,0.2058032602071762
4,14400,20,30001,0,17,2.04122257232666
4,14400,20,30001,0,18,2.1377930641174316
4,14400,20,30001,0,19,0.22665990889072418
4,14400,20,30001,0,20,0.7854195833206177
4,14400,20,30001,0,21,0.2509058713912964
4,14400,20,30001,0,22,0.6058754920959473
4,14400,20,30001,0,23,0.19532693922519684
4,14400,20,30001,0,24,0.751200258731842
4,14400,20,30001,0,25,0.4208655059337616
4,14400,20,30001,0,26,0.776171863079071
4,14400,20,30001,0,27,0.2519395351409912
4,14400,20,30001,0,28,0.1504390388727188
4,14400,20,30001,0,29,1.429065465927124
4,14400,21,30001,1,0,0.2599647641181946
4,14400,21,30001,1,1,1.3496264219284058
4,14400,21,30001,1,2,0.32297182083129883
4,14400,21,30001,1,3,0.28989481925964355
4,14400,21,30001,1,4,0.3023812174797058
4,14400,21,30001,1,5,0.20405301451683044
4,14400,21,30001,1,6,0.4701925218105316
4,14400,21,30001,1,7,0.46514958143234253
4,14400,21,30001,1,8,0.22893868386745453
4,14400,21,30001,1,9,25.637319564819336
4,14400,21,30001,1,10,0.3905806541442871
4,14400,21,30001,1,11,0.9367190003395081
4,14400,21,30001,1,12,1.6258271932601929
4,14400,21,30001,1,13,0.320940762758255
4,14400,21,30001,1,14,0.4064653515815735
4,14400,21,30001,1,15,0.34411540627479553
4,14400,21,30001,1,16,0.22767624258995056
4,14400,21,30001,1,17,0.25963443517684937
4,14400,21,30001,1,18,0.3031081259250641
4,14400,21,30001,1,19,0.1794702261686325
4,14400,21,30001,1,20,39.11946105957031
4,14400,21,30001,1,21,5.49619197845459
4,14400,21,30001,1,22,0.16652420163154602
4,14400,21,30001,1,23,0.9274827837944031
4,14400,21,30001,1,24,0.20767682790756226
4,14400,21,30001,1,25,35.39826583862305
4,14400,21,30001,1,26,0.2342415452003479
4,14400,21,30001,1,27,0.08599773049354553
4,14400,21,30001,1,28,0.2875174582004547
4,14400,21,30001,1,29,0.14724573493003845
4,14400,22,30001,2,0,0.2855783700942993
4,14400,22,30001,2,1,0.2230239361524582
4,14400,22,30001,2,2,0.1733468770980835
4,14400,22,30001,2,3,0.34493157267570496
4,14400,22,30001,2,4,0.2634899616241455
4,14400,22,30001,2,5,0.4661833345890045
4,14400,22,30001,2,6,0.4041828513145447
4,14400,22,30001,2,7,0.38104039430618286
4,14400,22,30001,2,8,0.17603805661201477
4,14400,22,30001,2,9,0.2139049768447876
4,14400,22,30001,2,10,0.6891647577285767
4,14400,22,30001,2,11,0.472822904586792
4,14400,22,30001,2,12,1.0224148035049438
4,14400,22,30001,2,13,0.466148316860199
4,14400,22,30001,2,14,0.7510967254638672
4,14400,22,30001,2,15,0.412861704826355
4,14400,22,30001,2,16,0.31925851106643677
4,14400,22,30001,2,17,1.2435766458511353
4,14400,22,30001,2,18,0.24715782701969147
4,14400,22,30001,2,19,0.4289916157722473
4,14400,22,30001,2,20,1.2726949453353882
4,14400,22,30001,2,21,0.2283574640750885
4,14400,22,30001,2,22,0.8055082559585571
4,14400,22,30001,2,23,0.22540444135665894
4,14400,22,30001,2,24,0.06477883458137512
4,14400,22,30001,2,25,0.26090899109840393
4,14400,22,30001,2,26,0.11560134589672089
4,14400,22,30001,2,27,0.31659945845603943
4,14400,22,30001,2,28,0.26167377829551697
4,14400,22,30001,2,29,0.11964648962020874
4,14400,23,30001,3,0,0.16710937023162842
4,14400,23,30001,3,1,0.18524853885173798
4,14400,23,30001,3,2,0.5392073392868042
4,14400,23,30001,3,3,0.32766199111938477
4,14400,23,30001,3,4,1.0168601274490356
4,14400,23,30001,3,5,0.43937504291534424
4,14400,23,30001,3,6,0.19981303811073303
4,14400,23,30001,3,7,0.220256045460701
4,14400,23,30001,3,8,0.5667167901992798
4,14400,23,30001,3,9,0.20696324110031128
4,14400,23,30001,3,10,1.0380007028579712
4,14400,23,30001,3,11,0.40076279640197754
4,14400,23,30001,3,12,0.4632248282432556
4,14400,23,30001,3,13,0.18558676540851593
4,14400,23,30001,3,14,0.24711546301841736
4,14400,23,30001,3,15,0.29003363847732544
4,14400,23,30001,3,16,0.23973912000656128
4,14400,23,30001,3,17,0.4114415943622589
4,14400,23,30001,3,18,0.10894553363323212
4,14400,23,30001,3,19,0.4454626441001892
4,14400,23,30001,3,20,0.20549240708351135
4,14400,23,30001,3,21,0.07087582349777222
4,14400,23,30001,3,22,0.24925385415554047
4,14400,23,30001,3,23,0.6564346551895142
4,14400,23,30001,3,24,0.41122302412986755
4,14400,23,30001,3,25,0.5014369487762451
4,14400,23,30001,3,26,4.235048294067383
4,14400,23,30001,3,27,1.2352519035339355
4,14400,23,30001,3,28,0.39853426814079285
4,14400,23,30001,3,29,0.5098345279693604
4,14400,24,30001,4,0,0.20706866681575775
4,14400,24,30001,4,1,0.5931798219680786
4,14400,24,30001,4,2,0.619142472743988
4,14400,24,30001,4,3,0.9838149547576904
4,14400,24,30001,4,4,1.2553577423095703
4,14400,24,30001,4,5,0.19522736966609955
4,14400,24,30001,4,6,0.16927382349967957
4,14400,24,30001,4,7,0.7624711394309998
4,14400,24,30001,4,8,0.24604812264442444
4,14400,24,30001,4,9,0.09128715097904205
4,14400,24,30001,4,10,0.5053021907806396
4,14400,24,30001,4,11,0.7803023457527161
4,14400,24,30001,4,12,2.2822673320770264
4,14400,24,30001,4,13,0.18251080811023712
4,14400,24,30001,4,14,0.24643035233020782
4,14400,24,30001,4,15,1.12446928024292
4,14400,24,30001,4,16,0.8826786875724792
4,14400,24,30001,4,17,0.24719782173633575
4,14400,24,30001,4,18,1.5492708683013916
4,14400,24,30001,4,19,0.33285167813301086
4,14400,24,30001,4,20,0.7187982201576233
4,14400,24,30001,4,21,0.37432098388671875
4,14400,24,30001,4,22,1.3842339515686035
4,14400,24,30001,4,23,0.6417821049690247
4,14400,24,30001,4,24,1.183065414428711
4,14400,24,30001,4,25,0.5990773439407349
4,14400,24,30001,4,26,0.46251380443573
4,14400,24,30001,4,27,0.9944291710853577
4,14400,24,30001,4,28,2.2290921211242676
4,14400,24,30001,4,29,0.05999999865889549
4,14400,25,30001,5,0,1.0609813928604126
4,14400,25,30001,5,1,0.630621075630188
4,14400,25,30001,5,2,0.4212244153022766
4,14400,25,30001,5,3,0.5078785419464111
4,14400,25,30001,5,4,0.2647542357444763
4,14400,25,30001,5,5,0.29953083395957947
4,14400,25,30001,5,6,0.3273603916168213
4,14400,25,30001,5,7,0.05999999865889549
4,14400,25,30001,5,8,0.3073943257331848
4,14400,25,30001,5,9,0.8430095911026001
4,14400,25,30001,5,10,0.17889603972434998
4,14400,25,30001,5,11,0.3195112645626068
4,14400,25,30001,5,12,0.31525254249572754
4,14400,25,30001,5,13,0.37761741876602173
4,14400,25,30001,5,14,0.20015037059783936
4,14400,25,30001,5,15,0.6176800727844238
4,14400,25,30001,5,16,0.5176051259040833
4,14400,25,30001,5,17,0.665930986404419
4,14400,25,30001,5,18,0.46528780460357666
4,14400,25,30001,5,19,0.3787651062011719
4,14400,25,30001,5,20,0.16006168723106384
4,14400,25,30001,5,21,0.18727810680866241
4,14400,25,30001,5,22,0.21827194094657898
4,14400,25,30001,5,23,0.11437387019395828
4,14400,25,30001,5,24,0.17688968777656555
4,14400,25,30001,5,25,0.6945884227752686
4,14400,25,30001,5,26,0.33926114439964294
4,14400,25,30001,5,27,0.507224440574646
4,14400,25,30001,5,28,0.5478054881095886
4,14400,25,30001,5,29,0.304372638463974
4,14400,26,30001,6,0,0.2118576169013977
4,14400,26,30001,6,1,2.828920364379883
4,14400,26,30001,6,2,0.9038819670677185
4,14400,26,30001,6,3,0.22742226719856262
4,14400,26,30001,6,4,0.1861087828874588
4,14400,26,30001,6,5,0.4003421664237976
4,14400,26,30001,6,6,0.13770096004009247
4,14400,26,30001,6,7,0.6089728474617004
4,14400,26,30001,6,8,0.6742560863494873
4,14400,26,30001,6,9,26.640138626098633
4,14400,26,30001,6,10,0.9666208028793335
4,14400,26,30001,6,11,0.15712301433086395
4,14400,26,30001,6,12,0.5218521356582642
4,14400,26,30001,6,13,0.5098171830177307
4,14400,26,30001,6,14,0.37150904536247253
4,14400,26,30001,6,15,0.6634697318077087
4,14400,26,30001,6,16,0.28316089510917664
4,14400,26,30001,6,17,0.6673908233642578
4,14400,26,30001,6,18,4.071508884429932
4,14400,26,30001,6,19,0.43564334511756897
4,14400,26,30001,6,20,0.384941428899765
4,14400,26,30001,6,21,1.9319310188293457
4,14400,26,30001,6,22,0.5784364938735962
4,14400,26,30001,6,23,0.1948067843914032
4,14400,26,30001,6,24,0.45769202709198
4,14400,26,30001,6,25,0.09058092534542084
4,14400,26,30001,6,26,0.29287928342819214
4,14400,26,30001,6,27,1.2837003469467163
4,14400,26,30001,6,28,0.564068078994751
4,14400,26,30001,6,29,0.07377807796001434
4,14400,27,30001,7,0,9.054520606994629
4,14400,27,30001,7,1,1.2944320440292358
4,14400,27,30001,7,2,1.0420846939086914
4,14400,27,30001,7,3,0.858568012714386
4,14400,27,30001,7,4,0.7991284132003784
4,14400,27,30001,7,5,0.9347461462020874
4,14400,27,30001,7,6,0.26366716623306274
4,14400,27,30001,7,7,0.54610276222229
4,14400,27,30001,7,8,0.36295264959335327
4,14400,27,30001,7,9,0.7665342092514038
4,14400,27,30001,7,10,0.18848150968551636
4,14400,27,30001,7,11,2.595637559890747
4,14400,27,30001,7,12,0.33360329270362854
4,14400,27,30001,7,13,0.46549898386001587
4,14400,27,30001,7,14,0.7324361205101013
4,14400,27,30001,7,15,0.09419073164463043
4,14400,27,30001,7,16,0.48796871304512024
4,14400,27,30001,7,17,0.2935256361961365
4,14400,27,30001,7,18,0.7813925743103027
4,14400,27,30001,7,19,0.6727762222290039
4,14400,27,30001,7,20,1.20506751537323
4,14400,27,30001,7,21,0.15374697744846344
4,14400,27,30001,7,22,0.33149823546409607
4,14400,27,30001,7,23,0.25921082496643066
4,14400,27,30001,7,24,0.05999999865889549
4,14400,27,30001,7,25,0.3717274069786072
4,14400,27,30001,7,26,0.8212894797325134
4,14400,27,30001,7,27,0.2840847969055176
4,14400,27,30001,7,28,0.5898424386978149
4,14400,27,30001,7,29,0.2721708118915558
4,14400,28,30001,8,0,0.24024733901023865
4,14400,28,30001,8,1,5.040642738342285
4,14400,28,30001,8,2,0.16196095943450928
4,14400,28,30001,8,3,0.2361256182193756
4,14400,28,30001,8,4,0.2827644646167755
4,14400,28,30001,8,5,0.7204516530036926
4,14400,28,30001,8,6,0.08812633156776428
4,14400,28,30001,8,7,0.155305877327919
4,14400,28,30001,8,8,0.2847611904144287
4,14400,28,30001,8,9,0.7415342926979065
4,14400,28,30001,8,10,0.31235212087631226
4,14400,28,30001,8,11,1.152666687965393
4,14400,28,30001,8,12,0.27637752890586853
4,14400,28,30001,8,13,0.21388894319534302
4,14400,28,30001,8,14,0.07648084312677383
4,14400,28,30001,8,15,0.1517598181962967
4,14400,28,30001,8,16,0.4129857122898102
4,14400,28,30001,8,17,0.589113712310791
4,14400,28,30001,8,18,0.14556558430194855
4,14400,28,30001,8,19,0.14235660433769226
4,14400,28,30001,8,20,0.8325971961021423
4,14400,28,30001,8,21,0.06411226093769073
4,14400,28,30001,8,22,0.3973558247089386
4,14400,28,30001,8,23,0.30206477642059326
4,14400,28,30001,8,24,0.28115037083625793
4,14400,28,30001,8,25,0.7647199630737305
4,14400,28,30001,8,26,0.08052428066730499
4,14400,28,30001,8,27,0.20032157003879547
4,14400,28,30001,8,28,0.5475494861602783
4,14400,28,30001,8,29,0.7518206834793091
4,14400,29,30001,9,0,0.3571341633796692
4,14400,29,30001,9,1,0.18031366169452667
4,14400,29,30001,9,2,0.36097443103790283
4,14400,29,30001,9,3,0.21548035740852356
4,14400,29,30001,9,4,0.09896866977214813
4,14400,29,30001,9,5,1.4070072174072266
4,14400,29,30001,9,6,1.8167446851730347
4,14400,29,30001,9,7,1.6358606815338135
4,14400,29,30001,9,8,1.0954715013504028
4,14400,29,30001,9,9,0.9525977969169617
4,14400,29,30001,9,10,0.05999999865889549
4,14400,29,30001,9,11,0.30551910400390625
4,14400,29,30001,9,12,0.4942864179611206
4,14400,29,30001,9,13,0.9795277714729309
4,14400,29,30001,9,14,0.9980261921882629
4,14400,29,30001,9,15,0.2585452198982239
4,14400,29,30001,9,16,0.7274835109710693
4,14400,29,30001,9,17,0.5301215648651123
4,14400,29,30001,9,18,3.232301712036133
4,14400,29,30001,9,19,0.5884202122688293
4,14400,29,30001,9,20,0.24898745119571686
4,14400,29,30001,9,21,0.3357909321784973
4,14400,29,30001,9,22,0.16631194949150085
4,14400,29,30001,9,23,0.43017762899398804
4,14400,29,30001,9,24,0.24658909440040588
4,14400,29,30001,9,25,0.5763401389122009
4,14400,29,30001,9,26,3.154465913772583
4,14400,29,30001,9,27,0.19492709636688232
4,14400,29,30001,9,28,0.41117343306541443
4,14400,29,30001,9,29,0.3947579860687256
4,14400,30,30001,10,0,8.298505783081055
4,14400,30,30001,10,1,0.153138667345047
4,14400,30,30001,10,2,0.842944860458374
4,14400,30,30001,10,3,0.5293161869049072
4,14400,30,30001,10,4,0.5166655778884888
4,14400,30,30001,10,5,0.12163543701171875
4,14400,30,30001,10,6,0.16864024102687836
4,14400,30,30001,10,7,30.210914611816406
4,14400,30,30001,10,8,0.3757997155189514
4,14400,30,30001,10,9,0.8516997694969177
4,14400,30,30001,10,10,2.9326517581939697
4,14400,30,30001,10,11,0.5465270280838013
4,14400,30,30001,10,12,0.6269980669021606
4,14400,30,30001,10,13,0.315523624420166
4,14400,30,30001,10,14,0.06332226097583771
4,14400,30,30001,10,15,0.2110213190317154
4,14400,30,30001,10,16,0.9698212742805481
4,14400,30,30001,10,17,0.4725491404533386
4,14400,30,30001,10,18,0.44056394696235657
4,14400,30,30001,10,19,0.22930976748466492
4,14400,30,30001,10,20,0.5996066331863403
4,14400,30,30001,10,21,0.6426387429237366
4,14400,30,30001,10,22,0.8403171896934509
4,14400,30,30001,10,23,1.7607982158660889
4,14400,30,30001,10,24,2.1583213806152344
4,14400,30,30001,10,25,0.785997211933136
4,14400,30,30001,10,26,1.0530388355255127
4,14400,30,30001,10,27,0.7564511299133301
4,14400,30,30001,10,28,0.17774662375450134
4,14400,30,30001,10,29,1.1573512554168701
4,14400,31,30001,11,0,0.5934925079345703
4,14400,31,30001,11,1,0.17238068580627441
4,14400,31,30001,11,2,0.1238817572593689
4,14400,31,30001,11,3,1.5290201902389526
4,14400,31,30001,11,4,0.2073875069618225
4,14400,31,30001,11,5,0.2665542662143707
4,14400,31,30001,11,6,0.17044024169445038
4,14400,31,30001,11,7,0.2847459316253662
4,14400,31,30001,11,8,0.4836570918560028
4,14400,31,30001,11,9,0.5566138625144958
4,14400,31,30001,11,10,0.08852612972259521
4,14400,31,30001,11,11,0.6270427107810974
4,14400,31,30001,11,12,0.4031217396259308
4,14400,31,30001,11,13,0.5716965198516846
4,14400,31,30001,11,14,0.5512760281562805
4,14400,31,30001,11,15,0.29944637417793274
4,14400,31,30001,11,16,0.14020752906799316
4,14400,31,30001,11,17,0.6028735637664795
4,14400,31,30001,11,18,1.0563268661499023
4,14400,31,30001,11,19,0.6198393702507019
4,14400,31,30001,11,20,0.7609933614730835
4,14400,31,30001,11,21,0.15025663375854492
4,14400,31,30001,11,22,0.28678208589553833
4,14400,31,30001,11,23,0.6137683391571045
4,14400,31,30001,11,24,1.7257570028305054
4,14400,31,30001,11,25,1.3248087167739868
4,14400,31,30001,11,26,0.33749088644981384
4,14400,31,30001,11,27,0.24502700567245483
4,14400,31,30001,11,28,1.465713381767273
4,14400,31,30001,11,29,0.2769286036491394
4,14400,32,30001,12,0,0.3156372308731079
4,14400,32,30001,12,1,0.22468101978302002
4,14400,32,30001,12,2,1.58220636844635
4,14400,32,30001,12,3,0.07239779829978943
4,14400,32,30001,12,4,3.30234694480896
4,14400,32,30001,12,5,0.47273290157318115
4,14400,32,30001,12,6,0.2373962551355362
4,14400,32,30001,12,7,1.084718108177185
4,14400,32,30001,12,8,0.5196934342384338
4,14400,32,30001,12,9,0.20867414772510529
4,14400,32,30001,12,10,0.3601340353488922
4,14400,32,30001,12,11,0.4508254826068878
4,14400,32,30001,12,12,0.23780030012130737
4,14400,32,30001,12,13,0.2774572968482971
4,14400,32,30001,12,14,0.20617517828941345
4,14400,32,30001,12,15,0.23592010140419006
4,14400,32,30001,12,16,0.40235838294029236
4,14400,32,30001,12,17,0.11532652378082275
4,14400,32,30001,12,18,0.5230209827423096
4,14400,32,30001,12,19,0.07330256700515747
4,14400,32,30001,12,20,0.46519607305526733
4,14400,32,30001,12,21,0.36613649129867554
4,14400,32,30001,12,22,0.29105135798454285
4,14400,32,30001,12,23,0.4654436409473419
4,14400,32,30001,12,24,2.4550845623016357
4,14400,32,30001,12,25,0.16894808411598206
4,14400,32,30001,12,26,0.580779492855072
4,14400,32,30001,12,27,0.6592543721199036
4,14400,32,30001,12,28,0.31775033473968506
4,14400,32,30001,12,29,0.16930647194385529
4,14400,33,30001,13,0,0.4335716962814331
4,14400,33,30001,13,1,0.419097900390625
4,14400,33,30001,13,2,0.29317909479141235
4,14400,33,30001,13,3,0.5367989540100098
4,14400,33,30001,13,4,0.35337886214256287
4,14400,33,30001,13,5,0.6502982378005981
4,14400,33,30001,13,6,0.07452757656574249
4,14400,33,30001,13,7,0.7650835514068604
4,14400,33,30001,13,8,0.061246927827596664
4,14400,33,30001,13,9,0.283481240272522
4,14400,33,30001,13,10,0.32496997714042664
4,14400,33,30001,13,11,0.35413655638694763
4,14400,33,30001,13,12,0.2861253321170807
4,14400,33,30001,13,13,0.33992233872413635
4,14400,33,30001,13,14,0.19861823320388794
4,14400,33,30001,13,15,0.2273600697517395
4,14400,33,30001,13,16,0.14364761114120483
4,14400,33,30001,13,17,0.2682129442691803
4,14400,33,30001,13,18,0.8243302702903748
4,14400,33,30001,13,19,1.9477521181106567
4,14400,33,30001,13,20,0.11919333040714264
4,14400,33,30001,13,21,0.442287415266037
4,14400,33,30001,13,22,0.606059730052948
4,14400,33,30001,13,23,0.4162898361682892
4,14400,33,30001,13,24,0.40177667140960693
4,14400,33,30001,13,25,0.22548072040081024
4,14400,33,30001,13,26,0.21417564153671265
4,14400,33,30001,13,27,0.2175711691379547
4,14400,33,30001,13,28,0.18517367541790009
4,14400,33,30001,13,29,0.2972566485404968
4,14400,34,30001,14,0,1.1400701999664307
4,14400,34,30001,14,1,3.6220011711120605
4,14400,34,30001,14,2,0.7679967284202576
4,14400,34,30001,14,3,0.12567147612571716
4,14400,34,30001,14,4,0.10934198647737503
4,14400,34,30001,14,5,4.481693267822266
4,14400,34,30001,14,6,0.421348512172699
4,14400,34,30001,14,7,0.24560123682022095
4,14400,34,30001,14,8,0.3500674366950989
4,14400,34,30001,14,9,0.06215555593371391
4,14400,34,30001,14,10,0.6864009499549866
4,14400,34,30001,14,11,0.817415714263916
4,14400,34,30001,14,12,0.452475905418396
4,14400,34,30001,14,13,0.5721737742424011
4,14400,34,30001,14,14,0.6645649671554565
4,14400,34,30001,14,15,1.4202779531478882
4,14400,34,30001,14,16,1.3776206970214844
4,14400,34,30001,14,17,3.064751148223877
4,14400,34,30001,14,18,0.756375253200531
4,14400,34,30001,14,19,0.07426843047142029
4,14400,34,30001,14,20,0.1489408314228058
4,14400,34,30001,14,21,0.2149343639612198
4,14400,34,30001,14,22,0.5034226179122925
4,14400,34,30001,14,23,0.30431127548217773
4,14400,34,30001,14,24,0.18577688932418823
4,14400,34,30001,14,25,0.3288068473339081
4,14400,34,30001,14,26,0.42677709460258484
4,14400,34,30001,14,27,6.755187034606934
4,14400,34,30001,14,28,0.14637473225593567
4,14400,34,30001,14,29,0.267354816198349
4,14400,35,30001,15,0,0.7025899887084961
4,14400,35,30001,15,1,4.1318182945251465
4,14400,35,30001,15,2,2.1964821815490723
4,14400,35,30001,15,3,7.045413494110107
4,14400,35,30001,15,4,0.23918873071670532
4,14400,35,30001,15,5,0.06880113482475281
4,14400,35,30001,15,6,0.35925596952438354
4,14400,35,30001,15,7,0.3610888719558716
4,14400,35,30001,15,8,0.15347816050052643
4,14400,35,30001,15,9,0.18663769960403442
4,14400,35,30001,15,10,0.4493371248245239
4,14400,35,30001,15,11,0.16942259669303894
4,14400,35,30001,15,12,0.15762515366077423
4,14400,35,30001,15,13,0.2147158980369568
4,14400,35,30001,15,14,0.20827631652355194
4,14400,35,30001,15,15,0.26148781180381775
4,14400,35,30001,15,16,0.999113142490387
4,14400,35,30001,15,17,0.9778193235397339
4,14400,35,30001,15,18,9.152263641357422
4,14400,35,30001,15,19,5.538511753082275
4,14400,35,30001,15,20,1.73191499710083
4,14400,35,30001,15,21,0.32398658990859985
4,14400,35,30001,15,22,0.5608816742897034
4,14400,35,30001,15,23,0.5142611861228943
4,14400,35,30001,15,24,0.49621278047561646
4,14400,35,30001,15,25,0.15430070459842682
4,14400,35,30001,15,26,0.5383274555206299
4,14400,35,30001,15,27,1.8140602111816406
4,14400,35,30001,15,28,0.16608305275440216
4,14400,35,30001,15,29,0.9189596176147461
4,14400,36,30001,16,0,9.355371475219727
4,14400,36,30001,16,1,7.3354387283325195
4,14400,36,30001,16,2,6.155175685882568
4,14400,36,30001,16,3,0.37802594900131226
4,14400,36,30001,16,4,52.762916564941406
4,14400,36,30001,16,5,0.5843136310577393
4,14400,36,30001,16,6,0.08479486405849457
4,14400,36,30001,16,7,0.22182120382785797
4,14400,36,30001,16,8,0.16053776443004608
4,14400,36,30001,16,9,0.45258283615112305
4,14400,36,30001,16,10,0.35028839111328125
4,14400,36,30001,16,11,1.750726580619812
4,14400,36,30001,16,12,0.16661351919174194
4,14400,36,30001,16,13,3.0796985626220703
4,14400,36,30001,16,14,0.67601078748703
4,14400,36,30001,16,15,0.17244017124176025
4,14400,36,30001,16,16,1.4044498205184937
4,14400,36,30001,16,17,0.5018555521965027
4,14400,36,30001,16,18,0.4188069999217987
4,14400,36,30001,16,19,0.5040628910064697
4,14400,36,30001,16,20,0.21271182596683502
4,14400,36,30001,16,21,0.14311246573925018
4,14400,36,30001,16,22,0.2838935852050781
4,14400,36,30001,16,23,0.18146158754825592
4,14400,36,30001,16,24,0.252308189868927
4,14400,36,30001,16,25,0.33899128437042236
4,14400,36,30001,16,26,1.9152075052261353
4,14400,36,30001,16,27,0.2086559385061264
4,14400,36,30001,16,28,3.988672971725464
4,14400,36,30001,16,29,0.2060108184814453
4,14400,37,30001,17,0,0.3680512309074402
4,14400,37,30001,17,1,0.3039464056491852
4,14400,37,30001,17,2,0.0700141042470932
4,14400,37,30001,17,3,0.4232185482978821
4,14400,37,30001,17,4,0.6581161618232727
4,14400,37,30001,17,5,0.2664158046245575
4,14400,37,30001,17,6,0.24029140174388885
4,14400,37,30001,17,7,0.30994492769241333
4,14400,37,30001,17,8,0.35784488916397095
4,14400,37,30001,17,9,0.44341567158699036
4,14400,37,30001,17,10,0.2487354874610901
4,14400,37,30001,17,11,0.09753589332103729
4,14400,37,30001,17,12,0.3311842381954193
4,14400,37,30001,17,13,0.33633631467819214
4,14400,37,30001,17,14,0.3040265142917633
4,14400,37,30001,17,15,0.8158114552497864
4,14400,37,30001,17,16,0.563575267791748
4,14400,37,30001,17,17,0.18211382627487183
4,14400,37,30001,17,18,0.286756694316864
4,14400,37,30001,17,19,0.15389737486839294
4,14400,37,30001,17,20,0.24434985220432281
4,14400,37,30001,17,21,0.2408679723739624
4,14400,37,30001,17,22,0.8441338539123535
4,14400,37,30001,17,23,0.1927817314863205
4,14400,37,30001,17,24,0.0882914662361145
4,14400,37,30001,17,25,4.16964054107666
4,14400,37,30001,17,26,0.5770235657691956
4,14400,37,30001,17,27,0.3679659962654114
4,14400,37,30001,17,28,0.9619952440261841
4,14400,37,30001,17,29,0.3007713854312897
4,14400,38,30001,18,0,0.5412124395370483
4,14400,38,30001,18,1,0.05999999865889549
4,14400,38,30001,18,2,0.3180834650993347
4,14400,38,30001,18,3,0.5228387117385864
4,14400,38,30001,18,4,1.460071325302124
4,14400,38,30001,18,5,0.803298830986023
4,14400,38,30001,18,6,0.8369284272193909
4,14400,38,30001,18,7,0.2484041452407837
4,14400,38,30001,18,8,0.30514466762542725
4,14400,38,30001,18,9,0.24645408987998962
4,14400,38,30001,18,10,1.2572299242019653
4,14400,38,30001,18,11,1.618994116783142
4,14400,38,30001,18,12,0.3532516360282898
4,14400,38,30001,18,13,1.3724076747894287
4,14400,38,30001,18,14,0.12000720947980881
4,14400,38,30001,18,15,0.2073151022195816
4,14400,38,30001,18,16,1.2703300714492798
4,14400,38,30001,18,17,0.323482871055603
4,14400,38,30001,18,18,0.48329371213912964
4,14400,38,30001,18,19,0.2083864063024521
4,14400,38,30001,18,20,0.08165733516216278
4,14400,38,30001,18,21,0.21036043763160706
4,14400,38,30001,18,22,0.28682607412338257
4,14400,38,30001,18,23,1.31880784034729
4,14400,38,30001,18,24,4.36607027053833
4,14400,38,30001,18,25,0.1030830517411232
4,14400,38,30001,18,26,0.10725662112236023
4,14400,38,30001,18,27,0.23670613765716553
4,14400,38,30001,18,28,0.5998605489730835
4,14400,38,30001,18,29,0.9549581408500671
4,14400,39,30001,19,0,0.9872673749923706
4,14400,39,30001,19,1,0.19331221282482147
4,14400,39,30001,19,2,0.46297895908355713
4,14400,39,30001,19,3,11.726755142211914
4,14400,39,30001,19,4,0.6370220184326172
4,14400,39,30001,19,5,0.9982253313064575
4,14400,39,30001,19,6,0.5469698309898376
4,14400,39,30001,19,7,0.2366207242012024
4,14400,39,30001,19,8,1.4395359754562378
4,14400,39,30001,19,9,0.5231144428253174
4,14400,39,30001,19,10,3.7007806301116943
4,14400,39,30001,19,11,0.8644250631332397
4,14400,39,30001,19,12,0.32208314538002014
4,14400,39,30001,19,13,0.10112340748310089
4,14400,39,30001,19,14,0.27425017952919006
4,14400,39,30001,19,15,0.5964431762695312
4,14400,39,30001,19,16,0.4948310852050781
4,14400,39,30001,19,17,0.8910197615623474
4,14400,39,30001,19,18,0.22698277235031128
4,14400,39,30001,19,19,0.6235860586166382
4,14400,39,30001,19,20,0.2845018804073334
4,14400,39,30001,19,21,0.06114159896969795
4,14400,39,30001,19,22,0.6275018453598022
4,14400,39,30001,19,23,1.694249153137207
4,14400,39,30001,19,24,0.26171642541885376
4,14400,39,30001,19,25,0.32252874970436096
4,14400,39,30001,19,26,0.742653489112854
4,14400,39,30001,19,27,0.10521236062049866
4,14400,39,30001,19,28,0.412575364112854
4,14400,39,30001,19,29,0.6057636737823486
5,18000,20,30001,0,0,0.2931307852268219
5,18000,20,30001,0,1,0.30243366956710815
5,18000,20,30001,0,2,0.5846730470657349
5,18000,20,30001,0,3,0.10128094255924225
5,18000,20,30001,0,4,0.1843678504228592
5,18000,20,30001,0,5,0.26662197709083557
5,18000,20,30001,0,6,0.3546826243400574
5,18000,20,30001,0,7,0.07416701316833496
5,18000,20,30001,0,8,1.1780074834823608
5,18000,20,30001,0,9,0.18886788189411163
5,18000,20,30001,0,10,0.3659355044364929
5,18000,20,30001,0,11,0.524573564529419
5,18000,20,30001,0,12,0.34502384066581726
5,18000,20,30001,0,13,0.10952624678611755
5,18000,20,30001,0,14,0.27188974618911743
5,18000,20,30001,0,15,0.44257253408432007
5,18000,20,30001,0,16,0.38354432582855225
5,18000,20,30001,0,17,0.5655678510665894
5,18000,20,30001,0,18,0.6725705862045288
5,18000,20,30001,0,19,0.185952290892601
5,18000,20,30001,0,20,0.23877206444740295
5,18000,20,30001,0,21,0.2447817623615265
5,18000,20,30001,0,22,0.1915348619222641
5,18000,20,30001,0,23,0.23132258653640747
5,18000,20,30001,0,24,0.06004719436168671
5,18000,20,30001,0,25,0.23517629504203796
5,18000,20,30001,0,26,0.4289112091064453
5,18000,20,30001,0,27,0.39440155029296875
5,18000,20,30001,0,28,0.25466984510421753
5,18000,20,30001,0,29,1.0661073923110962
5,18000,21,30001,1,0,0.27142441272735596
5,18000,21,30001,1,1,2.0722436904907227
5,18000,21,30001,1,2,0.5684759616851807
5,18000,21,30001,1,3,0.19658440351486206
5,18000,21,30001,1,4,0.16758403182029724
5,18000,21,30001,1,5,0.20254828035831451
5,18000,21,30001,1,6,0.26163244247436523
5,18000,21,30001,1,7,0.37445321679115295
5,18000,21,30001,1,8,0.3768727481365204
5,18000,21,30001,1,9,1.453420639038086
5,18000,21,30001,1,10,0.5340995192527771
5,18000,21,30001,1,11,0.05999999865889549
5,18000,21,30001,1,12,0.27209368348121643
5,18000,21,30001,1,13,0.2021433711051941
5,18000,21,30001,1,14,0.3984694480895996
5,18000,21,30001,1,15,0.28376296162605286
5,18000,21,30001,1,16,1.1975122690200806
5,18000,21,30001,1,17,0.1788901686668396
5,18000,21,30001,1,18,0.19194850325584412
5,18000,21,30001,1,19,0.17161352932453156
5,18000,21,30001,1,20,1.1835334300994873
5,18000,21,30001,1,21,0.20865130424499512
5,18000,21,30001,1,22,0.24906371533870697
5,18000,21,30001,1,23,0.26918405294418335
5,18000,21,30001,1,24,0.279116690158844
5,18000,21,30001,1,25,1.3232721090316772
5,18000,21,30001,1,26,0.17521029710769653
5,18000,21,30001,1,27,0.10141007602214813
5,18000,21,30001,1,28,0.2868935465812683
5,18000,21,30001,1,29,0.3754287362098694
5,18000,22,30001,2,0,0.39561766386032104
5,18000,22,30001,2,1,0.2600069046020508
5,18000,22,30001,2,2,0.40325841307640076
5,18000,22,30001,2,3,0.198232501745224
5,18000,22,30001,2,4,0.16952261328697205
5,18000,22,30001,2,5,0.5545521974563599
5,18000,22,30001,2,6,0.3841845691204071
5,18000,22,30001,2,7,0.2732572555541992
5,18000,22,30001,2,8,0.26006007194519043
5,18000,22,30001,2,9,0.3488600254058838
5,18000,22,30001,2,10,0.47992923855781555
5,18000,22,30001,2,11,0.10266821086406708
5,18000,22,30001,2,12,0.28021204471588135
5,18000,22,30001,2,13,0.3502166271209717
5,18000,22,30001,2,14,0.09463756531476974
5,18000,22,30001,2,15,0.5520244836807251
5,18000,22,30001,2,16,0.39899227023124695
5,18000,22,30001,2,17,1.2764379978179932
5,18000,22,30001,2,18,0.06284312158823013
5,18000,22,30001,2,19,0.2819446325302124
5,18000,22,30001,2,20,0.27933958172798157
5,18000,22,30001,2,21,0.37698811292648315
5,18000,22,30001,2,22,0.8300876617431641
5,18000,22,30001,2,23,0.542300283908844
5,18000,22,30001,2,24,0.4428466856479645
5,18000,22,30001,2,25,0.10580694675445557
5,18000,22,30001,2,26,0.2752701938152313
5,18000,22,30001,2,27,0.2527719736099243
5,18000,22,30001,2,28,0.2045421600341797
5,18000,22,30001,2,29,0.10310287773609161
5,18000,23,30001,3,0,0.2832205891609192
5,18000,23,30001,3,1,0.1662718951702118
5,18000,23,30001,3,2,0.539311408996582
5,18000,23,30001,3,3,0.1257806122303009
5,18000,23,30001,3,4,1.0314499139785767
5,18000,23,30001,3,5,0.060109350830316544
5,18000,23,30001,3,6,0.47430315613746643
5,18000,23,30001,3,7,0.21398429572582245
5,18000,23,30001,3,8,1.179213285446167
5,18000,23,30001,3,9,0.18776333332061768
5,18000,23,30001,3,10,0.6648417711257935
5,18000,23,30001,3,11,0.8303372263908386
5,18000,23,30001,3,12,0.6608566641807556
5,18000,23,30001,3,13,1.2075728178024292
5,18000,23,30001,3,14,0.11353681981563568
5,18000,23,30001,3,15,0.6295415759086609
5,18000,23,30001,3,16,0.3686339557170868
5,18000,23,30001,3,17,0.2986099421977997
5,18000,23,30001,3,18,0.21308575570583344
5,18000,23,30001,3,19,0.386720210313797
5,18000,23,30001,3,20,0.06786751747131348
5,18000,23,30001,3,21,0.5884528756141663
5,18000,23,30001,3,22,1.486005425453186
5,18000,23,30001,3,23,0.4160144329071045
5,18000,23,30001,3,24,0.40307074785232544
5,18000,23,30001,3,25,0.5201839208602905
5,18000,23,30001,3,26,0.18582332134246826
5,18000,23,30001,3,27,0.5789985656738281
5,18000,23,30001,3,28,0.3922351896762848
5,18000,23,30001,3,29,0.5180504322052002
5,18000,24,30001,4,0,0.41716814041137695
5,18000,24,30001,4,1,0.21658512949943542
5,18000,24,30001,4,2,0.22197309136390686
5,18000,24,30001,4,3,0.32190147042274475
5,18000,24,30001,4,4,0.7811331152915955
5,18000,24,30001,4,5,0.06378036737442017
5,18000,24,30001,4,6,0.25916221737861633
5,18000,24,30001,4,7,0.15448376536369324
5,18000,24,30001,4,8,0.1417740136384964
5,18000,24,30001,4,9,0.6700702905654907
5,18000,24,30001,4,10,0.8900896906852722
5,18000,24,30001,4,11,0.24103578925132751
5,18000,24,30001,4,12,0.7285761833190918
5,18000,24,30001,4,13,0.29356977343559265
5,18000,24,30001,4,14,0.05999999865889549
5,18000,24,30001,4,15,1.238104224205017
5,18000,24,30001,4,16,0.8206920623779297
5,18000,24,30001,4,17,0.3762335479259491
5,18000,24,30001,4,18,0.26143568754196167
5,18000,24,30001,4,19,0.34854573011398315
5,18000,24,30001,4,20,0.4833459258079529
5,18000,24,30001,4,21,0.21436840295791626
5,18000,24,30001,4,22,0.7640953063964844
5,18000,24,30001,4,23,0.4518817067146301
5,18000,24,30001,4,24,0.5529534816741943
5,18000,24,30001,4,25,0.6386902928352356
5,18000,24,30001,4,26,0.2858443260192871
5,18000,24,30001,4,27,0.6334628462791443
5,18000,24,30001,4,28,0.9930269718170166
5,18000,24,30001,4,29,0.2523603141307831
5,18000,25,30001,5,0,0.3094280958175659
5,18000,25,30001,5,1,0.5193739533424377
5,18000,25,30001,5,2,0.25596851110458374
5,18000,25,30001,5,3,0.3795504570007324
5,18000,25,30001,5,4,0.466258704662323
5,18000,25,30001,5,5,0.2529830038547516
5,18000,25,30001,5,6,0.15546053647994995
5,18000,25,30001,5,7,0.700080931186676
5,18000,25,30001,5,8,0.37738239765167236
5,18000,25,30001,5,9,0.2785462737083435
5,18000,25,30001,5,10,0.08676231652498245
5,18000,25,30001,5,11,0.2707062065601349
5,18000,25,30001,5,12,0.8228461146354675
5,18000,25,30001,5,13,0.5638260245323181
5,18000,25,30001,5,14,0.3417082726955414
5,18000,25,30001,5,15,1.2840503454208374
5,18000,25,30001,5,16,0.37961748242378235
5,18000,25,30001,5,17,0.34924614429473877
5,18000,25,30001,5,18,0.18361756205558777
5,18000,25,30001,5,19,0.6527354121208191
5,18000,25,30001,5,20,0.21144451200962067
5,18000,25,30001,5,21,0.06126881018280983
5,18000,25,30001,5,22,0.2551001012325287
5,18000,25,30001,5,23,0.5260392427444458
5,18000,25,30001,5,24,0.2209891825914383
5,18000,25,30001,5,25,0.22033779323101044
5,18000,25,30001,5,26,0.280096173286438
5,18000,25,30001,5,27,0.21923324465751648
5,18000,25,30001,5,28,0.05999999865889549
5,18000,25,30001,5,29,0.2393774390220642
5,18000,26,30001,6,0,0.08370692282915115
5,18000,26,30001,6,1,3.1222472190856934
5,18000,26,30001,6,2,0.6804015636444092
5,18000,26,30001,6,3,0.6096550822257996
5,18000,26,30001,6,4,0.2497517466545105
5,18000,26,30001,6,5,0.6588688492774963
5,18000,26,30001,6,6,0.6722393035888672
5,18000,26,30001,6,7,0.5079852342605591
5,18000,26,30001,6,8,0.5092469453811646
5,18000,26,30001,6,9,0.32457780838012695
5,18000,26,30001,6,10,0.6177766919136047
5,18000,26,30001,6,11,0.2938148081302643
5,18000,26,30001,6,12,0.755275547504425
5,18000,26,30001,6,13,0.27295953035354614
5,18000,26,30001,6,14,0.23757614195346832
5,18000,26,30001,6,15,0.37227627635002136
5,18000,26,30001,6,16,0.3546127378940582
5,18000,26,30001,6,17,0.2868623733520508
5,18000,26,30001,6,18,0.34181201457977295
5,18000,26,30001,6,19,0.05999999865889549
5,18000,26,30001,6,20,0.5246597528457642
5,18000,26,30001,6,21,0.3361514210700989
5,18000,26,30001,6,22,0.11662167310714722
5,18000,26,30001,6,23,0.1671588271856308
5,18000,26,30001,6,24,0.5622668266296387
5,18000,26,30001,6,25,0.36496755480766296
5,18000,26,30001,6,26,0.5814091563224792
5,18000,26,30001,6,27,0.6785423755645752
5,18000,26,30001,6,28,0.8767862319946289
5,18000,26,30001,6,29,0.45171859860420227
5,18000,27,30001,7,0,0.3518325388431549
5,18000,27,30001,7,1,0.14913512766361237
5,18000,27,30001,7,2,0.15578168630599976
5,18000,27,30001,7,3,0.6898295879364014
5,18000,27,30001,7,4,0.23345834016799927
5,18000,27,30001,7,5,0.09429361671209335
5,18000,27,30001,7,6,0.2612786293029785
5,18000,27,30001,7,7,1.1369538307189941
5,18000,27,30001,7,8,0.16046832501888275
5,18000,27,30001,7,9,0.46350234746932983
5,18000,27,30001,7,10,0.3175414502620697
5,18000,27,30001,7,11,0.22478646039962769
5,18000,27,30001,7,12,0.9768968224525452
5,18000,27,30001,7,13,0.5160748362541199
5,18000,27,30001,7,14,0.06309143453836441
5,18000,27,30001,7,15,0.23748980462551117
5,18000,27,30001,7,16,0.28237295150756836
5,18000,27,30001,7,17,0.20375196635723114
5,18000,27,30001,7,18,0.7147961258888245
5,18000,27,30001,7,19,0.5890988111495972
5,18000,27,30001,7,20,0.295210063457489
5,18000,27,30001,7,21,0.6705611348152161
5,18000,27,30001,7,22,0.536959171295166
5,18000,27,30001,7,23,0.23708683252334595
5,18000,27,30001,7,24,0.21289119124412537
5,18000,27,30001,7,25,0.0724085196852684
5,18000,27,30001,7,26,0.44894886016845703
5,18000,27,30001,7,27,0.2939259707927704
5,18000,27,30001,7,28,0.20553459227085114
5,18000,27,30001,7,29,0.29074397683143616
5,18000,28,30001,8,0,0.23868334293365479
5,18000,28,30001,8,1,0.11565203219652176
5,18000,28,30001,8,2,0.2634521722793579
5,18000,28,30001,8,3,0.19046412408351898
5,18000,28,30001,8,4,0.19974260032176971
5,18000,28,30001,8,5,0.26371631026268005
5,18000,28,30001,8,6,0.44776207208633423
5,18000,28,30001,8,7,0.5587800145149231
5,18000,28,30001,8,8,0.13236579298973083
5,18000,28,30001,8,9,0.4438270032405853
5,18000,28,30001,8,10,0.8062248229980469
5,18000,28,30001,8,11,0.1086290255188942
5,18000,28,30001,8,12,0.23904971778392792
5,18000,28,30001,8,13,0.1917445808649063
5,18000,28,30001,8,14,0.09524735808372498
5,18000,28,30001,8,15,0.17566713690757751
5,18000,28,30001,8,16,0.3242250084877014
5,18000,28,30001,8,17,0.58510822057724
5,18000,28,30001,8,18,0.2922248840332031
5,18000,28,30001,8,19,0.23947253823280334
5,18000,28,30001,8,20,0.07900740951299667
5,18000,28,30001,8,21,0.3343474268913269
5,18000,28,30001,8,22,0.4047270119190216
5,18000,28,30001,8,23,0.20455095171928406
5,18000,28,30001,8,24,0.22296103835105896
5,18000,28,30001,8,25,0.47839266061782837
5,18000,28,30001,8,26,0.275432825088501
5,18000,28,30001,8,27,0.2607846260070801
5,18000,28,30001,8,28,0.1907639354467392
5,18000,28,30001,8,29,0.2844806909561157
5,18000,29,30001,9,0,0.05999999865889549
5,18000,29,30001,9,1,0.2607967257499695
5,18000,29,30001,9,2,0.24325092136859894
5,18000,29,30001,9,3,0.42735588550567627
5,18000,29,30001,9,4,0.11362274736166
5,18000,29,30001,9,5,0.5488213896751404
5,18000,29,30001,9,6,0.14582641422748566
5,18000,29,30001,9,7,0.6596389412879944
5,18000,29,30001,9,8,1.7249433994293213
5,18000,29,30001,9,9,0.44563183188438416
5,18000,29,30001,9,10,0.20547012984752655
5,18000,29,30001,9,11,0.1800626814365387
5,18000,29,30001,9,12,0.22956696152687073
5,18000,29,30001,9,13,1.36318039894104
5,18000,29,30001,9,14,0.6711708307266235
5,18000,29,30001,9,15,0.2577698528766632
5,18000,29,30001,9,16,1.398046851158142
5,18000,29,30001,9,17,0.5944026112556458
5,18000,29,30001,9,18,0.35981833934783936
5,18000,29,30001,9,19,1.4297513961791992
5,18000,29,30001,9,20,0.20916162431240082
5,18000,29,30001,9,21,0.39844587445259094
5,18000,29,30001,9,22,0.19860665500164032
5,18000,29,30001,9,23,0.4202091097831726
5,18000,29,30001,9,24,0.22875148057937622
5,18000,29,30001,9,25,1.343017816543579
5,18000,29,30001,9,26,4.16212797164917
5,18000,29,30001,9,27,0.7752580046653748
5,18000,29,30001,9,28,0.11216544359922409
5,18000,29,30001,9,29,0.21375919878482819
5,18000,30,30001,10,0,0.6119693517684937
5,18000,30,30001,10,1,0.0903957188129425
5,18000,30,30001,10,2,0.5643003582954407
5,18000,30,30001,10,3,0.23414917290210724
5,18000,30,30001,10,4,0.5066274404525757
5,18000,30,30001,10,5,0.296553373336792
5,18000,30,30001,10,6,0.22328561544418335
5,18000,30,30001,10,7,0.8018813133239746
5,18000,30,30001,10,8,0.3929409980773926
5,18000,30,30001,10,9,0.3046766519546509
5,18000,30,30001,10,10,1.608209252357483
5,18000,30,30001,10,11,2.7336513996124268
5,18000,30,30001,10,12,2.3565847873687744
5,18000,30,30001,10,13,0.29165899753570557
5,18000,30,30001,10,14,0.3717997372150421
5,18000,30,30001,10,15,0.17415021359920502
5,18000,30,30001,10,16,0.6708281636238098
5,18000,30,30001,10,17,0.31541648507118225
5,18000,30,30001,10,18,0.3042921721935272
5,18000,30,30001,10,19,0.11002440750598907
5,18000,30,30001,10,20,0.44541242718696594
5,18000,30,30001,10,21,0.20454533398151398
5,18000,30,30001,10,22,0.06402920186519623
5,18000,30,30001,10,23,0.9074743390083313
5,18000,30,30001,10,24,0.31243470311164856
5,18000,30,30001,10,25,0.474508672952652
5,18000,30,30001,10,26,0.8250619173049927
5,18000,30,30001,10,27,1.0804575681686401
5,18000,30,30001,10,28,0.28883251547813416
5,18000,30,30001,10,29,0.4268761873245239
5,18000,31,30001,11,0,0.6200338006019592
5,18000,31,30001,11,1,0.25810161232948303
5,18000,31,30001,11,2,0.3698728680610657
5,18000,31,30001,11,3,0.18725886940956116
5,18000,31,30001,11,4,0.21544179320335388
5,18000,31,30001,11,5,0.22587355971336365
5,18000,31,30001,11,6,0.2866038680076599
5,18000,31,30001,11,7,0.2215801477432251
5,18000,31,30001,11,8,0.23607409000396729
5,18000,31,30001,11,9,0.20917603373527527
5,18000,31,30001,11,10,0.3221229314804077
5,18000,31,30001,11,11,0.14771942794322968
5,18000,31,30001,11,12,0.6131687164306641
5,18000,31,30001,11,13,0.3797283470630646
5,18000,31,30001,11,14,0.7340086698532104
5,18000,31,30001,11,15,0.27776503562927246
5,18000,31,30001,11,16,0.48802313208580017
5,18000,31,30001,11,17,0.1104908138513565
5,18000,31,30001,11,18,0.08403394371271133
5,18000,31,30001,11,19,0.2738193869590759
5,18000,31,30001,11,20,0.8232273459434509
5,18000,31,30001,11,21,0.2138068526983261
5,18000,31,30001,11,22,0.1430496871471405
5,18000,31,30001,11,23,0.7047577500343323
5,18000,31,30001,11,24,0.1247381716966629
5,18000,31,30001,11,25,1.558119773864746
5,18000,31,30001,11,26,0.2771519124507904
5,18000,31,30001,11,27,0.18012645840644836
5,18000,31,30001,11,28,0.12771904468536377
5,18000,31,30001,11,29,0.19466614723205566
5,18000,32,30001,12,0,0.21488399803638458
5,18000,32,30001,12,1,0.2641199827194214
5,18000,32,30001,12,2,0.6818110942840576
5,18000,32,30001,12,3,0.31754645705223083
5,18000,32,30001,12,4,0.15256202220916748
5,18000,32,30001,12,5,0.3370555639266968
5,18000,32,30001,12,6,0.1698409914970398
5,18000,32,30001,12,7,0.37025579810142517
5,18000,32,30001,12,8,0.6706878542900085
5,18000,32,30001,12,9,0.30358803272247314
5,18000,32,30001,12,10,0.18356268107891083
5,18000,32,30001,12,11,0.5604504942893982
5,18000,32,30001,12,12,0.21374313533306122
5,18000,32,30001,12,13,0.4044424891471863
5,18000,32,30001,12,14,0.36710602045059204
5,18000,32,30001,12,15,0.33643320202827454
5,18000,32,30001,12,16,0.3769392967224121
5,18000,32,30001,12,17,0.7752237915992737
5,18000,32,30001,12,18,0.10257025063037872
5,18000,32,30001,12,19,0.34968051314353943
5,18000,32,30001,12,20,0.3536294102668762
5,18000,32,30001,12,21,1.1663343906402588
5,18000,32,30001,12,22,0.06346862018108368
5,18000,32,30001,12,23,0.6645371913909912
5,18000,32,30001,12,24,0.31685739755630493
5,18000,32,30001,12,25,0.7382035851478577
5,18000,32,30001,12,26,0.3047943413257599
5,18000,32,30001,12,27,0.22099274396896362
5,18000,32,30001,12,28,0.25668424367904663
5,18000,32,30001,12,29,0.2802760601043701
5,18000,33,30001,13,0,0.38252636790275574
5,18000,33,30001,13,1,0.4689235985279083
5,18000,33,30001,13,2,0.8170989155769348
5,18000,33,30001,13,3,0.6167423725128174
5,18000,33,30001,13,4,0.41534873843193054
5,18000,33,30001,13,5,0.6320750117301941
5,18000,33,30001,13,6,0.264555424451828
5,18000,33,30001,13,7,0.35123327374458313
5,18000,33,30001,13,8,0.26968908309936523
5,18000,33,30001,13,9,0.1319407820701599
5,18000,33,30001,13,10,0.7368165850639343
5,18000,33,30001,13,11,0.07783947885036469
5,18000,33,30001,13,12,0.34697845578193665
5,18000,33,30001,13,13,0.22091034054756165
5,18000,33,30001,13,14,0.16536195576190948
5,18000,33,30001,13,15,0.7493076920509338
5,18000,33,30001,13,16,0.3807433545589447
5,18000,33,30001,13,17,0.8160654902458191
5,18000,33,30001,13,18,0.9636806845664978
5,18000,33,30001,13,19,0.25282636284828186
5,18000,33,30001,13,20,0.9116302728652954
5,18000,33,30001,13,21,0.26043763756752014
5,18000,33,30001,13,22,0.7376576662063599
5,18000,33,30001,13,23,0.3693944811820984
5,18000,33,30001,13,24,0.6339907646179199
5,18000,33,30001,13,25,0.23144884407520294
5,18000,33,30001,13,26,0.34318551421165466
5,18000,33,30001,13,27,0.3615087866783142
5,18000,33,30001,13,28,0.24505437910556793
5,18000,33,30001,13,29,0.8178994655609131
5,18000,34,30001,14,0,1.0843706130981445
5,18000,34,30001,14,1,0.4654453694820404
5,18000,34,30001,14,2,0.6950153112411499
5,18000,34,30001,14,3,0.32203787565231323
5,18000,34,30001,14,4,0.19988581538200378
5,18000,34,30001,14,5,0.23291195929050446
5,18000,34,30001,14,6,0.47072115540504456
5,18000,34,30001,14,7,0.2545950710773468
5,18000,34,30001,14,8,0.6137604117393494
5,18000,34,30001,14,9,0.2987278401851654
5,18000,34,30001,14,10,0.7710282802581787
5,18000,34,30001,14,11,0.4159691333770752
5,18000,34,30001,14,12,0.40698879957199097
5,18000,34,30001,14,13,0.24543744325637817
5,18000,34,30001,14,14,0.06612825393676758
5,18000,34,30001,14,15,1.3524227142333984
5,18000,34,30001,14,16,0.21935759484767914
5,18000,34,30001,14,17,0.610339879989624
5,18000,34,30001,14,18,0.17184042930603027
5,18000,34,30001,14,19,0.3480178713798523
5,18000,34,30001,14,20,0.12076414376497269
5,18000,34,30001,14,21,0.21445554494857788
5,18000,34,30001,14,22,0.3041830360889435
5,18000,34,30001,14,23,0.42094871401786804
5,18000,34,30001,14,24,0.302276074886322
5,18000,34,30001,14,25,0.22965756058692932
5,18000,34,30001,14,26,0.5654118061065674
5,18000,34,30001,14,27,0.2115757018327713
5,18000,34,30001,14,28,0.3484179377555847
5,18000,34,30001,14,29,0.09596401453018188
5,18000,35,30001,15,0,0.5550053715705872
5,18000,35,30001,15,1,18.541534423828125
5,18000,35,30001,15,2,0.31888559460639954
5,18000,35,30001,15,3,7.606356143951416
5,18000,35,30001,15,4,0.32256051898002625
5,18000,35,30001,15,5,0.3112484812736511
5,18000,35,30001,15,6,0.24227021634578705
5,18000,35,30001,15,7,0.17936131358146667
5,18000,35,30001,15,8,0.24789418280124664
5,18000,35,30001,15,9,0.18575799465179443
5,18000,35,30001,15,10,0.5820075273513794
5,18000,35,30001,15,11,1.0567147731781006
5,18000,35,30001,15,12,0.3039313554763794
5,18000,35,30001,15,13,0.18731282651424408
5,18000,35,30001,15,14,0.20506420731544495
5,18000,35,30001,15,15,0.3763796389102936
5,18000,35,30001,15,16,0.07744299620389938
5,18000,35,30001,15,17,1.3210546970367432
5,18000,35,30001,15,18,32.79548263549805
5,18000,35,30001,15,19,5.297722816467285
5,18000,35,30001,15,20,0.10373342037200928
5,18000,35,30001,15,21,0.7620628476142883
5,18000,35,30001,15,22,0.18885771930217743
5,18000,35,30001,15,23,0.21812373399734497
5,18000,35,30001,15,24,0.6877825260162354
5,18000,35,30001,15,25,0.5328904390335083
5,18000,35,30001,15,26,1.3281782865524292
5,18000,35,30001,15,27,2.1480627059936523
5,18000,35,30001,15,28,0.2469213753938675
5,18000,35,30001,15,29,0.37022408843040466
5,18000,36,30001,16,0,0.14895762503147125
5,18000,36,30001,16,1,32.94947052001953
5,18000,36,30001,16,2,8.085151672363281
5,18000,36,30001,16,3,0.5106161832809448
5,18000,36,30001,16,4,115.26850128173828
5,18000,36,30001,16,5,3.8413186073303223
5,18000,36,30001,16,6,0.7174938321113586
5,18000,36,30001,16,7,0.1554155796766281
5,18000,36,30001,16,8,0.2570662498474121
5,18000,36,30001,16,9,0.4128958284854889
5,18000,36,30001,16,10,0.3413504660129547
5,18000,36,30001,16,11,3.2449023723602295
5,18000,36,30001,16,12,0.3722471594810486
5,18000,36,30001,16,13,0.08854826539754868
5,18000,36,30001,16,14,0.776482105255127
5,18000,36,30001,16,15,0.1692086160182953
5,18000,36,30001,16,16,0.08823814988136292
5,18000,36,30001,16,17,0.27051931619644165
5,18000,36,30001,16,18,0.5279302000999451
5,18000,36,30001,16,19,0.5154018998146057
5,18000,36,30001,16,20,0.28542011976242065
5,18000,36,30001,16,21,0.5930235385894775
5,18000,36,30001,16,22,0.20724298059940338
5,18000,36,30001,16,23,0.2795870304107666
5,18000,36,30001,16,24,0.07950764894485474
5,18000,36,30001,16,25,0.2619463801383972
5,18000,36,30001,16,26,9.763460159301758
5,18000,36,30001,16,27,0.16265752911567688
5,18000,36,30001,16,28,0.36948907375335693
5,18000,36,30001,16,29,0.24796238541603088
5,18000,37,30001,17,0,0.25942784547805786
5,18000,37,30001,17,1,0.27148568630218506
5,18000,37,30001,17,2,0.3079056739807129
5,18000,37,30001,17,3,0.154457688331604
5,18000,37,30001,17,4,0.44520407915115356
5,18000,37,30001,17,5,0.170167937874794
5,18000,37,30001,17,6,0.12238778173923492
5,18000,37,30001,17,7,0.21993833780288696
5,18000,37,30001,17,8,0.24321340024471283
5,18000,37,30001,17,9,0.9066052436828613
5,18000,37,30001,17,10,0.1077188178896904
5,18000,37,30001,17,11,0.24842360615730286
5,18000,37,30001,17,12,0.321494996547699
5,18000,37,30001,17,13,0.37644004821777344
5,18000,37,30001,17,14,0.6553264260292053
5,18000,37,30001,17,15,0.5059212446212769
5,18000,37,30001,17,16,0.444943368434906
5,18000,37,30001,17,17,0.10156497359275818
5,18000,37,30001,17,18,0.6777438521385193
5,18000,37,30001,17,19,0.3000197410583496
5,18000,37,30001,17,20,0.05999999865889549
5,18000,37,30001,17,21,0.25878843665122986
5,18000,37,30001,17,22,0.2661011219024658
5,18000,37,30001,17,23,0.23835474252700806
5,18000,37,30001,17,24,0.30975717306137085
5,18000,37,30001,17,25,0.25128301978111267
5,18000,37,30001,17,26,0.5298704504966736
5,18000,37,30001,17,27,0.2714596390724182
5,18000,37,30001,17,28,0.2852451205253601
5,18000,37,30001,17,29,0.3384830057621002
5,18000,38,30001,18,0,0.47881874442100525
5,18000,38,30001,18,1,0.27716580033302307
5,18000,38,30001,18,2,0.06838157773017883
5,18000,38,30001,18,3,3.520733118057251
5,18000,38,30001,18,4,1.7398109436035156
5,18000,38,30001,18,5,0.12268704921007156
5,18000,38,30001,18,6,0.9255154132843018
5,18000,38,30001,18,7,0.295125275850296
5,18000,38,30001,18,8,0.3376167416572571
5,18000,38,30001,18,9,0.32450437545776367
5,18000,38,30001,18,10,0.5816041827201843
5,18000,38,30001,18,11,1.2446959018707275
5,18000,38,30001,18,12,0.41758209466934204
5,18000,38,30001,18,13,0.06756313145160675
5,18000,38,30001,18,14,0.2641526460647583
5,18000,38,30001,18,15,0.13782398402690887
5,18000,38,30001,18,16,0.5289323329925537
5,18000,38,30001,18,17,0.3886249363422394
5,18000,38,30001,18,18,0.2655969560146332
5,18000,38,30001,18,19,0.24571752548217773
5,18000,38,30001,18,20,0.33577170968055725
5,18000,38,30001,18,21,0.49902966618537903
5,18000,38,30001,18,22,0.225441575050354
5,18000,38,30001,18,23,0.6684434413909912
5,18000,38,30001,18,24,0.5009770393371582
5,18000,38,30001,18,25,0.2518279552459717
5,18000,38,30001,18,26,0.37420138716697693
5,18000,38,30001,18,27,0.27952903509140015
5,18000,38,30001,18,28,0.41188615560531616
5,18000,38,30001,18,29,1.010990023612976
5,18000,39,30001,19,0,0.18592476844787598
5,18000,39,30001,19,1,0.06408746540546417
5,18000,39,30001,19,2,0.3864295184612274
5,18000,39,30001,19,3,0.7621108889579773
5,18000,39,30001,19,4,0.2744619846343994
5,18000,39,30001,19,5,0.4200729429721832
5,18000,39,30001,19,6,0.6806547045707703
5,18000,39,30001,19,7,0.23594582080841064
5,18000,39,30001,19,8,0.1281784325838089
5,18000,39,30001,19,9,0.387934148311615
5,18000,39,30001,19,10,1.4586704969406128
5,18000,39,30001,19,11,0.437986820936203
5,18000,39,30001,19,12,0.8544584512710571
5,18000,39,30001,19,13,0.2815723717212677
5,18000,39,30001,19,14,0.34185755252838135
5,18000,39,30001,19,15,0.9994807243347168
5,18000,39,30001,19,16,0.3454202115535736
5,18000,39,30001,19,17,0.4808173179626465
5,18000,39,30001,19,18,0.1629733294248581
5,18000,39,30001,19,19,1.1929837465286255
5,18000,39,30001,19,20,0.5373874306678772
5,18000,39,30001,19,21,0.2582448124885559
5,18000,39,30001,19,22,0.22688618302345276
5,18000,39,30001,19,23,6.122273921966553
5,18000,39,30001,19,24,0.19586698710918427
5,18000,39,30001,19,25,0.12016862630844116
5,18000,39,30001,19,26,0.6700382232666016
5,18000,39,30001,19,27,0.46617794036865234
5,18000,39,30001,19,28,0.4943997263908386
5,18000,39,30001,19,29,0.49480152130126953
0,0,40,30002,0,0,7.806909561157227
0,0,40,30002,0,1,7.006085395812988
0,0,40,30002,0,2,6.417524814605713
0,0,40,30002,0,3,7.001656532287598
0,0,40,30002,0,4,8.789957046508789
0,0,40,30002,0,5,6.06376838684082
0,0,40,30002,0,6,8.548949241638184
0,0,40,30002,0,7,8.048972129821777
0,0,40,30002,0,8,6.7871904373168945
0,0,40,30002,0,9,7.144640922546387
0,0,40,30002,0,10,6.512774467468262
0,0,40,30002,0,11,7.842236518859863
0,0,40,30002,0,12,9.175588607788086
0,0,40,30002,0,13,8.515120506286621
0,0,40,30002,0,14,9.51989459991455
0,0,40,30002,0,15,7.810568809509277
0,0,40,30002,0,16,6.748554229736328
0,0,40,30002,0,17,6.992184638977051
0,0,40,30002,0,18,9.332637786865234
0,0,40,30002,0,19,8.644392013549805
0,0,40,30002,0,20,6.596834659576416
0,0,40,30002,0,21,7.329353332519531
0,0,40,30002,0,22,8.892312049865723
0,0,40,30002,0,23,6.282878398895264
0,0,40,30002,0,24,7.031447410583496
0,0,40,30002,0,25,6.446792125701904
0,0,40,30002,0,26,7.996249198913574
0,0,40,30002,0,27,8.472034454345703
0,0,40,30002,0,28,6.575873374938965
0,0,40,30002,0,29,6.802446365356445
0,0,41,30002,1,0,9.26322078704834
0,0,41,30002,1,1,8.02803897857666
0,0,41,30002,1,2,9.324363708496094
0,0,41,30002,1,3,7.116059303283691
0,0,41,30002,1,4,6.397918701171875
0,0,41,30002,1,5,7.897804260253906
0,0,41,30002,1,6,6.549327850341797
0,0,41,30002,1,7,8.816949844360352
0,0,41,30002,1,8,7.95413875579834
0,0,41,30002,1,9,9.093317985534668
0,0,41,30002,1,10,7.0520782470703125
0,0,41,30002,1,11,9.079042434692383
0,0,41,30002,1,12,7.431624889373779
0,0,41,30002,1,13,8.207917213439941
0,0,41,30002,1,14,8.133256912231445
0,0,41,30002,1,15,5.974868297576904
0,0,41,30002,1,16,7.722668170928955
0,0,41,30002,1,17,7.627361297607422
0,0,41,30002,1,18,6.847997188568115
0,0,41,30002,1,19,8.499105453491211
0,0,41,30002,1,20,7.271242141723633
0,0,41,30002,1,21,9.10218620300293
0,0,41,30002,1,22,7.309432506561279
0,0,41,30002,1,23,6.468329906463623
0,0,41,30002,1,24,8.84023380279541
0,0,41,30002,1,25,8.57291030883789
0,0,41,30002,1,26,6.784795761108398
0,0,41,30002,1,27,6.241042137145996
0,0,41,30002,1,28,8.67261791229248
0,0,41,30002,1,29,8.328965187072754
0,0,42,30002,2,0,5.792398929595947
0,0,42,30002,2,1,5.8771071434021
0,0,42,30002,2,2,8.740702629089355
0,0,42,30002,2,3,7.8031325340271
0,0,42,30002,2,4,7.895534515380859
0,0,42,30002,2,5,9.437445640563965
0,0,42,30002,2,6,6.556961536407471
0,0,42,30002,2,7,7.375876426696777
0,0,42,30002,2,8,7.122035026550293
0,0,42,30002,2,9,8.916632652282715
0,0,42,30002,2,10,7.918985843658447
0,0,42,30002,2,11,9.644709587097168
0,0,42,30002,2,12,9.116128921508789
0,0,42,30002,2,13,8.376360893249512
0,0,42,30002,2,14,9.129373550415039
0,0,42,30002,2,15,9.16695785522461
0,0,42,30002,2,16,7.67900276184082
0,0,42,30002,2,17,7.025607109069824
0,0,42,30002,2,18,7.614377975463867
0,0,42,30002,2,19,6.863227844238281
0,0,42,30002,2,20,8.758588790893555
0,0,42,30002,2,21,7.048975944519043
0,0,42,30002,2,22,7.526362419128418
0,0,42,30002,2,23,8.699089050292969
0,0,42,30002,2,24,6.177940368652344
0,0,42,30002,2,25,7.070743560791016
0,0,42,30002,2,26,6.751883506774902
0,0,42,30002,2,27,7.354243755340576
0,0,42,30002,2,28,7.178509712219238
0,0,42,30002,2,29,7.8072686195373535
0,0,43,30002,3,0,7.340770244598389
0,0,43,30002,3,1,6.7996697425842285
0,0,43,30002,3,2,9.549883842468262
0,0,43,30002,3,3,7.816796779632568
0,0,43,30002,3,4,8.045818328857422
0,0,43,30002,3,5,7.145078182220459
0,0,43,30002,3,6,9.933442115783691
0,0,43,30002,3,7,7.000486850738525
0,0,43,30002,3,8,9.012371063232422
0,0,43,30002,3,9,8.1620454788208
0,0,43,30002,3,10,9.14515495300293
0,0,43,30002,3,11,6.55429744720459
0,0,43,30002,3,12,9.271982192993164
0,0,43,30002,3,13,7.788935661315918
0,0,43,30002,3,14,10.06871223449707
0,0,43,30002,3,15,6.62455940246582
0,0,43,30002,3,16,9.227998733520508
0,0,43,30002,3,17,8.546199798583984
0,0,43,30002,3,18,6.585116863250732
0,0,43,30002,3,19,7.138790130615234
0,0,43,30002,3,20,7.879563808441162
0,0,43,30002,3,21,7.732351303100586
0,0,43,30002,3,22,9.520204544067383
0,0,43,30002,3,23,6.401256561279297
0,0,43,30002,3,24,7.475439071655273
0,0,43,30002,3,25,7.201656341552734
0,0,43,30002,3,26,7.9570770263671875
0,0,43,30002,3,27,10.174284934997559
0,0,43,30002,3,28,7.036728858947754
0,0,43,30002,3,29,8.052667617797852
0,0,44,30002,4,0,7.90954065322876
0,0,44,30002,4,1,9.30422306060791
0,0,44,30002,4,2,9.03748893737793
0,0,44,30002,4,3,7.436636447906494
0,0,44,30002,4,4,9.410567283630371
0,0,44,30002,4,5,9.065858840942383
0,0,44,30002,4,6,7.2963409423828125
0,0,44,30002,4,7,7.440553188323975
0,0,44,30002,4,8,7.211254596710205
0,0,44,30002,4,9,8.421140670776367
0,0,44,30002,4,10,8.189569473266602
0,0,44,30002,4,11,7.03468656539917
0,0,44,30002,4,12,7.320246696472168
0,0,44,30002,4,13,8.369340896606445
0,0,44,30002,4,14,6.802064895629883
0,0,44,30002,4,15,8.220805168151855
0,0,44,30002,4,16,7.000582218170166
0,0,44,30002,4,17,9.673638343811035
0,0,44,30002,4,18,7.667919158935547
0,0,44,30002,4,19,6.72425651550293
0,0,44,30002,4,20,9.266256332397461
0,0,44,30002,4,21,10.096068382263184
0,0,44,30002,4,22,8.346696853637695
0,0,44,30002,4,23,9.595232009887695
0,0,44,30002,4,24,9.392452239990234
0,0,44,30002,4,25,6.34212589263916
0,0,44,30002,4,26,8.004499435424805
0,0,44,30002,4,27,8.720688819885254
0,0,44,30002,4,28,8.498397827148438
0,0,44,30002,4,29,7.88926887512207
0,0,45,30002,5,0,6.969493865966797
0,0,45,30002,5,1,6.844727039337158
0,0,45,30002,5,2,8.033191680908203
0,0,45,30002,5,3,8.493271827697754
0,0,45,30002,5,4,6.8122406005859375
0,0,45,30002,5,5,8.199625015258789
0,0,45,30002,5,6,7.545339584350586
0,0,45,30002,5,7,7.161117076873779
0,0,45,30002,5,8,8.62075424194336
0,0,45,30002,5,9,6.352222919464111
0,0,45,30002,5,10,6.819858074188232
0,0,45,30002,5,11,9.186857223510742
0,0,45,30002,5,12,9.410664558410645
0,0,45,30002,5,13,8.949723243713379
0,0,45,30002,5,14,7.059001922607422
0,0,45,30002,5,15,6.089572429656982
0,0,45,30002,5,16,8.408288955688477
0,0,45,30002,5,17,7.370854377746582
0,0,45,30002,5,18,9.884650230407715
0,0,45,30002,5,19,7.377219200134277
0,0,45,30002,5,20,8.483695983886719
0,0,45,30002,5,21,8.34742259979248
0,0,45,30002,5,22,8.00975513458252
0,0,45,30002,5,23,9.441886901855469
0,0,45,30002,5,24,9.154642105102539
0,0,45,30002,5,25,7.698202133178711
0,0,45,30002,5,26,9.107595443725586
0,0,45,30002,5,27,7.866765022277832
0,0,45,30002,5,28,6.653243541717529
0,0,45,30002,5,29,7.980556011199951
0,0,46,30002,6,0,7.128298282623291
0,0,46,30002,6,1,6.727220058441162
0,0,46,30002,6,2,8.977259635925293
0,0,46,30002,6,3,7.652189254760742
0,0,46,30002,6,4,8.428997993469238
0,0,46,30002,6,5,7.24146842956543
0,0,46,30002,6,6,8.647886276245117
0,0,46,30002,6,7,8.761958122253418
0,0,46,30002,6,8,6.250593185424805
0,0,46,30002,6,9,9.440027236938477
0,0,46,30002,6,10,7.629472255706787
0,0,46,30002,6,11,7.627542495727539
0,0,46,30002,6,12,9.867873191833496
0,0,46,30002,6,13,8.722407341003418
0,0,46,30002,6,14,8.394144058227539
0,0,46,30002,6,15,6.816337585449219
0,0,46,30002,6,16,8.59701156616211
0,0,46,30002,6,17,7.140836715698242
0,0,46,30002,6,18,8.347335815429688
0,0,46,30002,6,19,6.853584289550781
0,0,46,30002,6,20,10.233072280883789
0,0,46,30002,6,21,9.718698501586914
0,0,46,30002,6,22,8.136757850646973
0,0,46,30002,6,23,7.161715030670166
0,0,46,30002,6,24,7.067541599273682
0,0,46,30002,6,25,8.72990894317627
0,0,46,30002,6,26,9.461792945861816
0,0,46,30002,6,27,6.868608474731445
0,0,46,30002,6,28,8.600813865661621
0,0,46,30002,6,29,8.196508407592773
0,0,47,30002,7,0,9.679810523986816
0,0,47,30002,7,1,7.628006935119629
0,0,47,30002,7,2,6.451949119567871
0,0,47,30002,7,3,7.61824369430542
0,0,47,30002,7,4,8.591500282287598
0,0,47,30002,7,5,9.444258689880371
0,0,47,30002,7,6,7.999175071716309
0,0,47,30002,7,7,10.036824226379395
0,0,47,30002,7,8,9.128049850463867
0,0,47,30002,7,9,7.58082389831543
0,0,47,30002,7,10,6.216343879699707
0,0,47,30002,7,11,7.10658073425293
0,0,47,30002,7,12,9.509203910827637
0,0,47,30002,7,13,7.5114593505859375
0,0,47,30002,7,14,7.740274429321289
0,0,47,30002,7,15,6.160301208496094
0,0,47,30002,7,16,7.149802207946777
0,0,47,30002,7,17,7.832424163818359
0,0,47,30002,7,18,7.780633449554443
0,0,47,30002,7,19,6.636969566345215
0,0,47,30002,7,20,9.538138389587402
0,0,47,30002,7,21,6.68314266204834
0,0,47,30002,7,22,8.59465503692627
0,0,47,30002,7,23,6.623537063598633
0,0,47,30002,7,24,9.263484954833984
0,0,47,30002,7,25,7.3158278465271
0,0,47,30002,7,26,7.372690200805664
0,0,47,30002,7,27,7.725530624389648
0,0,47,30002,7,28,8.477655410766602
0,0,47,30002,7,29,5.682347774505615
0,0,48,30002,8,0,8.252124786376953
0,0,48,30002,8,1,7.118582248687744
0,0,48,30002,8,2,8.967598915100098
0,0,48,30002,8,3,8.742720603942871
0,0,48,30002,8,4,7.6611328125
0,0,48,30002,8,5,6.312266826629639
0,0,48,30002,8,6,10.249715805053711
0,0,48,30002,8,7,10.087213516235352
0,0,48,30002,8,8,8.619091987609863
0,0,48,30002,8,9,7.143301010131836
0,0,48,30002,8,10,8.698709487915039
0,0,48,30002,8,11,5.617021560668945
0,0,48,30002,8,12,7.572965621948242
0,0,48,30002,8,13,9.903675079345703
0,0,48,30002,8,14,6.591281414031982
0,0,48,30002,8,15,8.04633617401123
0,0,48,30002,8,16,9.7261323928833
0,0,48,30002,8,17,8.928048133850098
0,0,48,30002,8,18,7.326868057250977
0,0,48,30002,8,19,8.077798843383789
0,0,48,30002,8,20,6.614745140075684
0,0,48,30002,8,21,7.887713432312012
0,0,48,30002,8,22,9.419937133789062
0,0,48,30002,8,23,7.940386772155762
0,0,48,30002,8,24,7.184810161590576
0,0,48,30002,8,25,8.245553016662598
0,0,48,30002,8,26,8.547476768493652
0,0,48,30002,8,27,8.584554672241211
0,0,48,30002,8,28,7.153164386749268
0,0,48,30002,8,29,7.234864234924316
0,0,49,30002,9,0,8.778810501098633
0,0,49,30002,9,1,6.683562278747559
0,0,49,30002,9,2,8.289756774902344
0,0,49,30002,9,3,8.24927806854248
0,0,49,30002,9,4,8.322174072265625
0,0,49,30002,9,5,6.173518657684326
0,0,49,30002,9,6,9.413125991821289
0,0,49,30002,9,7,9.06357479095459
0,0,49,30002,9,8,10.319019317626953
0,0,49,30002,9,9,6.838290214538574
0,0,49,30002,9,10,7.093898773193359
0,0,49,30002,9,11,8.893976211547852
0,0,49,30002,9,12,7.143526077270508
0,0,49,30002,9,13,9.248536109924316
0,0,49,30002,9,14,7.885012626647949
0,0,49,30002,9,15,9.070265769958496
0,0,49,30002,9,16,8.78848648071289
0,0,49,30002,9,17,7.3094964027404785
0,0,49,30002,9,18,9.368666648864746
0,0,49,30002,9,19,8.104626655578613
0,0,49,30002,9,20,7.609720230102539
0,0,49,30002,9,21,9.261382102966309
0,0,49,30002,9,22,8.070752143859863
0,0,49,30002,9,23,6.743505477905273
0,0,49,30002,9,24,9.602189064025879
0,0,49,30002,9,25,6.163063049316406
0,0,49,30002,9,26,9.413846969604492
0,0,49,30002,9,27,7.403487682342529
0,0,49,30002,9,28,8.252433776855469
0,0,49,30002,9,29,7.61963415145874
0,0,50,30002,10,0,7.357114315032959
0,0,50,30002,10,1,7.996052265167236
0,0,50,30002,10,2,9.395923614501953
0,0,50,30002,10,3,8.734675407409668
0,0,50,30002,10,4,7.436971187591553
0,0,50,30002,10,5,8.483797073364258
0,0,50,30002,10,6,8.637702941894531
0,0,50,30002,10,7,8.496133804321289
0,0,50,30002,10,8,8.742444038391113
0,0,50,30002,10,9,7.401123046875
0,0,50,30002,10,10,7.1761369705200195
0,0,50,30002,10,11,7.586857795715332
0,0,50,30002,10,12,7.647784233093262
0,0,50,30002,10,13,7.708498477935791
0,0,50,30002,10,14,7.876111030578613
0,0,50,30002,10,15,8.863987922668457
0,0,50,30002,10,16,7.151310443878174
0,0,50,30002,10,17,8.58425521850586
0,0,50,30002,10,18,8.102954864501953
0,0,50,30002,10,19,8.597845077514648
0,0,50,30002,10,20,7.730070114135742
0,0,50,30002,10,21,5.288854598999023
0,0,50,30002,10,22,8.66809368133545
0,0,50,30002,10,23,6.434006214141846
0,0,50,30002,10,24,7.485436916351318
0,0,50,30002,10,25,8.837716102600098
0,0,50,30002,10,26,9.224881172180176
0,0,50,30002,10,27,9.44406509399414
0,0,50,30002,10,28,7.535040378570557
0,0,50,30002,10,29,8.40250015258789
0,0,51,30002,11,0,8.430842399597168
0,0,51,30002,11,1,6.523604393005371
0,0,51,30002,11,2,7.8750715255737305
0,0,51,30002,11,3,10.465157508850098
0,0,51,30002,11,4,8.54170036315918
0,0,51,30002,11,5,7.5108819007873535
0,0,51,30002,11,6,6.332596778869629
0,0,51,30002,11,7,8.594461441040039
0,0,51,30002,11,8,8.970394134521484
0,0,51,30002,11,9,6.51093053817749
0,0,51,30002,11,10,7.0869364738464355
0,0,51,30002,11,11,6.963046073913574
0,0,51,30002,11,12,7.706901550292969
0,0,51,30002,11,13,8.815669059753418
0,0,51,30002,11,14,8.438528060913086
0,0,51,30002,11,15,9.284160614013672
0,0,51,30002,11,16,7.00755500793457
0,0,51,30002,11,17,7.841177940368652
0,0,51,30002,11,18,8.522848129272461
0,0,51,30002,11,19,8.667728424072266
0,0,51,30002,11,20,8.241883277893066
0,0,51,30002,11,21,8.033138275146484
0,0,51,30002,11,22,7.055767059326172
0,0,51,30002,11,23,6.8424601554870605
0,0,51,30002,11,24,9.172269821166992
0,0,51,30002,11,25,5.6586432456970215
0,0,51,30002,11,26,6.989941596984863
0,0,51,30002,11,27,9.845857620239258
0,0,51,30002,11,28,9.80778694152832
0,0,51,30002,11,29,7.5552263259887695
0,0,52,30002,12,0,7.503228664398193
0,0,52,30002,12,1,6.621911525726318
0,0,52,30002,12,2,7.442366600036621
0,0,52,30002,12,3,7.727626800537109
0,0,52,30002,12,4,7.018556594848633
0,0,52,30002,12,5,8.99213981628418
0,0,52,30002,12,6,7.73806095123291
0,0,52,30002,12,7,6.403589725494385
0,0,52,30002,12,8,8.431232452392578
0,0,52,30002,12,9,8.375259399414062
0,0,52,30002,12,10,6.155290126800537
0,0,52,30002,12,11,9.117288589477539
0,0,52,30002,12,12,9.130477905273438
0,0,52,30002,12,13,8.077468872070312
0,0,52,30002,12,14,7.612656116485596
0,0,52,30002,12,15,5.552151203155518
0,0,52,30002,12,16,7.230419158935547
0,0,52,30002,12,17,6.228571891784668
0,0,52,30002,12,18,6.78134822845459
0,0,52,30002,12,19,7.48227596282959
0,0,52,30002,12,20,7.8586649894714355
0,0,52,30002,12,21,9.309446334838867
0,0,52,30002,12,22,6.68260383605957
0,0,52,30002,12,23,6.865849494934082
0,0,52,30002,12,24,9.049468994140625
0,0,52,30002,12,25,9.59588623046875
0,0,52,30002,12,26,6.410189628601074
0,0,52,30002,12,27,5.58200740814209
0,0,52,30002,12,28,7.440337181091309
0,0,52,30002,12,29,9.19737434387207
0,0,53,30002,13,0,9.064485549926758
0,0,53,30002,13,1,9.001346588134766
0,0,53,30002,13,2,8.400285720825195
0,0,53,30002,13,3,8.805834770202637
0,0,53,30002,13,4,8.383798599243164
0,0,53,30002,13,5,8.43691635131836
0,0,53,30002,13,6,8.53614616394043
0,0,53,30002,13,7,7.744638442993164
0,0,53,30002,13,8,8.813122749328613
0,0,53,30002,13,9,8.396570205688477
0,0,53,30002,13,10,6.707134246826172
0,0,53,30002,13,11,7.4354400634765625
0,0,53,30002,13,12,9.148173332214355
0,0,53,30002,13,13,7.747245788574219
0,0,53,30002,13,14,8.785018920898438
0,0,53,30002,13,15,9.125795364379883
0,0,53,30002,13,16,8.10390853881836
0,0,53,30002,13,17,7.6103010177612305
0,0,53,30002,13,18,9.694775581359863
0,0,53,30002,13,19,7.8113908767700195
0,0,53,30002,13,20,7.4182634353637695
0,0,53,30002,13,21,7.949176788330078
0,0,53,30002,13,22,6.831076145172119
0,0,53,30002,13,23,9.064120292663574
0,0,53,30002,13,24,5.832053184509277
0,0,53,30002,13,25,7.70311164855957
0,0,53,30002,13,26,7.249304294586182
0,0,53,30002,13,27,10.044705390930176
0,0,53,30002,13,28,9.746295928955078
0,0,53,30002,13,29,7.000819206237793
0,0,54,30002,14,0,6.583763122558594
0,0,54,30002,14,1,6.321872711181641
0,0,54,30002,14,2,7.208069801330566
0,0,54,30002,14,3,7.003647327423096
0,0,54,30002,14,4,8.457954406738281
0,0,54,30002,14,5,7.439273357391357
0,0,54,30002,14,6,9.136870384216309
0,0,54,30002,14,7,8.534673690795898
0,0,54,30002,14,8,7.797537803649902
0,0,54,30002,14,9,7.228546142578125
0,0,54,30002,14,10,7.999178409576416
0,0,54,30002,14,11,7.144387722015381
0,0,54,30002,14,12,8.248798370361328
0,0,54,30002,14,13,6.811345100402832
0,0,54,30002,14,14,6.785913944244385
0,0,54,30002,14,15,8.408759117126465
0,0,54,30002,14,16,6.9469780921936035
0,0,54,30002,14,17,6.563063144683838
0,0,54,30002,14,18,7.4136834144592285
0,0,54,30002,14,19,7.793389320373535
0,0,54,30002,14,20,7.366489887237549
0,0,54,30002,14,21,6.936793327331543
0,0,54,30002,14,22,8.677044868469238
0,0,54,30002,14,23,7.877904891967773
0,0,54,30002,14,24,7.656638145446777
0,0,54,30002,14,25,7.690984725952148
0,0,54,30002,14,26,10.212739944458008
0,0,54,30002,14,27,6.854849815368652
0,0,54,30002,14,28,10.178906440734863
0,0,54,30002,14,29,7.949685096740723
0,0,55,30002,15,0,7.670966625213623
0,0,55,30002,15,1,6.423541069030762
0,0,55,30002,15,2,8.390376091003418
0,0,55,30002,15,3,10.22538948059082
0,0,55,30002,15,4,7.33815860748291
0,0,55,30002,15,5,8.190628051757812
0,0,55,30002,15,6,7.801192760467529
0,0,55,30002,15,7,7.823441505432129
0,0,55,30002,15,8,7.925662517547607
0,0,55,30002,15,9,8.704188346862793
0,0,55,30002,15,10,9.04263687133789
0,0,55,30002,15,11,9.49980640411377
0,0,55,30002,15,12,9.13886547088623
0,0,55,30002,15,13,9.061229705810547
0,0,55,30002,15,14,8.285697937011719
0,0,55,30002,15,15,6.34238338470459
0,0,55,30002,15,16,6.707717418670654
0,0,55,30002,15,17,8.584404945373535
0,0,55,30002,15,18,7.3281378746032715
0,0,55,30002,15,19,9.089879989624023
0,0,55,30002,15,20,8.08569049835205
0,0,55,30002,15,21,7.622742652893066
0,0,55,30002,15,22,6.011167049407959
0,0,55,30002,15,23,8.226125717163086
0,0,55,30002,15,24,7.58017635345459
0,0,55,30002,15,25,8.50965404510498
0,0,55,30002,15,26,8.858255386352539
0,0,55,30002,15,27,7.8485870361328125
0,0,55,30002,15,28,8.890260696411133
0,0,55,30002,15,29,9.941875457763672
0,0,56,30002,16,0,8.650437355041504
0,0,56,30002,16,1,8.237202644348145
0,0,56,30002,16,2,8.158838272094727
0,0,56,30002,16,3,7.555863380432129
0,0,56,30002,16,4,9.520875930786133
0,0,56,30002,16,5,7.864504337310791
0,0,56,30002,16,6,9.324698448181152
0,0,56,30002,16,7,7.564980506896973
0,0,56,30002,16,8,8.163421630859375
0,0,56,30002,16,9,9.95477294921875
0,0,56,30002,16,10,8.05495548248291
0,0,56,30002,16,11,8.439453125
0,0,56,30002,16,12,8.630168914794922
0,0,56,30002,16,13,7.746360778808594
0,0,56,30002,16,14,9.58420181274414
0,0,56,30002,16,15,9.565462112426758
0,0,56,30002,16,16,6.826906204223633
0,0,56,30002,16,17,8.42219352722168
0,0,56,30002,16,18,8.197721481323242
0,0,56,30002,16,19,8.694479942321777
0,0,56,30002,16,20,8.81645393371582
0,0,56,30002,16,21,9.16417121887207
0,0,56,30002,16,22,9.505570411682129
0,0,56,30002,16,23,9.009647369384766
0,0,56,30002,16,24,9.349716186523438
0,0,56,30002,16,25,7.176817417144775
0,0,56,30002,16,26,7.51917839050293
0,0,56,30002,16,27,7.7301130294799805
0,0,56,30002,16,28,7.244813442230225
0,0,56,30002,16,29,8.073354721069336
0,0,57,30002,17,0,6.807384490966797
0,0,57,30002,17,1,6.775524616241455
0,0,57,30002,17,2,7.806469917297363
0,0,57,30002,17,3,9.572715759277344
0,0,57,30002,17,4,7.725881099700928
0,0,57,30002,17,5,7.272409915924072
0,0,57,30002,17,6,6.789153575897217
0,0,57,30002,17,7,7.300434112548828
0,0,57,30002,17,8,6.547973155975342
0,0,57,30002,17,9,8.781938552856445
0,0,57,30002,17,10,7.388724327087402
0,0,57,30002,17,11,7.799830436706543
0,0,57,30002,17,12,6.145236968994141
0,0,57,30002,17,13,7.66920280456543
0,0,57,30002,17,14,7.701677322387695
0,0,57,30002,17,15,9.313037872314453
0,0,57,30002,17,16,7.9718122482299805
0,0,57,30002,17,17,6.292482852935791
0,0,57,30002,17,18,6.842726707458496
0,0,57,30002,17,19,8.123656272888184
0,0,57,30002,17,20,6.170893669128418
0,0,57,30002,17,21,8.115930557250977
0,0,57,30002,17,22,8.851815223693848
0,0,57,30002,17,23,7.109882354736328
0,0,57,30002,17,24,8.509634971618652
0,0,57,30002,17,25,8.225761413574219
0,0,57,30002,17,26,8.198951721191406
0,0,57,30002,17,27,8.637017250061035
0,0,57,30002,17,28,9.6895170211792
0,0,57,30002,17,29,9.005091667175293
0,0,58,30002,18,0,7.813662528991699
0,0,58,30002,18,1,8.715131759643555
0,0,58,30002,18,2,8.254683494567871
0,0,58,30002,18,3,8.666335105895996
0,0,58,30002,18,4,7.328575611114502
0,0,58,30002,18,5,8.65610122680664
0,0,58,30002,18,6,8.514301300048828
0,0,58,30002,18,7,7.451397895812988
0,0,58,30002,18,8,8.728715896606445
0,0,58,30002,18,9,8.066458702087402
0,0,58,30002,18,10,8.923600196838379
0,0,58,30002,18,11,8.563431739807129
0,0,58,30002,18,12,7.900383949279785
0,0,58,30002,18,13,9.004388809204102
0,0,58,30002,18,14,8.698965072631836
0,0,58,30002,18,15,8.291322708129883
0,0,58,30002,18,16,8.631214141845703
0,0,58,30002,18,17,7.029355525970459
0,0,58,30002,18,18,7.596487998962402
0,0,58,30002,18,19,6.7242584228515625
0,0,58,30002,18,20,7.184848785400391
0,0,58,30002,18,21,7.609038352966309
0,0,58,30002,18,22,6.432422637939453
0,0,58,30002,18,23,6.50623893737793
0,0,58,30002,18,24,7.836846828460693
0,0,58,30002,18,25,8.225983619689941
0,0,58,30002,18,26,7.893896102905273
0,0,58,30002,18,27,9.023953437805176
0,0,58,30002,18,28,8.658051490783691
0,0,58,30002,18,29,6.991489410400391
0,0,59,30002,19,0,6.852707386016846
0,0,59,30002,19,1,7.630979061126709
0,0,59,30002,19,2,7.61469841003418
0,0,59,30002,19,3,8.867207527160645
0,0,59,30002,19,4,9.662789344787598
0,0,59,30002,19,5,8.358914375305176
0,0,59,30002,19,6,6.884396553039551
0,0,59,30002,19,7,8.592751502990723
0,0,59,30002,19,8,7.016332626342773
0,0,59,30002,19,9,8.583401679992676
0,0,59,30002,19,10,9.279019355773926
0,0,59,30002,19,11,9.696121215820312
0,0,59,30002,19,12,7.0911455154418945
0,0,59,30002,19,13,6.733030796051025
0,0,59,30002,19,14,7.514476776123047
0,0,59,30002,19,15,6.79441499710083
0,0,59,30002,19,16,8.334047317504883
0,0,59,30002,19,17,7.577113151550293
0,0,59,30002,19,18,7.353937149047852
0,0,59,30002,19,19,7.080618858337402
0,0,59,30002,19,20,8.398170471191406
0,0,59,30002,19,21,8.059803009033203
0,0,59,30002,19,22,7.531306743621826
0,0,59,30002,19,23,6.986692905426025
0,0,59,30002,19,24,8.279688835144043
0,0,59,30002,19,25,6.801584243774414
0,0,59,30002,19,26,7.298530578613281
0,0,59,30002,19,27,7.805447578430176
0,0,59,30002,19,28,6.9666900634765625
0,0,59,30002,19,29,6.357845783233643
1,3600,40,30002,0,0,43.275333404541016
1,3600,40,30002,0,1,3.0197994709014893
1,3600,40,30002,0,2,28.721040725708008
1,3600,40,30002,0,3,12.030500411987305
1,3600,40,30002,0,4,0.7055554389953613
1,3600,40,30002,0,5,1.734320044517517
1,3600,40,30002,0,6,18.942970275878906
1,3600,40,30002,0,7,37.14824295043945
1,3600,40,30002,0,8,42.99748229980469
1,3600,40,30002,0,9,40.241180419921875
1,3600,40,30002,0,10,23.375808715820312
1,3600,40,30002,0,11,40.3193473815918
1,3600,40,30002,0,12,27.71990966796875
1,3600,40,30002,0,13,0.29483461380004883
1,3600,40,30002,0,14,20.30470848083496
1,3600,40,30002,0,15,13.732069969177246
1,3600,40,30002,0,16,3.3660504817962646
1,3600,40,30002,0,17,7.310969352722168
1,3600,40,30002,0,18,2.882707357406616
1,3600,40,30002,0,19,2.4389939308166504
1,3600,40,30002,0,20,20.60533332824707
1,3600,40,30002,0,21,37.29186248779297
1,3600,40,30002,0,22,11.541379928588867
1,3600,40,30002,0,23,0.05999999865889549
1,3600,40,30002,0,24,44.30279541015625
1,3600,40,30002,0,25,23.688282012939453
1,3600,40,30002,0,26,0.6750730276107788
1,3600,40,30002,0,27,5.754824161529541
1,3600,40,30002,0,28,36.897010803222656
1,3600,40,30002,0,29,6.278409481048584
1,3600,41,30002,1,0,0.569161593914032
1,3600,41,30002,1,1,1.5828306674957275
1,3600,41,30002,1,2,24.201148986816406
1,3600,41,30002,1,3,1.211613416671753
1,3600,41,30002,1,4,2.018563747406006
1,3600,41,30002,1,5,41.11469268798828
1,3600,41,30002,1,6,45.677425384521484
1,3600,41,30002,1,7,24.004947662353516
1,3600,41,30002,1,8,41.71227264404297
1,3600,41,30002,1,9,38.710845947265625
1,3600,41,30002,1,10,19.51839828491211
1,3600,41,30002,1,11,4.2322611808776855
1,3600,41,30002,1,12,41.321044921875
1,3600,41,30002,1,13,0.5254309773445129
1,3600,41,30002,1,14,24.97591209411621
1,3600,41,30002,1,15,0.7496136426925659
1,3600,41,30002,1,16,2.852496385574341
1,3600,41,30002,1,17,0.10608547925949097
1,3600,41,30002,1,18,22.846660614013672
1,3600,41,30002,1,19,42.73759078979492
1,3600,41,30002,1,20,10.487186431884766
1,3600,41,30002,1,21,6.528115749359131
1,3600,41,30002,1,22,1.578395128250122
1,3600,41,30002,1,23,0.12376150488853455
1,3600,41,30002,1,24,4.188708782196045
1,3600,41,30002,1,25,23.651508331298828
1,3600,41,30002,1,26,3.637683391571045
1,3600,41,30002,1,27,33.40132141113281
1,3600,41,30002,1,28,1.09817373752594
1,3600,41,30002,1,29,2.908909797668457
1,3600,42,30002,2,0,2.4759418964385986
1,3600,42,30002,2,1,7.685595512390137
1,3600,42,30002,2,2,11.387069702148438
1,3600,42,30002,2,3,35.306095123291016
1,3600,42,30002,2,4,0.901517927646637
1,3600,42,30002,2,5,12.456022262573242
1,3600,42,30002,2,6,1.7538665533065796
1,3600,42,30002,2,7,33.67843246459961
1,3600,42,30002,2,8,23.852510452270508
1,3600,42,30002,2,9,1.2849841117858887
1,3600,42,30002,2,10,40.71601104736328
1,3600,42,30002,2,11,11.475143432617188
1,3600,42,30002,2,12,1.1453502178192139
1,3600,42,30002,2,13,1.6925334930419922
1,3600,42,30002,2,14,0.49994659423828125
1,3600,42,30002,2,15,17.971824645996094
1,3600,42,30002,2,16,34.84171676635742
1,3600,42,30002,2,17,12.447757720947266
1,3600,42,30002,2,18,46.184268951416016
1,3600,42,30002,2,19,42.58479690551758
1,3600,42,30002,2,20,0.06562213599681854
1,3600,42,30002,2,21,22.134782791137695
1,3600,42,30002,2,22,33.87451171875
1,3600,42,30002,2,23,1.6321310997009277
1,3600,42,30002,2,24,31.878345489501953
1,3600,42,30002,2,25,31.524433135986328
1,3600,42,30002,2,26,35.820796966552734
1,3600,42,30002,2,27,1.1735327243804932
1,3600,42,30002,2,28,36.27520751953125
1,3600,42,30002,2,29,44.507347106933594
1,3600,43,30002,3,0,36.776859283447266
1,3600,43,30002,3,1,42.363059997558594
1,3600,43,30002,3,2,43.448822021484375
1,3600,43,30002,3,3,43.230010986328125
1,3600,43,30002,3,4,0.5597398281097412
1,3600,43,30002,3,5,1.598292350769043
1,3600,43,30002,3,6,0.3232479691505432
1,3600,43,30002,3,7,0.4333760142326355
1,3600,43,30002,3,8,44.62474060058594
1,3600,43,30002,3,9,47.017234802246094
1,3600,43,30002,3,10,0.7360593676567078
1,3600,43,30002,3,11,38.904659271240234
1,3600,43,30002,3,12,49.04729080200195
1,3600,43,30002,3,13,4.463225364685059
1,3600,43,30002,3,14,0.21064628660678864
1,3600,43,30002,3,15,5.846141338348389
1,3600,43,30002,3,16,7.272745132446289
1,3600,43,30002,3,17,1.1205267906188965
1,3600,43,30002,3,18,0.4492241442203522
1,3600,43,30002,3,19,20.068710327148438
1,3600,43,30002,3,20,0.3841162919998169
1,3600,43,30002,3,21,37.716453552246094
1,3600,43,30002,3,22,0.4196402430534363
1,3600,43,30002,3,23,37.7952995300293
1,3600,43,30002,3,24,5.046741962432861
1,3600,43,30002,3,25,33.11251449584961
1,3600,43,30002,3,26,0.9964314699172974
1,3600,43,30002,3,27,0.44772112369537354
1,3600,43,30002,3,28,0.3272722065448761
1,3600,43,30002,3,29,0.5355609059333801
1,3600,44,30002,4,0,2.810029983520508
1,3600,44,30002,4,1,7.057961940765381
1,3600,44,30002,4,2,0.2646936774253845
1,3600,44,30002,4,3,43.99003601074219
1,3600,44,30002,4,4,39.15116882324219
1,3600,44,30002,4,5,0.32410818338394165
1,3600,44,30002,4,6,40.2483024597168
1,3600,44,30002,4,7,44.099342346191406
1,3600,44,30002,4,8,0.6383346915245056
1,3600,44,30002,4,9,43.660762786865234
1,3600,44,30002,4,10,45.51016616821289
1,3600,44,30002,4,11,32.87012481689453
1,3600,44,30002,4,12,46.65892028808594
1,3600,44,30002,4,13,4.381666660308838
1,3600,44,30002,4,14,6.735651969909668
1,3600,44,30002,4,15,0.6881561279296875
1,3600,44,30002,4,16,0.499421089887619
1,3600,44,30002,4,17,41.85187911987305
1,3600,44,30002,4,18,38.94917297363281
1,3600,44,30002,4,19,40.98567581176758
1,3600,44,30002,4,20,1.0037641525268555
1,3600,44,30002,4,21,46.7396354675293
1,3600,44,30002,4,22,33.91897201538086
1,3600,44,30002,4,23,1.3397605419158936
1,3600,44,30002,4,24,39.67765808105469
1,3600,44,30002,4,25,18.692569732666016
1,3600,44,30002,4,26,2.277719497680664
1,3600,44,30002,4,27,47.42670822143555
1,3600,44,30002,4,28,35.03026580810547
1,3600,44,30002,4,29,43.67354202270508
1,3600,45,30002,5,0,0.7850446701049805
1,3600,45,30002,5,1,46.4786376953125
1,3600,45,30002,5,2,0.42781710624694824
1,3600,45,30002,5,3,32.9741325378418
1,3600,45,30002,5,4,0.1715775430202484
1,3600,45,30002,5,5,17.52281951904297
1,3600,45,30002,5,6,4.440080165863037
1,3600,45,30002,5,7,1.6885812282562256
1,3600,45,30002,5,8,0.6560683846473694
1,3600,45,30002,5,9,0.14012686908245087
1,3600,45,30002,5,10,7.562563896179199
1,3600,45,30002,5,11,19.852991104125977
1,3600,45,30002,5,12,0.8847302794456482
1,3600,45,30002,5,13,47.39173126220703
1,3600,45,30002,5,14,8.220775604248047
1,3600,45,30002,5,15,18.62765884399414
1,3600,45,30002,5,16,24.51219367980957
1,3600,45,30002,5,17,4.355378150939941
1,3600,45,30002,5,18,0.4101516306400299
1,3600,45,30002,5,19,10.325946807861328
1,3600,45,30002,5,20,0.5381411910057068
1,3600,45,30002,5,21,40.8097038269043
1,3600,45,30002,5,22,35.62679672241211
1,3600,45,30002,5,23,1.06340491771698
1,3600,45,30002,5,24,37.660484313964844
1,3600,45,30002,5,25,30.245559692382812
1,3600,45,30002,5,26,38.46807098388672
1,3600,45,30002,5,27,3.1914613246917725
1,3600,45,30002,5,28,36.066009521484375
1,3600,45,30002,5,29,0.7767201662063599
1,3600,46,30002,6,0,46.117740631103516
1,3600,46,30002,6,1,35.50583267211914
1,3600,46,30002,6,2,49.84883499145508
1,3600,46,30002,6,3,11.125354766845703
1,3600,46,30002,6,4,6.1687517166137695
1,3600,46,30002,6,5,21.018798828125
1,3600,46,30002,6,6,16.54360580444336
1,3600,46,30002,6,7,6.813274383544922
1,3600,46,30002,6,8,5.359565258026123
1,3600,46,30002,6,9,0.09421899914741516
1,3600,46,30002,6,10,26.64086151123047
1,3600,46,30002,6,11,8.462456703186035
1,3600,46,30002,6,12,25.133989334106445
1,3600,46,30002,6,13,3.387195110321045
1,3600,46,30002,6,14,1.7541496753692627
1,3600,46,30002,6,15,42.358245849609375
1,3600,46,30002,6,16,20.91545295715332
1,3600,46,30002,6,17,2.5907742977142334
1,3600,46,30002,6,18,23.260149002075195
1,3600,46,30002,6,19,41.528465270996094
1,3600,46,30002,6,20,49.18207931518555
1,3600,46,30002,6,21,28.021785736083984
1,3600,46,30002,6,22,3.5520241260528564
1,3600,46,30002,6,23,1.1155762672424316
1,3600,46,30002,6,24,39.33568572998047
1,3600,46,30002,6,25,13.989493370056152
1,3600,46,30002,6,26,29.008821487426758
1,3600,46,30002,6,27,34.41184616088867
1,3600,46,30002,6,28,25.4141788482666
1,3600,46,30002,6,29,38.18307113647461
1,3600,47,30002,7,0,27.570096969604492
1,3600,47,30002,7,1,37.41640090942383
1,3600,47,30002,7,2,0.40253105759620667
1,3600,47,30002,7,3,0.0821465328335762
1,3600,47,30002,7,4,4.944413661956787
1,3600,47,30002,7,5,41.62428283691406
1,3600,47,30002,7,6,42.49869155883789
1,3600,47,30002,7,7,0.46567678451538086
1,3600,47,30002,7,8,0.3862560987472534
1,3600,47,30002,7,9,8.620121955871582
1,3600,47,30002,7,10,15.959041595458984
1,3600,47,30002,7,11,1.2434192895889282
1,3600,47,30002,7,12,42.90901565551758
1,3600,47,30002,7,13,48.9590950012207
1,3600,47,30002,7,14,21.243717193603516
1,3600,47,30002,7,15,6.402010917663574
1,3600,47,30002,7,16,35.17375183105469
1,3600,47,30002,7,17,1.1216866970062256
1,3600,47,30002,7,18,3.2061023712158203
1,3600,47,30002,7,19,6.900566577911377
1,3600,47,30002,7,20,4.374174118041992
1,3600,47,30002,7,21,29.298782348632812
1,3600,47,30002,7,22,23.077388763427734
1,3600,47,30002,7,23,0.20386344194412231
1,3600,47,30002,7,24,44.4232063293457
1,3600,47,30002,7,25,0.2641781270503998
1,3600,47,30002,7,26,33.51652526855469
1,3600,47,30002,7,27,38.65476989746094
1,3600,47,30002,7,28,43.88321304321289
1,3600,47,30002,7,29,39.63618850708008
1,3600,48,30002,8,0,2.8875722885131836
1,3600,48,30002,8,1,46.91719055175781
1,3600,48,30002,8,2,6.960450172424316
1,3600,48,30002,8,3,9.93215560913086
1,3600,48,30002,8,4,4.519557476043701
1,3600,48,30002,8,5,38.05827713012695
1,3600,48,30002,8,6,0.42854589223861694
1,3600,48,30002,8,7,0.3951682448387146
1,3600,48,30002,8,8,1.1680561304092407
1,3600,48,30002,8,9,0.38898390531539917
1,3600,48,30002,8,10,43.48958969116211
1,3600,48,30002,8,11,0.4602400064468384
1,3600,48,30002,8,12,39.38689422607422
1,3600,48,30002,8,13,19.026485443115234
1,3600,48,30002,8,14,8.405925750732422
1,3600,48,30002,8,15,1.104444146156311
1,3600,48,30002,8,16,0.506078839302063
1,3600,48,30002,8,17,39.360252380371094
1,3600,48,30002,8,18,40.604549407958984
1,3600,48,30002,8,19,32.13026428222656
1,3600,48,30002,8,20,3.7580244541168213
1,3600,48,30002,8,21,0.09824490547180176
1,3600,48,30002,8,22,2.437314748764038
1,3600,48,30002,8,23,46.15986251831055
1,3600,48,30002,8,24,39.81285095214844
1,3600,48,30002,8,25,10.166760444641113
1,3600,48,30002,8,26,30.628293991088867
1,3600,48,30002,8,27,6.738822937011719
1,3600,48,30002,8,28,1.8040235042572021
1,3600,48,30002,8,29,47.38301086425781
1,3600,49,30002,9,0,40.54973602294922
1,3600,49,30002,9,1,36.13290786743164
1,3600,49,30002,9,2,1.1009787321090698
1,3600,49,30002,9,3,6.096704483032227
1,3600,49,30002,9,4,44.64464569091797
1,3600,49,30002,9,5,37.75510787963867
1,3600,49,30002,9,6,4.025419235229492
1,3600,49,30002,9,7,42.75041961669922
1,3600,49,30002,9,8,45.113319396972656
1,3600,49,30002,9,9,43.50761413574219
1,3600,49,30002,9,10,47.27392578125
1,3600,49,30002,9,11,0.9670017957687378
1,3600,49,30002,9,12,36.84785461425781
1,3600,49,30002,9,13,0.6477951407432556
1,3600,49,30002,9,14,3.7119250297546387
1,3600,49,30002,9,15,3.765855312347412
1,3600,49,30002,9,16,3.370718002319336
1,3600,49,30002,9,17,42.277835845947266
1,3600,49,30002,9,18,40.060359954833984
1,3600,49,30002,9,19,1.8572232723236084
1,3600,49,30002,9,20,43.71962356567383
1,3600,49,30002,9,21,40.068359375
1,3600,49,30002,9,22,0.39609843492507935
1,3600,49,30002,9,23,42.30801773071289
1,3600,49,30002,9,24,0.9493257999420166
1,3600,49,30002,9,25,10.867721557617188
1,3600,49,30002,9,26,6.233101844787598
1,3600,49,30002,9,27,1.0765458345413208
1,3600,49,30002,9,28,0.10575062036514282
1,3600,49,30002,9,29,1.5214121341705322
1,3600,50,30002,10,0,3.030336856842041
1,3600,50,30002,10,1,0.10911612212657928
1,3600,50,30002,10,2,26.630346298217773
1,3600,50,30002,10,3,0.11743710935115814
1,3600,50,30002,10,4,2.766228675842285
1,3600,50,30002,10,5,2.567488193511963
1,3600,50,30002,10,6,23.667091369628906
1,3600,50,30002,10,7,1.041585087776184
1,3600,50,30002,10,8,41.083160400390625
1,3600,50,30002,10,9,4.507059097290039
1,3600,50,30002,10,10,14.437676429748535
1,3600,50,30002,10,11,3.5014801025390625
1,3600,50,30002,10,12,0.10908691585063934
1,3600,50,30002,10,13,1.7276846170425415
1,3600,50,30002,10,14,5.403538227081299
1,3600,50,30002,10,15,41.54615020751953
1,3600,50,30002,10,16,43.188045501708984
1,3600,50,30002,10,17,43.882598876953125
1,3600,50,30002,10,18,0.6040701270103455
1,3600,50,30002,10,19,1.8024590015411377
1,3600,50,30002,10,20,0.6652770042419434
1,3600,50,30002,10,21,29.74812889099121
1,3600,50,30002,10,22,42.9971809387207
1,3600,50,30002,10,23,43.6688232421875
1,3600,50,30002,10,24,1.5875773429870605
1,3600,50,30002,10,25,43.990928649902344
1,3600,50,30002,10,26,43.109527587890625
1,3600,50,30002,10,27,1.383406162261963
1,3600,50,30002,10,28,38.37544631958008
1,3600,50,30002,10,29,2.4778494834899902
1,3600,51,30002,11,0,30.812870025634766
1,3600,51,30002,11,1,1.1654950380325317
1,3600,51,30002,11,2,0.1521562933921814
1,3600,51,30002,11,3,1.1729456186294556
1,3600,51,30002,11,4,42.317039489746094
1,3600,51,30002,11,5,2.188225507736206
1,3600,51,30002,11,6,4.306393146514893
1,3600,51,30002,11,7,21.428266525268555
1,3600,51,30002,11,8,0.26733535528182983
1,3600,51,30002,11,9,42.716575622558594
1,3600,51,30002,11,10,21.59649658203125
1,3600,51,30002,11,11,40.432682037353516
1,3600,51,30002,11,12,0.5275853872299194
1,3600,51,30002,11,13,9.279024124145508
1,3600,51,30002,11,14,45.787174224853516
1,3600,51,30002,11,15,2.6465702056884766
1,3600,51,30002,11,16,3.439847707748413
1,3600,51,30002,11,17,39.07746124267578
1,3600,51,30002,11,18,21.800214767456055
1,3600,51,30002,11,19,5.138303756713867
1,3600,51,30002,11,20,1.4739556312561035
1,3600,51,30002,11,21,0.09947094321250916
1,3600,51,30002,11,22,34.00408172607422
1,3600,51,30002,11,23,4.21714973449707
1,3600,51,30002,11,24,8.320631980895996
1,3600,51,30002,11,25,15.737213134765625
1,3600,51,30002,11,26,37.726863861083984
1,3600,51,30002,11,27,42.661991119384766
1,3600,51,30002,11,28,26.207500457763672
1,3600,51,30002,11,29,34.742347717285156
1,3600,52,30002,12,0,37.0513801574707
1,3600,52,30002,12,1,7.919651985168457
1,3600,52,30002,12,2,1.3656258583068848
1,3600,52,30002,12,3,28.864242553710938
1,3600,52,30002,12,4,0.9426678419113159
1,3600,52,30002,12,5,0.17716102302074432
1,3600,52,30002,12,6,33.79079818725586
1,3600,52,30002,12,7,2.984647512435913
1,3600,52,30002,12,8,36.51603317260742
1,3600,52,30002,12,9,3.715524435043335
1,3600,52,30002,12,10,35.00360870361328
1,3600,52,30002,12,11,1.3681557178497314
1,3600,52,30002,12,12,1.2487967014312744
1,3600,52,30002,12,13,22.554401397705078
1,3600,52,30002,12,14,0.8862119913101196
1,3600,52,30002,12,15,20.01097869873047
1,3600,52,30002,12,16,3.2394042015075684
1,3600,52,30002,12,17,9.460197448730469
1,3600,52,30002,12,18,45.39726638793945
1,3600,52,30002,12,19,0.8889864683151245
1,3600,52,30002,12,20,0.265298068523407
1,3600,52,30002,12,21,42.92926025390625
1,3600,52,30002,12,22,1.0240490436553955
1,3600,52,30002,12,23,3.2981605529785156
1,3600,52,30002,12,24,44.40507888793945
1,3600,52,30002,12,25,0.12425830215215683
1,3600,52,30002,12,26,45.80707550048828
1,3600,52,30002,12,27,2.1729795932769775
1,3600,52,30002,12,28,21.540727615356445
1,3600,52,30002,12,29,20.62883758544922
1,3600,53,30002,13,0,37.95012664794922
1,3600,53,30002,13,1,44.57387161254883
1,3600,53,30002,13,2,2.314925193786621
1,3600,53,30002,13,3,43.91440200805664
1,3600,53,30002,13,4,7.044835567474365
1,3600,53,30002,13,5,0.08218679577112198
1,3600,53,30002,13,6,5.074767112731934
1,3600,53,30002,13,7,45.067832946777344
1,3600,53,30002,13,8,2.7575244903564453
1,3600,53,30002,13,9,0.6340439319610596
1,3600,53,30002,13,10,43.4254150390625
1,3600,53,30002,13,11,2.903459072113037
1,3600,53,30002,13,12,17.368762969970703
1,3600,53,30002,13,13,34.072811126708984
1,3600,53,30002,13,14,25.44639778137207
1,3600,53,30002,13,15,46.29948806762695
1,3600,53,30002,13,16,0.37187719345092773
1,3600,53,30002,13,17,1.4749047756195068
1,3600,53,30002,13,18,26.162002563476562
1,3600,53,30002,13,19,45.67121887207031
1,3600,53,30002,13,20,2.324733018875122
1,3600,53,30002,13,21,2.0280799865722656
1,3600,53,30002,13,22,19.703720092773438
1,3600,53,30002,13,23,45.85103225708008
1,3600,53,30002,13,24,18.587663650512695
1,3600,53,30002,13,25,1.1038211584091187
1,3600,53,30002,13,26,3.5721938610076904
1,3600,53,30002,13,27,47.81791305541992
1,3600,53,30002,13,28,0.23398816585540771
1,3600,53,30002,13,29,2.561079263687134
1,3600,54,30002,14,0,1.1992614269256592
1,3600,54,30002,14,1,34.678955078125
1,3600,54,30002,14,2,5.783915996551514
1,3600,54,30002,14,3,41.14824676513672
1,3600,54,30002,14,4,7.409055233001709
1,3600,54,30002,14,5,0.5080298185348511
1,3600,54,30002,14,6,1.065834403038025
1,3600,54,30002,14,7,37.73820877075195
1,3600,54,30002,14,8,14.29658031463623
1,3600,54,30002,14,9,33.658382415771484
1,3600,54,30002,14,10,7.211248397827148
1,3600,54,30002,14,11,42.52774429321289
1,3600,54,30002,14,12,8.328598022460938
1,3600,54,30002,14,13,0.3036295175552368
1,3600,54,30002,14,14,35.67365264892578
1,3600,54,30002,14,15,0.41453126072883606
1,3600,54,30002,14,16,0.7238727807998657
1,3600,54,30002,14,17,39.76156234741211
1,3600,54,30002,14,18,3.5901100635528564
1,3600,54,30002,14,19,44.20924377441406
1,3600,54,30002,14,20,7.107182502746582
1,3600,54,30002,14,21,6.413606643676758
1,3600,54,30002,14,22,40.95281219482422
1,3600,54,30002,14,23,1.453303575515747
1,3600,54,30002,14,24,40.68695831298828
1,3600,54,30002,14,25,32.97287368774414
1,3600,54,30002,14,26,1.436899185180664
1,3600,54,30002,14,27,34.16173553466797
1,3600,54,30002,14,28,10.628314971923828
1,3600,54,30002,14,29,36.327735900878906
1,3600,55,30002,15,0,46.03688430786133
1,3600,55,30002,15,1,10.082219123840332
1,3600,55,30002,15,2,30.29603385925293
1,3600,55,30002,15,3,0.9299442172050476
1,3600,55,30002,15,4,42.68856430053711
1,3600,55,30002,15,5,1.0438729524612427
1,3600,55,30002,15,6,38.366050720214844
1,3600,55,30002,15,7,46.38253402709961
1,3600,55,30002,15,8,0.40224772691726685
1,3600,55,30002,15,9,41.260860443115234
1,3600,55,30002,15,10,42.04826736450195
1,3600,55,30002,15,11,42.52274703979492
1,3600,55,30002,15,12,0.2726894021034241
1,3600,55,30002,15,13,5.323670864105225
1,3600,55,30002,15,14,41.27035140991211
1,3600,55,30002,15,15,10.315959930419922
1,3600,55,30002,15,16,1.3820085525512695
1,3600,55,30002,15,17,36.817771911621094
1,3600,55,30002,15,18,8.888692855834961
1,3600,55,30002,15,19,0.060883019119501114
1,3600,55,30002,15,20,2.868117094039917
1,3600,55,30002,15,21,40.173824310302734
1,3600,55,30002,15,22,3.133200168609619
1,3600,55,30002,15,23,40.905906677246094
1,3600,55,30002,15,24,28.02980613708496
1,3600,55,30002,15,25,18.59025001525879
1,3600,55,30002,15,26,42.4877815246582
1,3600,55,30002,15,27,21.419382095336914
1,3600,55,30002,15,28,7.156985759735107
1,3600,55,30002,15,29,4.0162177085876465
1,3600,56,30002,16,0,46.88801956176758
1,3600,56,30002,16,1,42.64741516113281
1,3600,56,30002,16,2,5.217653751373291
1,3600,56,30002,16,3,0.22325178980827332
1,3600,56,30002,16,4,0.3075595796108246
1,3600,56,30002,16,5,43.70143127441406
1,3600,56,30002,16,6,10.729308128356934
1,3600,56,30002,16,7,33.95317459106445
1,3600,56,30002,16,8,25.923599243164062
1,3600,56,30002,16,9,0.7798566818237305
1,3600,56,30002,16,10,0.3914583921432495
1,3600,56,30002,16,11,26.84429359436035
1,3600,56,30002,16,12,14.503300666809082
1,3600,56,30002,16,13,14.546354293823242
1,3600,56,30002,16,14,7.0686540603637695
1,3600,56,30002,16,15,0.8281791806221008
1,3600,56,30002,16,16,4.942501068115234
1,3600,56,30002,16,17,2.052039623260498
1,3600,56,30002,16,18,43.914974212646484
1,3600,56,30002,16,19,16.790870666503906
1,3600,56,30002,16,20,7.13621187210083
1,3600,56,30002,16,21,0.33238834142684937
1,3600,56,30002,16,22,1.3885321617126465
1,3600,56,30002,16,23,14.926935195922852
1,3600,56,30002,16,24,6.013919353485107
1,3600,56,30002,16,25,38.288211822509766
1,3600,56,30002,16,26,39.66054916381836
1,3600,56,30002,16,27,13.810425758361816
1,3600,56,30002,16,28,42.452980041503906
1,3600,56,30002,16,29,0.18921422958374023
1,3600,57,30002,17,0,0.4366613030433655
1,3600,57,30002,17,1,41.06073760986328
1,3600,57,30002,17,2,23.4879093170166
1,3600,57,30002,17,3,0.42398297786712646
1,3600,57,30002,17,4,1.4726195335388184
1,3600,57,30002,17,5,0.1459747850894928
1,3600,57,30002,17,6,40.121124267578125
1,3600,57,30002,17,7,23.457124710083008
1,3600,57,30002,17,8,0.1347278356552124
1,3600,57,30002,17,9,1.5233275890350342
1,3600,57,30002,17,10,0.291292667388916
1,3600,57,30002,17,11,41.682220458984375
1,3600,57,30002,17,12,2.2546558380126953
1,3600,57,30002,17,13,6.249835014343262
1,3600,57,30002,17,14,4.627131462097168
1,3600,57,30002,17,15,0.7562497854232788
1,3600,57,30002,17,16,18.058269500732422
1,3600,57,30002,17,17,34.13844299316406
1,3600,57,30002,17,18,1.8131357431411743
1,3600,57,30002,17,19,5.970257759094238
1,3600,57,30002,17,20,4.791517734527588
1,3600,57,30002,17,21,0.7403643131256104
1,3600,57,30002,17,22,35.17926025390625
1,3600,57,30002,17,23,19.127296447753906
1,3600,57,30002,17,24,42.29426193237305
1,3600,57,30002,17,25,5.2902607917785645
1,3600,57,30002,17,26,0.8073408007621765
1,3600,57,30002,17,27,0.4799688458442688
1,3600,57,30002,17,28,45.430946350097656
1,3600,57,30002,17,29,43.775611877441406
1,3600,58,30002,18,0,40.26032257080078
1,3600,58,30002,18,1,1.5738365650177002
1,3600,58,30002,18,2,14.078577041625977
1,3600,58,30002,18,3,3.03521728515625
1,3600,58,30002,18,4,0.14314794540405273
1,3600,58,30002,18,5,0.18904289603233337
1,3600,58,30002,18,6,41.200923919677734
1,3600,58,30002,18,7,0.7944294810295105
1,3600,58,30002,18,8,0.19768568873405457
1,3600,58,30002,18,9,9.379133224487305
1,3600,58,30002,18,10,5.966855525970459
1,3600,58,30002,18,11,6.612751007080078
1,3600,58,30002,18,12,0.6262909173965454
1,3600,58,30002,18,13,42.41050720214844
1,3600,58,30002,18,14,1.37015700340271
1,3600,58,30002,18,15,0.5537946224212646
1,3600,58,30002,18,16,35.093772888183594
1,3600,58,30002,18,17,47.65392303466797
1,3600,58,30002,18,18,4.31796932220459
1,3600,58,30002,18,19,1.4539834260940552
1,3600,58,30002,18,20,1.8937427997589111
1,3600,58,30002,18,21,36.252288818359375
1,3600,58,30002,18,22,2.887840509414673
1,3600,58,30002,18,23,9.99332046508789
1,3600,58,30002,18,24,6.94516134262085
1,3600,58,30002,18,25,5.62042760848999
1,3600,58,30002,18,26,7.409162521362305
1,3600,58,30002,18,27,8.874075889587402
1,3600,58,30002,18,28,1.3625904321670532
1,3600,58,30002,18,29,41.68083953857422
1,3600,59,30002,19,0,32.5371208190918
1,3600,59,30002,19,1,2.1886022090911865
1,3600,59,30002,19,2,5.144186019897461
1,3600,59,30002,19,3,38.26118469238281
1,3600,59,30002,19,4,28.509300231933594
1,3600,59,30002,19,5,39.804405212402344
1,3600,59,30002,19,6,0.2818682789802551
1,3600,59,30002,19,7,1.0297582149505615
1,3600,59,30002,19,8,41.91759490966797
1,3600,59,30002,19,9,49.05128860473633
1,3600,59,30002,19,10,11.539034843444824
1,3600,59,30002,19,11,6.580711364746094
1,3600,59,30002,19,12,1.3597025871276855
1,3600,59,30002,19,13,0.7636994123458862
1,3600,59,30002,19,14,1.6793017387390137
1,3600,59,30002,19,15,2.709376811981201
1,3600,59,30002,19,16,43.14646911621094
1,3600,59,30002,19,17,21.155502319335938
1,3600,59,30002,19,18,2.5766141414642334
1,3600,59,30002,19,19,2.4266626834869385
1,3600,59,30002,19,20,2.1228785514831543
1,3600,59,30002,19,21,41.05814743041992
1,3600,59,30002,19,22,1.782038927078247
1,3600,59,30002,19,23,42.51778030395508
1,3600,59,30002,19,24,1.7438247203826904
1,3600,59,30002,19,25,0.06736070662736893
1,3600,59,30002,19,26,15.375336647033691
1,3600,59,30002,19,27,1.9266173839569092
1,3600,59,30002,19,28,0.7994410991668701
1,3600,59,30002,19,29,30.23293113708496
2,7200,40,30002,0,0,1.3185898065567017
2,7200,40,30002,0,1,9.591721534729004
2,7200,40,30002,0,2,0.9363759756088257
2,7200,40,30002,0,3,21.33072853088379
2,7200,40,30002,0,4,1.4768787622451782
2,7200,40,30002,0,5,4.215850353240967
2,7200,40,30002,0,6,26.20467758178711
2,7200,40,30002,0,7,1.1295738220214844
2,7200,40,30002,0,8,5.89939022064209
2,7200,40,30002,0,9,5.332485198974609
2,7200,40,30002,0,10,31.766307830810547
2,7200,40,30002,0,11,0.30072206258773804
2,7200,40,30002,0,12,37.85269546508789
2,7200,40,30002,0,13,2.444270372390747
2,7200,40,30002,0,14,0.24451380968093872
2,7200,40,30002,0,15,23.462249755859375
2,7200,40,30002,0,16,9.926307678222656
2,7200,40,30002,0,17,17.200220108032227
2,7200,40,30002,0,18,9.94913101196289
2,7200,40,30002,0,19,0.3134147524833679
2,7200,40,30002,0,20,1.4474996328353882
2,7200,40,30002,0,21,5.150054454803467
2,7200,40,30002,0,22,0.08056356012821198
2,7200,40,30002,0,23,0.7932468056678772
2,7200,40,30002,0,24,6.189269542694092
2,7200,40,30002,0,25,9.382875442504883
2,7200,40,30002,0,26,2.574115514755249
2,7200,40,30002,0,27,0.5378689169883728
2,7200,40,30002,0,28,4.718313694000244
2,7200,40,30002,0,29,0.798081636428833
2,7200,41,30002,1,0,5.149784088134766
2,7200,41,30002,1,1,6.626466751098633
2,7200,41,30002,1,2,0.07339794188737869
2,7200,41,30002,1,3,6.762414932250977
2,7200,41,30002,1,4,7.44691801071167
2,7200,41,30002,1,5,0.32675448060035706
2,7200,41,30002,1,6,1.3741315603256226
2,7200,41,30002,1,7,32.81175994873047
2,7200,41,30002,1,8,5.949865818023682
2,7200,41,30002,1,9,0.7312849760055542
2,7200,41,30002,1,10,26.669513702392578
2,7200,41,30002,1,11,7.014464378356934
2,7200,41,30002,1,12,1.6450492143630981
2,7200,41,30002,1,13,2.4999468326568604
2,7200,41,30002,1,14,34.45012283325195
2,7200,41,30002,1,15,4.361424922943115
2,7200,41,30002,1,16,0.3670819401741028
2,7200,41,30002,1,17,3.8876163959503174
2,7200,41,30002,1,18,32.3839111328125
2,7200,41,30002,1,19,0.622294008731842
2,7200,41,30002,1,20,0.364878386259079
2,7200,41,30002,1,21,10.34437370300293
2,7200,41,30002,1,22,6.258124351501465
2,7200,41,30002,1,23,2.082792282104492
2,7200,41,30002,1,24,7.533397197723389
2,7200,41,30002,1,25,32.89727020263672
2,7200,41,30002,1,26,6.853475093841553
2,7200,41,30002,1,27,3.165508985519409
2,7200,41,30002,1,28,2.986673355102539
2,7200,41,30002,1,29,0.07908865809440613
2,7200,42,30002,2,0,7.520977973937988
2,7200,42,30002,2,1,0.24689626693725586
2,7200,42,30002,2,2,21.67978286743164
2,7200,42,30002,2,3,0.5797543525695801
2,7200,42,30002,2,4,0.11972182989120483
2,7200,42,30002,2,5,20.7922420501709
2,7200,42,30002,2,6,3.600034713745117
2,7200,42,30002,2,7,0.43677690625190735
2,7200,42,30002,2,8,0.3032400608062744
2,7200,42,30002,2,9,5.474268913269043
2,7200,42,30002,2,10,14.955984115600586
2,7200,42,30002,2,11,23.77796173095703
2,7200,42,30002,2,12,0.12066462635993958
2,7200,42,30002,2,13,6.808051586151123
2,7200,42,30002,2,14,2.04891037940979
2,7200,42,30002,2,15,32.205684661865234
2,7200,42,30002,2,16,4.591115951538086
2,7200,42,30002,2,17,1.615041971206665
2,7200,42,30002,2,18,6.454092025756836
2,7200,42,30002,2,19,5.970242500305176
2,7200,42,30002,2,20,0.9508622884750366
2,7200,42,30002,2,21,0.12053465843200684
2,7200,42,30002,2,22,0.9966888427734375
2,7200,42,30002,2,23,8.694967269897461
2,7200,42,30002,2,24,9.509320259094238
2,7200,42,30002,2,25,1.1642584800720215
2,7200,42,30002,2,26,10.453115463256836
2,7200,42,30002,2,27,5.294692039489746
2,7200,42,30002,2,28,4.9562153816223145
2,7200,42,30002,2,29,12.142071723937988
2,7200,43,30002,3,0,5.010119438171387
2,7200,43,30002,3,1,5.951528072357178
2,7200,43,30002,3,2,56.15745544433594
2,7200,43,30002,3,3,1.182953953742981
2,7200,43,30002,3,4,2.887218475341797
2,7200,43,30002,3,5,0.2055056393146515
2,7200,43,30002,3,6,7.874616622924805
2,7200,43,30002,3,7,2.433495044708252
2,7200,43,30002,3,8,2.722011089324951
2,7200,43,30002,3,9,6.249229431152344
2,7200,43,30002,3,10,2.0537755489349365
2,7200,43,30002,3,11,0.2225971668958664
2,7200,43,30002,3,12,2.0356991291046143
2,7200,43,30002,3,13,11.046346664428711
2,7200,43,30002,3,14,6.3820672035217285
2,7200,43,30002,3,15,13.590790748596191
2,7200,43,30002,3,16,16.534221649169922
2,7200,43,30002,3,17,0.08914479613304138
2,7200,43,30002,3,18,6.924159049987793
2,7200,43,30002,3,19,0.09052866697311401
2,7200,43,30002,3,20,2.755519151687622
2,7200,43,30002,3,21,5.7202301025390625
2,7200,43,30002,3,22,7.834630012512207
2,7200,43,30002,3,23,3.2783169746398926
2,7200,43,30002,3,24,13.951746940612793
2,7200,43,30002,3,25,1.4924861192703247
2,7200,43,30002,3,26,0.10898374021053314
2,7200,43,30002,3,27,3.254213333129883
2,7200,43,30002,3,28,3.3056554794311523
2,7200,43,30002,3,29,3.49928879737854
2,7200,44,30002,4,0,0.08855068683624268
2,7200,44,30002,4,1,10.381763458251953
2,7200,44,30002,4,2,5.883356094360352
2,7200,44,30002,4,3,6.8031535148620605
2,7200,44,30002,4,4,5.149170875549316
2,7200,44,30002,4,5,8.064323425292969
2,7200,44,30002,4,6,5.019484996795654
2,7200,44,30002,4,7,6.015355110168457
2,7200,44,30002,4,8,1.6249372959136963
2,7200,44,30002,4,9,6.566471576690674
2,7200,44,30002,4,10,6.013682842254639
2,7200,44,30002,4,11,3.5130553245544434
2,7200,44,30002,4,12,0.2551082968711853
2,7200,44,30002,4,13,0.19445684552192688
2,7200,44,30002,4,14,15.180355072021484
2,7200,44,30002,4,15,0.13943804800510406
2,7200,44,30002,4,16,2.186009168624878
2,7200,44,30002,4,17,1.0375727415084839
2,7200,44,30002,4,18,10.479867935180664
2,7200,44,30002,4,19,5.641779899597168
2,7200,44,30002,4,20,2.1192429065704346
2,7200,44,30002,4,21,6.8372802734375
2,7200,44,30002,4,22,0.21059343218803406
2,7200,44,30002,4,23,2.8610856533050537
2,7200,44,30002,4,24,3.676668405532837
2,7200,44,30002,4,25,27.44999885559082
2,7200,44,30002,4,26,0.06547999382019043
2,7200,44,30002,4,27,5.0485968589782715
2,7200,44,30002,4,28,4.631861209869385
2,7200,44,30002,4,29,5.890616416931152
2,7200,45,30002,5,0,3.890651226043701
2,7200,45,30002,5,1,0.9942039847373962
2,7200,45,30002,5,2,6.163893222808838
2,7200,45,30002,5,3,6.668489933013916
2,7200,45,30002,5,4,1.5327504873275757
2,7200,45,30002,5,5,1.0223498344421387
2,7200,45,30002,5,6,12.926905632019043
2,7200,45,30002,5,7,9.073673248291016
2,7200,45,30002,5,8,3.6628851890563965
2,7200,45,30002,5,9,3.352487564086914
2,7200,45,30002,5,10,0.18850848078727722
2,7200,45,30002,5,11,28.84148597717285
2,7200,45,30002,5,12,2.9942047595977783
2,7200,45,30002,5,13,84.94783020019531
2,7200,45,30002,5,14,0.0834692046046257
2,7200,45,30002,5,15,0.6680134534835815
2,7200,45,30002,5,16,33.54035186767578
2,7200,45,30002,5,17,11.038997650146484
2,7200,45,30002,5,18,1.1818369626998901
2,7200,45,30002,5,19,0.22672659158706665
2,7200,45,30002,5,20,4.530947685241699
2,7200,45,30002,5,21,0.581691563129425
2,7200,45,30002,5,22,2.188076972961426
2,7200,45,30002,5,23,0.14751169085502625
2,7200,45,30002,5,24,45.637794494628906
2,7200,45,30002,5,25,0.9100028276443481
2,7200,45,30002,5,26,7.70248556137085
2,7200,45,30002,5,27,0.23376056551933289
2,7200,45,30002,5,28,2.3646864891052246
2,7200,45,30002,5,29,8.964027404785156
2,7200,46,30002,6,0,0.8199349045753479
2,7200,46,30002,6,1,0.7574504613876343
2,7200,46,30002,6,2,3.5429158210754395
2,7200,46,30002,6,3,17.29894256591797
2,7200,46,30002,6,4,0.3954043388366699
2,7200,46,30002,6,5,0.10526494681835175
2,7200,46,30002,6,6,26.873842239379883
2,7200,46,30002,6,7,12.086845397949219
2,7200,46,30002,6,8,13.819400787353516
2,7200,46,30002,6,9,0.911827802658081
2,7200,46,30002,6,10,0.20418325066566467
2,7200,46,30002,6,11,0.46908649802207947
2,7200,46,30002,6,12,0.1464829444885254
2,7200,46,30002,6,13,8.583481788635254
2,7200,46,30002,6,14,0.12313690781593323
2,7200,46,30002,6,15,0.13032029569149017
2,7200,46,30002,6,16,29.6904354095459
2,7200,46,30002,6,17,7.670391082763672
2,7200,46,30002,6,18,0.13159067928791046
2,7200,46,30002,6,19,9.905226707458496
2,7200,46,30002,6,20,6.199801921844482
2,7200,46,30002,6,21,0.26519688963890076
2,7200,46,30002,6,22,0.10223010927438736
2,7200,46,30002,6,23,3.7742695808410645
2,7200,46,30002,6,24,11.690940856933594
2,7200,46,30002,6,25,24.827274322509766
2,7200,46,30002,6,26,0.3328168988227844
2,7200,46,30002,6,27,3.2418885231018066
2,7200,46,30002,6,28,0.37832924723625183
2,7200,46,30002,6,29,45.57658386230469
2,7200,47,30002,7,0,0.08350921422243118
2,7200,47,30002,7,1,45.680908203125
2,7200,47,30002,7,2,1.2420907020568848
2,7200,47,30002,7,3,2.268566131591797
2,7200,47,30002,7,4,13.190251350402832
2,7200,47,30002,7,5,0.6973360776901245
2,7200,47,30002,7,6,5.674290657043457
2,7200,47,30002,7,7,7.30759334564209
2,7200,47,30002,7,8,5.400729656219482
2,7200,47,30002,7,9,0.15273348987102509
2,7200,47,30002,7,10,24.552486419677734
2,7200,47,30002,7,11,0.18279936909675598
2,7200,47,30002,7,12,1.0786696672439575
2,7200,47,30002,7,13,0.427237868309021
2,7200,47,30002,7,14,31.088603973388672
2,7200,47,30002,7,15,0.5728621482849121
2,7200,47,30002,7,16,5.975823879241943
2,7200,47,30002,7,17,3.255134105682373
2,7200,47,30002,7,18,0.2489510178565979
2,7200,47,30002,7,19,10.160902976989746
2,7200,47,30002,7,20,12.416101455688477
2,7200,47,30002,7,21,0.42105719447135925
2,7200,47,30002,7,22,1.118270754814148
2,7200,47,30002,7,23,1.5964311361312866
2,7200,47,30002,7,24,5.659107685089111
2,7200,47,30002,7,25,1.845386266708374
2,7200,47,30002,7,26,4.213951110839844
2,7200,47,30002,7,27,7.413915634155273
2,7200,47,30002,7,28,53.29143524169922
2,7200,47,30002,7,29,11.801923751831055
2,7200,48,30002,8,0,0.09830077737569809
2,7200,48,30002,8,1,2.5629782676696777
2,7200,48,30002,8,2,13.85538101196289
2,7200,48,30002,8,3,20.69326400756836
2,7200,48,30002,8,4,0.20903022587299347
2,7200,48,30002,8,5,6.283039093017578
2,7200,48,30002,8,6,7.736775875091553
2,7200,48,30002,8,7,2.551189422607422
2,7200,48,30002,8,8,0.06025424972176552
2,7200,48,30002,8,9,4.551766395568848
2,7200,48,30002,8,10,0.659511923789978
2,7200,48,30002,8,11,5.26286506652832
2,7200,48,30002,8,12,2.8086585998535156
2,7200,48,30002,8,13,0.4970717430114746
2,7200,48,30002,8,14,17.937423706054688
2,7200,48,30002,8,15,2.7381432056427
2,7200,48,30002,8,16,2.2208924293518066
2,7200,48,30002,8,17,6.215228080749512
2,7200,48,30002,8,18,8.245628356933594
2,7200,48,30002,8,19,5.295134544372559
2,7200,48,30002,8,20,11.113227844238281
2,7200,48,30002,8,21,2.7181289196014404
2,7200,48,30002,8,22,0.12066903710365295
2,7200,48,30002,8,23,9.919828414916992
2,7200,48,30002,8,24,1.0712882280349731
2,7200,48,30002,8,25,20.269298553466797
2,7200,48,30002,8,26,0.2515504062175751
2,7200,48,30002,8,27,0.33262911438941956
2,7200,48,30002,8,28,10.649250984191895
2,7200,48,30002,8,29,8.976980209350586
2,7200,49,30002,9,0,3.48078989982605
2,7200,49,30002,9,1,0.29902613162994385
2,7200,49,30002,9,2,4.210599899291992
2,7200,49,30002,9,3,0.09681485593318939
2,7200,49,30002,9,4,1.5262027978897095
2,7200,49,30002,9,5,7.099486827850342
2,7200,49,30002,9,6,13.015215873718262
2,7200,49,30002,9,7,1.4295361042022705
2,7200,49,30002,9,8,1.2899571657180786
2,7200,49,30002,9,9,6.64438533782959
2,7200,49,30002,9,10,0.45172035694122314
2,7200,49,30002,9,11,1.305043339729309
2,7200,49,30002,9,12,4.965076446533203
2,7200,49,30002,9,13,1.7176750898361206
2,7200,49,30002,9,14,6.402747631072998
2,7200,49,30002,9,15,13.535750389099121
2,7200,49,30002,9,16,6.018162727355957
2,7200,49,30002,9,17,4.346502304077148
2,7200,49,30002,9,18,2.8903112411499023
2,7200,49,30002,9,19,0.05999999865889549
2,7200,49,30002,9,20,1.1321455240249634
2,7200,49,30002,9,21,5.020016670227051
2,7200,49,30002,9,22,2.719639301300049
2,7200,49,30002,9,23,8.007362365722656
2,7200,49,30002,9,24,7.793905258178711
2,7200,49,30002,9,25,0.1550028771162033
2,7200,49,30002,9,26,0.12926626205444336
2,7200,49,30002,9,27,8.483689308166504
2,7200,49,30002,9,28,2.0808446407318115
2,7200,49,30002,9,29,8.152145385742188
2,7200,50,30002,10,0,5.42949104309082
2,7200,50,30002,10,1,1.531761646270752
2,7200,50,30002,10,2,0.46067482233047485
2,7200,50,30002,10,3,1.7939351797103882
2,7200,50,30002,10,4,11.425102233886719
2,7200,50,30002,10,5,0.13926075398921967
2,7200,50,30002,10,6,0.25656992197036743
2,7200,50,30002,10,7,0.19999292492866516
2,7200,50,30002,10,8,0.32984670996665955
2,7200,50,30002,10,9,7.429385185241699
2,7200,50,30002,10,10,25.935943603515625
2,7200,50,30002,10,11,0.184583380818367
2,7200,50,30002,10,12,2.1356420516967773
2,7200,50,30002,10,13,7.764899730682373
2,7200,50,30002,10,14,0.20733529329299927
2,7200,50,30002,10,15,3.6440389156341553
2,7200,50,30002,10,16,0.537455677986145
2,7200,50,30002,10,17,0.767259955406189
2,7200,50,30002,10,18,2.6221063137054443
2,7200,50,30002,10,19,8.81147289276123
2,7200,50,30002,10,20,2.7461493015289307
2,7200,50,30002,10,21,4.416423797607422
2,7200,50,30002,10,22,0.7448865175247192
2,7200,50,30002,10,23,1.2998764514923096
2,7200,50,30002,10,24,8.555277824401855
2,7200,50,30002,10,25,17.391454696655273
2,7200,50,30002,10,26,5.614272594451904
2,7200,50,30002,10,27,3.8020036220550537
2,7200,50,30002,10,28,5.3839921951293945
2,7200,50,30002,10,29,9.169097900390625
2,7200,51,30002,11,0,0.25748276710510254
2,7200,51,30002,11,1,7.910491466522217
2,7200,51,30002,11,2,6.51796817779541
2,7200,51,30002,11,3,2.825667142868042
2,7200,51,30002,11,4,1.2676341533660889
2,7200,51,30002,11,5,0.0627693235874176
2,7200,51,30002,11,6,11.3668851852417
2,7200,51,30002,11,7,34.024757385253906
2,7200,51,30002,11,8,2.403061628341675
2,7200,51,30002,11,9,12.655524253845215
2,7200,51,30002,11,10,0.10657602548599243
2,7200,51,30002,11,11,5.199195861816406
2,7200,51,30002,11,12,1.8991217613220215
2,7200,51,30002,11,13,0.31018105149269104
2,7200,51,30002,11,14,2.7127082347869873
2,7200,51,30002,11,15,3.7062673568725586
2,7200,51,30002,11,16,10.015218734741211
2,7200,51,30002,11,17,2.68776798248291
2,7200,51,30002,11,18,0.38888272643089294
2,7200,51,30002,11,19,0.4063803255558014
2,7200,51,30002,11,20,5.5601277351379395
2,7200,51,30002,11,21,1.9394347667694092
2,7200,51,30002,11,22,0.2375917136669159
2,7200,51,30002,11,23,11.60014533996582
2,7200,51,30002,11,24,0.6351504325866699
2,7200,51,30002,11,25,23.38886070251465
2,7200,51,30002,11,26,3.928943395614624
2,7200,51,30002,11,27,5.4828338623046875
2,7200,51,30002,11,28,0.13405242562294006
2,7200,51,30002,11,29,0.3728274703025818
2,7200,52,30002,12,0,7.375187873840332
2,7200,52,30002,12,1,0.11128155142068863
2,7200,52,30002,12,2,3.024562120437622
2,7200,52,30002,12,3,2.2599518299102783
2,7200,52,30002,12,4,5.196949481964111
2,7200,52,30002,12,5,2.742001533508301
2,7200,52,30002,12,6,6.808131217956543
2,7200,52,30002,12,7,0.296999990940094
2,7200,52,30002,12,8,46.156856536865234
2,7200,52,30002,12,9,6.153900623321533
2,7200,52,30002,12,10,0.685289204120636
2,7200,52,30002,12,11,2.8735151290893555
2,7200,52,30002,12,12,3.41514253616333
2,7200,52,30002,12,13,0.15370047092437744
2,7200,52,30002,12,14,4.408761501312256
2,7200,52,30002,12,15,0.18223422765731812
2,7200,52,30002,12,16,10.665529251098633
2,7200,52,30002,12,17,18.21385955810547
2,7200,52,30002,12,18,6.3918304443359375
2,7200,52,30002,12,19,3.0532565116882324
2,7200,52,30002,12,20,5.773807048797607
2,7200,52,30002,12,21,7.687380790710449
2,7200,52,30002,12,22,6.965289115905762
2,7200,52,30002,12,23,10.045516967773438
2,7200,52,30002,12,24,0.5260149240493774
2,7200,52,30002,12,25,0.5891801118850708
2,7200,52,30002,12,26,2.038473606109619
2,7200,52,30002,12,27,0.16451825201511383
2,7200,52,30002,12,28,0.31565147638320923
2,7200,52,30002,12,29,0.651633620262146
2,7200,53,30002,13,0,0.6969227194786072
2,7200,53,30002,13,1,6.51488733291626
2,7200,53,30002,13,2,5.419266223907471
2,7200,53,30002,13,3,5.895233631134033
2,7200,53,30002,13,4,15.782987594604492
2,7200,53,30002,13,5,1.8671098947525024
2,7200,53,30002,13,6,0.258441686630249
2,7200,53,30002,13,7,0.20473353564739227
2,7200,53,30002,13,8,0.43290847539901733
2,7200,53,30002,13,9,7.291842937469482
2,7200,53,30002,13,10,7.488432884216309
2,7200,53,30002,13,11,9.855499267578125
2,7200,53,30002,13,12,0.8355588912963867
2,7200,53,30002,13,13,4.956454277038574
2,7200,53,30002,13,14,1.1910489797592163
2,7200,53,30002,13,15,6.189250946044922
2,7200,53,30002,13,16,2.6889865398406982
2,7200,53,30002,13,17,3.2613637447357178
2,7200,53,30002,13,18,0.13577057421207428
2,7200,53,30002,13,19,8.021018981933594
2,7200,53,30002,13,20,4.6220269203186035
2,7200,53,30002,13,21,5.237418174743652
2,7200,53,30002,13,22,1.4816685914993286
2,7200,53,30002,13,23,1.0964994430541992
2,7200,53,30002,13,24,0.8143040537834167
2,7200,53,30002,13,25,3.819159984588623
2,7200,53,30002,13,26,0.11569184809923172
2,7200,53,30002,13,27,3.1722121238708496
2,7200,53,30002,13,28,2.947150230407715
2,7200,53,30002,13,29,3.9061994552612305
2,7200,54,30002,14,0,8.26939868927002
2,7200,54,30002,14,1,1.6038328409194946
2,7200,54,30002,14,2,12.862300872802734
2,7200,54,30002,14,3,4.713263511657715
2,7200,54,30002,14,4,15.084532737731934
2,7200,54,30002,14,5,7.281148910522461
2,7200,54,30002,14,6,0.061856381595134735
2,7200,54,30002,14,7,44.969242095947266
2,7200,54,30002,14,8,0.5932468175888062
2,7200,54,30002,14,9,0.7247831225395203
2,7200,54,30002,14,10,16.26645278930664
2,7200,54,30002,14,11,6.251579284667969
2,7200,54,30002,14,12,16.697477340698242
2,7200,54,30002,14,13,7.074100494384766
2,7200,54,30002,14,14,2.350360870361328
2,7200,54,30002,14,15,3.8090767860412598
2,7200,54,30002,14,16,7.243204116821289
2,7200,54,30002,14,17,5.259171485900879
2,7200,54,30002,14,18,0.26949942111968994
2,7200,54,30002,14,19,3.972261428833008
2,7200,54,30002,14,20,15.881111145019531
2,7200,54,30002,14,21,14.83608627319336
2,7200,54,30002,14,22,52.872432708740234
2,7200,54,30002,14,23,8.661937713623047
2,7200,54,30002,14,24,3.996532440185547
2,7200,54,30002,14,25,0.33088234066963196
2,7200,54,30002,14,26,9.970438003540039
2,7200,54,30002,14,27,43.592464447021484
2,7200,54,30002,14,28,22.910980224609375
2,7200,54,30002,14,29,5.811359882354736
2,7200,55,30002,15,0,12.720039367675781
2,7200,55,30002,15,1,19.130796432495117
2,7200,55,30002,15,2,2.4515581130981445
2,7200,55,30002,15,3,0.10187342762947083
2,7200,55,30002,15,4,1.4030464887619019
2,7200,55,30002,15,5,4.653903961181641
2,7200,55,30002,15,6,0.35170960426330566
2,7200,55,30002,15,7,12.559157371520996
2,7200,55,30002,15,8,2.613417148590088
2,7200,55,30002,15,9,8.378218650817871
2,7200,55,30002,15,10,0.7532504796981812
2,7200,55,30002,15,11,3.025724411010742
2,7200,55,30002,15,12,2.063553810119629
2,7200,55,30002,15,13,14.441435813903809
2,7200,55,30002,15,14,0.7676998972892761
2,7200,55,30002,15,15,16.626693725585938
2,7200,55,30002,15,16,0.1218084916472435
2,7200,55,30002,15,17,4.4886250495910645
2,7200,55,30002,15,18,18.317880630493164
2,7200,55,30002,15,19,0.8011264204978943
2,7200,55,30002,15,20,0.07154413312673569
2,7200,55,30002,15,21,4.881252288818359
2,7200,55,30002,15,22,0.150025874376297
2,7200,55,30002,15,23,5.149334907531738
2,7200,55,30002,15,24,0.8479343056678772
2,7200,55,30002,15,25,0.254108190536499
2,7200,55,30002,15,26,3.262054920196533
2,7200,55,30002,15,27,2.230576276779175
2,7200,55,30002,15,28,0.42059746384620667
2,7200,55,30002,15,29,9.343432426452637
2,7200,56,30002,16,0,6.951118469238281
2,7200,56,30002,16,1,2.3997983932495117
2,7200,56,30002,16,2,0.3185914158821106
2,7200,56,30002,16,3,1.3554857969284058
2,7200,56,30002,16,4,8.08773422241211
2,7200,56,30002,16,5,5.670967102050781
2,7200,56,30002,16,6,0.3705122470855713
2,7200,56,30002,16,7,0.7386321425437927
2,7200,56,30002,16,8,0.21408401429653168
2,7200,56,30002,16,9,0.09708461165428162
2,7200,56,30002,16,10,2.604224681854248
2,7200,56,30002,16,11,2.9502575397491455
2,7200,56,30002,16,12,24.783897399902344
2,7200,56,30002,16,13,24.404565811157227
2,7200,56,30002,16,14,13.614045143127441
2,7200,56,30002,16,15,6.849756240844727
2,7200,56,30002,16,16,0.1895320564508438
2,7200,56,30002,16,17,4.919379234313965
2,7200,56,30002,16,18,0.6542479395866394
2,7200,56,30002,16,19,26.173032760620117
2,7200,56,30002,16,20,12.986251831054688
2,7200,56,30002,16,21,5.484179496765137
2,7200,56,30002,16,22,2.6003360748291016
2,7200,56,30002,16,23,24.183670043945312
2,7200,56,30002,16,24,11.77463150024414
2,7200,56,30002,16,25,0.4019772708415985
2,7200,56,30002,16,26,5.482263088226318
2,7200,56,30002,16,27,26.837568283081055
2,7200,56,30002,16,28,0.5986455082893372
2,7200,56,30002,16,29,1.4858297109603882
2,7200,57,30002,17,0,6.487201690673828
2,7200,57,30002,17,1,8.299742698669434
2,7200,57,30002,17,2,0.08425182104110718
2,7200,57,30002,17,3,7.079519748687744
2,7200,57,30002,17,4,3.822892189025879
2,7200,57,30002,17,5,1.1235179901123047
2,7200,57,30002,17,6,8.94230842590332
2,7200,57,30002,17,7,0.3799492120742798
2,7200,57,30002,17,8,2.6379201412200928
2,7200,57,30002,17,9,0.16817879676818848
2,7200,57,30002,17,10,6.783332824707031
2,7200,57,30002,17,11,1.7850570678710938
2,7200,57,30002,17,12,4.332510948181152
2,7200,57,30002,17,13,13.529435157775879
2,7200,57,30002,17,14,12.826925277709961
2,7200,57,30002,17,15,0.08527573198080063
2,7200,57,30002,17,16,0.2573559582233429
2,7200,57,30002,17,17,1.771385669708252
2,7200,57,30002,17,18,3.4652037620544434
2,7200,57,30002,17,19,14.233521461486816
2,7200,57,30002,17,20,12.706014633178711
2,7200,57,30002,17,21,7.752355098724365
2,7200,57,30002,17,22,1.116916298866272
2,7200,57,30002,17,23,0.2685520648956299
2,7200,57,30002,17,24,8.640878677368164
2,7200,57,30002,17,25,12.286770820617676
2,7200,57,30002,17,26,9.021422386169434
2,7200,57,30002,17,27,7.439228057861328
2,7200,57,30002,17,28,8.342981338500977
2,7200,57,30002,17,29,0.5392183661460876
2,7200,58,30002,18,0,8.498212814331055
2,7200,58,30002,18,1,5.059028625488281
2,7200,58,30002,18,2,25.9581298828125
2,7200,58,30002,18,3,8.662046432495117
2,7200,58,30002,18,4,5.103601932525635
2,7200,58,30002,18,5,3.7803866863250732
2,7200,58,30002,18,6,1.4023669958114624
2,7200,58,30002,18,7,6.721222877502441
2,7200,58,30002,18,8,1.6721503734588623
2,7200,58,30002,18,9,20.26361846923828
2,7200,58,30002,18,10,14.088308334350586
2,7200,58,30002,18,11,15.87483024597168
2,7200,58,30002,18,12,5.8551025390625
2,7200,58,30002,18,13,7.90725564956665
2,7200,58,30002,18,14,0.1163095086812973
2,7200,58,30002,18,15,0.9458318948745728
2,7200,58,30002,18,16,5.29340124130249
2,7200,58,30002,18,17,1.240096092224121
2,7200,58,30002,18,18,10.95568561553955
2,7200,58,30002,18,19,3.089245080947876
2,7200,58,30002,18,20,0.05999999865889549
2,7200,58,30002,18,21,7.947276592254639
2,7200,58,30002,18,22,8.622269630432129
2,7200,58,30002,18,23,17.52106285095215
2,7200,58,30002,18,24,15.317573547363281
2,7200,58,30002,18,25,10.805435180664062
2,7200,58,30002,18,26,16.688579559326172
2,7200,58,30002,18,27,19.966712951660156
2,7200,58,30002,18,28,0.11389239132404327
2,7200,58,30002,18,29,1.533582329750061
2,7200,59,30002,19,0,2.808519124984741
2,7200,59,30002,19,1,9.074481010437012
2,7200,59,30002,19,2,13.091015815734863
2,7200,59,30002,19,3,0.44677579402923584
2,7200,59,30002,19,4,0.12003418803215027
2,7200,59,30002,19,5,0.3430415987968445
2,7200,59,30002,19,6,3.094797134399414
2,7200,59,30002,19,7,3.075106620788574
2,7200,59,30002,19,8,52.64650344848633
2,7200,59,30002,19,9,6.435654163360596
2,7200,59,30002,19,10,21.788015365600586
2,7200,59,30002,19,11,15.763394355773926
2,7200,59,30002,19,12,7.325371742248535
2,7200,59,30002,19,13,0.16792123019695282
2,7200,59,30002,19,14,7.2916765213012695
2,7200,59,30002,19,15,9.886640548706055
2,7200,59,30002,19,16,3.4553263187408447
2,7200,59,30002,19,17,0.2133415937423706
2,7200,59,30002,19,18,7.964321613311768
2,7200,59,30002,19,19,0.13164839148521423
2,7200,59,30002,19,20,5.015607833862305
2,7200,59,30002,19,21,13.610708236694336
2,7200,59,30002,19,22,8.283977508544922
2,7200,59,30002,19,23,0.4219198226928711
2,7200,59,30002,19,24,8.953754425048828
2,7200,59,30002,19,25,0.6756978034973145
2,7200,59,30002,19,26,0.10895288735628128
2,7200,59,30002,19,27,0.19646549224853516
2,7200,59,30002,19,28,3.2857890129089355
2,7200,59,30002,19,29,0.6700823903083801
3,10800,40,30002,0,0,0.05999999865889549
3,10800,40,30002,0,1,0.3101246654987335
3,10800,40,30002,0,2,2.564579486846924
3,10800,40,30002,0,3,4.6905927658081055
3,10800,40,30002,0,4,0.29982995986938477
3,10800,40,30002,0,5,0.3035779595375061
3,10800,40,30002,0,6,0.31355610489845276
3,10800,40,30002,0,7,1.273095726966858
3,10800,40,30002,0,8,0.3727914094924927
3,10800,40,30002,0,9,0.17274239659309387
3,10800,40,30002,0,10,2.955904483795166
3,10800,40,30002,0,11,0.7181088924407959
3,10800,40,30002,0,12,1.0916211605072021
3,10800,40,30002,0,13,0.19428858160972595
3,10800,40,30002,0,14,2.226915121078491
3,10800,40,30002,0,15,1.3730430603027344
3,10800,40,30002,0,16,0.39040905237197876
3,10800,40,30002,0,17,0.6611172556877136
3,10800,40,30002,0,18,0.7398366332054138
3,10800,40,30002,0,19,0.3868641257286072
3,10800,40,30002,0,20,3.4246249198913574
3,10800,40,30002,0,21,0.46428194642066956
3,10800,40,30002,0,22,0.4905855357646942
3,10800,40,30002,0,23,0.1332964301109314
3,10800,40,30002,0,24,0.2671518623828888
3,10800,40,30002,0,25,106.69682312011719
3,10800,40,30002,0,26,0.2765302360057831
3,10800,40,30002,0,27,1.511862874031067
3,10800,40,30002,0,28,0.16771440207958221
3,10800,40,30002,0,29,1.6897952556610107
3,10800,41,30002,1,0,0.7360997796058655
3,10800,41,30002,1,1,0.30190035700798035
3,10800,41,30002,1,2,0.9675878286361694
3,10800,41,30002,1,3,0.605350911617279
3,10800,41,30002,1,4,0.33052289485931396
3,10800,41,30002,1,5,0.6925320625305176
3,10800,41,30002,1,6,0.1182917058467865
3,10800,41,30002,1,7,4.146782875061035
3,10800,41,30002,1,8,0.08963991701602936
3,10800,41,30002,1,9,1.742984652519226
3,10800,41,30002,1,10,2.097900629043579
3,10800,41,30002,1,11,1.1556646823883057
3,10800,41,30002,1,12,0.13582219183444977
3,10800,41,30002,1,13,0.23438847064971924
3,10800,41,30002,1,14,0.5683956742286682
3,10800,41,30002,1,15,0.700015664100647
3,10800,41,30002,1,16,0.8718429803848267
3,10800,41,30002,1,17,0.1365688443183899
3,10800,41,30002,1,18,2.769521713256836
3,10800,41,30002,1,19,1.134276270866394
3,10800,41,30002,1,20,0.24533611536026
3,10800,41,30002,1,21,0.653266966342926
3,10800,41,30002,1,22,0.7949379682540894
3,10800,41,30002,1,23,0.16420131921768188
3,10800,41,30002,1,24,0.6190643310546875
3,10800,41,30002,1,25,0.38541585206985474
3,10800,41,30002,1,26,0.21434594690799713
3,10800,41,30002,1,27,0.12119811773300171
3,10800,41,30002,1,28,0.24353504180908203
3,10800,41,30002,1,29,0.26923030614852905
3,10800,42,30002,2,0,0.385059654712677
3,10800,42,30002,2,1,0.7993106245994568
3,10800,42,30002,2,2,0.276945561170578
3,10800,42,30002,2,3,1.4664229154586792
3,10800,42,30002,2,4,0.2830135226249695
3,10800,42,30002,2,5,0.4407920837402344
3,10800,42,30002,2,6,0.3804311156272888
3,10800,42,30002,2,7,0.05999999865889549
3,10800,42,30002,2,8,0.48498594760894775
3,10800,42,30002,2,9,0.2399764060974121
3,10800,42,30002,2,10,12.076923370361328
3,10800,42,30002,2,11,0.6128082275390625
3,10800,42,30002,2,12,0.5188730955123901
3,10800,42,30002,2,13,0.860539436340332
3,10800,42,30002,2,14,0.33094868063926697
3,10800,42,30002,2,15,1.9364553689956665
3,10800,42,30002,2,16,0.8297683000564575
3,10800,42,30002,2,17,1.9594646692276
3,10800,42,30002,2,18,0.10994423180818558
3,10800,42,30002,2,19,0.42579686641693115
3,10800,42,30002,2,20,0.1636565774679184
3,10800,42,30002,2,21,0.815549373626709
3,10800,42,30002,2,22,1.387326955795288
3,10800,42,30002,2,23,0.7507636547088623
3,10800,42,30002,2,24,7.202534198760986
3,10800,42,30002,2,25,1.3473310470581055
3,10800,42,30002,2,26,7.670712947845459
3,10800,42,30002,2,27,0.3101770579814911
3,10800,42,30002,2,28,0.38069450855255127
3,10800,42,30002,2,29,9.878457069396973
3,10800,43,30002,3,0,3.350425958633423
3,10800,43,30002,3,1,0.12048085778951645
3,10800,43,30002,3,2,1.1912107467651367
3,10800,43,30002,3,3,1.5935380458831787
3,10800,43,30002,3,4,0.8573589324951172
3,10800,43,30002,3,5,0.2930448055267334
3,10800,43,30002,3,6,0.22354662418365479
3,10800,43,30002,3,7,0.6257181763648987
3,10800,43,30002,3,8,0.43411481380462646
3,10800,43,30002,3,9,3.797736644744873
3,10800,43,30002,3,10,0.4067099392414093
3,10800,43,30002,3,11,0.7009632587432861
3,10800,43,30002,3,12,0.06043796241283417
3,10800,43,30002,3,13,0.7370947599411011
3,10800,43,30002,3,14,0.5084414482116699
3,10800,43,30002,3,15,2.0866637229919434
3,10800,43,30002,3,16,0.968483030796051
3,10800,43,30002,3,17,0.30314895510673523
3,10800,43,30002,3,18,0.7955069541931152
3,10800,43,30002,3,19,0.3653041422367096
3,10800,43,30002,3,20,0.7300686240196228
3,10800,43,30002,3,21,2.3974251747131348
3,10800,43,30002,3,22,1.1035773754119873
3,10800,43,30002,3,23,1.7284107208251953
3,10800,43,30002,3,24,1.1962308883666992
3,10800,43,30002,3,25,0.10277391970157623
3,10800,43,30002,3,26,0.5168587565422058
3,10800,43,30002,3,27,1.1035903692245483
3,10800,43,30002,3,28,0.5247986912727356
3,10800,43,30002,3,29,1.1579827070236206
3,10800,44,30002,4,0,0.7687603235244751
3,10800,44,30002,4,1,0.480587899684906
3,10800,44,30002,4,2,0.7232872247695923
3,10800,44,30002,4,3,0.11362050473690033
3,10800,44,30002,4,4,0.43247300386428833
3,10800,44,30002,4,5,8.844427108764648
3,10800,44,30002,4,6,0.33457425236701965
3,10800,44,30002,4,7,0.2556172311306
3,10800,44,30002,4,8,0.3408046066761017
3,10800,44,30002,4,9,0.7155421376228333
3,10800,44,30002,4,10,4.32437801361084
3,10800,44,30002,4,11,1.82832670211792
3,10800,44,30002,4,12,0.7045561671257019
3,10800,44,30002,4,13,0.5884132385253906
3,10800,44,30002,4,14,1.3793177604675293
3,10800,44,30002,4,15,0.26326051354408264
3,10800,44,30002,4,16,0.3756694495677948
3,10800,44,30002,4,17,1.248064398765564
3,10800,44,30002,4,18,12.747461318969727
3,10800,44,30002,4,19,3.18114972114563
3,10800,44,30002,4,20,0.6979899406433105
3,10800,44,30002,4,21,2.6518821716308594
3,10800,44,30002,4,22,0.1651785522699356
3,10800,44,30002,4,23,0.8742484450340271
3,10800,44,30002,4,24,1.5223873853683472
3,10800,44,30002,4,25,2.096842050552368
3,10800,44,30002,4,26,0.44543665647506714
3,10800,44,30002,4,27,2.4490716457366943
3,10800,44,30002,4,28,2.5032958984375
3,10800,44,30002,4,29,3.7709715366363525
3,10800,45,30002,5,0,0.5913012027740479
3,10800,45,30002,5,1,0.05999999865889549
3,10800,45,30002,5,2,0.6789405345916748
3,10800,45,30002,5,3,4.1687211990356445
3,10800,45,30002,5,4,0.11883460730314255
3,10800,45,30002,5,5,2.9141674041748047
3,10800,45,30002,5,6,0.7038534879684448
3,10800,45,30002,5,7,0.32634982466697693
3,10800,45,30002,5,8,1.0865812301635742
3,10800,45,30002,5,9,0.16894415020942688
3,10800,45,30002,5,10,0.1434917151927948
3,10800,45,30002,5,11,0.7464715242385864
3,10800,45,30002,5,12,0.5360898971557617
3,10800,45,30002,5,13,104.47484588623047
3,10800,45,30002,5,14,0.5245605111122131
3,10800,45,30002,5,15,1.612654685974121
3,10800,45,30002,5,16,0.7351054549217224
3,10800,45,30002,5,17,0.7475861310958862
3,10800,45,30002,5,18,0.31634145975112915
3,10800,45,30002,5,19,0.6976502537727356
3,10800,45,30002,5,20,0.8646060824394226
3,10800,45,30002,5,21,0.07264947146177292
3,10800,45,30002,5,22,2.0161170959472656
3,10800,45,30002,5,23,0.4572069048881531
3,10800,45,30002,5,24,0.9399092793464661
3,10800,45,30002,5,25,1.1172419786453247
3,10800,45,30002,5,26,4.786682605743408
3,10800,45,30002,5,27,0.24463629722595215
3,10800,45,30002,5,28,2.1375927925109863
3,10800,45,30002,5,29,0.7160558700561523
3,10800,46,30002,6,0,1.3221323490142822
3,10800,46,30002,6,1,1.1564303636550903
3,10800,46,30002,6,2,0.09369947016239166
3,10800,46,30002,6,3,34.30789566040039
3,10800,46,30002,6,4,0.44102537631988525
3,10800,46,30002,6,5,1.3502978086471558
3,10800,46,30002,6,6,0.7910553216934204
3,10800,46,30002,6,7,1.050432801246643
3,10800,46,30002,6,8,0.5554519891738892
3,10800,46,30002,6,9,0.1994328498840332
3,10800,46,30002,6,10,0.3607591986656189
3,10800,46,30002,6,11,0.5896188020706177
3,10800,46,30002,6,12,0.22822540998458862
3,10800,46,30002,6,13,0.7137470245361328
3,10800,46,30002,6,14,0.25014811754226685
3,10800,46,30002,6,15,1.4971859455108643
3,10800,46,30002,6,16,0.7817496657371521
3,10800,46,30002,6,17,0.2642969489097595
3,10800,46,30002,6,18,0.6898484230041504
3,10800,46,30002,6,19,5.351015090942383
3,10800,46,30002,6,20,0.06699907034635544
3,10800,46,30002,6,21,1.4596295356750488
3,10800,46,30002,6,22,0.2459920346736908
3,10800,46,30002,6,23,0.1921762377023697
3,10800,46,30002,6,24,7.7591471672058105
3,10800,46,30002,6,25,1.9463655948638916
3,10800,46,30002,6,26,1.4994392395019531
3,10800,46,30002,6,27,2.4155685901641846
3,10800,46,30002,6,28,1.0794451236724854
3,10800,46,30002,6,29,14.520345687866211
3,10800,47,30002,7,0,1.5827157497406006
3,10800,47,30002,7,1,102.60401153564453
3,10800,47,30002,7,2,0.23193423449993134
3,10800,47,30002,7,3,0.16262200474739075
3,10800,47,30002,7,4,2.397498607635498
3,10800,47,30002,7,5,1.55210280418396
3,10800,47,30002,7,6,0.9024558067321777
3,10800,47,30002,7,7,8.270793914794922
3,10800,47,30002,7,8,6.183639049530029
3,10800,47,30002,7,9,0.35764092206954956
3,10800,47,30002,7,10,0.6174654364585876
3,10800,47,30002,7,11,0.2507302761077881
3,10800,47,30002,7,12,0.09279941022396088
3,10800,47,30002,7,13,1.4339447021484375
3,10800,47,30002,7,14,6.126974105834961
3,10800,47,30002,7,15,1.4443635940551758
3,10800,47,30002,7,16,2.1810667514801025
3,10800,47,30002,7,17,0.7736899852752686
3,10800,47,30002,7,18,1.1862409114837646
3,10800,47,30002,7,19,0.11909117549657822
3,10800,47,30002,7,20,0.8084200620651245
3,10800,47,30002,7,21,4.977781772613525
3,10800,47,30002,7,22,2.75393009185791
3,10800,47,30002,7,23,0.36444056034088135
3,10800,47,30002,7,24,0.5164062976837158
3,10800,47,30002,7,25,0.49802452325820923
3,10800,47,30002,7,26,0.19019728899002075
3,10800,47,30002,7,27,2.931959390640259
3,10800,47,30002,7,28,105.10626983642578
3,10800,47,30002,7,29,8.816268920898438
3,10800,48,30002,8,0,0.15135008096694946
3,10800,48,30002,8,1,2.4240574836730957
3,10800,48,30002,8,2,0.7949883937835693
3,10800,48,30002,8,3,0.6283212304115295
3,10800,48,30002,8,4,1.6979243755340576
3,10800,48,30002,8,5,2.22749400138855
3,10800,48,30002,8,6,0.25066184997558594
3,10800,48,30002,8,7,0.5650655627250671
3,10800,48,30002,8,8,0.38233622908592224
3,10800,48,30002,8,9,0.9578994512557983
3,10800,48,30002,8,10,0.0669950470328331
3,10800,48,30002,8,11,0.4642888307571411
3,10800,48,30002,8,12,2.146368980407715
3,10800,48,30002,8,13,0.726089358329773
3,10800,48,30002,8,14,0.7307953238487244
3,10800,48,30002,8,15,0.3888150453567505
3,10800,48,30002,8,16,0.5638140439987183
3,10800,48,30002,8,17,2.441296339035034
3,10800,48,30002,8,18,5.257794380187988
3,10800,48,30002,8,19,2.3561339378356934
3,10800,48,30002,8,20,2.0899035930633545
3,10800,48,30002,8,21,2.9922103881835938
3,10800,48,30002,8,22,0.9618306159973145
3,10800,48,30002,8,23,6.33240270614624
3,10800,48,30002,8,24,0.060672879219055176
3,10800,48,30002,8,25,1.0225697755813599
3,10800,48,30002,8,26,1.0803401470184326
3,10800,48,30002,8,27,0.2882499694824219
3,10800,48,30002,8,28,0.40261968970298767
3,10800,48,30002,8,29,3.6581459045410156
3,10800,49,30002,9,0,1.6543439626693726
3,10800,49,30002,9,1,1.0286900997161865
3,10800,49,30002,9,2,1.0868843793869019
3,10800,49,30002,9,3,0.2727399468421936
3,10800,49,30002,9,4,1.8987516164779663
3,10800,49,30002,9,5,2.6752543449401855
3,10800,49,30002,9,6,3.3376212120056152
3,10800,49,30002,9,7,0.06189598888158798
3,10800,49,30002,9,8,1.7268555164337158
3,10800,49,30002,9,9,2.9114251136779785
3,10800,49,30002,9,10,1.6729754209518433
3,10800,49,30002,9,11,2.6055421829223633
3,10800,49,30002,9,12,0.17384445667266846
3,10800,49,30002,9,13,0.33176058530807495
3,10800,49,30002,9,14,0.7020679712295532
3,10800,49,30002,9,15,0.8865581154823303
3,10800,49,30002,9,16,1.5233427286148071
3,10800,49,30002,9,17,0.12609073519706726
3,10800,49,30002,9,18,0.4413788914680481
3,10800,49,30002,9,19,0.5600930452346802
3,10800,49,30002,9,20,1.7493141889572144
3,10800,49,30002,9,21,0.3831704258918762
3,10800,49,30002,9,22,0.6726694107055664
3,10800,49,30002,9,23,3.871152639389038
3,10800,49,30002,9,24,0.5761972665786743
3,10800,49,30002,9,25,0.20301619172096252
3,10800,49,30002,9,26,0.7938096523284912
3,10800,49,30002,9,27,0.48195764422416687
3,10800,49,30002,9,28,0.18066111207008362
3,10800,49,30002,9,29,0.5227420926094055
3,10800,50,30002,10,0,0.43254947662353516
3,10800,50,30002,10,1,0.36371809244155884
3,10800,50,30002,10,2,1.1560015678405762
3,10800,50,30002,10,3,0.5517419576644897
3,10800,50,30002,10,4,2.766629219055176
3,10800,50,30002,10,5,1.1105188131332397
3,10800,50,30002,10,6,0.2774406373500824
3,10800,50,30002,10,7,0.3462520241737366
3,10800,50,30002,10,8,0.6799675226211548
3,10800,50,30002,10,9,0.6708733439445496
3,10800,50,30002,10,10,1.4411569833755493
3,10800,50,30002,10,11,1.083165168762207
3,10800,50,30002,10,12,0.5543347001075745
3,10800,50,30002,10,13,0.8751698136329651
3,10800,50,30002,10,14,0.6979812979698181
3,10800,50,30002,10,15,0.09622160345315933
3,10800,50,30002,10,16,1.8277593851089478
3,10800,50,30002,10,17,1.2957477569580078
3,10800,50,30002,10,18,0.6576882600784302
3,10800,50,30002,10,19,1.5371646881103516
3,10800,50,30002,10,20,0.4059494137763977
3,10800,50,30002,10,21,0.2391039878129959
3,10800,50,30002,10,22,1.7051267623901367
3,10800,50,30002,10,23,0.06512773782014847
3,10800,50,30002,10,24,1.5087374448776245
3,10800,50,30002,10,25,17.649463653564453
3,10800,50,30002,10,26,0.226774662733078
3,10800,50,30002,10,27,0.6121639609336853
3,10800,50,30002,10,28,0.15386518836021423
3,10800,50,30002,10,29,0.4790257513523102
3,10800,51,30002,11,0,0.25772160291671753
3,10800,51,30002,11,1,0.4086504578590393
3,10800,51,30002,11,2,0.16728344559669495
3,10800,51,30002,11,3,0.3050004541873932
3,10800,51,30002,11,4,0.05999999865889549
3,10800,51,30002,11,5,0.2642620801925659
3,10800,51,30002,11,6,0.46767041087150574
3,10800,51,30002,11,7,0.7802368402481079
3,10800,51,30002,11,8,0.20306766033172607
3,10800,51,30002,11,9,7.986023902893066
3,10800,51,30002,11,10,0.9275339841842651
3,10800,51,30002,11,11,0.4022410213947296
3,10800,51,30002,11,12,0.38100987672805786
3,10800,51,30002,11,13,0.4407738745212555
3,10800,51,30002,11,14,4.255216121673584
3,10800,51,30002,11,15,7.462611675262451
3,10800,51,30002,11,16,0.46332210302352905
3,10800,51,30002,11,17,0.37529611587524414
3,10800,51,30002,11,18,6.645745277404785
3,10800,51,30002,11,19,0.4663621187210083
3,10800,51,30002,11,20,0.7356029748916626
3,10800,51,30002,11,21,0.2302796095609665
3,10800,51,30002,11,22,1.162240743637085
3,10800,51,30002,11,23,1.6702123880386353
3,10800,51,30002,11,24,0.7116596698760986
3,10800,51,30002,11,25,0.8624865412712097
3,10800,51,30002,11,26,0.12021860480308533
3,10800,51,30002,11,27,0.14088992774486542
3,10800,51,30002,11,28,0.6272874474525452
3,10800,51,30002,11,29,0.6623034477233887
3,10800,52,30002,12,0,4.084833145141602
3,10800,52,30002,12,1,0.9077948331832886
3,10800,52,30002,12,2,0.6806572675704956
3,10800,52,30002,12,3,4.5741496086120605
3,10800,52,30002,12,4,0.4464946687221527
3,10800,52,30002,12,5,0.17636477947235107
3,10800,52,30002,12,6,4.014038562774658
3,10800,52,30002,12,7,0.8036019802093506
3,10800,52,30002,12,8,78.06653594970703
3,10800,52,30002,12,9,1.4926527738571167
3,10800,52,30002,12,10,1.412878394126892
3,10800,52,30002,12,11,0.6626367568969727
3,10800,52,30002,12,12,0.831500232219696
3,10800,52,30002,12,13,0.8514666557312012
3,10800,52,30002,12,14,1.0307838916778564
3,10800,52,30002,12,15,5.777833461761475
3,10800,52,30002,12,16,0.6539849042892456
3,10800,52,30002,12,17,0.6569603085517883
3,10800,52,30002,12,18,0.06727900356054306
3,10800,52,30002,12,19,0.5740818977355957
3,10800,52,30002,12,20,0.19402021169662476
3,10800,52,30002,12,21,4.117373943328857
3,10800,52,30002,12,22,0.6208609342575073
3,10800,52,30002,12,23,0.9013665914535522
3,10800,52,30002,12,24,0.9528665542602539
3,10800,52,30002,12,25,0.10132813453674316
3,10800,52,30002,12,26,2.6403274536132812
3,10800,52,30002,12,27,0.5928822755813599
3,10800,52,30002,12,28,0.6623249650001526
3,10800,52,30002,12,29,0.7642756104469299
3,10800,53,30002,13,0,0.9477205276489258
3,10800,53,30002,13,1,0.2498774528503418
3,10800,53,30002,13,2,0.5116519331932068
3,10800,53,30002,13,3,3.0718793869018555
3,10800,53,30002,13,4,0.23683439195156097
3,10800,53,30002,13,5,0.1698581576347351
3,10800,53,30002,13,6,0.6288963556289673
3,10800,53,30002,13,7,0.7511404156684875
3,10800,53,30002,13,8,0.602852463722229
3,10800,53,30002,13,9,0.3758420944213867
3,10800,53,30002,13,10,3.5593020915985107
3,10800,53,30002,13,11,0.814588725566864
3,10800,53,30002,13,12,2.895975112915039
3,10800,53,30002,13,13,0.2202550768852234
3,10800,53,30002,13,14,4.243630409240723
3,10800,53,30002,13,15,0.388161301612854
3,10800,53,30002,13,16,0.23597656190395355
3,10800,53,30002,13,17,0.8072608113288879
3,10800,53,30002,13,18,0.5827103853225708
3,10800,53,30002,13,19,3.9647858142852783
3,10800,53,30002,13,20,0.3760073184967041
3,10800,53,30002,13,21,0.5416582226753235
3,10800,53,30002,13,22,1.7838411331176758
3,10800,53,30002,13,23,0.05999999865889549
3,10800,53,30002,13,24,1.2351500988006592
3,10800,53,30002,13,25,0.2942538857460022
3,10800,53,30002,13,26,0.7804959416389465
3,10800,53,30002,13,27,0.4112814664840698
3,10800,53,30002,13,28,0.2608191668987274
3,10800,53,30002,13,29,7.943556308746338
3,10800,54,30002,14,0,0.6584010124206543
3,10800,54,30002,14,1,0.05999999865889549
3,10800,54,30002,14,2,1.0540735721588135
3,10800,54,30002,14,3,3.9283628463745117
3,10800,54,30002,14,4,1.4032552242279053
3,10800,54,30002,14,5,0.6260667443275452
3,10800,54,30002,14,6,0.28821513056755066
3,10800,54,30002,14,7,1.540265440940857
3,10800,54,30002,14,8,0.5464626550674438
3,10800,54,30002,14,9,1.2729071378707886
3,10800,54,30002,14,10,1.3679451942443848
3,10800,54,30002,14,11,0.8037707209587097
3,10800,54,30002,14,12,0.1563819795846939
3,10800,54,30002,14,13,0.8505923748016357
3,10800,54,30002,14,14,0.11361683905124664
3,10800,54,30002,14,15,0.6423341035842896
3,10800,54,30002,14,16,1.8118131160736084
3,10800,54,30002,14,17,4.828701496124268
3,10800,54,30002,14,18,0.3405669331550598
3,10800,54,30002,14,19,0.09287060052156448
3,10800,54,30002,14,20,1.4815962314605713
3,10800,54,30002,14,21,0.9871408939361572
3,10800,54,30002,14,22,1.0300976037979126
3,10800,54,30002,14,23,0.7322490215301514
3,10800,54,30002,14,24,2.4568536281585693
3,10800,54,30002,14,25,0.6517785787582397
3,10800,54,30002,14,26,0.987237811088562
3,10800,54,30002,14,27,1.461045742034912
3,10800,54,30002,14,28,1.2174752950668335
3,10800,54,30002,14,29,0.8755989670753479
3,10800,55,30002,15,0,6.96840238571167
3,10800,55,30002,15,1,0.5180591344833374
3,10800,55,30002,15,2,2.794121742248535
3,10800,55,30002,15,3,0.2625454068183899
3,10800,55,30002,15,4,0.21550440788269043
3,10800,55,30002,15,5,0.760935366153717
3,10800,55,30002,15,6,0.6931387782096863
3,10800,55,30002,15,7,7.485687255859375
3,10800,55,30002,15,8,0.5927138328552246
3,10800,55,30002,15,9,5.929444313049316
3,10800,55,30002,15,10,1.399745225906372
3,10800,55,30002,15,11,0.2950339913368225
3,10800,55,30002,15,12,0.3145332932472229
3,10800,55,30002,15,13,0.5232345461845398
3,10800,55,30002,15,14,1.6549272537231445
3,10800,55,30002,15,15,2.187593460083008
3,10800,55,30002,15,16,0.6359906792640686
3,10800,55,30002,15,17,0.08051691949367523
3,10800,55,30002,15,18,0.6904478669166565
3,10800,55,30002,15,19,0.1552625298500061
3,10800,55,30002,15,20,0.3715144097805023
3,10800,55,30002,15,21,0.10108472406864166
3,10800,55,30002,15,22,1.232141375541687
3,10800,55,30002,15,23,0.1898251473903656
3,10800,55,30002,15,24,3.899613380432129
3,10800,55,30002,15,25,2.2911415100097656
3,10800,55,30002,15,26,2.7068567276000977
3,10800,55,30002,15,27,2.002467393875122
3,10800,55,30002,15,28,0.4731137156486511
3,10800,55,30002,15,29,0.34671419858932495
3,10800,56,30002,16,0,3.005815267562866
3,10800,56,30002,16,1,1.5283207893371582
3,10800,56,30002,16,2,1.6853232383728027
3,10800,56,30002,16,3,0.22241775691509247
3,10800,56,30002,16,4,0.22020645439624786
3,10800,56,30002,16,5,2.7422289848327637
3,10800,56,30002,16,6,1.860295295715332
3,10800,56,30002,16,7,1.1013264656066895
3,10800,56,30002,16,8,9.17961597442627
3,10800,56,30002,16,9,0.21968823671340942
3,10800,56,30002,16,10,0.442427396774292
3,10800,56,30002,16,11,6.9505791664123535
3,10800,56,30002,16,12,1.706047773361206
3,10800,56,30002,16,13,1.4345468282699585
3,10800,56,30002,16,14,0.7477307319641113
3,10800,56,30002,16,15,0.38206958770751953
3,10800,56,30002,16,16,1.6738746166229248
3,10800,56,30002,16,17,0.22635969519615173
3,10800,56,30002,16,18,1.592444658279419
3,10800,56,30002,16,19,0.998027503490448
3,10800,56,30002,16,20,1.1332677602767944
3,10800,56,30002,16,21,0.25848162174224854
3,10800,56,30002,16,22,0.45038363337516785
3,10800,56,30002,16,23,1.688551425933838
3,10800,56,30002,16,24,0.2869980037212372
3,10800,56,30002,16,25,1.4171183109283447
3,10800,56,30002,16,26,0.07539419829845428
3,10800,56,30002,16,27,0.39211520552635193
3,10800,56,30002,16,28,0.062010616064071655
3,10800,56,30002,16,29,0.35600316524505615
3,10800,57,30002,17,0,0.5412296056747437
3,10800,57,30002,17,1,3.3299479484558105
3,10800,57,30002,17,2,1.280503273010254
3,10800,57,30002,17,3,0.35976678133010864
3,10800,57,30002,17,4,0.5190636515617371
3,10800,57,30002,17,5,0.22082951664924622
3,10800,57,30002,17,6,3.964057683944702
3,10800,57,30002,17,7,0.2352561205625534
3,10800,57,30002,17,8,0.17369982600212097
3,10800,57,30002,17,9,0.6067714691162109
3,10800,57,30002,17,10,0.7906623482704163
3,10800,57,30002,17,11,0.06983012706041336
3,10800,57,30002,17,12,1.106153964996338
3,10800,57,30002,17,13,0.6943864822387695
3,10800,57,30002,17,14,0.4806223511695862
3,10800,57,30002,17,15,0.22576212882995605
3,10800,57,30002,17,16,5.778445243835449
3,10800,57,30002,17,17,1.5957943201065063
3,10800,57,30002,17,18,0.5985356569290161
3,10800,57,30002,17,19,1.225579023361206
3,10800,57,30002,17,20,1.331030011177063
3,10800,57,30002,17,21,0.5011477470397949
3,10800,57,30002,17,22,0.08287418633699417
3,10800,57,30002,17,23,0.17067155241966248
3,10800,57,30002,17,24,4.408897876739502
3,10800,57,30002,17,25,0.9731605648994446
3,10800,57,30002,17,26,1.4166173934936523
3,10800,57,30002,17,27,0.3738524317741394
3,10800,57,30002,17,28,4.197081565856934
3,10800,57,30002,17,29,0.0765729546546936
3,10800,58,30002,18,0,4.296965599060059
3,10800,58,30002,18,1,0.24189376831054688
3,10800,58,30002,18,2,0.8537399172782898
3,10800,58,30002,18,3,0.834273099899292
3,10800,58,30002,18,4,0.18983635306358337
3,10800,58,30002,18,5,0.5980961322784424
3,10800,58,30002,18,6,1.5439097881317139
3,10800,58,30002,18,7,0.5102871060371399
3,10800,58,30002,18,8,0.40343916416168213
3,10800,58,30002,18,9,1.3561408519744873
3,10800,58,30002,18,10,1.0163772106170654
3,10800,58,30002,18,11,1.7228754758834839
3,10800,58,30002,18,12,1.1588401794433594
3,10800,58,30002,18,13,3.941505193710327
3,10800,58,30002,18,14,0.3481636643409729
3,10800,58,30002,18,15,0.1318301111459732
3,10800,58,30002,18,16,0.0792422741651535
3,10800,58,30002,18,17,0.26986855268478394
3,10800,58,30002,18,18,1.0458135604858398
3,10800,58,30002,18,19,0.5648819208145142
3,10800,58,30002,18,20,0.45056191086769104
3,10800,58,30002,18,21,4.010259628295898
3,10800,58,30002,18,22,0.3717505633831024
3,10800,58,30002,18,23,1.9951045513153076
3,10800,58,30002,18,24,1.6301350593566895
3,10800,58,30002,18,25,0.33307531476020813
3,10800,58,30002,18,26,1.2900710105895996
3,10800,58,30002,18,27,1.708909034729004
3,10800,58,30002,18,28,0.1809527724981308
3,10800,58,30002,18,29,1.8506087064743042
3,10800,59,30002,19,0,1.5794029235839844
3,10800,59,30002,19,1,1.051700234413147
3,10800,59,30002,19,2,0.6122802495956421
3,10800,59,30002,19,3,0.9793583154678345
3,10800,59,30002,19,4,0.585049033164978
3,10800,59,30002,19,5,1.0693105459213257
3,10800,59,30002,19,6,0.6593698859214783
3,10800,59,30002,19,7,0.4612260162830353
3,10800,59,30002,19,8,1.2831357717514038
3,10800,59,30002,19,9,0.07748709619045258
3,10800,59,30002,19,10,1.274801254272461
3,10800,59,30002,19,11,0.8502805829048157
3,10800,59,30002,19,12,0.3252783417701721
3,10800,59,30002,19,13,0.28534457087516785
3,10800,59,30002,19,14,0.819394588470459
3,10800,59,30002,19,15,1.0664244890213013
3,10800,59,30002,19,16,0.09462542831897736
3,10800,59,30002,19,17,0.3229963779449463
3,10800,59,30002,19,18,0.39748841524124146
3,10800,59,30002,19,19,0.7597936391830444
3,10800,59,30002,19,20,0.41755619645118713
3,10800,59,30002,19,21,10.294441223144531
3,10800,59,30002,19,22,0.7459074854850769
3,10800,59,30002,19,23,0.9634189009666443
3,10800,59,30002,19,24,1.2996301651000977
3,10800,59,30002,19,25,0.1375827193260193
3,10800,59,30002,19,26,0.6278966069221497
3,10800,59,30002,19,27,0.7736209630966187
3,10800,59,30002,19,28,0.29755350947380066
3,10800,59,30002,19,29,1.0386391878128052
4,14400,40,30002,0,0,0.25761061906814575
4,14400,40,30002,0,1,0.214687317609787
4,14400,40,30002,0,2,0.7521471381187439
4,14400,40,30002,0,3,0.17959997057914734
4,14400,40,30002,0,4,0.25243648886680603
4,14400,40,30002,0,5,0.09027153253555298
4,14400,40,30002,0,6,1.0928094387054443
4,14400,40,30002,0,7,0.265276163816452
4,14400,40,30002,0,8,1.3164002895355225
4,14400,40,30002,0,9,1.185469150543213
4,14400,40,30002,0,10,0.4950937032699585
4,14400,40,30002,0,11,0.20481817424297333
4,14400,40,30002,0,12,0.5132299661636353
4,14400,40,30002,0,13,0.16325116157531738
4,14400,40,30002,0,14,1.7445919513702393
4,14400,40,30002,0,15,0.9547183513641357
4,14400,40,30002,0,16,0.31605708599090576
4,14400,40,30002,0,17,0.1296881139278412
4,14400,40,30002,0,18,0.33438754081726074
4,14400,40,30002,0,19,0.5346672534942627
4,14400,40,30002,0,20,0.7140552401542664
4,14400,40,30002,0,21,0.8968762159347534
4,14400,40,30002,0,22,0.29808974266052246
4,14400,40,30002,0,23,0.19950534403324127
4,14400,40,30002,0,24,0.7530359625816345
4,14400,40,30002,0,25,0.4437295198440552
4,14400,40,30002,0,26,0.10041449964046478
4,14400,40,30002,0,27,1.2081141471862793
4,14400,40,30002,0,28,0.5341893434524536
4,14400,40,30002,0,29,1.9046200513839722
4,14400,41,30002,1,0,0.4006751775741577
4,14400,41,30002,1,1,0.27265700697898865
4,14400,41,30002,1,2,0.3662113845348358
4,14400,41,30002,1,3,0.5666677951812744
4,14400,41,30002,1,4,0.17356975376605988
4,14400,41,30002,1,5,0.20796452462673187
4,14400,41,30002,1,6,0.3049547076225281
4,14400,41,30002,1,7,0.49056515097618103
4,14400,41,30002,1,8,0.39468148350715637
4,14400,41,30002,1,9,0.46451643109321594
4,14400,41,30002,1,10,1.4705095291137695
4,14400,41,30002,1,11,0.8603092432022095
4,14400,41,30002,1,12,0.2746219038963318
4,14400,41,30002,1,13,0.17026254534721375
4,14400,41,30002,1,14,1.3939545154571533
4,14400,41,30002,1,15,0.3004145622253418
4,14400,41,30002,1,16,0.5082224607467651
4,14400,41,30002,1,17,0.2526049017906189
4,14400,41,30002,1,18,0.4069651961326599
4,14400,41,30002,1,19,0.29969802498817444
4,14400,41,30002,1,20,0.65162593126297
4,14400,41,30002,1,21,0.07771866023540497
4,14400,41,30002,1,22,0.31445246934890747
4,14400,41,30002,1,23,0.2115650326013565
4,14400,41,30002,1,24,0.08860966563224792
4,14400,41,30002,1,25,0.2179526537656784
4,14400,41,30002,1,26,0.06425940245389938
4,14400,41,30002,1,27,0.25255244970321655
4,14400,41,30002,1,28,0.09047545492649078
4,14400,41,30002,1,29,0.2398882806301117
4,14400,42,30002,2,0,0.14123746752738953
4,14400,42,30002,2,1,0.548116147518158
4,14400,42,30002,2,2,0.07860875129699707
4,14400,42,30002,2,3,0.7195408344268799
4,14400,42,30002,2,4,0.27941009402275085
4,14400,42,30002,2,5,0.1623666137456894
4,14400,42,30002,2,6,0.1687222421169281
4,14400,42,30002,2,7,0.20455004274845123
4,14400,42,30002,2,8,0.6293822526931763
4,14400,42,30002,2,9,0.1560111790895462
4,14400,42,30002,2,10,0.8915804624557495
4,14400,42,30002,2,11,0.05999999865889549
4,14400,42,30002,2,12,0.33647873997688293
4,14400,42,30002,2,13,0.8260730504989624
4,14400,42,30002,2,14,0.23278719186782837
4,14400,42,30002,2,15,0.4262884855270386
4,14400,42,30002,2,16,1.4266375303268433
4,14400,42,30002,2,17,0.3999667763710022
4,14400,42,30002,2,18,0.4189459979534149
4,14400,42,30002,2,19,0.6506199836730957
4,14400,42,30002,2,20,0.1949368566274643
4,14400,42,30002,2,21,0.5641367435455322
4,14400,42,30002,2,22,0.38393741846084595
4,14400,42,30002,2,23,0.499637246131897
4,14400,42,30002,2,24,1.631058931350708
4,14400,42,30002,2,25,0.5331214666366577
4,14400,42,30002,2,26,2.0604217052459717
4,14400,42,30002,2,27,0.2939409613609314
4,14400,42,30002,2,28,0.9738819003105164
4,14400,42,30002,2,29,0.834429144859314
4,14400,43,30002,3,0,8.043533325195312
4,14400,43,30002,3,1,0.4125719964504242
4,14400,43,30002,3,2,2.5988833904266357
4,14400,43,30002,3,3,0.2526578903198242
4,14400,43,30002,3,4,0.4480755925178528
4,14400,43,30002,3,5,0.29155805706977844
4,14400,43,30002,3,6,0.4411647617816925
4,14400,43,30002,3,7,0.31070977449417114
4,14400,43,30002,3,8,0.6033971309661865
4,14400,43,30002,3,9,0.45191651582717896
4,14400,43,30002,3,10,0.1926877200603485
4,14400,43,30002,3,11,0.18888387084007263
4,14400,43,30002,3,12,0.25833576917648315
4,14400,43,30002,3,13,0.27962082624435425
4,14400,43,30002,3,14,0.6360354423522949
4,14400,43,30002,3,15,0.5000365972518921
4,14400,43,30002,3,16,0.06353849172592163
4,14400,43,30002,3,17,0.2583175301551819
4,14400,43,30002,3,18,0.8737361431121826
4,14400,43,30002,3,19,0.1771565079689026
4,14400,43,30002,3,20,0.4265028238296509
4,14400,43,30002,3,21,0.4013892710208893
4,14400,43,30002,3,22,1.220947027206421
4,14400,43,30002,3,23,0.27271518111228943
4,14400,43,30002,3,24,0.4799972176551819
4,14400,43,30002,3,25,0.2639186680316925
4,14400,43,30002,3,26,0.2121666818857193
4,14400,43,30002,3,27,0.5222284197807312
4,14400,43,30002,3,28,0.3888804614543915
4,14400,43,30002,3,29,0.5431122183799744
4,14400,44,30002,4,0,0.3971206545829773
4,14400,44,30002,4,1,0.22260642051696777
4,14400,44,30002,4,2,0.5000138878822327
4,14400,44,30002,4,3,0.23496447503566742
4,14400,44,30002,4,4,2.1115853786468506
4,14400,44,30002,4,5,11.808211326599121
4,14400,44,30002,4,6,2.225966453552246
4,14400,44,30002,4,7,2.0701487064361572
4,14400,44,30002,4,8,0.16311371326446533
4,14400,44,30002,4,9,0.407823771238327
4,14400,44,30002,4,10,9.875259399414062
4,14400,44,30002,4,11,0.44047147035598755
4,14400,44,30002,4,12,0.19727744162082672
4,14400,44,30002,4,13,0.5078169703483582
4,14400,44,30002,4,14,0.30870354175567627
4,14400,44,30002,4,15,0.19539180397987366
4,14400,44,30002,4,16,0.05999999865889549
4,14400,44,30002,4,17,2.3414835929870605
4,14400,44,30002,4,18,0.379599928855896
4,14400,44,30002,4,19,0.9615750908851624
4,14400,44,30002,4,20,0.5292576551437378
4,14400,44,30002,4,21,0.8187769651412964
4,14400,44,30002,4,22,0.10013461112976074
4,14400,44,30002,4,23,0.7803984880447388
4,14400,44,30002,4,24,0.2953990399837494
4,14400,44,30002,4,25,0.5994385480880737
4,14400,44,30002,4,26,0.2866823673248291
4,14400,44,30002,4,27,0.3726874887943268
4,14400,44,30002,4,28,0.792905330657959
4,14400,44,30002,4,29,0.7491288185119629
4,14400,45,30002,5,0,0.2927848994731903
4,14400,45,30002,5,1,0.5756765604019165
4,14400,45,30002,5,2,0.8751378059387207
4,14400,45,30002,5,3,0.9395533800125122
4,14400,45,30002,5,4,0.28146252036094666
4,14400,45,30002,5,5,0.8146193027496338
4,14400,45,30002,5,6,0.30382630228996277
4,14400,45,30002,5,7,0.29521358013153076
4,14400,45,30002,5,8,0.38498353958129883
4,14400,45,30002,5,9,0.27511677145957947
4,14400,45,30002,5,10,0.43880870938301086
4,14400,45,30002,5,11,0.2776641547679901
4,14400,45,30002,5,12,0.1827751100063324
4,14400,45,30002,5,13,0.8159693479537964
4,14400,45,30002,5,14,0.32843703031539917
4,14400,45,30002,5,15,0.8480894565582275
4,14400,45,30002,5,16,0.34672942757606506
4,14400,45,30002,5,17,0.06446604430675507
4,14400,45,30002,5,18,0.09162366390228271
4,14400,45,30002,5,19,0.6706357002258301
4,14400,45,30002,5,20,0.43193668127059937
4,14400,45,30002,5,21,0.21304449439048767
4,14400,45,30002,5,22,3.537339448928833
4,14400,45,30002,5,23,0.37593668699264526
4,14400,45,30002,5,24,0.05999999865889549
4,14400,45,30002,5,25,0.7294906377792358
4,14400,45,30002,5,26,0.7255823016166687
4,14400,45,30002,5,27,0.38629379868507385
4,14400,45,30002,5,28,0.6620921492576599
4,14400,45,30002,5,29,0.6766688227653503
4,14400,46,30002,6,0,0.29936569929122925
4,14400,46,30002,6,1,0.5881497263908386
4,14400,46,30002,6,2,0.2198324203491211
4,14400,46,30002,6,3,0.17419542372226715
4,14400,46,30002,6,4,0.2695487439632416
4,14400,46,30002,6,5,0.16184912621974945
4,14400,46,30002,6,6,0.10914944112300873
4,14400,46,30002,6,7,0.6896094083786011
4,14400,46,30002,6,8,0.1167021095752716
4,14400,46,30002,6,9,0.19515343010425568
4,14400,46,30002,6,10,0.3498128056526184
4,14400,46,30002,6,11,0.6782655715942383
4,14400,46,30002,6,12,0.22161686420440674
4,14400,46,30002,6,13,0.33589398860931396
4,14400,46,30002,6,14,0.18851593136787415
4,14400,46,30002,6,15,0.37220388650894165
4,14400,46,30002,6,16,0.5835936069488525
4,14400,46,30002,6,17,0.13294845819473267
4,14400,46,30002,6,18,0.588211178779602
4,14400,46,30002,6,19,0.5572783350944519
4,14400,46,30002,6,20,0.5624338388442993
4,14400,46,30002,6,21,0.4909142255783081
4,14400,46,30002,6,22,0.20961719751358032
4,14400,46,30002,6,23,0.15512791275978088
4,14400,46,30002,6,24,0.4555807113647461
4,14400,46,30002,6,25,0.0699683427810669
4,14400,46,30002,6,26,0.28535333275794983
4,14400,46,30002,6,27,0.3066652715206146
4,14400,46,30002,6,28,0.5301533937454224
4,14400,46,30002,6,29,104.08881378173828
4,14400,47,30002,7,0,0.6459052562713623
4,14400,47,30002,7,1,5.311341285705566
4,14400,47,30002,7,2,0.05999999865889549
4,14400,47,30002,7,3,0.2036866545677185
4,14400,47,30002,7,4,0.0840509906411171
4,14400,47,30002,7,5,0.5794076919555664
4,14400,47,30002,7,6,3.5131983757019043
4,14400,47,30002,7,7,10.309757232666016
4,14400,47,30002,7,8,7.557708263397217
4,14400,47,30002,7,9,0.3111947476863861
4,14400,47,30002,7,10,0.2717747688293457
4,14400,47,30002,7,11,0.2818009853363037
4,14400,47,30002,7,12,0.5633834600448608
4,14400,47,30002,7,13,0.2599753141403198
4,14400,47,30002,7,14,0.3091657757759094
4,14400,47,30002,7,15,0.37519770860671997
4,14400,47,30002,7,16,7.933055877685547
4,14400,47,30002,7,17,0.1954105794429779
4,14400,47,30002,7,18,0.6738014817237854
4,14400,47,30002,7,19,0.34964630007743835
4,14400,47,30002,7,20,0.2909206748008728
4,14400,47,30002,7,21,0.6239477396011353
4,14400,47,30002,7,22,3.1617159843444824
4,14400,47,30002,7,23,0.17526601254940033
4,14400,47,30002,7,24,1.4798076152801514
4,14400,47,30002,7,25,0.4701848030090332
4,14400,47,30002,7,26,0.49631166458129883
4,14400,47,30002,7,27,0.9641858339309692
4,14400,47,30002,7,28,5.125345230102539
4,14400,47,30002,7,29,1.1801260709762573
4,14400,48,30002,8,0,0.1612032800912857
4,14400,48,30002,8,1,0.28440743684768677
4,14400,48,30002,8,2,0.4453408122062683
4,14400,48,30002,8,3,0.09535455703735352
4,14400,48,30002,8,4,0.6071308851242065
4,14400,48,30002,8,5,2.718221426010132
4,14400,48,30002,8,6,0.40796589851379395
4,14400,48,30002,8,7,0.2168012261390686
4,14400,48,30002,8,8,0.23156388103961945
4,14400,48,30002,8,9,0.6366742849349976
4,14400,48,30002,8,10,0.22113022208213806
4,14400,48,30002,8,11,0.5126793384552002
4,14400,48,30002,8,12,0.29519549012184143
4,14400,48,30002,8,13,0.9429709911346436
4,14400,48,30002,8,14,0.10383987426757812
4,14400,48,30002,8,15,0.12319882214069366
4,14400,48,30002,8,16,0.2417728751897812
4,14400,48,30002,8,17,0.7728742361068726
4,14400,48,30002,8,18,1.5113563537597656
4,14400,48,30002,8,19,6.973702430725098
4,14400,48,30002,8,20,0.14953115582466125
4,14400,48,30002,8,21,4.641240119934082
4,14400,48,30002,8,22,0.5469816327095032
4,14400,48,30002,8,23,0.7812524437904358
4,14400,48,30002,8,24,0.47253045439720154
4,14400,48,30002,8,25,0.15084603428840637
4,14400,48,30002,8,26,0.4567994177341461
4,14400,48,30002,8,27,0.5315898060798645
4,14400,48,30002,8,28,0.3525160849094391
4,14400,48,30002,8,29,0.7819880843162537
4,14400,49,30002,9,0,0.2973872125148773
4,14400,49,30002,9,1,1.4996318817138672
4,14400,49,30002,9,2,0.2511441111564636
4,14400,49,30002,9,3,0.24727001786231995
4,14400,49,30002,9,4,0.2724184989929199
4,14400,49,30002,9,5,1.2204809188842773
4,14400,49,30002,9,6,0.06655360758304596
4,14400,49,30002,9,7,0.26063331961631775
4,14400,49,30002,9,8,2.890277624130249
4,14400,49,30002,9,9,0.9200586676597595
4,14400,49,30002,9,10,0.5317971110343933
4,14400,49,30002,9,11,0.2780562937259674
4,14400,49,30002,9,12,0.336715430021286
4,14400,49,30002,9,13,0.10808148980140686
4,14400,49,30002,9,14,0.3896544873714447
4,14400,49,30002,9,15,0.34170061349868774
4,14400,49,30002,9,16,0.5072308778762817
4,14400,49,30002,9,17,0.3676353693008423
4,14400,49,30002,9,18,0.6598553657531738
4,14400,49,30002,9,19,0.3680296242237091
4,14400,49,30002,9,20,0.26276421546936035
4,14400,49,30002,9,21,1.4183217287063599
4,14400,49,30002,9,22,0.24489904940128326
4,14400,49,30002,9,23,0.7484889626502991
4,14400,49,30002,9,24,0.6197308897972107
4,14400,49,30002,9,25,0.3390561640262604
4,14400,49,30002,9,26,0.5090933442115784
4,14400,49,30002,9,27,0.4373321235179901
4,14400,49,30002,9,28,0.23179057240486145
4,14400,49,30002,9,29,0.245479017496109
4,14400,50,30002,10,0,0.1961173415184021
4,14400,50,30002,10,1,0.32840245962142944
4,14400,50,30002,10,2,0.5840756297111511
4,14400,50,30002,10,3,0.4223126769065857
4,14400,50,30002,10,4,0.4808192253112793
4,14400,50,30002,10,5,0.3525853753089905
4,14400,50,30002,10,6,0.1343831866979599
4,14400,50,30002,10,7,0.43096762895584106
4,14400,50,30002,10,8,0.2259538769721985
4,14400,50,30002,10,9,0.44032761454582214
4,14400,50,30002,10,10,0.4960596561431885
4,14400,50,30002,10,11,0.7900031208992004
4,14400,50,30002,10,12,0.455453097820282
4,14400,50,30002,10,13,0.5077139735221863
4,14400,50,30002,10,14,0.6034832000732422
4,14400,50,30002,10,15,0.27146175503730774
4,14400,50,30002,10,16,0.6212302446365356
4,14400,50,30002,10,17,0.27130863070487976
4,14400,50,30002,10,18,0.09394752979278564
4,14400,50,30002,10,19,0.6038310527801514
4,14400,50,30002,10,20,0.061073530465364456
4,14400,50,30002,10,21,0.36457735300064087
4,14400,50,30002,10,22,2.414991855621338
4,14400,50,30002,10,23,0.26948830485343933
4,14400,50,30002,10,24,0.6696264743804932
4,14400,50,30002,10,25,0.42545220255851746
4,14400,50,30002,10,26,0.9886614084243774
4,14400,50,30002,10,27,0.19350454211235046
4,14400,50,30002,10,28,0.5160913467407227
4,14400,50,30002,10,29,0.15828272700309753
4,14400,51,30002,11,0,0.09261362999677658
4,14400,51,30002,11,1,0.3956102728843689
4,14400,51,30002,11,2,0.31683093309402466
4,14400,51,30002,11,3,0.24028116464614868
4,14400,51,30002,11,4,0.253908634185791
4,14400,51,30002,11,5,0.19108042120933533
4,14400,51,30002,11,6,0.07877400517463684
4,14400,51,30002,11,7,0.1937260627746582
4,14400,51,30002,11,8,0.16973401606082916
4,14400,51,30002,11,9,0.2985711991786957
4,14400,51,30002,11,10,0.3820764422416687
4,14400,51,30002,11,11,1.1549447774887085
4,14400,51,30002,11,12,0.09033836424350739
4,14400,51,30002,11,13,0.5106499195098877
4,14400,51,30002,11,14,0.43020689487457275
4,14400,51,30002,11,15,0.41300004720687866
4,14400,51,30002,11,16,0.14007407426834106
4,14400,51,30002,11,17,0.7111137509346008
4,14400,51,30002,11,18,7.370754241943359
4,14400,51,30002,11,19,0.5854976773262024
4,14400,51,30002,11,20,0.374885618686676
4,14400,51,30002,11,21,0.23954689502716064
4,14400,51,30002,11,22,0.21848785877227783
4,14400,51,30002,11,23,0.31030943989753723
4,14400,51,30002,11,24,1.1013720035552979
4,14400,51,30002,11,25,0.29465025663375854
4,14400,51,30002,11,26,0.3129865229129791
4,14400,51,30002,11,27,0.33547860383987427
4,14400,51,30002,11,28,0.3153432607650757
4,14400,51,30002,11,29,0.208315908908844
4,14400,52,30002,12,0,0.5943180322647095
4,14400,52,30002,12,1,0.5835970640182495
4,14400,52,30002,12,2,0.4493914246559143
4,14400,52,30002,12,3,0.4071272611618042
4,14400,52,30002,12,4,0.2731872797012329
4,14400,52,30002,12,5,0.20870435237884521
4,14400,52,30002,12,6,1.0643017292022705
4,14400,52,30002,12,7,0.3861224353313446
4,14400,52,30002,12,8,0.10393379628658295
4,14400,52,30002,12,9,0.4407462477684021
4,14400,52,30002,12,10,2.2513792514801025
4,14400,52,30002,12,11,0.3448515832424164
4,14400,52,30002,12,12,0.45756402611732483
4,14400,52,30002,12,13,0.3790706992149353
4,14400,52,30002,12,14,0.30222955346107483
4,14400,52,30002,12,15,0.8184118270874023
4,14400,52,30002,12,16,0.3283604085445404
4,14400,52,30002,12,17,0.12349433451890945
4,14400,52,30002,12,18,0.4139973521232605
4,14400,52,30002,12,19,0.14462052285671234
4,14400,52,30002,12,20,0.35205820202827454
4,14400,52,30002,12,21,0.9165202379226685
4,14400,52,30002,12,22,0.4936656951904297
4,14400,52,30002,12,23,0.2424946427345276
4,14400,52,30002,12,24,0.2612564265727997
4,14400,52,30002,12,25,0.21160678565502167
4,14400,52,30002,12,26,0.7473326325416565
4,14400,52,30002,12,27,0.5709248781204224
4,14400,52,30002,12,28,0.37286993861198425
4,14400,52,30002,12,29,1.1565821170806885
4,14400,53,30002,13,0,1.9079983234405518
4,14400,53,30002,13,1,0.7974449396133423
4,14400,53,30002,13,2,0.12416596710681915
4,14400,53,30002,13,3,0.27182960510253906
4,14400,53,30002,13,4,0.05999999865889549
4,14400,53,30002,13,5,0.2549034059047699
4,14400,53,30002,13,6,0.694236695766449
4,14400,53,30002,13,7,0.19391819834709167
4,14400,53,30002,13,8,0.7748629450798035
4,14400,53,30002,13,9,0.49467724561691284
4,14400,53,30002,13,10,0.3398979902267456
4,14400,53,30002,13,11,0.3454897701740265
4,14400,53,30002,13,12,2.769120216369629
4,14400,53,30002,13,13,0.6448759436607361
4,14400,53,30002,13,14,0.6025164127349854
4,14400,53,30002,13,15,0.8877889513969421
4,14400,53,30002,13,16,0.1900077909231186
4,14400,53,30002,13,17,0.3816612958908081
4,14400,53,30002,13,18,0.44354456663131714
4,14400,53,30002,13,19,4.808788776397705
4,14400,53,30002,13,20,0.17514154314994812
4,14400,53,30002,13,21,0.07240687310695648
4,14400,53,30002,13,22,0.49984586238861084
4,14400,53,30002,13,23,0.5320838689804077
4,14400,53,30002,13,24,1.4817581176757812
4,14400,53,30002,13,25,0.17183680832386017
4,14400,53,30002,13,26,0.6925722360610962
4,14400,53,30002,13,27,0.6847590804100037
4,14400,53,30002,13,28,0.21107161045074463
4,14400,53,30002,13,29,0.8300008773803711
4,14400,54,30002,14,0,0.904072105884552
4,14400,54,30002,14,1,0.2581602931022644
4,14400,54,30002,14,2,0.3911266624927521
4,14400,54,30002,14,3,0.6413856744766235
4,14400,54,30002,14,4,0.27584490180015564
4,14400,54,30002,14,5,1.2496027946472168
4,14400,54,30002,14,6,0.1846909523010254
4,14400,54,30002,14,7,5.637817859649658
4,14400,54,30002,14,8,0.7739943265914917
4,14400,54,30002,14,9,0.4518411159515381
4,14400,54,30002,14,10,0.15209759771823883
4,14400,54,30002,14,11,1.0339452028274536
4,14400,54,30002,14,12,0.05999999865889549
4,14400,54,30002,14,13,1.1088947057724
4,14400,54,30002,14,14,0.2508947551250458
4,14400,54,30002,14,15,0.7832350134849548
4,14400,54,30002,14,16,0.8006242513656616
4,14400,54,30002,14,17,8.824542999267578
4,14400,54,30002,14,18,0.3884982764720917
4,14400,54,30002,14,19,0.37066054344177246
4,14400,54,30002,14,20,0.48779064416885376
4,14400,54,30002,14,21,0.2858427166938782
4,14400,54,30002,14,22,4.373354434967041
4,14400,54,30002,14,23,0.7495078444480896
4,14400,54,30002,14,24,6.352703094482422
4,14400,54,30002,14,25,0.20489904284477234
4,14400,54,30002,14,26,1.0724809169769287
4,14400,54,30002,14,27,0.2058607041835785
4,14400,54,30002,14,28,0.338115930557251
4,14400,54,30002,14,29,1.0113211870193481
4,14400,55,30002,15,0,0.5290721654891968
4,14400,55,30002,15,1,0.23981469869613647
4,14400,55,30002,15,2,0.9901342391967773
4,14400,55,30002,15,3,0.2410557121038437
4,14400,55,30002,15,4,0.4292757511138916
4,14400,55,30002,15,5,0.2796582281589508
4,14400,55,30002,15,6,0.20133811235427856
4,14400,55,30002,15,7,0.841107189655304
4,14400,55,30002,15,8,0.331292062997818
4,14400,55,30002,15,9,1.2258214950561523
4,14400,55,30002,15,10,2.018315553665161
4,14400,55,30002,15,11,0.4267162084579468
4,14400,55,30002,15,12,0.20819610357284546
4,14400,55,30002,15,13,0.24067647755146027
4,14400,55,30002,15,14,0.9342303276062012
4,14400,55,30002,15,15,0.26670876145362854
4,14400,55,30002,15,16,0.521639883518219
4,14400,55,30002,15,17,0.37628814578056335
4,14400,55,30002,15,18,0.1264466643333435
4,14400,55,30002,15,19,0.1787451058626175
4,14400,55,30002,15,20,0.2127073109149933
4,14400,55,30002,15,21,0.6533878445625305
4,14400,55,30002,15,22,1.0668985843658447
4,14400,55,30002,15,23,0.6630240678787231
4,14400,55,30002,15,24,0.698651134967804
4,14400,55,30002,15,25,0.4040871560573578
4,14400,55,30002,15,26,1.3802794218063354
4,14400,55,30002,15,27,3.115917921066284
4,14400,55,30002,15,28,0.6980714201927185
4,14400,55,30002,15,29,0.05999999865889549
4,14400,56,30002,16,0,0.6841498017311096
4,14400,56,30002,16,1,0.29133710265159607
4,14400,56,30002,16,2,0.7520937919616699
4,14400,56,30002,16,3,0.17515318095684052
4,14400,56,30002,16,4,0.48436999320983887
4,14400,56,30002,16,5,1.103145956993103
4,14400,56,30002,16,6,1.6697243452072144
4,14400,56,30002,16,7,0.25228872895240784
4,14400,56,30002,16,8,0.4047061800956726
4,14400,56,30002,16,9,0.19748516380786896
4,14400,56,30002,16,10,0.5099825263023376
4,14400,56,30002,16,11,0.6648100018501282
4,14400,56,30002,16,12,0.12548857927322388
4,14400,56,30002,16,13,0.32816123962402344
4,14400,56,30002,16,14,0.0757736936211586
4,14400,56,30002,16,15,0.30887070298194885
4,14400,56,30002,16,16,0.6168453097343445
4,14400,56,30002,16,17,0.14825661480426788
4,14400,56,30002,16,18,0.24560776352882385
4,14400,56,30002,16,19,0.18472518026828766
4,14400,56,30002,16,20,0.5720813274383545
4,14400,56,30002,16,21,0.21971938014030457
4,14400,56,30002,16,22,0.23941335082054138
4,14400,56,30002,16,23,0.18456293642520905
4,14400,56,30002,16,24,0.2718687057495117
4,14400,56,30002,16,25,0.5754357576370239
4,14400,56,30002,16,26,1.2594791650772095
4,14400,56,30002,16,27,0.0932433158159256
4,14400,56,30002,16,28,0.21861371397972107
4,14400,56,30002,16,29,0.21299991011619568
4,14400,57,30002,17,0,0.8617533445358276
4,14400,57,30002,17,1,0.40046074986457825
4,14400,57,30002,17,2,0.6469898223876953
4,14400,57,30002,17,3,0.8197162747383118
4,14400,57,30002,17,4,0.146588996052742
4,14400,57,30002,17,5,0.1819346845149994
4,14400,57,30002,17,6,0.755357027053833
4,14400,57,30002,17,7,0.6469922661781311
4,14400,57,30002,17,8,0.24196060001850128
4,14400,57,30002,17,9,0.5962327718734741
4,14400,57,30002,17,10,0.9905803799629211
4,14400,57,30002,17,11,0.2917301058769226
4,14400,57,30002,17,12,0.6104419231414795
4,14400,57,30002,17,13,0.13000765442848206
4,14400,57,30002,17,14,0.08390604704618454
4,14400,57,30002,17,15,0.19233709573745728
4,14400,57,30002,17,16,0.5710824131965637
4,14400,57,30002,17,17,0.2548941373825073
4,14400,57,30002,17,18,0.32905930280685425
4,14400,57,30002,17,19,0.07928141206502914
4,14400,57,30002,17,20,0.45096129179000854
4,14400,57,30002,17,21,0.3452877700328827
4,14400,57,30002,17,22,0.23930513858795166
4,14400,57,30002,17,23,0.33672165870666504
4,14400,57,30002,17,24,0.7612454891204834
4,14400,57,30002,17,25,0.2554452419281006
4,14400,57,30002,17,26,1.1909071207046509
4,14400,57,30002,17,27,0.4594387412071228
4,14400,57,30002,17,28,1.1171255111694336
4,14400,57,30002,17,29,0.24725110828876495
4,14400,58,30002,18,0,0.8028597831726074
4,14400,58,30002,18,1,0.1725354790687561
4,14400,58,30002,18,2,0.15155701339244843
4,14400,58,30002,18,3,0.25526055693626404
4,14400,58,30002,18,4,0.31692004203796387
4,14400,58,30002,18,5,0.4691576659679413
4,14400,58,30002,18,6,0.9688460826873779
4,14400,58,30002,18,7,0.5309445858001709
4,14400,58,30002,18,8,0.23758983612060547
4,14400,58,30002,18,9,0.11048121750354767
4,14400,58,30002,18,10,0.29007744789123535
4,14400,58,30002,18,11,0.14390799403190613
4,14400,58,30002,18,12,0.9492452144622803
4,14400,58,30002,18,13,0.4164471924304962
4,14400,58,30002,18,14,0.3101036548614502
4,14400,58,30002,18,15,0.3239988088607788
4,14400,58,30002,18,16,0.697918176651001
4,14400,58,30002,18,17,0.3965955376625061
4,14400,58,30002,18,18,0.08737527579069138
4,14400,58,30002,18,19,0.2978458106517792
4,14400,58,30002,18,20,0.2763877809047699
4,14400,58,30002,18,21,0.6237550377845764
4,14400,58,30002,18,22,0.2801263630390167
4,14400,58,30002,18,23,0.1642538160085678
4,14400,58,30002,18,24,0.4067419767379761
4,14400,58,30002,18,25,0.0730426013469696
4,14400,58,30002,18,26,0.10180379450321198
4,14400,58,30002,18,27,0.17024949193000793
4,14400,58,30002,18,28,0.17290526628494263
4,14400,58,30002,18,29,0.300696462392807
4,14400,59,30002,19,0,0.2689501643180847
4,14400,59,30002,19,1,0.7517116665840149
4,14400,59,30002,19,2,0.08583047986030579
4,14400,59,30002,19,3,0.2692737281322479
4,14400,59,30002,19,4,0.45722201466560364
4,14400,59,30002,19,5,0.4051988124847412
4,14400,59,30002,19,6,0.3765585720539093
4,14400,59,30002,19,7,0.2030150443315506
4,14400,59,30002,19,8,2.2199931144714355
4,14400,59,30002,19,9,0.33129674196243286
4,14400,59,30002,19,10,0.23240765929222107
4,14400,59,30002,19,11,0.07049302756786346
4,14400,59,30002,19,12,0.4836105704307556
4,14400,59,30002,19,13,0.2277148813009262
4,14400,59,30002,19,14,0.4440311789512634
4,14400,59,30002,19,15,0.6311498880386353
4,14400,59,30002,19,16,0.29494914412498474
4,14400,59,30002,19,17,0.43015873432159424
4,14400,59,30002,19,18,0.1518205851316452
4,14400,59,30002,19,19,0.5445320010185242
4,14400,59,30002,19,20,0.09048818796873093
4,14400,59,30002,19,21,0.7940958738327026
4,14400,59,30002,19,22,0.5925103425979614
4,14400,59,30002,19,23,0.23364271223545074
4,14400,59,30002,19,24,0.6122018098831177
4,14400,59,30002,19,25,0.2185717523097992
4,14400,59,30002,19,26,0.34097346663475037
4,14400,59,30002,19,27,0.4394131898880005
4,14400,59,30002,19,28,0.17851874232292175
4,14400,59,30002,19,29,0.506813645362854
5,18000,40,30002,0,0,0.17172908782958984
5,18000,40,30002,0,1,0.4265621304512024
5,18000,40,30002,0,2,0.48427775502204895
5,18000,40,30002,0,3,0.6396538019180298
5,18000,40,30002,0,4,0.3909900486469269
5,18000,40,30002,0,5,0.30663904547691345
5,18000,40,30002,0,6,0.6837601661682129
5,18000,40,30002,0,7,0.12312716245651245
5,18000,40,30002,0,8,0.6294137239456177
5,18000,40,30002,0,9,1.0977263450622559
5,18000,40,30002,0,10,0.32138118147850037
5,18000,40,30002,0,11,0.1010904461145401
5,18000,40,30002,0,12,0.48886048793792725
5,18000,40,30002,0,13,0.22075961530208588
5,18000,40,30002,0,14,0.8516623973846436
5,18000,40,30002,0,15,1.749342918395996
5,18000,40,30002,0,16,0.3495315611362457
5,18000,40,30002,0,17,0.5395737290382385
5,18000,40,30002,0,18,0.38919466733932495
5,18000,40,30002,0,19,0.29265785217285156
5,18000,40,30002,0,20,0.3209509253501892
5,18000,40,30002,0,21,0.5508378744125366
5,18000,40,30002,0,22,0.2228836715221405
5,18000,40,30002,0,23,0.19903437793254852
5,18000,40,30002,0,24,0.6411553621292114
5,18000,40,30002,0,25,0.05999999865889549
5,18000,40,30002,0,26,0.23873867094516754
5,18000,40,30002,0,27,0.4167015552520752
5,18000,40,30002,0,28,0.4513361155986786
5,18000,40,30002,0,29,0.5589596033096313
5,18000,41,30002,1,0,0.3214884400367737
5,18000,41,30002,1,1,0.4174043834209442
5,18000,41,30002,1,2,0.2923133373260498
5,18000,41,30002,1,3,0.8139632344245911
5,18000,41,30002,1,4,0.3153596818447113
5,18000,41,30002,1,5,0.10690389573574066
5,18000,41,30002,1,6,0.21490423381328583
5,18000,41,30002,1,7,0.8058110475540161
5,18000,41,30002,1,8,0.2977396249771118
5,18000,41,30002,1,9,0.18145443499088287
5,18000,41,30002,1,10,1.4958467483520508
5,18000,41,30002,1,11,0.8363634943962097
5,18000,41,30002,1,12,0.162653848528862
5,18000,41,30002,1,13,0.2220955789089203
5,18000,41,30002,1,14,1.9583622217178345
5,18000,41,30002,1,15,0.2598966062068939
5,18000,41,30002,1,16,0.21577531099319458
5,18000,41,30002,1,17,0.24180470407009125
5,18000,41,30002,1,18,0.7394469976425171
5,18000,41,30002,1,19,0.1371728926897049
5,18000,41,30002,1,20,0.05999999865889549
5,18000,41,30002,1,21,0.09133227169513702
5,18000,41,30002,1,22,0.7961670160293579
5,18000,41,30002,1,23,0.22324004769325256
5,18000,41,30002,1,24,0.27721652388572693
5,18000,41,30002,1,25,0.24164657294750214
5,18000,41,30002,1,26,0.06277798116207123
5,18000,41,30002,1,27,0.2311379462480545
5,18000,41,30002,1,28,0.26889893412590027
5,18000,41,30002,1,29,0.18787270784378052
5,18000,42,30002,2,0,0.3133070170879364
5,18000,42,30002,2,1,0.22165831923484802
5,18000,42,30002,2,2,0.1175239160656929
5,18000,42,30002,2,3,0.2178536057472229
5,18000,42,30002,2,4,0.23198740184307098
5,18000,42,30002,2,5,0.5089223384857178
5,18000,42,30002,2,6,0.28235018253326416
5,18000,42,30002,2,7,0.13764441013336182
5,18000,42,30002,2,8,0.602890133857727
5,18000,42,30002,2,9,0.25939059257507324
5,18000,42,30002,2,10,0.15671613812446594
5,18000,42,30002,2,11,0.44488486647605896
5,18000,42,30002,2,12,0.29642096161842346
5,18000,42,30002,2,13,0.8705977201461792
5,18000,42,30002,2,14,0.45484358072280884
5,18000,42,30002,2,15,2.5613510608673096
5,18000,42,30002,2,16,0.6094775199890137
5,18000,42,30002,2,17,0.25431475043296814
5,18000,42,30002,2,18,0.3337118625640869
5,18000,42,30002,2,19,0.48593154549598694
5,18000,42,30002,2,20,0.29611021280288696
5,18000,42,30002,2,21,0.3532356321811676
5,18000,42,30002,2,22,0.15194934606552124
5,18000,42,30002,2,23,0.39710360765457153
5,18000,42,30002,2,24,0.15394043922424316
5,18000,42,30002,2,25,0.11887528002262115
5,18000,42,30002,2,26,0.12227650731801987
5,18000,42,30002,2,27,0.2966274321079254
5,18000,42,30002,2,28,1.013422966003418
5,18000,42,30002,2,29,0.12242569774389267
5,18000,43,30002,3,0,0.38165923953056335
5,18000,43,30002,3,1,0.4276362657546997
5,18000,43,30002,3,2,0.305830717086792
5,18000,43,30002,3,3,0.24095040559768677
5,18000,43,30002,3,4,0.7354058623313904
5,18000,43,30002,3,5,0.061136696487665176
5,18000,43,30002,3,6,0.38101494312286377
5,18000,43,30002,3,7,0.6738576889038086
5,18000,43,30002,3,8,0.36266735196113586
5,18000,43,30002,3,9,0.32368120551109314
5,18000,43,30002,3,10,0.36445581912994385
5,18000,43,30002,3,11,0.0635143518447876
5,18000,43,30002,3,12,0.17773064970970154
5,18000,43,30002,3,13,0.5876734256744385
5,18000,43,30002,3,14,0.36378952860832214
5,18000,43,30002,3,15,0.6717059016227722
5,18000,43,30002,3,16,0.3384838104248047
5,18000,43,30002,3,17,0.17345844209194183
5,18000,43,30002,3,18,0.5253995656967163
5,18000,43,30002,3,19,0.2723909616470337
5,18000,43,30002,3,20,0.6307896971702576
5,18000,43,30002,3,21,0.14719991385936737
5,18000,43,30002,3,22,0.7357078790664673
5,18000,43,30002,3,23,0.10661214590072632
5,18000,43,30002,3,24,1.2207756042480469
5,18000,43,30002,3,25,0.20747846364974976
5,18000,43,30002,3,26,0.2500457167625427
5,18000,43,30002,3,27,0.6404544115066528
5,18000,43,30002,3,28,0.5700175762176514
5,18000,43,30002,3,29,0.8121163845062256
5,18000,44,30002,4,0,0.3088366985321045
5,18000,44,30002,4,1,0.2954970598220825
5,18000,44,30002,4,2,0.7148643136024475
5,18000,44,30002,4,3,0.18762478232383728
5,18000,44,30002,4,4,0.4191243350505829
5,18000,44,30002,4,5,0.32036489248275757
5,18000,44,30002,4,6,0.34655502438545227
5,18000,44,30002,4,7,1.8442310094833374
5,18000,44,30002,4,8,0.3157949447631836
5,18000,44,30002,4,9,0.7857277393341064
5,18000,44,30002,4,10,0.6059763431549072
5,18000,44,30002,4,11,0.39966052770614624
5,18000,44,30002,4,12,0.06740279495716095
5,18000,44,30002,4,13,0.2739168405532837
5,18000,44,30002,4,14,1.5244988203048706
5,18000,44,30002,4,15,0.17266543209552765
5,18000,44,30002,4,16,0.2646790146827698
5,18000,44,30002,4,17,0.37400391697883606
5,18000,44,30002,4,18,0.05999999865889549
5,18000,44,30002,4,19,0.7136964797973633
5,18000,44,30002,4,20,0.5886166095733643
5,18000,44,30002,4,21,0.1766475886106491
5,18000,44,30002,4,22,0.07129155099391937
5,18000,44,30002,4,23,1.1424216032028198
5,18000,44,30002,4,24,0.1561269313097
5,18000,44,30002,4,25,0.8296478390693665
5,18000,44,30002,4,26,0.27860814332962036
5,18000,44,30002,4,27,0.1658502072095871
5,18000,44,30002,4,28,0.4508361518383026
5,18000,44,30002,4,29,0.6016784906387329
5,18000,45,30002,5,0,0.5466232299804688
5,18000,45,30002,5,1,0.2892617881298065
5,18000,45,30002,5,2,1.0810260772705078
5,18000,45,30002,5,3,0.0937938541173935
5,18000,45,30002,5,4,0.2521190345287323
5,18000,45,30002,5,5,0.39223530888557434
5,18000,45,30002,5,6,0.6273317933082581
5,18000,45,30002,5,7,0.47932347655296326
5,18000,45,30002,5,8,0.5326148271560669
5,18000,45,30002,5,9,0.26796281337738037
5,18000,45,30002,5,10,0.3921772539615631
5,18000,45,30002,5,11,0.5001975893974304
5,18000,45,30002,5,12,0.568256139755249
5,18000,45,30002,5,13,1.0993191003799438
5,18000,45,30002,5,14,0.2840779423713684
5,18000,45,30002,5,15,0.28364795446395874
5,18000,45,30002,5,16,0.36157429218292236
5,18000,45,30002,5,17,0.7479671835899353
5,18000,45,30002,5,18,0.2498016059398651
5,18000,45,30002,5,19,0.17829346656799316
5,18000,45,30002,5,20,0.8627946376800537
5,18000,45,30002,5,21,0.16889648139476776
5,18000,45,30002,5,22,0.06690525263547897
5,18000,45,30002,5,23,0.2514309883117676
5,18000,45,30002,5,24,0.38454335927963257
5,18000,45,30002,5,25,0.22111839056015015
5,18000,45,30002,5,26,0.22626714408397675
5,18000,45,30002,5,27,0.3092549741268158
5,18000,45,30002,5,28,0.2848942279815674
5,18000,45,30002,5,29,0.4832763075828552
5,18000,46,30002,6,0,0.2883073687553406
5,18000,46,30002,6,1,0.36473965644836426
5,18000,46,30002,6,2,0.21981991827487946
5,18000,46,30002,6,3,0.20723655819892883
5,18000,46,30002,6,4,0.17526036500930786
5,18000,46,30002,6,5,0.22432926297187805
5,18000,46,30002,6,6,0.32912084460258484
5,18000,46,30002,6,7,1.3007214069366455
5,18000,46,30002,6,8,0.4627751410007477
5,18000,46,30002,6,9,0.21865111589431763
5,18000,46,30002,6,10,0.2949751317501068
5,18000,46,30002,6,11,0.05999999865889549
5,18000,46,30002,6,12,0.15477386116981506
5,18000,46,30002,6,13,0.3514528274536133
5,18000,46,30002,6,14,0.17059536278247833
5,18000,46,30002,6,15,0.3885226845741272
5,18000,46,30002,6,16,0.8528996706008911
5,18000,46,30002,6,17,0.08648629486560822
5,18000,46,30002,6,18,0.26623719930648804
5,18000,46,30002,6,19,0.18560665845870972
5,18000,46,30002,6,20,0.29950836300849915
5,18000,46,30002,6,21,0.4189808666706085
5,18000,46,30002,6,22,0.17688287794589996
5,18000,46,30002,6,23,0.2083549052476883
5,18000,46,30002,6,24,0.11404163390398026
5,18000,46,30002,6,25,0.6283282041549683
5,18000,46,30002,6,26,0.342573881149292
5,18000,46,30002,6,27,0.17288342118263245
5,18000,46,30002,6,28,0.5475801229476929
5,18000,46,30002,6,29,0.5632343888282776
5,18000,47,30002,7,0,0.47191548347473145
5,18000,47,30002,7,1,0.1950039267539978
5,18000,47,30002,7,2,0.24348464608192444
5,18000,47,30002,7,3,0.20803490281105042
5,18000,47,30002,7,4,0.6691632270812988
5,18000,47,30002,7,5,0.13753540813922882
5,18000,47,30002,7,6,0.8494276404380798
5,18000,47,30002,7,7,1.3211936950683594
5,18000,47,30002,7,8,0.8178499341011047
5,18000,47,30002,7,9,0.25978249311447144
5,18000,47,30002,7,10,0.6777761578559875
5,18000,47,30002,7,11,0.06297536194324493
5,18000,47,30002,7,12,0.5407211184501648
5,18000,47,30002,7,13,0.07667814940214157
5,18000,47,30002,7,14,0.4537617564201355
5,18000,47,30002,7,15,0.17733579874038696
5,18000,47,30002,7,16,2.537318706512451
5,18000,47,30002,7,17,0.6749690175056458
5,18000,47,30002,7,18,0.35468459129333496
5,18000,47,30002,7,19,0.3709481954574585
5,18000,47,30002,7,20,0.7542970180511475
5,18000,47,30002,7,21,0.32458266615867615
5,18000,47,30002,7,22,0.45232802629470825
5,18000,47,30002,7,23,0.3481774628162384
5,18000,47,30002,7,24,1.5139390230178833
5,18000,47,30002,7,25,0.6003898978233337
5,18000,47,30002,7,26,0.3840157389640808
5,18000,47,30002,7,27,0.6042255759239197
5,18000,47,30002,7,28,0.27264270186424255
5,18000,47,30002,7,29,0.9054878950119019
5,18000,48,30002,8,0,0.16736871004104614
5,18000,48,30002,8,1,0.0823778361082077
5,18000,48,30002,8,2,1.0152442455291748
5,18000,48,30002,8,3,0.6845322847366333
5,18000,48,30002,8,4,0.6141228675842285
5,18000,48,30002,8,5,0.4674876034259796
5,18000,48,30002,8,6,0.5476504564285278
5,18000,48,30002,8,7,0.550367534160614
5,18000,48,30002,8,8,0.28935521841049194
5,18000,48,30002,8,9,1.0764799118041992
5,18000,48,30002,8,10,0.1713712215423584
5,18000,48,30002,8,11,0.5217300653457642
5,18000,48,30002,8,12,0.10416185855865479
5,18000,48,30002,8,13,0.10495130717754364
5,18000,48,30002,8,14,0.505927562713623
5,18000,48,30002,8,15,0.31877338886260986
5,18000,48,30002,8,16,0.30923545360565186
5,18000,48,30002,8,17,0.5201395750045776
5,18000,48,30002,8,18,0.4510464668273926
5,18000,48,30002,8,19,0.3411635458469391
5,18000,48,30002,8,20,1.243706464767456
5,18000,48,30002,8,21,0.26672303676605225
5,18000,48,30002,8,22,0.3820853531360626
5,18000,48,30002,8,23,0.2604949474334717
5,18000,48,30002,8,24,0.29850077629089355
5,18000,48,30002,8,25,0.6783242225646973
5,18000,48,30002,8,26,0.2253783941268921
5,18000,48,30002,8,27,0.1027868464589119
5,18000,48,30002,8,28,0.3407440185546875
5,18000,48,30002,8,29,0.4495345950126648
5,18000,49,30002,9,0,0.1427650898694992
5,18000,49,30002,9,1,0.06570544838905334
5,18000,49,30002,9,2,0.37753066420555115
5,18000,49,30002,9,3,0.2722517251968384
5,18000,49,30002,9,4,0.15552017092704773
5,18000,49,30002,9,5,0.2645932734012604
5,18000,49,30002,9,6,0.5201782584190369
5,18000,49,30002,9,7,0.24140125513076782
5,18000,49,30002,9,8,3.176502227783203
5,18000,49,30002,9,9,0.34735798835754395
5,18000,49,30002,9,10,0.10547307878732681
5,18000,49,30002,9,11,0.17202521860599518
5,18000,49,30002,9,12,0.41632041335105896
5,18000,49,30002,9,13,0.314665824174881
5,18000,49,30002,9,14,0.45281726121902466
5,18000,49,30002,9,15,0.4016188979148865
5,18000,49,30002,9,16,0.6856476664543152
5,18000,49,30002,9,17,0.409875750541687
5,18000,49,30002,9,18,0.25060877203941345
5,18000,49,30002,9,19,0.3119179308414459
5,18000,49,30002,9,20,0.21933573484420776
5,18000,49,30002,9,21,0.6731134057044983
5,18000,49,30002,9,22,0.679226815700531
5,18000,49,30002,9,23,0.250546932220459
5,18000,49,30002,9,24,0.7369288206100464
5,18000,49,30002,9,25,0.09600873291492462
5,18000,49,30002,9,26,0.2817036807537079
5,18000,49,30002,9,27,0.5658137798309326
5,18000,49,30002,9,28,0.31777024269104004
5,18000,49,30002,9,29,0.35635101795196533
5,18000,50,30002,10,0,0.3192700743675232
5,18000,50,30002,10,1,0.2877689599990845
5,18000,50,30002,10,2,0.20788946747779846
5,18000,50,30002,10,3,0.6756564974784851
5,18000,50,30002,10,4,0.6009598970413208
5,18000,50,30002,10,5,0.414398729801178
5,18000,50,30002,10,6,0.19312810897827148
5,18000,50,30002,10,7,0.42569562792778015
5,18000,50,30002,10,8,0.16081859171390533
5,18000,50,30002,10,9,0.45878535509109497
5,18000,50,30002,10,10,0.7238699197769165
5,18000,50,30002,10,11,0.5853487849235535
5,18000,50,30002,10,12,0.714799165725708
5,18000,50,30002,10,13,0.939269483089447
5,18000,50,30002,10,14,0.341510534286499
5,18000,50,30002,10,15,0.27153128385543823
5,18000,50,30002,10,16,0.18683050572872162
5,18000,50,30002,10,17,0.13628149032592773
5,18000,50,30002,10,18,0.5242739915847778
5,18000,50,30002,10,19,0.7773797512054443
5,18000,50,30002,10,20,0.37682682275772095
5,18000,50,30002,10,21,0.3667975664138794
5,18000,50,30002,10,22,0.07922182977199554
5,18000,50,30002,10,23,0.18661747872829437
5,18000,50,30002,10,24,0.6529113054275513
5,18000,50,30002,10,25,0.21002481877803802
5,18000,50,30002,10,26,0.5100487470626831
5,18000,50,30002,10,27,0.5565791130065918
5,18000,50,30002,10,28,0.45834648609161377
5,18000,50,30002,10,29,0.43714091181755066
5,18000,51,30002,11,0,0.10135277360677719
5,18000,51,30002,11,1,0.5038512349128723
5,18000,51,30002,11,2,0.3354097604751587
5,18000,51,30002,11,3,0.3785235583782196
5,18000,51,30002,11,4,0.1825261265039444
5,18000,51,30002,11,5,0.18097390234470367
5,18000,51,30002,11,6,0.33581745624542236
5,18000,51,30002,11,7,0.6298683881759644
5,18000,51,30002,11,8,0.23408780992031097
5,18000,51,30002,11,9,0.07792637497186661
5,18000,51,30002,11,10,0.4432361423969269
5,18000,51,30002,11,11,0.6387209892272949
5,18000,51,30002,11,12,0.3980003595352173
5,18000,51,30002,11,13,0.32991665601730347
5,18000,51,30002,11,14,0.47772425413131714
5,18000,51,30002,11,15,0.22285723686218262
5,18000,51,30002,11,16,0.3924376368522644
5,18000,51,30002,11,17,0.7770301103591919
5,18000,51,30002,11,18,6.643471717834473
5,18000,51,30002,11,19,0.05999999865889549
5,18000,51,30002,11,20,0.3592788875102997
5,18000,51,30002,11,21,0.22916115820407867
5,18000,51,30002,11,22,0.16814108192920685
5,18000,51,30002,11,23,1.7764174938201904
5,18000,51,30002,11,24,0.5627589821815491
5,18000,51,30002,11,25,0.5866897702217102
5,18000,51,30002,11,26,0.23226715624332428
5,18000,51,30002,11,27,0.28907275199890137
5,18000,51,30002,11,28,0.31618019938468933
5,18000,51,30002,11,29,0.12015065550804138
5,18000,52,30002,12,0,0.36625123023986816
5,18000,52,30002,12,1,0.39652180671691895
5,18000,52,30002,12,2,0.5313541889190674
5,18000,52,30002,12,3,0.20670409500598907
5,18000,52,30002,12,4,0.442484974861145
5,18000,52,30002,12,5,0.2506495714187622
5,18000,52,30002,12,6,0.2305925488471985
5,18000,52,30002,12,7,0.22089587152004242
5,18000,52,30002,12,8,0.8840522766113281
5,18000,52,30002,12,9,0.4954777657985687
5,18000,52,30002,12,10,0.1715504676103592
5,18000,52,30002,12,11,0.4132189154624939
5,18000,52,30002,12,12,0.9550713896751404
5,18000,52,30002,12,13,0.29030391573905945
5,18000,52,30002,12,14,0.3793676495552063
5,18000,52,30002,12,15,0.8406591415405273
5,18000,52,30002,12,16,0.72882479429245
5,18000,52,30002,12,17,0.4947443902492523
5,18000,52,30002,12,18,0.25399553775787354
5,18000,52,30002,12,19,0.4138607382774353
5,18000,52,30002,12,20,0.360890656709671
5,18000,52,30002,12,21,0.46732181310653687
5,18000,52,30002,12,22,0.4509736895561218
5,18000,52,30002,12,23,0.9400718808174133
5,18000,52,30002,12,24,0.14224298298358917
5,18000,52,30002,12,25,0.1791258007287979
5,18000,52,30002,12,26,0.10454897582530975
5,18000,52,30002,12,27,0.3811883330345154
5,18000,52,30002,12,28,0.1758287101984024
5,18000,52,30002,12,29,0.11190852522850037
5,18000,53,30002,13,0,0.19137439131736755
5,18000,53,30002,13,1,0.6022527813911438
5,18000,53,30002,13,2,0.4210054278373718
5,18000,53,30002,13,3,0.06735403090715408
5,18000,53,30002,13,4,0.5105494856834412
5,18000,53,30002,13,5,0.23668129742145538
5,18000,53,30002,13,6,0.4811629354953766
5,18000,53,30002,13,7,0.06349806487560272
5,18000,53,30002,13,8,0.40410614013671875
5,18000,53,30002,13,9,0.6992735862731934
5,18000,53,30002,13,10,0.10577575862407684
5,18000,53,30002,13,11,0.6746193766593933
5,18000,53,30002,13,12,0.9181369543075562
5,18000,53,30002,13,13,0.6389304995536804
5,18000,53,30002,13,14,0.40876442193984985
5,18000,53,30002,13,15,0.47055935859680176
5,18000,53,30002,13,16,0.25165054202079773
5,18000,53,30002,13,17,0.5920107960700989
5,18000,53,30002,13,18,0.4198502004146576
5,18000,53,30002,13,19,3.1143798828125
5,18000,53,30002,13,20,0.32244133949279785
5,18000,53,30002,13,21,0.5093251466751099
5,18000,53,30002,13,22,0.20066435635089874
5,18000,53,30002,13,23,0.44347113370895386
5,18000,53,30002,13,24,0.7799912691116333
5,18000,53,30002,13,25,0.2766403555870056
5,18000,53,30002,13,26,0.6210046410560608
5,18000,53,30002,13,27,0.7710832953453064
5,18000,53,30002,13,28,0.24341537058353424
5,18000,53,30002,13,29,0.36685606837272644
5,18000,54,30002,14,0,0.8194410800933838
5,18000,54,30002,14,1,0.2709290385246277
5,18000,54,30002,14,2,0.9644010066986084
5,18000,54,30002,14,3,0.5582287311553955
5,18000,54,30002,14,4,1.4413347244262695
5,18000,54,30002,14,5,0.8717756867408752
5,18000,54,30002,14,6,0.18585294485092163
5,18000,54,30002,14,7,0.2962712049484253
5,18000,54,30002,14,8,0.1096198633313179
5,18000,54,30002,14,9,0.06617508828639984
5,18000,54,30002,14,10,0.8316266536712646
5,18000,54,30002,14,11,0.6947444081306458
5,18000,54,30002,14,12,0.08775439858436584
5,18000,54,30002,14,13,1.3834432363510132
5,18000,54,30002,14,14,0.3064354956150055
5,18000,54,30002,14,15,0.44775334000587463
5,18000,54,30002,14,16,1.446564793586731
5,18000,54,30002,14,17,0.36541303992271423
5,18000,54,30002,14,18,0.07593712210655212
5,18000,54,30002,14,19,0.3707261085510254
5,18000,54,30002,14,20,0.8388317227363586
5,18000,54,30002,14,21,0.6474825739860535
5,18000,54,30002,14,22,0.6277294754981995
5,18000,54,30002,14,23,1.1391010284423828
5,18000,54,30002,14,24,0.25272226333618164
5,18000,54,30002,14,25,0.15656256675720215
5,18000,54,30002,14,26,0.8922125101089478
5,18000,54,30002,14,27,0.6910713315010071
5,18000,54,30002,14,28,1.233876347541809
5,18000,54,30002,14,29,0.7666522264480591
5,18000,55,30002,15,0,0.3705989718437195
5,18000,55,30002,15,1,0.5277503132820129
5,18000,55,30002,15,2,0.2983393669128418
5,18000,55,30002,15,3,0.17976821959018707
5,18000,55,30002,15,4,0.43540868163108826
5,18000,55,30002,15,5,0.2817468047142029
5,18000,55,30002,15,6,0.11805956065654755
5,18000,55,30002,15,7,0.1944027543067932
5,18000,55,30002,15,8,0.3492613434791565
5,18000,55,30002,15,9,0.1322728842496872
5,18000,55,30002,15,10,0.1352119743824005
5,18000,55,30002,15,11,0.3717436194419861
5,18000,55,30002,15,12,0.40250256657600403
5,18000,55,30002,15,13,0.4046284258365631
5,18000,55,30002,15,14,0.18800678849220276
5,18000,55,30002,15,15,0.5828201770782471
5,18000,55,30002,15,16,0.5922284126281738
5,18000,55,30002,15,17,0.25644856691360474
5,18000,55,30002,15,18,0.4838702082633972
5,18000,55,30002,15,19,0.22513721883296967
5,18000,55,30002,15,20,0.28441208600997925
5,18000,55,30002,15,21,0.5077753067016602
5,18000,55,30002,15,22,0.7200013995170593
5,18000,55,30002,15,23,0.5885944366455078
5,18000,55,30002,15,24,0.372360497713089
5,18000,55,30002,15,25,0.4392626881599426
5,18000,55,30002,15,26,0.7424664497375488
5,18000,55,30002,15,27,0.07588057219982147
5,18000,55,30002,15,28,0.1740988940000534
5,18000,55,30002,15,29,0.28724345564842224
5,18000,56,30002,16,0,0.3455405831336975
5,18000,56,30002,16,1,0.16953447461128235
5,18000,56,30002,16,2,0.6621481776237488
5,18000,56,30002,16,3,0.23535509407520294
5,18000,56,30002,16,4,0.4537957012653351
5,18000,56,30002,16,5,0.8442315459251404
5,18000,56,30002,16,6,0.770973801612854
5,18000,56,30002,16,7,0.2053091824054718
5,18000,56,30002,16,8,0.1900477409362793
5,18000,56,30002,16,9,0.16297437250614166
5,18000,56,30002,16,10,0.2843049466609955
5,18000,56,30002,16,11,0.37942904233932495
5,18000,56,30002,16,12,0.7399225234985352
5,18000,56,30002,16,13,0.869580090045929
5,18000,56,30002,16,14,0.3962530493736267
5,18000,56,30002,16,15,0.3303292989730835
5,18000,56,30002,16,16,0.6740992069244385
5,18000,56,30002,16,17,0.23732204735279083
5,18000,56,30002,16,18,0.1801861971616745
5,18000,56,30002,16,19,0.47774040699005127
5,18000,56,30002,16,20,1.182904839515686
5,18000,56,30002,16,21,0.30982568860054016
5,18000,56,30002,16,22,0.342752069234848
5,18000,56,30002,16,23,0.730483889579773
5,18000,56,30002,16,24,0.3195975422859192
5,18000,56,30002,16,25,0.05999999865889549
5,18000,56,30002,16,26,0.43997830152511597
5,18000,56,30002,16,27,0.19243928790092468
5,18000,56,30002,16,28,0.1674783080816269
5,18000,56,30002,16,29,0.33435752987861633
5,18000,57,30002,17,0,0.7869818210601807
5,18000,57,30002,17,1,0.16434288024902344
5,18000,57,30002,17,2,0.5070216655731201
5,18000,57,30002,17,3,0.8464356660842896
5,18000,57,30002,17,4,0.4347766637802124
5,18000,57,30002,17,5,0.232767716050148
5,18000,57,30002,17,6,0.16972070932388306
5,18000,57,30002,17,7,0.0723857432603836
5,18000,57,30002,17,8,0.24992424249649048
5,18000,57,30002,17,9,0.5018827319145203
5,18000,57,30002,17,10,1.2585968971252441
5,18000,57,30002,17,11,0.23244714736938477
5,18000,57,30002,17,12,0.6975784301757812
5,18000,57,30002,17,13,0.6317951679229736
5,18000,57,30002,17,14,0.4250924289226532
5,18000,57,30002,17,15,0.16785266995429993
5,18000,57,30002,17,16,0.3844108581542969
5,18000,57,30002,17,17,0.1903969794511795
5,18000,57,30002,17,18,0.42699629068374634
5,18000,57,30002,17,19,0.8480712175369263
5,18000,57,30002,17,20,0.7388831973075867
5,18000,57,30002,17,21,0.4066253900527954
5,18000,57,30002,17,22,0.19679905474185944
5,18000,57,30002,17,23,0.24552267789840698
5,18000,57,30002,17,24,0.32394111156463623
5,18000,57,30002,17,25,1.1159658432006836
5,18000,57,30002,17,26,1.732018232345581
5,18000,57,30002,17,27,0.5816139578819275
5,18000,57,30002,17,28,0.14378738403320312
5,18000,57,30002,17,29,0.16636043787002563
5,18000,58,30002,18,0,0.16031236946582794
5,18000,58,30002,18,1,0.343286395072937
5,18000,58,30002,18,2,0.5650753378868103
5,18000,58,30002,18,3,0.35759642720222473
5,18000,58,30002,18,4,0.3179028034210205
5,18000,58,30002,18,5,0.7075932621955872
5,18000,58,30002,18,6,0.20504947006702423
5,18000,58,30002,18,7,0.46798646450042725
5,18000,58,30002,18,8,0.280757874250412
5,18000,58,30002,18,9,0.5647212862968445
5,18000,58,30002,18,10,0.2474823147058487
5,18000,58,30002,18,11,0.7110162377357483
5,18000,58,30002,18,12,1.3803141117095947
5,18000,58,30002,18,13,0.15482653677463531
5,18000,58,30002,18,14,0.1749100387096405
5,18000,58,30002,18,15,0.3866758942604065
5,18000,58,30002,18,16,0.5768617391586304
5,18000,58,30002,18,17,0.274149626493454
5,18000,58,30002,18,18,0.4134681522846222
5,18000,58,30002,18,19,0.3796142041683197
5,18000,58,30002,18,20,0.23469816148281097
5,18000,58,30002,18,21,0.1262594610452652
5,18000,58,30002,18,22,0.3668024241924286
5,18000,58,30002,18,23,0.44421470165252686
5,18000,58,30002,18,24,1.75954270362854
5,18000,58,30002,18,25,0.10003098845481873
5,18000,58,30002,18,26,1.354860782623291
5,18000,58,30002,18,27,1.6576955318450928
5,18000,58,30002,18,28,0.17014570534229279
5,18000,58,30002,18,29,0.05999999865889549
5,18000,59,30002,19,0,0.10587222874164581
5,18000,59,30002,19,1,0.7676504850387573
5,18000,59,30002,19,2,0.5595894455909729
5,18000,59,30002,19,3,0.241960808634758
5,18000,59,30002,19,4,0.4822067618370056
5,18000,59,30002,19,5,0.27462589740753174
5,18000,59,30002,19,6,0.3538544476032257
5,18000,59,30002,19,7,0.3387390375137329
5,18000,59,30002,19,8,0.3677966594696045
5,18000,59,30002,19,9,0.22089920938014984
5,18000,59,30002,19,10,0.4019395709037781
5,18000,59,30002,19,11,0.7046493291854858
5,18000,59,30002,19,12,0.5544519424438477
5,18000,59,30002,19,13,0.18884073197841644
5,18000,59,30002,19,14,0.898613691329956
5,18000,59,30002,19,15,1.2392390966415405
5,18000,59,30002,19,16,0.26888054609298706
5,18000,59,30002,19,17,0.22304943203926086
5,18000,59,30002,19,18,0.30170103907585144
5,18000,59,30002,19,19,0.37793323397636414
5,18000,59,30002,19,20,0.29563963413238525
5,18000,59,30002,19,21,0.10048726946115494
5,18000,59,30002,19,22,0.9951675534248352
5,18000,59,30002,19,23,0.07047668844461441
5,18000,59,30002,19,24,0.5753186941146851
5,18000,59,30002,19,25,0.19078949093818665
5,18000,59,30002,19,26,0.32413801550865173
5,18000,59,30002,19,27,0.2573232650756836
5,18000,59,30002,19,28,0.29171380400657654
5,18000,59,30002,19,29,0.06316442787647247
0,0,60,30003,0,0,8.89360237121582
0,0,60,30003,0,1,9.127986907958984
0,0,60,30003,0,2,8.99862003326416
0,0,60,30003,0,3,8.24117374420166
0,0,60,30003,0,4,9.070798873901367
0,0,60,30003,0,5,7.606471538543701
0,0,60,30003,0,6,6.496230125427246
0,0,60,30003,0,7,8.153703689575195
0,0,60,30003,0,8,8.628011703491211
0,0,60,30003,0,9,7.671021461486816
0,0,60,30003,0,10,7.087729454040527
0,0,60,30003,0,11,8.529690742492676
0,0,60,30003,0,12,6.912095069885254
0,0,60,30003,0,13,8.468504905700684
0,0,60,30003,0,14,7.468657493591309
0,0,60,30003,0,15,8.659585952758789
0,0,60,30003,0,16,8.983514785766602
0,0,60,30003,0,17,7.066600799560547
0,0,60,30003,0,18,7.330621719360352
0,0,60,30003,0,19,7.337691783905029
0,0,60,30003,0,20,7.812841415405273
0,0,60,30003,0,21,8.328468322753906
0,0,60,30003,0,22,7.007991313934326
0,0,60,30003,0,23,9.262409210205078
0,0,60,30003,0,24,10.07976245880127
0,0,60,30003,0,25,7.517879486083984
0,0,60,30003,0,26,7.488491058349609
0,0,60,30003,0,27,9.15139389038086
0,0,60,30003,0,28,6.331973075866699
0,0,60,30003,0,29,10.140782356262207
0,0,61,30003,1,0,6.965960502624512
0,0,61,30003,1,1,9.025839805603027
0,0,61,30003,1,2,7.074399948120117
0,0,61,30003,1,3,8.422972679138184
0,0,61,30003,1,4,7.094809532165527
0,0,61,30003,1,5,6.930873394012451
0,0,61,30003,1,6,7.546963691711426
0,0,61,30003,1,7,9.007826805114746
0,0,61,30003,1,8,8.931772232055664
0,0,61,30003,1,9,8.944784164428711
0,0,61,30003,1,10,8.421218872070312
0,0,61,30003,1,11,7.006245136260986
0,0,61,30003,1,12,9.425552368164062
0,0,61,30003,1,13,8.446507453918457
0,0,61,30003,1,14,8.1871976852417
0,0,61,30003,1,15,8.593422889709473
0,0,61,30003,1,16,8.329655647277832
0,0,61,30003,1,17,9.914209365844727
0,0,61,30003,1,18,7.565316677093506
0,0,61,30003,1,19,6.9891533851623535
0,0,61,30003,1,20,8.061727523803711
0,0,61,30003,1,21,7.153811931610107
0,0,61,30003,1,22,8.175079345703125
0,0,61,30003,1,23,6.106569290161133
0,0,61,30003,1,24,7.888866901397705
0,0,61,30003,1,25,8.512527465820312
0,0,61,30003,1,26,8.01717472076416
0,0,61,30003,1,27,7.481509208679199
0,0,61,30003,1,28,6.870998859405518
0,0,61,30003,1,29,7.754263401031494
0,0,62,30003,2,0,7.565342903137207
0,0,62,30003,2,1,6.478198528289795
0,0,62,30003,2,2,7.019829750061035
0,0,62,30003,2,3,8.077601432800293
0,0,62,30003,2,4,6.6322340965271
0,0,62,30003,2,5,8.100985527038574
0,0,62,30003,2,6,9.548553466796875
0,0,62,30003,2,7,8.256234169006348
0,0,62,30003,2,8,7.636897087097168
0,0,62,30003,2,9,8.781519889831543
0,0,62,30003,2,10,7.1308698654174805
0,0,62,30003,2,11,7.333763122558594
0,0,62,30003,2,12,6.490844249725342
0,0,62,30003,2,13,7.827517986297607
0,0,62,30003,2,14,8.13127326965332
0,0,62,30003,2,15,6.946969985961914
0,0,62,30003,2,16,8.693839073181152
0,0,62,30003,2,17,6.633698463439941
0,0,62,30003,2,18,7.129247665405273
0,0,62,30003,2,19,8.988509178161621
0,0,62,30003,2,20,9.428243637084961
0,0,62,30003,2,21,9.771612167358398
0,0,62,30003,2,22,7.636021614074707
0,0,62,30003,2,23,6.041215419769287
0,0,62,30003,2,24,7.11263370513916
0,0,62,30003,2,25,6.527645111083984
0,0,62,30003,2,26,6.307247161865234
0,0,62,30003,2,27,8.231180191040039
0,0,62,30003,2,28,9.533467292785645
0,0,62,30003,2,29,10.029987335205078
0,0,63,30003,3,0,8.546021461486816
0,0,63,30003,3,1,9.829422950744629
0,0,63,30003,3,2,6.326744556427002
0,0,63,30003,3,3,9.681131362915039
0,0,63,30003,3,4,7.34971809387207
0,0,63,30003,3,5,7.545594215393066
0,0,63,30003,3,6,7.428162097930908
0,0,63,30003,3,7,7.381321907043457
0,0,63,30003,3,8,6.629135608673096
0,0,63,30003,3,9,8.70565414428711
0,0,63,30003,3,10,7.576179504394531
0,0,63,30003,3,11,8.41604232788086
0,0,63,30003,3,12,8.062723159790039
0,0,63,30003,3,13,7.138216018676758
0,0,63,30003,3,14,6.927192687988281
0,0,63,30003,3,15,9.458635330200195
0,0,63,30003,3,16,7.781254291534424
0,0,63,30003,3,17,6.825899124145508
0,0,63,30003,3,18,8.131406784057617
0,0,63,30003,3,19,6.879453182220459
0,0,63,30003,3,20,8.699325561523438
0,0,63,30003,3,21,7.091994285583496
0,0,63,30003,3,22,8.566144943237305
0,0,63,30003,3,23,8.620339393615723
0,0,63,30003,3,24,8.832572937011719
0,0,63,30003,3,25,7.493212699890137
0,0,63,30003,3,26,7.826231002807617
0,0,63,30003,3,27,8.449118614196777
0,0,63,30003,3,28,9.67138957977295
0,0,63,30003,3,29,7.691246032714844
0,0,64,30003,4,0,10.179278373718262
0,0,64,30003,4,1,7.466588973999023
0,0,64,30003,4,2,8.510554313659668
0,0,64,30003,4,3,8.35684871673584
0,0,64,30003,4,4,6.255997180938721
0,0,64,30003,4,5,7.813040256500244
0,0,64,30003,4,6,8.054965019226074
0,0,64,30003,4,7,7.142789363861084
0,0,64,30003,4,8,9.731176376342773
0,0,64,30003,4,9,7.436161041259766
0,0,64,30003,4,10,5.976665019989014
0,0,64,30003,4,11,9.184892654418945
0,0,64,30003,4,12,9.20826244354248
0,0,64,30003,4,13,8.920947074890137
0,0,64,30003,4,14,9.406006813049316
0,0,64,30003,4,15,6.221632957458496
0,0,64,30003,4,16,10.002859115600586
0,0,64,30003,4,17,7.838576793670654
0,0,64,30003,4,18,8.999493598937988
0,0,64,30003,4,19,7.605687141418457
0,0,64,30003,4,20,7.490325927734375
0,0,64,30003,4,21,7.323993682861328
0,0,64,30003,4,22,8.221248626708984
0,0,64,30003,4,23,8.899568557739258
0,0,64,30003,4,24,7.357687950134277
0,0,64,30003,4,25,7.1391167640686035
0,0,64,30003,4,26,5.406846046447754
0,0,64,30003,4,27,8.32033920288086
0,0,64,30003,4,28,6.895437717437744
0,0,64,30003,4,29,9.128957748413086
0,0,65,30003,5,0,9.217620849609375
0,0,65,30003,5,1,8.787282943725586
0,0,65,30003,5,2,6.818490028381348
0,0,65,30003,5,3,7.553972244262695
0,0,65,30003,5,4,8.778955459594727
0,0,65,30003,5,5,9.227331161499023
0,0,65,30003,5,6,7.067739486694336
0,0,65,30003,5,7,8.585752487182617
0,0,65,30003,5,8,8.899381637573242
0,0,65,30003,5,9,9.169611930847168
0,0,65,30003,5,10,7.546457290649414
0,0,65,30003,5,11,6.264927864074707
0,0,65,30003,5,12,8.742681503295898
0,0,65,30003,5,13,8.74685001373291
0,0,65,30003,5,14,9.15949821472168
0,0,65,30003,5,15,9.371652603149414
0,0,65,30003,5,16,8.22707748413086
0,0,65,30003,5,17,8.89796257019043
0,0,65,30003,5,18,8.824075698852539
0,0,65,30003,5,19,7.0557780265808105
0,0,65,30003,5,20,7.6600751876831055
0,0,65,30003,5,21,9.119841575622559
0,0,65,30003,5,22,7.512533187866211
0,0,65,30003,5,23,7.396697044372559
0,0,65,30003,5,24,6.314735412597656
0,0,65,30003,5,25,8.304101943969727
0,0,65,30003,5,26,8.071599960327148
0,0,65,30003,5,27,8.00534439086914
0,0,65,30003,5,28,6.349005699157715
0,0,65,30003,5,29,7.6300554275512695
0,0,66,30003,6,0,8.793814659118652
0,0,66,30003,6,1,9.330849647521973
0,0,66,30003,6,2,8.519913673400879
0,0,66,30003,6,3,7.406977653503418
0,0,66,30003,6,4,6.234800338745117
0,0,66,30003,6,5,9.125921249389648
0,0,66,30003,6,6,8.630942344665527
0,0,66,30003,6,7,9.411184310913086
0,0,66,30003,6,8,8.043355941772461
0,0,66,30003,6,9,10.180854797363281
0,0,66,30003,6,10,6.255802154541016
0,0,66,30003,6,11,8.169303894042969
0,0,66,30003,6,12,6.785830974578857
0,0,66,30003,6,13,6.985049247741699
0,0,66,30003,6,14,8.653984069824219
0,0,66,30003,6,15,8.703829765319824
0,0,66,30003,6,16,9.114697456359863
0,0,66,30003,6,17,8.567435264587402
0,0,66,30003,6,18,8.238606452941895
0,0,66,30003,6,19,7.949467182159424
0,0,66,30003,6,20,7.9462714195251465
0,0,66,30003,6,21,6.453649520874023
0,0,66,30003,6,22,8.352941513061523
0,0,66,30003,6,23,8.664483070373535
0,0,66,30003,6,24,9.207622528076172
0,0,66,30003,6,25,6.846479415893555
0,0,66,30003,6,26,8.475067138671875
0,0,66,30003,6,27,8.25163459777832
0,0,66,30003,6,28,8.76803970336914
0,0,66,30003,6,29,8.472102165222168
0,0,67,30003,7,0,6.846179485321045
0,0,67,30003,7,1,7.219430923461914
0,0,67,30003,7,2,7.320982933044434
0,0,67,30003,7,3,8.717874526977539
0,0,67,30003,7,4,9.576026916503906
0,0,67,30003,7,5,9.457745552062988
0,0,67,30003,7,6,7.327013969421387
0,0,67,30003,7,7,8.202953338623047
0,0,67,30003,7,8,6.924184799194336
0,0,67,30003,7,9,8.259782791137695
0,0,67,30003,7,10,7.3039703369140625
0,0,67,30003,7,11,7.997641086578369
0,0,67,30003,7,12,9.139535903930664
0,0,67,30003,7,13,8.485050201416016
0,0,67,30003,7,14,8.118135452270508
0,0,67,30003,7,15,8.038446426391602
0,0,67,30003,7,16,8.588418960571289
0,0,67,30003,7,17,7.984686374664307
0,0,67,30003,7,18,9.622560501098633
0,0,67,30003,7,19,6.583552360534668
0,0,67,30003,7,20,9.045538902282715
0,0,67,30003,7,21,7.482325553894043
0,0,67,30003,7,22,7.682044982910156
0,0,67,30003,7,23,7.583044052124023
0,0,67,30003,7,24,8.521465301513672
0,0,67,30003,7,25,8.441169738769531
0,0,67,30003,7,26,6.789309501647949
0,0,67,30003,7,27,6.039488792419434
0,0,67,30003,7,28,7.813934803009033
0,0,67,30003,7,29,8.647366523742676
0,0,68,30003,8,0,6.421544551849365
0,0,68,30003,8,1,7.719761848449707
0,0,68,30003,8,2,9.83445930480957
0,0,68,30003,8,3,6.437994003295898
0,0,68,30003,8,4,8.617972373962402
0,0,68,30003,8,5,7.285948753356934
0,0,68,30003,8,6,8.042085647583008
0,0,68,30003,8,7,6.825765132904053
0,0,68,30003,8,8,9.101279258728027
0,0,68,30003,8,9,7.218169212341309
0,0,68,30003,8,10,6.30256462097168
0,0,68,30003,8,11,6.553394794464111
0,0,68,30003,8,12,8.991706848144531
0,0,68,30003,8,13,6.85064697265625
0,0,68,30003,8,14,9.682034492492676
0,0,68,30003,8,15,5.958672523498535
0,0,68,30003,8,16,8.542543411254883
0,0,68,30003,8,17,7.6512932777404785
0,0,68,30003,8,18,7.526619911193848
0,0,68,30003,8,19,8.273284912109375
0,0,68,30003,8,20,9.521453857421875
0,0,68,30003,8,21,8.577988624572754
0,0,68,30003,8,22,9.871895790100098
0,0,68,30003,8,23,6.674435138702393
0,0,68,30003,8,24,9.44841194152832
0,0,68,30003,8,25,8.69299602508545
0,0,68,30003,8,26,7.187000274658203
0,0,68,30003,8,27,7.215644359588623
0,0,68,30003,8,28,7.7188568115234375
0,0,68,30003,8,29,7.245687007904053
0,0,69,30003,9,0,9.46717357635498
0,0,69,30003,9,1,8.14607048034668
0,0,69,30003,9,2,8.276820182800293
0,0,69,30003,9,3,5.883355140686035
0,0,69,30003,9,4,7.669780254364014
0,0,69,30003,9,5,6.574042797088623
0,0,69,30003,9,6,7.14375114440918
0,0,69,30003,9,7,9.277101516723633
0,0,69,30003,9,8,7.399603843688965
0,0,69,30003,9,9,9.55189037322998
0,0,69,30003,9,10,7.051750183105469
0,0,69,30003,9,11,8.817207336425781
0,0,69,30003,9,12,6.50819206237793
0,0,69,30003,9,13,7.204187870025635
0,0,69,30003,9,14,6.908361911773682
0,0,69,30003,9,15,7.753237724304199
0,0,69,30003,9,16,7.103665351867676
0,0,69,30003,9,17,5.724240779876709
0,0,69,30003,9,18,7.70294189453125
0,0,69,30003,9,19,9.105183601379395
0,0,69,30003,9,20,7.659669876098633
0,0,69,30003,9,21,7.92746639251709
0,0,69,30003,9,22,6.978709697723389
0,0,69,30003,9,23,7.158651351928711
0,0,69,30003,9,24,6.56784725189209
0,0,69,30003,9,25,9.082563400268555
0,0,69,30003,9,26,7.327597618103027
0,0,69,30003,9,27,7.170208930969238
0,0,69,30003,9,28,9.010733604431152
0,0,69,30003,9,29,9.158639907836914
0,0,70,30003,10,0,8.576025009155273
0,0,70,30003,10,1,8.197210311889648
0,0,70,30003,10,2,9.421456336975098
0,0,70,30003,10,3,7.38677978515625
0,0,70,30003,10,4,7.2841081619262695
0,0,70,30003,10,5,6.661502838134766
0,0,70,30003,10,6,6.985929489135742
0,0,70,30003,10,7,6.175140380859375
0,0,70,30003,10,8,7.955164909362793
0,0,70,30003,10,9,8.43976879119873
0,0,70,30003,10,10,8.173998832702637
0,0,70,30003,10,11,7.24990177154541
0,0,70,30003,10,12,6.629772186279297
0,0,70,30003,10,13,7.9893574714660645
0,0,70,30003,10,14,8.427757263183594
0,0,70,30003,10,15,8.573601722717285
0,0,70,30003,10,16,7.8135294914245605
0,0,70,30003,10,17,7.433648586273193
0,0,70,30003,10,18,5.935253143310547
0,0,70,30003,10,19,6.888607025146484
0,0,70,30003,10,20,7.871752738952637
0,0,70,30003,10,21,7.89272928237915
0,0,70,30003,10,22,7.898708343505859
0,0,70,30003,10,23,7.337451934814453
0,0,70,30003,10,24,8.723566055297852
0,0,70,30003,10,25,8.464274406433105
0,0,70,30003,10,26,7.673709869384766
0,0,70,30003,10,27,7.57674503326416
0,0,70,30003,10,28,10.091370582580566
0,0,70,30003,10,29,6.126914978027344
0,0,71,30003,11,0,6.639183044433594
0,0,71,30003,11,1,8.184808731079102
0,0,71,30003,11,2,9.396673202514648
0,0,71,30003,11,3,9.889371871948242
0,0,71,30003,11,4,8.611598014831543
0,0,71,30003,11,5,8.115537643432617
0,0,71,30003,11,6,8.42292594909668
0,0,71,30003,11,7,9.35831069946289
0,0,71,30003,11,8,7.72428560256958
0,0,71,30003,11,9,7.56198787689209
0,0,71,30003,11,10,6.446650505065918
0,0,71,30003,11,11,8.492804527282715
0,0,71,30003,11,12,9.71640396118164
0,0,71,30003,11,13,8.650379180908203
0,0,71,30003,11,14,8.645000457763672
0,0,71,30003,11,15,10.362298965454102
0,0,71,30003,11,16,7.114869117736816
0,0,71,30003,11,17,7.938701629638672
0,0,71,30003,11,18,9.467991828918457
0,0,71,30003,11,19,7.563455104827881
0,0,71,30003,11,20,6.953751564025879
0,0,71,30003,11,21,7.116096496582031
0,0,71,30003,11,22,6.38107442855835
0,0,71,30003,11,23,7.448136806488037
0,0,71,30003,11,24,9.774543762207031
0,0,71,30003,11,25,6.184818267822266
0,0,71,30003,11,26,7.947202682495117
0,0,71,30003,11,27,8.709425926208496
0,0,71,30003,11,28,8.873586654663086
0,0,71,30003,11,29,7.627409934997559
0,0,72,30003,12,0,7.177047252655029
0,0,72,30003,12,1,7.567824840545654
0,0,72,30003,12,2,8.785746574401855
0,0,72,30003,12,3,6.3791422843933105
0,0,72,30003,12,4,9.893030166625977
0,0,72,30003,12,5,7.568063259124756
0,0,72,30003,12,6,8.569324493408203
0,0,72,30003,12,7,6.958665370941162
0,0,72,30003,12,8,6.64940071105957
0,0,72,30003,12,9,8.414775848388672
0,0,72,30003,12,10,7.4764404296875
0,0,72,30003,12,11,6.133859634399414
0,0,72,30003,12,12,6.781700611114502
0,0,72,30003,12,13,7.764684677124023
0,0,72,30003,12,14,8.557673454284668
0,0,72,30003,12,15,8.364641189575195
0,0,72,30003,12,16,6.211931228637695
0,0,72,30003,12,17,9.741402626037598
0,0,72,30003,12,18,7.66116189956665
0,0,72,30003,12,19,7.794090270996094
0,0,72,30003,12,20,8.415048599243164
0,0,72,30003,12,21,7.076963424682617
0,0,72,30003,12,22,9.090719223022461
0,0,72,30003,12,23,8.178071975708008
0,0,72,30003,12,24,7.13642692565918
0,0,72,30003,12,25,9.142518043518066
0,0,72,30003,12,26,7.329985618591309
0,0,72,30003,12,27,8.869637489318848
0,0,72,30003,12,28,7.644409656524658
0,0,72,30003,12,29,8.784343719482422
0,0,73,30003,13,0,6.721454620361328
0,0,73,30003,13,1,7.001610279083252
0,0,73,30003,13,2,8.613643646240234
0,0,73,30003,13,3,6.5720720291137695
0,0,73,30003,13,4,9.747119903564453
0,0,73,30003,13,5,8.597766876220703
0,0,73,30003,13,6,7.826330661773682
0,0,73,30003,13,7,7.301079273223877
0,0,73,30003,13,8,8.88886547088623
0,0,73,30003,13,9,7.469169616699219
0,0,73,30003,13,10,7.7524895668029785
0,0,73,30003,13,11,8.673761367797852
0,0,73,30003,13,12,7.710302352905273
0,0,73,30003,13,13,6.903717994689941
0,0,73,30003,13,14,8.504698753356934
0,0,73,30003,13,15,8.767313003540039
0,0,73,30003,13,16,7.259012222290039
0,0,73,30003,13,17,8.251153945922852
0,0,73,30003,13,18,8.185677528381348
0,0,73,30003,13,19,9.6817626953125
0,0,73,30003,13,20,9.104728698730469
0,0,73,30003,13,21,7.015140533447266
0,0,73,30003,13,22,7.939152240753174
0,0,73,30003,13,23,8.802947998046875
0,0,73,30003,13,24,8.161514282226562
0,0,73,30003,13,25,8.424908638000488
0,0,73,30003,13,26,7.97702169418335
0,0,73,30003,13,27,8.396718978881836
0,0,73,30003,13,28,6.214176654815674
0,0,73,30003,13,29,8.727179527282715
0,0,74,30003,14,0,9.788847923278809
0,0,74,30003,14,1,8.019135475158691
0,0,74,30003,14,2,6.691060543060303
0,0,74,30003,14,3,7.850895881652832
0,0,74,30003,14,4,8.358699798583984
0,0,74,30003,14,5,8.76370906829834
0,0,74,30003,14,6,6.9639177322387695
0,0,74,30003,14,7,7.56874942779541
0,0,74,30003,14,8,7.595943927764893
0,0,74,30003,14,9,8.28614330291748
0,0,74,30003,14,10,6.557600498199463
0,0,74,30003,14,11,7.054193496704102
0,0,74,30003,14,12,7.194711685180664
0,0,74,30003,14,13,8.778549194335938
0,0,74,30003,14,14,8.554231643676758
0,0,74,30003,14,15,8.960480690002441
0,0,74,30003,14,16,8.909381866455078
0,0,74,30003,14,17,7.845095157623291
0,0,74,30003,14,18,7.4858903884887695
0,0,74,30003,14,19,8.546585083007812
0,0,74,30003,14,20,6.536947250366211
0,0,74,30003,14,21,7.84058141708374
0,0,74,30003,14,22,7.414724349975586
0,0,74,30003,14,23,6.26786994934082
0,0,74,30003,14,24,7.314220428466797
0,0,74,30003,14,25,8.903507232666016
0,0,74,30003,14,26,7.645537853240967
0,0,74,30003,14,27,6.1534833908081055
0,0,74,30003,14,28,8.577244758605957
0,0,74,30003,14,29,7.600490570068359
0,0,75,30003,15,0,8.319847106933594
0,0,75,30003,15,1,7.3882670402526855
0,0,75,30003,15,2,8.97644329071045
0,0,75,30003,15,3,7.45933723449707
0,0,75,30003,15,4,7.133951187133789
0,0,75,30003,15,5,6.110684394836426
0,0,75,30003,15,6,8.051412582397461
0,0,75,30003,15,7,8.119660377502441
0,0,75,30003,15,8,9.681628227233887
0,0,75,30003,15,9,8.450843811035156
0,0,75,30003,15,10,6.501977443695068
0,0,75,30003,15,11,7.681339740753174
0,0,75,30003,15,12,7.924173355102539
0,0,75,30003,15,13,7.194452285766602
0,0,75,30003,15,14,8.15945053100586
0,0,75,30003,15,15,9.430717468261719
0,0,75,30003,15,16,6.052759647369385
0,0,75,30003,15,17,8.226663589477539
0,0,75,30003,15,18,8.613561630249023
0,0,75,30003,15,19,6.490801811218262
0,0,75,30003,15,20,7.431736469268799
0,0,75,30003,15,21,8.168645858764648
0,0,75,30003,15,22,7.814462661743164
0,0,75,30003,15,23,9.410046577453613
0,0,75,30003,15,24,8.094487190246582
0,0,75,30003,15,25,9.23725414276123
0,0,75,30003,15,26,7.593896865844727
0,0,75,30003,15,27,6.899230003356934
0,0,75,30003,15,28,6.828591346740723
0,0,75,30003,15,29,8.715530395507812
0,0,76,30003,16,0,7.379295349121094
0,0,76,30003,16,1,8.84203815460205
0,0,76,30003,16,2,7.023566246032715
0,0,76,30003,16,3,7.786107540130615
0,0,76,30003,16,4,7.055211067199707
0,0,76,30003,16,5,9.62741470336914
0,0,76,30003,16,6,7.766944408416748
0,0,76,30003,16,7,9.029061317443848
0,0,76,30003,16,8,9.170697212219238
0,0,76,30003,16,9,6.5657782554626465
0,0,76,30003,16,10,8.741867065429688
0,0,76,30003,16,11,9.05169677734375
0,0,76,30003,16,12,6.5366129875183105
0,0,76,30003,16,13,6.831818580627441
0,0,76,30003,16,14,7.885977745056152
0,0,76,30003,16,15,8.163816452026367
0,0,76,30003,16,16,7.919339179992676
0,0,76,30003,16,17,8.615575790405273
0,0,76,30003,16,18,9.708044052124023
0,0,76,30003,16,19,8.1204252243042
0,0,76,30003,16,20,9.68398380279541
0,0,76,30003,16,21,8.97968864440918
0,0,76,30003,16,22,7.461047172546387
0,0,76,30003,16,23,8.292710304260254
0,0,76,30003,16,24,9.013773918151855
0,0,76,30003,16,25,7.31914758682251
0,0,76,30003,16,26,7.6781768798828125
0,0,76,30003,16,27,9.453496932983398
0,0,76,30003,16,28,7.334240913391113
0,0,76,30003,16,29,8.853557586669922
0,0,77,30003,17,0,9.487529754638672
0,0,77,30003,17,1,6.913417816162109
0,0,77,30003,17,2,8.531517028808594
0,0,77,30003,17,3,6.975650787353516
0,0,77,30003,17,4,7.975811004638672
0,0,77,30003,17,5,7.435914993286133
0,0,77,30003,17,6,8.901966094970703
0,0,77,30003,17,7,6.870245933532715
0,0,77,30003,17,8,6.400489807128906
0,0,77,30003,17,9,8.593541145324707
0,0,77,30003,17,10,8.447150230407715
0,0,77,30003,17,11,8.307343482971191
0,0,77,30003,17,12,6.747316837310791
0,0,77,30003,17,13,7.01901912689209
0,0,77,30003,17,14,7.76721715927124
0,0,77,30003,17,15,8.99491024017334
0,0,77,30003,17,16,8.429567337036133
0,0,77,30003,17,17,7.88295841217041
0,0,77,30003,17,18,8.024413108825684
0,0,77,30003,17,19,7.599386215209961
0,0,77,30003,17,20,7.110337257385254
0,0,77,30003,17,21,9.076665878295898
0,0,77,30003,17,22,7.369235515594482
0,0,77,30003,17,23,9.150403022766113
0,0,77,30003,17,24,6.048487663269043
0,0,77,30003,17,25,8.746479034423828
0,0,77,30003,17,26,8.308859825134277
0,0,77,30003,17,27,9.04185962677002
0,0,77,30003,17,28,7.889009475708008
0,0,77,30003,17,29,8.31856918334961
0,0,78,30003,18,0,7.037262439727783
0,0,78,30003,18,1,6.771444320678711
0,0,78,30003,18,2,7.982105255126953
0,0,78,30003,18,3,7.027087688446045
0,0,78,30003,18,4,9.076478958129883
0,0,78,30003,18,5,6.440406322479248
0,0,78,30003,18,6,7.174421787261963
0,0,78,30003,18,7,7.55665922164917
0,0,78,30003,18,8,7.83187198638916
0,0,78,30003,18,9,6.386192321777344
0,0,78,30003,18,10,7.231032848358154
0,0,78,30003,18,11,8.783889770507812
0,0,78,30003,18,12,9.55958366394043
0,0,78,30003,18,13,8.65246868133545
0,0,78,30003,18,14,8.167871475219727
0,0,78,30003,18,15,8.11380386352539
0,0,78,30003,18,16,8.288141250610352
0,0,78,30003,18,17,6.3151631355285645
0,0,78,30003,18,18,8.320382118225098
0,0,78,30003,18,19,9.668542861938477
0,0,78,30003,18,20,9.996828079223633
0,0,78,30003,18,21,7.115540504455566
0,0,78,30003,18,22,6.524516582489014
0,0,78,30003,18,23,6.529763221740723
0,0,78,30003,18,24,6.744563102722168
0,0,78,30003,18,25,7.393051624298096
0,0,78,30003,18,26,7.405148983001709
0,0,78,30003,18,27,6.874568939208984
0,0,78,30003,18,28,7.9674530029296875
0,0,78,30003,18,29,9.454935073852539
0,0,79,30003,19,0,9.544893264770508
0,0,79,30003,19,1,8.69787883758545
0,0,79,30003,19,2,7.953448295593262
0,0,79,30003,19,3,8.864837646484375
0,0,79,30003,19,4,7.4579691886901855
0,0,79,30003,19,5,9.048306465148926
0,0,79,30003,19,6,8.214059829711914
0,0,79,30003,19,7,7.414995193481445
0,0,79,30003,19,8,7.957296848297119
0,0,79,30003,19,9,8.443202018737793
0,0,79,30003,19,10,6.736269474029541
0,0,79,30003,19,11,8.578530311584473
0,0,79,30003,19,12,6.22455358505249
0,0,79,30003,19,13,7.074273109436035
0,0,79,30003,19,14,7.568794250488281
0,0,79,30003,19,15,6.898731708526611
0,0,79,30003,19,16,8.990103721618652
0,0,79,30003,19,17,8.713857650756836
0,0,79,30003,19,18,7.030824661254883
0,0,79,30003,19,19,6.754006385803223
0,0,79,30003,19,20,6.086583137512207
0,0,79,30003,19,21,8.314750671386719
0,0,79,30003,19,22,6.273566722869873
0,0,79,30003,19,23,7.319659233093262
0,0,79,30003,19,24,8.990586280822754
0,0,79,30003,19,25,7.127329349517822
0,0,79,30003,19,26,7.5835490226745605
0,0,79,30003,19,27,8.438493728637695
0,0,79,30003,19,28,7.945864200592041
0,0,79,30003,19,29,9.151589393615723
1,3600,60,30003,0,0,0.22609005868434906
1,3600,60,30003,0,1,3.5373318195343018
1,3600,60,30003,0,2,2.5391478538513184
1,3600,60,30003,0,3,1.8500767946243286
1,3600,60,30003,0,4,0.67177414894104
1,3600,60,30003,0,5,2.082876443862915
1,3600,60,30003,0,6,39.86102294921875
1,3600,60,30003,0,7,28.527559280395508
1,3600,60,30003,0,8,2.6250200271606445
1,3600,60,30003,0,9,10.619508743286133
1,3600,60,30003,0,10,0.45541590452194214
1,3600,60,30003,0,11,0.1751081645488739
1,3600,60,30003,0,12,3.252915859222412
1,3600,60,30003,0,13,41.77457809448242
1,3600,60,30003,0,14,0.6180400848388672
1,3600,60,30003,0,15,6.846872329711914
1,3600,60,30003,0,16,41.435489654541016
1,3600,60,30003,0,17,0.46492576599121094
1,3600,60,30003,0,18,42.7735481262207
1,3600,60,30003,0,19,1.178165316581726
1,3600,60,30003,0,20,41.23810958862305
1,3600,60,30003,0,21,44.275543212890625
1,3600,60,30003,0,22,0.1899852454662323
1,3600,60,30003,0,23,37.69733428955078
1,3600,60,30003,0,24,2.1000964641571045
1,3600,60,30003,0,25,2.482410192489624
1,3600,60,30003,0,26,2.54193377494812
1,3600,60,30003,0,27,42.028255462646484
1,3600,60,30003,0,28,13.417159080505371
1,3600,60,30003,0,29,44.38360595703125
1,3600,61,30003,1,0,2.664341449737549
1,3600,61,30003,1,1,2.82511043548584
1,3600,61,30003,1,2,2.337506055831909
1,3600,61,30003,1,3,3.1075570583343506
1,3600,61,30003,1,4,6.119779109954834
1,3600,61,30003,1,5,38.575618743896484
1,3600,61,30003,1,6,1.1058334112167358
1,3600,61,30003,1,7,47.71599197387695
1,3600,61,30003,1,8,3.5806329250335693
1,3600,61,30003,1,9,1.2794893980026245
1,3600,61,30003,1,10,6.4581451416015625
1,3600,61,30003,1,11,1.3010867834091187
1,3600,61,30003,1,12,3.4622280597686768
1,3600,61,30003,1,13,1.0152344703674316
1,3600,61,30003,1,14,6.7485270500183105
1,3600,61,30003,1,15,1.4127697944641113
1,3600,61,30003,1,16,48.4036979675293
1,3600,61,30003,1,17,37.136932373046875
1,3600,61,30003,1,18,1.512080430984497
1,3600,61,30003,1,19,0.5598281621932983
1,3600,61,30003,1,20,0.4580307602882385
1,3600,61,30003,1,21,0.41848480701446533
1,3600,61,30003,1,22,44.810874938964844
1,3600,61,30003,1,23,18.50246238708496
1,3600,61,30003,1,24,0.2437240183353424
1,3600,61,30003,1,25,38.89146423339844
1,3600,61,30003,1,26,0.12720048427581787
1,3600,61,30003,1,27,36.91093063354492
1,3600,61,30003,1,28,0.6085718274116516
1,3600,61,30003,1,29,43.9757194519043
1,3600,62,30003,2,0,41.93290710449219
1,3600,62,30003,2,1,30.574857711791992
1,3600,62,30003,2,2,18.89056968688965
1,3600,62,30003,2,3,42.89800262451172
1,3600,62,30003,2,4,4.512913227081299
1,3600,62,30003,2,5,40.73126220703125
1,3600,62,30003,2,6,43.814781188964844
1,3600,62,30003,2,7,1.4954380989074707
1,3600,62,30003,2,8,41.99428176879883
1,3600,62,30003,2,9,2.0144474506378174
1,3600,62,30003,2,10,1.3983945846557617
1,3600,62,30003,2,11,3.148406982421875
1,3600,62,30003,2,12,32.48030471801758
1,3600,62,30003,2,13,39.795616149902344
1,3600,62,30003,2,14,6.36308479309082
1,3600,62,30003,2,15,0.4023534655570984
1,3600,62,30003,2,16,0.13158360123634338
1,3600,62,30003,2,17,31.2760066986084
1,3600,62,30003,2,18,37.73267364501953
1,3600,62,30003,2,19,42.11446762084961
1,3600,62,30003,2,20,43.577232360839844
1,3600,62,30003,2,21,0.8912773132324219
1,3600,62,30003,2,22,0.41687101125717163
1,3600,62,30003,2,23,34.07569122314453
1,3600,62,30003,2,24,40.47753143310547
1,3600,62,30003,2,25,3.313901424407959
1,3600,62,30003,2,26,31.91844367980957
1,3600,62,30003,2,27,12.32059097290039
1,3600,62,30003,2,28,1.9175171852111816
1,3600,62,30003,2,29,1.7024178504943848
1,3600,63,30003,3,0,2.4310507774353027
1,3600,63,30003,3,1,43.91287612915039
1,3600,63,30003,3,2,1.1414532661437988
1,3600,63,30003,3,3,0.41379237174987793
1,3600,63,30003,3,4,42.7890625
1,3600,63,30003,3,5,0.328664094209671
1,3600,63,30003,3,6,20.689119338989258
1,3600,63,30003,3,7,3.390547037124634
1,3600,63,30003,3,8,30.432830810546875
1,3600,63,30003,3,9,33.409183502197266
1,3600,63,30003,3,10,43.67144012451172
1,3600,63,30003,3,11,21.730852127075195
1,3600,63,30003,3,12,41.85959243774414
1,3600,63,30003,3,13,9.531572341918945
1,3600,63,30003,3,14,0.08807689696550369
1,3600,63,30003,3,15,46.25545120239258
1,3600,63,30003,3,16,22.967172622680664
1,3600,63,30003,3,17,44.83832931518555
1,3600,63,30003,3,18,27.28127098083496
1,3600,63,30003,3,19,46.939449310302734
1,3600,63,30003,3,20,0.6735163331031799
1,3600,63,30003,3,21,26.791746139526367
1,3600,63,30003,3,22,18.934913635253906
1,3600,63,30003,3,23,4.121009349822998
1,3600,63,30003,3,24,0.9517555236816406
1,3600,63,30003,3,25,26.77730369567871
1,3600,63,30003,3,26,33.29224395751953
1,3600,63,30003,3,27,15.260658264160156
1,3600,63,30003,3,28,49.01744842529297
1,3600,63,30003,3,29,22.44217300415039
1,3600,64,30003,4,0,0.43565064668655396
1,3600,64,30003,4,1,0.9012292623519897
1,3600,64,30003,4,2,35.34382247924805
1,3600,64,30003,4,3,44.918521881103516
1,3600,64,30003,4,4,8.62292766571045
1,3600,64,30003,4,5,35.616336822509766
1,3600,64,30003,4,6,0.15849833190441132
1,3600,64,30003,4,7,1.1733051538467407
1,3600,64,30003,4,8,1.5789254903793335
1,3600,64,30003,4,9,1.059198021888733
1,3600,64,30003,4,10,32.933197021484375
1,3600,64,30003,4,11,9.750762939453125
1,3600,64,30003,4,12,47.51319885253906
1,3600,64,30003,4,13,1.6316630840301514
1,3600,64,30003,4,14,44.42611312866211
1,3600,64,30003,4,15,31.766700744628906
1,3600,64,30003,4,16,42.01577377319336
1,3600,64,30003,4,17,32.446773529052734
1,3600,64,30003,4,18,48.1647834777832
1,3600,64,30003,4,19,0.15207180380821228
1,3600,64,30003,4,20,22.268352508544922
1,3600,64,30003,4,21,35.69519805908203
1,3600,64,30003,4,22,41.21858215332031
1,3600,64,30003,4,23,6.139345645904541
1,3600,64,30003,4,24,16.503854751586914
1,3600,64,30003,4,25,22.07141876220703
1,3600,64,30003,4,26,22.254287719726562
1,3600,64,30003,4,27,4.234340190887451
1,3600,64,30003,4,28,30.268463134765625
1,3600,64,30003,4,29,47.6815299987793
1,3600,65,30003,5,0,0.9724689722061157
1,3600,65,30003,5,1,38.73817825317383
1,3600,65,30003,5,2,2.4257776737213135
1,3600,65,30003,5,3,42.3302001953125
1,3600,65,30003,5,4,0.47271305322647095
1,3600,65,30003,5,5,44.864479064941406
1,3600,65,30003,5,6,37.454044342041016
1,3600,65,30003,5,7,44.173126220703125
1,3600,65,30003,5,8,49.52811813354492
1,3600,65,30003,5,9,0.4336372911930084
1,3600,65,30003,5,10,22.459699630737305
1,3600,65,30003,5,11,18.90768051147461
1,3600,65,30003,5,12,47.643768310546875
1,3600,65,30003,5,13,0.8223921656608582
1,3600,65,30003,5,14,23.626096725463867
1,3600,65,30003,5,15,39.27967834472656
1,3600,65,30003,5,16,42.236167907714844
1,3600,65,30003,5,17,21.07678985595703
1,3600,65,30003,5,18,38.479095458984375
1,3600,65,30003,5,19,19.908180236816406
1,3600,65,30003,5,20,1.8304107189178467
1,3600,65,30003,5,21,45.1339111328125
1,3600,65,30003,5,22,37.293277740478516
1,3600,65,30003,5,23,40.982242584228516
1,3600,65,30003,5,24,0.1046241894364357
1,3600,65,30003,5,25,0.9161922931671143
1,3600,65,30003,5,26,7.318769931793213
1,3600,65,30003,5,27,0.7589800357818604
1,3600,65,30003,5,28,0.494263231754303
1,3600,65,30003,5,29,2.326519727706909
1,3600,66,30003,6,0,41.426029205322266
1,3600,66,30003,6,1,1.7750027179718018
1,3600,66,30003,6,2,8.654461860656738
1,3600,66,30003,6,3,0.1068509966135025
1,3600,66,30003,6,4,0.1391202062368393
1,3600,66,30003,6,5,7.033839702606201
1,3600,66,30003,6,6,36.88758087158203
1,3600,66,30003,6,7,1.5516750812530518
1,3600,66,30003,6,8,31.667726516723633
1,3600,66,30003,6,9,3.5126585960388184
1,3600,66,30003,6,10,38.03532028198242
1,3600,66,30003,6,11,42.643558502197266
1,3600,66,30003,6,12,2.0870563983917236
1,3600,66,30003,6,13,39.45254135131836
1,3600,66,30003,6,14,30.693252563476562
1,3600,66,30003,6,15,0.655003547668457
1,3600,66,30003,6,16,1.2604269981384277
1,3600,66,30003,6,17,42.83878707885742
1,3600,66,30003,6,18,2.299677610397339
1,3600,66,30003,6,19,0.6976416110992432
1,3600,66,30003,6,20,7.039336204528809
1,3600,66,30003,6,21,37.12245178222656
1,3600,66,30003,6,22,35.9887809753418
1,3600,66,30003,6,23,1.0550237894058228
1,3600,66,30003,6,24,21.096946716308594
1,3600,66,30003,6,25,41.44009780883789
1,3600,66,30003,6,26,1.8435851335525513
1,3600,66,30003,6,27,12.004630088806152
1,3600,66,30003,6,28,41.2569694519043
1,3600,66,30003,6,29,0.8446735739707947
1,3600,67,30003,7,0,1.1808240413665771
1,3600,67,30003,7,1,19.20400047302246
1,3600,67,30003,7,2,34.733890533447266
1,3600,67,30003,7,3,44.057533264160156
1,3600,67,30003,7,4,3.5904171466827393
1,3600,67,30003,7,5,47.61106872558594
1,3600,67,30003,7,6,2.1244688034057617
1,3600,67,30003,7,7,2.3206965923309326
1,3600,67,30003,7,8,1.3634713888168335
1,3600,67,30003,7,9,6.961211204528809
1,3600,67,30003,7,10,7.576308250427246
1,3600,67,30003,7,11,38.792110443115234
1,3600,67,30003,7,12,43.09022521972656
1,3600,67,30003,7,13,1.2661885023117065
1,3600,67,30003,7,14,0.1402013748884201
1,3600,67,30003,7,15,17.92284393310547
1,3600,67,30003,7,16,41.68269348144531
1,3600,67,30003,7,17,22.3361873626709
1,3600,67,30003,7,18,7.644400596618652
1,3600,67,30003,7,19,39.88276672363281
1,3600,67,30003,7,20,0.8781408071517944
1,3600,67,30003,7,21,37.14363479614258
1,3600,67,30003,7,22,38.853546142578125
1,3600,67,30003,7,23,44.56444549560547
1,3600,67,30003,7,24,38.365943908691406
1,3600,67,30003,7,25,9.220112800598145
1,3600,67,30003,7,26,35.569091796875
1,3600,67,30003,7,27,17.22498321533203
1,3600,67,30003,7,28,1.9447600841522217
1,3600,67,30003,7,29,42.261993408203125
1,3600,68,30003,8,0,5.12581205368042
1,3600,68,30003,8,1,0.08364592492580414
1,3600,68,30003,8,2,38.55176544189453
1,3600,68,30003,8,3,33.26033401489258
1,3600,68,30003,8,4,8.92859172821045
1,3600,68,30003,8,5,44.06976318359375
1,3600,68,30003,8,6,5.144015789031982
1,3600,68,30003,8,7,5.179044723510742
1,3600,68,30003,8,8,26.632471084594727
1,3600,68,30003,8,9,31.945056915283203
1,3600,68,30003,8,10,4.621951580047607
1,3600,68,30003,8,11,0.8778141736984253
1,3600,68,30003,8,12,44.36077880859375
1,3600,68,30003,8,13,8.485916137695312
1,3600,68,30003,8,14,1.4718049764633179
1,3600,68,30003,8,15,5.570322036743164
1,3600,68,30003,8,16,8.437658309936523
1,3600,68,30003,8,17,7.912251949310303
1,3600,68,30003,8,18,4.415555953979492
1,3600,68,30003,8,19,37.77462387084961
1,3600,68,30003,8,20,1.1684379577636719
1,3600,68,30003,8,21,6.743427276611328
1,3600,68,30003,8,22,46.82718276977539
1,3600,68,30003,8,23,40.93339538574219
1,3600,68,30003,8,24,2.2697525024414062
1,3600,68,30003,8,25,49.37160873413086
1,3600,68,30003,8,26,7.7849016189575195
1,3600,68,30003,8,27,0.268557071685791
1,3600,68,30003,8,28,40.025699615478516
1,3600,68,30003,8,29,1.7413111925125122
1,3600,69,30003,9,0,46.546871185302734
1,3600,69,30003,9,1,27.967458724975586
1,3600,69,30003,9,2,1.3023933172225952
1,3600,69,30003,9,3,24.33982276916504
1,3600,69,30003,9,4,33.89119338989258
1,3600,69,30003,9,5,0.6840254068374634
1,3600,69,30003,9,6,42.408992767333984
1,3600,69,30003,9,7,7.909280776977539
1,3600,69,30003,9,8,44.924774169921875
1,3600,69,30003,9,9,44.39934539794922
1,3600,69,30003,9,10,0.2823738157749176
1,3600,69,30003,9,11,47.05568313598633
1,3600,69,30003,9,12,0.2819358706474304
1,3600,69,30003,9,13,46.055213928222656
1,3600,69,30003,9,14,0.2072824388742447
1,3600,69,30003,9,15,47.55656051635742
1,3600,69,30003,9,16,0.9017894864082336
1,3600,69,30003,9,17,39.347694396972656
1,3600,69,30003,9,18,34.03020477294922
1,3600,69,30003,9,19,33.53776931762695
1,3600,69,30003,9,20,0.6622215509414673
1,3600,69,30003,9,21,0.4354326128959656
1,3600,69,30003,9,22,2.0239036083221436
1,3600,69,30003,9,23,36.374664306640625
1,3600,69,30003,9,24,3.019559383392334
1,3600,69,30003,9,25,3.5156984329223633
1,3600,69,30003,9,26,19.8188533782959
1,3600,69,30003,9,27,13.590455055236816
1,3600,69,30003,9,28,29.131446838378906
1,3600,69,30003,9,29,2.5177807807922363
1,3600,70,30003,10,0,17.509910583496094
1,3600,70,30003,10,1,0.30375391244888306
1,3600,70,30003,10,2,4.9150285720825195
1,3600,70,30003,10,3,16.918975830078125
1,3600,70,30003,10,4,4.924503326416016
1,3600,70,30003,10,5,2.7434065341949463
1,3600,70,30003,10,6,40.20962905883789
1,3600,70,30003,10,7,15.111892700195312
1,3600,70,30003,10,8,0.43788301944732666
1,3600,70,30003,10,9,1.422742486000061
1,3600,70,30003,10,10,47.99454116821289
1,3600,70,30003,10,11,5.266888618469238
1,3600,70,30003,10,12,0.11926829814910889
1,3600,70,30003,10,13,5.527606964111328
1,3600,70,30003,10,14,19.894668579101562
1,3600,70,30003,10,15,45.718788146972656
1,3600,70,30003,10,16,21.250106811523438
1,3600,70,30003,10,17,42.148311614990234
1,3600,70,30003,10,18,0.2261464148759842
1,3600,70,30003,10,19,3.084561586380005
1,3600,70,30003,10,20,42.60854721069336
1,3600,70,30003,10,21,11.022584915161133
1,3600,70,30003,10,22,1.9737598896026611
1,3600,70,30003,10,23,5.488738059997559
1,3600,70,30003,10,24,49.40518569946289
1,3600,70,30003,10,25,30.33363151550293
1,3600,70,30003,10,26,40.278446197509766
1,3600,70,30003,10,27,31.486677169799805
1,3600,70,30003,10,28,1.5778632164001465
1,3600,70,30003,10,29,0.35116147994995117
1,3600,71,30003,11,0,4.123147964477539
1,3600,71,30003,11,1,1.9036831855773926
1,3600,71,30003,11,2,2.6124958992004395
1,3600,71,30003,11,3,1.6318604946136475
1,3600,71,30003,11,4,1.865138292312622
1,3600,71,30003,11,5,41.52415466308594
1,3600,71,30003,11,6,0.4706534147262573
1,3600,71,30003,11,7,3.5135903358459473
1,3600,71,30003,11,8,7.298357009887695
1,3600,71,30003,11,9,46.73387145996094
1,3600,71,30003,11,10,46.18288040161133
1,3600,71,30003,11,11,3.9727282524108887
1,3600,71,30003,11,12,9.764939308166504
1,3600,71,30003,11,13,4.6504621505737305
1,3600,71,30003,11,14,4.51749324798584
1,3600,71,30003,11,15,44.78627014160156
1,3600,71,30003,11,16,4.165421485900879
1,3600,71,30003,11,17,2.2070820331573486
1,3600,71,30003,11,18,43.94683074951172
1,3600,71,30003,11,19,33.60472106933594
1,3600,71,30003,11,20,39.22639083862305
1,3600,71,30003,11,21,0.7404405474662781
1,3600,71,30003,11,22,2.5273265838623047
1,3600,71,30003,11,23,47.163841247558594
1,3600,71,30003,11,24,50.70991897583008
1,3600,71,30003,11,25,35.370887756347656
1,3600,71,30003,11,26,48.343135833740234
1,3600,71,30003,11,27,10.579952239990234
1,3600,71,30003,11,28,6.4537835121154785
1,3600,71,30003,11,29,0.05999999865889549
1,3600,72,30003,12,0,0.592400312423706
1,3600,72,30003,12,1,42.27273178100586
1,3600,72,30003,12,2,1.410989761352539
1,3600,72,30003,12,3,35.2359504699707
1,3600,72,30003,12,4,46.985130310058594
1,3600,72,30003,12,5,15.236061096191406
1,3600,72,30003,12,6,38.59132385253906
1,3600,72,30003,12,7,2.9443676471710205
1,3600,72,30003,12,8,43.1351318359375
1,3600,72,30003,12,9,41.219566345214844
1,3600,72,30003,12,10,40.193260192871094
1,3600,72,30003,12,11,1.5492051839828491
1,3600,72,30003,12,12,0.8161846995353699
1,3600,72,30003,12,13,35.643402099609375
1,3600,72,30003,12,14,38.46054458618164
1,3600,72,30003,12,15,40.446922302246094
1,3600,72,30003,12,16,1.9285550117492676
1,3600,72,30003,12,17,1.170484185218811
1,3600,72,30003,12,18,0.6995756030082703
1,3600,72,30003,12,19,0.7902294397354126
1,3600,72,30003,12,20,0.09610171616077423
1,3600,72,30003,12,21,12.28801155090332
1,3600,72,30003,12,22,1.5508081912994385
1,3600,72,30003,12,23,0.3309018313884735
1,3600,72,30003,12,24,3.1289284229278564
1,3600,72,30003,12,25,40.49189376831055
1,3600,72,30003,12,26,2.5432326793670654
1,3600,72,30003,12,27,31.13169288635254
1,3600,72,30003,12,28,5.173654556274414
1,3600,72,30003,12,29,1.9060940742492676
1,3600,73,30003,13,0,3.650557041168213
1,3600,73,30003,13,1,13.023955345153809
1,3600,73,30003,13,2,2.2288496494293213
1,3600,73,30003,13,3,9.570528984069824
1,3600,73,30003,13,4,44.1873664855957
1,3600,73,30003,13,5,46.21167755126953
1,3600,73,30003,13,6,1.774087905883789
1,3600,73,30003,13,7,40.84166717529297
1,3600,73,30003,13,8,0.20159760117530823
1,3600,73,30003,13,9,2.4635379314422607
1,3600,73,30003,13,10,2.0285377502441406
1,3600,73,30003,13,11,37.5830078125
1,3600,73,30003,13,12,45.49577713012695
1,3600,73,30003,13,13,25.177492141723633
1,3600,73,30003,13,14,3.043339967727661
1,3600,73,30003,13,15,3.308279037475586
1,3600,73,30003,13,16,13.14600658416748
1,3600,73,30003,13,17,0.4550970196723938
1,3600,73,30003,13,18,19.920820236206055
1,3600,73,30003,13,19,2.6206014156341553
1,3600,73,30003,13,20,0.5223648548126221
1,3600,73,30003,13,21,36.90276336669922
1,3600,73,30003,13,22,0.638299822807312
1,3600,73,30003,13,23,3.9445295333862305
1,3600,73,30003,13,24,0.2656799554824829
1,3600,73,30003,13,25,2.0584425926208496
1,3600,73,30003,13,26,42.88794708251953
1,3600,73,30003,13,27,0.1911134421825409
1,3600,73,30003,13,28,11.090544700622559
1,3600,73,30003,13,29,19.60513687133789
1,3600,74,30003,14,0,3.5008463859558105
1,3600,74,30003,14,1,36.88221740722656
1,3600,74,30003,14,2,38.62836456298828
1,3600,74,30003,14,3,48.0431022644043
1,3600,74,30003,14,4,30.158082962036133
1,3600,74,30003,14,5,2.6387734413146973
1,3600,74,30003,14,6,0.7341878414154053
1,3600,74,30003,14,7,18.97136688232422
1,3600,74,30003,14,8,8.3436861038208
1,3600,74,30003,14,9,15.8023681640625
1,3600,74,30003,14,10,0.3197745978832245
1,3600,74,30003,14,11,0.5320528149604797
1,3600,74,30003,14,12,3.57291579246521
1,3600,74,30003,14,13,20.36244773864746
1,3600,74,30003,14,14,20.93175506591797
1,3600,74,30003,14,15,2.0505058765411377
1,3600,74,30003,14,16,3.691525459289551
1,3600,74,30003,14,17,0.16906410455703735
1,3600,74,30003,14,18,27.23857879638672
1,3600,74,30003,14,19,38.061439514160156
1,3600,74,30003,14,20,7.05954647064209
1,3600,74,30003,14,21,41.39558410644531
1,3600,74,30003,14,22,0.5622797012329102
1,3600,74,30003,14,23,2.7610201835632324
1,3600,74,30003,14,24,39.13813400268555
1,3600,74,30003,14,25,46.41935729980469
1,3600,74,30003,14,26,5.1523213386535645
1,3600,74,30003,14,27,30.0522403717041
1,3600,74,30003,14,28,7.641540050506592
1,3600,74,30003,14,29,6.794968605041504
1,3600,75,30003,15,0,37.49343490600586
1,3600,75,30003,15,1,30.105836868286133
1,3600,75,30003,15,2,3.2721657752990723
1,3600,75,30003,15,3,33.70634078979492
1,3600,75,30003,15,4,3.215818405151367
1,3600,75,30003,15,5,0.24231821298599243
1,3600,75,30003,15,6,38.105133056640625
1,3600,75,30003,15,7,34.90816879272461
1,3600,75,30003,15,8,17.571170806884766
1,3600,75,30003,15,9,36.9730110168457
1,3600,75,30003,15,10,3.130978584289551
1,3600,75,30003,15,11,0.13962703943252563
1,3600,75,30003,15,12,50.050758361816406
1,3600,75,30003,15,13,3.3746213912963867
1,3600,75,30003,15,14,35.070621490478516
1,3600,75,30003,15,15,30.009883880615234
1,3600,75,30003,15,16,2.6290640830993652
1,3600,75,30003,15,17,4.414442539215088
1,3600,75,30003,15,18,1.4002938270568848
1,3600,75,30003,15,19,0.17692938446998596
1,3600,75,30003,15,20,2.152482032775879
1,3600,75,30003,15,21,1.167771816253662
1,3600,75,30003,15,22,2.2059991359710693
1,3600,75,30003,15,23,0.592910647392273
1,3600,75,30003,15,24,0.7904430627822876
1,3600,75,30003,15,25,27.7379207611084
1,3600,75,30003,15,26,37.51802444458008
1,3600,75,30003,15,27,37.42112731933594
1,3600,75,30003,15,28,0.8437294960021973
1,3600,75,30003,15,29,23.35292625427246
1,3600,76,30003,16,0,0.4729990065097809
1,3600,76,30003,16,1,3.6774606704711914
1,3600,76,30003,16,2,1.9282917976379395
1,3600,76,30003,16,3,3.7295279502868652
1,3600,76,30003,16,4,35.53481674194336
1,3600,76,30003,16,5,51.05070114135742
1,3600,76,30003,16,6,39.159210205078125
1,3600,76,30003,16,7,3.2295031547546387
1,3600,76,30003,16,8,2.4595327377319336
1,3600,76,30003,16,9,3.466709613800049
1,3600,76,30003,16,10,2.214545249938965
1,3600,76,30003,16,11,1.026982069015503
1,3600,76,30003,16,12,2.329235792160034
1,3600,76,30003,16,13,2.6506643295288086
1,3600,76,30003,16,14,40.66645812988281
1,3600,76,30003,16,15,0.6981211304664612
1,3600,76,30003,16,16,46.25827407836914
1,3600,76,30003,16,17,16.205102920532227
1,3600,76,30003,16,18,44.101192474365234
1,3600,76,30003,16,19,3.1012909412384033
1,3600,76,30003,16,20,42.93917465209961
1,3600,76,30003,16,21,39.42156982421875
1,3600,76,30003,16,22,0.16469456255435944
1,3600,76,30003,16,23,0.2930240035057068
1,3600,76,30003,16,24,0.3676958978176117
1,3600,76,30003,16,25,38.416259765625
1,3600,76,30003,16,26,0.6379474401473999
1,3600,76,30003,16,27,45.51228713989258
1,3600,76,30003,16,28,0.8024580478668213
1,3600,76,30003,16,29,44.05517578125
1,3600,77,30003,17,0,10.969245910644531
1,3600,77,30003,17,1,1.561206340789795
1,3600,77,30003,17,2,1.7902100086212158
1,3600,77,30003,17,3,0.4297865033149719
1,3600,77,30003,17,4,0.24170143902301788
1,3600,77,30003,17,5,38.85543441772461
1,3600,77,30003,17,6,49.44986343383789
1,3600,77,30003,17,7,0.24550846219062805
1,3600,77,30003,17,8,42.13926696777344
1,3600,77,30003,17,9,0.8354990482330322
1,3600,77,30003,17,10,20.237276077270508
1,3600,77,30003,17,11,34.33466339111328
1,3600,77,30003,17,12,3.7591161727905273
1,3600,77,30003,17,13,33.913761138916016
1,3600,77,30003,17,14,4.122305393218994
1,3600,77,30003,17,15,2.6604256629943848
1,3600,77,30003,17,16,34.372642517089844
1,3600,77,30003,17,17,8.620338439941406
1,3600,77,30003,17,18,20.793851852416992
1,3600,77,30003,17,19,1.713865876197815
1,3600,77,30003,17,20,41.69255065917969
1,3600,77,30003,17,21,40.10294723510742
1,3600,77,30003,17,22,0.24894192814826965
1,3600,77,30003,17,23,4.495609283447266
1,3600,77,30003,17,24,30.82089614868164
1,3600,77,30003,17,25,2.189865827560425
1,3600,77,30003,17,26,49.873207092285156
1,3600,77,30003,17,27,1.0045884847640991
1,3600,77,30003,17,28,20.214977264404297
1,3600,77,30003,17,29,9.947322845458984
1,3600,78,30003,18,0,38.2674674987793
1,3600,78,30003,18,1,16.25156593322754
1,3600,78,30003,18,2,2.9258012771606445
1,3600,78,30003,18,3,2.752915143966675
1,3600,78,30003,18,4,30.32197380065918
1,3600,78,30003,18,5,34.20039367675781
1,3600,78,30003,18,6,1.6192408800125122
1,3600,78,30003,18,7,0.43439239263534546
1,3600,78,30003,18,8,35.15680694580078
1,3600,78,30003,18,9,30.716798782348633
1,3600,78,30003,18,10,19.004697799682617
1,3600,78,30003,18,11,41.211517333984375
1,3600,78,30003,18,12,1.4196112155914307
1,3600,78,30003,18,13,2.4924206733703613
1,3600,78,30003,18,14,0.5703345537185669
1,3600,78,30003,18,15,8.943814277648926
1,3600,78,30003,18,16,1.5628613233566284
1,3600,78,30003,18,17,38.71944046020508
1,3600,78,30003,18,18,44.36406326293945
1,3600,78,30003,18,19,44.40706253051758
1,3600,78,30003,18,20,52.581451416015625
1,3600,78,30003,18,21,1.1568458080291748
1,3600,78,30003,18,22,35.772708892822266
1,3600,78,30003,18,23,1.6056203842163086
1,3600,78,30003,18,24,0.1834990382194519
1,3600,78,30003,18,25,42.755836486816406
1,3600,78,30003,18,26,39.80842971801758
1,3600,78,30003,18,27,1.9052904844284058
1,3600,78,30003,18,28,1.3610198497772217
1,3600,78,30003,18,29,26.805644989013672
1,3600,79,30003,19,0,45.4544792175293
1,3600,79,30003,19,1,0.18400365114212036
1,3600,79,30003,19,2,2.404200553894043
1,3600,79,30003,19,3,18.259197235107422
1,3600,79,30003,19,4,11.311367988586426
1,3600,79,30003,19,5,10.446412086486816
1,3600,79,30003,19,6,39.436458587646484
1,3600,79,30003,19,7,18.374393463134766
1,3600,79,30003,19,8,0.1211700364947319
1,3600,79,30003,19,9,12.327129364013672
1,3600,79,30003,19,10,16.401123046875
1,3600,79,30003,19,11,4.399081707000732
1,3600,79,30003,19,12,6.798277378082275
1,3600,79,30003,19,13,3.3243587017059326
1,3600,79,30003,19,14,9.887757301330566
1,3600,79,30003,19,15,0.49539417028427124
1,3600,79,30003,19,16,41.29652786254883
1,3600,79,30003,19,17,0.6647722125053406
1,3600,79,30003,19,18,41.590274810791016
1,3600,79,30003,19,19,0.7910522222518921
1,3600,79,30003,19,20,7.1130242347717285
1,3600,79,30003,19,21,2.5283443927764893
1,3600,79,30003,19,22,29.323139190673828
1,3600,79,30003,19,23,12.941238403320312
1,3600,79,30003,19,24,1.8398569822311401
1,3600,79,30003,19,25,0.7297288775444031
1,3600,79,30003,19,26,10.062007904052734
1,3600,79,30003,19,27,0.12572593986988068
1,3600,79,30003,19,28,3.9980814456939697
1,3600,79,30003,19,29,26.579273223876953
2,7200,60,30003,0,0,1.1380146741867065
2,7200,60,30003,0,1,0.07993592321872711
2,7200,60,30003,0,2,10.37140941619873
2,7200,60,30003,0,3,3.9088821411132812
2,7200,60,30003,0,4,8.424363136291504
2,7200,60,30003,0,5,5.40248966217041
2,7200,60,30003,0,6,5.500250816345215
2,7200,60,30003,0,7,33.29965591430664
2,7200,60,30003,0,8,9.137958526611328
2,7200,60,30003,0,9,17.276071548461914
2,7200,60,30003,0,10,1.7195584774017334
2,7200,60,30003,0,11,5.930689811706543
2,7200,60,30003,0,12,10.483722686767578
2,7200,60,30003,0,13,0.4861949682235718
2,7200,60,30003,0,14,6.1097822189331055
2,7200,60,30003,0,15,0.40388333797454834
2,7200,60,30003,0,16,53.553070068359375
2,7200,60,30003,0,17,6.679773330688477
2,7200,60,30003,0,18,5.936995983123779
2,7200,60,30003,0,19,0.22928255796432495
2,7200,60,30003,0,20,3.0634634494781494
2,7200,60,30003,0,21,0.32204243540763855
2,7200,60,30003,0,22,1.9513607025146484
2,7200,60,30003,0,23,1.649251937866211
2,7200,60,30003,0,24,4.830593109130859
2,7200,60,30003,0,25,0.1243409514427185
2,7200,60,30003,0,26,4.686541557312012
2,7200,60,30003,0,27,5.057171821594238
2,7200,60,30003,0,28,0.23887145519256592
2,7200,60,30003,0,29,2.9984498023986816
2,7200,61,30003,1,0,9.862668991088867
2,7200,61,30003,1,1,0.05999999865889549
2,7200,61,30003,1,2,3.4458675384521484
2,7200,61,30003,1,3,10.471360206604004
2,7200,61,30003,1,4,14.962313652038574
2,7200,61,30003,1,5,0.8019295334815979
2,7200,61,30003,1,6,2.7224979400634766
2,7200,61,30003,1,7,0.5113691687583923
2,7200,61,30003,1,8,6.725284099578857
2,7200,61,30003,1,9,0.19511838257312775
2,7200,61,30003,1,10,13.739058494567871
2,7200,61,30003,1,11,8.674524307250977
2,7200,61,30003,1,12,6.045256614685059
2,7200,61,30003,1,13,4.13914155960083
2,7200,61,30003,1,14,16.863977432250977
2,7200,61,30003,1,15,7.529355525970459
2,7200,61,30003,1,16,0.4269421696662903
2,7200,61,30003,1,17,0.5743098258972168
2,7200,61,30003,1,18,4.095646858215332
2,7200,61,30003,1,19,5.0773820877075195
2,7200,61,30003,1,20,4.406149387359619
2,7200,61,30003,1,21,5.650387287139893
2,7200,61,30003,1,22,6.4576616287231445
2,7200,61,30003,1,23,0.5426055192947388
2,7200,61,30003,1,24,4.092973232269287
2,7200,61,30003,1,25,0.8530215620994568
2,7200,61,30003,1,26,1.7677245140075684
2,7200,61,30003,1,27,1.5857083797454834
2,7200,61,30003,1,28,3.763521432876587
2,7200,61,30003,1,29,8.067291259765625
2,7200,62,30003,2,0,1.0611412525177002
2,7200,62,30003,2,1,37.439048767089844
2,7200,62,30003,2,2,0.3862966001033783
2,7200,62,30003,2,3,6.15574312210083
2,7200,62,30003,2,4,7.190264701843262
2,7200,62,30003,2,5,3.795313835144043
2,7200,62,30003,2,6,5.3397064208984375
2,7200,62,30003,2,7,9.713338851928711
2,7200,62,30003,2,8,4.954179286956787
2,7200,62,30003,2,9,6.824155330657959
2,7200,62,30003,2,10,0.09477601200342178
2,7200,62,30003,2,11,5.772000789642334
2,7200,62,30003,2,12,4.1774420738220215
2,7200,62,30003,2,13,5.005468845367432
2,7200,62,30003,2,14,0.061338309198617935
2,7200,62,30003,2,15,3.7206871509552
2,7200,62,30003,2,16,1.0177546739578247
2,7200,62,30003,2,17,3.959202527999878
2,7200,62,30003,2,18,1.857127070426941
2,7200,62,30003,2,19,50.97163009643555
2,7200,62,30003,2,20,6.663852214813232
2,7200,62,30003,2,21,0.12642978131771088
2,7200,62,30003,2,22,1.403592586517334
2,7200,62,30003,2,23,4.598259449005127
2,7200,62,30003,2,24,0.23519054055213928
2,7200,62,30003,2,25,9.859949111938477
2,7200,62,30003,2,26,4.3246564865112305
2,7200,62,30003,2,27,18.596389770507812
2,7200,62,30003,2,28,9.219095230102539
2,7200,62,30003,2,29,9.656866073608398
2,7200,63,30003,3,0,0.11027812957763672
2,7200,63,30003,3,1,6.09920072555542
2,7200,63,30003,3,2,3.7366981506347656
2,7200,63,30003,3,3,0.9066299796104431
2,7200,63,30003,3,4,51.88863754272461
2,7200,63,30003,3,5,1.9147913455963135
2,7200,63,30003,3,6,0.49486738443374634
2,7200,63,30003,3,7,0.07505351305007935
2,7200,63,30003,3,8,36.99928665161133
2,7200,63,30003,3,9,3.8194782733917236
2,7200,63,30003,3,10,5.911456108093262
2,7200,63,30003,3,11,0.4599366784095764
2,7200,63,30003,3,12,10.056647300720215
2,7200,63,30003,3,13,0.499844491481781
2,7200,63,30003,3,14,2.8408210277557373
2,7200,63,30003,3,15,58.33409118652344
2,7200,63,30003,3,16,0.5159090757369995
2,7200,63,30003,3,17,1.9023085832595825
2,7200,63,30003,3,18,0.7150505781173706
2,7200,63,30003,3,19,10.204240798950195
2,7200,63,30003,3,20,1.2334082126617432
2,7200,63,30003,3,21,0.5875774621963501
2,7200,63,30003,3,22,0.06921254098415375
2,7200,63,30003,3,23,5.518195152282715
2,7200,63,30003,3,24,8.343321800231934
2,7200,63,30003,3,25,0.31622540950775146
2,7200,63,30003,3,26,4.757225036621094
2,7200,63,30003,3,27,0.39831221103668213
2,7200,63,30003,3,28,1.8054921627044678
2,7200,63,30003,3,29,0.25714170932769775
2,7200,64,30003,4,0,3.107896566390991
2,7200,64,30003,4,1,2.3006670475006104
2,7200,64,30003,4,2,3.1646735668182373
2,7200,64,30003,4,3,2.3357431888580322
2,7200,64,30003,4,4,16.282869338989258
2,7200,64,30003,4,5,2.4146506786346436
2,7200,64,30003,4,6,2.5436484813690186
2,7200,64,30003,4,7,4.49757719039917
2,7200,64,30003,4,8,6.142184257507324
2,7200,64,30003,4,9,3.876079797744751
2,7200,64,30003,4,10,4.278714179992676
2,7200,64,30003,4,11,20.578763961791992
2,7200,64,30003,4,12,5.420033931732178
2,7200,64,30003,4,13,0.15307970345020294
2,7200,64,30003,4,14,2.100332498550415
2,7200,64,30003,4,15,2.6021907329559326
2,7200,64,30003,4,16,5.891114711761475
2,7200,64,30003,4,17,1.23542058467865
2,7200,64,30003,4,18,5.9147725105285645
2,7200,64,30003,4,19,2.7453320026397705
2,7200,64,30003,4,20,31.527528762817383
2,7200,64,30003,4,21,6.670875549316406
2,7200,64,30003,4,22,1.727721929550171
2,7200,64,30003,4,23,0.1319601684808731
2,7200,64,30003,4,24,0.4258100092411041
2,7200,64,30003,4,25,1.1640079021453857
2,7200,64,30003,4,26,1.0595450401306152
2,7200,64,30003,4,27,8.767340660095215
2,7200,64,30003,4,28,3.930189609527588
2,7200,64,30003,4,29,72.39262390136719
2,7200,65,30003,5,0,3.903538227081299
2,7200,65,30003,5,1,45.699607849121094
2,7200,65,30003,5,2,0.46150854229927063
2,7200,65,30003,5,3,1.5774641036987305
2,7200,65,30003,5,4,2.3667216300964355
2,7200,65,30003,5,5,0.7794185876846313
2,7200,65,30003,5,6,4.7360453605651855
2,7200,65,30003,5,7,2.5887553691864014
2,7200,65,30003,5,8,0.7567840814590454
2,7200,65,30003,5,9,1.1575461626052856
2,7200,65,30003,5,10,30.75474739074707
2,7200,65,30003,5,11,27.614990234375
2,7200,65,30003,5,12,76.30113220214844
2,7200,65,30003,5,13,7.216854572296143
2,7200,65,30003,5,14,34.22992706298828
2,7200,65,30003,5,15,1.0683238506317139
2,7200,65,30003,5,16,54.258670806884766
2,7200,65,30003,5,17,0.3078919053077698
2,7200,65,30003,5,18,46.857398986816406
2,7200,65,30003,5,19,28.322214126586914
2,7200,65,30003,5,20,0.11756697297096252
2,7200,65,30003,5,21,6.172845363616943
2,7200,65,30003,5,22,2.433948516845703
2,7200,65,30003,5,23,5.462255954742432
2,7200,65,30003,5,24,3.7733044624328613
2,7200,65,30003,5,25,7.694969654083252
2,7200,65,30003,5,26,0.07076796889305115
2,7200,65,30003,5,27,3.2042059898376465
2,7200,65,30003,5,28,2.633169174194336
2,7200,65,30003,5,29,0.12838540971279144
2,7200,66,30003,6,0,4.99869441986084
2,7200,66,30003,6,1,4.940497398376465
2,7200,66,30003,6,2,0.7400597929954529
2,7200,66,30003,6,3,1.7375295162200928
2,7200,66,30003,6,4,5.142334938049316
2,7200,66,30003,6,5,0.07823779433965683
2,7200,66,30003,6,6,0.6822735071182251
2,7200,66,30003,6,7,4.760957717895508
2,7200,66,30003,6,8,1.0059367418289185
2,7200,66,30003,6,9,12.312234878540039
2,7200,66,30003,6,10,1.2307885885238647
2,7200,66,30003,6,11,0.43014124035835266
2,7200,66,30003,6,12,0.08948817849159241
2,7200,66,30003,6,13,4.699459075927734
2,7200,66,30003,6,14,0.8888552188873291
2,7200,66,30003,6,15,3.5215160846710205
2,7200,66,30003,6,16,7.20189094543457
2,7200,66,30003,6,17,0.6852124333381653
2,7200,66,30003,6,18,9.170221328735352
2,7200,66,30003,6,19,3.3294103145599365
2,7200,66,30003,6,20,13.401815414428711
2,7200,66,30003,6,21,4.682883262634277
2,7200,66,30003,6,22,0.9357562065124512
2,7200,66,30003,6,23,2.2621898651123047
2,7200,66,30003,6,24,0.4529101252555847
2,7200,66,30003,6,25,1.113452672958374
2,7200,66,30003,6,26,8.504732131958008
2,7200,66,30003,6,27,22.22667121887207
2,7200,66,30003,6,28,4.428925514221191
2,7200,66,30003,6,29,0.12145678699016571
2,7200,67,30003,7,0,7.617584228515625
2,7200,67,30003,7,1,0.7896278500556946
2,7200,67,30003,7,2,1.1487312316894531
2,7200,67,30003,7,3,11.145090103149414
2,7200,67,30003,7,4,0.24233993887901306
2,7200,67,30003,7,5,58.41409683227539
2,7200,67,30003,7,6,6.753018856048584
2,7200,67,30003,7,7,0.21591417491436005
2,7200,67,30003,7,8,5.0850019454956055
2,7200,67,30003,7,9,15.501187324523926
2,7200,67,30003,7,10,16.887760162353516
2,7200,67,30003,7,11,0.8482984304428101
2,7200,67,30003,7,12,0.67242830991745
2,7200,67,30003,7,13,8.437390327453613
2,7200,67,30003,7,14,3.327357053756714
2,7200,67,30003,7,15,0.05999999865889549
2,7200,67,30003,7,16,1.5168999433517456
2,7200,67,30003,7,17,0.18802547454833984
2,7200,67,30003,7,18,17.09454345703125
2,7200,67,30003,7,19,53.67727279663086
2,7200,67,30003,7,20,1.9460760354995728
2,7200,67,30003,7,21,46.254554748535156
2,7200,67,30003,7,22,47.69807434082031
2,7200,67,30003,7,23,1.6231849193572998
2,7200,67,30003,7,24,0.6982927918434143
2,7200,67,30003,7,25,19.167137145996094
2,7200,67,30003,7,26,1.0987383127212524
2,7200,67,30003,7,27,0.44233933091163635
2,7200,67,30003,7,28,0.1144169270992279
2,7200,67,30003,7,29,7.964967250823975
2,7200,68,30003,8,0,11.75008773803711
2,7200,68,30003,8,1,0.9523091912269592
2,7200,68,30003,8,2,4.710907459259033
2,7200,68,30003,8,3,4.355480670928955
2,7200,68,30003,8,4,20.21603775024414
2,7200,68,30003,8,5,1.3977627754211426
2,7200,68,30003,8,6,12.329245567321777
2,7200,68,30003,8,7,12.38433837890625
2,7200,68,30003,8,8,37.0754280090332
2,7200,68,30003,8,9,40.752967834472656
2,7200,68,30003,8,10,11.44265365600586
2,7200,68,30003,8,11,0.12040988355875015
2,7200,68,30003,8,12,1.1812961101531982
2,7200,68,30003,8,13,16.967117309570312
2,7200,68,30003,8,14,0.11799638718366623
2,7200,68,30003,8,15,11.4326753616333
2,7200,68,30003,8,16,16.85540008544922
2,7200,68,30003,8,17,17.908151626586914
2,7200,68,30003,8,18,12.36660385131836
2,7200,68,30003,8,19,2.445830821990967
2,7200,68,30003,8,20,2.5787484645843506
2,7200,68,30003,8,21,15.167550086975098
2,7200,68,30003,8,22,5.89248514175415
2,7200,68,30003,8,23,3.3852365016937256
2,7200,68,30003,8,24,6.7503838539123535
2,7200,68,30003,8,25,5.646737575531006
2,7200,68,30003,8,26,17.685813903808594
2,7200,68,30003,8,27,1.839787483215332
2,7200,68,30003,8,28,0.2419731318950653
2,7200,68,30003,8,29,0.07063348591327667
2,7200,69,30003,9,0,5.037890434265137
2,7200,69,30003,9,1,0.1379290521144867
2,7200,69,30003,9,2,3.3687691688537598
2,7200,69,30003,9,3,0.49292153120040894
2,7200,69,30003,9,4,1.096275806427002
2,7200,69,30003,9,5,7.395236968994141
2,7200,69,30003,9,6,0.44090500473976135
2,7200,69,30003,9,7,0.1031820997595787
2,7200,69,30003,9,8,2.448352813720703
2,7200,69,30003,9,9,2.6811697483062744
2,7200,69,30003,9,10,2.0933079719543457
2,7200,69,30003,9,11,0.534240186214447
2,7200,69,30003,9,12,2.2021324634552
2,7200,69,30003,9,13,0.7195897102355957
2,7200,69,30003,9,14,5.363365173339844
2,7200,69,30003,9,15,1.9431523084640503
2,7200,69,30003,9,16,2.0411884784698486
2,7200,69,30003,9,17,1.6091115474700928
2,7200,69,30003,9,18,0.6912918090820312
2,7200,69,30003,9,19,4.344320297241211
2,7200,69,30003,9,20,8.684061050415039
2,7200,69,30003,9,21,4.992535591125488
2,7200,69,30003,9,22,0.09249928593635559
2,7200,69,30003,9,23,5.0792765617370605
2,7200,69,30003,9,24,0.07448438555002213
2,7200,69,30003,9,25,5.734341144561768
2,7200,69,30003,9,26,1.1880254745483398
2,7200,69,30003,9,27,24.592424392700195
2,7200,69,30003,9,28,0.6875783205032349
2,7200,69,30003,9,29,9.956377983093262
2,7200,70,30003,10,0,0.7985357046127319
2,7200,70,30003,10,1,7.379940986633301
2,7200,70,30003,10,2,11.432246208190918
2,7200,70,30003,10,3,27.32686424255371
2,7200,70,30003,10,4,11.766355514526367
2,7200,70,30003,10,5,5.321074485778809
2,7200,70,30003,10,6,0.8426923751831055
2,7200,70,30003,10,7,24.192590713500977
2,7200,70,30003,10,8,1.344975233078003
2,7200,70,30003,10,9,4.349967956542969
2,7200,70,30003,10,10,6.283441543579102
2,7200,70,30003,10,11,13.131855964660645
2,7200,70,30003,10,12,1.359573483467102
2,7200,70,30003,10,13,14.37246322631836
2,7200,70,30003,10,14,0.07177718728780746
2,7200,70,30003,10,15,2.179304599761963
2,7200,70,30003,10,16,1.8083600997924805
2,7200,70,30003,10,17,2.102919340133667
2,7200,70,30003,10,18,1.3442987203598022
2,7200,70,30003,10,19,0.25792446732521057
2,7200,70,30003,10,20,5.856832504272461
2,7200,70,30003,10,21,0.16388094425201416
2,7200,70,30003,10,22,0.37302184104919434
2,7200,70,30003,10,23,0.42253175377845764
2,7200,70,30003,10,24,1.1563628911972046
2,7200,70,30003,10,25,1.4624085426330566
2,7200,70,30003,10,26,1.8889896869659424
2,7200,70,30003,10,27,0.9361157417297363
2,7200,70,30003,10,28,0.13527911901474
2,7200,70,30003,10,29,2.539780855178833
2,7200,71,30003,11,0,10.618979454040527
2,7200,71,30003,11,1,0.07745411992073059
2,7200,71,30003,11,2,8.613678932189941
2,7200,71,30003,11,3,0.09415353834629059
2,7200,71,30003,11,4,4.366818904876709
2,7200,71,30003,11,5,7.775147914886475
2,7200,71,30003,11,6,2.789304494857788
2,7200,71,30003,11,7,11.74629020690918
2,7200,71,30003,11,8,14.951991081237793
2,7200,71,30003,11,9,10.936656951904297
2,7200,71,30003,11,10,8.411169052124023
2,7200,71,30003,11,11,11.309179306030273
2,7200,71,30003,11,12,18.273284912109375
2,7200,71,30003,11,13,8.478650093078613
2,7200,71,30003,11,14,10.458001136779785
2,7200,71,30003,11,15,6.686742782592773
2,7200,71,30003,11,16,10.674247741699219
2,7200,71,30003,11,17,0.2473939061164856
2,7200,71,30003,11,18,6.395261764526367
2,7200,71,30003,11,19,0.3197259306907654
2,7200,71,30003,11,20,6.031312942504883
2,7200,71,30003,11,21,5.004444599151611
2,7200,71,30003,11,22,4.573100566864014
2,7200,71,30003,11,23,7.206612586975098
2,7200,71,30003,11,24,6.878196716308594
2,7200,71,30003,11,25,4.828691482543945
2,7200,71,30003,11,26,1.2059177160263062
2,7200,71,30003,11,27,18.798112869262695
2,7200,71,30003,11,28,9.530985832214355
2,7200,71,30003,11,29,0.6653734445571899
2,7200,72,30003,12,0,1.8034203052520752
2,7200,72,30003,12,1,6.113002300262451
2,7200,72,30003,12,2,8.79387378692627
2,7200,72,30003,12,3,0.7492885589599609
2,7200,72,30003,12,4,6.622432708740234
2,7200,72,30003,12,5,0.1168074831366539
2,7200,72,30003,12,6,4.61113977432251
2,7200,72,30003,12,7,0.40825900435447693
2,7200,72,30003,12,8,7.6496124267578125
2,7200,72,30003,12,9,0.811235785484314
2,7200,72,30003,12,10,0.8972686529159546
2,7200,72,30003,12,11,3.2946736812591553
2,7200,72,30003,12,12,5.14063835144043
2,7200,72,30003,12,13,5.129568099975586
2,7200,72,30003,12,14,6.317418575286865
2,7200,72,30003,12,15,0.6845442652702332
2,7200,72,30003,12,16,3.636624336242676
2,7200,72,30003,12,17,4.194911479949951
2,7200,72,30003,12,18,4.125362873077393
2,7200,72,30003,12,19,6.994194507598877
2,7200,72,30003,12,20,2.1199841499328613
2,7200,72,30003,12,21,0.19400620460510254
2,7200,72,30003,12,22,0.1385299116373062
2,7200,72,30003,12,23,4.563307285308838
2,7200,72,30003,12,24,5.287365436553955
2,7200,72,30003,12,25,5.653063774108887
2,7200,72,30003,12,26,10.032201766967773
2,7200,72,30003,12,27,0.29326844215393066
2,7200,72,30003,12,28,13.502902030944824
2,7200,72,30003,12,29,0.2718546986579895
2,7200,73,30003,13,0,0.0861881896853447
2,7200,73,30003,13,1,23.41213607788086
2,7200,73,30003,13,2,4.642838478088379
2,7200,73,30003,13,3,17.128538131713867
2,7200,73,30003,13,4,0.5357165932655334
2,7200,73,30003,13,5,55.10417175292969
2,7200,73,30003,13,6,0.24602735042572021
2,7200,73,30003,13,7,0.28975579142570496
2,7200,73,30003,13,8,1.3979334831237793
2,7200,73,30003,13,9,4.90626335144043
2,7200,73,30003,13,10,0.12632951140403748
2,7200,73,30003,13,11,1.287083387374878
2,7200,73,30003,13,12,13.731348991394043
2,7200,73,30003,13,13,0.74698805809021
2,7200,73,30003,13,14,6.960597038269043
2,7200,73,30003,13,15,7.839513778686523
2,7200,73,30003,13,16,22.855201721191406
2,7200,73,30003,13,17,6.970656394958496
2,7200,73,30003,13,18,27.249671936035156
2,7200,73,30003,13,19,0.2931790351867676
2,7200,73,30003,13,20,8.014922142028809
2,7200,73,30003,13,21,1.4893959760665894
2,7200,73,30003,13,22,6.5887274742126465
2,7200,73,30003,13,23,6.878235816955566
2,7200,73,30003,13,24,2.820638418197632
2,7200,73,30003,13,25,5.975726127624512
2,7200,73,30003,13,26,0.7998096942901611
2,7200,73,30003,13,27,1.2220423221588135
2,7200,73,30003,13,28,21.03074073791504
2,7200,73,30003,13,29,26.887222290039062
2,7200,74,30003,14,0,0.570035457611084
2,7200,74,30003,14,1,5.598004341125488
2,7200,74,30003,14,2,4.835619926452637
2,7200,74,30003,14,3,5.077820301055908
2,7200,74,30003,14,4,2.081230878829956
2,7200,74,30003,14,5,6.587917327880859
2,7200,74,30003,14,6,2.3850862979888916
2,7200,74,30003,14,7,0.3632640540599823
2,7200,74,30003,14,8,1.5716806650161743
2,7200,74,30003,14,9,24.665210723876953
2,7200,74,30003,14,10,2.7590315341949463
2,7200,74,30003,14,11,2.017364025115967
2,7200,74,30003,14,12,0.43077754974365234
2,7200,74,30003,14,13,32.09347152709961
2,7200,74,30003,14,14,28.70316505432129
2,7200,74,30003,14,15,0.21473923325538635
2,7200,74,30003,14,16,7.414055824279785
2,7200,74,30003,14,17,1.292780876159668
2,7200,74,30003,14,18,0.4886085093021393
2,7200,74,30003,14,19,0.2674941122531891
2,7200,74,30003,14,20,0.5667946934700012
2,7200,74,30003,14,21,5.175808906555176
2,7200,74,30003,14,22,1.4819270372390747
2,7200,74,30003,14,23,0.06441222876310349
2,7200,74,30003,14,24,5.026938438415527
2,7200,74,30003,14,25,6.864038944244385
2,7200,74,30003,14,26,13.585654258728027
2,7200,74,30003,14,27,0.8137343525886536
2,7200,74,30003,14,28,17.106477737426758
2,7200,74,30003,14,29,0.44866743683815
2,7200,75,30003,15,0,0.3233543038368225
2,7200,75,30003,15,1,0.6276642084121704
2,7200,75,30003,15,2,11.033019065856934
2,7200,75,30003,15,3,2.665558099746704
2,7200,75,30003,15,4,0.1796705424785614
2,7200,75,30003,15,5,2.7474443912506104
2,7200,75,30003,15,6,4.372939109802246
2,7200,75,30003,15,7,1.161861777305603
2,7200,75,30003,15,8,2.327983856201172
2,7200,75,30003,15,9,4.050665378570557
2,7200,75,30003,15,10,0.10643284022808075
2,7200,75,30003,15,11,1.277799367904663
2,7200,75,30003,15,12,2.2784481048583984
2,7200,75,30003,15,13,10.243216514587402
2,7200,75,30003,15,14,4.575415134429932
2,7200,75,30003,15,15,1.7674386501312256
2,7200,75,30003,15,16,8.514599800109863
2,7200,75,30003,15,17,12.562434196472168
2,7200,75,30003,15,18,0.05999999865889549
2,7200,75,30003,15,19,4.177560806274414
2,7200,75,30003,15,20,7.532186985015869
2,7200,75,30003,15,21,3.295095682144165
2,7200,75,30003,15,22,9.741569519042969
2,7200,75,30003,15,23,3.777278423309326
2,7200,75,30003,15,24,2.537022113800049
2,7200,75,30003,15,25,3.0845718383789062
2,7200,75,30003,15,26,2.799208164215088
2,7200,75,30003,15,27,4.454466342926025
2,7200,75,30003,15,28,0.08825986832380295
2,7200,75,30003,15,29,0.22942104935646057
2,7200,76,30003,16,0,0.05999999865889549
2,7200,76,30003,16,1,11.743759155273438
2,7200,76,30003,16,2,7.558628082275391
2,7200,76,30003,16,3,7.4113945960998535
2,7200,76,30003,16,4,45.30165481567383
2,7200,76,30003,16,5,4.522364139556885
2,7200,76,30003,16,6,6.657334804534912
2,7200,76,30003,16,7,12.92709732055664
2,7200,76,30003,16,8,8.466883659362793
2,7200,76,30003,16,9,12.086860656738281
2,7200,76,30003,16,10,9.4522123336792
2,7200,76,30003,16,11,8.864832878112793
2,7200,76,30003,16,12,0.1957879215478897
2,7200,76,30003,16,13,6.820890426635742
2,7200,76,30003,16,14,6.15144681930542
2,7200,76,30003,16,15,2.4178130626678467
2,7200,76,30003,16,16,0.380575954914093
2,7200,76,30003,16,17,28.307218551635742
2,7200,76,30003,16,18,0.6871602535247803
2,7200,76,30003,16,19,4.8676438331604
2,7200,76,30003,16,20,55.274173736572266
2,7200,76,30003,16,21,0.5561769008636475
2,7200,76,30003,16,22,5.707129001617432
2,7200,76,30003,16,23,5.1796417236328125
2,7200,76,30003,16,24,3.867605209350586
2,7200,76,30003,16,25,5.394292831420898
2,7200,76,30003,16,26,4.139986515045166
2,7200,76,30003,16,27,2.567617177963257
2,7200,76,30003,16,28,7.597517967224121
2,7200,76,30003,16,29,6.975583553314209
2,7200,77,30003,17,0,1.7582460641860962
2,7200,77,30003,17,1,7.104606628417969
2,7200,77,30003,17,2,0.23241612315177917
2,7200,77,30003,17,3,6.540614128112793
2,7200,77,30003,17,4,6.61263370513916
2,7200,77,30003,17,5,7.0011796951293945
2,7200,77,30003,17,6,0.5041499733924866
2,7200,77,30003,17,7,2.583853244781494
2,7200,77,30003,17,8,2.595820665359497
2,7200,77,30003,17,9,1.789696216583252
2,7200,77,30003,17,10,28.140701293945312
2,7200,77,30003,17,11,0.4106161892414093
2,7200,77,30003,17,12,0.6091893315315247
2,7200,77,30003,17,13,4.988014221191406
2,7200,77,30003,17,14,8.923242568969727
2,7200,77,30003,17,15,9.915999412536621
2,7200,77,30003,17,16,4.696413993835449
2,7200,77,30003,17,17,0.22697585821151733
2,7200,77,30003,17,18,0.0989537239074707
2,7200,77,30003,17,19,3.527099609375
2,7200,77,30003,17,20,2.1598474979400635
2,7200,77,30003,17,21,2.5384409427642822
2,7200,77,30003,17,22,7.091612339019775
2,7200,77,30003,17,23,0.26046764850616455
2,7200,77,30003,17,24,0.8140170574188232
2,7200,77,30003,17,25,6.122139930725098
2,7200,77,30003,17,26,7.560666084289551
2,7200,77,30003,17,27,3.2589223384857178
2,7200,77,30003,17,28,0.3587367534637451
2,7200,77,30003,17,29,1.4099169969558716
2,7200,78,30003,18,0,6.1001152992248535
2,7200,78,30003,18,1,1.4180208444595337
2,7200,78,30003,18,2,4.5684099197387695
2,7200,78,30003,18,3,10.657084465026855
2,7200,78,30003,18,4,0.432126522064209
2,7200,78,30003,18,5,11.33390998840332
2,7200,78,30003,18,6,4.358452320098877
2,7200,78,30003,18,7,2.2044944763183594
2,7200,78,30003,18,8,7.570440769195557
2,7200,78,30003,18,9,5.850408554077148
2,7200,78,30003,18,10,0.19108650088310242
2,7200,78,30003,18,11,1.1288658380508423
2,7200,78,30003,18,12,0.07330204546451569
2,7200,78,30003,18,13,4.645601749420166
2,7200,78,30003,18,14,1.7172187566757202
2,7200,78,30003,18,15,12.693378448486328
2,7200,78,30003,18,16,10.291383743286133
2,7200,78,30003,18,17,0.7608320116996765
2,7200,78,30003,18,18,2.079641342163086
2,7200,78,30003,18,19,8.965690612792969
2,7200,78,30003,18,20,11.940074920654297
2,7200,78,30003,18,21,3.7373640537261963
2,7200,78,30003,18,22,6.139474868774414
2,7200,78,30003,18,23,9.275529861450195
2,7200,78,30003,18,24,2.8220882415771484
2,7200,78,30003,18,25,1.3374032974243164
2,7200,78,30003,18,26,1.4475046396255493
2,7200,78,30003,18,27,3.499765634536743
2,7200,78,30003,18,28,7.6212477684021
2,7200,78,30003,18,29,0.06327374279499054
2,7200,79,30003,19,0,5.969985008239746
2,7200,79,30003,19,1,4.958027362823486
2,7200,79,30003,19,2,5.658350944519043
2,7200,79,30003,19,3,31.092893600463867
2,7200,79,30003,19,4,1.1973894834518433
2,7200,79,30003,19,5,21.074125289916992
2,7200,79,30003,19,6,47.714534759521484
2,7200,79,30003,19,7,30.079381942749023
2,7200,79,30003,19,8,2.235884666442871
2,7200,79,30003,19,9,2.837587594985962
2,7200,79,30003,19,10,27.593666076660156
2,7200,79,30003,19,11,0.3560275435447693
2,7200,79,30003,19,12,0.1314505785703659
2,7200,79,30003,19,13,0.21602700650691986
2,7200,79,30003,19,14,18.83169937133789
2,7200,79,30003,19,15,2.127999782562256
2,7200,79,30003,19,16,1.7746200561523438
2,7200,79,30003,19,17,1.0015183687210083
2,7200,79,30003,19,18,0.5525301098823547
2,7200,79,30003,19,19,7.189972877502441
2,7200,79,30003,19,20,14.099745750427246
2,7200,79,30003,19,21,0.17910099029541016
2,7200,79,30003,19,22,0.5523580312728882
2,7200,79,30003,19,23,20.65780258178711
2,7200,79,30003,19,24,0.05999999865889549
2,7200,79,30003,19,25,1.7779176235198975
2,7200,79,30003,19,26,19.842510223388672
2,7200,79,30003,19,27,0.8093152046203613
2,7200,79,30003,19,28,0.5864254236221313
2,7200,79,30003,19,29,0.8251704573631287
3,10800,60,30003,0,0,0.187606081366539
3,10800,60,30003,0,1,0.21363061666488647
3,10800,60,30003,0,2,1.056675672531128
3,10800,60,30003,0,3,0.37470126152038574
3,10800,60,30003,0,4,0.9659092426300049
3,10800,60,30003,0,5,1.1933021545410156
3,10800,60,30003,0,6,0.3478427231311798
3,10800,60,30003,0,7,99.98890686035156
3,10800,60,30003,0,8,2.002537727355957
3,10800,60,30003,0,9,0.8384888172149658
3,10800,60,30003,0,10,0.3755091726779938
3,10800,60,30003,0,11,0.15151631832122803
3,10800,60,30003,0,12,0.2615625560283661
3,10800,60,30003,0,13,0.9756016135215759
3,10800,60,30003,0,14,0.5342638492584229
3,10800,60,30003,0,15,0.8036214709281921
3,10800,60,30003,0,16,8.004977226257324
3,10800,60,30003,0,17,0.20672041177749634
3,10800,60,30003,0,18,3.7613565921783447
3,10800,60,30003,0,19,0.3326033353805542
3,10800,60,30003,0,20,2.3548617362976074
3,10800,60,30003,0,21,0.8522551655769348
3,10800,60,30003,0,22,0.24093714356422424
3,10800,60,30003,0,23,1.3513529300689697
3,10800,60,30003,0,24,0.7215668559074402
3,10800,60,30003,0,25,1.0788400173187256
3,10800,60,30003,0,26,1.1675074100494385
3,10800,60,30003,0,27,0.28754985332489014
3,10800,60,30003,0,28,2.026733160018921
3,10800,60,30003,0,29,0.06526021659374237
3,10800,61,30003,1,0,1.2281121015548706
3,10800,61,30003,1,1,0.24677160382270813
3,10800,61,30003,1,2,6.983506202697754
3,10800,61,30003,1,3,1.1826704740524292
3,10800,61,30003,1,4,0.9230104088783264
3,10800,61,30003,1,5,1.1370010375976562
3,10800,61,30003,1,6,0.3950565457344055
3,10800,61,30003,1,7,1.6036463975906372
3,10800,61,30003,1,8,1.6605479717254639
3,10800,61,30003,1,9,0.275070458650589
3,10800,61,30003,1,10,1.8667632341384888
3,10800,61,30003,1,11,0.48212528228759766
3,10800,61,30003,1,12,0.786039412021637
3,10800,61,30003,1,13,0.2800368368625641
3,10800,61,30003,1,14,0.6505674719810486
3,10800,61,30003,1,15,0.8278910517692566
3,10800,61,30003,1,16,1.196791648864746
3,10800,61,30003,1,17,0.13695509731769562
3,10800,61,30003,1,18,0.4729980528354645
3,10800,61,30003,1,19,0.2761841416358948
3,10800,61,30003,1,20,0.38717755675315857
3,10800,61,30003,1,21,0.9318866729736328
3,10800,61,30003,1,22,0.07233115285634995
3,10800,61,30003,1,23,1.2598857879638672
3,10800,61,30003,1,24,0.6566725969314575
3,10800,61,30003,1,25,1.1386241912841797
3,10800,61,30003,1,26,0.15962861478328705
3,10800,61,30003,1,27,0.13218633830547333
3,10800,61,30003,1,28,0.2119656652212143
3,10800,61,30003,1,29,3.9028449058532715
3,10800,62,30003,2,0,1.2502331733703613
3,10800,62,30003,2,1,0.1598256230354309
3,10800,62,30003,2,2,3.9688334465026855
3,10800,62,30003,2,3,3.6871626377105713
3,10800,62,30003,2,4,1.120383858680725
3,10800,62,30003,2,5,0.320191353559494
3,10800,62,30003,2,6,3.5644373893737793
3,10800,62,30003,2,7,0.5956891179084778
3,10800,62,30003,2,8,0.6267818808555603
3,10800,62,30003,2,9,9.829950332641602
3,10800,62,30003,2,10,0.363064169883728
3,10800,62,30003,2,11,0.607946515083313
3,10800,62,30003,2,12,0.07980354130268097
3,10800,62,30003,2,13,0.28730398416519165
3,10800,62,30003,2,14,1.536521315574646
3,10800,62,30003,2,15,0.2448314130306244
3,10800,62,30003,2,16,1.1959891319274902
3,10800,62,30003,2,17,0.189625084400177
3,10800,62,30003,2,18,1.494763731956482
3,10800,62,30003,2,19,2.4798314571380615
3,10800,62,30003,2,20,3.002563238143921
3,10800,62,30003,2,21,0.22079822421073914
3,10800,62,30003,2,22,0.2936868667602539
3,10800,62,30003,2,23,0.11313038319349289
3,10800,62,30003,2,24,0.754686176776886
3,10800,62,30003,2,25,2.195704936981201
3,10800,62,30003,2,26,2.3642778396606445
3,10800,62,30003,2,27,0.729179859161377
3,10800,62,30003,2,28,0.3003702759742737
3,10800,62,30003,2,29,1.4174351692199707
3,10800,63,30003,3,0,1.0076237916946411
3,10800,63,30003,3,1,2.8317689895629883
3,10800,63,30003,3,2,0.6367822289466858
3,10800,63,30003,3,3,0.21978642046451569
3,10800,63,30003,3,4,0.20121240615844727
3,10800,63,30003,3,5,0.4086610972881317
3,10800,63,30003,3,6,1.4362778663635254
3,10800,63,30003,3,7,0.6632848381996155
3,10800,63,30003,3,8,0.22364668548107147
3,10800,63,30003,3,9,1.0957523584365845
3,10800,63,30003,3,10,0.28185445070266724
3,10800,63,30003,3,11,1.2309318780899048
3,10800,63,30003,3,12,6.330333709716797
3,10800,63,30003,3,13,0.7214650511741638
3,10800,63,30003,3,14,0.3115936517715454
3,10800,63,30003,3,15,0.4320468306541443
3,10800,63,30003,3,16,0.8079217076301575
3,10800,63,30003,3,17,0.12860079109668732
3,10800,63,30003,3,18,1.3686002492904663
3,10800,63,30003,3,19,6.875455379486084
3,10800,63,30003,3,20,0.2930859923362732
3,10800,63,30003,3,21,2.0698695182800293
3,10800,63,30003,3,22,0.4883309602737427
3,10800,63,30003,3,23,11.155372619628906
3,10800,63,30003,3,24,0.4361998736858368
3,10800,63,30003,3,25,1.3358217477798462
3,10800,63,30003,3,26,0.1927851438522339
3,10800,63,30003,3,27,0.1917038857936859
3,10800,63,30003,3,28,2.016549825668335
3,10800,63,30003,3,29,1.3010727167129517
3,10800,64,30003,4,0,0.7055314779281616
3,10800,64,30003,4,1,0.2767050564289093
3,10800,64,30003,4,2,1.522847294807434
3,10800,64,30003,4,3,2.1812658309936523
3,10800,64,30003,4,4,0.531206488609314
3,10800,64,30003,4,5,1.4154423475265503
3,10800,64,30003,4,6,0.19318948686122894
3,10800,64,30003,4,7,0.24960753321647644
3,10800,64,30003,4,8,0.25126850605010986
3,10800,64,30003,4,9,0.2788890302181244
3,10800,64,30003,4,10,0.07545310258865356
3,10800,64,30003,4,11,0.937494158744812
3,10800,64,30003,4,12,2.9547624588012695
3,10800,64,30003,4,13,0.450631320476532
3,10800,64,30003,4,14,0.31890514492988586
3,10800,64,30003,4,15,1.579954981803894
3,10800,64,30003,4,16,2.6458888053894043
3,10800,64,30003,4,17,1.3662002086639404
3,10800,64,30003,4,18,3.445373058319092
3,10800,64,30003,4,19,0.13576015830039978
3,10800,64,30003,4,20,0.3347667455673218
3,10800,64,30003,4,21,3.1740071773529053
3,10800,64,30003,4,22,1.748884916305542
3,10800,64,30003,4,23,0.23498570919036865
3,10800,64,30003,4,24,0.5826888680458069
3,10800,64,30003,4,25,0.7856561541557312
3,10800,64,30003,4,26,10.19546890258789
3,10800,64,30003,4,27,0.7462882995605469
3,10800,64,30003,4,28,0.19490963220596313
3,10800,64,30003,4,29,3.8062894344329834
3,10800,65,30003,5,0,1.1166166067123413
3,10800,65,30003,5,1,1.1323741674423218
3,10800,65,30003,5,2,0.42502009868621826
3,10800,65,30003,5,3,1.555251121520996
3,10800,65,30003,5,4,3.1762194633483887
3,10800,65,30003,5,5,1.3167170286178589
3,10800,65,30003,5,6,0.8834683895111084
3,10800,65,30003,5,7,0.0841287150979042
3,10800,65,30003,5,8,1.515958547592163
3,10800,65,30003,5,9,0.24769647419452667
3,10800,65,30003,5,10,2.6162524223327637
3,10800,65,30003,5,11,0.4374660849571228
3,10800,65,30003,5,12,0.41509804129600525
3,10800,65,30003,5,13,1.4941480159759521
3,10800,65,30003,5,14,2.499394416809082
3,10800,65,30003,5,15,1.6145594120025635
3,10800,65,30003,5,16,2.2569618225097656
3,10800,65,30003,5,17,2.961219310760498
3,10800,65,30003,5,18,0.5698528289794922
3,10800,65,30003,5,19,2.1339521408081055
3,10800,65,30003,5,20,0.4240434765815735
3,10800,65,30003,5,21,0.19582557678222656
3,10800,65,30003,5,22,2.258866548538208
3,10800,65,30003,5,23,3.129382371902466
3,10800,65,30003,5,24,4.071885585784912
3,10800,65,30003,5,25,2.5123205184936523
3,10800,65,30003,5,26,0.780366837978363
3,10800,65,30003,5,27,1.027956247329712
3,10800,65,30003,5,28,2.8212366104125977
3,10800,65,30003,5,29,0.20360121130943298
3,10800,66,30003,6,0,0.10108053684234619
3,10800,66,30003,6,1,0.24462918937206268
3,10800,66,30003,6,2,1.1683762073516846
3,10800,66,30003,6,3,0.2378602921962738
3,10800,66,30003,6,4,0.18315935134887695
3,10800,66,30003,6,5,0.6591365337371826
3,10800,66,30003,6,6,1.0499255657196045
3,10800,66,30003,6,7,0.25204044580459595
3,10800,66,30003,6,8,1.3953121900558472
3,10800,66,30003,6,9,0.9635909199714661
3,10800,66,30003,6,10,1.4647114276885986
3,10800,66,30003,6,11,0.9213133454322815
3,10800,66,30003,6,12,0.45816925168037415
3,10800,66,30003,6,13,0.09101475775241852
3,10800,66,30003,6,14,0.5635899901390076
3,10800,66,30003,6,15,0.26674947142601013
3,10800,66,30003,6,16,0.5212902426719666
3,10800,66,30003,6,17,1.5461622476577759
3,10800,66,30003,6,18,0.8048328757286072
3,10800,66,30003,6,19,0.3097190260887146
3,10800,66,30003,6,20,1.203022837638855
3,10800,66,30003,6,21,0.23289431631565094
3,10800,66,30003,6,22,1.254744291305542
3,10800,66,30003,6,23,0.4532419443130493
3,10800,66,30003,6,24,0.5215007662773132
3,10800,66,30003,6,25,0.22037598490715027
3,10800,66,30003,6,26,1.1555312871932983
3,10800,66,30003,6,27,0.36821267008781433
3,10800,66,30003,6,28,4.095969200134277
3,10800,66,30003,6,29,0.23700648546218872
3,10800,67,30003,7,0,0.5634465217590332
3,10800,67,30003,7,1,0.9426870942115784
3,10800,67,30003,7,2,0.25018537044525146
3,10800,67,30003,7,3,8.43204402923584
3,10800,67,30003,7,4,1.138535976409912
3,10800,67,30003,7,5,105.85539245605469
3,10800,67,30003,7,6,1.3985706567764282
3,10800,67,30003,7,7,0.43985289335250854
3,10800,67,30003,7,8,7.24050760269165
3,10800,67,30003,7,9,1.481652855873108
3,10800,67,30003,7,10,2.029003858566284
3,10800,67,30003,7,11,0.11554482579231262
3,10800,67,30003,7,12,1.7284380197525024
3,10800,67,30003,7,13,1.5032919645309448
3,10800,67,30003,7,14,0.2550901174545288
3,10800,67,30003,7,15,0.4082097113132477
3,10800,67,30003,7,16,0.134127676486969
3,10800,67,30003,7,17,2.5196313858032227
3,10800,67,30003,7,18,1.381949782371521
3,10800,67,30003,7,19,104.48763275146484
3,10800,67,30003,7,20,0.38898730278015137
3,10800,67,30003,7,21,1.6463721990585327
3,10800,67,30003,7,22,16.376571655273438
3,10800,67,30003,7,23,0.08771825581789017
3,10800,67,30003,7,24,0.08911120891571045
3,10800,67,30003,7,25,32.64459228515625
3,10800,67,30003,7,26,0.3115884065628052
3,10800,67,30003,7,27,0.26769208908081055
3,10800,67,30003,7,28,0.7542025446891785
3,10800,67,30003,7,29,0.14363065361976624
3,10800,68,30003,8,0,1.9365975856781006
3,10800,68,30003,8,1,0.16611386835575104
3,10800,68,30003,8,2,0.2391011267900467
3,10800,68,30003,8,3,0.11954903602600098
3,10800,68,30003,8,4,1.9850863218307495
3,10800,68,30003,8,5,1.5847225189208984
3,10800,68,30003,8,6,1.8515875339508057
3,10800,68,30003,8,7,2.719870090484619
3,10800,68,30003,8,8,16.674699783325195
3,10800,68,30003,8,9,0.287821501493454
3,10800,68,30003,8,10,1.7502477169036865
3,10800,68,30003,8,11,0.21482448279857635
3,10800,68,30003,8,12,0.2154044806957245
3,10800,68,30003,8,13,29.104122161865234
3,10800,68,30003,8,14,0.5507490634918213
3,10800,68,30003,8,15,19.050296783447266
3,10800,68,30003,8,16,2.749206304550171
3,10800,68,30003,8,17,2.886911153793335
3,10800,68,30003,8,18,0.7848773002624512
3,10800,68,30003,8,19,1.4207814931869507
3,10800,68,30003,8,20,0.526572048664093
3,10800,68,30003,8,21,2.019552707672119
3,10800,68,30003,8,22,4.88940954208374
3,10800,68,30003,8,23,0.2541532516479492
3,10800,68,30003,8,24,1.3420121669769287
3,10800,68,30003,8,25,0.8504634499549866
3,10800,68,30003,8,26,2.7861580848693848
3,10800,68,30003,8,27,0.20491084456443787
3,10800,68,30003,8,28,0.7292848229408264
3,10800,68,30003,8,29,0.34123989939689636
3,10800,69,30003,9,0,0.3200467526912689
3,10800,69,30003,9,1,0.5526127815246582
3,10800,69,30003,9,2,5.509234428405762
3,10800,69,30003,9,3,0.8383361101150513
3,10800,69,30003,9,4,0.05999999865889549
3,10800,69,30003,9,5,0.9134308099746704
3,10800,69,30003,9,6,1.3513389825820923
3,10800,69,30003,9,7,0.2874234914779663
3,10800,69,30003,9,8,0.4215970039367676
3,10800,69,30003,9,9,3.856130599975586
3,10800,69,30003,9,10,0.44704848527908325
3,10800,69,30003,9,11,1.0789997577667236
3,10800,69,30003,9,12,0.21819239854812622
3,10800,69,30003,9,13,1.9221234321594238
3,10800,69,30003,9,14,0.40762120485305786
3,10800,69,30003,9,15,8.4740571975708
3,10800,69,30003,9,16,0.2373449206352234
3,10800,69,30003,9,17,2.5029337406158447
3,10800,69,30003,9,18,0.9772195219993591
3,10800,69,30003,9,19,0.23979127407073975
3,10800,69,30003,9,20,0.24439778923988342
3,10800,69,30003,9,21,0.2841253876686096
3,10800,69,30003,9,22,0.27177247405052185
3,10800,69,30003,9,23,0.14125269651412964
3,10800,69,30003,9,24,0.3243526220321655
3,10800,69,30003,9,25,0.2513755261898041
3,10800,69,30003,9,26,1.767655611038208
3,10800,69,30003,9,27,0.5134721398353577
3,10800,69,30003,9,28,1.2342426776885986
3,10800,69,30003,9,29,0.5183832049369812
3,10800,70,30003,10,0,3.4404470920562744
3,10800,70,30003,10,1,0.39072638750076294
3,10800,70,30003,10,2,0.6804621815681458
3,10800,70,30003,10,3,0.43473753333091736
3,10800,70,30003,10,4,0.660731315612793
3,10800,70,30003,10,5,1.313913106918335
3,10800,70,30003,10,6,1.1983308792114258
3,10800,70,30003,10,7,1.9818105697631836
3,10800,70,30003,10,8,0.28672513365745544
3,10800,70,30003,10,9,0.5847424268722534
3,10800,70,30003,10,10,0.9607617259025574
3,10800,70,30003,10,11,1.6222938299179077
3,10800,70,30003,10,12,0.31604495644569397
3,10800,70,30003,10,13,1.0243381261825562
3,10800,70,30003,10,14,1.0134940147399902
3,10800,70,30003,10,15,0.07004041969776154
3,10800,70,30003,10,16,4.3978447914123535
3,10800,70,30003,10,17,2.1360116004943848
3,10800,70,30003,10,18,1.5286980867385864
3,10800,70,30003,10,19,0.5605033040046692
3,10800,70,30003,10,20,1.0325311422348022
3,10800,70,30003,10,21,0.4481198191642761
3,10800,70,30003,10,22,0.4240048825740814
3,10800,70,30003,10,23,1.9122934341430664
3,10800,70,30003,10,24,4.3944220542907715
3,10800,70,30003,10,25,1.8510698080062866
3,10800,70,30003,10,26,0.07347137480974197
3,10800,70,30003,10,27,0.1569787561893463
3,10800,70,30003,10,28,0.6637647151947021
3,10800,70,30003,10,29,0.2871713936328888
3,10800,71,30003,11,0,0.8520606756210327
3,10800,71,30003,11,1,0.4730547070503235
3,10800,71,30003,11,2,0.36278122663497925
3,10800,71,30003,11,3,0.20433355867862701
3,10800,71,30003,11,4,0.44871798157691956
3,10800,71,30003,11,5,3.105098247528076
3,10800,71,30003,11,6,0.6811447143554688
3,10800,71,30003,11,7,0.8300174474716187
3,10800,71,30003,11,8,0.4161539375782013
3,10800,71,30003,11,9,5.106107711791992
3,10800,71,30003,11,10,4.575891017913818
3,10800,71,30003,11,11,0.5473600029945374
3,10800,71,30003,11,12,1.3420884609222412
3,10800,71,30003,11,13,1.687140703201294
3,10800,71,30003,11,14,1.0259919166564941
3,10800,71,30003,11,15,3.4363009929656982
3,10800,71,30003,11,16,0.8702988624572754
3,10800,71,30003,11,17,0.5207315683364868
3,10800,71,30003,11,18,2.9167678356170654
3,10800,71,30003,11,19,0.29447755217552185
3,10800,71,30003,11,20,3.2906031608581543
3,10800,71,30003,11,21,0.2181246280670166
3,10800,71,30003,11,22,0.6068231463432312
3,10800,71,30003,11,23,3.310274124145508
3,10800,71,30003,11,24,23.128021240234375
3,10800,71,30003,11,25,0.7446063756942749
3,10800,71,30003,11,26,0.05999999865889549
3,10800,71,30003,11,27,0.6126059293746948
3,10800,71,30003,11,28,2.0517051219940186
3,10800,71,30003,11,29,0.12118247896432877
3,10800,72,30003,12,0,0.3136585056781769
3,10800,72,30003,12,1,0.47049278020858765
3,10800,72,30003,12,2,0.7169995903968811
3,10800,72,30003,12,3,1.290006399154663
3,10800,72,30003,12,4,0.5678563117980957
3,10800,72,30003,12,5,7.298644065856934
3,10800,72,30003,12,6,0.4216419458389282
3,10800,72,30003,12,7,0.32909801602363586
3,10800,72,30003,12,8,4.074873924255371
3,10800,72,30003,12,9,0.060885943472385406
3,10800,72,30003,12,10,1.802620530128479
3,10800,72,30003,12,11,0.7431282997131348
3,10800,72,30003,12,12,0.2558600902557373
3,10800,72,30003,12,13,0.45287489891052246
3,10800,72,30003,12,14,2.9492926597595215
3,10800,72,30003,12,15,0.943082869052887
3,10800,72,30003,12,16,0.7843664884567261
3,10800,72,30003,12,17,0.3076629340648651
3,10800,72,30003,12,18,0.8924071192741394
3,10800,72,30003,12,19,0.665553092956543
3,10800,72,30003,12,20,0.19368326663970947
3,10800,72,30003,12,21,1.2963321208953857
3,10800,72,30003,12,22,0.23281264305114746
3,10800,72,30003,12,23,0.1924666315317154
3,10800,72,30003,12,24,1.2911670207977295
3,10800,72,30003,12,25,0.18210969865322113
3,10800,72,30003,12,26,0.4202817976474762
3,10800,72,30003,12,27,0.899594783782959
3,10800,72,30003,12,28,0.5360207557678223
3,10800,72,30003,12,29,0.6249580383300781
3,10800,73,30003,13,0,0.7584229707717896
3,10800,73,30003,13,1,1.667426586151123
3,10800,73,30003,13,2,1.0931439399719238
3,10800,73,30003,13,3,0.7500690817832947
3,10800,73,30003,13,4,0.05999999865889549
3,10800,73,30003,13,5,0.6244813203811646
3,10800,73,30003,13,6,0.37666454911231995
3,10800,73,30003,13,7,1.0979794263839722
3,10800,73,30003,13,8,1.757675051689148
3,10800,73,30003,13,9,0.40469279885292053
3,10800,73,30003,13,10,0.5585092902183533
3,10800,73,30003,13,11,1.440177083015442
3,10800,73,30003,13,12,13.958609580993652
3,10800,73,30003,13,13,32.7276611328125
3,10800,73,30003,13,14,0.3367658257484436
3,10800,73,30003,13,15,0.33594590425491333
3,10800,73,30003,13,16,1.2104828357696533
3,10800,73,30003,13,17,0.7313846349716187
3,10800,73,30003,13,18,2.2328476905822754
3,10800,73,30003,13,19,0.6525350213050842
3,10800,73,30003,13,20,0.2402971088886261
3,10800,73,30003,13,21,0.09258481860160828
3,10800,73,30003,13,22,1.081357479095459
3,10800,73,30003,13,23,1.5246208906173706
3,10800,73,30003,13,24,0.12584567070007324
3,10800,73,30003,13,25,0.23783747851848602
3,10800,73,30003,13,26,1.7088134288787842
3,10800,73,30003,13,27,0.26208215951919556
3,10800,73,30003,13,28,1.4278897047042847
3,10800,73,30003,13,29,2.09999942779541
3,10800,74,30003,14,0,0.6340943574905396
3,10800,74,30003,14,1,2.5904009342193604
3,10800,74,30003,14,2,3.0454046726226807
3,10800,74,30003,14,3,0.46076449751853943
3,10800,74,30003,14,4,2.0357251167297363
3,10800,74,30003,14,5,0.3184276819229126
3,10800,74,30003,14,6,0.28654512763023376
3,10800,74,30003,14,7,0.9537624716758728
3,10800,74,30003,14,8,1.3564375638961792
3,10800,74,30003,14,9,1.2646788358688354
3,10800,74,30003,14,10,0.6544480919837952
3,10800,74,30003,14,11,0.42372527718544006
3,10800,74,30003,14,12,1.0308043956756592
3,10800,74,30003,14,13,0.13691489398479462
3,10800,74,30003,14,14,0.09672139585018158
3,10800,74,30003,14,15,0.7396820783615112
3,10800,74,30003,14,16,0.19880425930023193
3,10800,74,30003,14,17,0.21240995824337006
3,10800,74,30003,14,18,0.6959652900695801
3,10800,74,30003,14,19,0.771823525428772
3,10800,74,30003,14,20,0.636967658996582
3,10800,74,30003,14,21,0.1008872464299202
3,10800,74,30003,14,22,0.20493032038211823
3,10800,74,30003,14,23,0.7033488154411316
3,10800,74,30003,14,24,0.08212510496377945
3,10800,74,30003,14,25,1.4305665493011475
3,10800,74,30003,14,26,0.8255360722541809
3,10800,74,30003,14,27,0.9807464480400085
3,10800,74,30003,14,28,1.3119739294052124
3,10800,74,30003,14,29,0.5945680737495422
3,10800,75,30003,15,0,0.6753572225570679
3,10800,75,30003,15,1,1.2232847213745117
3,10800,75,30003,15,2,0.6010937094688416
3,10800,75,30003,15,3,3.4278159141540527
3,10800,75,30003,15,4,0.6493368148803711
3,10800,75,30003,15,5,0.18443727493286133
3,10800,75,30003,15,6,0.06679835915565491
3,10800,75,30003,15,7,1.6378594636917114
3,10800,75,30003,15,8,2.892573833465576
3,10800,75,30003,15,9,0.08969001471996307
3,10800,75,30003,15,10,0.2516290843486786
3,10800,75,30003,15,11,0.15720801055431366
3,10800,75,30003,15,12,2.248323678970337
3,10800,75,30003,15,13,0.811099112033844
3,10800,75,30003,15,14,2.657252788543701
3,10800,75,30003,15,15,1.794074535369873
3,10800,75,30003,15,16,0.46204856038093567
3,10800,75,30003,15,17,3.3466014862060547
3,10800,75,30003,15,18,0.5294177532196045
3,10800,75,30003,15,19,0.17609843611717224
3,10800,75,30003,15,20,1.026161551475525
3,10800,75,30003,15,21,0.32855746150016785
3,10800,75,30003,15,22,0.8000975847244263
3,10800,75,30003,15,23,0.2449118196964264
3,10800,75,30003,15,24,0.5925207138061523
3,10800,75,30003,15,25,4.123299598693848
3,10800,75,30003,15,26,0.074863962829113
3,10800,75,30003,15,27,2.6691970825195312
3,10800,75,30003,15,28,0.24607229232788086
3,10800,75,30003,15,29,2.2205114364624023
3,10800,76,30003,16,0,0.17406001687049866
3,10800,76,30003,16,1,1.107392430305481
3,10800,76,30003,16,2,1.139940857887268
3,10800,76,30003,16,3,0.5940009355545044
3,10800,76,30003,16,4,0.3143426477909088
3,10800,76,30003,16,5,2.562197208404541
3,10800,76,30003,16,6,2.486582040786743
3,10800,76,30003,16,7,1.0553216934204102
3,10800,76,30003,16,8,0.8778579235076904
3,10800,76,30003,16,9,1.2109862565994263
3,10800,76,30003,16,10,0.5690886974334717
3,10800,76,30003,16,11,0.6939702033996582
3,10800,76,30003,16,12,0.7983535528182983
3,10800,76,30003,16,13,10.681835174560547
3,10800,76,30003,16,14,0.15917983651161194
3,10800,76,30003,16,15,3.6526501178741455
3,10800,76,30003,16,16,1.0807160139083862
3,10800,76,30003,16,17,2.521219491958618
3,10800,76,30003,16,18,1.4762386083602905
3,10800,76,30003,16,19,9.797298431396484
3,10800,76,30003,16,20,1.3391191959381104
3,10800,76,30003,16,21,0.7910470962524414
3,10800,76,30003,16,22,0.5447068214416504
3,10800,76,30003,16,23,0.4024907052516937
3,10800,76,30003,16,24,0.21267032623291016
3,10800,76,30003,16,25,0.21863293647766113
3,10800,76,30003,16,26,0.26799672842025757
3,10800,76,30003,16,27,0.4745473861694336
3,10800,76,30003,16,28,0.8801752328872681
3,10800,76,30003,16,29,0.08279527723789215
3,10800,77,30003,17,0,2.1409788131713867
3,10800,77,30003,17,1,2.02223539352417
3,10800,77,30003,17,2,0.6029506921768188
3,10800,77,30003,17,3,0.3611786365509033
3,10800,77,30003,17,4,0.6390694379806519
3,10800,77,30003,17,5,3.1616969108581543
3,10800,77,30003,17,6,1.1792891025543213
3,10800,77,30003,17,7,0.6027104258537292
3,10800,77,30003,17,8,0.13116046786308289
3,10800,77,30003,17,9,0.3505200743675232
3,10800,77,30003,17,10,3.998521089553833
3,10800,77,30003,17,11,0.663905918598175
3,10800,77,30003,17,12,0.8301193118095398
3,10800,77,30003,17,13,0.5608630180358887
3,10800,77,30003,17,14,1.7250723838806152
3,10800,77,30003,17,15,1.2582333087921143
3,10800,77,30003,17,16,0.4009326696395874
3,10800,77,30003,17,17,0.5298454165458679
3,10800,77,30003,17,18,2.7655677795410156
3,10800,77,30003,17,19,0.9289523959159851
3,10800,77,30003,17,20,0.06218894571065903
3,10800,77,30003,17,21,0.07198642939329147
3,10800,77,30003,17,22,0.5576319098472595
3,10800,77,30003,17,23,1.4949822425842285
3,10800,77,30003,17,24,1.4853487014770508
3,10800,77,30003,17,25,0.2809365391731262
3,10800,77,30003,17,26,0.5744361877441406
3,10800,77,30003,17,27,0.7038692831993103
3,10800,77,30003,17,28,0.5282208919525146
3,10800,77,30003,17,29,1.2343112230300903
3,10800,78,30003,18,0,2.090620756149292
3,10800,78,30003,18,1,1.3988438844680786
3,10800,78,30003,18,2,0.24601154029369354
3,10800,78,30003,18,3,0.9273910522460938
3,10800,78,30003,18,4,0.5299002528190613
3,10800,78,30003,18,5,11.430495262145996
3,10800,78,30003,18,6,1.065325140953064
3,10800,78,30003,18,7,0.4535728394985199
3,10800,78,30003,18,8,4.864053249359131
3,10800,78,30003,18,9,37.05967330932617
3,10800,78,30003,18,10,0.4232887625694275
3,10800,78,30003,18,11,1.0694884061813354
3,10800,78,30003,18,12,0.22892217338085175
3,10800,78,30003,18,13,0.21967852115631104
3,10800,78,30003,18,14,0.27112582325935364
3,10800,78,30003,18,15,0.4963042438030243
3,10800,78,30003,18,16,1.5664598941802979
3,10800,78,30003,18,17,1.3536697626113892
3,10800,78,30003,18,18,0.09866683185100555
3,10800,78,30003,18,19,5.0605788230896
3,10800,78,30003,18,20,23.36338233947754
3,10800,78,30003,18,21,0.8080389499664307
3,10800,78,30003,18,22,2.218052625656128
3,10800,78,30003,18,23,0.6827989816665649
3,10800,78,30003,18,24,0.1945536732673645
3,10800,78,30003,18,25,0.05999999865889549
3,10800,78,30003,18,26,1.450815200805664
3,10800,78,30003,18,27,0.2780509889125824
3,10800,78,30003,18,28,0.658062756061554
3,10800,78,30003,18,29,0.7583733201026917
3,10800,79,30003,19,0,0.09165288507938385
3,10800,79,30003,19,1,0.2320796251296997
3,10800,79,30003,19,2,0.3276801109313965
3,10800,79,30003,19,3,1.3721232414245605
3,10800,79,30003,19,4,1.354433536529541
3,10800,79,30003,19,5,0.8831551671028137
3,10800,79,30003,19,6,0.3551531136035919
3,10800,79,30003,19,7,2.3649532794952393
3,10800,79,30003,19,8,0.6040710806846619
3,10800,79,30003,19,9,3.5398688316345215
3,10800,79,30003,19,10,0.7351500988006592
3,10800,79,30003,19,11,0.6345281600952148
3,10800,79,30003,19,12,0.20253990590572357
3,10800,79,30003,19,13,1.1842507123947144
3,10800,79,30003,19,14,0.8018863201141357
3,10800,79,30003,19,15,0.3452781140804291
3,10800,79,30003,19,16,1.6378045082092285
3,10800,79,30003,19,17,0.14270438253879547
3,10800,79,30003,19,18,0.9283127188682556
3,10800,79,30003,19,19,0.826846718788147
3,10800,79,30003,19,20,1.2643682956695557
3,10800,79,30003,19,21,0.9699347019195557
3,10800,79,30003,19,22,1.087905764579773
3,10800,79,30003,19,23,1.1800016164779663
3,10800,79,30003,19,24,0.2614406943321228
3,10800,79,30003,19,25,2.1229422092437744
3,10800,79,30003,19,26,1.3789201974868774
3,10800,79,30003,19,27,0.19412767887115479
3,10800,79,30003,19,28,0.7139647006988525
3,10800,79,30003,19,29,5.107025146484375
4,14400,60,30003,0,0,0.2883778512477875
4,14400,60,30003,0,1,0.1939295530319214
4,14400,60,30003,0,2,0.5513982176780701
4,14400,60,30003,0,3,0.16169199347496033
4,14400,60,30003,0,4,1.072324514389038
4,14400,60,30003,0,5,0.1304084062576294
4,14400,60,30003,0,6,1.3815922737121582
4,14400,60,30003,0,7,0.6219719648361206
4,14400,60,30003,0,8,0.2952496409416199
4,14400,60,30003,0,9,0.30893489718437195
4,14400,60,30003,0,10,0.20291921496391296
4,14400,60,30003,0,11,0.29870176315307617
4,14400,60,30003,0,12,0.28294700384140015
4,14400,60,30003,0,13,0.272879958152771
4,14400,60,30003,0,14,0.5194305181503296
4,14400,60,30003,0,15,0.6317923665046692
4,14400,60,30003,0,16,15.200937271118164
4,14400,60,30003,0,17,0.3251059651374817
4,14400,60,30003,0,18,0.5086984634399414
4,14400,60,30003,0,19,0.443105012178421
4,14400,60,30003,0,20,0.41623249650001526
4,14400,60,30003,0,21,1.3888804912567139
4,14400,60,30003,0,22,0.19117863476276398
4,14400,60,30003,0,23,0.25772011280059814
4,14400,60,30003,0,24,0.3716006278991699
4,14400,60,30003,0,25,0.5548797249794006
4,14400,60,30003,0,26,0.5115656852722168
4,14400,60,30003,0,27,1.2222980260849
4,14400,60,30003,0,28,0.5587692260742188
4,14400,60,30003,0,29,0.29651689529418945
4,14400,61,30003,1,0,0.6699806451797485
4,14400,61,30003,1,1,0.2646595239639282
4,14400,61,30003,1,2,0.49021053314208984
4,14400,61,30003,1,3,0.6077185273170471
4,14400,61,30003,1,4,0.08702338486909866
4,14400,61,30003,1,5,0.4510258436203003
4,14400,61,30003,1,6,0.1387850046157837
4,14400,61,30003,1,7,0.56777423620224
4,14400,61,30003,1,8,0.4273017644882202
4,14400,61,30003,1,9,0.31591296195983887
4,14400,61,30003,1,10,0.07458242774009705
4,14400,61,30003,1,11,0.3569193482398987
4,14400,61,30003,1,12,0.4305189251899719
4,14400,61,30003,1,13,0.176140695810318
4,14400,61,30003,1,14,0.09351328760385513
4,14400,61,30003,1,15,0.6652034521102905
4,14400,61,30003,1,16,0.2785400152206421
4,14400,61,30003,1,17,0.28080829977989197
4,14400,61,30003,1,18,0.10573849081993103
4,14400,61,30003,1,19,0.3293292224407196
4,14400,61,30003,1,20,0.31144851446151733
4,14400,61,30003,1,21,1.1037843227386475
4,14400,61,30003,1,22,0.5555379390716553
4,14400,61,30003,1,23,0.5648841857910156
4,14400,61,30003,1,24,0.4419941306114197
4,14400,61,30003,1,25,0.765084981918335
4,14400,61,30003,1,26,0.27781593799591064
4,14400,61,30003,1,27,0.4088740348815918
4,14400,61,30003,1,28,0.1717471480369568
4,14400,61,30003,1,29,0.39730826020240784
4,14400,62,30003,2,0,0.2891232967376709
4,14400,62,30003,2,1,1.5495810508728027
4,14400,62,30003,2,2,0.3240896761417389
4,14400,62,30003,2,3,0.8484612107276917
4,14400,62,30003,2,4,0.8530254364013672
4,14400,62,30003,2,5,0.982535719871521
4,14400,62,30003,2,6,1.502354383468628
4,14400,62,30003,2,7,0.7059016823768616
4,14400,62,30003,2,8,1.837989091873169
4,14400,62,30003,2,9,0.13984662294387817
4,14400,62,30003,2,10,0.2821155786514282
4,14400,62,30003,2,11,0.2741190791130066
4,14400,62,30003,2,12,1.3829889297485352
4,14400,62,30003,2,13,1.3605672121047974
4,14400,62,30003,2,14,0.7325059175491333
4,14400,62,30003,2,15,0.2279416024684906
4,14400,62,30003,2,16,2.1481664180755615
4,14400,62,30003,2,17,0.9324268102645874
4,14400,62,30003,2,18,0.7777877449989319
4,14400,62,30003,2,19,5.032847881317139
4,14400,62,30003,2,20,0.5161246061325073
4,14400,62,30003,2,21,0.2246011346578598
4,14400,62,30003,2,22,0.10244645178318024
4,14400,62,30003,2,23,1.0000165700912476
4,14400,62,30003,2,24,0.19791340827941895
4,14400,62,30003,2,25,0.16636089980602264
4,14400,62,30003,2,26,0.40742063522338867
4,14400,62,30003,2,27,0.30074551701545715
4,14400,62,30003,2,28,0.23953863978385925
4,14400,62,30003,2,29,0.5953794121742249
4,14400,63,30003,3,0,0.8433705568313599
4,14400,63,30003,3,1,8.908546447753906
4,14400,63,30003,3,2,0.15709739923477173
4,14400,63,30003,3,3,0.15409091114997864
4,14400,63,30003,3,4,11.443061828613281
4,14400,63,30003,3,5,0.16691085696220398
4,14400,63,30003,3,6,0.5426082611083984
4,14400,63,30003,3,7,0.576012134552002
4,14400,63,30003,3,8,12.726325035095215
4,14400,63,30003,3,9,2.631648302078247
4,14400,63,30003,3,10,1.0532842874526978
4,14400,63,30003,3,11,0.34066611528396606
4,14400,63,30003,3,12,1.783024787902832
4,14400,63,30003,3,13,0.8105217218399048
4,14400,63,30003,3,14,0.39107295870780945
4,14400,63,30003,3,15,1.55010187625885
4,14400,63,30003,3,16,0.48356112837791443
4,14400,63,30003,3,17,1.0995538234710693
4,14400,63,30003,3,18,0.5308741927146912
4,14400,63,30003,3,19,0.40833213925361633
4,14400,63,30003,3,20,0.38761311769485474
4,14400,63,30003,3,21,0.05999999865889549
4,14400,63,30003,3,22,0.17135605216026306
4,14400,63,30003,3,23,1.0800096988677979
4,14400,63,30003,3,24,0.5311858654022217
4,14400,63,30003,3,25,0.31241288781166077
4,14400,63,30003,3,26,2.9540228843688965
4,14400,63,30003,3,27,0.1431427299976349
4,14400,63,30003,3,28,0.2576672434806824
4,14400,63,30003,3,29,0.2026195526123047
4,14400,64,30003,4,0,0.30854013562202454
4,14400,64,30003,4,1,0.070519357919693
4,14400,64,30003,4,2,0.31252744793891907
4,14400,64,30003,4,3,0.4754544496536255
4,14400,64,30003,4,4,0.061311520636081696
4,14400,64,30003,4,5,0.761795163154602
4,14400,64,30003,4,6,0.22373923659324646
4,14400,64,30003,4,7,0.16799971461296082
4,14400,64,30003,4,8,0.16437456011772156
4,14400,64,30003,4,9,0.17296887934207916
4,14400,64,30003,4,10,0.5720160007476807
4,14400,64,30003,4,11,0.6592249870300293
4,14400,64,30003,4,12,0.8187131881713867
4,14400,64,30003,4,13,0.4019835293292999
4,14400,64,30003,4,14,0.5344915390014648
4,14400,64,30003,4,15,0.3031151294708252
4,14400,64,30003,4,16,1.4449677467346191
4,14400,64,30003,4,17,0.6232712268829346
4,14400,64,30003,4,18,0.5958703756332397
4,14400,64,30003,4,19,0.26391181349754333
4,14400,64,30003,4,20,0.1834006905555725
4,14400,64,30003,4,21,0.6028612852096558
4,14400,64,30003,4,22,0.28903651237487793
4,14400,64,30003,4,23,0.3393929600715637
4,14400,64,30003,4,24,0.9009102582931519
4,14400,64,30003,4,25,0.5133227705955505
4,14400,64,30003,4,26,1.1915713548660278
4,14400,64,30003,4,27,0.3142666816711426
4,14400,64,30003,4,28,0.8652970790863037
4,14400,64,30003,4,29,0.3085983693599701
4,14400,65,30003,5,0,0.3297222852706909
4,14400,65,30003,5,1,0.11441567540168762
4,14400,65,30003,5,2,0.4027109146118164
4,14400,65,30003,5,3,0.2591540813446045
4,14400,65,30003,5,4,0.05999999865889549
4,14400,65,30003,5,5,0.30425816774368286
4,14400,65,30003,5,6,1.5577270984649658
4,14400,65,30003,5,7,0.629427969455719
4,14400,65,30003,5,8,0.3969796299934387
4,14400,65,30003,5,9,0.07778293639421463
4,14400,65,30003,5,10,0.5828373432159424
4,14400,65,30003,5,11,0.22180387377738953
4,14400,65,30003,5,12,3.3581809997558594
4,14400,65,30003,5,13,0.9764732122421265
4,14400,65,30003,5,14,0.6600147485733032
4,14400,65,30003,5,15,0.40625661611557007
4,14400,65,30003,5,16,13.718402862548828
4,14400,65,30003,5,17,0.6249432563781738
4,14400,65,30003,5,18,1.5888769626617432
4,14400,65,30003,5,19,0.5192723274230957
4,14400,65,30003,5,20,0.32274332642555237
4,14400,65,30003,5,21,0.6662418246269226
4,14400,65,30003,5,22,4.648903846740723
4,14400,65,30003,5,23,0.45820459723472595
4,14400,65,30003,5,24,6.236839771270752
4,14400,65,30003,5,25,1.7996866703033447
4,14400,65,30003,5,26,0.3683083951473236
4,14400,65,30003,5,27,0.3111307621002197
4,14400,65,30003,5,28,4.459256172180176
4,14400,65,30003,5,29,0.208066925406456
4,14400,66,30003,6,0,0.8380986452102661
4,14400,66,30003,6,1,0.0679018646478653
4,14400,66,30003,6,2,0.3282884955406189
4,14400,66,30003,6,3,0.24536924064159393
4,14400,66,30003,6,4,0.35461974143981934
4,14400,66,30003,6,5,0.38734954595565796
4,14400,66,30003,6,6,0.43519526720046997
4,14400,66,30003,6,7,0.17493601143360138
4,14400,66,30003,6,8,0.8795830011367798
4,14400,66,30003,6,9,0.4745911955833435
4,14400,66,30003,6,10,2.694704055786133
4,14400,66,30003,6,11,0.2307451367378235
4,14400,66,30003,6,12,0.3594137132167816
4,14400,66,30003,6,13,0.5186741948127747
4,14400,66,30003,6,14,0.5526115298271179
4,14400,66,30003,6,15,0.2027074098587036
4,14400,66,30003,6,16,0.5379312634468079
4,14400,66,30003,6,17,0.4799013137817383
4,14400,66,30003,6,18,0.3168433606624603
4,14400,66,30003,6,19,0.1839948296546936
4,14400,66,30003,6,20,0.13458852469921112
4,14400,66,30003,6,21,1.0542817115783691
4,14400,66,30003,6,22,0.6659784317016602
4,14400,66,30003,6,23,0.19922739267349243
4,14400,66,30003,6,24,0.680591344833374
4,14400,66,30003,6,25,0.5532090663909912
4,14400,66,30003,6,26,0.8059943914413452
4,14400,66,30003,6,27,0.09169833362102509
4,14400,66,30003,6,28,7.9394965171813965
4,14400,66,30003,6,29,0.24483761191368103
4,14400,67,30003,7,0,0.3813123404979706
4,14400,67,30003,7,1,0.8487198948860168
4,14400,67,30003,7,2,0.5393014550209045
4,14400,67,30003,7,3,0.3046727180480957
4,14400,67,30003,7,4,0.5005557537078857
4,14400,67,30003,7,5,0.9474351406097412
4,14400,67,30003,7,6,0.23447147011756897
4,14400,67,30003,7,7,0.4017583727836609
4,14400,67,30003,7,8,7.322575569152832
4,14400,67,30003,7,9,0.28253695368766785
4,14400,67,30003,7,10,0.8622356057167053
4,14400,67,30003,7,11,0.5351855158805847
4,14400,67,30003,7,12,0.6787157654762268
4,14400,67,30003,7,13,0.6129475831985474
4,14400,67,30003,7,14,0.2377845197916031
4,14400,67,30003,7,15,0.23723876476287842
4,14400,67,30003,7,16,0.3437165319919586
4,14400,67,30003,7,17,0.3149997889995575
4,14400,67,30003,7,18,0.2891765832901001
4,14400,67,30003,7,19,4.170690536499023
4,14400,67,30003,7,20,0.22093135118484497
4,14400,67,30003,7,21,4.216559410095215
4,14400,67,30003,7,22,0.15956303477287292
4,14400,67,30003,7,23,0.5126004219055176
4,14400,67,30003,7,24,0.47419899702072144
4,14400,67,30003,7,25,0.1055213063955307
4,14400,67,30003,7,26,0.4137490391731262
4,14400,67,30003,7,27,0.10066158324480057
4,14400,67,30003,7,28,0.6359500885009766
4,14400,67,30003,7,29,1.6405444145202637
4,14400,68,30003,8,0,0.42008548974990845
4,14400,68,30003,8,1,0.18740510940551758
4,14400,68,30003,8,2,0.4351561963558197
4,14400,68,30003,8,3,0.910912036895752
4,14400,68,30003,8,4,0.06587247550487518
4,14400,68,30003,8,5,0.2729838490486145
4,14400,68,30003,8,6,0.6667502522468567
4,14400,68,30003,8,7,0.8393481373786926
4,14400,68,30003,8,8,0.8333702087402344
4,14400,68,30003,8,9,4.571667194366455
4,14400,68,30003,8,10,0.7222844958305359
4,14400,68,30003,8,11,0.20202326774597168
4,14400,68,30003,8,12,0.2957395315170288
4,14400,68,30003,8,13,0.5394810438156128
4,14400,68,30003,8,14,0.5496256351470947
4,14400,68,30003,8,15,0.21895205974578857
4,14400,68,30003,8,16,0.09732380509376526
4,14400,68,30003,8,17,0.9535092115402222
4,14400,68,30003,8,18,0.25536927580833435
4,14400,68,30003,8,19,0.30589449405670166
4,14400,68,30003,8,20,0.2813776731491089
4,14400,68,30003,8,21,1.055505394935608
4,14400,68,30003,8,22,9.86777114868164
4,14400,68,30003,8,23,0.622005820274353
4,14400,68,30003,8,24,0.1853340119123459
4,14400,68,30003,8,25,0.8770731091499329
4,14400,68,30003,8,26,1.4634531736373901
4,14400,68,30003,8,27,0.1770976185798645
4,14400,68,30003,8,28,0.19628213346004486
4,14400,68,30003,8,29,0.20652058720588684
4,14400,69,30003,9,0,0.7889004945755005
4,14400,69,30003,9,1,0.1140187531709671
4,14400,69,30003,9,2,0.06393398344516754
4,14400,69,30003,9,3,0.7488713264465332
4,14400,69,30003,9,4,0.2669922113418579
4,14400,69,30003,9,5,1.1308159828186035
4,14400,69,30003,9,6,0.6470010280609131
4,14400,69,30003,9,7,0.2812901735305786
4,14400,69,30003,9,8,0.6718330979347229
4,14400,69,30003,9,9,1.6849219799041748
4,14400,69,30003,9,10,0.6251028776168823
4,14400,69,30003,9,11,0.23325148224830627
4,14400,69,30003,9,12,0.20200127363204956
4,14400,69,30003,9,13,0.7619462609291077
4,14400,69,30003,9,14,0.415682852268219
4,14400,69,30003,9,15,1.6428641080856323
4,14400,69,30003,9,16,0.06670546531677246
4,14400,69,30003,9,17,1.213070034980774
4,14400,69,30003,9,18,0.296271413564682
4,14400,69,30003,9,19,1.0274503231048584
4,14400,69,30003,9,20,0.5096983909606934
4,14400,69,30003,9,21,0.3235026001930237
4,14400,69,30003,9,22,0.31173765659332275
4,14400,69,30003,9,23,1.0040085315704346
4,14400,69,30003,9,24,0.23414474725723267
4,14400,69,30003,9,25,0.15028037130832672
4,14400,69,30003,9,26,0.9389147758483887
4,14400,69,30003,9,27,0.07236240804195404
4,14400,69,30003,9,28,0.7053604125976562
4,14400,69,30003,9,29,0.3175338804721832
4,14400,70,30003,10,0,2.4869961738586426
4,14400,70,30003,10,1,0.5563726425170898
4,14400,70,30003,10,2,0.06515286862850189
4,14400,70,30003,10,3,0.1619005650281906
4,14400,70,30003,10,4,0.341782808303833
4,14400,70,30003,10,5,0.18218114972114563
4,14400,70,30003,10,6,0.49089694023132324
4,14400,70,30003,10,7,1.2654517889022827
4,14400,70,30003,10,8,0.12171074748039246
4,14400,70,30003,10,9,0.20329967141151428
4,14400,70,30003,10,10,0.8030140399932861
4,14400,70,30003,10,11,0.2325986623764038
4,14400,70,30003,10,12,0.2051575481891632
4,14400,70,30003,10,13,0.07220198959112167
4,14400,70,30003,10,14,0.3363043963909149
4,14400,70,30003,10,15,0.5138211250305176
4,14400,70,30003,10,16,0.6708892583847046
4,14400,70,30003,10,17,0.5110806822776794
4,14400,70,30003,10,18,2.7325775623321533
4,14400,70,30003,10,19,0.6478712558746338
4,14400,70,30003,10,20,1.1296844482421875
4,14400,70,30003,10,21,0.2990681231021881
4,14400,70,30003,10,22,0.5935984253883362
4,14400,70,30003,10,23,0.9972361326217651
4,14400,70,30003,10,24,0.4058462381362915
4,14400,70,30003,10,25,0.3759761154651642
4,14400,70,30003,10,26,0.39488404989242554
4,14400,70,30003,10,27,0.3798922598361969
4,14400,70,30003,10,28,0.6130310297012329
4,14400,70,30003,10,29,0.21574221551418304
4,14400,71,30003,11,0,0.3279063105583191
4,14400,71,30003,11,1,0.34603285789489746
4,14400,71,30003,11,2,0.29373493790626526
4,14400,71,30003,11,3,0.23702184855937958
4,14400,71,30003,11,4,0.16326437890529633
4,14400,71,30003,11,5,0.782336413860321
4,14400,71,30003,11,6,0.3266516625881195
4,14400,71,30003,11,7,0.4751887917518616
4,14400,71,30003,11,8,0.062369804829359055
4,14400,71,30003,11,9,0.7534078359603882
4,14400,71,30003,11,10,0.8515592813491821
4,14400,71,30003,11,11,0.37036100029945374
4,14400,71,30003,11,12,0.08598709106445312
4,14400,71,30003,11,13,0.32620498538017273
4,14400,71,30003,11,14,0.5216524600982666
4,14400,71,30003,11,15,0.8828200101852417
4,14400,71,30003,11,16,0.36231762170791626
4,14400,71,30003,11,17,0.44509363174438477
4,14400,71,30003,11,18,9.201238632202148
4,14400,71,30003,11,19,0.2337784469127655
4,14400,71,30003,11,20,0.3584222197532654
4,14400,71,30003,11,21,0.20610544085502625
4,14400,71,30003,11,22,0.3199648857116699
4,14400,71,30003,11,23,10.331762313842773
4,14400,71,30003,11,24,0.5187132358551025
4,14400,71,30003,11,25,2.532740354537964
4,14400,71,30003,11,26,0.21983233094215393
4,14400,71,30003,11,27,0.16312174499034882
4,14400,71,30003,11,28,0.40523940324783325
4,14400,71,30003,11,29,0.18546508252620697
4,14400,72,30003,12,0,0.1250239759683609
4,14400,72,30003,12,1,0.7644037008285522
4,14400,72,30003,12,2,0.9533826112747192
4,14400,72,30003,12,3,0.26581358909606934
4,14400,72,30003,12,4,1.4651259183883667
4,14400,72,30003,12,5,0.4426928162574768
4,14400,72,30003,12,6,0.6554094552993774
4,14400,72,30003,12,7,0.2884332537651062
4,14400,72,30003,12,8,1.3271121978759766
4,14400,72,30003,12,9,0.357761412858963
4,14400,72,30003,12,10,0.5768793821334839
4,14400,72,30003,12,11,0.38030117750167847
4,14400,72,30003,12,12,0.26165270805358887
4,14400,72,30003,12,13,0.6809914708137512
4,14400,72,30003,12,14,0.27173811197280884
4,14400,72,30003,12,15,1.8867743015289307
4,14400,72,30003,12,16,0.5200953483581543
4,14400,72,30003,12,17,0.13575351238250732
4,14400,72,30003,12,18,0.30933257937431335
4,14400,72,30003,12,19,0.4950696527957916
4,14400,72,30003,12,20,0.24848546087741852
4,14400,72,30003,12,21,1.1648043394088745
4,14400,72,30003,12,22,0.22055552899837494
4,14400,72,30003,12,23,0.2657610774040222
4,14400,72,30003,12,24,0.3217605948448181
4,14400,72,30003,12,25,0.8050941228866577
4,14400,72,30003,12,26,0.25112926959991455
4,14400,72,30003,12,27,0.8083892464637756
4,14400,72,30003,12,28,0.05999999865889549
4,14400,72,30003,12,29,0.5390436053276062
4,14400,73,30003,13,0,0.6037790775299072
4,14400,73,30003,13,1,0.15214835107326508
4,14400,73,30003,13,2,0.676479697227478
4,14400,73,30003,13,3,0.18749800324440002
4,14400,73,30003,13,4,0.2345864474773407
4,14400,73,30003,13,5,3.597778558731079
4,14400,73,30003,13,6,0.3039012849330902
4,14400,73,30003,13,7,0.37216511368751526
4,14400,73,30003,13,8,2.480567216873169
4,14400,73,30003,13,9,0.14798815548419952
4,14400,73,30003,13,10,0.5420973896980286
4,14400,73,30003,13,11,2.687350034713745
4,14400,73,30003,13,12,0.592181384563446
4,14400,73,30003,13,13,0.5151183605194092
4,14400,73,30003,13,14,0.16260752081871033
4,14400,73,30003,13,15,0.22478614747524261
4,14400,73,30003,13,16,0.2653556764125824
4,14400,73,30003,13,17,1.2043606042861938
4,14400,73,30003,13,18,0.4524362087249756
4,14400,73,30003,13,19,0.6804380416870117
4,14400,73,30003,13,20,0.2371382862329483
4,14400,73,30003,13,21,0.2427956759929657
4,14400,73,30003,13,22,0.8522937297821045
4,14400,73,30003,13,23,1.0155158042907715
4,14400,73,30003,13,24,0.26312363147735596
4,14400,73,30003,13,25,0.08959043025970459
4,14400,73,30003,13,26,0.3337458074092865
4,14400,73,30003,13,27,0.19172051548957825
4,14400,73,30003,13,28,0.16477587819099426
4,14400,73,30003,13,29,1.6500740051269531
4,14400,74,30003,14,0,0.6638698577880859
4,14400,74,30003,14,1,0.5032919645309448
4,14400,74,30003,14,2,7.539312839508057
4,14400,74,30003,14,3,0.4404907822608948
4,14400,74,30003,14,4,1.0397732257843018
4,14400,74,30003,14,5,0.21668463945388794
4,14400,74,30003,14,6,0.05999999865889549
4,14400,74,30003,14,7,0.6655882596969604
4,14400,74,30003,14,8,2.1403021812438965
4,14400,74,30003,14,9,0.21115615963935852
4,14400,74,30003,14,10,0.22897844016551971
4,14400,74,30003,14,11,0.47933900356292725
4,14400,74,30003,14,12,1.1033488512039185
4,14400,74,30003,14,13,0.22093680500984192
4,14400,74,30003,14,14,0.6140394806861877
4,14400,74,30003,14,15,0.5717920064926147
4,14400,74,30003,14,16,0.09410461038351059
4,14400,74,30003,14,17,0.1803857684135437
4,14400,74,30003,14,18,0.9274656176567078
4,14400,74,30003,14,19,0.20327693223953247
4,14400,74,30003,14,20,0.5782281756401062
4,14400,74,30003,14,21,0.546968936920166
4,14400,74,30003,14,22,0.4666603207588196
4,14400,74,30003,14,23,0.5289698839187622
4,14400,74,30003,14,24,0.5257446765899658
4,14400,74,30003,14,25,1.177058219909668
4,14400,74,30003,14,26,0.31924277544021606
4,14400,74,30003,14,27,0.47718313336372375
4,14400,74,30003,14,28,0.21278175711631775
4,14400,74,30003,14,29,0.6404761075973511
4,14400,75,30003,15,0,1.243498682975769
4,14400,75,30003,15,1,0.5741147994995117
4,14400,75,30003,15,2,0.25343939661979675
4,14400,75,30003,15,3,4.472564697265625
4,14400,75,30003,15,4,0.44249382615089417
4,14400,75,30003,15,5,0.218835711479187
4,14400,75,30003,15,6,0.5441733598709106
4,14400,75,30003,15,7,0.49937793612480164
4,14400,75,30003,15,8,0.5683807730674744
4,14400,75,30003,15,9,0.5024906396865845
4,14400,75,30003,15,10,0.21202337741851807
4,14400,75,30003,15,11,0.23306676745414734
4,14400,75,30003,15,12,0.2554725408554077
4,14400,75,30003,15,13,0.25906261801719666
4,14400,75,30003,15,14,1.0804754495620728
4,14400,75,30003,15,15,0.8118332624435425
4,14400,75,30003,15,16,0.284133642911911
4,14400,75,30003,15,17,0.5045605301856995
4,14400,75,30003,15,18,0.35838621854782104
4,14400,75,30003,15,19,0.23372158408164978
4,14400,75,30003,15,20,0.3429706394672394
4,14400,75,30003,15,21,0.07932215183973312
4,14400,75,30003,15,22,0.40402117371559143
4,14400,75,30003,15,23,0.2096807360649109
4,14400,75,30003,15,24,0.14977316558361053
4,14400,75,30003,15,25,5.412851333618164
4,14400,75,30003,15,26,0.30631959438323975
4,14400,75,30003,15,27,0.3465329706668854
4,14400,75,30003,15,28,0.3067129850387573
4,14400,75,30003,15,29,0.2787628769874573
4,14400,76,30003,16,0,0.13901901245117188
4,14400,76,30003,16,1,0.06548454612493515
4,14400,76,30003,16,2,0.3769640624523163
4,14400,76,30003,16,3,0.18081676959991455
4,14400,76,30003,16,4,1.5211647748947144
4,14400,76,30003,16,5,0.5352677702903748
4,14400,76,30003,16,6,0.8618361353874207
4,14400,76,30003,16,7,0.5899264216423035
4,14400,76,30003,16,8,0.4473786950111389
4,14400,76,30003,16,9,0.44744259119033813
4,14400,76,30003,16,10,0.3715771734714508
4,14400,76,30003,16,11,1.1610339879989624
4,14400,76,30003,16,12,0.3266907334327698
4,14400,76,30003,16,13,0.05999999865889549
4,14400,76,30003,16,14,0.4477638006210327
4,14400,76,30003,16,15,0.14749643206596375
4,14400,76,30003,16,16,0.22047266364097595
4,14400,76,30003,16,17,1.3731310367584229
4,14400,76,30003,16,18,0.7317036390304565
4,14400,76,30003,16,19,0.3300936222076416
4,14400,76,30003,16,20,3.0430619716644287
4,14400,76,30003,16,21,1.5866981744766235
4,14400,76,30003,16,22,0.5643138885498047
4,14400,76,30003,16,23,0.36991286277770996
4,14400,76,30003,16,24,0.2264631986618042
4,14400,76,30003,16,25,0.3541112542152405
4,14400,76,30003,16,26,0.23618139326572418
4,14400,76,30003,16,27,0.580618143081665
4,14400,76,30003,16,28,1.0322715044021606
4,14400,76,30003,16,29,0.9030565023422241
4,14400,77,30003,17,0,0.556058943271637
4,14400,77,30003,17,1,0.4423281252384186
4,14400,77,30003,17,2,0.4995301365852356
4,14400,77,30003,17,3,0.3353120684623718
4,14400,77,30003,17,4,0.7330899834632874
4,14400,77,30003,17,5,0.5365209579467773
4,14400,77,30003,17,6,0.3503318727016449
4,14400,77,30003,17,7,0.2572329640388489
4,14400,77,30003,17,8,0.2200745791196823
4,14400,77,30003,17,9,0.18266670405864716
4,14400,77,30003,17,10,0.40963584184646606
4,14400,77,30003,17,11,0.21420706808567047
4,14400,77,30003,17,12,1.1016463041305542
4,14400,77,30003,17,13,1.2665536403656006
4,14400,77,30003,17,14,0.14638124406337738
4,14400,77,30003,17,15,0.40031155943870544
4,14400,77,30003,17,16,0.7225164175033569
4,14400,77,30003,17,17,0.5388119220733643
4,14400,77,30003,17,18,0.4645870625972748
4,14400,77,30003,17,19,0.7398088574409485
4,14400,77,30003,17,20,0.24724094569683075
4,14400,77,30003,17,21,0.24570444226264954
4,14400,77,30003,17,22,0.7890005707740784
4,14400,77,30003,17,23,0.7309737205505371
4,14400,77,30003,17,24,0.7249861359596252
4,14400,77,30003,17,25,0.09715442359447479
4,14400,77,30003,17,26,1.3988986015319824
4,14400,77,30003,17,27,0.08651508390903473
4,14400,77,30003,17,28,0.6857233047485352
4,14400,77,30003,17,29,0.083722323179245
4,14400,78,30003,18,0,1.3365392684936523
4,14400,78,30003,18,1,2.1674304008483887
4,14400,78,30003,18,2,0.16155654191970825
4,14400,78,30003,18,3,0.20022884011268616
4,14400,78,30003,18,4,0.1734727919101715
4,14400,78,30003,18,5,0.9711146354675293
4,14400,78,30003,18,6,0.17110973596572876
4,14400,78,30003,18,7,0.17837542295455933
4,14400,78,30003,18,8,0.5505250692367554
4,14400,78,30003,18,9,0.31375575065612793
4,14400,78,30003,18,10,0.2194991111755371
4,14400,78,30003,18,11,0.28520870208740234
4,14400,78,30003,18,12,0.2725728750228882
4,14400,78,30003,18,13,0.1798250675201416
4,14400,78,30003,18,14,0.23318102955818176
4,14400,78,30003,18,15,0.2823799252510071
4,14400,78,30003,18,16,0.7622781991958618
4,14400,78,30003,18,17,0.5834566354751587
4,14400,78,30003,18,18,0.25598159432411194
4,14400,78,30003,18,19,0.5334696769714355
4,14400,78,30003,18,20,0.44233110547065735
4,14400,78,30003,18,21,0.06815927475690842
4,14400,78,30003,18,22,0.5588718056678772
4,14400,78,30003,18,23,0.4464021325111389
4,14400,78,30003,18,24,0.22170722484588623
4,14400,78,30003,18,25,0.2767919898033142
4,14400,78,30003,18,26,0.716360330581665
4,14400,78,30003,18,27,0.11087428033351898
4,14400,78,30003,18,28,0.2766285836696625
4,14400,78,30003,18,29,0.37848514318466187
4,14400,79,30003,19,0,0.5401489734649658
4,14400,79,30003,19,1,0.3200283348560333
4,14400,79,30003,19,2,0.2116522490978241
4,14400,79,30003,19,3,0.1863861083984375
4,14400,79,30003,19,4,0.792407214641571
4,14400,79,30003,19,5,0.5466341972351074
4,14400,79,30003,19,6,1.5148191452026367
4,14400,79,30003,19,7,0.19569525122642517
4,14400,79,30003,19,8,0.5156025886535645
4,14400,79,30003,19,9,0.37702909111976624
4,14400,79,30003,19,10,0.5378416776657104
4,14400,79,30003,19,11,0.7749297022819519
4,14400,79,30003,19,12,0.20726732909679413
4,14400,79,30003,19,13,1.0190807580947876
4,14400,79,30003,19,14,0.46748480200767517
4,14400,79,30003,19,15,0.21361202001571655
4,14400,79,30003,19,16,0.5302253365516663
4,14400,79,30003,19,17,0.2584759593009949
4,14400,79,30003,19,18,0.27430689334869385
4,14400,79,30003,19,19,0.8361423015594482
4,14400,79,30003,19,20,0.27505582571029663
4,14400,79,30003,19,21,0.33911240100860596
4,14400,79,30003,19,22,0.42701736092567444
4,14400,79,30003,19,23,0.2049146294593811
4,14400,79,30003,19,24,0.16207097470760345
4,14400,79,30003,19,25,3.9051406383514404
4,14400,79,30003,19,26,0.076734259724617
4,14400,79,30003,19,27,0.1906374841928482
4,14400,79,30003,19,28,0.7584105730056763
4,14400,79,30003,19,29,0.6119168996810913
5,18000,60,30003,0,0,0.3271278142929077
5,18000,60,30003,0,1,0.1740504950284958
5,18000,60,30003,0,2,1.1253197193145752
5,18000,60,30003,0,3,0.3067193031311035
5,18000,60,30003,0,4,0.6807794570922852
5,18000,60,30003,0,5,0.6116328835487366
5,18000,60,30003,0,6,0.750090479850769
5,18000,60,30003,0,7,0.05999999865889549
5,18000,60,30003,0,8,2.0341784954071045
5,18000,60,30003,0,9,0.41467928886413574
5,18000,60,30003,0,10,0.479469895362854
5,18000,60,30003,0,11,0.27723729610443115
5,18000,60,30003,0,12,0.24391674995422363
5,18000,60,30003,0,13,0.13425946235656738
5,18000,60,30003,0,14,0.5122110843658447
5,18000,60,30003,0,15,0.21995383501052856
5,18000,60,30003,0,16,0.12154635787010193
5,18000,60,30003,0,17,0.4478861093521118
5,18000,60,30003,0,18,0.4129059910774231
5,18000,60,30003,0,19,0.4106226861476898
5,18000,60,30003,0,20,0.18402975797653198
5,18000,60,30003,0,21,0.06199636682868004
5,18000,60,30003,0,22,0.2580881416797638
5,18000,60,30003,0,23,0.12311890721321106
5,18000,60,30003,0,24,0.6789829134941101
5,18000,60,30003,0,25,0.5402522087097168
5,18000,60,30003,0,26,0.6134593486785889
5,18000,60,30003,0,27,0.4720556139945984
5,18000,60,30003,0,28,0.40558022260665894
5,18000,60,30003,0,29,0.2207220494747162
5,18000,61,30003,1,0,0.7560730576515198
5,18000,61,30003,1,1,0.295270711183548
5,18000,61,30003,1,2,0.20878976583480835
5,18000,61,30003,1,3,0.4283992350101471
5,18000,61,30003,1,4,0.6394930481910706
5,18000,61,30003,1,5,0.28159284591674805
5,18000,61,30003,1,6,0.36336609721183777
5,18000,61,30003,1,7,0.17474719882011414
5,18000,61,30003,1,8,0.7397295236587524
5,18000,61,30003,1,9,0.05999999865889549
5,18000,61,30003,1,10,0.7066780924797058
5,18000,61,30003,1,11,0.5712125301361084
5,18000,61,30003,1,12,0.5926923751831055
5,18000,61,30003,1,13,0.3483908772468567
5,18000,61,30003,1,14,0.5568310022354126
5,18000,61,30003,1,15,0.5413039922714233
5,18000,61,30003,1,16,0.19746311008930206
5,18000,61,30003,1,17,0.17397724092006683
5,18000,61,30003,1,18,0.43355005979537964
5,18000,61,30003,1,19,0.46268489956855774
5,18000,61,30003,1,20,0.48418503999710083
5,18000,61,30003,1,21,1.4825040102005005
5,18000,61,30003,1,22,0.37535133957862854
5,18000,61,30003,1,23,0.985141932964325
5,18000,61,30003,1,24,0.4561683237552643
5,18000,61,30003,1,25,0.17334558069705963
5,18000,61,30003,1,26,0.28280699253082275
5,18000,61,30003,1,27,0.4424861669540405
5,18000,61,30003,1,28,0.29863619804382324
5,18000,61,30003,1,29,0.19473308324813843
5,18000,62,30003,2,0,0.2670346200466156
5,18000,62,30003,2,1,0.24906952679157257
5,18000,62,30003,2,2,0.32468438148498535
5,18000,62,30003,2,3,0.35255926847457886
5,18000,62,30003,2,4,0.817324161529541
5,18000,62,30003,2,5,0.45007985830307007
5,18000,62,30003,2,6,0.5782742500305176
5,18000,62,30003,2,7,0.9824087023735046
5,18000,62,30003,2,8,0.6931508779525757
5,18000,62,30003,2,9,0.6975850462913513
5,18000,62,30003,2,10,0.1770736128091812
5,18000,62,30003,2,11,0.40397870540618896
5,18000,62,30003,2,12,1.151016354560852
5,18000,62,30003,2,13,1.1429835557937622
5,18000,62,30003,2,14,0.6050662994384766
5,18000,62,30003,2,15,0.35451674461364746
5,18000,62,30003,2,16,0.2494739592075348
5,18000,62,30003,2,17,0.864321231842041
5,18000,62,30003,2,18,0.11489929258823395
5,18000,62,30003,2,19,0.23641473054885864
5,18000,62,30003,2,20,0.13347356021404266
5,18000,62,30003,2,21,0.16270790994167328
5,18000,62,30003,2,22,0.291670560836792
5,18000,62,30003,2,23,0.5142179727554321
5,18000,62,30003,2,24,0.05999999865889549
5,18000,62,30003,2,25,0.6768335103988647
5,18000,62,30003,2,26,0.22969110310077667
5,18000,62,30003,2,27,0.5368229150772095
5,18000,62,30003,2,28,0.42699727416038513
5,18000,62,30003,2,29,0.6201147437095642
5,18000,63,30003,3,0,0.7703564763069153
5,18000,63,30003,3,1,0.45229774713516235
5,18000,63,30003,3,2,0.6734374761581421
5,18000,63,30003,3,3,0.24005265533924103
5,18000,63,30003,3,4,0.46424761414527893
5,18000,63,30003,3,5,0.4667081832885742
5,18000,63,30003,3,6,0.31516629457473755
5,18000,63,30003,3,7,0.4892268478870392
5,18000,63,30003,3,8,1.1087777614593506
5,18000,63,30003,3,9,0.39759761095046997
5,18000,63,30003,3,10,0.6297979354858398
5,18000,63,30003,3,11,0.21295468509197235
5,18000,63,30003,3,12,0.07713264226913452
5,18000,63,30003,3,13,0.22937849164009094
5,18000,63,30003,3,14,0.3745875060558319
5,18000,63,30003,3,15,0.21171215176582336
5,18000,63,30003,3,16,0.2328522950410843
5,18000,63,30003,3,17,0.8525152206420898
5,18000,63,30003,3,18,0.10181599855422974
5,18000,63,30003,3,19,0.06372365355491638
5,18000,63,30003,3,20,0.4578772783279419
5,18000,63,30003,3,21,0.05999999865889549
5,18000,63,30003,3,22,0.25606992840766907
5,18000,63,30003,3,23,0.6706976890563965
5,18000,63,30003,3,24,0.5652794241905212
5,18000,63,30003,3,25,0.28032389283180237
5,18000,63,30003,3,26,0.3162350356578827
5,18000,63,30003,3,27,0.11660885810852051
5,18000,63,30003,3,28,0.10882343351840973
5,18000,63,30003,3,29,0.2807994782924652
5,18000,64,30003,4,0,0.2880244851112366
5,18000,64,30003,4,1,0.26507481932640076
5,18000,64,30003,4,2,0.2656797468662262
5,18000,64,30003,4,3,0.3518223464488983
5,18000,64,30003,4,4,0.5080370903015137
5,18000,64,30003,4,5,0.16166776418685913
5,18000,64,30003,4,6,0.25236940383911133
5,18000,64,30003,4,7,0.24499504268169403
5,18000,64,30003,4,8,0.26529937982559204
5,18000,64,30003,4,9,0.3601589798927307
5,18000,64,30003,4,10,0.39819180965423584
5,18000,64,30003,4,11,0.5299282670021057
5,18000,64,30003,4,12,0.17744413018226624
5,18000,64,30003,4,13,0.22371071577072144
5,18000,64,30003,4,14,0.3050960600376129
5,18000,64,30003,4,15,0.09941120445728302
5,18000,64,30003,4,16,0.15365982055664062
5,18000,64,30003,4,17,0.1655847430229187
5,18000,64,30003,4,18,0.47079557180404663
5,18000,64,30003,4,19,0.3264329433441162
5,18000,64,30003,4,20,0.32635071873664856
5,18000,64,30003,4,21,0.27391326427459717
5,18000,64,30003,4,22,0.17787189781665802
5,18000,64,30003,4,23,0.06467275321483612
5,18000,64,30003,4,24,0.7496266961097717
5,18000,64,30003,4,25,0.0651392862200737
5,18000,64,30003,4,26,0.28563761711120605
5,18000,64,30003,4,27,0.45192089676856995
5,18000,64,30003,4,28,0.6117314696311951
5,18000,64,30003,4,29,0.2656649351119995
5,18000,65,30003,5,0,1.1901953220367432
5,18000,65,30003,5,1,0.7239651083946228
5,18000,65,30003,5,2,0.06653295457363129
5,18000,65,30003,5,3,0.13977809250354767
5,18000,65,30003,5,4,0.37996453046798706
5,18000,65,30003,5,5,0.1119665578007698
5,18000,65,30003,5,6,1.797001838684082
5,18000,65,30003,5,7,0.5694217681884766
5,18000,65,30003,5,8,0.14583146572113037
5,18000,65,30003,5,9,0.25349748134613037
5,18000,65,30003,5,10,0.8275010585784912
5,18000,65,30003,5,11,0.2617252469062805
5,18000,65,30003,5,12,0.44817501306533813
5,18000,65,30003,5,13,1.4742504358291626
5,18000,65,30003,5,14,0.9202307462692261
5,18000,65,30003,5,15,0.15770860016345978
5,18000,65,30003,5,16,0.29873472452163696
5,18000,65,30003,5,17,0.5278835892677307
5,18000,65,30003,5,18,0.32607242465019226
5,18000,65,30003,5,19,0.8379732370376587
5,18000,65,30003,5,20,0.19919025897979736
5,18000,65,30003,5,21,0.5701488852500916
5,18000,65,30003,5,22,0.46930190920829773
5,18000,65,30003,5,23,0.252418577671051
5,18000,65,30003,5,24,1.6562601327896118
5,18000,65,30003,5,25,0.7754310965538025
5,18000,65,30003,5,26,0.2913919985294342
5,18000,65,30003,5,27,0.726017415523529
5,18000,65,30003,5,28,1.1413664817810059
5,18000,65,30003,5,29,0.0766230970621109
5,18000,66,30003,6,0,0.4342558979988098
5,18000,66,30003,6,1,0.25092774629592896
5,18000,66,30003,6,2,0.23208893835544586
5,18000,66,30003,6,3,0.3431908190250397
5,18000,66,30003,6,4,0.43293896317481995
5,18000,66,30003,6,5,0.3499775528907776
5,18000,66,30003,6,6,0.24721410870552063
5,18000,66,30003,6,7,0.2563919126987457
5,18000,66,30003,6,8,0.3171722888946533
5,18000,66,30003,6,9,0.7833167910575867
5,18000,66,30003,6,10,0.24472351372241974
5,18000,66,30003,6,11,0.09796050935983658
5,18000,66,30003,6,12,0.24363885819911957
5,18000,66,30003,6,13,0.5109899640083313
5,18000,66,30003,6,14,0.17848454415798187
5,18000,66,30003,6,15,0.2702694833278656
5,18000,66,30003,6,16,0.6320236921310425
5,18000,66,30003,6,17,0.07353341579437256
5,18000,66,30003,6,18,0.576378583908081
5,18000,66,30003,6,19,0.26569125056266785
5,18000,66,30003,6,20,0.5270024538040161
5,18000,66,30003,6,21,0.9393371939659119
5,18000,66,30003,6,22,0.30823397636413574
5,18000,66,30003,6,23,0.3570135235786438
5,18000,66,30003,6,24,0.0673157125711441
5,18000,66,30003,6,25,0.5881543159484863
5,18000,66,30003,6,26,0.8673760890960693
5,18000,66,30003,6,27,0.3264164328575134
5,18000,66,30003,6,28,0.39374610781669617
5,18000,66,30003,6,29,0.18596255779266357
5,18000,67,30003,7,0,0.6565378308296204
5,18000,67,30003,7,1,0.23832367360591888
5,18000,67,30003,7,2,0.4859771728515625
5,18000,67,30003,7,3,0.20737594366073608
5,18000,67,30003,7,4,0.3275443911552429
5,18000,67,30003,7,5,0.1147906482219696
5,18000,67,30003,7,6,0.30591413378715515
5,18000,67,30003,7,7,0.16555064916610718
5,18000,67,30003,7,8,0.8682921528816223
5,18000,67,30003,7,9,1.6089471578598022
5,18000,67,30003,7,10,0.5499734282493591
5,18000,67,30003,7,11,0.3112525939941406
5,18000,67,30003,7,12,0.1579640507698059
5,18000,67,30003,7,13,1.4156123399734497
5,18000,67,30003,7,14,0.29895681142807007
5,18000,67,30003,7,15,0.3001110851764679
5,18000,67,30003,7,16,0.3090952932834625
5,18000,67,30003,7,17,0.29778343439102173
5,18000,67,30003,7,18,1.4536412954330444
5,18000,67,30003,7,19,0.13388776779174805
5,18000,67,30003,7,20,0.3031684160232544
5,18000,67,30003,7,21,0.23030157387256622
5,18000,67,30003,7,22,0.9691033959388733
5,18000,67,30003,7,23,0.2524246871471405
5,18000,67,30003,7,24,0.23443156480789185
5,18000,67,30003,7,25,1.620469570159912
5,18000,67,30003,7,26,0.26527106761932373
5,18000,67,30003,7,27,0.06536072492599487
5,18000,67,30003,7,28,0.6402459740638733
5,18000,67,30003,7,29,0.29784518480300903
5,18000,68,30003,8,0,0.7943419218063354
5,18000,68,30003,8,1,0.2087220847606659
5,18000,68,30003,8,2,0.3465494215488434
5,18000,68,30003,8,3,0.6446423530578613
5,18000,68,30003,8,4,0.5068398714065552
5,18000,68,30003,8,5,0.15413478016853333
5,18000,68,30003,8,6,0.5635237693786621
5,18000,68,30003,8,7,0.8180843591690063
5,18000,68,30003,8,8,0.6969212293624878
5,18000,68,30003,8,9,0.2886658012866974
5,18000,68,30003,8,10,0.8319964408874512
5,18000,68,30003,8,11,0.05999999865889549
5,18000,68,30003,8,12,0.3548012375831604
5,18000,68,30003,8,13,1.6888957023620605
5,18000,68,30003,8,14,0.411843478679657
5,18000,68,30003,8,15,1.1274642944335938
5,18000,68,30003,8,16,0.845141589641571
5,18000,68,30003,8,17,3.561610460281372
5,18000,68,30003,8,18,0.48543548583984375
5,18000,68,30003,8,19,0.15648092329502106
5,18000,68,30003,8,20,0.4176643490791321
5,18000,68,30003,8,21,1.008157730102539
5,18000,68,30003,8,22,0.9839659929275513
5,18000,68,30003,8,23,0.40068596601486206
5,18000,68,30003,8,24,0.24191057682037354
5,18000,68,30003,8,25,0.8246907591819763
5,18000,68,30003,8,26,3.6004414558410645
5,18000,68,30003,8,27,0.23551060259342194
5,18000,68,30003,8,28,0.06589756160974503
5,18000,68,30003,8,29,0.23022252321243286
5,18000,69,30003,9,0,0.3354547619819641
5,18000,69,30003,9,1,0.16826598346233368
5,18000,69,30003,9,2,0.27435362339019775
5,18000,69,30003,9,3,0.3028132915496826
5,18000,69,30003,9,4,0.1895352602005005
5,18000,69,30003,9,5,1.5184803009033203
5,18000,69,30003,9,6,0.4850184917449951
5,18000,69,30003,9,7,0.20660428702831268
5,18000,69,30003,9,8,0.28267595171928406
5,18000,69,30003,9,9,0.1640842854976654
5,18000,69,30003,9,10,0.7513524889945984
5,18000,69,30003,9,11,0.0989542230963707
5,18000,69,30003,9,12,0.26201513409614563
5,18000,69,30003,9,13,0.06974868476390839
5,18000,69,30003,9,14,0.6035317778587341
5,18000,69,30003,9,15,0.2265135794878006
5,18000,69,30003,9,16,0.21827450394630432
5,18000,69,30003,9,17,0.26247355341911316
5,18000,69,30003,9,18,0.17643725872039795
5,18000,69,30003,9,19,1.0150660276412964
5,18000,69,30003,9,20,0.444899320602417
5,18000,69,30003,9,21,0.30098024010658264
5,18000,69,30003,9,22,0.3155878186225891
5,18000,69,30003,9,23,0.9284021854400635
5,18000,69,30003,9,24,0.1981385499238968
5,18000,69,30003,9,25,0.19527173042297363
5,18000,69,30003,9,26,0.35700494050979614
5,18000,69,30003,9,27,0.6582496762275696
5,18000,69,30003,9,28,0.22786623239517212
5,18000,69,30003,9,29,0.26428747177124023
5,18000,70,30003,10,0,1.4352712631225586
5,18000,70,30003,10,1,0.7128808498382568
5,18000,70,30003,10,2,0.44800853729248047
5,18000,70,30003,10,3,0.36280420422554016
5,18000,70,30003,10,4,0.601710319519043
5,18000,70,30003,10,5,0.3553767204284668
5,18000,70,30003,10,6,0.29426872730255127
5,18000,70,30003,10,7,1.5324907302856445
5,18000,70,30003,10,8,0.3009442687034607
5,18000,70,30003,10,9,0.34714972972869873
5,18000,70,30003,10,10,0.823464572429657
5,18000,70,30003,10,11,1.6737288236618042
5,18000,70,30003,10,12,0.2889988124370575
5,18000,70,30003,10,13,0.7310544848442078
5,18000,70,30003,10,14,0.32250139117240906
5,18000,70,30003,10,15,0.41832876205444336
5,18000,70,30003,10,16,0.28773626685142517
5,18000,70,30003,10,17,0.10398927330970764
5,18000,70,30003,10,18,0.4143449068069458
5,18000,70,30003,10,19,0.38499900698661804
5,18000,70,30003,10,20,0.8156943917274475
5,18000,70,30003,10,21,0.2125314176082611
5,18000,70,30003,10,22,0.4141729772090912
5,18000,70,30003,10,23,0.6446043848991394
5,18000,70,30003,10,24,0.1205969750881195
5,18000,70,30003,10,25,0.20292150974273682
5,18000,70,30003,10,26,0.1603010594844818
5,18000,70,30003,10,27,0.3800504207611084
5,18000,70,30003,10,28,0.49164846539497375
5,18000,70,30003,10,29,0.2934643030166626
5,18000,71,30003,11,0,0.8977558612823486
5,18000,71,30003,11,1,0.23151661455631256
5,18000,71,30003,11,2,0.4675004184246063
5,18000,71,30003,11,3,0.25123175978660583
5,18000,71,30003,11,4,0.3685092329978943
5,18000,71,30003,11,5,0.3634919822216034
5,18000,71,30003,11,6,0.6807712912559509
5,18000,71,30003,11,7,0.4230954647064209
5,18000,71,30003,11,8,0.16234658658504486
5,18000,71,30003,11,9,0.2869325280189514
5,18000,71,30003,11,10,0.11507654190063477
5,18000,71,30003,11,11,0.5500844717025757
5,18000,71,30003,11,12,0.7135778069496155
5,18000,71,30003,11,13,0.8435286283493042
5,18000,71,30003,11,14,0.4189258813858032
5,18000,71,30003,11,15,0.19505095481872559
5,18000,71,30003,11,16,0.4114188551902771
5,18000,71,30003,11,17,0.21123969554901123
5,18000,71,30003,11,18,1.3881728649139404
5,18000,71,30003,11,19,0.18212060630321503
5,18000,71,30003,11,20,0.10242172330617905
5,18000,71,30003,11,21,0.26176735758781433
5,18000,71,30003,11,22,0.47292599081993103
5,18000,71,30003,11,23,0.652070164680481
5,18000,71,30003,11,24,0.25413691997528076
5,18000,71,30003,11,25,0.3656255602836609
5,18000,71,30003,11,26,0.13863393664360046
5,18000,71,30003,11,27,0.5850549340248108
5,18000,71,30003,11,28,0.3885493576526642
5,18000,71,30003,11,29,0.18709062039852142
5,18000,72,30003,12,0,0.28726232051849365
5,18000,72,30003,12,1,0.4401598870754242
5,18000,72,30003,12,2,1.3153094053268433
5,18000,72,30003,12,3,0.19351987540721893
5,18000,72,30003,12,4,1.5910941362380981
5,18000,72,30003,12,5,0.3265913128852844
5,18000,72,30003,12,6,0.42489612102508545
5,18000,72,30003,12,7,0.06895504891872406
5,18000,72,30003,12,8,0.1427491307258606
5,18000,72,30003,12,9,0.27785617113113403
5,18000,72,30003,12,10,0.12139163911342621
5,18000,72,30003,12,11,0.5471552610397339
5,18000,72,30003,12,12,0.30266815423965454
5,18000,72,30003,12,13,0.8193929195404053
5,18000,72,30003,12,14,0.09851189702749252
5,18000,72,30003,12,15,0.18711011111736298
5,18000,72,30003,12,16,0.7316973805427551
5,18000,72,30003,12,17,0.29209864139556885
5,18000,72,30003,12,18,0.29199132323265076
5,18000,72,30003,12,19,0.3982831835746765
5,18000,72,30003,12,20,0.25334399938583374
5,18000,72,30003,12,21,0.5765950679779053
5,18000,72,30003,12,22,0.16570118069648743
5,18000,72,30003,12,23,0.2835162580013275
5,18000,72,30003,12,24,0.3112240731716156
5,18000,72,30003,12,25,0.8005139231681824
5,18000,72,30003,12,26,0.4973757266998291
5,18000,72,30003,12,27,0.29865211248397827
5,18000,72,30003,12,28,0.4770302176475525
5,18000,72,30003,12,29,0.22596074640750885
5,18000,73,30003,13,0,0.5436905026435852
5,18000,73,30003,13,1,0.7918609976768494
5,18000,73,30003,13,2,1.0844030380249023
5,18000,73,30003,13,3,0.7241113185882568
5,18000,73,30003,13,4,0.16817408800125122
5,18000,73,30003,13,5,0.6509472131729126
5,18000,73,30003,13,6,0.18443892896175385
5,18000,73,30003,13,7,0.18066881597042084
5,18000,73,30003,13,8,0.253743052482605
5,18000,73,30003,13,9,0.32778576016426086
5,18000,73,30003,13,10,0.4084172248840332
5,18000,73,30003,13,11,0.16696269810199738
5,18000,73,30003,13,12,0.05999999865889549
5,18000,73,30003,13,13,0.6703546047210693
5,18000,73,30003,13,14,0.393534779548645
5,18000,73,30003,13,15,0.4629102647304535
5,18000,73,30003,13,16,0.6794505715370178
5,18000,73,30003,13,17,0.95438551902771
5,18000,73,30003,13,18,0.6458118557929993
5,18000,73,30003,13,19,0.31531310081481934
5,18000,73,30003,13,20,0.24196994304656982
5,18000,73,30003,13,21,0.20605283975601196
5,18000,73,30003,13,22,0.6624495387077332
5,18000,73,30003,13,23,1.211761474609375
5,18000,73,30003,13,24,0.2546754777431488
5,18000,73,30003,13,25,0.26945966482162476
5,18000,73,30003,13,26,0.1632561981678009
5,18000,73,30003,13,27,0.256348580121994
5,18000,73,30003,13,28,0.7658662796020508
5,18000,73,30003,13,29,1.2523553371429443
5,18000,74,30003,14,0,0.05999999865889549
5,18000,74,30003,14,1,0.18433649837970734
5,18000,74,30003,14,2,0.38574570417404175
5,18000,74,30003,14,3,0.4325845241546631
5,18000,74,30003,14,4,0.20118746161460876
5,18000,74,30003,14,5,0.2994561791419983
5,18000,74,30003,14,6,0.25986191630363464
5,18000,74,30003,14,7,0.21157187223434448
5,18000,74,30003,14,8,0.6408700346946716
5,18000,74,30003,14,9,0.5880466103553772
5,18000,74,30003,14,10,0.6655737161636353
5,18000,74,30003,14,11,0.6167445182800293
5,18000,74,30003,14,12,0.5659852027893066
5,18000,74,30003,14,13,0.5890744924545288
5,18000,74,30003,14,14,0.7504650354385376
5,18000,74,30003,14,15,0.2889421284198761
5,18000,74,30003,14,16,0.23022758960723877
5,18000,74,30003,14,17,0.2300528883934021
5,18000,74,30003,14,18,0.4281410574913025
5,18000,74,30003,14,19,0.05999999865889549
5,18000,74,30003,14,20,0.18978887796401978
5,18000,74,30003,14,21,0.4378698468208313
5,18000,74,30003,14,22,0.33279338479042053
5,18000,74,30003,14,23,0.5297372341156006
5,18000,74,30003,14,24,0.3321179449558258
5,18000,74,30003,14,25,1.803302526473999
5,18000,74,30003,14,26,0.35886260867118835
5,18000,74,30003,14,27,0.4387388825416565
5,18000,74,30003,14,28,1.065190076828003
5,18000,74,30003,14,29,0.24281717836856842
5,18000,75,30003,15,0,0.1121390163898468
5,18000,75,30003,15,1,0.09879237413406372
5,18000,75,30003,15,2,0.5009567737579346
5,18000,75,30003,15,3,0.31666532158851624
5,18000,75,30003,15,4,0.31719064712524414
5,18000,75,30003,15,5,0.2480832040309906
5,18000,75,30003,15,6,0.3366298973560333
5,18000,75,30003,15,7,0.1575692743062973
5,18000,75,30003,15,8,0.28600752353668213
5,18000,75,30003,15,9,0.3140060305595398
5,18000,75,30003,15,10,0.1692163348197937
5,18000,75,30003,15,11,0.22973400354385376
5,18000,75,30003,15,12,0.24656911194324493
5,18000,75,30003,15,13,0.8721511960029602
5,18000,75,30003,15,14,0.40942415595054626
5,18000,75,30003,15,15,0.05999999865889549
5,18000,75,30003,15,16,0.5169076323509216
5,18000,75,30003,15,17,0.5698451995849609
5,18000,75,30003,15,18,0.3261409103870392
5,18000,75,30003,15,19,0.2504713535308838
5,18000,75,30003,15,20,0.37251046299934387
5,18000,75,30003,15,21,0.2766113877296448
5,18000,75,30003,15,22,0.8198306560516357
5,18000,75,30003,15,23,0.27471810579299927
5,18000,75,30003,15,24,0.5063421726226807
5,18000,75,30003,15,25,0.3917229175567627
5,18000,75,30003,15,26,0.20279520750045776
5,18000,75,30003,15,27,0.31885865330696106
5,18000,75,30003,15,28,0.34399905800819397
5,18000,75,30003,15,29,0.19488786160945892
5,18000,76,30003,16,0,0.20717789232730865
5,18000,76,30003,16,1,0.5813751220703125
5,18000,76,30003,16,2,0.5876280069351196
5,18000,76,30003,16,3,0.5778964757919312
5,18000,76,30003,16,4,0.21360716223716736
5,18000,76,30003,16,5,0.27891871333122253
5,18000,76,30003,16,6,0.4968951642513275
5,18000,76,30003,16,7,1.1127220392227173
5,18000,76,30003,16,8,0.6111711263656616
5,18000,76,30003,16,9,1.2359188795089722
5,18000,76,30003,16,10,0.3823014199733734
5,18000,76,30003,16,11,1.4447566270828247
5,18000,76,30003,16,12,0.37477996945381165
5,18000,76,30003,16,13,0.2736760973930359
5,18000,76,30003,16,14,0.38019752502441406
5,18000,76,30003,16,15,0.4292491376399994
5,18000,76,30003,16,16,0.06444478034973145
5,18000,76,30003,16,17,2.855968952178955
5,18000,76,30003,16,18,0.09065688401460648
5,18000,76,30003,16,19,0.13012729585170746
5,18000,76,30003,16,20,0.5503020286560059
5,18000,76,30003,16,21,0.17456170916557312
5,18000,76,30003,16,22,0.7668465971946716
5,18000,76,30003,16,23,0.5415148138999939
5,18000,76,30003,16,24,0.3351894021034241
5,18000,76,30003,16,25,0.4585195779800415
5,18000,76,30003,16,26,0.3185288608074188
5,18000,76,30003,16,27,0.775078296661377
5,18000,76,30003,16,28,1.413557767868042
5,18000,76,30003,16,29,0.21256893873214722
5,18000,77,30003,17,0,0.2087155431509018
5,18000,77,30003,17,1,0.3599468469619751
5,18000,77,30003,17,2,0.2326398491859436
5,18000,77,30003,17,3,0.3670104444026947
5,18000,77,30003,17,4,0.7726881504058838
5,18000,77,30003,17,5,0.19967716932296753
5,18000,77,30003,17,6,0.13217869400978088
5,18000,77,30003,17,7,0.6120564341545105
5,18000,77,30003,17,8,0.24392151832580566
5,18000,77,30003,17,9,0.2961122989654541
5,18000,77,30003,17,10,0.4814123511314392
5,18000,77,30003,17,11,0.15857546031475067
5,18000,77,30003,17,12,0.4011501967906952
5,18000,77,30003,17,13,0.7067194581031799
5,18000,77,30003,17,14,0.5484527349472046
5,18000,77,30003,17,15,0.39177095890045166
5,18000,77,30003,17,16,0.8211574554443359
5,18000,77,30003,17,17,0.17417725920677185
5,18000,77,30003,17,18,0.33684319257736206
5,18000,77,30003,17,19,0.9625576734542847
5,18000,77,30003,17,20,0.1801975667476654
5,18000,77,30003,17,21,0.2829473912715912
5,18000,77,30003,17,22,0.6654993295669556
5,18000,77,30003,17,23,0.3570030927658081
5,18000,77,30003,17,24,0.16543784737586975
5,18000,77,30003,17,25,0.30230793356895447
5,18000,77,30003,17,26,0.7991819381713867
5,18000,77,30003,17,27,0.4133264720439911
5,18000,77,30003,17,28,0.1652079075574875
5,18000,77,30003,17,29,0.0629165768623352
5,18000,78,30003,18,0,0.2776057720184326
5,18000,78,30003,18,1,0.3707451820373535
5,18000,78,30003,18,2,0.20195549726486206
5,18000,78,30003,18,3,0.5116322636604309
5,18000,78,30003,18,4,0.17673909664154053
5,18000,78,30003,18,5,0.3648572266101837
5,18000,78,30003,18,6,0.7228472232818604
5,18000,78,30003,18,7,0.4014032781124115
5,18000,78,30003,18,8,0.05999999865889549
5,18000,78,30003,18,9,0.28172874450683594
5,18000,78,30003,18,10,0.18150265514850616
5,18000,78,30003,18,11,0.1669115424156189
5,18000,78,30003,18,12,0.3325774073600769
5,18000,78,30003,18,13,0.33575239777565
5,18000,78,30003,18,14,0.3963531255722046
5,18000,78,30003,18,15,0.35265418887138367
5,18000,78,30003,18,16,0.7173523902893066
5,18000,78,30003,18,17,0.12363558262586594
5,18000,78,30003,18,18,0.23549333214759827
5,18000,78,30003,18,19,0.08850370347499847
5,18000,78,30003,18,20,0.5315892696380615
5,18000,78,30003,18,21,0.4114939570426941
5,18000,78,30003,18,22,0.3280590772628784
5,18000,78,30003,18,23,0.7868938446044922
5,18000,78,30003,18,24,0.2571187913417816
5,18000,78,30003,18,25,0.2728903889656067
5,18000,78,30003,18,26,0.3234326243400574
5,18000,78,30003,18,27,0.23434941470623016
5,18000,78,30003,18,28,0.4953734278678894
5,18000,78,30003,18,29,0.3729991018772125
5,18000,79,30003,19,0,0.34682273864746094
5,18000,79,30003,19,1,0.43259763717651367
5,18000,79,30003,19,2,0.4155046343803406
5,18000,79,30003,19,3,0.741315484046936
5,18000,79,30003,19,4,0.19404560327529907
5,18000,79,30003,19,5,0.7171273827552795
5,18000,79,30003,19,6,0.3561686873435974
5,18000,79,30003,19,7,0.4476596713066101
5,18000,79,30003,19,8,0.40640467405319214
5,18000,79,30003,19,9,0.05999999865889549
5,18000,79,30003,19,10,0.9500388503074646
5,18000,79,30003,19,11,0.4350278079509735
5,18000,79,30003,19,12,0.16193272173404694
5,18000,79,30003,19,13,0.7739588022232056
5,18000,79,30003,19,14,1.1088330745697021
5,18000,79,30003,19,15,0.297830194234848
5,18000,79,30003,19,16,0.25555720925331116
5,18000,79,30003,19,17,0.25074344873428345
5,18000,79,30003,19,18,0.16188839077949524
5,18000,79,30003,19,19,0.838157057762146
5,18000,79,30003,19,20,1.3554691076278687
5,18000,79,30003,19,21,0.24574755132198334
5,18000,79,30003,19,22,0.1327732652425766
5,18000,79,30003,19,23,0.7500016689300537
5,18000,79,30003,19,24,0.2100992053747177
5,18000,79,30003,19,25,0.31001585721969604
5,18000,79,30003,19,26,0.7106559872627258
5,18000,79,30003,19,27,0.33914270997047424
5,18000,79,30003,19,28,0.22748567163944244
5,18000,79,30003,19,29,0.45017364621162415
0,0,80,30004,0,0,7.186069488525391
0,0,80,30004,0,1,8.670879364013672
0,0,80,30004,0,2,9.490180015563965
0,0,80,30004,0,3,8.64133358001709
0,0,80,30004,0,4,8.523032188415527
0,0,80,30004,0,5,8.857524871826172
0,0,80,30004,0,6,8.655451774597168
0,0,80,30004,0,7,8.923412322998047
0,0,80,30004,0,8,8.623133659362793
0,0,80,30004,0,9,7.281073570251465
0,0,80,30004,0,10,7.036475658416748
0,0,80,30004,0,11,7.761666297912598
0,0,80,30004,0,12,9.972498893737793
0,0,80,30004,0,13,9.319541931152344
0,0,80,30004,0,14,7.760778903961182
0,0,80,30004,0,15,8.781660079956055
0,0,80,30004,0,16,6.41371488571167
0,0,80,30004,0,17,6.850659370422363
0,0,80,30004,0,18,9.141366004943848
0,0,80,30004,0,19,7.736853122711182
0,0,80,30004,0,20,7.335078239440918
0,0,80,30004,0,21,7.260963439941406
0,0,80,30004,0,22,6.999434471130371
0,0,80,30004,0,23,7.331608772277832
0,0,80,30004,0,24,8.160684585571289
0,0,80,30004,0,25,8.51197624206543
0,0,80,30004,0,26,8.67790412902832
0,0,80,30004,0,27,6.352797508239746
0,0,80,30004,0,28,8.1180419921875
0,0,80,30004,0,29,6.222921848297119
0,0,81,30004,1,0,7.202605724334717
0,0,81,30004,1,1,8.167778015136719
0,0,81,30004,1,2,7.440972805023193
0,0,81,30004,1,3,9.229129791259766
0,0,81,30004,1,4,7.667713165283203
0,0,81,30004,1,5,8.655620574951172
0,0,81,30004,1,6,9.282609939575195
0,0,81,30004,1,7,8.559837341308594
0,0,81,30004,1,8,8.892746925354004
0,0,81,30004,1,9,8.768455505371094
0,0,81,30004,1,10,9.282241821289062
0,0,81,30004,1,11,8.625489234924316
0,0,81,30004,1,12,8.268339157104492
0,0,81,30004,1,13,6.553402900695801
0,0,81,30004,1,14,6.857100486755371
0,0,81,30004,1,15,7.447992324829102
0,0,81,30004,1,16,7.5678181648254395
0,0,81,30004,1,17,6.647570610046387
0,0,81,30004,1,18,7.2848711013793945
0,0,81,30004,1,19,7.919794082641602
0,0,81,30004,1,20,7.985268592834473
0,0,81,30004,1,21,6.922788143157959
0,0,81,30004,1,22,7.209042549133301
0,0,81,30004,1,23,7.801383972167969
0,0,81,30004,1,24,9.577964782714844
0,0,81,30004,1,25,9.972733497619629
0,0,81,30004,1,26,8.10942268371582
0,0,81,30004,1,27,7.988739967346191
0,0,81,30004,1,28,7.602914810180664
0,0,81,30004,1,29,7.348808765411377
0,0,82,30004,2,0,7.808937072753906
0,0,82,30004,2,1,6.678637981414795
0,0,82,30004,2,2,9.408038139343262
0,0,82,30004,2,3,6.716235637664795
0,0,82,30004,2,4,9.31043529510498
0,0,82,30004,2,5,8.276875495910645
0,0,82,30004,2,6,7.221145153045654
0,0,82,30004,2,7,7.3479719161987305
0,0,82,30004,2,8,9.093666076660156
0,0,82,30004,2,9,6.647526741027832
0,0,82,30004,2,10,7.262199401855469
0,0,82,30004,2,11,9.011281967163086
0,0,82,30004,2,12,6.906757354736328
0,0,82,30004,2,13,9.92277717590332
0,0,82,30004,2,14,7.712963581085205
0,0,82,30004,2,15,9.085332870483398
0,0,82,30004,2,16,8.09113597869873
0,0,82,30004,2,17,6.567324638366699
0,0,82,30004,2,18,8.261700630187988
0,0,82,30004,2,19,9.758030891418457
0,0,82,30004,2,20,8.300280570983887
0,0,82,30004,2,21,8.806797981262207
0,0,82,30004,2,22,6.456123352050781
0,0,82,30004,2,23,8.338163375854492
0,0,82,30004,2,24,7.102839469909668
0,0,82,30004,2,25,7.695981502532959
0,0,82,30004,2,26,6.444302082061768
0,0,82,30004,2,27,6.553293228149414
0,0,82,30004,2,28,9.115913391113281
0,0,82,30004,2,29,6.776573181152344
0,0,83,30004,3,0,7.397282600402832
0,0,83,30004,3,1,8.100569725036621
0,0,83,30004,3,2,8.48208236694336
0,0,83,30004,3,3,7.890876770019531
0,0,83,30004,3,4,8.80695915222168
0,0,83,30004,3,5,9.106197357177734
0,0,83,30004,3,6,7.2466511726379395
0,0,83,30004,3,7,9.491864204406738
0,0,83,30004,3,8,6.416686534881592
0,0,83,30004,3,9,8.318303108215332
0,0,83,30004,3,10,6.997058868408203
0,0,83,30004,3,11,6.596707820892334
0,0,83,30004,3,12,8.056432723999023
0,0,83,30004,3,13,6.6319661140441895
0,0,83,30004,3,14,7.7147722244262695
0,0,83,30004,3,15,10.167764663696289
0,0,83,30004,3,16,9.756059646606445
0,0,83,30004,3,17,8.270235061645508
0,0,83,30004,3,18,9.058867454528809
0,0,83,30004,3,19,7.75233793258667
0,0,83,30004,3,20,8.488297462463379
0,0,83,30004,3,21,8.627464294433594
0,0,83,30004,3,22,6.007687568664551
0,0,83,30004,3,23,6.072731018066406
0,0,83,30004,3,24,8.242148399353027
0,0,83,30004,3,25,7.486758708953857
0,0,83,30004,3,26,6.584627151489258
0,0,83,30004,3,27,8.677459716796875
0,0,83,30004,3,28,6.913895130157471
0,0,83,30004,3,29,9.30367660522461
0,0,84,30004,4,0,9.929248809814453
0,0,84,30004,4,1,9.523031234741211
0,0,84,30004,4,2,8.269876480102539
0,0,84,30004,4,3,9.360807418823242
0,0,84,30004,4,4,8.608549118041992
0,0,84,30004,4,5,7.9930500984191895
0,0,84,30004,4,6,8.531668663024902
0,0,84,30004,4,7,7.288182258605957
0,0,84,30004,4,8,8.57936954498291
0,0,84,30004,4,9,8.81043815612793
0,0,84,30004,4,10,8.229597091674805
0,0,84,30004,4,11,9.571137428283691
0,0,84,30004,4,12,8.742767333984375
0,0,84,30004,4,13,7.801534652709961
0,0,84,30004,4,14,6.903529644012451
0,0,84,30004,4,15,7.396371841430664
0,0,84,30004,4,16,8.430724143981934
0,0,84,30004,4,17,8.369434356689453
0,0,84,30004,4,18,7.559538841247559
0,0,84,30004,4,19,8.086775779724121
0,0,84,30004,4,20,8.175150871276855
0,0,84,30004,4,21,7.75925350189209
0,0,84,30004,4,22,7.1639909744262695
0,0,84,30004,4,23,7.4852728843688965
0,0,84,30004,4,24,8.837182998657227
0,0,84,30004,4,25,7.978100299835205
0,0,84,30004,4,26,9.2141695022583
0,0,84,30004,4,27,9.090505599975586
0,0,84,30004,4,28,8.916287422180176
0,0,84,30004,4,29,9.333669662475586
0,0,85,30004,5,0,8.583309173583984
0,0,85,30004,5,1,5.9958953857421875
0,0,85,30004,5,2,8.324033737182617
0,0,85,30004,5,3,8.332658767700195
0,0,85,30004,5,4,7.156014919281006
0,0,85,30004,5,5,6.127885818481445
0,0,85,30004,5,6,8.199935913085938
0,0,85,30004,5,7,8.212059020996094
0,0,85,30004,5,8,6.675806999206543
0,0,85,30004,5,9,8.729830741882324
0,0,85,30004,5,10,6.42650032043457
0,0,85,30004,5,11,8.566075325012207
0,0,85,30004,5,12,8.574289321899414
0,0,85,30004,5,13,9.677752494812012
0,0,85,30004,5,14,9.18636417388916
0,0,85,30004,5,15,6.1975812911987305
0,0,85,30004,5,16,9.886465072631836
0,0,85,30004,5,17,8.51612663269043
0,0,85,30004,5,18,6.5503129959106445
0,0,85,30004,5,19,8.050888061523438
0,0,85,30004,5,20,8.199193000793457
0,0,85,30004,5,21,8.434706687927246
0,0,85,30004,5,22,6.369106292724609
0,0,85,30004,5,23,7.943868160247803
0,0,85,30004,5,24,7.721991539001465
0,0,85,30004,5,25,7.521792888641357
0,0,85,30004,5,26,9.043977737426758
0,0,85,30004,5,27,7.871146202087402
0,0,85,30004,5,28,7.281268119812012
0,0,85,30004,5,29,9.67724609375
0,0,86,30004,6,0,9.002555847167969
0,0,86,30004,6,1,9.43807315826416
0,0,86,30004,6,2,6.423587799072266
0,0,86,30004,6,3,8.048564910888672
0,0,86,30004,6,4,9.471014976501465
0,0,86,30004,6,5,8.389605522155762
0,0,86,30004,6,6,6.905483245849609
0,0,86,30004,6,7,7.789653301239014
0,0,86,30004,6,8,6.081690311431885
0,0,86,30004,6,9,7.80748176574707
0,0,86,30004,6,10,8.085487365722656
0,0,86,30004,6,11,9.603350639343262
0,0,86,30004,6,12,8.717918395996094
0,0,86,30004,6,13,7.8708624839782715
0,0,86,30004,6,14,8.329575538635254
0,0,86,30004,6,15,7.852570533752441
0,0,86,30004,6,16,5.900141716003418
0,0,86,30004,6,17,7.983078956604004
0,0,86,30004,6,18,7.964099407196045
0,0,86,30004,6,19,6.533196926116943
0,0,86,30004,6,20,7.742438793182373
0,0,86,30004,6,21,8.091495513916016
0,0,86,30004,6,22,6.923823356628418
0,0,86,30004,6,23,8.270733833312988
0,0,86,30004,6,24,6.483868598937988
0,0,86,30004,6,25,6.557609558105469
0,0,86,30004,6,26,7.60090970993042
0,0,86,30004,6,27,6.580382347106934
0,0,86,30004,6,28,5.978595733642578
0,0,86,30004,6,29,7.112649917602539
0,0,87,30004,7,0,7.678793430328369
0,0,87,30004,7,1,7.402173042297363
0,0,87,30004,7,2,6.159297466278076
0,0,87,30004,7,3,7.2644219398498535
0,0,87,30004,7,4,9.221145629882812
0,0,87,30004,7,5,8.583977699279785
0,0,87,30004,7,6,7.436282634735107
0,0,87,30004,7,7,8.645216941833496
0,0,87,30004,7,8,7.209396839141846
0,0,87,30004,7,9,9.861591339111328
0,0,87,30004,7,10,9.790534973144531
0,0,87,30004,7,11,8.161602020263672
0,0,87,30004,7,12,7.7910003662109375
0,0,87,30004,7,13,8.60335922241211
0,0,87,30004,7,14,7.7949090003967285
0,0,87,30004,7,15,7.000107765197754
0,0,87,30004,7,16,8.711252212524414
0,0,87,30004,7,17,8.629846572875977
0,0,87,30004,7,18,8.676076889038086
0,0,87,30004,7,19,7.602615833282471
0,0,87,30004,7,20,8.440457344055176
0,0,87,30004,7,21,6.676579475402832
0,0,87,30004,7,22,9.62055778503418
0,0,87,30004,7,23,9.223761558532715
0,0,87,30004,7,24,8.440893173217773
0,0,87,30004,7,25,8.995125770568848
0,0,87,30004,7,26,9.618856430053711
0,0,87,30004,7,27,7.153457164764404
0,0,87,30004,7,28,8.856066703796387
0,0,87,30004,7,29,7.71338415145874
0,0,88,30004,8,0,7.235880374908447
0,0,88,30004,8,1,7.287082672119141
0,0,88,30004,8,2,10.083731651306152
0,0,88,30004,8,3,7.360278129577637
0,0,88,30004,8,4,9.567115783691406
0,0,88,30004,8,5,8.13918399810791
0,0,88,30004,8,6,9.449190139770508
0,0,88,30004,8,7,8.585966110229492
0,0,88,30004,8,8,7.27230978012085
0,0,88,30004,8,9,8.401345252990723
0,0,88,30004,8,10,9.494854927062988
0,0,88,30004,8,11,6.441004753112793
0,0,88,30004,8,12,8.349658966064453
0,0,88,30004,8,13,7.811713218688965
0,0,88,30004,8,14,9.32834529876709
0,0,88,30004,8,15,7.807033061981201
0,0,88,30004,8,16,9.170177459716797
0,0,88,30004,8,17,8.520541191101074
0,0,88,30004,8,18,9.53001880645752
0,0,88,30004,8,19,9.15792465209961
0,0,88,30004,8,20,8.039298057556152
0,0,88,30004,8,21,7.553910255432129
0,0,88,30004,8,22,9.544591903686523
0,0,88,30004,8,23,9.434301376342773
0,0,88,30004,8,24,7.441555976867676
0,0,88,30004,8,25,7.14230489730835
0,0,88,30004,8,26,8.882240295410156
0,0,88,30004,8,27,8.639885902404785
0,0,88,30004,8,28,7.847783088684082
0,0,88,30004,8,29,8.182696342468262
0,0,89,30004,9,0,8.795005798339844
0,0,89,30004,9,1,9.211847305297852
0,0,89,30004,9,2,9.603103637695312
0,0,89,30004,9,3,8.451492309570312
0,0,89,30004,9,4,6.35398006439209
0,0,89,30004,9,5,7.600460052490234
0,0,89,30004,9,6,7.556793212890625
0,0,89,30004,9,7,8.476978302001953
0,0,89,30004,9,8,9.29221248626709
0,0,89,30004,9,9,8.379472732543945
0,0,89,30004,9,10,7.059464454650879
0,0,89,30004,9,11,8.602556228637695
0,0,89,30004,9,12,7.486875534057617
0,0,89,30004,9,13,8.523514747619629
0,0,89,30004,9,14,7.185070514678955
0,0,89,30004,9,15,8.768082618713379
0,0,89,30004,9,16,9.433279991149902
0,0,89,30004,9,17,6.894031524658203
0,0,89,30004,9,18,9.135038375854492
0,0,89,30004,9,19,7.644064903259277
0,0,89,30004,9,20,7.471464157104492
0,0,89,30004,9,21,7.780113697052002
0,0,89,30004,9,22,9.295305252075195
0,0,89,30004,9,23,7.432557106018066
0,0,89,30004,9,24,7.0978498458862305
0,0,89,30004,9,25,9.103001594543457
0,0,89,30004,9,26,8.570439338684082
0,0,89,30004,9,27,8.087841987609863
0,0,89,30004,9,28,7.534218788146973
0,0,89,30004,9,29,8.907537460327148
0,0,90,30004,10,0,6.731287002563477
0,0,90,30004,10,1,7.693667411804199
0,0,90,30004,10,2,8.584992408752441
0,0,90,30004,10,3,9.659591674804688
0,0,90,30004,10,4,6.473003387451172
0,0,90,30004,10,5,7.391944885253906
0,0,90,30004,10,6,8.37828254699707
0,0,90,30004,10,7,8.964207649230957
0,0,90,30004,10,8,7.864709854125977
0,0,90,30004,10,9,8.77465534210205
0,0,90,30004,10,10,9.494037628173828
0,0,90,30004,10,11,8.963871002197266
0,0,90,30004,10,12,7.2857255935668945
0,0,90,30004,10,13,7.896894454956055
0,0,90,30004,10,14,7.08377742767334
0,0,90,30004,10,15,8.195569038391113
0,0,90,30004,10,16,7.664320945739746
0,0,90,30004,10,17,8.097912788391113
0,0,90,30004,10,18,8.668469429016113
0,0,90,30004,10,19,7.903401851654053
0,0,90,30004,10,20,8.633251190185547
0,0,90,30004,10,21,5.654636859893799
0,0,90,30004,10,22,6.431386947631836
0,0,90,30004,10,23,6.145201683044434
0,0,90,30004,10,24,7.507789134979248
0,0,90,30004,10,25,7.6212077140808105
0,0,90,30004,10,26,8.571526527404785
0,0,90,30004,10,27,7.845940589904785
0,0,90,30004,10,28,6.324817657470703
0,0,90,30004,10,29,8.019433975219727
0,0,91,30004,11,0,7.407121658325195
0,0,91,30004,11,1,6.13262939453125
0,0,91,30004,11,2,7.527766227722168
0,0,91,30004,11,3,7.538516044616699
0,0,91,30004,11,4,7.847238540649414
0,0,91,30004,11,5,8.18691349029541
0,0,91,30004,11,6,10.053937911987305
0,0,91,30004,11,7,6.838175296783447
0,0,91,30004,11,8,7.778903961181641
0,0,91,30004,11,9,8.27033519744873
0,0,91,30004,11,10,7.359597682952881
0,0,91,30004,11,11,8.459673881530762
0,0,91,30004,11,12,8.22150993347168
0,0,91,30004,11,13,6.893882751464844
0,0,91,30004,11,14,7.411867141723633
0,0,91,30004,11,15,8.80346393585205
0,0,91,30004,11,16,7.230517387390137
0,0,91,30004,11,17,6.505860805511475
0,0,91,30004,11,18,8.20277214050293
0,0,91,30004,11,19,8.436861991882324
0,0,91,30004,11,20,6.8033447265625
0,0,91,30004,11,21,6.677011013031006
0,0,91,30004,11,22,8.54177474975586
0,0,91,30004,11,23,8.759063720703125
0,0,91,30004,11,24,6.732343673706055
0,0,91,30004,11,25,7.966111660003662
0,0,91,30004,11,26,7.906011581420898
0,0,91,30004,11,27,6.834693908691406
0,0,91,30004,11,28,6.2497053146362305
0,0,91,30004,11,29,8.374336242675781
0,0,92,30004,12,0,6.960265636444092
0,0,92,30004,12,1,7.165538787841797
0,0,92,30004,12,2,7.438516139984131
0,0,92,30004,12,3,8.642983436584473
0,0,92,30004,12,4,8.525779724121094
0,0,92,30004,12,5,8.81683349609375
0,0,92,30004,12,6,9.364730834960938
0,0,92,30004,12,7,8.306293487548828
0,0,92,30004,12,8,8.627433776855469
0,0,92,30004,12,9,6.372779369354248
0,0,92,30004,12,10,8.29140567779541
0,0,92,30004,12,11,8.795494079589844
0,0,92,30004,12,12,7.701031684875488
0,0,92,30004,12,13,8.97361946105957
0,0,92,30004,12,14,9.441652297973633
0,0,92,30004,12,15,7.219998359680176
0,0,92,30004,12,16,7.569460868835449
0,0,92,30004,12,17,8.260347366333008
0,0,92,30004,12,18,9.891030311584473
0,0,92,30004,12,19,8.310348510742188
0,0,92,30004,12,20,7.55387544631958
0,0,92,30004,12,21,8.266067504882812
0,0,92,30004,12,22,8.066461563110352
0,0,92,30004,12,23,8.212875366210938
0,0,92,30004,12,24,6.334800720214844
0,0,92,30004,12,25,8.763274192810059
0,0,92,30004,12,26,6.99740743637085
0,0,92,30004,12,27,9.298430442810059
0,0,92,30004,12,28,7.251657485961914
0,0,92,30004,12,29,8.3374605178833
0,0,93,30004,13,0,6.394366264343262
0,0,93,30004,13,1,7.536384582519531
0,0,93,30004,13,2,6.9554853439331055
0,0,93,30004,13,3,7.202832221984863
0,0,93,30004,13,4,6.82603120803833
0,0,93,30004,13,5,8.738100051879883
0,0,93,30004,13,6,7.06347131729126
0,0,93,30004,13,7,7.212851524353027
0,0,93,30004,13,8,8.240523338317871
0,0,93,30004,13,9,6.170808792114258
0,0,93,30004,13,10,7.731125831604004
0,0,93,30004,13,11,6.61860466003418
0,0,93,30004,13,12,7.463129043579102
0,0,93,30004,13,13,5.855481147766113
0,0,93,30004,13,14,7.05689811706543
0,0,93,30004,13,15,7.5313849449157715
0,0,93,30004,13,16,7.623775482177734
0,0,93,30004,13,17,7.263822078704834
0,0,93,30004,13,18,6.683972358703613
0,0,93,30004,13,19,8.23784351348877
0,0,93,30004,13,20,8.4804105758667
0,0,93,30004,13,21,6.164792060852051
0,0,93,30004,13,22,9.204861640930176
0,0,93,30004,13,23,8.335155487060547
0,0,93,30004,13,24,6.7496747970581055
0,0,93,30004,13,25,10.025338172912598
0,0,93,30004,13,26,6.511639595031738
0,0,93,30004,13,27,7.797091007232666
0,0,93,30004,13,28,7.8354082107543945
0,0,93,30004,13,29,7.8569722175598145
0,0,94,30004,14,0,9.006388664245605
0,0,94,30004,14,1,5.7097625732421875
0,0,94,30004,14,2,9.161856651306152
0,0,94,30004,14,3,8.12258243560791
0,0,94,30004,14,4,8.934555053710938
0,0,94,30004,14,5,7.925934791564941
0,0,94,30004,14,6,7.533863544464111
0,0,94,30004,14,7,7.2719807624816895
0,0,94,30004,14,8,7.9325175285339355
0,0,94,30004,14,9,9.860465049743652
0,0,94,30004,14,10,8.844735145568848
0,0,94,30004,14,11,7.15046501159668
0,0,94,30004,14,12,9.621301651000977
0,0,94,30004,14,13,6.832483291625977
0,0,94,30004,14,14,8.381338119506836
0,0,94,30004,14,15,6.331446647644043
0,0,94,30004,14,16,9.097868919372559
0,0,94,30004,14,17,8.584096908569336
0,0,94,30004,14,18,9.87112045288086
0,0,94,30004,14,19,9.127172470092773
0,0,94,30004,14,20,9.203916549682617
0,0,94,30004,14,21,7.145590782165527
0,0,94,30004,14,22,6.334227085113525
0,0,94,30004,14,23,6.8449578285217285
0,0,94,30004,14,24,8.6118745803833
0,0,94,30004,14,25,7.136992454528809
0,0,94,30004,14,26,8.322489738464355
0,0,94,30004,14,27,6.328420639038086
0,0,94,30004,14,28,7.16744327545166
0,0,94,30004,14,29,9.212504386901855
0,0,95,30004,15,0,6.148543357849121
0,0,95,30004,15,1,9.027143478393555
0,0,95,30004,15,2,7.948704719543457
0,0,95,30004,15,3,7.445193767547607
0,0,95,30004,15,4,8.718961715698242
0,0,95,30004,15,5,7.782851219177246
0,0,95,30004,15,6,7.406736850738525
0,0,95,30004,15,7,7.567178726196289
0,0,95,30004,15,8,8.249076843261719
0,0,95,30004,15,9,8.795981407165527
0,0,95,30004,15,10,7.581344127655029
0,0,95,30004,15,11,6.611963272094727
0,0,95,30004,15,12,9.273045539855957
0,0,95,30004,15,13,9.192086219787598
0,0,95,30004,15,14,7.685977935791016
0,0,95,30004,15,15,7.535470008850098
0,0,95,30004,15,16,8.592750549316406
0,0,95,30004,15,17,5.500796318054199
0,0,95,30004,15,18,6.240976333618164
0,0,95,30004,15,19,7.199085235595703
0,0,95,30004,15,20,8.334686279296875
0,0,95,30004,15,21,7.152789115905762
0,0,95,30004,15,22,7.157027721405029
0,0,95,30004,15,23,8.3378324508667
0,0,95,30004,15,24,8.622618675231934
0,0,95,30004,15,25,8.233861923217773
0,0,95,30004,15,26,8.952329635620117
0,0,95,30004,15,27,6.789740562438965
0,0,95,30004,15,28,8.469186782836914
0,0,95,30004,15,29,6.5547075271606445
0,0,96,30004,16,0,9.229299545288086
0,0,96,30004,16,1,7.9810075759887695
0,0,96,30004,16,2,9.004996299743652
0,0,96,30004,16,3,8.218666076660156
0,0,96,30004,16,4,8.858932495117188
0,0,96,30004,16,5,6.39744234085083
0,0,96,30004,16,6,9.158248901367188
0,0,96,30004,16,7,8.405522346496582
0,0,96,30004,16,8,7.06961727142334
0,0,96,30004,16,9,7.721316337585449
0,0,96,30004,16,10,9.21629524230957
0,0,96,30004,16,11,6.49498987197876
0,0,96,30004,16,12,8.477771759033203
0,0,96,30004,16,13,7.016908645629883
0,0,96,30004,16,14,7.782242774963379
0,0,96,30004,16,15,7.9313507080078125
0,0,96,30004,16,16,6.796905040740967
0,0,96,30004,16,17,8.093791961669922
0,0,96,30004,16,18,8.241934776306152
0,0,96,30004,16,19,8.253625869750977
0,0,96,30004,16,20,8.800276756286621
0,0,96,30004,16,21,6.763250827789307
0,0,96,30004,16,22,6.417793273925781
0,0,96,30004,16,23,9.05467700958252
0,0,96,30004,16,24,8.080564498901367
0,0,96,30004,16,25,8.96843433380127
0,0,96,30004,16,26,7.942594528198242
0,0,96,30004,16,27,7.270490646362305
0,0,96,30004,16,28,9.059349060058594
0,0,96,30004,16,29,8.171347618103027
0,0,97,30004,17,0,7.267093181610107
0,0,97,30004,17,1,9.384013175964355
0,0,97,30004,17,2,6.9521284103393555
0,0,97,30004,17,3,6.699894905090332
0,0,97,30004,17,4,6.829726219177246
0,0,97,30004,17,5,6.736538887023926
0,0,97,30004,17,6,8.119646072387695
0,0,97,30004,17,7,7.960241317749023
0,0,97,30004,17,8,8.331087112426758
0,0,97,30004,17,9,8.470623970031738
0,0,97,30004,17,10,8.993204116821289
0,0,97,30004,17,11,8.307778358459473
0,0,97,30004,17,12,7.264129638671875
0,0,97,30004,17,13,8.715872764587402
0,0,97,30004,17,14,7.9060587882995605
0,0,97,30004,17,15,7.8628621101379395
0,0,97,30004,17,16,6.517603397369385
0,0,97,30004,17,17,7.204684257507324
0,0,97,30004,17,18,8.976679801940918
0,0,97,30004,17,19,8.273324012756348
0,0,97,30004,17,20,6.140130519866943
0,0,97,30004,17,21,9.209693908691406
0,0,97,30004,17,22,6.985721588134766
0,0,97,30004,17,23,9.43985366821289
0,0,97,30004,17,24,6.7845659255981445
0,0,97,30004,17,25,7.092432498931885
0,0,97,30004,17,26,7.676571846008301
0,0,97,30004,17,27,9.308850288391113
0,0,97,30004,17,28,8.545352935791016
0,0,97,30004,17,29,7.39250373840332
0,0,98,30004,18,0,7.820467948913574
0,0,98,30004,18,1,6.856753349304199
0,0,98,30004,18,2,8.398391723632812
0,0,98,30004,18,3,6.191023826599121
0,0,98,30004,18,4,7.506661415100098
0,0,98,30004,18,5,9.266693115234375
0,0,98,30004,18,6,7.786333084106445
0,0,98,30004,18,7,8.089160919189453
0,0,98,30004,18,8,8.4443998336792
0,0,98,30004,18,9,7.060091972351074
0,0,98,30004,18,10,7.5842180252075195
0,0,98,30004,18,11,7.026852607727051
0,0,98,30004,18,12,7.346606254577637
0,0,98,30004,18,13,9.617740631103516
0,0,98,30004,18,14,7.460449695587158
0,0,98,30004,18,15,7.812537670135498
0,0,98,30004,18,16,8.228351593017578
0,0,98,30004,18,17,10.067987442016602
0,0,98,30004,18,18,7.10275936126709
0,0,98,30004,18,19,6.634183883666992
0,0,98,30004,18,20,9.742571830749512
0,0,98,30004,18,21,9.703667640686035
0,0,98,30004,18,22,8.545936584472656
0,0,98,30004,18,23,7.068552017211914
0,0,98,30004,18,24,7.790340423583984
0,0,98,30004,18,25,7.0765252113342285
0,0,98,30004,18,26,8.636053085327148
0,0,98,30004,18,27,7.953563690185547
0,0,98,30004,18,28,6.323922157287598
0,0,98,30004,18,29,8.560155868530273
0,0,99,30004,19,0,7.400310039520264
0,0,99,30004,19,1,7.466015338897705
0,0,99,30004,19,2,8.042159080505371
0,0,99,30004,19,3,9.339999198913574
0,0,99,30004,19,4,8.790945053100586
0,0,99,30004,19,5,8.670464515686035
0,0,99,30004,19,6,6.429008483886719
0,0,99,30004,19,7,7.928199768066406
0,0,99,30004,19,8,7.560968399047852
0,0,99,30004,19,9,9.444995880126953
0,0,99,30004,19,10,6.153140068054199
0,0,99,30004,19,11,7.91499137878418
0,0,99,30004,19,12,9.335498809814453
0,0,99,30004,19,13,7.882290363311768
0,0,99,30004,19,14,8.16479778289795
0,0,99,30004,19,15,9.192058563232422
0,0,99,30004,19,16,6.388333797454834
0,0,99,30004,19,17,7.3235087394714355
0,0,99,30004,19,18,8.747161865234375
0,0,99,30004,19,19,8.626973152160645
0,0,99,30004,19,20,9.191930770874023
0,0,99,30004,19,21,7.063374996185303
0,0,99,30004,19,22,7.484133720397949
0,0,99,30004,19,23,8.228297233581543
0,0,99,30004,19,24,7.141793727874756
0,0,99,30004,19,25,7.174213886260986
0,0,99,30004,19,26,8.871134757995605
0,0,99,30004,19,27,7.680332660675049
0,0,99,30004,19,28,8.800612449645996
0,0,99,30004,19,29,7.221484661102295
1,3600,80,30004,0,0,0.2895115613937378
1,3600,80,30004,0,1,0.10964742302894592
1,3600,80,30004,0,2,7.98870849609375
1,3600,80,30004,0,3,2.934298515319824
1,3600,80,30004,0,4,22.6307315826416
1,3600,80,30004,0,5,22.15046501159668
1,3600,80,30004,0,6,0.4732215404510498
1,3600,80,30004,0,7,1.6950035095214844
1,3600,80,30004,0,8,9.099906921386719
1,3600,80,30004,0,9,2.8015637397766113
1,3600,80,30004,0,10,39.2043342590332
1,3600,80,30004,0,11,5.062943935394287
1,3600,80,30004,0,12,1.097074031829834
1,3600,80,30004,0,13,40.50189971923828
1,3600,80,30004,0,14,1.0439724922180176
1,3600,80,30004,0,15,41.60354995727539
1,3600,80,30004,0,16,0.3405854403972626
1,3600,80,30004,0,17,42.60477066040039
1,3600,80,30004,0,18,7.877124309539795
1,3600,80,30004,0,19,29.807004928588867
1,3600,80,30004,0,20,9.116883277893066
1,3600,80,30004,0,21,33.266510009765625
1,3600,80,30004,0,22,30.57285499572754
1,3600,80,30004,0,23,33.79938507080078
1,3600,80,30004,0,24,2.8426177501678467
1,3600,80,30004,0,25,0.44043368101119995
1,3600,80,30004,0,26,36.726078033447266
1,3600,80,30004,0,27,2.8607993125915527
1,3600,80,30004,0,28,6.028168201446533
1,3600,80,30004,0,29,1.4032847881317139
1,3600,81,30004,1,0,4.4821271896362305
1,3600,81,30004,1,1,22.752281188964844
1,3600,81,30004,1,2,40.57270812988281
1,3600,81,30004,1,3,0.6414767503738403
1,3600,81,30004,1,4,1.3984379768371582
1,3600,81,30004,1,5,44.04935836791992
1,3600,81,30004,1,6,46.592872619628906
1,3600,81,30004,1,7,1.6932027339935303
1,3600,81,30004,1,8,25.48202133178711
1,3600,81,30004,1,9,36.402854919433594
1,3600,81,30004,1,10,4.546975612640381
1,3600,81,30004,1,11,28.80194091796875
1,3600,81,30004,1,12,0.21052193641662598
1,3600,81,30004,1,13,45.54621887207031
1,3600,81,30004,1,14,39.83269500732422
1,3600,81,30004,1,15,0.11574491858482361
1,3600,81,30004,1,16,3.655994415283203
1,3600,81,30004,1,17,1.4220614433288574
1,3600,81,30004,1,18,41.920616149902344
1,3600,81,30004,1,19,24.706438064575195
1,3600,81,30004,1,20,43.47529983520508
1,3600,81,30004,1,21,5.175970554351807
1,3600,81,30004,1,22,41.1912841796875
1,3600,81,30004,1,23,27.556554794311523
1,3600,81,30004,1,24,46.327247619628906
1,3600,81,30004,1,25,20.38920783996582
1,3600,81,30004,1,26,46.764835357666016
1,3600,81,30004,1,27,21.184478759765625
1,3600,81,30004,1,28,38.901302337646484
1,3600,81,30004,1,29,1.8591328859329224
1,3600,82,30004,2,0,20.07594871520996
1,3600,82,30004,2,1,17.591285705566406
1,3600,82,30004,2,2,0.3705633878707886
1,3600,82,30004,2,3,10.280516624450684
1,3600,82,30004,2,4,4.421313285827637
1,3600,82,30004,2,5,40.828102111816406
1,3600,82,30004,2,6,31.781824111938477
1,3600,82,30004,2,7,38.07421112060547
1,3600,82,30004,2,8,44.88507843017578
1,3600,82,30004,2,9,34.55767822265625
1,3600,82,30004,2,10,0.27346858382225037
1,3600,82,30004,2,11,1.205204963684082
1,3600,82,30004,2,12,0.07948844134807587
1,3600,82,30004,2,13,44.81354522705078
1,3600,82,30004,2,14,5.0677809715271
1,3600,82,30004,2,15,1.7404042482376099
1,3600,82,30004,2,16,0.5553655624389648
1,3600,82,30004,2,17,32.281009674072266
1,3600,82,30004,2,18,23.273494720458984
1,3600,82,30004,2,19,7.402281284332275
1,3600,82,30004,2,20,34.8258171081543
1,3600,82,30004,2,21,4.424091339111328
1,3600,82,30004,2,22,16.817344665527344
1,3600,82,30004,2,23,0.5906361937522888
1,3600,82,30004,2,24,3.279296398162842
1,3600,82,30004,2,25,45.6832389831543
1,3600,82,30004,2,26,1.408785104751587
1,3600,82,30004,2,27,22.238924026489258
1,3600,82,30004,2,28,45.6799430847168
1,3600,82,30004,2,29,0.45663654804229736
1,3600,83,30004,3,0,25.9876708984375
1,3600,83,30004,3,1,31.90343475341797
1,3600,83,30004,3,2,41.66643524169922
1,3600,83,30004,3,3,0.655120313167572
1,3600,83,30004,3,4,1.3831720352172852
1,3600,83,30004,3,5,1.352141261100769
1,3600,83,30004,3,6,32.06462097167969
1,3600,83,30004,3,7,6.897276401519775
1,3600,83,30004,3,8,24.86181640625
1,3600,83,30004,3,9,14.470111846923828
1,3600,83,30004,3,10,0.7060865163803101
1,3600,83,30004,3,11,3.0214734077453613
1,3600,83,30004,3,12,0.1777951568365097
1,3600,83,30004,3,13,47.23945236206055
1,3600,83,30004,3,14,37.97786331176758
1,3600,83,30004,3,15,50.49455261230469
1,3600,83,30004,3,16,3.3745357990264893
1,3600,83,30004,3,17,37.41458511352539
1,3600,83,30004,3,18,42.4656982421875
1,3600,83,30004,3,19,0.14795446395874023
1,3600,83,30004,3,20,1.372272253036499
1,3600,83,30004,3,21,22.24873924255371
1,3600,83,30004,3,22,41.891902923583984
1,3600,83,30004,3,23,34.03205490112305
1,3600,83,30004,3,24,6.86406946182251
1,3600,83,30004,3,25,14.716118812561035
1,3600,83,30004,3,26,24.143150329589844
1,3600,83,30004,3,27,0.24797599017620087
1,3600,83,30004,3,28,10.774499893188477
1,3600,83,30004,3,29,24.58061408996582
1,3600,84,30004,4,0,44.30385208129883
1,3600,84,30004,4,1,39.473079681396484
1,3600,84,30004,4,2,41.362693786621094
1,3600,84,30004,4,3,48.13105010986328
1,3600,84,30004,4,4,42.313533782958984
1,3600,84,30004,4,5,41.28052520751953
1,3600,84,30004,4,6,0.6266513466835022
1,3600,84,30004,4,7,1.030597448348999
1,3600,84,30004,4,8,0.19249439239501953
1,3600,84,30004,4,9,41.471561431884766
1,3600,84,30004,4,10,18.468915939331055
1,3600,84,30004,4,11,26.709611892700195
1,3600,84,30004,4,12,1.463723063468933
1,3600,84,30004,4,13,22.486492156982422
1,3600,84,30004,4,14,13.32674503326416
1,3600,84,30004,4,15,39.2863655090332
1,3600,84,30004,4,16,34.84324645996094
1,3600,84,30004,4,17,38.04363250732422
1,3600,84,30004,4,18,34.031219482421875
1,3600,84,30004,4,19,42.48231506347656
1,3600,84,30004,4,20,44.96215057373047
1,3600,84,30004,4,21,5.533459186553955
1,3600,84,30004,4,22,16.781646728515625
1,3600,84,30004,4,23,4.026744365692139
1,3600,84,30004,4,24,16.3330078125
1,3600,84,30004,4,25,4.1215105056762695
1,3600,84,30004,4,26,1.6305644512176514
1,3600,84,30004,4,27,41.260215759277344
1,3600,84,30004,4,28,43.88576126098633
1,3600,84,30004,4,29,0.37734055519104004
1,3600,85,30004,5,0,16.5936336517334
1,3600,85,30004,5,1,39.28105926513672
1,3600,85,30004,5,2,13.756196022033691
1,3600,85,30004,5,3,11.832564353942871
1,3600,85,30004,5,4,2.729384660720825
1,3600,85,30004,5,5,15.489904403686523
1,3600,85,30004,5,6,9.414944648742676
1,3600,85,30004,5,7,37.042320251464844
1,3600,85,30004,5,8,1.159401535987854
1,3600,85,30004,5,9,0.25484129786491394
1,3600,85,30004,5,10,33.28870391845703
1,3600,85,30004,5,11,18.20039176940918
1,3600,85,30004,5,12,42.04393005371094
1,3600,85,30004,5,13,48.56455993652344
1,3600,85,30004,5,14,3.7272865772247314
1,3600,85,30004,5,15,38.15944290161133
1,3600,85,30004,5,16,0.3956872820854187
1,3600,85,30004,5,17,16.08987808227539
1,3600,85,30004,5,18,41.644535064697266
1,3600,85,30004,5,19,42.91305160522461
1,3600,85,30004,5,20,5.712670803070068
1,3600,85,30004,5,21,38.666786193847656
1,3600,85,30004,5,22,0.4157031178474426
1,3600,85,30004,5,23,35.718746185302734
1,3600,85,30004,5,24,28.09512710571289
1,3600,85,30004,5,25,11.033313751220703
1,3600,85,30004,5,26,43.47133255004883
1,3600,85,30004,5,27,3.735595226287842
1,3600,85,30004,5,28,0.11025442183017731
1,3600,85,30004,5,29,9.883424758911133
1,3600,86,30004,6,0,43.32893371582031
1,3600,86,30004,6,1,48.9944953918457
1,3600,86,30004,6,2,2.4468836784362793
1,3600,86,30004,6,3,38.08258056640625
1,3600,86,30004,6,4,9.493117332458496
1,3600,86,30004,6,5,42.96044921875
1,3600,86,30004,6,6,30.474592208862305
1,3600,86,30004,6,7,37.15446853637695
1,3600,86,30004,6,8,1.6125712394714355
1,3600,86,30004,6,9,43.36008071899414
1,3600,86,30004,6,10,8.03055191040039
1,3600,86,30004,6,11,1.1346584558486938
1,3600,86,30004,6,12,42.54937744140625
1,3600,86,30004,6,13,32.07759094238281
1,3600,86,30004,6,14,18.12492561340332
1,3600,86,30004,6,15,1.2187190055847168
1,3600,86,30004,6,16,39.57918930053711
1,3600,86,30004,6,17,2.2425525188446045
1,3600,86,30004,6,18,0.3499513566493988
1,3600,86,30004,6,19,4.662132263183594
1,3600,86,30004,6,20,26.26374053955078
1,3600,86,30004,6,21,48.181053161621094
1,3600,86,30004,6,22,0.327773779630661
1,3600,86,30004,6,23,6.416427135467529
1,3600,86,30004,6,24,31.198991775512695
1,3600,86,30004,6,25,31.780853271484375
1,3600,86,30004,6,26,0.076667420566082
1,3600,86,30004,6,27,40.75847625732422
1,3600,86,30004,6,28,31.739126205444336
1,3600,86,30004,6,29,40.19108963012695
1,3600,87,30004,7,0,2.7762932777404785
1,3600,87,30004,7,1,0.935605525970459
1,3600,87,30004,7,2,2.802398681640625
1,3600,87,30004,7,3,10.713041305541992
1,3600,87,30004,7,4,39.18224334716797
1,3600,87,30004,7,5,22.63539695739746
1,3600,87,30004,7,6,2.5988376140594482
1,3600,87,30004,7,7,2.0955557823181152
1,3600,87,30004,7,8,0.4509931206703186
1,3600,87,30004,7,9,0.976075291633606
1,3600,87,30004,7,10,50.492557525634766
1,3600,87,30004,7,11,10.800556182861328
1,3600,87,30004,7,12,40.65657424926758
1,3600,87,30004,7,13,0.13491956889629364
1,3600,87,30004,7,14,39.466983795166016
1,3600,87,30004,7,15,42.63258743286133
1,3600,87,30004,7,16,1.9265048503875732
1,3600,87,30004,7,17,41.5184440612793
1,3600,87,30004,7,18,46.843414306640625
1,3600,87,30004,7,19,10.319005012512207
1,3600,87,30004,7,20,4.800028324127197
1,3600,87,30004,7,21,2.4398279190063477
1,3600,87,30004,7,22,19.243000030517578
1,3600,87,30004,7,23,47.220829010009766
1,3600,87,30004,7,24,44.33851623535156
1,3600,87,30004,7,25,44.63751983642578
1,3600,87,30004,7,26,36.39542770385742
1,3600,87,30004,7,27,1.5076651573181152
1,3600,87,30004,7,28,0.15416817367076874
1,3600,87,30004,7,29,1.1484558582305908
1,3600,88,30004,8,0,7.275429725646973
1,3600,88,30004,8,1,0.11343806982040405
1,3600,88,30004,8,2,1.582706093788147
1,3600,88,30004,8,3,3.8184311389923096
1,3600,88,30004,8,4,47.89730453491211
1,3600,88,30004,8,5,18.8596134185791
1,3600,88,30004,8,6,11.588940620422363
1,3600,88,30004,8,7,49.585819244384766
1,3600,88,30004,8,8,39.61126708984375
1,3600,88,30004,8,9,0.1380382627248764
1,3600,88,30004,8,10,7.8613386154174805
1,3600,88,30004,8,11,38.690311431884766
1,3600,88,30004,8,12,0.4274749755859375
1,3600,88,30004,8,13,38.11228942871094
1,3600,88,30004,8,14,14.81995964050293
1,3600,88,30004,8,15,19.01192855834961
1,3600,88,30004,8,16,35.99348449707031
1,3600,88,30004,8,17,42.35660934448242
1,3600,88,30004,8,18,1.4385414123535156
1,3600,88,30004,8,19,1.9471240043640137
1,3600,88,30004,8,20,1.7852832078933716
1,3600,88,30004,8,21,21.537006378173828
1,3600,88,30004,8,22,0.26874181628227234
1,3600,88,30004,8,23,7.609798908233643
1,3600,88,30004,8,24,37.139190673828125
1,3600,88,30004,8,25,5.151767730712891
1,3600,88,30004,8,26,46.627479553222656
1,3600,88,30004,8,27,2.3222734928131104
1,3600,88,30004,8,28,6.622941970825195
1,3600,88,30004,8,29,0.9056115746498108
1,3600,89,30004,9,0,20.17379379272461
1,3600,89,30004,9,1,0.1721155047416687
1,3600,89,30004,9,2,28.830045700073242
1,3600,89,30004,9,3,0.8459831476211548
1,3600,89,30004,9,4,42.94011688232422
1,3600,89,30004,9,5,39.48404312133789
1,3600,89,30004,9,6,47.74769973754883
1,3600,89,30004,9,7,0.5544781684875488
1,3600,89,30004,9,8,40.41033172607422
1,3600,89,30004,9,9,1.9095969200134277
1,3600,89,30004,9,10,0.5576459169387817
1,3600,89,30004,9,11,26.70627212524414
1,3600,89,30004,9,12,23.365781784057617
1,3600,89,30004,9,13,0.3329850733280182
1,3600,89,30004,9,14,0.24453896284103394
1,3600,89,30004,9,15,19.426992416381836
1,3600,89,30004,9,16,22.10601043701172
1,3600,89,30004,9,17,37.607276916503906
1,3600,89,30004,9,18,42.38557434082031
1,3600,89,30004,9,19,40.15864944458008
1,3600,89,30004,9,20,38.028377532958984
1,3600,89,30004,9,21,43.502166748046875
1,3600,89,30004,9,22,21.427942276000977
1,3600,89,30004,9,23,1.6420447826385498
1,3600,89,30004,9,24,19.81068229675293
1,3600,89,30004,9,25,47.93342971801758
1,3600,89,30004,9,26,5.834083080291748
1,3600,89,30004,9,27,0.5538040399551392
1,3600,89,30004,9,28,0.6528580188751221
1,3600,89,30004,9,29,44.45599365234375
1,3600,90,30004,10,0,2.454674243927002
1,3600,90,30004,10,1,20.53670310974121
1,3600,90,30004,10,2,49.230987548828125
1,3600,90,30004,10,3,2.7460503578186035
1,3600,90,30004,10,4,29.345914840698242
1,3600,90,30004,10,5,38.867069244384766
1,3600,90,30004,10,6,21.32438850402832
1,3600,90,30004,10,7,24.800905227661133
1,3600,90,30004,10,8,26.96125030517578
1,3600,90,30004,10,9,0.6012450456619263
1,3600,90,30004,10,10,2.9913060665130615
1,3600,90,30004,10,11,0.7363808155059814
1,3600,90,30004,10,12,22.028459548950195
1,3600,90,30004,10,13,0.1845543086528778
1,3600,90,30004,10,14,37.886024475097656
1,3600,90,30004,10,15,10.504434585571289
1,3600,90,30004,10,16,30.112266540527344
1,3600,90,30004,10,17,1.2880779504776
1,3600,90,30004,10,18,12.251441955566406
1,3600,90,30004,10,19,3.6020913124084473
1,3600,90,30004,10,20,0.6160784959793091
1,3600,90,30004,10,21,3.912505626678467
1,3600,90,30004,10,22,0.17889131605625153
1,3600,90,30004,10,23,0.4024818241596222
1,3600,90,30004,10,24,0.8525239825248718
1,3600,90,30004,10,25,43.61555099487305
1,3600,90,30004,10,26,0.1511983871459961
1,3600,90,30004,10,27,1.878782033920288
1,3600,90,30004,10,28,2.2145614624023438
1,3600,90,30004,10,29,6.055809020996094
1,3600,91,30004,11,0,1.4810543060302734
1,3600,91,30004,11,1,15.525455474853516
1,3600,91,30004,11,2,0.1425701528787613
1,3600,91,30004,11,3,26.885141372680664
1,3600,91,30004,11,4,18.58662223815918
1,3600,91,30004,11,5,17.870296478271484
1,3600,91,30004,11,6,46.95669174194336
1,3600,91,30004,11,7,43.37587356567383
1,3600,91,30004,11,8,0.05999999865889549
1,3600,91,30004,11,9,43.328487396240234
1,3600,91,30004,11,10,30.597652435302734
1,3600,91,30004,11,11,0.6135939955711365
1,3600,91,30004,11,12,3.819887399673462
1,3600,91,30004,11,13,36.82978820800781
1,3600,91,30004,11,14,1.0927939414978027
1,3600,91,30004,11,15,36.10969543457031
1,3600,91,30004,11,16,14.382850646972656
1,3600,91,30004,11,17,23.531631469726562
1,3600,91,30004,11,18,13.890311241149902
1,3600,91,30004,11,19,17.51912498474121
1,3600,91,30004,11,20,37.148319244384766
1,3600,91,30004,11,21,31.37274932861328
1,3600,91,30004,11,22,38.571231842041016
1,3600,91,30004,11,23,15.16284465789795
1,3600,91,30004,11,24,35.83799362182617
1,3600,91,30004,11,25,37.846927642822266
1,3600,91,30004,11,26,2.2711219787597656
1,3600,91,30004,11,27,11.180424690246582
1,3600,91,30004,11,28,10.383895874023438
1,3600,91,30004,11,29,18.904733657836914
1,3600,92,30004,12,0,4.780242919921875
1,3600,92,30004,12,1,39.593021392822266
1,3600,92,30004,12,2,1.9571030139923096
1,3600,92,30004,12,3,3.3582024574279785
1,3600,92,30004,12,4,43.396915435791016
1,3600,92,30004,12,5,26.555416107177734
1,3600,92,30004,12,6,51.50016403198242
1,3600,92,30004,12,7,0.7230075597763062
1,3600,92,30004,12,8,36.702171325683594
1,3600,92,30004,12,9,14.203969955444336
1,3600,92,30004,12,10,49.199615478515625
1,3600,92,30004,12,11,35.108890533447266
1,3600,92,30004,12,12,4.463328838348389
1,3600,92,30004,12,13,41.004859924316406
1,3600,92,30004,12,14,2.7212913036346436
1,3600,92,30004,12,15,17.602754592895508
1,3600,92,30004,12,16,0.07930614799261093
1,3600,92,30004,12,17,0.2316286563873291
1,3600,92,30004,12,18,2.7671024799346924
1,3600,92,30004,12,19,18.953201293945312
1,3600,92,30004,12,20,7.588657379150391
1,3600,92,30004,12,21,0.538274347782135
1,3600,92,30004,12,22,39.32317352294922
1,3600,92,30004,12,23,16.904203414916992
1,3600,92,30004,12,24,14.635576248168945
1,3600,92,30004,12,25,11.52080249786377
1,3600,92,30004,12,26,38.570884704589844
1,3600,92,30004,12,27,2.628269672393799
1,3600,92,30004,12,28,40.800384521484375
1,3600,92,30004,12,29,1.568954348564148
1,3600,93,30004,13,0,23.955921173095703
1,3600,93,30004,13,1,31.0836181640625
1,3600,93,30004,13,2,2.2841262817382812
1,3600,93,30004,13,3,20.630258560180664
1,3600,93,30004,13,4,8.248705863952637
1,3600,93,30004,13,5,45.57323455810547
1,3600,93,30004,13,6,24.417579650878906
1,3600,93,30004,13,7,40.03741455078125
1,3600,93,30004,13,8,0.22695310413837433
1,3600,93,30004,13,9,23.635656356811523
1,3600,93,30004,13,10,18.53666114807129
1,3600,93,30004,13,11,0.17487715184688568
1,3600,93,30004,13,12,14.013619422912598
1,3600,93,30004,13,13,0.15563684701919556
1,3600,93,30004,13,14,1.1698780059814453
1,3600,93,30004,13,15,24.23809814453125
1,3600,93,30004,13,16,35.774322509765625
1,3600,93,30004,13,17,6.577159404754639
1,3600,93,30004,13,18,26.095802307128906
1,3600,93,30004,13,19,0.9743249416351318
1,3600,93,30004,13,20,41.17301559448242
1,3600,93,30004,13,21,21.82267951965332
1,3600,93,30004,13,22,21.40609359741211
1,3600,93,30004,13,23,3.6659207344055176
1,3600,93,30004,13,24,34.66734313964844
1,3600,93,30004,13,25,46.59926223754883
1,3600,93,30004,13,26,42.04086685180664
1,3600,93,30004,13,27,23.885515213012695
1,3600,93,30004,13,28,13.09645938873291
1,3600,93,30004,13,29,36.66539764404297
1,3600,94,30004,14,0,36.50517654418945
1,3600,94,30004,14,1,4.5022478103637695
1,3600,94,30004,14,2,26.51881980895996
1,3600,94,30004,14,3,5.210576057434082
1,3600,94,30004,14,4,0.2969343662261963
1,3600,94,30004,14,5,45.70024871826172
1,3600,94,30004,14,6,47.247337341308594
1,3600,94,30004,14,7,39.35539627075195
1,3600,94,30004,14,8,7.146759986877441
1,3600,94,30004,14,9,5.785167694091797
1,3600,94,30004,14,10,1.4440276622772217
1,3600,94,30004,14,11,0.28542566299438477
1,3600,94,30004,14,12,2.044612407684326
1,3600,94,30004,14,13,27.388219833374023
1,3600,94,30004,14,14,44.14934158325195
1,3600,94,30004,14,15,4.164730072021484
1,3600,94,30004,14,16,39.05857467651367
1,3600,94,30004,14,17,42.7703742980957
1,3600,94,30004,14,18,0.12202246487140656
1,3600,94,30004,14,19,1.2800023555755615
1,3600,94,30004,14,20,9.945908546447754
1,3600,94,30004,14,21,1.1599135398864746
1,3600,94,30004,14,22,0.15721742808818817
1,3600,94,30004,14,23,2.2391457557678223
1,3600,94,30004,14,24,4.303878307342529
1,3600,94,30004,14,25,35.80561828613281
1,3600,94,30004,14,26,0.6400448083877563
1,3600,94,30004,14,27,25.072067260742188
1,3600,94,30004,14,28,0.5732944011688232
1,3600,94,30004,14,29,1.688063383102417
1,3600,95,30004,15,0,38.08637237548828
1,3600,95,30004,15,1,1.9602601528167725
1,3600,95,30004,15,2,35.282264709472656
1,3600,95,30004,15,3,14.644270896911621
1,3600,95,30004,15,4,3.4985928535461426
1,3600,95,30004,15,5,14.539159774780273
1,3600,95,30004,15,6,12.967994689941406
1,3600,95,30004,15,7,0.9709480404853821
1,3600,95,30004,15,8,1.6615428924560547
1,3600,95,30004,15,9,1.4463818073272705
1,3600,95,30004,15,10,6.15374755859375
1,3600,95,30004,15,11,39.90869140625
1,3600,95,30004,15,12,14.651455879211426
1,3600,95,30004,15,13,39.989173889160156
1,3600,95,30004,15,14,40.8088493347168
1,3600,95,30004,15,15,34.92543029785156
1,3600,95,30004,15,16,7.690270900726318
1,3600,95,30004,15,17,32.97325134277344
1,3600,95,30004,15,18,1.866579294204712
1,3600,95,30004,15,19,1.889995813369751
1,3600,95,30004,15,20,42.31574630737305
1,3600,95,30004,15,21,40.144596099853516
1,3600,95,30004,15,22,34.533592224121094
1,3600,95,30004,15,23,25.463258743286133
1,3600,95,30004,15,24,0.07643023133277893
1,3600,95,30004,15,25,0.33520764112472534
1,3600,95,30004,15,26,0.5619280338287354
1,3600,95,30004,15,27,38.819393157958984
1,3600,95,30004,15,28,39.8798942565918
1,3600,95,30004,15,29,9.748224258422852
1,3600,96,30004,16,0,2.350794553756714
1,3600,96,30004,16,1,25.963916778564453
1,3600,96,30004,16,2,15.20372486114502
1,3600,96,30004,16,3,19.526426315307617
1,3600,96,30004,16,4,39.16071701049805
1,3600,96,30004,16,5,37.37881088256836
1,3600,96,30004,16,6,0.6278188824653625
1,3600,96,30004,16,7,0.2684903144836426
1,3600,96,30004,16,8,43.41920852661133
1,3600,96,30004,16,9,6.666286945343018
1,3600,96,30004,16,10,1.8769268989562988
1,3600,96,30004,16,11,3.263885021209717
1,3600,96,30004,16,12,22.01926040649414
1,3600,96,30004,16,13,2.6157732009887695
1,3600,96,30004,16,14,0.3864918053150177
1,3600,96,30004,16,15,46.82782745361328
1,3600,96,30004,16,16,9.513749122619629
1,3600,96,30004,16,17,0.5550529956817627
1,3600,96,30004,16,18,0.13580390810966492
1,3600,96,30004,16,19,35.348018646240234
1,3600,96,30004,16,20,1.4318923950195312
1,3600,96,30004,16,21,0.3204704821109772
1,3600,96,30004,16,22,0.29278290271759033
1,3600,96,30004,16,23,1.232472538948059
1,3600,96,30004,16,24,14.994704246520996
1,3600,96,30004,16,25,41.2995491027832
1,3600,96,30004,16,26,35.95205307006836
1,3600,96,30004,16,27,41.02921676635742
1,3600,96,30004,16,28,42.54305648803711
1,3600,96,30004,16,29,1.4639265537261963
1,3600,97,30004,17,0,0.7160221338272095
1,3600,97,30004,17,1,2.424551010131836
1,3600,97,30004,17,2,46.065250396728516
1,3600,97,30004,17,3,4.06552267074585
1,3600,97,30004,17,4,44.12108612060547
1,3600,97,30004,17,5,36.68618392944336
1,3600,97,30004,17,6,25.241308212280273
1,3600,97,30004,17,7,8.800337791442871
1,3600,97,30004,17,8,5.353517055511475
1,3600,97,30004,17,9,26.782400131225586
1,3600,97,30004,17,10,43.97774887084961
1,3600,97,30004,17,11,42.54220199584961
1,3600,97,30004,17,12,0.07985644042491913
1,3600,97,30004,17,13,44.87850570678711
1,3600,97,30004,17,14,19.469892501831055
1,3600,97,30004,17,15,4.110292434692383
1,3600,97,30004,17,16,8.882004737854004
1,3600,97,30004,17,17,37.32568359375
1,3600,97,30004,17,18,42.47597885131836
1,3600,97,30004,17,19,4.05251407623291
1,3600,97,30004,17,20,1.0662124156951904
1,3600,97,30004,17,21,45.44757843017578
1,3600,97,30004,17,22,10.100327491760254
1,3600,97,30004,17,23,11.241903305053711
1,3600,97,30004,17,24,6.904078483581543
1,3600,97,30004,17,25,36.15996170043945
1,3600,97,30004,17,26,3.571345806121826
1,3600,97,30004,17,27,48.20854949951172
1,3600,97,30004,17,28,23.201892852783203
1,3600,97,30004,17,29,16.008041381835938
1,3600,98,30004,18,0,47.82828140258789
1,3600,98,30004,18,1,1.955915927886963
1,3600,98,30004,18,2,1.0623854398727417
1,3600,98,30004,18,3,15.772043228149414
1,3600,98,30004,18,4,3.0367679595947266
1,3600,98,30004,18,5,0.09149600565433502
1,3600,98,30004,18,6,0.0977887213230133
1,3600,98,30004,18,7,22.350475311279297
1,3600,98,30004,18,8,28.796260833740234
1,3600,98,30004,18,9,2.5413172245025635
1,3600,98,30004,18,10,44.7562370300293
1,3600,98,30004,18,11,16.440034866333008
1,3600,98,30004,18,12,0.09502394497394562
1,3600,98,30004,18,13,3.8556487560272217
1,3600,98,30004,18,14,36.10855484008789
1,3600,98,30004,18,15,13.886995315551758
1,3600,98,30004,18,16,42.179725646972656
1,3600,98,30004,18,17,1.0231084823608398
1,3600,98,30004,18,18,2.344916343688965
1,3600,98,30004,18,19,0.29151394963264465
1,3600,98,30004,18,20,7.957076549530029
1,3600,98,30004,18,21,2.9804341793060303
1,3600,98,30004,18,22,40.722129821777344
1,3600,98,30004,18,23,37.16109848022461
1,3600,98,30004,18,24,2.515260696411133
1,3600,98,30004,18,25,34.03984451293945
1,3600,98,30004,18,26,0.67292320728302
1,3600,98,30004,18,27,5.498294830322266
1,3600,98,30004,18,28,30.426103591918945
1,3600,98,30004,18,29,7.089155197143555
1,3600,99,30004,19,0,0.08972181379795074
1,3600,99,30004,19,1,25.690866470336914
1,3600,99,30004,19,2,0.3867223858833313
1,3600,99,30004,19,3,1.6544697284698486
1,3600,99,30004,19,4,37.59479522705078
1,3600,99,30004,19,5,3.4026718139648438
1,3600,99,30004,19,6,42.700809478759766
1,3600,99,30004,19,7,0.8936101794242859
1,3600,99,30004,19,8,1.1170638799667358
1,3600,99,30004,19,9,41.0456657409668
1,3600,99,30004,19,10,8.675312042236328
1,3600,99,30004,19,11,4.69924259185791
1,3600,99,30004,19,12,1.103263020515442
1,3600,99,30004,19,13,0.7023988366127014
1,3600,99,30004,19,14,1.6960169076919556
1,3600,99,30004,19,15,1.584637999534607
1,3600,99,30004,19,16,1.7480276823043823
1,3600,99,30004,19,17,40.31840133666992
1,3600,99,30004,19,18,0.920148491859436
1,3600,99,30004,19,19,2.862112522125244
1,3600,99,30004,19,20,46.40858840942383
1,3600,99,30004,19,21,34.58595275878906
1,3600,99,30004,19,22,3.441498041152954
1,3600,99,30004,19,23,34.6402473449707
1,3600,99,30004,19,24,0.9617647528648376
1,3600,99,30004,19,25,5.09082555770874
1,3600,99,30004,19,26,1.1736361980438232
1,3600,99,30004,19,27,1.1578253507614136
1,3600,99,30004,19,28,2.7058775424957275
1,3600,99,30004,19,29,3.839853525161743
2,7200,80,30004,0,0,3.6542935371398926
2,7200,80,30004,0,1,2.0048892498016357
2,7200,80,30004,0,2,15.800395965576172
2,7200,80,30004,0,3,11.152335166931152
2,7200,80,30004,0,4,0.2065352499485016
2,7200,80,30004,0,5,0.6849592924118042
2,7200,80,30004,0,6,3.3530006408691406
2,7200,80,30004,0,7,3.0860960483551025
2,7200,80,30004,0,8,17.227304458618164
2,7200,80,30004,0,9,10.179160118103027
2,7200,80,30004,0,10,6.640817642211914
2,7200,80,30004,0,11,11.209900856018066
2,7200,80,30004,0,12,0.1521185040473938
2,7200,80,30004,0,13,4.659407615661621
2,7200,80,30004,0,14,2.5303871631622314
2,7200,80,30004,0,15,1.0115280151367188
2,7200,80,30004,0,16,6.09158182144165
2,7200,80,30004,0,17,0.44404205679893494
2,7200,80,30004,0,18,16.493789672851562
2,7200,80,30004,0,19,2.420802354812622
2,7200,80,30004,0,20,0.5771588087081909
2,7200,80,30004,0,21,0.37512466311454773
2,7200,80,30004,0,22,9.64354419708252
2,7200,80,30004,0,23,4.9636030197143555
2,7200,80,30004,0,24,0.1374974250793457
2,7200,80,30004,0,25,2.185720443725586
2,7200,80,30004,0,26,0.6356768608093262
2,7200,80,30004,0,27,0.16617903113365173
2,7200,80,30004,0,28,14.1280517578125
2,7200,80,30004,0,29,6.382600784301758
2,7200,81,30004,1,0,11.611181259155273
2,7200,81,30004,1,1,30.318418502807617
2,7200,81,30004,1,2,10.11252212524414
2,7200,81,30004,1,3,2.217078685760498
2,7200,81,30004,1,4,0.13763676583766937
2,7200,81,30004,1,5,1.3058316707611084
2,7200,81,30004,1,6,2.67663311958313
2,7200,81,30004,1,7,3.57100772857666
2,7200,81,30004,1,8,0.3357020616531372
2,7200,81,30004,1,9,1.1936254501342773
2,7200,81,30004,1,10,13.445663452148438
2,7200,81,30004,1,11,0.37164217233657837
2,7200,81,30004,1,12,1.5962610244750977
2,7200,81,30004,1,13,9.581762313842773
2,7200,81,30004,1,14,9.841794967651367
2,7200,81,30004,1,15,4.009156703948975
2,7200,81,30004,1,16,5.871527671813965
2,7200,81,30004,1,17,3.105442523956299
2,7200,81,30004,1,18,11.092101097106934
2,7200,81,30004,1,19,34.27435302734375
2,7200,81,30004,1,20,6.752097129821777
2,7200,81,30004,1,21,13.816601753234863
2,7200,81,30004,1,22,2.1461100578308105
2,7200,81,30004,1,23,0.6904662847518921
2,7200,81,30004,1,24,2.8241539001464844
2,7200,81,30004,1,25,0.19975608587265015
2,7200,81,30004,1,26,2.772038698196411
2,7200,81,30004,1,27,0.2862717807292938
2,7200,81,30004,1,28,5.579538822174072
2,7200,81,30004,1,29,0.0815315991640091
2,7200,82,30004,2,0,28.72384262084961
2,7200,82,30004,2,1,25.69500160217285
2,7200,82,30004,2,2,3.1551973819732666
2,7200,82,30004,2,3,0.12027132511138916
2,7200,82,30004,2,4,13.6926851272583
2,7200,82,30004,2,5,2.3922901153564453
2,7200,82,30004,2,6,1.3610717058181763
2,7200,82,30004,2,7,6.527095317840576
2,7200,82,30004,2,8,0.9867243766784668
2,7200,82,30004,2,9,0.5748915672302246
2,7200,82,30004,2,10,0.9340164661407471
2,7200,82,30004,2,11,0.17508186399936676
2,7200,82,30004,2,12,1.5951690673828125
2,7200,82,30004,2,13,3.836893320083618
2,7200,82,30004,2,14,14.37799072265625
2,7200,82,30004,2,15,0.1133376955986023
2,7200,82,30004,2,16,5.620864391326904
2,7200,82,30004,2,17,4.276293754577637
2,7200,82,30004,2,18,31.852954864501953
2,7200,82,30004,2,19,0.1163778305053711
2,7200,82,30004,2,20,4.7499680519104
2,7200,82,30004,2,21,7.857973098754883
2,7200,82,30004,2,22,25.865644454956055
2,7200,82,30004,2,23,2.9189019203186035
2,7200,82,30004,2,24,10.454248428344727
2,7200,82,30004,2,25,2.7352283000946045
2,7200,82,30004,2,26,7.198566913604736
2,7200,82,30004,2,27,31.34160804748535
2,7200,82,30004,2,28,0.40253835916519165
2,7200,82,30004,2,29,5.353549003601074
2,7200,83,30004,3,0,1.867262840270996
2,7200,83,30004,3,1,0.5147085785865784
2,7200,83,30004,3,2,6.563724994659424
2,7200,83,30004,3,3,2.941258430480957
2,7200,83,30004,3,4,0.06637720763683319
2,7200,83,30004,3,5,3.8565359115600586
2,7200,83,30004,3,6,0.994674801826477
2,7200,83,30004,3,7,15.575362205505371
2,7200,83,30004,3,8,2.321791172027588
2,7200,83,30004,3,9,24.57369613647461
2,7200,83,30004,3,10,2.9875760078430176
2,7200,83,30004,3,11,0.20866243541240692
2,7200,83,30004,3,12,2.058359384536743
2,7200,83,30004,3,13,0.46147802472114563
2,7200,83,30004,3,14,5.4382429122924805
2,7200,83,30004,3,15,7.697120666503906
2,7200,83,30004,3,16,0.17557398974895477
2,7200,83,30004,3,17,9.329761505126953
2,7200,83,30004,3,18,0.6398366689682007
2,7200,83,30004,3,19,1.344310998916626
2,7200,83,30004,3,20,0.2485952377319336
2,7200,83,30004,3,21,0.5373015403747559
2,7200,83,30004,3,22,2.603060245513916
2,7200,83,30004,3,23,5.62349271774292
2,7200,83,30004,3,24,0.37667930126190186
2,7200,83,30004,3,25,27.033660888671875
2,7200,83,30004,3,26,0.7825841307640076
2,7200,83,30004,3,27,7.105861186981201
2,7200,83,30004,3,28,18.427370071411133
2,7200,83,30004,3,29,1.5298879146575928
2,7200,84,30004,4,0,0.8054327964782715
2,7200,84,30004,4,1,0.4093235731124878
2,7200,84,30004,4,2,1.1038414239883423
2,7200,84,30004,4,3,4.770576477050781
2,7200,84,30004,4,4,3.1281304359436035
2,7200,84,30004,4,5,5.901764869689941
2,7200,84,30004,4,6,3.931225299835205
2,7200,84,30004,4,7,4.9987053871154785
2,7200,84,30004,4,8,2.6292543411254883
2,7200,84,30004,4,9,6.332608699798584
2,7200,84,30004,4,10,3.7551350593566895
2,7200,84,30004,4,11,0.2099287211894989
2,7200,84,30004,4,12,0.2412722408771515
2,7200,84,30004,4,13,0.13052241504192352
2,7200,84,30004,4,14,0.28333041071891785
2,7200,84,30004,4,15,5.661936283111572
2,7200,84,30004,4,16,0.5796975493431091
2,7200,84,30004,4,17,48.457183837890625
2,7200,84,30004,4,18,4.871917247772217
2,7200,84,30004,4,19,3.211143970489502
2,7200,84,30004,4,20,5.915308475494385
2,7200,84,30004,4,21,9.113710403442383
2,7200,84,30004,4,22,26.081151962280273
2,7200,84,30004,4,23,7.0518693923950195
2,7200,84,30004,4,24,27.501392364501953
2,7200,84,30004,4,25,0.18507227301597595
2,7200,84,30004,4,26,0.15422315895557404
2,7200,84,30004,4,27,0.680896520614624
2,7200,84,30004,4,28,52.21104049682617
2,7200,84,30004,4,29,1.2632617950439453
2,7200,85,30004,5,0,28.402774810791016
2,7200,85,30004,5,1,8.489252090454102
2,7200,85,30004,5,2,25.886680603027344
2,7200,85,30004,5,3,16.027454376220703
2,7200,85,30004,5,4,0.17746341228485107
2,7200,85,30004,5,5,24.545400619506836
2,7200,85,30004,5,6,0.16383884847164154
2,7200,85,30004,5,7,1.5065491199493408
2,7200,85,30004,5,8,3.4927189350128174
2,7200,85,30004,5,9,4.808172225952148
2,7200,85,30004,5,10,4.505706787109375
2,7200,85,30004,5,11,28.66042137145996
2,7200,85,30004,5,12,1.8111131191253662
2,7200,85,30004,5,13,6.107964992523193
2,7200,85,30004,5,14,7.8619208335876465
2,7200,85,30004,5,15,0.6124784350395203
2,7200,85,30004,5,16,2.3657033443450928
2,7200,85,30004,5,17,26.43185043334961
2,7200,85,30004,5,18,0.6423247456550598
2,7200,85,30004,5,19,8.782489776611328
2,7200,85,30004,5,20,0.11564381420612335
2,7200,85,30004,5,21,7.003705978393555
2,7200,85,30004,5,22,6.838539123535156
2,7200,85,30004,5,23,4.690465450286865
2,7200,85,30004,5,24,0.48750466108322144
2,7200,85,30004,5,25,15.915124893188477
2,7200,85,30004,5,26,8.401359558105469
2,7200,85,30004,5,27,0.0785193145275116
2,7200,85,30004,5,28,0.8060257434844971
2,7200,85,30004,5,29,19.217741012573242
2,7200,86,30004,6,0,5.5638508796691895
2,7200,86,30004,6,1,0.43207743763923645
2,7200,86,30004,6,2,10.158514022827148
2,7200,86,30004,6,3,7.693082332611084
2,7200,86,30004,6,4,20.349672317504883
2,7200,86,30004,6,5,5.086008548736572
2,7200,86,30004,6,6,4.203667640686035
2,7200,86,30004,6,7,3.894972801208496
2,7200,86,30004,6,8,0.31647762656211853
2,7200,86,30004,6,9,6.174549102783203
2,7200,86,30004,6,10,12.041475296020508
2,7200,86,30004,6,11,2.7544374465942383
2,7200,86,30004,6,12,1.9026670455932617
2,7200,86,30004,6,13,3.766679048538208
2,7200,86,30004,6,14,0.6347478628158569
2,7200,86,30004,6,15,2.353726387023926
2,7200,86,30004,6,16,0.8917552828788757
2,7200,86,30004,6,17,0.05999999865889549
2,7200,86,30004,6,18,2.219240665435791
2,7200,86,30004,6,19,11.306772232055664
2,7200,86,30004,6,20,5.275382041931152
2,7200,86,30004,6,21,1.911391019821167
2,7200,86,30004,6,22,2.0176539421081543
2,7200,86,30004,6,23,14.58532428741455
2,7200,86,30004,6,24,0.4108527600765228
2,7200,86,30004,6,25,1.7574825286865234
2,7200,86,30004,6,26,1.5205748081207275
2,7200,86,30004,6,27,4.2080607414245605
2,7200,86,30004,6,28,4.487784385681152
2,7200,86,30004,6,29,6.943077087402344
2,7200,87,30004,7,0,10.854982376098633
2,7200,87,30004,7,1,5.5340070724487305
2,7200,87,30004,7,2,0.20538532733917236
2,7200,87,30004,7,3,17.61264991760254
2,7200,87,30004,7,4,6.379611015319824
2,7200,87,30004,7,5,0.1930040568113327
2,7200,87,30004,7,6,0.1590220034122467
2,7200,87,30004,7,7,9.2581205368042
2,7200,87,30004,7,8,1.8527915477752686
2,7200,87,30004,7,9,2.959550142288208
2,7200,87,30004,7,10,1.2289355993270874
2,7200,87,30004,7,11,0.11647379398345947
2,7200,87,30004,7,12,6.998406887054443
2,7200,87,30004,7,13,2.301586151123047
2,7200,87,30004,7,14,1.4523433446884155
2,7200,87,30004,7,15,1.7383339405059814
2,7200,87,30004,7,16,0.32624518871307373
2,7200,87,30004,7,17,5.643690586090088
2,7200,87,30004,7,18,8.922830581665039
2,7200,87,30004,7,19,17.639854431152344
2,7200,87,30004,7,20,7.711770057678223
2,7200,87,30004,7,21,8.695353507995605
2,7200,87,30004,7,22,1.5798819065093994
2,7200,87,30004,7,23,7.98859977722168
2,7200,87,30004,7,24,0.8023386597633362
2,7200,87,30004,7,25,0.8525809645652771
2,7200,87,30004,7,26,0.2797045111656189
2,7200,87,30004,7,27,9.410572052001953
2,7200,87,30004,7,28,2.396287679672241
2,7200,87,30004,7,29,2.5240981578826904
2,7200,88,30004,8,0,12.843180656433105
2,7200,88,30004,8,1,2.2198734283447266
2,7200,88,30004,8,2,0.06021818891167641
2,7200,88,30004,8,3,0.12299805134534836
2,7200,88,30004,8,4,6.955784797668457
2,7200,88,30004,8,5,28.715190887451172
2,7200,88,30004,8,6,18.371475219726562
2,7200,88,30004,8,7,5.647451877593994
2,7200,88,30004,8,8,5.152995586395264
2,7200,88,30004,8,9,3.215883255004883
2,7200,88,30004,8,10,16.93906021118164
2,7200,88,30004,8,11,0.5010308027267456
2,7200,88,30004,8,12,2.1590607166290283
2,7200,88,30004,8,13,3.38997745513916
2,7200,88,30004,8,14,25.537080764770508
2,7200,88,30004,8,15,26.011127471923828
2,7200,88,30004,8,16,0.3310542702674866
2,7200,88,30004,8,17,2.675725221633911
2,7200,88,30004,8,18,3.826542615890503
2,7200,88,30004,8,19,7.329205513000488
2,7200,88,30004,8,20,0.2684599757194519
2,7200,88,30004,8,21,29.926795959472656
2,7200,88,30004,8,22,2.4227030277252197
2,7200,88,30004,8,23,16.83989715576172
2,7200,88,30004,8,24,2.2661759853363037
2,7200,88,30004,8,25,9.124421119689941
2,7200,88,30004,8,26,3.968528985977173
2,7200,88,30004,8,27,0.16653849184513092
2,7200,88,30004,8,28,0.6085852384567261
2,7200,88,30004,8,29,7.329245090484619
2,7200,89,30004,9,0,0.11155354976654053
2,7200,89,30004,9,1,5.96004581451416
2,7200,89,30004,9,2,40.26026916503906
2,7200,89,30004,9,3,3.861924171447754
2,7200,89,30004,9,4,0.1157669946551323
2,7200,89,30004,9,5,2.0051605701446533
2,7200,89,30004,9,6,75.00017547607422
2,7200,89,30004,9,7,5.623760223388672
2,7200,89,30004,9,8,5.680654048919678
2,7200,89,30004,9,9,8.82714557647705
2,7200,89,30004,9,10,0.06228438764810562
2,7200,89,30004,9,11,2.175673484802246
2,7200,89,30004,9,12,33.51139831542969
2,7200,89,30004,9,13,0.8716059923171997
2,7200,89,30004,9,14,3.8282546997070312
2,7200,89,30004,9,15,2.4348506927490234
2,7200,89,30004,9,16,29.42471694946289
2,7200,89,30004,9,17,4.965694427490234
2,7200,89,30004,9,18,6.459277153015137
2,7200,89,30004,9,19,0.3229689598083496
2,7200,89,30004,9,20,1.8190137147903442
2,7200,89,30004,9,21,52.31503677368164
2,7200,89,30004,9,22,1.8457170724868774
2,7200,89,30004,9,23,8.553741455078125
2,7200,89,30004,9,24,29.066593170166016
2,7200,89,30004,9,25,5.602990627288818
2,7200,89,30004,9,26,14.04829216003418
2,7200,89,30004,9,27,4.743037223815918
2,7200,89,30004,9,28,3.3902063369750977
2,7200,89,30004,9,29,5.67533540725708
2,7200,90,30004,10,0,8.886714935302734
2,7200,90,30004,10,1,28.082250595092773
2,7200,90,30004,10,2,2.368730068206787
2,7200,90,30004,10,3,5.070680618286133
2,7200,90,30004,10,4,0.6457759737968445
2,7200,90,30004,10,5,6.220873832702637
2,7200,90,30004,10,6,3.107103109359741
2,7200,90,30004,10,7,34.32112503051758
2,7200,90,30004,10,8,1.256953239440918
2,7200,90,30004,10,9,3.6911981105804443
2,7200,90,30004,10,10,8.433099746704102
2,7200,90,30004,10,11,6.674905300140381
2,7200,90,30004,10,12,1.1905369758605957
2,7200,90,30004,10,13,3.8302624225616455
2,7200,90,30004,10,14,1.2523531913757324
2,7200,90,30004,10,15,0.705807089805603
2,7200,90,30004,10,16,5.125420093536377
2,7200,90,30004,10,17,4.504600524902344
2,7200,90,30004,10,18,0.12387552857398987
2,7200,90,30004,10,19,10.241145133972168
2,7200,90,30004,10,20,1.7170076370239258
2,7200,90,30004,10,21,9.530077934265137
2,7200,90,30004,10,22,3.638193368911743
2,7200,90,30004,10,23,3.521749258041382
2,7200,90,30004,10,24,0.09705740213394165
2,7200,90,30004,10,25,3.7654662132263184
2,7200,90,30004,10,26,0.6330333352088928
2,7200,90,30004,10,27,3.974557638168335
2,7200,90,30004,10,28,0.06383738666772842
2,7200,90,30004,10,29,15.6217622756958
2,7200,91,30004,11,0,4.03678035736084
2,7200,91,30004,11,1,24.424232482910156
2,7200,91,30004,11,2,0.8232267498970032
2,7200,91,30004,11,3,1.486141562461853
2,7200,91,30004,11,4,29.522218704223633
2,7200,91,30004,11,5,1.213891625404358
2,7200,91,30004,11,6,4.520044326782227
2,7200,91,30004,11,7,0.9596146941184998
2,7200,91,30004,11,8,0.7936714887619019
2,7200,91,30004,11,9,56.73368453979492
2,7200,91,30004,11,10,1.6410222053527832
2,7200,91,30004,11,11,0.05999999865889549
2,7200,91,30004,11,12,0.15338513255119324
2,7200,91,30004,11,13,6.720675945281982
2,7200,91,30004,11,14,7.043300151824951
2,7200,91,30004,11,15,1.3443307876586914
2,7200,91,30004,11,16,22.738847732543945
2,7200,91,30004,11,17,0.9051859378814697
2,7200,91,30004,11,18,25.2963809967041
2,7200,91,30004,11,19,25.83097267150879
2,7200,91,30004,11,20,7.185948371887207
2,7200,91,30004,11,21,6.211160659790039
2,7200,91,30004,11,22,44.533721923828125
2,7200,91,30004,11,23,25.456317901611328
2,7200,91,30004,11,24,4.923331260681152
2,7200,91,30004,11,25,7.195018291473389
2,7200,91,30004,11,26,0.24126583337783813
2,7200,91,30004,11,27,18.148639678955078
2,7200,91,30004,11,28,17.91243553161621
2,7200,91,30004,11,29,2.9655985832214355
2,7200,92,30004,12,0,8.021892547607422
2,7200,92,30004,12,1,5.658105373382568
2,7200,92,30004,12,2,8.464083671569824
2,7200,92,30004,12,3,7.891138076782227
2,7200,92,30004,12,4,6.320061206817627
2,7200,92,30004,12,5,37.64103317260742
2,7200,92,30004,12,6,1.7054989337921143
2,7200,92,30004,12,7,4.855699062347412
2,7200,92,30004,12,8,5.508447170257568
2,7200,92,30004,12,9,21.28913116455078
2,7200,92,30004,12,10,102.39979553222656
2,7200,92,30004,12,11,0.6322180032730103
2,7200,92,30004,12,12,0.19602052867412567
2,7200,92,30004,12,13,5.600271701812744
2,7200,92,30004,12,14,0.25971096754074097
2,7200,92,30004,12,15,27.564538955688477
2,7200,92,30004,12,16,1.1548408269882202
2,7200,92,30004,12,17,1.2246893644332886
2,7200,92,30004,12,18,0.199583038687706
2,7200,92,30004,12,19,27.73453140258789
2,7200,92,30004,12,20,0.06979052722454071
2,7200,92,30004,12,21,6.831466197967529
2,7200,92,30004,12,22,5.370724678039551
2,7200,92,30004,12,23,27.06743049621582
2,7200,92,30004,12,24,22.753358840942383
2,7200,92,30004,12,25,23.08493423461914
2,7200,92,30004,12,26,1.1733779907226562
2,7200,92,30004,12,27,0.13571137189865112
2,7200,92,30004,12,28,1.3124933242797852
2,7200,92,30004,12,29,3.7985332012176514
2,7200,93,30004,13,0,1.6541643142700195
2,7200,93,30004,13,1,0.843250036239624
2,7200,93,30004,13,2,0.21486955881118774
2,7200,93,30004,13,3,0.2657722234725952
2,7200,93,30004,13,4,0.2618398666381836
2,7200,93,30004,13,5,1.504638433456421
2,7200,93,30004,13,6,0.2616400122642517
2,7200,93,30004,13,7,3.936957359313965
2,7200,93,30004,13,8,7.611119270324707
2,7200,93,30004,13,9,0.3650616705417633
2,7200,93,30004,13,10,0.8657717108726501
2,7200,93,30004,13,11,2.147334575653076
2,7200,93,30004,13,12,0.48167115449905396
2,7200,93,30004,13,13,0.9055032730102539
2,7200,93,30004,13,14,0.05999999865889549
2,7200,93,30004,13,15,0.282846599817276
2,7200,93,30004,13,16,2.8178622722625732
2,7200,93,30004,13,17,11.86898422241211
2,7200,93,30004,13,18,0.847893238067627
2,7200,93,30004,13,19,2.884730815887451
2,7200,93,30004,13,20,3.4434170722961426
2,7200,93,30004,13,21,1.0019439458847046
2,7200,93,30004,13,22,0.40914803743362427
2,7200,93,30004,13,23,0.15454500913619995
2,7200,93,30004,13,24,5.550229072570801
2,7200,93,30004,13,25,9.606430053710938
2,7200,93,30004,13,26,5.723106861114502
2,7200,93,30004,13,27,0.2243293821811676
2,7200,93,30004,13,28,23.116981506347656
2,7200,93,30004,13,29,7.0302839279174805
2,7200,94,30004,14,0,2.466217517852783
2,7200,94,30004,14,1,11.680615425109863
2,7200,94,30004,14,2,0.12044037878513336
2,7200,94,30004,14,3,12.652657508850098
2,7200,94,30004,14,4,5.667937278747559
2,7200,94,30004,14,5,6.957799911499023
2,7200,94,30004,14,6,13.014307022094727
2,7200,94,30004,14,7,1.401992678642273
2,7200,94,30004,14,8,0.24475276470184326
2,7200,94,30004,14,9,15.344816207885742
2,7200,94,30004,14,10,2.428830146789551
2,7200,94,30004,14,11,5.055784225463867
2,7200,94,30004,14,12,4.94934606552124
2,7200,94,30004,14,13,0.4313467741012573
2,7200,94,30004,14,14,0.9055744409561157
2,7200,94,30004,14,15,10.678055763244629
2,7200,94,30004,14,16,0.8617970943450928
2,7200,94,30004,14,17,1.4385607242584229
2,7200,94,30004,14,18,1.2722394466400146
2,7200,94,30004,14,19,4.271933555603027
2,7200,94,30004,14,20,21.110454559326172
2,7200,94,30004,14,21,0.1582747995853424
2,7200,94,30004,14,22,1.9527665376663208
2,7200,94,30004,14,23,8.82053279876709
2,7200,94,30004,14,24,12.095049858093262
2,7200,94,30004,14,25,0.935057520866394
2,7200,94,30004,14,26,3.664911985397339
2,7200,94,30004,14,27,0.2547914981842041
2,7200,94,30004,14,28,3.018545627593994
2,7200,94,30004,14,29,4.564253807067871
2,7200,95,30004,15,0,4.987634658813477
2,7200,95,30004,15,1,9.192909240722656
2,7200,95,30004,15,2,4.32444953918457
2,7200,95,30004,15,3,25.60928726196289
2,7200,95,30004,15,4,0.27138999104499817
2,7200,95,30004,15,5,25.446706771850586
2,7200,95,30004,15,6,20.554859161376953
2,7200,95,30004,15,7,0.12215840816497803
2,7200,95,30004,15,8,0.06052291765809059
2,7200,95,30004,15,9,8.49400806427002
2,7200,95,30004,15,10,13.250228881835938
2,7200,95,30004,15,11,1.41586434841156
2,7200,95,30004,15,12,26.352432250976562
2,7200,95,30004,15,13,3.0899105072021484
2,7200,95,30004,15,14,4.914216995239258
2,7200,95,30004,15,15,0.5415273308753967
2,7200,95,30004,15,16,0.4843088686466217
2,7200,95,30004,15,17,1.3270070552825928
2,7200,95,30004,15,18,3.7174811363220215
2,7200,95,30004,15,19,10.129744529724121
2,7200,95,30004,15,20,0.23641391098499298
2,7200,95,30004,15,21,5.21806526184082
2,7200,95,30004,15,22,4.930703639984131
2,7200,95,30004,15,23,0.5150290727615356
2,7200,95,30004,15,24,1.1140391826629639
2,7200,95,30004,15,25,1.5770137310028076
2,7200,95,30004,15,26,2.7522284984588623
2,7200,95,30004,15,27,4.906058311462402
2,7200,95,30004,15,28,4.956161975860596
2,7200,95,30004,15,29,16.087631225585938
2,7200,96,30004,16,0,0.22991755604743958
2,7200,96,30004,16,1,0.9960420727729797
2,7200,96,30004,16,2,25.329675674438477
2,7200,96,30004,16,3,1.4614169597625732
2,7200,96,30004,16,4,6.809749603271484
2,7200,96,30004,16,5,1.8042125701904297
2,7200,96,30004,16,6,7.841562271118164
2,7200,96,30004,16,7,5.705475807189941
2,7200,96,30004,16,8,0.8900746703147888
2,7200,96,30004,16,9,0.06639298051595688
2,7200,96,30004,16,10,9.213146209716797
2,7200,96,30004,16,11,6.490915775299072
2,7200,96,30004,16,12,1.0785056352615356
2,7200,96,30004,16,13,10.095040321350098
2,7200,96,30004,16,14,3.6695683002471924
2,7200,96,30004,16,15,9.371622085571289
2,7200,96,30004,16,16,0.08257057517766953
2,7200,96,30004,16,17,1.8090630769729614
2,7200,96,30004,16,18,3.668631076812744
2,7200,96,30004,16,19,2.166049003601074
2,7200,96,30004,16,20,7.994699001312256
2,7200,96,30004,16,21,6.7918477058410645
2,7200,96,30004,16,22,1.1603761911392212
2,7200,96,30004,16,23,0.2941034138202667
2,7200,96,30004,16,24,21.224143981933594
2,7200,96,30004,16,25,8.002578735351562
2,7200,96,30004,16,26,7.04892635345459
2,7200,96,30004,16,27,9.426740646362305
2,7200,96,30004,16,28,0.4774792492389679
2,7200,96,30004,16,29,4.042462348937988
2,7200,97,30004,17,0,2.888385534286499
2,7200,97,30004,17,1,0.06879252195358276
2,7200,97,30004,17,2,11.339090347290039
2,7200,97,30004,17,3,8.478534698486328
2,7200,97,30004,17,4,1.2096278667449951
2,7200,97,30004,17,5,11.470009803771973
2,7200,97,30004,17,6,35.937828063964844
2,7200,97,30004,17,7,14.093871116638184
2,7200,97,30004,17,8,8.401854515075684
2,7200,97,30004,17,9,2.0133142471313477
2,7200,97,30004,17,10,0.748030424118042
2,7200,97,30004,17,11,9.832558631896973
2,7200,97,30004,17,12,0.7802874445915222
2,7200,97,30004,17,13,4.422845840454102
2,7200,97,30004,17,14,0.08818108588457108
2,7200,97,30004,17,15,8.243974685668945
2,7200,97,30004,17,16,17.143692016601562
2,7200,97,30004,17,17,2.949605941772461
2,7200,97,30004,17,18,3.11826229095459
2,7200,97,30004,17,19,8.746171951293945
2,7200,97,30004,17,20,0.15220168232917786
2,7200,97,30004,17,21,0.5138908624649048
2,7200,97,30004,17,22,15.513556480407715
2,7200,97,30004,17,23,21.89536476135254
2,7200,97,30004,17,24,13.742218971252441
2,7200,97,30004,17,25,46.33685302734375
2,7200,97,30004,17,26,6.865046501159668
2,7200,97,30004,17,27,7.2335405349731445
2,7200,97,30004,17,28,31.620468139648438
2,7200,97,30004,17,29,23.64965057373047
2,7200,98,30004,18,0,0.851547360420227
2,7200,98,30004,18,1,0.09692923724651337
2,7200,98,30004,18,2,6.105877876281738
2,7200,98,30004,18,3,25.248023986816406
2,7200,98,30004,18,4,5.236713886260986
2,7200,98,30004,18,5,1.0472732782363892
2,7200,98,30004,18,6,2.2134459018707275
2,7200,98,30004,18,7,0.763691782951355
2,7200,98,30004,18,8,0.06774517148733139
2,7200,98,30004,18,9,9.59319019317627
2,7200,98,30004,18,10,0.6789351105690002
2,7200,98,30004,18,11,24.897647857666016
2,7200,98,30004,18,12,2.3328497409820557
2,7200,98,30004,18,13,0.11696726083755493
2,7200,98,30004,18,14,1.4252257347106934
2,7200,98,30004,18,15,22.100095748901367
2,7200,98,30004,18,16,1.6352522373199463
2,7200,98,30004,18,17,3.106762170791626
2,7200,98,30004,18,18,5.8790364265441895
2,7200,98,30004,18,19,1.7792384624481201
2,7200,98,30004,18,20,14.902021408081055
2,7200,98,30004,18,21,0.48545578122138977
2,7200,98,30004,18,22,1.6050328016281128
2,7200,98,30004,18,23,2.5654449462890625
2,7200,98,30004,18,24,10.776395797729492
2,7200,98,30004,18,25,1.127077579498291
2,7200,98,30004,18,26,5.041624069213867
2,7200,98,30004,18,27,0.5543563961982727
2,7200,98,30004,18,28,0.8792298436164856
2,7200,98,30004,18,29,16.974212646484375
2,7200,99,30004,19,0,1.336483120918274
2,7200,99,30004,19,1,0.17597873508930206
2,7200,99,30004,19,2,5.392176628112793
2,7200,99,30004,19,3,9.809036254882812
2,7200,99,30004,19,4,9.229812622070312
2,7200,99,30004,19,5,0.11513085663318634
2,7200,99,30004,19,6,8.815126419067383
2,7200,99,30004,19,7,6.852510452270508
2,7200,99,30004,19,8,2.586503505706787
2,7200,99,30004,19,9,53.144351959228516
2,7200,99,30004,19,10,0.1922745257616043
2,7200,99,30004,19,11,14.000378608703613
2,7200,99,30004,19,12,4.169650554656982
2,7200,99,30004,19,13,3.6010427474975586
2,7200,99,30004,19,14,0.3185077905654907
2,7200,99,30004,19,15,10.006291389465332
2,7200,99,30004,19,16,7.9031877517700195
2,7200,99,30004,19,17,2.8139166831970215
2,7200,99,30004,19,18,3.4932711124420166
2,7200,99,30004,19,19,10.855466842651367
2,7200,99,30004,19,20,2.311370372772217
2,7200,99,30004,19,21,44.65850067138672
2,7200,99,30004,19,22,0.06457208096981049
2,7200,99,30004,19,23,2.111389398574829
2,7200,99,30004,19,24,3.002254009246826
2,7200,99,30004,19,25,11.406768798828125
2,7200,99,30004,19,26,1.8201148509979248
2,7200,99,30004,19,27,7.950162887573242
2,7200,99,30004,19,28,0.22014135122299194
2,7200,99,30004,19,29,0.22684800624847412
3,10800,80,30004,0,0,0.7943964600563049
3,10800,80,30004,0,1,0.12887215614318848
3,10800,80,30004,0,2,0.7508316040039062
3,10800,80,30004,0,3,1.046217441558838
3,10800,80,30004,0,4,15.221648216247559
3,10800,80,30004,0,5,10.59268569946289
3,10800,80,30004,0,6,0.25231224298477173
3,10800,80,30004,0,7,6.144958019256592
3,10800,80,30004,0,8,0.9483323097229004
3,10800,80,30004,0,9,0.6126793622970581
3,10800,80,30004,0,10,2.389117956161499
3,10800,80,30004,0,11,1.0002868175506592
3,10800,80,30004,0,12,0.25209352374076843
3,10800,80,30004,0,13,0.4053702652454376
3,10800,80,30004,0,14,0.48371589183807373
3,10800,80,30004,0,15,0.08473479747772217
3,10800,80,30004,0,16,0.1875752955675125
3,10800,80,30004,0,17,1.0791453123092651
3,10800,80,30004,0,18,1.7151925563812256
3,10800,80,30004,0,19,5.709552764892578
3,10800,80,30004,0,20,1.8342092037200928
3,10800,80,30004,0,21,1.1582224369049072
3,10800,80,30004,0,22,7.894834041595459
3,10800,80,30004,0,23,0.40612733364105225
3,10800,80,30004,0,24,0.8600987195968628
3,10800,80,30004,0,25,0.4579484462738037
3,10800,80,30004,0,26,0.878269612789154
3,10800,80,30004,0,27,0.8636870384216309
3,10800,80,30004,0,28,0.643172025680542
3,10800,80,30004,0,29,0.8402618169784546
3,10800,81,30004,1,0,2.0536255836486816
3,10800,81,30004,1,1,1.2203794717788696
3,10800,81,30004,1,2,7.172136306762695
3,10800,81,30004,1,3,0.3899679481983185
3,10800,81,30004,1,4,0.1861712634563446
3,10800,81,30004,1,5,0.14793121814727783
3,10800,81,30004,1,6,0.05999999865889549
3,10800,81,30004,1,7,0.8248757719993591
3,10800,81,30004,1,8,1.1541746854782104
3,10800,81,30004,1,9,0.10697086155414581
3,10800,81,30004,1,10,0.8134844303131104
3,10800,81,30004,1,11,4.34943962097168
3,10800,81,30004,1,12,0.3447902798652649
3,10800,81,30004,1,13,6.07223653793335
3,10800,81,30004,1,14,7.351779937744141
3,10800,81,30004,1,15,0.2541152238845825
3,10800,81,30004,1,16,1.3314448595046997
3,10800,81,30004,1,17,0.6968233585357666
3,10800,81,30004,1,18,7.079906463623047
3,10800,81,30004,1,19,1.8337045907974243
3,10800,81,30004,1,20,0.9143614768981934
3,10800,81,30004,1,21,0.5233131647109985
3,10800,81,30004,1,22,1.7202931642532349
3,10800,81,30004,1,23,1.122124433517456
3,10800,81,30004,1,24,1.865947961807251
3,10800,81,30004,1,25,1.7969683408737183
3,10800,81,30004,1,26,9.026310920715332
3,10800,81,30004,1,27,0.207776740193367
3,10800,81,30004,1,28,0.24504271149635315
3,10800,81,30004,1,29,0.3917759358882904
3,10800,82,30004,2,0,0.9735652804374695
3,10800,82,30004,2,1,0.6401845812797546
3,10800,82,30004,2,2,0.6508893966674805
3,10800,82,30004,2,3,2.0371906757354736
3,10800,82,30004,2,4,1.5867176055908203
3,10800,82,30004,2,5,1.1064088344573975
3,10800,82,30004,2,6,0.07448361814022064
3,10800,82,30004,2,7,2.9127249717712402
3,10800,82,30004,2,8,1.304556965827942
3,10800,82,30004,2,9,1.5683999061584473
3,10800,82,30004,2,10,0.20120245218276978
3,10800,82,30004,2,11,0.2548521161079407
3,10800,82,30004,2,12,0.1843700259923935
3,10800,82,30004,2,13,0.05999999865889549
3,10800,82,30004,2,14,0.8999100923538208
3,10800,82,30004,2,15,0.3841739892959595
3,10800,82,30004,2,16,0.20619548857212067
3,10800,82,30004,2,17,3.366431474685669
3,10800,82,30004,2,18,1.267936110496521
3,10800,82,30004,2,19,1.1383801698684692
3,10800,82,30004,2,20,0.1813872754573822
3,10800,82,30004,2,21,0.8245923519134521
3,10800,82,30004,2,22,0.8741617202758789
3,10800,82,30004,2,23,0.25625336170196533
3,10800,82,30004,2,24,1.1091023683547974
3,10800,82,30004,2,25,2.1993138790130615
3,10800,82,30004,2,26,0.2856246829032898
3,10800,82,30004,2,27,1.1953670978546143
3,10800,82,30004,2,28,1.1725430488586426
3,10800,82,30004,2,29,0.6046815514564514
3,10800,83,30004,3,0,4.3615007400512695
3,10800,83,30004,3,1,0.8824896216392517
3,10800,83,30004,3,2,0.5333392024040222
3,10800,83,30004,3,3,0.6818922758102417
3,10800,83,30004,3,4,0.33637210726737976
3,10800,83,30004,3,5,0.2923657298088074
3,10800,83,30004,3,6,0.1346411257982254
3,10800,83,30004,3,7,0.6267943382263184
3,10800,83,30004,3,8,7.4053802490234375
3,10800,83,30004,3,9,0.9745256304740906
3,10800,83,30004,3,10,0.29226183891296387
3,10800,83,30004,3,11,0.9862750768661499
3,10800,83,30004,3,12,0.5990575551986694
3,10800,83,30004,3,13,1.784876823425293
3,10800,83,30004,3,14,0.1779002994298935
3,10800,83,30004,3,15,0.6639701724052429
3,10800,83,30004,3,16,1.314332127571106
3,10800,83,30004,3,17,5.419956207275391
3,10800,83,30004,3,18,1.0503612756729126
3,10800,83,30004,3,19,0.2166205495595932
3,10800,83,30004,3,20,0.40467604994773865
3,10800,83,30004,3,21,0.3092469573020935
3,10800,83,30004,3,22,0.05999999865889549
3,10800,83,30004,3,23,0.3999978005886078
3,10800,83,30004,3,24,0.7317458987236023
3,10800,83,30004,3,25,1.6356003284454346
3,10800,83,30004,3,26,11.648667335510254
3,10800,83,30004,3,27,0.5324221849441528
3,10800,83,30004,3,28,0.6616095304489136
3,10800,83,30004,3,29,4.182855606079102
3,10800,84,30004,4,0,2.0398688316345215
3,10800,84,30004,4,1,0.9059350490570068
3,10800,84,30004,4,2,0.05999999865889549
3,10800,84,30004,4,3,2.82942795753479
3,10800,84,30004,4,4,0.22982493042945862
3,10800,84,30004,4,5,0.16767026484012604
3,10800,84,30004,4,6,0.30464595556259155
3,10800,84,30004,4,7,0.6109142303466797
3,10800,84,30004,4,8,0.21099478006362915
3,10800,84,30004,4,9,2.818402051925659
3,10800,84,30004,4,10,6.984994888305664
3,10800,84,30004,4,11,21.193191528320312
3,10800,84,30004,4,12,0.2518713176250458
3,10800,84,30004,4,13,1.6486546993255615
3,10800,84,30004,4,14,2.2783753871917725
3,10800,84,30004,4,15,0.15830102562904358
3,10800,84,30004,4,16,1.125201940536499
3,10800,84,30004,4,17,1.6863253116607666
3,10800,84,30004,4,18,0.41889363527297974
3,10800,84,30004,4,19,0.09183774143457413
3,10800,84,30004,4,20,3.0460031032562256
3,10800,84,30004,4,21,0.8878067135810852
3,10800,84,30004,4,22,0.6280603408813477
3,10800,84,30004,4,23,1.4626004695892334
3,10800,84,30004,4,24,2.2751858234405518
3,10800,84,30004,4,25,0.8686387538909912
3,10800,84,30004,4,26,0.3911358118057251
3,10800,84,30004,4,27,1.705077052116394
3,10800,84,30004,4,28,74.41246032714844
3,10800,84,30004,4,29,0.25184929370880127
3,10800,85,30004,5,0,0.4901675581932068
3,10800,85,30004,5,1,5.392049312591553
3,10800,85,30004,5,2,0.8813478350639343
3,10800,85,30004,5,3,33.41099548339844
3,10800,85,30004,5,4,0.292035847902298
3,10800,85,30004,5,5,1.4419598579406738
3,10800,85,30004,5,6,2.6169090270996094
3,10800,85,30004,5,7,0.05999999865889549
3,10800,85,30004,5,8,0.6430160999298096
3,10800,85,30004,5,9,0.37146279215812683
3,10800,85,30004,5,10,0.29111266136169434
3,10800,85,30004,5,11,1.7269717454910278
3,10800,85,30004,5,12,2.233888626098633
3,10800,85,30004,5,13,0.3708847165107727
3,10800,85,30004,5,14,0.427761435508728
3,10800,85,30004,5,15,1.0398333072662354
3,10800,85,30004,5,16,0.1397106647491455
3,10800,85,30004,5,17,1.913051962852478
3,10800,85,30004,5,18,1.114776849746704
3,10800,85,30004,5,19,4.646225929260254
3,10800,85,30004,5,20,0.1478031873703003
3,10800,85,30004,5,21,4.182626247406006
3,10800,85,30004,5,22,0.3374936878681183
3,10800,85,30004,5,23,0.20228934288024902
3,10800,85,30004,5,24,2.1995394229888916
3,10800,85,30004,5,25,32.79985046386719
3,10800,85,30004,5,26,4.878096580505371
3,10800,85,30004,5,27,0.3436598777770996
3,10800,85,30004,5,28,0.1724374145269394
3,10800,85,30004,5,29,0.48033446073532104
3,10800,86,30004,6,0,0.19222165644168854
3,10800,86,30004,6,1,1.613585114479065
3,10800,86,30004,6,2,1.9333152770996094
3,10800,86,30004,6,3,3.3998939990997314
3,10800,86,30004,6,4,0.5807233452796936
3,10800,86,30004,6,5,0.10378716140985489
3,10800,86,30004,6,6,0.15300337970256805
3,10800,86,30004,6,7,0.4152408242225647
3,10800,86,30004,6,8,0.35713106393814087
3,10800,86,30004,6,9,0.5565714240074158
3,10800,86,30004,6,10,0.3390430510044098
3,10800,86,30004,6,11,0.6012158989906311
3,10800,86,30004,6,12,2.0669214725494385
3,10800,86,30004,6,13,0.2838436961174011
3,10800,86,30004,6,14,2.377722978591919
3,10800,86,30004,6,15,0.5793799161911011
3,10800,86,30004,6,16,1.6503716707229614
3,10800,86,30004,6,17,0.2155437469482422
3,10800,86,30004,6,18,0.5221405625343323
3,10800,86,30004,6,19,1.0148464441299438
3,10800,86,30004,6,20,11.35937786102295
3,10800,86,30004,6,21,2.208767890930176
3,10800,86,30004,6,22,2.6357717514038086
3,10800,86,30004,6,23,0.8522830009460449
3,10800,86,30004,6,24,0.6626918315887451
3,10800,86,30004,6,25,6.586369514465332
3,10800,86,30004,6,26,0.2779760956764221
3,10800,86,30004,6,27,0.06012802571058273
3,10800,86,30004,6,28,0.5871008634567261
3,10800,86,30004,6,29,3.392411708831787
3,10800,87,30004,7,0,0.9273446798324585
3,10800,87,30004,7,1,0.24398264288902283
3,10800,87,30004,7,2,0.31411921977996826
3,10800,87,30004,7,3,0.8126706480979919
3,10800,87,30004,7,4,2.936121702194214
3,10800,87,30004,7,5,3.3859477043151855
3,10800,87,30004,7,6,0.5853238701820374
3,10800,87,30004,7,7,0.29604583978652954
3,10800,87,30004,7,8,0.39279913902282715
3,10800,87,30004,7,9,0.4365263879299164
3,10800,87,30004,7,10,1.7335301637649536
3,10800,87,30004,7,11,1.5205632448196411
3,10800,87,30004,7,12,3.7072932720184326
3,10800,87,30004,7,13,0.1605699360370636
3,10800,87,30004,7,14,1.4656106233596802
3,10800,87,30004,7,15,0.07633819431066513
3,10800,87,30004,7,16,0.4358305335044861
3,10800,87,30004,7,17,0.10878490656614304
3,10800,87,30004,7,18,4.017993927001953
3,10800,87,30004,7,19,1.5022802352905273
3,10800,87,30004,7,20,0.8496286273002625
3,10800,87,30004,7,21,0.7767459750175476
3,10800,87,30004,7,22,3.618926763534546
3,10800,87,30004,7,23,3.530911445617676
3,10800,87,30004,7,24,1.1664848327636719
3,10800,87,30004,7,25,1.4105632305145264
3,10800,87,30004,7,26,0.819258451461792
3,10800,87,30004,7,27,0.7841240763664246
3,10800,87,30004,7,28,0.27838361263275146
3,10800,87,30004,7,29,0.4743238687515259
3,10800,88,30004,8,0,0.7150170207023621
3,10800,88,30004,8,1,0.14362694323062897
3,10800,88,30004,8,2,0.5640648007392883
3,10800,88,30004,8,3,0.5173727869987488
3,10800,88,30004,8,4,0.16459804773330688
3,10800,88,30004,8,5,0.13539093732833862
3,10800,88,30004,8,6,0.05999999865889549
3,10800,88,30004,8,7,0.26354700326919556
3,10800,88,30004,8,8,0.06891955435276031
3,10800,88,30004,8,9,0.5336122512817383
3,10800,88,30004,8,10,0.5725470185279846
3,10800,88,30004,8,11,1.4726539850234985
3,10800,88,30004,8,12,0.331402450799942
3,10800,88,30004,8,13,0.33944958448410034
3,10800,88,30004,8,14,1.391409993171692
3,10800,88,30004,8,15,5.013462543487549
3,10800,88,30004,8,16,0.660049557685852
3,10800,88,30004,8,17,2.1127231121063232
3,10800,88,30004,8,18,0.27289777994155884
3,10800,88,30004,8,19,0.18152952194213867
3,10800,88,30004,8,20,0.42559814453125
3,10800,88,30004,8,21,4.406989574432373
3,10800,88,30004,8,22,0.21770046651363373
3,10800,88,30004,8,23,0.9490412473678589
3,10800,88,30004,8,24,0.10132923722267151
3,10800,88,30004,8,25,0.7604057192802429
3,10800,88,30004,8,26,0.32923561334609985
3,10800,88,30004,8,27,0.21699772775173187
3,10800,88,30004,8,28,0.781328558921814
3,10800,88,30004,8,29,0.25239843130111694
3,10800,89,30004,9,0,11.23657512664795
3,10800,89,30004,9,1,0.5507252812385559
3,10800,89,30004,9,2,2.2650299072265625
3,10800,89,30004,9,3,0.305142879486084
3,10800,89,30004,9,4,0.8069145083427429
3,10800,89,30004,9,5,1.5453319549560547
3,10800,89,30004,9,6,79.76725769042969
3,10800,89,30004,9,7,0.7599294185638428
3,10800,89,30004,9,8,0.21218079328536987
3,10800,89,30004,9,9,0.638299822807312
3,10800,89,30004,9,10,0.20271797478199005
3,10800,89,30004,9,11,1.6981568336486816
3,10800,89,30004,9,12,0.11247637867927551
3,10800,89,30004,9,13,0.23002810776233673
3,10800,89,30004,9,14,0.17716765403747559
3,10800,89,30004,9,15,1.9713190793991089
3,10800,89,30004,9,16,1.8046472072601318
3,10800,89,30004,9,17,0.3356224298477173
3,10800,89,30004,9,18,0.22738462686538696
3,10800,89,30004,9,19,0.7159148454666138
3,10800,89,30004,9,20,0.09981442987918854
3,10800,89,30004,9,21,104.83592224121094
3,10800,89,30004,9,22,1.9736266136169434
3,10800,89,30004,9,23,0.8302589058876038
3,10800,89,30004,9,24,0.53639817237854
3,10800,89,30004,9,25,0.28962182998657227
3,10800,89,30004,9,26,0.3968726694583893
3,10800,89,30004,9,27,0.557829737663269
3,10800,89,30004,9,28,0.2613620460033417
3,10800,89,30004,9,29,0.09504995495080948
3,10800,90,30004,10,0,0.9335318803787231
3,10800,90,30004,10,1,1.2127611637115479
3,10800,90,30004,10,2,1.964902400970459
3,10800,90,30004,10,3,1.2590986490249634
3,10800,90,30004,10,4,1.0872939825057983
3,10800,90,30004,10,5,2.5791728496551514
3,10800,90,30004,10,6,3.2548484802246094
3,10800,90,30004,10,7,1.6959936618804932
3,10800,90,30004,10,8,4.364549160003662
3,10800,90,30004,10,9,0.22541333734989166
3,10800,90,30004,10,10,0.7529352307319641
3,10800,90,30004,10,11,0.30806785821914673
3,10800,90,30004,10,12,3.8547987937927246
3,10800,90,30004,10,13,0.23754924535751343
3,10800,90,30004,10,14,0.0703827291727066
3,10800,90,30004,10,15,2.825866460800171
3,10800,90,30004,10,16,4.7105326652526855
3,10800,90,30004,10,17,0.40175044536590576
3,10800,90,30004,10,18,0.8906489014625549
3,10800,90,30004,10,19,0.4334794878959656
3,10800,90,30004,10,20,0.35026440024375916
3,10800,90,30004,10,21,0.6112939715385437
3,10800,90,30004,10,22,0.19712048768997192
3,10800,90,30004,10,23,0.20461416244506836
3,10800,90,30004,10,24,0.19838042557239532
3,10800,90,30004,10,25,4.490386962890625
3,10800,90,30004,10,26,0.11384041607379913
3,10800,90,30004,10,27,0.8300357460975647
3,10800,90,30004,10,28,0.8339887857437134
3,10800,90,30004,10,29,0.6706745624542236
3,10800,91,30004,11,0,0.17508946359157562
3,10800,91,30004,11,1,2.497859477996826
3,10800,91,30004,11,2,0.1846851408481598
3,10800,91,30004,11,3,0.9692631363868713
3,10800,91,30004,11,4,9.385869026184082
3,10800,91,30004,11,5,0.9303714036941528
3,10800,91,30004,11,6,7.074886322021484
3,10800,91,30004,11,7,1.3381680250167847
3,10800,91,30004,11,8,0.13546304404735565
3,10800,91,30004,11,9,105.0535659790039
3,10800,91,30004,11,10,1.3293020725250244
3,10800,91,30004,11,11,0.19863703846931458
3,10800,91,30004,11,12,0.3795291781425476
3,10800,91,30004,11,13,3.51393723487854
3,10800,91,30004,11,14,0.3368225395679474
3,10800,91,30004,11,15,0.12278174608945847
3,10800,91,30004,11,16,1.5608808994293213
3,10800,91,30004,11,17,0.43668797612190247
3,10800,91,30004,11,18,1.5923001766204834
3,10800,91,30004,11,19,2.5606577396392822
3,10800,91,30004,11,20,4.59641695022583
3,10800,91,30004,11,21,4.209597587585449
3,10800,91,30004,11,22,102.1806640625
3,10800,91,30004,11,23,1.7884585857391357
3,10800,91,30004,11,24,0.10279631614685059
3,10800,91,30004,11,25,4.4164276123046875
3,10800,91,30004,11,26,0.4478846788406372
3,10800,91,30004,11,27,1.8563170433044434
3,10800,91,30004,11,28,1.4980705976486206
3,10800,91,30004,11,29,2.98703670501709
3,10800,92,30004,12,0,1.6401585340499878
3,10800,92,30004,12,1,0.11100791394710541
3,10800,92,30004,12,2,0.4397186040878296
3,10800,92,30004,12,3,0.30410873889923096
3,10800,92,30004,12,4,0.8941295146942139
3,10800,92,30004,12,5,13.532583236694336
3,10800,92,30004,12,6,7.525976181030273
3,10800,92,30004,12,7,0.3435167968273163
3,10800,92,30004,12,8,2.3235466480255127
3,10800,92,30004,12,9,1.8200222253799438
3,10800,92,30004,12,10,103.92292022705078
3,10800,92,30004,12,11,1.120174765586853
3,10800,92,30004,12,12,1.6313365697860718
3,10800,92,30004,12,13,0.3377971053123474
3,10800,92,30004,12,14,0.3514024019241333
3,10800,92,30004,12,15,1.69868004322052
3,10800,92,30004,12,16,0.28435391187667847
3,10800,92,30004,12,17,1.6943296194076538
3,10800,92,30004,12,18,0.24772191047668457
3,10800,92,30004,12,19,0.15474554896354675
3,10800,92,30004,12,20,0.7415472865104675
3,10800,92,30004,12,21,1.1465257406234741
3,10800,92,30004,12,22,0.4279021620750427
3,10800,92,30004,12,23,0.7882876396179199
3,10800,92,30004,12,24,0.8012340068817139
3,10800,92,30004,12,25,0.5272973775863647
3,10800,92,30004,12,26,1.418179988861084
3,10800,92,30004,12,27,0.4460575580596924
3,10800,92,30004,12,28,0.07980261743068695
3,10800,92,30004,12,29,0.7997075915336609
3,10800,93,30004,13,0,2.6070642471313477
3,10800,93,30004,13,1,1.0602478981018066
3,10800,93,30004,13,2,0.7082491517066956
3,10800,93,30004,13,3,1.6692825555801392
3,10800,93,30004,13,4,0.3653136193752289
3,10800,93,30004,13,5,0.08302393555641174
3,10800,93,30004,13,6,0.8993595838546753
3,10800,93,30004,13,7,2.5022544860839844
3,10800,93,30004,13,8,0.36161506175994873
3,10800,93,30004,13,9,1.338139533996582
3,10800,93,30004,13,10,1.198280930519104
3,10800,93,30004,13,11,0.4467534124851227
3,10800,93,30004,13,12,0.3952726721763611
3,10800,93,30004,13,13,0.1966557651758194
3,10800,93,30004,13,14,0.19161060452461243
3,10800,93,30004,13,15,0.4854852259159088
3,10800,93,30004,13,16,0.06609931588172913
3,10800,93,30004,13,17,0.48719096183776855
3,10800,93,30004,13,18,2.314347505569458
3,10800,93,30004,13,19,0.2604479491710663
3,10800,93,30004,13,20,0.2600748538970947
3,10800,93,30004,13,21,2.5964138507843018
3,10800,93,30004,13,22,1.3708468675613403
3,10800,93,30004,13,23,0.293916791677475
3,10800,93,30004,13,24,0.9968971014022827
3,10800,93,30004,13,25,6.225317001342773
3,10800,93,30004,13,26,0.20946893095970154
3,10800,93,30004,13,27,1.6721524000167847
3,10800,93,30004,13,28,0.2775471806526184
3,10800,93,30004,13,29,3.8467466831207275
3,10800,94,30004,14,0,2.0803511142730713
3,10800,94,30004,14,1,1.6383392810821533
3,10800,94,30004,14,2,4.994271278381348
3,10800,94,30004,14,3,1.117782473564148
3,10800,94,30004,14,4,0.2092359960079193
3,10800,94,30004,14,5,3.767186164855957
3,10800,94,30004,14,6,13.233149528503418
3,10800,94,30004,14,7,1.6974300146102905
3,10800,94,30004,14,8,0.9181799292564392
3,10800,94,30004,14,9,0.6773277521133423
3,10800,94,30004,14,10,4.83536434173584
3,10800,94,30004,14,11,0.6197758913040161
3,10800,94,30004,14,12,0.6221791505813599
3,10800,94,30004,14,13,9.77479362487793
3,10800,94,30004,14,14,0.16446898877620697
3,10800,94,30004,14,15,1.3826740980148315
3,10800,94,30004,14,16,0.06080744042992592
3,10800,94,30004,14,17,0.0750492513179779
3,10800,94,30004,14,18,0.21290212869644165
3,10800,94,30004,14,19,0.6415733695030212
3,10800,94,30004,14,20,0.9648206233978271
3,10800,94,30004,14,21,0.2823026180267334
3,10800,94,30004,14,22,0.1671287566423416
3,10800,94,30004,14,23,0.6450320482254028
3,10800,94,30004,14,24,1.2933647632598877
3,10800,94,30004,14,25,1.1265602111816406
3,10800,94,30004,14,26,0.7216198444366455
3,10800,94,30004,14,27,1.1894962787628174
3,10800,94,30004,14,28,0.26960527896881104
3,10800,94,30004,14,29,1.1187560558319092
3,10800,95,30004,15,0,0.1003388985991478
3,10800,95,30004,15,1,0.37631651759147644
3,10800,95,30004,15,2,0.2219247817993164
3,10800,95,30004,15,3,1.3787672519683838
3,10800,95,30004,15,4,1.3044594526290894
3,10800,95,30004,15,5,0.7822961211204529
3,10800,95,30004,15,6,2.205392360687256
3,10800,95,30004,15,7,0.2520388662815094
3,10800,95,30004,15,8,0.4640810787677765
3,10800,95,30004,15,9,1.1991426944732666
3,10800,95,30004,15,10,1.0589700937271118
3,10800,95,30004,15,11,1.818335771560669
3,10800,95,30004,15,12,2.999905824661255
3,10800,95,30004,15,13,1.6901658773422241
3,10800,95,30004,15,14,2.936096429824829
3,10800,95,30004,15,15,1.572026014328003
3,10800,95,30004,15,16,1.6368257999420166
3,10800,95,30004,15,17,0.2114936113357544
3,10800,95,30004,15,18,0.5145431160926819
3,10800,95,30004,15,19,0.4513821601867676
3,10800,95,30004,15,20,0.7475227117538452
3,10800,95,30004,15,21,2.589921712875366
3,10800,95,30004,15,22,3.070891857147217
3,10800,95,30004,15,23,8.798009872436523
3,10800,95,30004,15,24,1.3113998174667358
3,10800,95,30004,15,25,0.2534112334251404
3,10800,95,30004,15,26,0.7375681400299072
3,10800,95,30004,15,27,0.4848567843437195
3,10800,95,30004,15,28,0.22470858693122864
3,10800,95,30004,15,29,0.4331306517124176
3,10800,96,30004,16,0,0.492141991853714
3,10800,96,30004,16,1,0.6231257915496826
3,10800,96,30004,16,2,0.554368257522583
3,10800,96,30004,16,3,1.6907707452774048
3,10800,96,30004,16,4,3.1515159606933594
3,10800,96,30004,16,5,0.10983040183782578
3,10800,96,30004,16,6,0.7755641341209412
3,10800,96,30004,16,7,0.17509226500988007
3,10800,96,30004,16,8,1.988977313041687
3,10800,96,30004,16,9,0.22519715130329132
3,10800,96,30004,16,10,0.6659708023071289
3,10800,96,30004,16,11,0.26906895637512207
3,10800,96,30004,16,12,0.5772081613540649
3,10800,96,30004,16,13,0.5781286358833313
3,10800,96,30004,16,14,0.2149636149406433
3,10800,96,30004,16,15,5.307335376739502
3,10800,96,30004,16,16,0.16962352395057678
3,10800,96,30004,16,17,0.24906177818775177
3,10800,96,30004,16,18,0.30689680576324463
3,10800,96,30004,16,19,1.8747599124908447
3,10800,96,30004,16,20,1.1765416860580444
3,10800,96,30004,16,21,0.45400989055633545
3,10800,96,30004,16,22,0.24567921459674835
3,10800,96,30004,16,23,0.5325681567192078
3,10800,96,30004,16,24,0.8358976244926453
3,10800,96,30004,16,25,3.7179040908813477
3,10800,96,30004,16,26,3.0417089462280273
3,10800,96,30004,16,27,4.590627193450928
3,10800,96,30004,16,28,0.05999999865889549
3,10800,96,30004,16,29,1.201539158821106
3,10800,97,30004,17,0,0.21781933307647705
3,10800,97,30004,17,1,0.1843252182006836
3,10800,97,30004,17,2,9.181397438049316
3,10800,97,30004,17,3,1.225104808807373
3,10800,97,30004,17,4,1.4848766326904297
3,10800,97,30004,17,5,7.958751678466797
3,10800,97,30004,17,6,2.5550765991210938
3,10800,97,30004,17,7,0.08630874007940292
3,10800,97,30004,17,8,1.5081173181533813
3,10800,97,30004,17,9,5.791792869567871
3,10800,97,30004,17,10,1.4459072351455688
3,10800,97,30004,17,11,8.416329383850098
3,10800,97,30004,17,12,0.16309626400470734
3,10800,97,30004,17,13,3.1645517349243164
3,10800,97,30004,17,14,1.8500463962554932
3,10800,97,30004,17,15,1.7735695838928223
3,10800,97,30004,17,16,1.2966673374176025
3,10800,97,30004,17,17,0.10508507490158081
3,10800,97,30004,17,18,0.06018790230154991
3,10800,97,30004,17,19,1.1685539484024048
3,10800,97,30004,17,20,0.234872505068779
3,10800,97,30004,17,21,0.9373391270637512
3,10800,97,30004,17,22,31.455080032348633
3,10800,97,30004,17,23,0.7096861600875854
3,10800,97,30004,17,24,0.836292564868927
3,10800,97,30004,17,25,0.4100323021411896
3,10800,97,30004,17,26,1.770979881286621
3,10800,97,30004,17,27,0.6312174201011658
3,10800,97,30004,17,28,101.23774719238281
3,10800,97,30004,17,29,7.0182342529296875
3,10800,98,30004,18,0,0.05999999865889549
3,10800,98,30004,18,1,0.3879072964191437
3,10800,98,30004,18,2,0.8584855794906616
3,10800,98,30004,18,3,1.5368050336837769
3,10800,98,30004,18,4,0.4778071939945221
3,10800,98,30004,18,5,0.1551094949245453
3,10800,98,30004,18,6,0.49412304162979126
3,10800,98,30004,18,7,1.4015945196151733
3,10800,98,30004,18,8,0.4602685570716858
3,10800,98,30004,18,9,1.1874582767486572
3,10800,98,30004,18,10,1.356305480003357
3,10800,98,30004,18,11,0.07016893476247787
3,10800,98,30004,18,12,0.1845429539680481
3,10800,98,30004,18,13,0.14032895863056183
3,10800,98,30004,18,14,0.23824593424797058
3,10800,98,30004,18,15,0.5941417813301086
3,10800,98,30004,18,16,1.8985185623168945
3,10800,98,30004,18,17,0.25883039832115173
3,10800,98,30004,18,18,0.7037103176116943
3,10800,98,30004,18,19,0.222063347697258
3,10800,98,30004,18,20,0.4089641273021698
3,10800,98,30004,18,21,0.5879670977592468
3,10800,98,30004,18,22,1.4725931882858276
3,10800,98,30004,18,23,2.2822794914245605
3,10800,98,30004,18,24,0.7211750745773315
3,10800,98,30004,18,25,0.14672210812568665
3,10800,98,30004,18,26,0.1910865157842636
3,10800,98,30004,18,27,1.528214693069458
3,10800,98,30004,18,28,0.9706581830978394
3,10800,98,30004,18,29,0.8992601037025452
3,10800,99,30004,19,0,0.15017034113407135
3,10800,99,30004,19,1,0.587306797504425
3,10800,99,30004,19,2,0.682580828666687
3,10800,99,30004,19,3,1.387671947479248
3,10800,99,30004,19,4,6.300546646118164
3,10800,99,30004,19,5,0.16677996516227722
3,10800,99,30004,19,6,5.547467231750488
3,10800,99,30004,19,7,0.4774419069290161
3,10800,99,30004,19,8,0.5342593193054199
3,10800,99,30004,19,9,1.0820472240447998
3,10800,99,30004,19,10,0.8906129598617554
3,10800,99,30004,19,11,1.5298174619674683
3,10800,99,30004,19,12,1.2423980236053467
3,10800,99,30004,19,13,1.1819162368774414
3,10800,99,30004,19,14,0.38382962346076965
3,10800,99,30004,19,15,0.9577052593231201
3,10800,99,30004,19,16,2.2795753479003906
3,10800,99,30004,19,17,0.09519374370574951
3,10800,99,30004,19,18,1.1612321138381958
3,10800,99,30004,19,19,3.0461533069610596
3,10800,99,30004,19,20,0.19113194942474365
3,10800,99,30004,19,21,1.1851261854171753
3,10800,99,30004,19,22,1.005560040473938
3,10800,99,30004,19,23,0.3622590899467468
3,10800,99,30004,19,24,0.36857104301452637
3,10800,99,30004,19,25,0.6589971780776978
3,10800,99,30004,19,26,0.45636695623397827
3,10800,99,30004,19,27,1.1188836097717285
3,10800,99,30004,19,28,0.9167917966842651
3,10800,99,30004,19,29,0.7053776383399963
4,14400,80,30004,0,0,0.5713157057762146
4,14400,80,30004,0,1,0.2178933322429657
4,14400,80,30004,0,2,0.10096481442451477
4,14400,80,30004,0,3,0.41993632912635803
4,14400,80,30004,0,4,0.26962780952453613
4,14400,80,30004,0,5,0.9270600080490112
4,14400,80,30004,0,6,0.21398474276065826
4,14400,80,30004,0,7,0.3591971695423126
4,14400,80,30004,0,8,0.4524719715118408
4,14400,80,30004,0,9,0.451893150806427
4,14400,80,30004,0,10,0.3498261570930481
4,14400,80,30004,0,11,0.13115501403808594
4,14400,80,30004,0,12,0.26785069704055786
4,14400,80,30004,0,13,0.7404094934463501
4,14400,80,30004,0,14,0.24787259101867676
4,14400,80,30004,0,15,0.4011804461479187
4,14400,80,30004,0,16,0.2427012175321579
4,14400,80,30004,0,17,0.27346745133399963
4,14400,80,30004,0,18,0.0920642614364624
4,14400,80,30004,0,19,1.933696985244751
4,14400,80,30004,0,20,1.6726558208465576
4,14400,80,30004,0,21,0.40138253569602966
4,14400,80,30004,0,22,0.7639981508255005
4,14400,80,30004,0,23,0.7730127573013306
4,14400,80,30004,0,24,0.7745054960250854
4,14400,80,30004,0,25,0.2787187993526459
4,14400,80,30004,0,26,1.7533669471740723
4,14400,80,30004,0,27,0.5252924561500549
4,14400,80,30004,0,28,0.3572891056537628
4,14400,80,30004,0,29,0.3135567009449005
4,14400,81,30004,1,0,0.0691208690404892
4,14400,81,30004,1,1,0.488345742225647
4,14400,81,30004,1,2,0.8740496039390564
4,14400,81,30004,1,3,0.09682229161262512
4,14400,81,30004,1,4,0.29383766651153564
4,14400,81,30004,1,5,0.5899428129196167
4,14400,81,30004,1,6,0.7617850303649902
4,14400,81,30004,1,7,0.5997568368911743
4,14400,81,30004,1,8,0.542371392250061
4,14400,81,30004,1,9,0.35684141516685486
4,14400,81,30004,1,10,0.43370628356933594
4,14400,81,30004,1,11,3.5029377937316895
4,14400,81,30004,1,12,0.23194816708564758
4,14400,81,30004,1,13,1.9616351127624512
4,14400,81,30004,1,14,0.7198697328567505
4,14400,81,30004,1,15,0.3054793179035187
4,14400,81,30004,1,16,0.2818712890148163
4,14400,81,30004,1,17,0.5366919040679932
4,14400,81,30004,1,18,1.1810115575790405
4,14400,81,30004,1,19,1.0242643356323242
4,14400,81,30004,1,20,0.927533745765686
4,14400,81,30004,1,21,0.07536608725786209
4,14400,81,30004,1,22,0.5386451482772827
4,14400,81,30004,1,23,1.0332597494125366
4,14400,81,30004,1,24,0.6407092213630676
4,14400,81,30004,1,25,1.4770573377609253
4,14400,81,30004,1,26,0.5715923309326172
4,14400,81,30004,1,27,0.48309165239334106
4,14400,81,30004,1,28,0.605492353439331
4,14400,81,30004,1,29,0.25666627287864685
4,14400,82,30004,2,0,0.3578624725341797
4,14400,82,30004,2,1,0.2298169732093811
4,14400,82,30004,2,2,0.4582287073135376
4,14400,82,30004,2,3,1.5014495849609375
4,14400,82,30004,2,4,0.3272899389266968
4,14400,82,30004,2,5,0.2566987872123718
4,14400,82,30004,2,6,0.2587341070175171
4,14400,82,30004,2,7,0.3555232882499695
4,14400,82,30004,2,8,0.2803359925746918
4,14400,82,30004,2,9,2.172244071960449
4,14400,82,30004,2,10,0.05999999865889549
4,14400,82,30004,2,11,0.2810595631599426
4,14400,82,30004,2,12,0.23321616649627686
4,14400,82,30004,2,13,0.2871566414833069
4,14400,82,30004,2,14,0.24461686611175537
4,14400,82,30004,2,15,0.3113689422607422
4,14400,82,30004,2,16,0.23346732556819916
4,14400,82,30004,2,17,1.0634162425994873
4,14400,82,30004,2,18,0.3497353494167328
4,14400,82,30004,2,19,0.5321492552757263
4,14400,82,30004,2,20,0.5283024311065674
4,14400,82,30004,2,21,0.314725786447525
4,14400,82,30004,2,22,0.34195613861083984
4,14400,82,30004,2,23,0.1605786234140396
4,14400,82,30004,2,24,0.36487504839897156
4,14400,82,30004,2,25,4.8671746253967285
4,14400,82,30004,2,26,0.2804354131221771
4,14400,82,30004,2,27,0.26273608207702637
4,14400,82,30004,2,28,0.2291812002658844
4,14400,82,30004,2,29,0.5632390975952148
4,14400,83,30004,3,0,2.3527841567993164
4,14400,83,30004,3,1,0.30795854330062866
4,14400,83,30004,3,2,0.7052714228630066
4,14400,83,30004,3,3,0.28231385350227356
4,14400,83,30004,3,4,0.17644686996936798
4,14400,83,30004,3,5,0.05999999865889549
4,14400,83,30004,3,6,0.27314966917037964
4,14400,83,30004,3,7,0.15265028178691864
4,14400,83,30004,3,8,4.003862380981445
4,14400,83,30004,3,9,0.19303059577941895
4,14400,83,30004,3,10,0.17789152264595032
4,14400,83,30004,3,11,0.9311394095420837
4,14400,83,30004,3,12,0.275890588760376
4,14400,83,30004,3,13,0.33919283747673035
4,14400,83,30004,3,14,0.5328779816627502
4,14400,83,30004,3,15,1.2269978523254395
4,14400,83,30004,3,16,0.6658962368965149
4,14400,83,30004,3,17,0.5970596075057983
4,14400,83,30004,3,18,0.43567830324172974
4,14400,83,30004,3,19,0.18249911069869995
4,14400,83,30004,3,20,0.5022294521331787
4,14400,83,30004,3,21,0.5464574098587036
4,14400,83,30004,3,22,0.27046990394592285
4,14400,83,30004,3,23,0.6912990808486938
4,14400,83,30004,3,24,0.6586095690727234
4,14400,83,30004,3,25,0.197816401720047
4,14400,83,30004,3,26,0.6261423230171204
4,14400,83,30004,3,27,0.4060400724411011
4,14400,83,30004,3,28,0.1760830581188202
4,14400,83,30004,3,29,3.9350125789642334
4,14400,84,30004,4,0,0.8077929019927979
4,14400,84,30004,4,1,1.608803391456604
4,14400,84,30004,4,2,0.27307987213134766
4,14400,84,30004,4,3,0.912813127040863
4,14400,84,30004,4,4,0.3732573390007019
4,14400,84,30004,4,5,1.1709849834442139
4,14400,84,30004,4,6,0.19250591099262238
4,14400,84,30004,4,7,0.1527845859527588
4,14400,84,30004,4,8,0.2062234878540039
4,14400,84,30004,4,9,0.6783932447433472
4,14400,84,30004,4,10,0.8428743481636047
4,14400,84,30004,4,11,0.6374311447143555
4,14400,84,30004,4,12,0.39138755202293396
4,14400,84,30004,4,13,1.3930401802062988
4,14400,84,30004,4,14,0.6547092199325562
4,14400,84,30004,4,15,0.4144667387008667
4,14400,84,30004,4,16,0.29046618938446045
4,14400,84,30004,4,17,4.221784591674805
4,14400,84,30004,4,18,0.9896875619888306
4,14400,84,30004,4,19,0.2959304749965668
4,14400,84,30004,4,20,0.4309149384498596
4,14400,84,30004,4,21,0.412891685962677
4,14400,84,30004,4,22,0.2809983789920807
4,14400,84,30004,4,23,0.32768675684928894
4,14400,84,30004,4,24,0.164205402135849
4,14400,84,30004,4,25,0.5314861536026001
4,14400,84,30004,4,26,0.3066829442977905
4,14400,84,30004,4,27,0.7688645124435425
4,14400,84,30004,4,28,79.71903991699219
4,14400,84,30004,4,29,0.15391424298286438
4,14400,85,30004,5,0,0.1551792025566101
4,14400,85,30004,5,1,0.810020923614502
4,14400,85,30004,5,2,0.36515194177627563
4,14400,85,30004,5,3,1.7763583660125732
4,14400,85,30004,5,4,0.30988630652427673
4,14400,85,30004,5,5,1.0262575149536133
4,14400,85,30004,5,6,2.2149505615234375
4,14400,85,30004,5,7,0.25443798303604126
4,14400,85,30004,5,8,0.3129218518733978
4,14400,85,30004,5,9,0.3848622739315033
4,14400,85,30004,5,10,0.9904710054397583
4,14400,85,30004,5,11,0.2980625629425049
4,14400,85,30004,5,12,0.2701575756072998
4,14400,85,30004,5,13,0.7998767495155334
4,14400,85,30004,5,14,0.23024490475654602
4,14400,85,30004,5,15,0.3721846640110016
4,14400,85,30004,5,16,0.2883296310901642
4,14400,85,30004,5,17,0.2649293541908264
4,14400,85,30004,5,18,0.38428544998168945
4,14400,85,30004,5,19,0.6081274747848511
4,14400,85,30004,5,20,0.08145895600318909
4,14400,85,30004,5,21,1.0702391862869263
4,14400,85,30004,5,22,0.4168272614479065
4,14400,85,30004,5,23,0.5555212497711182
4,14400,85,30004,5,24,0.323055237531662
4,14400,85,30004,5,25,1.1742554903030396
4,14400,85,30004,5,26,0.7505049705505371
4,14400,85,30004,5,27,0.2583772540092468
4,14400,85,30004,5,28,0.1661936491727829
4,14400,85,30004,5,29,0.05999999865889549
4,14400,86,30004,6,0,0.3424195945262909
4,14400,86,30004,6,1,0.5108129382133484
4,14400,86,30004,6,2,0.5535333752632141
4,14400,86,30004,6,3,0.541934072971344
4,14400,86,30004,6,4,0.5260960459709167
4,14400,86,30004,6,5,0.7857950925827026
4,14400,86,30004,6,6,0.6609071493148804
4,14400,86,30004,6,7,0.9426435232162476
4,14400,86,30004,6,8,0.39822226762771606
4,14400,86,30004,6,9,1.342919111251831
4,14400,86,30004,6,10,0.11716705560684204
4,14400,86,30004,6,11,0.43301233649253845
4,14400,86,30004,6,12,1.0154412984848022
4,14400,86,30004,6,13,0.9875617027282715
4,14400,86,30004,6,14,0.41774266958236694
4,14400,86,30004,6,15,0.1786305159330368
4,14400,86,30004,6,16,0.6494738459587097
4,14400,86,30004,6,17,0.24069635570049286
4,14400,86,30004,6,18,0.22329124808311462
4,14400,86,30004,6,19,0.2974855303764343
4,14400,86,30004,6,20,0.35606592893600464
4,14400,86,30004,6,21,0.6713929176330566
4,14400,86,30004,6,22,3.5130348205566406
4,14400,86,30004,6,23,0.06386756896972656
4,14400,86,30004,6,24,0.43595072627067566
4,14400,86,30004,6,25,0.5271251797676086
4,14400,86,30004,6,26,0.22305618226528168
4,14400,86,30004,6,27,0.37798169255256653
4,14400,86,30004,6,28,1.4013910293579102
4,14400,86,30004,6,29,3.063629150390625
4,14400,87,30004,7,0,0.4260927438735962
4,14400,87,30004,7,1,0.24146230518817902
4,14400,87,30004,7,2,0.4230726361274719
4,14400,87,30004,7,3,0.2165980339050293
4,14400,87,30004,7,4,2.222651958465576
4,14400,87,30004,7,5,0.7061799764633179
4,14400,87,30004,7,6,0.532821774482727
4,14400,87,30004,7,7,0.10836447775363922
4,14400,87,30004,7,8,0.15732204914093018
4,14400,87,30004,7,9,0.07492586970329285
4,14400,87,30004,7,10,3.4465107917785645
4,14400,87,30004,7,11,0.4778228998184204
4,14400,87,30004,7,12,1.123125433921814
4,14400,87,30004,7,13,0.23483119904994965
4,14400,87,30004,7,14,2.914200782775879
4,14400,87,30004,7,15,0.39083608984947205
4,14400,87,30004,7,16,0.35043197870254517
4,14400,87,30004,7,17,0.4506194293498993
4,14400,87,30004,7,18,0.8120961785316467
4,14400,87,30004,7,19,0.23297999799251556
4,14400,87,30004,7,20,0.3642541766166687
4,14400,87,30004,7,21,0.37249937653541565
4,14400,87,30004,7,22,1.0658378601074219
4,14400,87,30004,7,23,0.5658262968063354
4,14400,87,30004,7,24,0.34487098455429077
4,14400,87,30004,7,25,2.1159214973449707
4,14400,87,30004,7,26,0.219192236661911
4,14400,87,30004,7,27,0.5252135992050171
4,14400,87,30004,7,28,0.2593144178390503
4,14400,87,30004,7,29,0.28124722838401794
4,14400,88,30004,8,0,0.534906804561615
4,14400,88,30004,8,1,0.22884032130241394
4,14400,88,30004,8,2,0.4612439274787903
4,14400,88,30004,8,3,0.3955900967121124
4,14400,88,30004,8,4,0.3950943946838379
4,14400,88,30004,8,5,0.3495861887931824
4,14400,88,30004,8,6,0.15204466879367828
4,14400,88,30004,8,7,0.7862426042556763
4,14400,88,30004,8,8,0.36764922738075256
4,14400,88,30004,8,9,0.571818470954895
4,14400,88,30004,8,10,0.4334179162979126
4,14400,88,30004,8,11,0.6455065011978149
4,14400,88,30004,8,12,0.16832467913627625
4,14400,88,30004,8,13,0.7982662320137024
4,14400,88,30004,8,14,0.06966760009527206
4,14400,88,30004,8,15,0.3063986003398895
4,14400,88,30004,8,16,0.2111230194568634
4,14400,88,30004,8,17,0.3055706024169922
4,14400,88,30004,8,18,0.13558916747570038
4,14400,88,30004,8,19,0.06860627979040146
4,14400,88,30004,8,20,0.5328643918037415
4,14400,88,30004,8,21,0.46515870094299316
4,14400,88,30004,8,22,0.195380300283432
4,14400,88,30004,8,23,0.5386744141578674
4,14400,88,30004,8,24,0.2876795530319214
4,14400,88,30004,8,25,0.08145803213119507
4,14400,88,30004,8,26,0.7397906184196472
4,14400,88,30004,8,27,0.30979210138320923
4,14400,88,30004,8,28,0.3100035488605499
4,14400,88,30004,8,29,0.2739829421043396
4,14400,89,30004,9,0,0.5793555974960327
4,14400,89,30004,9,1,0.5998196005821228
4,14400,89,30004,9,2,0.2988005578517914
4,14400,89,30004,9,3,0.19271312654018402
4,14400,89,30004,9,4,0.19516143202781677
4,14400,89,30004,9,5,0.25066980719566345
4,14400,89,30004,9,6,0.5759609341621399
4,14400,89,30004,9,7,1.1592397689819336
4,14400,89,30004,9,8,1.079020619392395
4,14400,89,30004,9,9,0.471474289894104
4,14400,89,30004,9,10,0.25272998213768005
4,14400,89,30004,9,11,0.05999999865889549
4,14400,89,30004,9,12,0.24417737126350403
4,14400,89,30004,9,13,0.15813592076301575
4,14400,89,30004,9,14,0.20403718948364258
4,14400,89,30004,9,15,0.5879150629043579
4,14400,89,30004,9,16,1.2961220741271973
4,14400,89,30004,9,17,0.7902305126190186
4,14400,89,30004,9,18,0.5767185688018799
4,14400,89,30004,9,19,0.28150588274002075
4,14400,89,30004,9,20,0.27463003993034363
4,14400,89,30004,9,21,1.826466679573059
4,14400,89,30004,9,22,0.4895734488964081
4,14400,89,30004,9,23,0.47956138849258423
4,14400,89,30004,9,24,0.19131585955619812
4,14400,89,30004,9,25,0.7111549377441406
4,14400,89,30004,9,26,0.05999999865889549
4,14400,89,30004,9,27,0.3585497736930847
4,14400,89,30004,9,28,0.17112164199352264
4,14400,89,30004,9,29,0.9784358143806458
4,14400,90,30004,10,0,0.4072657823562622
4,14400,90,30004,10,1,0.48064690828323364
4,14400,90,30004,10,2,1.039077877998352
4,14400,90,30004,10,3,0.3275812566280365
4,14400,90,30004,10,4,0.42235955595970154
4,14400,90,30004,10,5,0.5924278497695923
4,14400,90,30004,10,6,0.5253205299377441
4,14400,90,30004,10,7,0.5558931827545166
4,14400,90,30004,10,8,1.6004104614257812
4,14400,90,30004,10,9,0.13759949803352356
4,14400,90,30004,10,10,0.29884853959083557
4,14400,90,30004,10,11,0.31910577416419983
4,14400,90,30004,10,12,0.5173449516296387
4,14400,90,30004,10,13,0.2677847146987915
4,14400,90,30004,10,14,0.587011992931366
4,14400,90,30004,10,15,2.6301565170288086
4,14400,90,30004,10,16,0.6771321296691895
4,14400,90,30004,10,17,0.19773952662944794
4,14400,90,30004,10,18,0.4532535672187805
4,14400,90,30004,10,19,0.17034432291984558
4,14400,90,30004,10,20,0.16306352615356445
4,14400,90,30004,10,21,0.20956376194953918
4,14400,90,30004,10,22,0.2634910047054291
4,14400,90,30004,10,23,0.187583327293396
4,14400,90,30004,10,24,0.2731560468673706
4,14400,90,30004,10,25,0.4327644109725952
4,14400,90,30004,10,26,0.2139272838830948
4,14400,90,30004,10,27,0.44422632455825806
4,14400,90,30004,10,28,0.6445082426071167
4,14400,90,30004,10,29,0.061483196914196014
4,14400,91,30004,11,0,0.14356619119644165
4,14400,91,30004,11,1,0.5453857183456421
4,14400,91,30004,11,2,0.17605727910995483
4,14400,91,30004,11,3,0.32622575759887695
4,14400,91,30004,11,4,0.12221550196409225
4,14400,91,30004,11,5,0.37779372930526733
4,14400,91,30004,11,6,0.2985219955444336
4,14400,91,30004,11,7,2.7237064838409424
4,14400,91,30004,11,8,0.20315678417682648
4,14400,91,30004,11,9,6.243422031402588
4,14400,91,30004,11,10,1.7547307014465332
4,14400,91,30004,11,11,0.1139286682009697
4,14400,91,30004,11,12,0.4436243176460266
4,14400,91,30004,11,13,1.2122478485107422
4,14400,91,30004,11,14,0.27018725872039795
4,14400,91,30004,11,15,0.9776831865310669
4,14400,91,30004,11,16,0.9668329954147339
4,14400,91,30004,11,17,0.11759818345308304
4,14400,91,30004,11,18,0.10140140354633331
4,14400,91,30004,11,19,1.769216537475586
4,14400,91,30004,11,20,0.7424606680870056
4,14400,91,30004,11,21,0.4450763463973999
4,14400,91,30004,11,22,5.615633487701416
4,14400,91,30004,11,23,0.13083454966545105
4,14400,91,30004,11,24,0.7277860641479492
4,14400,91,30004,11,25,1.1400161981582642
4,14400,91,30004,11,26,0.2922268211841583
4,14400,91,30004,11,27,0.12878534197807312
4,14400,91,30004,11,28,1.0807870626449585
4,14400,91,30004,11,29,0.5796033143997192
4,14400,92,30004,12,0,0.6799641251564026
4,14400,92,30004,12,1,0.8795902729034424
4,14400,92,30004,12,2,0.13635529577732086
4,14400,92,30004,12,3,0.2266245186328888
4,14400,92,30004,12,4,1.347294807434082
4,14400,92,30004,12,5,0.4550043046474457
4,14400,92,30004,12,6,0.5600009560585022
4,14400,92,30004,12,7,0.22322742640972137
4,14400,92,30004,12,8,1.1420003175735474
4,14400,92,30004,12,9,0.30332016944885254
4,14400,92,30004,12,10,0.8303487300872803
4,14400,92,30004,12,11,2.0678510665893555
4,14400,92,30004,12,12,1.3396117687225342
4,14400,92,30004,12,13,0.7543631196022034
4,14400,92,30004,12,14,0.4624054729938507
4,14400,92,30004,12,15,0.3605853021144867
4,14400,92,30004,12,16,0.25432759523391724
4,14400,92,30004,12,17,2.174373149871826
4,14400,92,30004,12,18,0.26504069566726685
4,14400,92,30004,12,19,0.38756486773490906
4,14400,92,30004,12,20,0.4672733545303345
4,14400,92,30004,12,21,0.5577384233474731
4,14400,92,30004,12,22,0.7969610095024109
4,14400,92,30004,12,23,0.13631130754947662
4,14400,92,30004,12,24,0.2982105016708374
4,14400,92,30004,12,25,0.05999999865889549
4,14400,92,30004,12,26,2.8988585472106934
4,14400,92,30004,12,27,0.33989256620407104
4,14400,92,30004,12,28,0.3162263035774231
4,14400,92,30004,12,29,0.5308119654655457
4,14400,93,30004,13,0,0.5974166393280029
4,14400,93,30004,13,1,0.250423789024353
4,14400,93,30004,13,2,0.38451892137527466
4,14400,93,30004,13,3,1.8140993118286133
4,14400,93,30004,13,4,0.5760018825531006
4,14400,93,30004,13,5,0.28388476371765137
4,14400,93,30004,13,6,0.225444957613945
4,14400,93,30004,13,7,0.772190511226654
4,14400,93,30004,13,8,0.32096630334854126
4,14400,93,30004,13,9,0.29207631945610046
4,14400,93,30004,13,10,0.6476202607154846
4,14400,93,30004,13,11,0.2748372256755829
4,14400,93,30004,13,12,0.8563001751899719
4,14400,93,30004,13,13,0.16816921532154083
4,14400,93,30004,13,14,0.09277770668268204
4,14400,93,30004,13,15,0.4002971649169922
4,14400,93,30004,13,16,0.29851871728897095
4,14400,93,30004,13,17,0.1291440725326538
4,14400,93,30004,13,18,2.5616016387939453
4,14400,93,30004,13,19,0.06009899079799652
4,14400,93,30004,13,20,0.42854493856430054
4,14400,93,30004,13,21,0.7731436491012573
4,14400,93,30004,13,22,1.0321577787399292
4,14400,93,30004,13,23,0.37686988711357117
4,14400,93,30004,13,24,1.3194149732589722
4,14400,93,30004,13,25,0.928892195224762
4,14400,93,30004,13,26,0.4250197112560272
4,14400,93,30004,13,27,0.18293973803520203
4,14400,93,30004,13,28,0.07968160510063171
4,14400,93,30004,13,29,0.5569279789924622
4,14400,94,30004,14,0,0.7482155561447144
4,14400,94,30004,14,1,0.19759151339530945
4,14400,94,30004,14,2,0.7388184070587158
4,14400,94,30004,14,3,0.08354096114635468
4,14400,94,30004,14,4,0.34283703565597534
4,14400,94,30004,14,5,1.9959951639175415
4,14400,94,30004,14,6,0.8710564374923706
4,14400,94,30004,14,7,0.657979428768158
4,14400,94,30004,14,8,0.8426024317741394
4,14400,94,30004,14,9,0.14818459749221802
4,14400,94,30004,14,10,0.49271562695503235
4,14400,94,30004,14,11,0.5669750571250916
4,14400,94,30004,14,12,0.09942436218261719
4,14400,94,30004,14,13,0.5129212737083435
4,14400,94,30004,14,14,0.4353973865509033
4,14400,94,30004,14,15,0.34660351276397705
4,14400,94,30004,14,16,0.37314844131469727
4,14400,94,30004,14,17,0.2637711465358734
4,14400,94,30004,14,18,0.27845823764801025
4,14400,94,30004,14,19,0.05999999865889549
4,14400,94,30004,14,20,0.24880948662757874
4,14400,94,30004,14,21,0.2839006781578064
4,14400,94,30004,14,22,0.2064962387084961
4,14400,94,30004,14,23,0.44165852665901184
4,14400,94,30004,14,24,0.2783208191394806
4,14400,94,30004,14,25,0.645401656627655
4,14400,94,30004,14,26,0.3028711676597595
4,14400,94,30004,14,27,0.3356153666973114
4,14400,94,30004,14,28,0.17047680914402008
4,14400,94,30004,14,29,0.16349728405475616
4,14400,95,30004,15,0,0.7154409885406494
4,14400,95,30004,15,1,0.11605863273143768
4,14400,95,30004,15,2,1.204512596130371
4,14400,95,30004,15,3,0.7575758695602417
4,14400,95,30004,15,4,0.58191978931427
4,14400,95,30004,15,5,0.5836542248725891
4,14400,95,30004,15,6,0.3703877329826355
4,14400,95,30004,15,7,0.24081380665302277
4,14400,95,30004,15,8,0.3563164472579956
4,14400,95,30004,15,9,0.6606886386871338
4,14400,95,30004,15,10,0.5090000629425049
4,14400,95,30004,15,11,0.25159579515457153
4,14400,95,30004,15,12,0.1800350546836853
4,14400,95,30004,15,13,0.2741296589374542
4,14400,95,30004,15,14,0.8585877418518066
4,14400,95,30004,15,15,0.6308800578117371
4,14400,95,30004,15,16,0.13135480880737305
4,14400,95,30004,15,17,0.3314725458621979
4,14400,95,30004,15,18,0.3608192503452301
4,14400,95,30004,15,19,0.470834881067276
4,14400,95,30004,15,20,0.19302158057689667
4,14400,95,30004,15,21,0.8018044233322144
4,14400,95,30004,15,22,0.7215490937232971
4,14400,95,30004,15,23,0.4561563730239868
4,14400,95,30004,15,24,2.146890163421631
4,14400,95,30004,15,25,0.1285208761692047
4,14400,95,30004,15,26,0.06514689326286316
4,14400,95,30004,15,27,1.6016578674316406
4,14400,95,30004,15,28,0.8578889966011047
4,14400,95,30004,15,29,0.130900576710701
4,14400,96,30004,16,0,0.4631584584712982
4,14400,96,30004,16,1,1.1298110485076904
4,14400,96,30004,16,2,0.17756499350070953
4,14400,96,30004,16,3,0.4118334650993347
4,14400,96,30004,16,4,8.879137992858887
4,14400,96,30004,16,5,0.25211676955223083
4,14400,96,30004,16,6,0.8079624176025391
4,14400,96,30004,16,7,0.3614412546157837
4,14400,96,30004,16,8,0.2292921096086502
4,14400,96,30004,16,9,0.16031457483768463
4,14400,96,30004,16,10,0.4608123302459717
4,14400,96,30004,16,11,0.08375474810600281
4,14400,96,30004,16,12,0.13407981395721436
4,14400,96,30004,16,13,0.23192080855369568
4,14400,96,30004,16,14,0.23604264855384827
4,14400,96,30004,16,15,0.897463858127594
4,14400,96,30004,16,16,0.5064114332199097
4,14400,96,30004,16,17,0.17460337281227112
4,14400,96,30004,16,18,0.3123907148838043
4,14400,96,30004,16,19,0.2826005220413208
4,14400,96,30004,16,20,0.6105086803436279
4,14400,96,30004,16,21,0.5982630252838135
4,14400,96,30004,16,22,0.11653941869735718
4,14400,96,30004,16,23,0.32848861813545227
4,14400,96,30004,16,24,0.3450542390346527
4,14400,96,30004,16,25,0.46910008788108826
4,14400,96,30004,16,26,0.34595003724098206
4,14400,96,30004,16,27,0.9080362319946289
4,14400,96,30004,16,28,0.2091808170080185
4,14400,96,30004,16,29,0.106181301176548
4,14400,97,30004,17,0,0.1639128029346466
4,14400,97,30004,17,1,0.16943609714508057
4,14400,97,30004,17,2,1.6969891786575317
4,14400,97,30004,17,3,0.46674656867980957
4,14400,97,30004,17,4,0.7825507521629333
4,14400,97,30004,17,5,0.37954336404800415
4,14400,97,30004,17,6,1.830242395401001
4,14400,97,30004,17,7,0.06622032821178436
4,14400,97,30004,17,8,0.5799911618232727
4,14400,97,30004,17,9,0.23659656941890717
4,14400,97,30004,17,10,0.5144544839859009
4,14400,97,30004,17,11,0.5652896761894226
4,14400,97,30004,17,12,0.16723133623600006
4,14400,97,30004,17,13,0.3308733105659485
4,14400,97,30004,17,14,1.4145545959472656
4,14400,97,30004,17,15,1.125801920890808
4,14400,97,30004,17,16,0.3239519000053406
4,14400,97,30004,17,17,0.339230477809906
4,14400,97,30004,17,18,0.3337858021259308
4,14400,97,30004,17,19,0.4000840187072754
4,14400,97,30004,17,20,0.18797345459461212
4,14400,97,30004,17,21,0.2575913369655609
4,14400,97,30004,17,22,0.49904924631118774
4,14400,97,30004,17,23,0.18143442273139954
4,14400,97,30004,17,24,0.196039080619812
4,14400,97,30004,17,25,3.606163501739502
4,14400,97,30004,17,26,0.9857907295227051
4,14400,97,30004,17,27,0.8182463049888611
4,14400,97,30004,17,28,1.8663549423217773
4,14400,97,30004,17,29,0.0839647427201271
4,14400,98,30004,18,0,0.3169516324996948
4,14400,98,30004,18,1,0.3512333035469055
4,14400,98,30004,18,2,0.32844099402427673
4,14400,98,30004,18,3,0.3125184178352356
4,14400,98,30004,18,4,0.27901506423950195
4,14400,98,30004,18,5,0.27602899074554443
4,14400,98,30004,18,6,0.37144988775253296
4,14400,98,30004,18,7,0.7696033716201782
4,14400,98,30004,18,8,0.16224274039268494
4,14400,98,30004,18,9,0.5729389786720276
4,14400,98,30004,18,10,0.42470023036003113
4,14400,98,30004,18,11,0.18832875788211823
4,14400,98,30004,18,12,0.21861852705478668
4,14400,98,30004,18,13,0.2494346797466278
4,14400,98,30004,18,14,0.7392277717590332
4,14400,98,30004,18,15,0.1129692941904068
4,14400,98,30004,18,16,1.2777493000030518
4,14400,98,30004,18,17,0.1809639185667038
4,14400,98,30004,18,18,0.34702256321907043
4,14400,98,30004,18,19,0.17565158009529114
4,14400,98,30004,18,20,0.05999999865889549
4,14400,98,30004,18,21,0.8039565682411194
4,14400,98,30004,18,22,2.819614887237549
4,14400,98,30004,18,23,4.548895359039307
4,14400,98,30004,18,24,0.501410186290741
4,14400,98,30004,18,25,0.4261242151260376
4,14400,98,30004,18,26,0.1733713150024414
4,14400,98,30004,18,27,1.5809333324432373
4,14400,98,30004,18,28,0.30829980969429016
4,14400,98,30004,18,29,0.4392322301864624
4,14400,99,30004,19,0,0.2507232129573822
4,14400,99,30004,19,1,0.3190174698829651
4,14400,99,30004,19,2,0.5245318412780762
4,14400,99,30004,19,3,0.8328579664230347
4,14400,99,30004,19,4,0.6429397463798523
4,14400,99,30004,19,5,0.17114828526973724
4,14400,99,30004,19,6,0.6978135108947754
4,14400,99,30004,19,7,0.4391654133796692
4,14400,99,30004,19,8,0.29039591550827026
4,14400,99,30004,19,9,3.901559829711914
4,14400,99,30004,19,10,0.3547162413597107
4,14400,99,30004,19,11,0.22045019268989563
4,14400,99,30004,19,12,0.3314100205898285
4,14400,99,30004,19,13,0.3203374147415161
4,14400,99,30004,19,14,0.3481733500957489
4,14400,99,30004,19,15,0.6272783279418945
4,14400,99,30004,19,16,0.7070328593254089
4,14400,99,30004,19,17,0.40286222100257874
4,14400,99,30004,19,18,0.342409610748291
4,14400,99,30004,19,19,0.6105778813362122
4,14400,99,30004,19,20,0.6944632530212402
4,14400,99,30004,19,21,3.6441991329193115
4,14400,99,30004,19,22,0.8256703615188599
4,14400,99,30004,19,23,1.0746421813964844
4,14400,99,30004,19,24,0.06206648796796799
4,14400,99,30004,19,25,0.08412247896194458
4,14400,99,30004,19,26,0.5783597826957703
4,14400,99,30004,19,27,0.6598882079124451
4,14400,99,30004,19,28,0.33779019117355347
4,14400,99,30004,19,29,0.3910647928714752
5,18000,80,30004,0,0,0.32042381167411804
5,18000,80,30004,0,1,0.21478815376758575
5,18000,80,30004,0,2,0.4063901901245117
5,18000,80,30004,0,3,1.0726608037948608
5,18000,80,30004,0,4,0.27042156457901
5,18000,80,30004,0,5,0.34205323457717896
5,18000,80,30004,0,6,0.2573769688606262
5,18000,80,30004,0,7,0.21694216132164001
5,18000,80,30004,0,8,1.0385299921035767
5,18000,80,30004,0,9,0.43961092829704285
5,18000,80,30004,0,10,0.15285032987594604
5,18000,80,30004,0,11,0.6265478134155273
5,18000,80,30004,0,12,0.1694934070110321
5,18000,80,30004,0,13,0.8535370230674744
5,18000,80,30004,0,14,0.39095553755760193
5,18000,80,30004,0,15,0.4057977795600891
5,18000,80,30004,0,16,0.3549160361289978
5,18000,80,30004,0,17,0.10156726092100143
5,18000,80,30004,0,18,0.47710418701171875
5,18000,80,30004,0,19,0.5470187067985535
5,18000,80,30004,0,20,0.5630176663398743
5,18000,80,30004,0,21,0.17670132219791412
5,18000,80,30004,0,22,0.07606630772352219
5,18000,80,30004,0,23,0.40769481658935547
5,18000,80,30004,0,24,0.5771850943565369
5,18000,80,30004,0,25,0.31423449516296387
5,18000,80,30004,0,26,0.19069325923919678
5,18000,80,30004,0,27,0.5504942536354065
5,18000,80,30004,0,28,0.8801574110984802
5,18000,80,30004,0,29,0.8480075597763062
5,18000,81,30004,1,0,0.47723478078842163
5,18000,81,30004,1,1,0.5155704617500305
5,18000,81,30004,1,2,0.07646723091602325
5,18000,81,30004,1,3,0.3283505439758301
5,18000,81,30004,1,4,0.3283321261405945
5,18000,81,30004,1,5,0.5231908559799194
5,18000,81,30004,1,6,0.4037237763404846
5,18000,81,30004,1,7,0.7222727537155151
5,18000,81,30004,1,8,0.4841703772544861
5,18000,81,30004,1,9,0.24873210489749908
5,18000,81,30004,1,10,0.6322689056396484
5,18000,81,30004,1,11,3.4652581214904785
5,18000,81,30004,1,12,0.3529950976371765
5,18000,81,30004,1,13,0.09346016496419907
5,18000,81,30004,1,14,0.2057630866765976
5,18000,81,30004,1,15,0.3599752187728882
5,18000,81,30004,1,16,0.3173269033432007
5,18000,81,30004,1,17,0.6419835090637207
5,18000,81,30004,1,18,0.3308238387107849
5,18000,81,30004,1,19,0.8191836476325989
5,18000,81,30004,1,20,0.5074552893638611
5,18000,81,30004,1,21,0.4339635670185089
5,18000,81,30004,1,22,0.3283151090145111
5,18000,81,30004,1,23,0.797576904296875
5,18000,81,30004,1,24,0.2860933244228363
5,18000,81,30004,1,25,0.6797833442687988
5,18000,81,30004,1,26,0.3060312271118164
5,18000,81,30004,1,27,0.2102275788784027
5,18000,81,30004,1,28,0.5532755851745605
5,18000,81,30004,1,29,0.22816072404384613
5,18000,82,30004,2,0,0.5511353015899658
5,18000,82,30004,2,1,0.6237131953239441
5,18000,82,30004,2,2,0.27264320850372314
5,18000,82,30004,2,3,1.540153980255127
5,18000,82,30004,2,4,0.09255793690681458
5,18000,82,30004,2,5,0.10395805537700653
5,18000,82,30004,2,6,0.2880783975124359
5,18000,82,30004,2,7,0.17443406581878662
5,18000,82,30004,2,8,0.1615259349346161
5,18000,82,30004,2,9,0.07790790498256683
5,18000,82,30004,2,10,0.21469031274318695
5,18000,82,30004,2,11,0.06485453248023987
5,18000,82,30004,2,12,0.23968227207660675
5,18000,82,30004,2,13,0.20375603437423706
5,18000,82,30004,2,14,0.35226404666900635
5,18000,82,30004,2,15,0.1924939751625061
5,18000,82,30004,2,16,0.20414404571056366
5,18000,82,30004,2,17,0.783494234085083
5,18000,82,30004,2,18,0.5082221627235413
5,18000,82,30004,2,19,0.3763188123703003
5,18000,82,30004,2,20,0.33503490686416626
5,18000,82,30004,2,21,0.41629767417907715
5,18000,82,30004,2,22,0.7678517699241638
5,18000,82,30004,2,23,0.30898991227149963
5,18000,82,30004,2,24,1.1197113990783691
5,18000,82,30004,2,25,0.2730666399002075
5,18000,82,30004,2,26,0.36059772968292236
5,18000,82,30004,2,27,0.26955705881118774
5,18000,82,30004,2,28,0.18116624653339386
5,18000,82,30004,2,29,0.37601438164711
5,18000,83,30004,3,0,0.45879948139190674
5,18000,83,30004,3,1,0.28600960969924927
5,18000,83,30004,3,2,0.46962007880210876
5,18000,83,30004,3,3,0.3268725275993347
5,18000,83,30004,3,4,0.2630407512187958
5,18000,83,30004,3,5,0.2874704897403717
5,18000,83,30004,3,6,0.23229974508285522
5,18000,83,30004,3,7,0.6426559686660767
5,18000,83,30004,3,8,0.9594125747680664
5,18000,83,30004,3,9,0.471237450838089
5,18000,83,30004,3,10,0.26796039938926697
5,18000,83,30004,3,11,0.5181547999382019
5,18000,83,30004,3,12,0.5144147872924805
5,18000,83,30004,3,13,0.06292922794818878
5,18000,83,30004,3,14,0.4614543914794922
5,18000,83,30004,3,15,0.7243402600288391
5,18000,83,30004,3,16,0.41911596059799194
5,18000,83,30004,3,17,0.12056739628314972
5,18000,83,30004,3,18,0.16074126958847046
5,18000,83,30004,3,19,0.23916321992874146
5,18000,83,30004,3,20,0.4303479492664337
5,18000,83,30004,3,21,0.11178605258464813
5,18000,83,30004,3,22,0.20364990830421448
5,18000,83,30004,3,23,0.737838864326477
5,18000,83,30004,3,24,0.17406460642814636
5,18000,83,30004,3,25,0.9563839435577393
5,18000,83,30004,3,26,0.25710684061050415
5,18000,83,30004,3,27,0.6857541799545288
5,18000,83,30004,3,28,0.19299864768981934
5,18000,83,30004,3,29,1.0241961479187012
5,18000,84,30004,4,0,0.08076862245798111
5,18000,84,30004,4,1,1.8169786930084229
5,18000,84,30004,4,2,0.1696922779083252
5,18000,84,30004,4,3,0.18810372054576874
5,18000,84,30004,4,4,0.2645122706890106
5,18000,84,30004,4,5,0.641172468662262
5,18000,84,30004,4,6,0.2935410141944885
5,18000,84,30004,4,7,0.6341529488563538
5,18000,84,30004,4,8,0.25081270933151245
5,18000,84,30004,4,9,0.273975133895874
5,18000,84,30004,4,10,0.8623157739639282
5,18000,84,30004,4,11,0.9433091878890991
5,18000,84,30004,4,12,0.06311642378568649
5,18000,84,30004,4,13,0.7883881330490112
5,18000,84,30004,4,14,0.4835990071296692
5,18000,84,30004,4,15,0.3718852698802948
5,18000,84,30004,4,16,0.07887684553861618
5,18000,84,30004,4,17,0.7020871043205261
5,18000,84,30004,4,18,0.6104835867881775
5,18000,84,30004,4,19,0.26025962829589844
5,18000,84,30004,4,20,0.34871989488601685
5,18000,84,30004,4,21,0.7334301471710205
5,18000,84,30004,4,22,0.6306198835372925
5,18000,84,30004,4,23,0.39286187291145325
5,18000,84,30004,4,24,0.5931392312049866
5,18000,84,30004,4,25,0.25956064462661743
5,18000,84,30004,4,26,0.17511504888534546
5,18000,84,30004,4,27,0.1787412017583847
5,18000,84,30004,4,28,2.8725175857543945
5,18000,84,30004,4,29,0.33144670724868774
5,18000,85,30004,5,0,0.24310626089572906
5,18000,85,30004,5,1,0.09997354447841644
5,18000,85,30004,5,2,1.0939908027648926
5,18000,85,30004,5,3,0.7939050793647766
5,18000,85,30004,5,4,0.17374557256698608
5,18000,85,30004,5,5,1.1078484058380127
5,18000,85,30004,5,6,1.5109875202178955
5,18000,85,30004,5,7,0.2551729679107666
5,18000,85,30004,5,8,0.3330625891685486
5,18000,85,30004,5,9,0.34957098960876465
5,18000,85,30004,5,10,0.41627103090286255
5,18000,85,30004,5,11,0.6524564027786255
5,18000,85,30004,5,12,0.08962470293045044
5,18000,85,30004,5,13,0.3886519968509674
5,18000,85,30004,5,14,0.5147076845169067
5,18000,85,30004,5,15,0.16446243226528168
5,18000,85,30004,5,16,0.26870450377464294
5,18000,85,30004,5,17,0.734892725944519
5,18000,85,30004,5,18,0.23054523766040802
5,18000,85,30004,5,19,0.14750903844833374
5,18000,85,30004,5,20,0.05999999865889549
5,18000,85,30004,5,21,0.14364024996757507
5,18000,85,30004,5,22,0.24849767982959747
5,18000,85,30004,5,23,0.5720066428184509
5,18000,85,30004,5,24,0.2407306581735611
5,18000,85,30004,5,25,0.9212703704833984
5,18000,85,30004,5,26,0.2681213915348053
5,18000,85,30004,5,27,0.21495075523853302
5,18000,85,30004,5,28,0.20090454816818237
5,18000,85,30004,5,29,0.357738733291626
5,18000,86,30004,6,0,0.26079532504081726
5,18000,86,30004,6,1,0.08594293892383575
5,18000,86,30004,6,2,1.0951451063156128
5,18000,86,30004,6,3,0.3479115664958954
5,18000,86,30004,6,4,1.085353970527649
5,18000,86,30004,6,5,0.6929311752319336
5,18000,86,30004,6,6,0.6392435431480408
5,18000,86,30004,6,7,0.33617764711380005
5,18000,86,30004,6,8,0.06452023983001709
5,18000,86,30004,6,9,0.5222137570381165
5,18000,86,30004,6,10,0.251201331615448
5,18000,86,30004,6,11,0.609947919845581
5,18000,86,30004,6,12,0.4445546269416809
5,18000,86,30004,6,13,0.43824031949043274
5,18000,86,30004,6,14,0.28340059518814087
5,18000,86,30004,6,15,0.2485232949256897
5,18000,86,30004,6,16,0.1752416491508484
5,18000,86,30004,6,17,0.30770865082740784
5,18000,86,30004,6,18,0.5476617813110352
5,18000,86,30004,6,19,0.8313400149345398
5,18000,86,30004,6,20,0.4512287676334381
5,18000,86,30004,6,21,0.396681547164917
5,18000,86,30004,6,22,0.3506281077861786
5,18000,86,30004,6,23,0.5466127395629883
5,18000,86,30004,6,24,0.4957118332386017
5,18000,86,30004,6,25,0.3663649559020996
5,18000,86,30004,6,26,0.2799774408340454
5,18000,86,30004,6,27,0.26495569944381714
5,18000,86,30004,6,28,0.638352632522583
5,18000,86,30004,6,29,0.26365572214126587
5,18000,87,30004,7,0,0.7071526646614075
5,18000,87,30004,7,1,0.3443303406238556
5,18000,87,30004,7,2,0.060459382832050323
5,18000,87,30004,7,3,0.4758799970149994
5,18000,87,30004,7,4,0.1848127543926239
5,18000,87,30004,7,5,0.8379791378974915
5,18000,87,30004,7,6,0.2854870557785034
5,18000,87,30004,7,7,0.34725454449653625
5,18000,87,30004,7,8,0.43600690364837646
5,18000,87,30004,7,9,0.4023452699184418
5,18000,87,30004,7,10,0.48814982175827026
5,18000,87,30004,7,11,0.4099281430244446
5,18000,87,30004,7,12,0.2751322388648987
5,18000,87,30004,7,13,0.2564798891544342
5,18000,87,30004,7,14,0.5619032979011536
5,18000,87,30004,7,15,0.2884005308151245
5,18000,87,30004,7,16,0.1734108179807663
5,18000,87,30004,7,17,0.4942563474178314
5,18000,87,30004,7,18,0.40285927057266235
5,18000,87,30004,7,19,0.8073474764823914
5,18000,87,30004,7,20,0.3676576316356659
5,18000,87,30004,7,21,0.31842541694641113
5,18000,87,30004,7,22,0.3898164629936218
5,18000,87,30004,7,23,0.35944435000419617
5,18000,87,30004,7,24,0.37701737880706787
5,18000,87,30004,7,25,0.1357966959476471
5,18000,87,30004,7,26,0.08240225911140442
5,18000,87,30004,7,27,0.4766308665275574
5,18000,87,30004,7,28,0.3783166706562042
5,18000,87,30004,7,29,0.3464668393135071
5,18000,88,30004,8,0,0.9644014835357666
5,18000,88,30004,8,1,0.22866854071617126
5,18000,88,30004,8,2,0.4904317259788513
5,18000,88,30004,8,3,0.21871215105056763
5,18000,88,30004,8,4,0.46961510181427
5,18000,88,30004,8,5,0.7458852529525757
5,18000,88,30004,8,6,0.5105725526809692
5,18000,88,30004,8,7,0.3241070508956909
5,18000,88,30004,8,8,0.2910686433315277
5,18000,88,30004,8,9,0.42618420720100403
5,18000,88,30004,8,10,0.4868430197238922
5,18000,88,30004,8,11,0.24073487520217896
5,18000,88,30004,8,12,0.4077136814594269
5,18000,88,30004,8,13,0.30914562940597534
5,18000,88,30004,8,14,0.6435139179229736
5,18000,88,30004,8,15,0.3302893042564392
5,18000,88,30004,8,16,0.09368111193180084
5,18000,88,30004,8,17,0.16503137350082397
5,18000,88,30004,8,18,0.33418625593185425
5,18000,88,30004,8,19,0.3425068259239197
5,18000,88,30004,8,20,0.3755040168762207
5,18000,88,30004,8,21,0.6752216815948486
5,18000,88,30004,8,22,0.23628263175487518
5,18000,88,30004,8,23,0.5270813703536987
5,18000,88,30004,8,24,0.20900626480579376
5,18000,88,30004,8,25,0.3517218232154846
5,18000,88,30004,8,26,0.39064115285873413
5,18000,88,30004,8,27,0.27976879477500916
5,18000,88,30004,8,28,0.05999999865889549
5,18000,88,30004,8,29,0.32970619201660156
5,18000,89,30004,9,0,0.5442960858345032
5,18000,89,30004,9,1,0.7939004302024841
5,18000,89,30004,9,2,0.45432668924331665
5,18000,89,30004,9,3,0.278790682554245
5,18000,89,30004,9,4,0.18536260724067688
5,18000,89,30004,9,5,0.1505928784608841
5,18000,89,30004,9,6,0.08753031492233276
5,18000,89,30004,9,7,0.6703253388404846
5,18000,89,30004,9,8,1.0305453538894653
5,18000,89,30004,9,9,0.47615885734558105
5,18000,89,30004,9,10,0.3337954580783844
5,18000,89,30004,9,11,0.07287489622831345
5,18000,89,30004,9,12,0.3948397934436798
5,18000,89,30004,9,13,0.2798166871070862
5,18000,89,30004,9,14,0.3041822910308838
5,18000,89,30004,9,15,0.3197835683822632
5,18000,89,30004,9,16,1.5408283472061157
5,18000,89,30004,9,17,0.8304831981658936
5,18000,89,30004,9,18,0.5094059109687805
5,18000,89,30004,9,19,0.09945861250162125
5,18000,89,30004,9,20,0.15282921493053436
5,18000,89,30004,9,21,0.06887887418270111
5,18000,89,30004,9,22,0.2724303603172302
5,18000,89,30004,9,23,0.40145769715309143
5,18000,89,30004,9,24,0.4924914538860321
5,18000,89,30004,9,25,0.7595553398132324
5,18000,89,30004,9,26,0.3122485280036926
5,18000,89,30004,9,27,0.6124812960624695
5,18000,89,30004,9,28,0.26761487126350403
5,18000,89,30004,9,29,0.4470635950565338
5,18000,90,30004,10,0,1.0188443660736084
5,18000,90,30004,10,1,0.4791100025177002
5,18000,90,30004,10,2,0.5399651527404785
5,18000,90,30004,10,3,0.4176848530769348
5,18000,90,30004,10,4,0.17710691690444946
5,18000,90,30004,10,5,0.2357834428548813
5,18000,90,30004,10,6,0.20729930698871613
5,18000,90,30004,10,7,0.9532701969146729
5,18000,90,30004,10,8,0.7950149774551392
5,18000,90,30004,10,9,0.26356592774391174
5,18000,90,30004,10,10,0.38226285576820374
5,18000,90,30004,10,11,0.4850561022758484
5,18000,90,30004,10,12,0.3054174780845642
5,18000,90,30004,10,13,0.2787264585494995
5,18000,90,30004,10,14,0.3854551911354065
5,18000,90,30004,10,15,0.7839240431785583
5,18000,90,30004,10,16,0.05999999865889549
5,18000,90,30004,10,17,0.2813989520072937
5,18000,90,30004,10,18,0.3159237205982208
5,18000,90,30004,10,19,0.346407026052475
5,18000,90,30004,10,20,0.3293365240097046
5,18000,90,30004,10,21,0.5074880719184875
5,18000,90,30004,10,22,0.2707434892654419
5,18000,90,30004,10,23,0.23462232947349548
5,18000,90,30004,10,24,0.32724374532699585
5,18000,90,30004,10,25,0.19465069472789764
5,18000,90,30004,10,26,0.21307751536369324
5,18000,90,30004,10,27,0.7980966567993164
5,18000,90,30004,10,28,0.6656371355056763
5,18000,90,30004,10,29,0.46420034766197205
5,18000,91,30004,11,0,0.19057445228099823
5,18000,91,30004,11,1,0.8506546020507812
5,18000,91,30004,11,2,0.2185315638780594
5,18000,91,30004,11,3,0.12605610489845276
5,18000,91,30004,11,4,0.15806394815444946
5,18000,91,30004,11,5,0.16076624393463135
5,18000,91,30004,11,6,0.22179436683654785
5,18000,91,30004,11,7,0.18804988265037537
5,18000,91,30004,11,8,0.20188301801681519
5,18000,91,30004,11,9,0.3479130268096924
5,18000,91,30004,11,10,0.1846308559179306
5,18000,91,30004,11,11,0.18084998428821564
5,18000,91,30004,11,12,0.31979647278785706
5,18000,91,30004,11,13,0.524375319480896
5,18000,91,30004,11,14,0.2850911021232605
5,18000,91,30004,11,15,0.8170484304428101
5,18000,91,30004,11,16,1.71077561378479
5,18000,91,30004,11,17,0.0894525870680809
5,18000,91,30004,11,18,0.5390870571136475
5,18000,91,30004,11,19,2.384737491607666
5,18000,91,30004,11,20,0.1607120931148529
5,18000,91,30004,11,21,0.15640296041965485
5,18000,91,30004,11,22,0.16904474794864655
5,18000,91,30004,11,23,0.6780967712402344
5,18000,91,30004,11,24,0.6396545171737671
5,18000,91,30004,11,25,0.11287528276443481
5,18000,91,30004,11,26,0.21048079431056976
5,18000,91,30004,11,27,0.5569910407066345
5,18000,91,30004,11,28,2.191690444946289
5,18000,91,30004,11,29,0.25711238384246826
5,18000,92,30004,12,0,0.8636428117752075
5,18000,92,30004,12,1,0.671330988407135
5,18000,92,30004,12,2,0.4468171000480652
5,18000,92,30004,12,3,0.3826834559440613
5,18000,92,30004,12,4,0.6667248606681824
5,18000,92,30004,12,5,0.4534674882888794
5,18000,92,30004,12,6,0.1198362410068512
5,18000,92,30004,12,7,0.40850064158439636
5,18000,92,30004,12,8,0.4428226947784424
5,18000,92,30004,12,9,0.6147497892379761
5,18000,92,30004,12,10,0.09353843331336975
5,18000,92,30004,12,11,0.170101597905159
5,18000,92,30004,12,12,1.0948188304901123
5,18000,92,30004,12,13,0.8507396578788757
5,18000,92,30004,12,14,0.33409273624420166
5,18000,92,30004,12,15,0.9201948642730713
5,18000,92,30004,12,16,0.308006227016449
5,18000,92,30004,12,17,0.25361016392707825
5,18000,92,30004,12,18,0.178348109126091
5,18000,92,30004,12,19,0.5501284003257751
5,18000,92,30004,12,20,0.3559417426586151
5,18000,92,30004,12,21,0.5243288278579712
5,18000,92,30004,12,22,0.3621648848056793
5,18000,92,30004,12,23,0.4002569913864136
5,18000,92,30004,12,24,0.5899336338043213
5,18000,92,30004,12,25,0.42117124795913696
5,18000,92,30004,12,26,0.5158635973930359
5,18000,92,30004,12,27,0.20505648851394653
5,18000,92,30004,12,28,0.3186502754688263
5,18000,92,30004,12,29,0.8178627490997314
5,18000,93,30004,13,0,0.08336886018514633
5,18000,93,30004,13,1,0.09374073892831802
5,18000,93,30004,13,2,0.3006645441055298
5,18000,93,30004,13,3,1.6990787982940674
5,18000,93,30004,13,4,0.06746251881122589
5,18000,93,30004,13,5,0.2186436653137207
5,18000,93,30004,13,6,0.13065746426582336
5,18000,93,30004,13,7,0.07983681559562683
5,18000,93,30004,13,8,0.39412397146224976
5,18000,93,30004,13,9,0.28912556171417236
5,18000,93,30004,13,10,0.5354884266853333
5,18000,93,30004,13,11,0.3813574016094208
5,18000,93,30004,13,12,0.6386184692382812
5,18000,93,30004,13,13,0.2169879972934723
5,18000,93,30004,13,14,0.1920894831418991
5,18000,93,30004,13,15,0.27775508165359497
5,18000,93,30004,13,16,0.21806079149246216
5,18000,93,30004,13,17,0.3897148370742798
5,18000,93,30004,13,18,3.0413079261779785
5,18000,93,30004,13,19,0.2617875337600708
5,18000,93,30004,13,20,0.24426351487636566
5,18000,93,30004,13,21,0.798743486404419
5,18000,93,30004,13,22,0.484042763710022
5,18000,93,30004,13,23,0.31633105874061584
5,18000,93,30004,13,24,0.6306006908416748
5,18000,93,30004,13,25,0.30905938148498535
5,18000,93,30004,13,26,0.46741029620170593
5,18000,93,30004,13,27,0.2583816349506378
5,18000,93,30004,13,28,0.23829396069049835
5,18000,93,30004,13,29,0.10239803045988083
5,18000,94,30004,14,0,0.11426007747650146
5,18000,94,30004,14,1,1.5759252309799194
5,18000,94,30004,14,2,0.6143032312393188
5,18000,94,30004,14,3,0.854967474937439
5,18000,94,30004,14,4,0.4407396614551544
5,18000,94,30004,14,5,0.17297568917274475
5,18000,94,30004,14,6,0.05999999865889549
5,18000,94,30004,14,7,0.2412838488817215
5,18000,94,30004,14,8,0.25747308135032654
5,18000,94,30004,14,9,0.3624553382396698
5,18000,94,30004,14,10,0.41382965445518494
5,18000,94,30004,14,11,0.3560934066772461
5,18000,94,30004,14,12,0.26829567551612854
5,18000,94,30004,14,13,0.2395091950893402
5,18000,94,30004,14,14,0.3097548186779022
5,18000,94,30004,14,15,0.7977352738380432
5,18000,94,30004,14,16,0.18003390729427338
5,18000,94,30004,14,17,0.2927231788635254
5,18000,94,30004,14,18,0.3572850525379181
5,18000,94,30004,14,19,0.5002757906913757
5,18000,94,30004,14,20,0.5512654185295105
5,18000,94,30004,14,21,0.18433241546154022
5,18000,94,30004,14,22,0.2211681455373764
5,18000,94,30004,14,23,0.5811181664466858
5,18000,94,30004,14,24,0.6280032992362976
5,18000,94,30004,14,25,0.26142293214797974
5,18000,94,30004,14,26,0.39136606454849243
5,18000,94,30004,14,27,0.17972007393836975
5,18000,94,30004,14,28,0.26655369997024536
5,18000,94,30004,14,29,0.726500928401947
5,18000,95,30004,15,0,0.5934651494026184
5,18000,95,30004,15,1,0.32722100615501404
5,18000,95,30004,15,2,0.7253699898719788
5,18000,95,30004,15,3,1.3695014715194702
5,18000,95,30004,15,4,0.3807174265384674
5,18000,95,30004,15,5,1.249955415725708
5,18000,95,30004,15,6,0.944885790348053
5,18000,95,30004,15,7,0.1688026785850525
5,18000,95,30004,15,8,0.293628454208374
5,18000,95,30004,15,9,0.6638102531433105
5,18000,95,30004,15,10,1.2085238695144653
5,18000,95,30004,15,11,0.08150985836982727
5,18000,95,30004,15,12,0.6751712560653687
5,18000,95,30004,15,13,0.23758241534233093
5,18000,95,30004,15,14,0.21271124482154846
5,18000,95,30004,15,15,0.07263761758804321
5,18000,95,30004,15,16,0.08031347393989563
5,18000,95,30004,15,17,0.3284235894680023
5,18000,95,30004,15,18,0.4847523272037506
5,18000,95,30004,15,19,0.5069934129714966
5,18000,95,30004,15,20,0.05999999865889549
5,18000,95,30004,15,21,0.18541526794433594
5,18000,95,30004,15,22,0.5311305522918701
5,18000,95,30004,15,23,0.2169046700000763
5,18000,95,30004,15,24,2.795586347579956
5,18000,95,30004,15,25,0.2635323703289032
5,18000,95,30004,15,26,0.6152513027191162
5,18000,95,30004,15,27,0.3407639265060425
5,18000,95,30004,15,28,0.8378157615661621
5,18000,95,30004,15,29,0.199201300740242
5,18000,96,30004,16,0,0.22775393724441528
5,18000,96,30004,16,1,0.084184929728508
5,18000,96,30004,16,2,0.5667246580123901
5,18000,96,30004,16,3,0.31632450222969055
5,18000,96,30004,16,4,0.1627274602651596
5,18000,96,30004,16,5,0.2201915681362152
5,18000,96,30004,16,6,0.5239439010620117
5,18000,96,30004,16,7,0.4288051128387451
5,18000,96,30004,16,8,0.17251372337341309
5,18000,96,30004,16,9,0.17934033274650574
5,18000,96,30004,16,10,0.5020299553871155
5,18000,96,30004,16,11,0.23294806480407715
5,18000,96,30004,16,12,0.3149041533470154
5,18000,96,30004,16,13,0.4148242473602295
5,18000,96,30004,16,14,0.26181942224502563
5,18000,96,30004,16,15,0.2745712995529175
5,18000,96,30004,16,16,0.6068684458732605
5,18000,96,30004,16,17,0.36101388931274414
5,18000,96,30004,16,18,0.45841819047927856
5,18000,96,30004,16,19,0.09525695443153381
5,18000,96,30004,16,20,0.686505913734436
5,18000,96,30004,16,21,0.5234413146972656
5,18000,96,30004,16,22,0.25586023926734924
5,18000,96,30004,16,23,0.21099582314491272
5,18000,96,30004,16,24,0.5700881481170654
5,18000,96,30004,16,25,0.3409627079963684
5,18000,96,30004,16,26,0.14061841368675232
5,18000,96,30004,16,27,0.11571075767278671
5,18000,96,30004,16,28,0.14068812131881714
5,18000,96,30004,16,29,0.7239004373550415
5,18000,97,30004,17,0,0.23349672555923462
5,18000,97,30004,17,1,0.17186687886714935
5,18000,97,30004,17,2,0.07017114758491516
5,18000,97,30004,17,3,1.2891509532928467
5,18000,97,30004,17,4,0.2721109986305237
5,18000,97,30004,17,5,0.07783559709787369
5,18000,97,30004,17,6,2.646871328353882
5,18000,97,30004,17,7,0.41984641551971436
5,18000,97,30004,17,8,0.7543811202049255
5,18000,97,30004,17,9,0.16652950644493103
5,18000,97,30004,17,10,0.307535856962204
5,18000,97,30004,17,11,0.25758418440818787
5,18000,97,30004,17,12,0.200287863612175
5,18000,97,30004,17,13,0.29047703742980957
5,18000,97,30004,17,14,0.8260707855224609
5,18000,97,30004,17,15,0.6036155819892883
5,18000,97,30004,17,16,1.3376054763793945
5,18000,97,30004,17,17,0.29004156589508057
5,18000,97,30004,17,18,0.23213070631027222
5,18000,97,30004,17,19,0.25407683849334717
5,18000,97,30004,17,20,0.16959066689014435
5,18000,97,30004,17,21,0.1337134838104248
5,18000,97,30004,17,22,0.37196674942970276
5,18000,97,30004,17,23,0.2627628445625305
5,18000,97,30004,17,24,0.39707043766975403
5,18000,97,30004,17,25,0.28242287039756775
5,18000,97,30004,17,26,1.8734045028686523
5,18000,97,30004,17,27,0.26690909266471863
5,18000,97,30004,17,28,8.214648246765137
5,18000,97,30004,17,29,0.2726176679134369
5,18000,98,30004,18,0,0.2803669273853302
5,18000,98,30004,18,1,0.22948181629180908
5,18000,98,30004,18,2,0.8445060849189758
5,18000,98,30004,18,3,0.5188863277435303
5,18000,98,30004,18,4,0.23077887296676636
5,18000,98,30004,18,5,0.26872628927230835
5,18000,98,30004,18,6,0.2923392951488495
5,18000,98,30004,18,7,0.366849809885025
5,18000,98,30004,18,8,0.17903085052967072
5,18000,98,30004,18,9,1.218099594116211
5,18000,98,30004,18,10,0.19628123939037323
5,18000,98,30004,18,11,0.2984737753868103
5,18000,98,30004,18,12,0.256823867559433
5,18000,98,30004,18,13,0.17962582409381866
5,18000,98,30004,18,14,0.7805246114730835
5,18000,98,30004,18,15,0.4754059910774231
5,18000,98,30004,18,16,0.7655024528503418
5,18000,98,30004,18,17,0.2511301338672638
5,18000,98,30004,18,18,0.32375621795654297
5,18000,98,30004,18,19,0.2312355637550354
5,18000,98,30004,18,20,0.3878237009048462
5,18000,98,30004,18,21,0.3622032701969147
5,18000,98,30004,18,22,0.13141393661499023
5,18000,98,30004,18,23,0.6779515147209167
5,18000,98,30004,18,24,0.6335989832878113
5,18000,98,30004,18,25,0.4578225016593933
5,18000,98,30004,18,26,0.2315322756767273
5,18000,98,30004,18,27,0.8363851308822632
5,18000,98,30004,18,28,0.05999999865889549
5,18000,98,30004,18,29,0.6820788383483887
5,18000,99,30004,19,0,0.25153303146362305
5,18000,99,30004,19,1,0.27158111333847046
5,18000,99,30004,19,2,0.7835143208503723
5,18000,99,30004,19,3,1.3841091394424438
5,18000,99,30004,19,4,0.10303625464439392
5,18000,99,30004,19,5,0.17094659805297852
5,18000,99,30004,19,6,0.06031357869505882
5,18000,99,30004,19,7,0.6552295684814453
5,18000,99,30004,19,8,0.42289409041404724
5,18000,99,30004,19,9,0.7233782410621643
5,18000,99,30004,19,10,0.23231494426727295
5,18000,99,30004,19,11,1.4600639343261719
5,18000,99,30004,19,12,0.6208953261375427
5,18000,99,30004,19,13,0.7400691509246826
5,18000,99,30004,19,14,0.20298394560813904
5,18000,99,30004,19,15,1.0425920486450195
5,18000,99,30004,19,16,0.6438350677490234
5,18000,99,30004,19,17,0.30614325404167175
5,18000,99,30004,19,18,1.1633892059326172
5,18000,99,30004,19,19,0.8431894183158875
5,18000,99,30004,19,20,0.7106314301490784
5,18000,99,30004,19,21,0.25129130482673645
5,18000,99,30004,19,22,0.655890703201294
5,18000,99,30004,19,23,0.7932242155075073
5,18000,99,30004,19,24,0.2836364507675171
5,18000,99,30004,19,25,0.5891072154045105
5,18000,99,30004,19,26,0.6604533791542053
5,18000,99,30004,19,27,1.143039345741272
5,18000,99,30004,19,28,0.26975804567337036
5,18000,99,30004,19,29,0.536823034286499
