num_rso,num_sensors,rso_per_sensor,episode,seed,step,time_h,mean_u_km
2000,6,333.3333333333333,0,84000,0,0.0,19.716922760009766
2000,6,333.3333333333333,0,84000,30,0.041666666666666664,18.45403480529785
2000,6,333.3333333333333,0,84000,60,0.08333333333333333,17.267250061035156
2000,6,333.3333333333333,0,84000,90,0.125,15.898849487304688
2000,6,333.3333333333333,0,84000,120,0.16666666666666666,14.34736156463623
2000,6,333.3333333333333,0,84000,150,0.20833333333333334,13.112643241882324
2000,6,333.3333333333333,0,84000,180,0.25,12.258318901062012
2000,6,333.3333333333333,0,84000,210,0.2916666666666667,12.472253799438477
2000,6,333.3333333333333,0,84000,240,0.3333333333333333,13.151440620422363
2000,6,333.3333333333333,0,84000,270,0.375,13.799283027648926
2000,6,333.3333333333333,0,84000,300,0.4166666666666667,14.744367599487305
2000,6,333.3333333333333,0,84000,330,0.4583333333333333,15.799050331115723
2000,6,333.3333333333333,0,84000,360,0.5,16.173538208007812
2000,6,333.3333333333333,0,84000,390,0.5416666666666666,16.5277156829834
2000,6,333.3333333333333,0,84000,420,0.5833333333333334,16.14964485168457
2000,6,333.3333333333333,0,84000,450,0.625,15.306224822998047
2000,6,333.3333333333333,0,84000,480,0.6666666666666666,14.238734245300293
2000,6,333.3333333333333,0,84000,510,0.7083333333333334,12.403679847717285
2000,6,333.3333333333333,0,84000,540,0.75,11.241629600524902
2000,6,333.3333333333333,0,84000,570,0.7916666666666666,9.908618927001953
2000,6,333.3333333333333,0,84000,600,0.8333333333333334,9.6871976852417
2000,6,333.3333333333333,0,84000,630,0.875,9.58764362335205
2000,6,333.3333333333333,0,84000,660,0.9166666666666666,10.130522727966309
2000,6,333.3333333333333,0,84000,690,0.9583333333333334,10.43017578125
2000,6,333.3333333333333,0,84000,720,1.0,10.647177696228027
2000,6,333.3333333333333,0,84000,750,1.0416666666666667,10.7244234085083
2000,6,333.3333333333333,0,84000,780,1.0833333333333333,10.861933708190918
2000,6,333.3333333333333,0,84000,810,1.125,11.036669731140137
2000,6,333.3333333333333,0,84000,840,1.1666666666666667,11.265559196472168
2000,6,333.3333333333333,0,84000,870,1.2083333333333333,11.221145629882812
2000,6,333.3333333333333,0,84000,900,1.25,11.33536148071289
2000,6,333.3333333333333,0,84000,930,1.2916666666666667,11.312640190124512
2000,6,333.3333333333333,0,84000,960,1.3333333333333333,10.981738090515137
2000,6,333.3333333333333,0,84000,990,1.375,10.38900375366211
2000,6,333.3333333333333,0,84000,1020,1.4166666666666667,9.103940963745117
2000,6,333.3333333333333,0,84000,1050,1.4583333333333333,8.288337707519531
2000,6,333.3333333333333,0,84000,1080,1.5,7.171581745147705
2000,6,333.3333333333333,0,84000,1110,1.5416666666666667,6.537242412567139
2000,6,333.3333333333333,0,84000,1140,1.5833333333333333,6.304878234863281
2000,6,333.3333333333333,0,84000,1170,1.625,6.393930435180664
2000,6,333.3333333333333,0,84000,1200,1.6666666666666667,6.635358810424805
2000,6,333.3333333333333,0,84000,1230,1.7083333333333333,6.689765453338623
2000,6,333.3333333333333,0,84000,1260,1.75,6.50555944442749
2000,6,333.3333333333333,0,84000,1290,1.7916666666666667,6.4033074378967285
2000,6,333.3333333333333,0,84000,1320,1.8333333333333333,6.385120391845703
2000,6,333.3333333333333,0,84000,1350,1.875,6.183625221252441
2000,6,333.3333333333333,0,84000,1380,1.9166666666666667,5.845914840698242
2000,6,333.3333333333333,0,84000,1410,1.9583333333333333,5.850890159606934
2000,6,333.3333333333333,0,84000,1440,2.0,5.885142803192139
2000,6,333.3333333333333,0,84000,1470,2.0416666666666665,5.955968856811523
2000,6,333.3333333333333,0,84000,1500,2.0833333333333335,5.8998894691467285
2000,6,333.3333333333333,0,84000,1530,2.125,5.804161548614502
2000,6,333.3333333333333,0,84000,1560,2.1666666666666665,5.556112289428711
2000,6,333.3333333333333,0,84000,1590,2.2083333333333335,5.174197673797607
2000,6,333.3333333333333,0,84000,1620,2.25,4.9849677085876465
2000,6,333.3333333333333,0,84000,1650,2.2916666666666665,4.927284240722656
2000,6,333.3333333333333,0,84000,1680,2.3333333333333335,4.820788860321045
2000,6,333.3333333333333,0,84000,1710,2.375,4.668700218200684
2000,6,333.3333333333333,0,84000,1740,2.4166666666666665,4.769803524017334
2000,6,333.3333333333333,0,84000,1770,2.4583333333333335,4.623877048492432
2000,6,333.3333333333333,0,84000,1800,2.5,4.691761493682861
2000,6,333.3333333333333,0,84000,1830,2.5416666666666665,4.707307815551758
2000,6,333.3333333333333,0,84000,1860,2.5833333333333335,4.742786884307861
2000,6,333.3333333333333,0,84000,1890,2.625,4.607835292816162
2000,6,333.3333333333333,0,84000,1920,2.6666666666666665,4.46561336517334
2000,6,333.3333333333333,0,84000,1950,2.7083333333333335,4.382972240447998
2000,6,333.3333333333333,0,84000,1980,2.75,4.418588638305664
2000,6,333.3333333333333,0,84000,2010,2.7916666666666665,4.41535758972168
2000,6,333.3333333333333,0,84000,2040,2.8333333333333335,4.417240142822266
2000,6,333.3333333333333,0,84000,2070,2.875,4.4160871505737305
2000,6,333.3333333333333,0,84000,2100,2.9166666666666665,4.420957565307617
2000,6,333.3333333333333,0,84000,2130,2.9583333333333335,4.409873962402344
2000,6,333.3333333333333,0,84000,2160,3.0,4.312119007110596
2000,6,333.3333333333333,0,84000,2190,3.0416666666666665,4.064094066619873
2000,6,333.3333333333333,0,84000,2220,3.0833333333333335,4.04960298538208
2000,6,333.3333333333333,0,84000,2250,3.125,3.9606800079345703
2000,6,333.3333333333333,0,84000,2280,3.1666666666666665,3.97666597366333
2000,6,333.3333333333333,0,84000,2310,3.2083333333333335,3.9515509605407715
2000,6,333.3333333333333,0,84000,2340,3.25,4.021912574768066
2000,6,333.3333333333333,0,84000,2370,3.2916666666666665,4.034383773803711
2000,6,333.3333333333333,0,84000,2400,3.3333333333333335,4.103216171264648
2000,6,333.3333333333333,0,84000,2430,3.375,4.146514415740967
2000,6,333.3333333333333,0,84000,2460,3.4166666666666665,3.961207628250122
2000,6,333.3333333333333,0,84000,2490,3.4583333333333335,4.034064769744873
2000,6,333.3333333333333,0,84000,2520,3.5,3.9101972579956055
2000,6,333.3333333333333,0,84000,2550,3.5416666666666665,3.77162504196167
2000,6,333.3333333333333,0,84000,2580,3.5833333333333335,3.8490102291107178
2000,6,333.3333333333333,0,84000,2610,3.625,3.8460068702697754
2000,6,333.3333333333333,0,84000,2640,3.6666666666666665,3.8876163959503174
2000,6,333.3333333333333,0,84000,2670,3.7083333333333335,3.7921693325042725
2000,6,333.3333333333333,0,84000,2700,3.75,3.812840223312378
2000,6,333.3333333333333,0,84000,2730,3.7916666666666665,3.72029972076416
2000,6,333.3333333333333,0,84000,2760,3.8333333333333335,3.7804856300354004
2000,6,333.3333333333333,0,84000,2790,3.875,3.7183499336242676
2000,6,333.3333333333333,0,84000,2820,3.9166666666666665,3.453249454498291
2000,6,333.3333333333333,0,84000,2850,3.9583333333333335,3.3567090034484863
2000,6,333.3333333333333,0,84000,2880,4.0,3.3565220832824707
2000,6,333.3333333333333,0,84000,2910,4.041666666666667,3.4209272861480713
2000,6,333.3333333333333,0,84000,2940,4.083333333333333,3.344447612762451
2000,6,333.3333333333333,0,84000,2970,4.125,3.3541767597198486
2000,6,333.3333333333333,0,84000,3000,4.166666666666667,3.379204511642456
2000,6,333.3333333333333,0,84000,3030,4.208333333333333,3.241175889968872
2000,6,333.3333333333333,0,84000,3060,4.25,3.354374885559082
2000,6,333.3333333333333,0,84000,3090,4.291666666666667,3.280531883239746
2000,6,333.3333333333333,0,84000,3120,4.333333333333333,3.2751002311706543
2000,6,333.3333333333333,0,84000,3150,4.375,3.2235946655273438
2000,6,333.3333333333333,0,84000,3180,4.416666666666667,3.239422559738159
2000,6,333.3333333333333,0,84000,3210,4.458333333333333,3.2572691440582275
2000,6,333.3333333333333,0,84000,3240,4.5,3.296466588973999
2000,6,333.3333333333333,0,84000,3270,4.541666666666667,3.2211661338806152
2000,6,333.3333333333333,0,84000,3300,4.583333333333333,3.3083856105804443
2000,6,333.3333333333333,0,84000,3330,4.625,3.2234957218170166
2000,6,333.3333333333333,0,84000,3360,4.666666666666667,3.161107063293457
2000,6,333.3333333333333,0,84000,3390,4.708333333333333,3.021557092666626
2000,6,333.3333333333333,0,84000,3420,4.75,2.8425309658050537
2000,6,333.3333333333333,0,84000,3450,4.791666666666667,2.752645492553711
2000,6,333.3333333333333,0,84000,3480,4.833333333333333,2.9075820446014404
2000,6,333.3333333333333,0,84000,3510,4.875,2.9620847702026367
2000,6,333.3333333333333,0,84000,3540,4.916666666666667,2.964120864868164
2000,6,333.3333333333333,0,84000,3570,4.958333333333333,2.960148334503174
2000,6,333.3333333333333,0,84000,3600,5.0,2.9668877124786377
2000,6,333.3333333333333,1,84000,0,0.0,20.073928833007812
2000,6,333.3333333333333,1,84000,30,0.041666666666666664,18.729764938354492
2000,6,333.3333333333333,1,84000,60,0.08333333333333333,17.480323791503906
2000,6,333.3333333333333,1,84000,90,0.125,16.092130661010742
2000,6,333.3333333333333,1,84000,120,0.16666666666666666,14.604669570922852
2000,6,333.3333333333333,1,84000,150,0.20833333333333334,13.246322631835938
2000,6,333.3333333333333,1,84000,180,0.25,12.379111289978027
2000,6,333.3333333333333,1,84000,210,0.2916666666666667,12.500808715820312
2000,6,333.3333333333333,1,84000,240,0.3333333333333333,13.303175926208496
2000,6,333.3333333333333,1,84000,270,0.375,13.930196762084961
2000,6,333.3333333333333,1,84000,300,0.4166666666666667,14.669090270996094
2000,6,333.3333333333333,1,84000,330,0.4583333333333333,15.475522994995117
2000,6,333.3333333333333,1,84000,360,0.5,16.031705856323242
2000,6,333.3333333333333,1,84000,390,0.5416666666666666,15.980524063110352
2000,6,333.3333333333333,1,84000,420,0.5833333333333334,15.802694320678711
2000,6,333.3333333333333,1,84000,450,0.625,14.943809509277344
2000,6,333.3333333333333,1,84000,480,0.6666666666666666,13.843486785888672
2000,6,333.3333333333333,1,84000,510,0.7083333333333334,12.376953125
2000,6,333.3333333333333,1,84000,540,0.75,11.233633041381836
2000,6,333.3333333333333,1,84000,570,0.7916666666666666,10.427240371704102
2000,6,333.3333333333333,1,84000,600,0.8333333333333334,9.82545280456543
2000,6,333.3333333333333,1,84000,630,0.875,9.894449234008789
2000,6,333.3333333333333,1,84000,660,0.9166666666666666,10.057491302490234
2000,6,333.3333333333333,1,84000,690,0.9583333333333334,10.067625045776367
2000,6,333.3333333333333,1,84000,720,1.0,10.27047061920166
2000,6,333.3333333333333,1,84000,750,1.0416666666666667,10.562631607055664
2000,6,333.3333333333333,1,84000,780,1.0833333333333333,10.740717887878418
2000,6,333.3333333333333,1,84000,810,1.125,10.849457740783691
2000,6,333.3333333333333,1,84000,840,1.1666666666666667,10.489517211914062
2000,6,333.3333333333333,1,84000,870,1.2083333333333333,10.524642944335938
2000,6,333.3333333333333,1,84000,900,1.25,10.495339393615723
2000,6,333.3333333333333,1,84000,930,1.2916666666666667,10.536287307739258
2000,6,333.3333333333333,1,84000,960,1.3333333333333333,10.157257080078125
2000,6,333.3333333333333,1,84000,990,1.375,9.716456413269043
2000,6,333.3333333333333,1,84000,1020,1.4166666666666667,8.914732933044434
2000,6,333.3333333333333,1,84000,1050,1.4583333333333333,8.21241569519043
2000,6,333.3333333333333,1,84000,1080,1.5,7.385867118835449
2000,6,333.3333333333333,1,84000,1110,1.5416666666666667,6.438080787658691
2000,6,333.3333333333333,1,84000,1140,1.5833333333333333,6.196475505828857
2000,6,333.3333333333333,1,84000,1170,1.625,6.142129898071289
2000,6,333.3333333333333,1,84000,1200,1.6666666666666667,6.344051361083984
2000,6,333.3333333333333,1,84000,1230,1.7083333333333333,6.477953910827637
2000,6,333.3333333333333,1,84000,1260,1.75,6.533348083496094
2000,6,333.3333333333333,1,84000,1290,1.7916666666666667,6.549865245819092
2000,6,333.3333333333333,1,84000,1320,1.8333333333333333,6.496957778930664
2000,6,333.3333333333333,1,84000,1350,1.875,6.437029838562012
2000,6,333.3333333333333,1,84000,1380,1.9166666666666667,6.446745872497559
2000,6,333.3333333333333,1,84000,1410,1.9583333333333333,6.165167808532715
2000,6,333.3333333333333,1,84000,1440,2.0,6.212599754333496
2000,6,333.3333333333333,1,84000,1470,2.0416666666666665,6.178109169006348
2000,6,333.3333333333333,1,84000,1500,2.0833333333333335,6.225892543792725
2000,6,333.3333333333333,1,84000,1530,2.125,6.053184509277344
2000,6,333.3333333333333,1,84000,1560,2.1666666666666665,5.898270606994629
2000,6,333.3333333333333,1,84000,1590,2.2083333333333335,5.629721641540527
2000,6,333.3333333333333,1,84000,1620,2.25,5.503744125366211
2000,6,333.3333333333333,1,84000,1650,2.2916666666666665,5.395120143890381
2000,6,333.3333333333333,1,84000,1680,2.3333333333333335,5.097001075744629
2000,6,333.3333333333333,1,84000,1710,2.375,4.7276482582092285
2000,6,333.3333333333333,1,84000,1740,2.4166666666666665,4.672358512878418
2000,6,333.3333333333333,1,84000,1770,2.4583333333333335,4.72649621963501
2000,6,333.3333333333333,1,84000,1800,2.5,4.711371898651123
2000,6,333.3333333333333,1,84000,1830,2.5416666666666665,4.7310638427734375
2000,6,333.3333333333333,1,84000,1860,2.5833333333333335,4.77046012878418
2000,6,333.3333333333333,1,84000,1890,2.625,4.565252304077148
2000,6,333.3333333333333,1,84000,1920,2.6666666666666665,4.499058723449707
2000,6,333.3333333333333,1,84000,1950,2.7083333333333335,4.508522033691406
2000,6,333.3333333333333,1,84000,1980,2.75,4.404136657714844
2000,6,333.3333333333333,1,84000,2010,2.7916666666666665,4.371038913726807
2000,6,333.3333333333333,1,84000,2040,2.8333333333333335,4.437217712402344
2000,6,333.3333333333333,1,84000,2070,2.875,4.490365505218506
2000,6,333.3333333333333,1,84000,2100,2.9166666666666665,4.421935558319092
2000,6,333.3333333333333,1,84000,2130,2.9583333333333335,4.29171085357666
2000,6,333.3333333333333,1,84000,2160,3.0,4.180425643920898
2000,6,333.3333333333333,1,84000,2190,3.0416666666666665,4.134774208068848
2000,6,333.3333333333333,1,84000,2220,3.0833333333333335,4.0306830406188965
2000,6,333.3333333333333,1,84000,2250,3.125,3.957319974899292
2000,6,333.3333333333333,1,84000,2280,3.1666666666666665,3.900400161743164
2000,6,333.3333333333333,1,84000,2310,3.2083333333333335,4.097733974456787
2000,6,333.3333333333333,1,84000,2340,3.25,4.077414512634277
2000,6,333.3333333333333,1,84000,2370,3.2916666666666665,4.04361629486084
2000,6,333.3333333333333,1,84000,2400,3.3333333333333335,3.9850575923919678
2000,6,333.3333333333333,1,84000,2430,3.375,3.9070985317230225
2000,6,333.3333333333333,1,84000,2460,3.4166666666666665,3.8184804916381836
2000,6,333.3333333333333,1,84000,2490,3.4583333333333335,3.7490434646606445
2000,6,333.3333333333333,1,84000,2520,3.5,3.722590446472168
2000,6,333.3333333333333,1,84000,2550,3.5416666666666665,3.6228699684143066
2000,6,333.3333333333333,1,84000,2580,3.5833333333333335,3.6846494674682617
2000,6,333.3333333333333,1,84000,2610,3.625,3.580354928970337
2000,6,333.3333333333333,1,84000,2640,3.6666666666666665,3.643573760986328
2000,6,333.3333333333333,1,84000,2670,3.7083333333333335,3.662215232849121
2000,6,333.3333333333333,1,84000,2700,3.75,3.716282844543457
2000,6,333.3333333333333,1,84000,2730,3.7916666666666665,3.5992608070373535
2000,6,333.3333333333333,1,84000,2760,3.8333333333333335,3.603579044342041
2000,6,333.3333333333333,1,84000,2790,3.875,3.45048189163208
2000,6,333.3333333333333,1,84000,2820,3.9166666666666665,3.3285844326019287
2000,6,333.3333333333333,1,84000,2850,3.9583333333333335,3.249953508377075
2000,6,333.3333333333333,1,84000,2880,4.0,3.1560025215148926
2000,6,333.3333333333333,1,84000,2910,4.041666666666667,3.1252799034118652
2000,6,333.3333333333333,1,84000,2940,4.083333333333333,3.197144031524658
2000,6,333.3333333333333,1,84000,2970,4.125,3.2385637760162354
2000,6,333.3333333333333,1,84000,3000,4.166666666666667,3.177335500717163
2000,6,333.3333333333333,1,84000,3030,4.208333333333333,3.100471019744873
2000,6,333.3333333333333,1,84000,3060,4.25,3.0916872024536133
2000,6,333.3333333333333,1,84000,3090,4.291666666666667,3.1232786178588867
2000,6,333.3333333333333,1,84000,3120,4.333333333333333,3.1284022331237793
2000,6,333.3333333333333,1,84000,3150,4.375,3.1730635166168213
2000,6,333.3333333333333,1,84000,3180,4.416666666666667,3.202242136001587
2000,6,333.3333333333333,1,84000,3210,4.458333333333333,3.1204237937927246
2000,6,333.3333333333333,1,84000,3240,4.5,3.0787734985351562
2000,6,333.3333333333333,1,84000,3270,4.541666666666667,3.2173197269439697
2000,6,333.3333333333333,1,84000,3300,4.583333333333333,3.1475307941436768
2000,6,333.3333333333333,1,84000,3330,4.625,3.1041436195373535
2000,6,333.3333333333333,1,84000,3360,4.666666666666667,3.0579440593719482
2000,6,333.3333333333333,1,84000,3390,4.708333333333333,3.029745578765869
2000,6,333.3333333333333,1,84000,3420,4.75,2.8668439388275146
2000,6,333.3333333333333,1,84000,3450,4.791666666666667,2.64790415763855
2000,6,333.3333333333333,1,84000,3480,4.833333333333333,2.7533340454101562
2000,6,333.3333333333333,1,84000,3510,4.875,2.8222920894622803
2000,6,333.3333333333333,1,84000,3540,4.916666666666667,2.823901891708374
2000,6,333.3333333333333,1,84000,3570,4.958333333333333,2.8299052715301514
2000,6,333.3333333333333,1,84000,3600,5.0,2.7519423961639404
2000,6,333.3333333333333,2,84000,0,0.0,19.91414451599121
2000,6,333.3333333333333,2,84000,30,0.041666666666666664,18.58469581604004
2000,6,333.3333333333333,2,84000,60,0.08333333333333333,17.381731033325195
2000,6,333.3333333333333,2,84000,90,0.125,15.990357398986816
2000,6,333.3333333333333,2,84000,120,0.16666666666666666,14.48572826385498
2000,6,333.3333333333333,2,84000,150,0.20833333333333334,13.207297325134277
2000,6,333.3333333333333,2,84000,180,0.25,12.40190601348877
2000,6,333.3333333333333,2,84000,210,0.2916666666666667,12.618257522583008
2000,6,333.3333333333333,2,84000,240,0.3333333333333333,13.27900218963623
2000,6,333.3333333333333,2,84000,270,0.375,13.987608909606934
2000,6,333.3333333333333,2,84000,300,0.4166666666666667,14.990217208862305
2000,6,333.3333333333333,2,84000,330,0.4583333333333333,15.456331253051758
2000,6,333.3333333333333,2,84000,360,0.5,16.156099319458008
2000,6,333.3333333333333,2,84000,390,0.5416666666666666,16.38274383544922
2000,6,333.3333333333333,2,84000,420,0.5833333333333334,16.162229537963867
2000,6,333.3333333333333,2,84000,450,0.625,15.528120040893555
2000,6,333.3333333333333,2,84000,480,0.6666666666666666,14.033344268798828
2000,6,333.3333333333333,2,84000,510,0.7083333333333334,12.527453422546387
2000,6,333.3333333333333,2,84000,540,0.75,10.948622703552246
2000,6,333.3333333333333,2,84000,570,0.7916666666666666,10.394523620605469
2000,6,333.3333333333333,2,84000,600,0.8333333333333334,10.136204719543457
2000,6,333.3333333333333,2,84000,630,0.875,10.160634994506836
2000,6,333.3333333333333,2,84000,660,0.9166666666666666,10.500614166259766
2000,6,333.3333333333333,2,84000,690,0.9583333333333334,10.731779098510742
2000,6,333.3333333333333,2,84000,720,1.0,10.852938652038574
2000,6,333.3333333333333,2,84000,750,1.0416666666666667,10.991378784179688
2000,6,333.3333333333333,2,84000,780,1.0833333333333333,10.922727584838867
2000,6,333.3333333333333,2,84000,810,1.125,11.078083992004395
2000,6,333.3333333333333,2,84000,840,1.1666666666666667,11.282463073730469
2000,6,333.3333333333333,2,84000,870,1.2083333333333333,11.333000183105469
2000,6,333.3333333333333,2,84000,900,1.25,11.201189994812012
2000,6,333.3333333333333,2,84000,930,1.2916666666666667,11.17932415008545
2000,6,333.3333333333333,2,84000,960,1.3333333333333333,10.670531272888184
2000,6,333.3333333333333,2,84000,990,1.375,9.92902946472168
2000,6,333.3333333333333,2,84000,1020,1.4166666666666667,9.612340927124023
2000,6,333.3333333333333,2,84000,1050,1.4583333333333333,9.048587799072266
2000,6,333.3333333333333,2,84000,1080,1.5,7.859213829040527
2000,6,333.3333333333333,2,84000,1110,1.5416666666666667,7.342863082885742
2000,6,333.3333333333333,2,84000,1140,1.5833333333333333,6.8973917961120605
2000,6,333.3333333333333,2,84000,1170,1.625,6.907251834869385
2000,6,333.3333333333333,2,84000,1200,1.6666666666666667,6.948010444641113
2000,6,333.3333333333333,2,84000,1230,1.7083333333333333,6.869828701019287
2000,6,333.3333333333333,2,84000,1260,1.75,6.888381004333496
2000,6,333.3333333333333,2,84000,1290,1.7916666666666667,6.908087730407715
2000,6,333.3333333333333,2,84000,1320,1.8333333333333333,6.648482322692871
2000,6,333.3333333333333,2,84000,1350,1.875,6.648477554321289
2000,6,333.3333333333333,2,84000,1380,1.9166666666666667,6.617608547210693
2000,6,333.3333333333333,2,84000,1410,1.9583333333333333,6.481949329376221
2000,6,333.3333333333333,2,84000,1440,2.0,6.464224815368652
2000,6,333.3333333333333,2,84000,1470,2.0416666666666665,6.3922438621521
2000,6,333.3333333333333,2,84000,1500,2.0833333333333335,6.316333770751953
2000,6,333.3333333333333,2,84000,1530,2.125,6.243968486785889
2000,6,333.3333333333333,2,84000,1560,2.1666666666666665,6.069948196411133
2000,6,333.3333333333333,2,84000,1590,2.2083333333333335,5.925052642822266
2000,6,333.3333333333333,2,84000,1620,2.25,5.906842231750488
2000,6,333.3333333333333,2,84000,1650,2.2916666666666665,5.695658206939697
2000,6,333.3333333333333,2,84000,1680,2.3333333333333335,5.364428520202637
2000,6,333.3333333333333,2,84000,1710,2.375,5.103370189666748
2000,6,333.3333333333333,2,84000,1740,2.4166666666666665,5.111933708190918
2000,6,333.3333333333333,2,84000,1770,2.4583333333333335,5.032843112945557
2000,6,333.3333333333333,2,84000,1800,2.5,5.031979084014893
2000,6,333.3333333333333,2,84000,1830,2.5416666666666665,5.059122085571289
2000,6,333.3333333333333,2,84000,1860,2.5833333333333335,5.031314373016357
2000,6,333.3333333333333,2,84000,1890,2.625,4.898016452789307
2000,6,333.3333333333333,2,84000,1920,2.6666666666666665,5.0569682121276855
2000,6,333.3333333333333,2,84000,1950,2.7083333333333335,5.0413689613342285
2000,6,333.3333333333333,2,84000,1980,2.75,5.000513553619385
2000,6,333.3333333333333,2,84000,2010,2.7916666666666665,5.0547919273376465
2000,6,333.3333333333333,2,84000,2040,2.8333333333333335,5.029989719390869
2000,6,333.3333333333333,2,84000,2070,2.875,4.911556720733643
2000,6,333.3333333333333,2,84000,2100,2.9166666666666665,4.817008018493652
2000,6,333.3333333333333,2,84000,2130,2.9583333333333335,4.713253974914551
2000,6,333.3333333333333,2,84000,2160,3.0,4.639277458190918
2000,6,333.3333333333333,2,84000,2190,3.0416666666666665,4.506926536560059
2000,6,333.3333333333333,2,84000,2220,3.0833333333333335,4.380519390106201
2000,6,333.3333333333333,2,84000,2250,3.125,4.470328330993652
2000,6,333.3333333333333,2,84000,2280,3.1666666666666665,4.514161586761475
2000,6,333.3333333333333,2,84000,2310,3.2083333333333335,4.540666103363037
2000,6,333.3333333333333,2,84000,2340,3.25,4.5002593994140625
2000,6,333.3333333333333,2,84000,2370,3.2916666666666665,4.316329002380371
2000,6,333.3333333333333,2,84000,2400,3.3333333333333335,4.355522632598877
2000,6,333.3333333333333,2,84000,2430,3.375,4.255795955657959
2000,6,333.3333333333333,2,84000,2460,3.4166666666666665,4.250992298126221
2000,6,333.3333333333333,2,84000,2490,3.4583333333333335,4.335981369018555
2000,6,333.3333333333333,2,84000,2520,3.5,4.321605682373047
2000,6,333.3333333333333,2,84000,2550,3.5416666666666665,4.20338773727417
2000,6,333.3333333333333,2,84000,2580,3.5833333333333335,4.171691417694092
2000,6,333.3333333333333,2,84000,2610,3.625,4.165532112121582
2000,6,333.3333333333333,2,84000,2640,3.6666666666666665,4.209982395172119
2000,6,333.3333333333333,2,84000,2670,3.7083333333333335,4.1429853439331055
2000,6,333.3333333333333,2,84000,2700,3.75,4.106349468231201
2000,6,333.3333333333333,2,84000,2730,3.7916666666666665,4.12062406539917
2000,6,333.3333333333333,2,84000,2760,3.8333333333333335,3.9891724586486816
2000,6,333.3333333333333,2,84000,2790,3.875,3.7765142917633057
2000,6,333.3333333333333,2,84000,2820,3.9166666666666665,3.773458957672119
2000,6,333.3333333333333,2,84000,2850,3.9583333333333335,3.6722230911254883
2000,6,333.3333333333333,2,84000,2880,4.0,3.577765703201294
2000,6,333.3333333333333,2,84000,2910,4.041666666666667,3.6369752883911133
2000,6,333.3333333333333,2,84000,2940,4.083333333333333,3.6505825519561768
2000,6,333.3333333333333,2,84000,2970,4.125,3.621534585952759
2000,6,333.3333333333333,2,84000,3000,4.166666666666667,3.599769115447998
2000,6,333.3333333333333,2,84000,3030,4.208333333333333,3.648890972137451
2000,6,333.3333333333333,2,84000,3060,4.25,3.655545473098755
2000,6,333.3333333333333,2,84000,3090,4.291666666666667,3.6045544147491455
2000,6,333.3333333333333,2,84000,3120,4.333333333333333,3.592129707336426
2000,6,333.3333333333333,2,84000,3150,4.375,3.5151703357696533
2000,6,333.3333333333333,2,84000,3180,4.416666666666667,3.519470691680908
2000,6,333.3333333333333,2,84000,3210,4.458333333333333,3.4387006759643555
2000,6,333.3333333333333,2,84000,3240,4.5,3.5379159450531006
2000,6,333.3333333333333,2,84000,3270,4.541666666666667,3.4755141735076904
2000,6,333.3333333333333,2,84000,3300,4.583333333333333,3.527696371078491
2000,6,333.3333333333333,2,84000,3330,4.625,3.5128817558288574
2000,6,333.3333333333333,2,84000,3360,4.666666666666667,3.411018133163452
2000,6,333.3333333333333,2,84000,3390,4.708333333333333,3.3175582885742188
2000,6,333.3333333333333,2,84000,3420,4.75,3.2852821350097656
2000,6,333.3333333333333,2,84000,3450,4.791666666666667,3.206838846206665
2000,6,333.3333333333333,2,84000,3480,4.833333333333333,3.141139030456543
2000,6,333.3333333333333,2,84000,3510,4.875,3.144364356994629
2000,6,333.3333333333333,2,84000,3540,4.916666666666667,3.169076681137085
2000,6,333.3333333333333,2,84000,3570,4.958333333333333,3.1748485565185547
2000,6,333.3333333333333,2,84000,3600,5.0,3.1950418949127197
2000,6,333.3333333333333,3,84001,0,0.0,20.167226791381836
2000,6,333.3333333333333,3,84001,30,0.041666666666666664,18.74519157409668
2000,6,333.3333333333333,3,84001,60,0.08333333333333333,17.5832462310791
2000,6,333.3333333333333,3,84001,90,0.125,16.25470733642578
2000,6,333.3333333333333,3,84001,120,0.16666666666666666,14.718008041381836
2000,6,333.3333333333333,3,84001,150,0.20833333333333334,13.370359420776367
2000,6,333.3333333333333,3,84001,180,0.25,12.535527229309082
2000,6,333.3333333333333,3,84001,210,0.2916666666666667,12.793031692504883
2000,6,333.3333333333333,3,84001,240,0.3333333333333333,13.38266372680664
2000,6,333.3333333333333,3,84001,270,0.375,14.069742202758789
2000,6,333.3333333333333,3,84001,300,0.4166666666666667,14.999994277954102
2000,6,333.3333333333333,3,84001,330,0.4583333333333333,15.716658592224121
2000,6,333.3333333333333,3,84001,360,0.5,16.392135620117188
2000,6,333.3333333333333,3,84001,390,0.5416666666666666,17.061365127563477
2000,6,333.3333333333333,3,84001,420,0.5833333333333334,16.530813217163086
2000,6,333.3333333333333,3,84001,450,0.625,15.882235527038574
2000,6,333.3333333333333,3,84001,480,0.6666666666666666,14.744783401489258
2000,6,333.3333333333333,3,84001,510,0.7083333333333334,12.960747718811035
2000,6,333.3333333333333,3,84001,540,0.75,11.704606056213379
2000,6,333.3333333333333,3,84001,570,0.7916666666666666,11.058317184448242
2000,6,333.3333333333333,3,84001,600,0.8333333333333334,10.489853858947754
2000,6,333.3333333333333,3,84001,630,0.875,10.288484573364258
2000,6,333.3333333333333,3,84001,660,0.9166666666666666,10.560182571411133
2000,6,333.3333333333333,3,84001,690,0.9583333333333334,10.920473098754883
2000,6,333.3333333333333,3,84001,720,1.0,11.173735618591309
2000,6,333.3333333333333,3,84001,750,1.0416666666666667,11.14405345916748
2000,6,333.3333333333333,3,84001,780,1.0833333333333333,11.06192684173584
2000,6,333.3333333333333,3,84001,810,1.125,11.15187931060791
2000,6,333.3333333333333,3,84001,840,1.1666666666666667,11.27698040008545
2000,6,333.3333333333333,3,84001,870,1.2083333333333333,11.36585807800293
2000,6,333.3333333333333,3,84001,900,1.25,11.34912109375
2000,6,333.3333333333333,3,84001,930,1.2916666666666667,11.329524993896484
2000,6,333.3333333333333,3,84001,960,1.3333333333333333,11.018348693847656
2000,6,333.3333333333333,3,84001,990,1.375,10.392138481140137
2000,6,333.3333333333333,3,84001,1020,1.4166666666666667,9.84929370880127
2000,6,333.3333333333333,3,84001,1050,1.4583333333333333,8.790117263793945
2000,6,333.3333333333333,3,84001,1080,1.5,7.882304668426514
2000,6,333.3333333333333,3,84001,1110,1.5416666666666667,6.8851847648620605
2000,6,333.3333333333333,3,84001,1140,1.5833333333333333,6.712571144104004
2000,6,333.3333333333333,3,84001,1170,1.625,6.916995048522949
2000,6,333.3333333333333,3,84001,1200,1.6666666666666667,6.838865280151367
2000,6,333.3333333333333,3,84001,1230,1.7083333333333333,6.773096561431885
2000,6,333.3333333333333,3,84001,1260,1.75,6.781896591186523
2000,6,333.3333333333333,3,84001,1290,1.7916666666666667,6.810956001281738
2000,6,333.3333333333333,3,84001,1320,1.8333333333333333,6.668720245361328
2000,6,333.3333333333333,3,84001,1350,1.875,6.532240390777588
2000,6,333.3333333333333,3,84001,1380,1.9166666666666667,6.497684001922607
2000,6,333.3333333333333,3,84001,1410,1.9583333333333333,6.529247760772705
2000,6,333.3333333333333,3,84001,1440,2.0,6.6014275550842285
2000,6,333.3333333333333,3,84001,1470,2.0416666666666665,6.502945899963379
2000,6,333.3333333333333,3,84001,1500,2.0833333333333335,6.4754638671875
2000,6,333.3333333333333,3,84001,1530,2.125,6.2344489097595215
2000,6,333.3333333333333,3,84001,1560,2.1666666666666665,5.971651554107666
2000,6,333.3333333333333,3,84001,1590,2.2083333333333335,5.828749179840088
2000,6,333.3333333333333,3,84001,1620,2.25,5.59895133972168
2000,6,333.3333333333333,3,84001,1650,2.2916666666666665,5.5413818359375
2000,6,333.3333333333333,3,84001,1680,2.3333333333333335,5.562183380126953
2000,6,333.3333333333333,3,84001,1710,2.375,5.644961833953857
2000,6,333.3333333333333,3,84001,1740,2.4166666666666665,5.626491069793701
2000,6,333.3333333333333,3,84001,1770,2.4583333333333335,5.611964225769043
2000,6,333.3333333333333,3,84001,1800,2.5,5.581231594085693
2000,6,333.3333333333333,3,84001,1830,2.5416666666666665,5.521663188934326
2000,6,333.3333333333333,3,84001,1860,2.5833333333333335,5.407577991485596
2000,6,333.3333333333333,3,84001,1890,2.625,5.478897571563721
2000,6,333.3333333333333,3,84001,1920,2.6666666666666665,5.395933151245117
2000,6,333.3333333333333,3,84001,1950,2.7083333333333335,5.422641277313232
2000,6,333.3333333333333,3,84001,1980,2.75,5.429597854614258
2000,6,333.3333333333333,3,84001,2010,2.7916666666666665,5.339934825897217
2000,6,333.3333333333333,3,84001,2040,2.8333333333333335,5.290015697479248
2000,6,333.3333333333333,3,84001,2070,2.875,5.34413480758667
2000,6,333.3333333333333,3,84001,2100,2.9166666666666665,5.196337699890137
2000,6,333.3333333333333,3,84001,2130,2.9583333333333335,5.17631721496582
2000,6,333.3333333333333,3,84001,2160,3.0,4.958799362182617
2000,6,333.3333333333333,3,84001,2190,3.0416666666666665,4.901772499084473
2000,6,333.3333333333333,3,84001,2220,3.0833333333333335,4.716167449951172
2000,6,333.3333333333333,3,84001,2250,3.125,4.742063045501709
2000,6,333.3333333333333,3,84001,2280,3.1666666666666665,4.5429534912109375
2000,6,333.3333333333333,3,84001,2310,3.2083333333333335,4.490766525268555
2000,6,333.3333333333333,3,84001,2340,3.25,4.623178482055664
2000,6,333.3333333333333,3,84001,2370,3.2916666666666665,4.501828670501709
2000,6,333.3333333333333,3,84001,2400,3.3333333333333335,4.50514554977417
2000,6,333.3333333333333,3,84001,2430,3.375,4.523984909057617
2000,6,333.3333333333333,3,84001,2460,3.4166666666666665,4.611461162567139
2000,6,333.3333333333333,3,84001,2490,3.4583333333333335,4.4659013748168945
2000,6,333.3333333333333,3,84001,2520,3.5,4.39152193069458
2000,6,333.3333333333333,3,84001,2550,3.5416666666666665,4.352480888366699
2000,6,333.3333333333333,3,84001,2580,3.5833333333333335,4.3345513343811035
2000,6,333.3333333333333,3,84001,2610,3.625,4.440676689147949
2000,6,333.3333333333333,3,84001,2640,3.6666666666666665,4.384510517120361
2000,6,333.3333333333333,3,84001,2670,3.7083333333333335,4.4154438972473145
2000,6,333.3333333333333,3,84001,2700,3.75,4.185987949371338
2000,6,333.3333333333333,3,84001,2730,3.7916666666666665,4.094532012939453
2000,6,333.3333333333333,3,84001,2760,3.8333333333333335,3.9823174476623535
2000,6,333.3333333333333,3,84001,2790,3.875,3.853576898574829
2000,6,333.3333333333333,3,84001,2820,3.9166666666666665,3.7732162475585938
2000,6,333.3333333333333,3,84001,2850,3.9583333333333335,3.523404836654663
2000,6,333.3333333333333,3,84001,2880,4.0,3.476364850997925
2000,6,333.3333333333333,3,84001,2910,4.041666666666667,3.4078598022460938
2000,6,333.3333333333333,3,84001,2940,4.083333333333333,3.3969364166259766
2000,6,333.3333333333333,3,84001,2970,4.125,3.3947622776031494
2000,6,333.3333333333333,3,84001,3000,4.166666666666667,3.3805205821990967
2000,6,333.3333333333333,3,84001,3030,4.208333333333333,3.423644781112671
2000,6,333.3333333333333,3,84001,3060,4.25,3.4537904262542725
2000,6,333.3333333333333,3,84001,3090,4.291666666666667,3.4205284118652344
2000,6,333.3333333333333,3,84001,3120,4.333333333333333,3.4202404022216797
2000,6,333.3333333333333,3,84001,3150,4.375,3.3899168968200684
2000,6,333.3333333333333,3,84001,3180,4.416666666666667,3.4173836708068848
2000,6,333.3333333333333,3,84001,3210,4.458333333333333,3.3359005451202393
2000,6,333.3333333333333,3,84001,3240,4.5,3.38065242767334
2000,6,333.3333333333333,3,84001,3270,4.541666666666667,3.3963050842285156
2000,6,333.3333333333333,3,84001,3300,4.583333333333333,3.409963369369507
2000,6,333.3333333333333,3,84001,3330,4.625,3.2447056770324707
2000,6,333.3333333333333,3,84001,3360,4.666666666666667,3.1692593097686768
2000,6,333.3333333333333,3,84001,3390,4.708333333333333,3.154252052307129
2000,6,333.3333333333333,3,84001,3420,4.75,2.9465551376342773
2000,6,333.3333333333333,3,84001,3450,4.791666666666667,2.9267935752868652
2000,6,333.3333333333333,3,84001,3480,4.833333333333333,2.9146268367767334
2000,6,333.3333333333333,3,84001,3510,4.875,3.0314159393310547
2000,6,333.3333333333333,3,84001,3540,4.916666666666667,2.965257406234741
2000,6,333.3333333333333,3,84001,3570,4.958333333333333,3.021151542663574
2000,6,333.3333333333333,3,84001,3600,5.0,2.960411548614502
2000,6,333.3333333333333,4,84001,0,0.0,20.096628189086914
2000,6,333.3333333333333,4,84001,30,0.041666666666666664,18.767133712768555
2000,6,333.3333333333333,4,84001,60,0.08333333333333333,17.491098403930664
2000,6,333.3333333333333,4,84001,90,0.125,16.14708709716797
2000,6,333.3333333333333,4,84001,120,0.16666666666666666,14.681497573852539
2000,6,333.3333333333333,4,84001,150,0.20833333333333334,13.228941917419434
2000,6,333.3333333333333,4,84001,180,0.25,12.509171485900879
2000,6,333.3333333333333,4,84001,210,0.2916666666666667,12.645051002502441
2000,6,333.3333333333333,4,84001,240,0.3333333333333333,13.257431983947754
2000,6,333.3333333333333,4,84001,270,0.375,14.067364692687988
2000,6,333.3333333333333,4,84001,300,0.4166666666666667,15.130699157714844
2000,6,333.3333333333333,4,84001,330,0.4583333333333333,16.000253677368164
2000,6,333.3333333333333,4,84001,360,0.5,16.675487518310547
2000,6,333.3333333333333,4,84001,390,0.5416666666666666,16.922346115112305
2000,6,333.3333333333333,4,84001,420,0.5833333333333334,16.712539672851562
2000,6,333.3333333333333,4,84001,450,0.625,15.451322555541992
2000,6,333.3333333333333,4,84001,480,0.6666666666666666,14.211321830749512
2000,6,333.3333333333333,4,84001,510,0.7083333333333334,12.376748085021973
2000,6,333.3333333333333,4,84001,540,0.75,11.245258331298828
2000,6,333.3333333333333,4,84001,570,0.7916666666666666,10.40589427947998
2000,6,333.3333333333333,4,84001,600,0.8333333333333334,10.22292423248291
2000,6,333.3333333333333,4,84001,630,0.875,10.401185989379883
2000,6,333.3333333333333,4,84001,660,0.9166666666666666,10.792372703552246
2000,6,333.3333333333333,4,84001,690,0.9583333333333334,10.99030590057373
2000,6,333.3333333333333,4,84001,720,1.0,11.298341751098633
2000,6,333.3333333333333,4,84001,750,1.0416666666666667,11.273999214172363
2000,6,333.3333333333333,4,84001,780,1.0833333333333333,11.327899932861328
2000,6,333.3333333333333,4,84001,810,1.125,11.26979923248291
2000,6,333.3333333333333,4,84001,840,1.1666666666666667,11.319724082946777
2000,6,333.3333333333333,4,84001,870,1.2083333333333333,11.40866756439209
2000,6,333.3333333333333,4,84001,900,1.25,11.31379508972168
2000,6,333.3333333333333,4,84001,930,1.2916666666666667,11.214081764221191
2000,6,333.3333333333333,4,84001,960,1.3333333333333333,10.95553207397461
2000,6,333.3333333333333,4,84001,990,1.375,10.419986724853516
2000,6,333.3333333333333,4,84001,1020,1.4166666666666667,9.635998725891113
2000,6,333.3333333333333,4,84001,1050,1.4583333333333333,8.723764419555664
2000,6,333.3333333333333,4,84001,1080,1.5,7.520482540130615
2000,6,333.3333333333333,4,84001,1110,1.5416666666666667,6.756126403808594
2000,6,333.3333333333333,4,84001,1140,1.5833333333333333,6.602404594421387
2000,6,333.3333333333333,4,84001,1170,1.625,6.761671543121338
2000,6,333.3333333333333,4,84001,1200,1.6666666666666667,6.848083972930908
2000,6,333.3333333333333,4,84001,1230,1.7083333333333333,6.844883918762207
2000,6,333.3333333333333,4,84001,1260,1.75,6.897233963012695
2000,6,333.3333333333333,4,84001,1290,1.7916666666666667,6.809359550476074
2000,6,333.3333333333333,4,84001,1320,1.8333333333333333,6.718503952026367
2000,6,333.3333333333333,4,84001,1350,1.875,6.689022541046143
2000,6,333.3333333333333,4,84001,1380,1.9166666666666667,6.593993186950684
2000,6,333.3333333333333,4,84001,1410,1.9583333333333333,6.5015645027160645
2000,6,333.3333333333333,4,84001,1440,2.0,6.513020992279053
2000,6,333.3333333333333,4,84001,1470,2.0416666666666665,6.594477653503418
2000,6,333.3333333333333,4,84001,1500,2.0833333333333335,6.587960243225098
2000,6,333.3333333333333,4,84001,1530,2.125,6.377320289611816
2000,6,333.3333333333333,4,84001,1560,2.1666666666666665,6.126791477203369
2000,6,333.3333333333333,4,84001,1590,2.2083333333333335,5.951971530914307
2000,6,333.3333333333333,4,84001,1620,2.25,5.609188556671143
2000,6,333.3333333333333,4,84001,1650,2.2916666666666665,5.515124797821045
2000,6,333.3333333333333,4,84001,1680,2.3333333333333335,5.244915962219238
2000,6,333.3333333333333,4,84001,1710,2.375,5.121062278747559
2000,6,333.3333333333333,4,84001,1740,2.4166666666666665,5.076076984405518
2000,6,333.3333333333333,4,84001,1770,2.4583333333333335,5.107717990875244
2000,6,333.3333333333333,4,84001,1800,2.5,5.140614032745361
2000,6,333.3333333333333,4,84001,1830,2.5416666666666665,5.098453044891357
2000,6,333.3333333333333,4,84001,1860,2.5833333333333335,5.096590042114258
2000,6,333.3333333333333,4,84001,1890,2.625,5.02047872543335
2000,6,333.3333333333333,4,84001,1920,2.6666666666666665,5.011041641235352
2000,6,333.3333333333333,4,84001,1950,2.7083333333333335,4.968762397766113
2000,6,333.3333333333333,4,84001,1980,2.75,4.98480749130249
2000,6,333.3333333333333,4,84001,2010,2.7916666666666665,5.001646518707275
2000,6,333.3333333333333,4,84001,2040,2.8333333333333335,4.9827985763549805
2000,6,333.3333333333333,4,84001,2070,2.875,4.9681854248046875
2000,6,333.3333333333333,4,84001,2100,2.9166666666666665,4.8908467292785645
2000,6,333.3333333333333,4,84001,2130,2.9583333333333335,4.71231746673584
2000,6,333.3333333333333,4,84001,2160,3.0,4.701435565948486
2000,6,333.3333333333333,4,84001,2190,3.0416666666666665,4.564330101013184
2000,6,333.3333333333333,4,84001,2220,3.0833333333333335,4.479781627655029
2000,6,333.3333333333333,4,84001,2250,3.125,4.386448860168457
2000,6,333.3333333333333,4,84001,2280,3.1666666666666665,4.221149444580078
2000,6,333.3333333333333,4,84001,2310,3.2083333333333335,4.248140811920166
2000,6,333.3333333333333,4,84001,2340,3.25,4.221771717071533
2000,6,333.3333333333333,4,84001,2370,3.2916666666666665,4.284839630126953
2000,6,333.3333333333333,4,84001,2400,3.3333333333333335,4.2911529541015625
2000,6,333.3333333333333,4,84001,2430,3.375,4.189834117889404
2000,6,333.3333333333333,4,84001,2460,3.4166666666666665,4.17958927154541
2000,6,333.3333333333333,4,84001,2490,3.4583333333333335,4.223537921905518
2000,6,333.3333333333333,4,84001,2520,3.5,4.2538676261901855
2000,6,333.3333333333333,4,84001,2550,3.5416666666666665,4.197830677032471
2000,6,333.3333333333333,4,84001,2580,3.5833333333333335,4.237573146820068
2000,6,333.3333333333333,4,84001,2610,3.625,4.169711112976074
2000,6,333.3333333333333,4,84001,2640,3.6666666666666665,4.258705139160156
2000,6,333.3333333333333,4,84001,2670,3.7083333333333335,4.2420196533203125
2000,6,333.3333333333333,4,84001,2700,3.75,4.193930625915527
2000,6,333.3333333333333,4,84001,2730,3.7916666666666665,4.098204612731934
2000,6,333.3333333333333,4,84001,2760,3.8333333333333335,3.792909622192383
2000,6,333.3333333333333,4,84001,2790,3.875,3.8043887615203857
2000,6,333.3333333333333,4,84001,2820,3.9166666666666665,3.643941640853882
2000,6,333.3333333333333,4,84001,2850,3.9583333333333335,3.7302803993225098
2000,6,333.3333333333333,4,84001,2880,4.0,3.593662977218628
2000,6,333.3333333333333,4,84001,2910,4.041666666666667,3.5862231254577637
2000,6,333.3333333333333,4,84001,2940,4.083333333333333,3.6532065868377686
2000,6,333.3333333333333,4,84001,2970,4.125,3.641021490097046
2000,6,333.3333333333333,4,84001,3000,4.166666666666667,3.5671303272247314
2000,6,333.3333333333333,4,84001,3030,4.208333333333333,3.5280723571777344
2000,6,333.3333333333333,4,84001,3060,4.25,3.5064964294433594
2000,6,333.3333333333333,4,84001,3090,4.291666666666667,3.5657670497894287
2000,6,333.3333333333333,4,84001,3120,4.333333333333333,3.5652756690979004
2000,6,333.3333333333333,4,84001,3150,4.375,3.522857427597046
2000,6,333.3333333333333,4,84001,3180,4.416666666666667,3.4717695713043213
2000,6,333.3333333333333,4,84001,3210,4.458333333333333,3.485161066055298
2000,6,333.3333333333333,4,84001,3240,4.5,3.458414316177368
2000,6,333.3333333333333,4,84001,3270,4.541666666666667,3.19738507270813
2000,6,333.3333333333333,4,84001,3300,4.583333333333333,3.312786340713501
2000,6,333.3333333333333,4,84001,3330,4.625,3.2822768688201904
2000,6,333.3333333333333,4,84001,3360,4.666666666666667,3.2142348289489746
2000,6,333.3333333333333,4,84001,3390,4.708333333333333,3.12751841545105
2000,6,333.3333333333333,4,84001,3420,4.75,2.938687562942505
2000,6,333.3333333333333,4,84001,3450,4.791666666666667,2.991335868835449
2000,6,333.3333333333333,4,84001,3480,4.833333333333333,3.0467183589935303
2000,6,333.3333333333333,4,84001,3510,4.875,3.0425498485565186
2000,6,333.3333333333333,4,84001,3540,4.916666666666667,3.029325246810913
2000,6,333.3333333333333,4,84001,3570,4.958333333333333,3.0206644535064697
2000,6,333.3333333333333,4,84001,3600,5.0,2.9579386711120605
2000,6,333.3333333333333,5,84001,0,0.0,19.953657150268555
2000,6,333.3333333333333,5,84001,30,0.041666666666666664,18.51690673828125
2000,6,333.3333333333333,5,84001,60,0.08333333333333333,17.1861629486084
2000,6,333.3333333333333,5,84001,90,0.125,15.924388885498047
2000,6,333.3333333333333,5,84001,120,0.16666666666666666,14.306474685668945
2000,6,333.3333333333333,5,84001,150,0.20833333333333334,12.909425735473633
2000,6,333.3333333333333,5,84001,180,0.25,12.171302795410156
2000,6,333.3333333333333,5,84001,210,0.2916666666666667,12.407720565795898
2000,6,333.3333333333333,5,84001,240,0.3333333333333333,12.916949272155762
2000,6,333.3333333333333,5,84001,270,0.375,13.48519229888916
2000,6,333.3333333333333,5,84001,300,0.4166666666666667,14.635941505432129
2000,6,333.3333333333333,5,84001,330,0.4583333333333333,15.390464782714844
2000,6,333.3333333333333,5,84001,360,0.5,16.2562313079834
2000,6,333.3333333333333,5,84001,390,0.5416666666666666,16.353734970092773
2000,6,333.3333333333333,5,84001,420,0.5833333333333334,16.02591323852539
2000,6,333.3333333333333,5,84001,450,0.625,15.408538818359375
2000,6,333.3333333333333,5,84001,480,0.6666666666666666,13.899063110351562
2000,6,333.3333333333333,5,84001,510,0.7083333333333334,12.50644588470459
2000,6,333.3333333333333,5,84001,540,0.75,11.216516494750977
2000,6,333.3333333333333,5,84001,570,0.7916666666666666,10.467293739318848
2000,6,333.3333333333333,5,84001,600,0.8333333333333334,10.453632354736328
2000,6,333.3333333333333,5,84001,630,0.875,10.503191947937012
2000,6,333.3333333333333,5,84001,660,0.9166666666666666,10.812302589416504
2000,6,333.3333333333333,5,84001,690,0.9583333333333334,11.078181266784668
2000,6,333.3333333333333,5,84001,720,1.0,11.287386894226074
2000,6,333.3333333333333,5,84001,750,1.0416666666666667,11.1666841506958
2000,6,333.3333333333333,5,84001,780,1.0833333333333333,11.367046356201172
2000,6,333.3333333333333,5,84001,810,1.125,11.29513931274414
2000,6,333.3333333333333,5,84001,840,1.1666666666666667,11.374267578125
2000,6,333.3333333333333,5,84001,870,1.2083333333333333,11.508587837219238
2000,6,333.3333333333333,5,84001,900,1.25,11.509509086608887
2000,6,333.3333333333333,5,84001,930,1.2916666666666667,11.526101112365723
2000,6,333.3333333333333,5,84001,960,1.3333333333333333,11.22844123840332
2000,6,333.3333333333333,5,84001,990,1.375,10.501326560974121
2000,6,333.3333333333333,5,84001,1020,1.4166666666666667,9.57890510559082
2000,6,333.3333333333333,5,84001,1050,1.4583333333333333,8.778630256652832
2000,6,333.3333333333333,5,84001,1080,1.5,7.998315334320068
2000,6,333.3333333333333,5,84001,1110,1.5416666666666667,7.306858539581299
2000,6,333.3333333333333,5,84001,1140,1.5833333333333333,7.16563606262207
2000,6,333.3333333333333,5,84001,1170,1.625,7.214796543121338
2000,6,333.3333333333333,5,84001,1200,1.6666666666666667,7.125955104827881
2000,6,333.3333333333333,5,84001,1230,1.7083333333333333,7.077628135681152
2000,6,333.3333333333333,5,84001,1260,1.75,7.081352710723877
2000,6,333.3333333333333,5,84001,1290,1.7916666666666667,7.074339866638184
2000,6,333.3333333333333,5,84001,1320,1.8333333333333333,6.862769603729248
2000,6,333.3333333333333,5,84001,1350,1.875,6.83673095703125
2000,6,333.3333333333333,5,84001,1380,1.9166666666666667,6.739821910858154
2000,6,333.3333333333333,5,84001,1410,1.9583333333333333,6.643765449523926
2000,6,333.3333333333333,5,84001,1440,2.0,6.504017353057861
2000,6,333.3333333333333,5,84001,1470,2.0416666666666665,6.537509918212891
2000,6,333.3333333333333,5,84001,1500,2.0833333333333335,6.4969635009765625
2000,6,333.3333333333333,5,84001,1530,2.125,6.4661688804626465
2000,6,333.3333333333333,5,84001,1560,2.1666666666666665,6.350579738616943
2000,6,333.3333333333333,5,84001,1590,2.2083333333333335,6.220794200897217
2000,6,333.3333333333333,5,84001,1620,2.25,6.116663455963135
2000,6,333.3333333333333,5,84001,1650,2.2916666666666665,5.999630928039551
2000,6,333.3333333333333,5,84001,1680,2.3333333333333335,5.796302795410156
2000,6,333.3333333333333,5,84001,1710,2.375,5.47021484375
2000,6,333.3333333333333,5,84001,1740,2.4166666666666665,5.512784004211426
2000,6,333.3333333333333,5,84001,1770,2.4583333333333335,5.598547458648682
2000,6,333.3333333333333,5,84001,1800,2.5,5.529611110687256
2000,6,333.3333333333333,5,84001,1830,2.5416666666666665,5.489841938018799
2000,6,333.3333333333333,5,84001,1860,2.5833333333333335,5.576315879821777
2000,6,333.3333333333333,5,84001,1890,2.625,5.5346174240112305
2000,6,333.3333333333333,5,84001,1920,2.6666666666666665,5.409694194793701
2000,6,333.3333333333333,5,84001,1950,2.7083333333333335,5.386494159698486
2000,6,333.3333333333333,5,84001,1980,2.75,5.4518866539001465
2000,6,333.3333333333333,5,84001,2010,2.7916666666666665,5.3426408767700195
2000,6,333.3333333333333,5,84001,2040,2.8333333333333335,5.45268440246582
2000,6,333.3333333333333,5,84001,2070,2.875,5.462438583374023
2000,6,333.3333333333333,5,84001,2100,2.9166666666666665,5.342199802398682
2000,6,333.3333333333333,5,84001,2130,2.9583333333333335,5.330491065979004
2000,6,333.3333333333333,5,84001,2160,3.0,5.163090705871582
2000,6,333.3333333333333,5,84001,2190,3.0416666666666665,4.989373207092285
2000,6,333.3333333333333,5,84001,2220,3.0833333333333335,5.020071506500244
2000,6,333.3333333333333,5,84001,2250,3.125,4.905574321746826
2000,6,333.3333333333333,5,84001,2280,3.1666666666666665,4.904811382293701
2000,6,333.3333333333333,5,84001,2310,3.2083333333333335,4.832230567932129
2000,6,333.3333333333333,5,84001,2340,3.25,4.746448993682861
2000,6,333.3333333333333,5,84001,2370,3.2916666666666665,4.7186360359191895
2000,6,333.3333333333333,5,84001,2400,3.3333333333333335,4.711905479431152
2000,6,333.3333333333333,5,84001,2430,3.375,4.605474472045898
2000,6,333.3333333333333,5,84001,2460,3.4166666666666665,4.54541015625
2000,6,333.3333333333333,5,84001,2490,3.4583333333333335,4.42343282699585
2000,6,333.3333333333333,5,84001,2520,3.5,4.513967514038086
2000,6,333.3333333333333,5,84001,2550,3.5416666666666665,4.488121509552002
2000,6,333.3333333333333,5,84001,2580,3.5833333333333335,4.378686904907227
2000,6,333.3333333333333,5,84001,2610,3.625,4.422146320343018
2000,6,333.3333333333333,5,84001,2640,3.6666666666666665,4.393309593200684
2000,6,333.3333333333333,5,84001,2670,3.7083333333333335,4.455145359039307
2000,6,333.3333333333333,5,84001,2700,3.75,4.3528289794921875
2000,6,333.3333333333333,5,84001,2730,3.7916666666666665,4.254645824432373
2000,6,333.3333333333333,5,84001,2760,3.8333333333333335,4.15440034866333
2000,6,333.3333333333333,5,84001,2790,3.875,3.9323060512542725
2000,6,333.3333333333333,5,84001,2820,3.9166666666666665,4.006494998931885
2000,6,333.3333333333333,5,84001,2850,3.9583333333333335,3.819793224334717
2000,6,333.3333333333333,5,84001,2880,4.0,3.758629083633423
2000,6,333.3333333333333,5,84001,2910,4.041666666666667,3.6958534717559814
2000,6,333.3333333333333,5,84001,2940,4.083333333333333,3.697266101837158
2000,6,333.3333333333333,5,84001,2970,4.125,3.7623612880706787
2000,6,333.3333333333333,5,84001,3000,4.166666666666667,3.7769527435302734
2000,6,333.3333333333333,5,84001,3030,4.208333333333333,3.5598502159118652
2000,6,333.3333333333333,5,84001,3060,4.25,3.6289851665496826
2000,6,333.3333333333333,5,84001,3090,4.291666666666667,3.56657075881958
2000,6,333.3333333333333,5,84001,3120,4.333333333333333,3.407745361328125
2000,6,333.3333333333333,5,84001,3150,4.375,3.4430153369903564
2000,6,333.3333333333333,5,84001,3180,4.416666666666667,3.543254852294922
2000,6,333.3333333333333,5,84001,3210,4.458333333333333,3.4236929416656494
2000,6,333.3333333333333,5,84001,3240,4.5,3.417177677154541
2000,6,333.3333333333333,5,84001,3270,4.541666666666667,3.427229881286621
2000,6,333.3333333333333,5,84001,3300,4.583333333333333,3.4689126014709473
2000,6,333.3333333333333,5,84001,3330,4.625,3.386929750442505
2000,6,333.3333333333333,5,84001,3360,4.666666666666667,3.2877748012542725
2000,6,333.3333333333333,5,84001,3390,4.708333333333333,3.2138419151306152
2000,6,333.3333333333333,5,84001,3420,4.75,3.156320810317993
2000,6,333.3333333333333,5,84001,3450,4.791666666666667,3.133965253829956
2000,6,333.3333333333333,5,84001,3480,4.833333333333333,3.1648199558258057
2000,6,333.3333333333333,5,84001,3510,4.875,3.268676996231079
2000,6,333.3333333333333,5,84001,3540,4.916666666666667,3.2162694931030273
2000,6,333.3333333333333,5,84001,3570,4.958333333333333,3.116381883621216
2000,6,333.3333333333333,5,84001,3600,5.0,3.1802680492401123
2000,12,166.66666666666666,0,84000,0,0.0,19.716922760009766
2000,12,166.66666666666666,0,84000,30,0.041666666666666664,16.76679801940918
2000,12,166.66666666666666,0,84000,60,0.08333333333333333,13.869321823120117
2000,12,166.66666666666666,0,84000,90,0.125,11.057646751403809
2000,12,166.66666666666666,0,84000,120,0.16666666666666666,8.490852355957031
2000,12,166.66666666666666,0,84000,150,0.20833333333333334,6.400304317474365
2000,12,166.66666666666666,0,84000,180,0.25,5.0685505867004395
2000,12,166.66666666666666,0,84000,210,0.2916666666666667,4.372513771057129
2000,12,166.66666666666666,0,84000,240,0.3333333333333333,3.6713545322418213
2000,12,166.66666666666666,0,84000,270,0.375,3.203364849090576
2000,12,166.66666666666666,0,84000,300,0.4166666666666667,2.469470977783203
2000,12,166.66666666666666,0,84000,330,0.4583333333333333,1.8025939464569092
2000,12,166.66666666666666,0,84000,360,0.5,1.3297221660614014
2000,12,166.66666666666666,0,84000,390,0.5416666666666666,0.8975633382797241
2000,12,166.66666666666666,0,84000,420,0.5833333333333334,0.4902303218841553
2000,12,166.66666666666666,0,84000,450,0.625,0.38257747888565063
2000,12,166.66666666666666,0,84000,480,0.6666666666666666,0.3192397356033325
2000,12,166.66666666666666,0,84000,510,0.7083333333333334,0.24453423917293549
2000,12,166.66666666666666,0,84000,540,0.75,0.22661235928535461
2000,12,166.66666666666666,0,84000,570,0.7916666666666666,0.20903466641902924
2000,12,166.66666666666666,0,84000,600,0.8333333333333334,0.19777342677116394
2000,12,166.66666666666666,0,84000,630,0.875,0.19026581943035126
2000,12,166.66666666666666,0,84000,660,0.9166666666666666,0.18687768280506134
2000,12,166.66666666666666,0,84000,690,0.9583333333333334,0.1807119995355606
2000,12,166.66666666666666,0,84000,720,1.0,0.17463171482086182
2000,12,166.66666666666666,0,84000,750,1.0416666666666667,0.16971194744110107
2000,12,166.66666666666666,0,84000,780,1.0833333333333333,0.1645495593547821
2000,12,166.66666666666666,0,84000,810,1.125,0.15907281637191772
2000,12,166.66666666666666,0,84000,840,1.1666666666666667,0.15575863420963287
2000,12,166.66666666666666,0,84000,870,1.2083333333333333,0.1516219973564148
2000,12,166.66666666666666,0,84000,900,1.25,0.14808028936386108
2000,12,166.66666666666666,0,84000,930,1.2916666666666667,0.1453336775302887
2000,12,166.66666666666666,0,84000,960,1.3333333333333333,0.1406210958957672
2000,12,166.66666666666666,0,84000,990,1.375,0.13659116625785828
2000,12,166.66666666666666,0,84000,1020,1.4166666666666667,0.1334826946258545
2000,12,166.66666666666666,0,84000,1050,1.4583333333333333,0.12903359532356262
2000,12,166.66666666666666,0,84000,1080,1.5,0.12445653975009918
2000,12,166.66666666666666,0,84000,1110,1.5416666666666667,0.12060505896806717
2000,12,166.66666666666666,0,84000,1140,1.5833333333333333,0.1178327426314354
2000,12,166.66666666666666,0,84000,1170,1.625,0.11429707705974579
2000,12,166.66666666666666,0,84000,1200,1.6666666666666667,0.1105671226978302
2000,12,166.66666666666666,0,84000,1230,1.7083333333333333,0.10833289474248886
2000,12,166.66666666666666,0,84000,1260,1.75,0.10585467517375946
2000,12,166.66666666666666,0,84000,1290,1.7916666666666667,0.10381726920604706
2000,12,166.66666666666666,0,84000,1320,1.8333333333333333,0.10178737342357635
2000,12,166.66666666666666,0,84000,1350,1.875,0.10026495158672333
2000,12,166.66666666666666,0,84000,1380,1.9166666666666667,0.09849673509597778
2000,12,166.66666666666666,0,84000,1410,1.9583333333333333,0.09710410982370377
2000,12,166.66666666666666,0,84000,1440,2.0,0.09595455229282379
2000,12,166.66666666666666,0,84000,1470,2.0416666666666665,0.09513093531131744
2000,12,166.66666666666666,0,84000,1500,2.0833333333333335,0.09432180225849152
2000,12,166.66666666666666,0,84000,1530,2.125,0.0936683714389801
2000,12,166.66666666666666,0,84000,1560,2.1666666666666665,0.09280596673488617
2000,12,166.66666666666666,0,84000,1590,2.2083333333333335,0.09226933121681213
2000,12,166.66666666666666,0,84000,1620,2.25,0.09156005829572678
2000,12,166.66666666666666,0,84000,1650,2.2916666666666665,0.090619295835495
2000,12,166.66666666666666,0,84000,1680,2.3333333333333335,0.08994999527931213
2000,12,166.66666666666666,0,84000,1710,2.375,0.08935336768627167
2000,12,166.66666666666666,0,84000,1740,2.4166666666666665,0.0888335108757019
2000,12,166.66666666666666,0,84000,1770,2.4583333333333335,0.0884842500090599
2000,12,166.66666666666666,0,84000,1800,2.5,0.08827461302280426
2000,12,166.66666666666666,0,84000,1830,2.5416666666666665,0.08809705823659897
2000,12,166.66666666666666,0,84000,1860,2.5833333333333335,0.08782357722520828
2000,12,166.66666666666666,0,84000,1890,2.625,0.08755457401275635
2000,12,166.66666666666666,0,84000,1920,2.6666666666666665,0.08743911236524582
2000,12,166.66666666666666,0,84000,1950,2.7083333333333335,0.08733618259429932
2000,12,166.66666666666666,0,84000,1980,2.75,0.08721360564231873
2000,12,166.66666666666666,0,84000,2010,2.7916666666666665,0.08724406361579895
2000,12,166.66666666666666,0,84000,2040,2.8333333333333335,0.08707422763109207
2000,12,166.66666666666666,0,84000,2070,2.875,0.0870395079255104
2000,12,166.66666666666666,0,84000,2100,2.9166666666666665,0.08693766593933105
2000,12,166.66666666666666,0,84000,2130,2.9583333333333335,0.08694679290056229
2000,12,166.66666666666666,0,84000,2160,3.0,0.08683743327856064
2000,12,166.66666666666666,0,84000,2190,3.0416666666666665,0.08677244931459427
2000,12,166.66666666666666,0,84000,2220,3.0833333333333335,0.08658778667449951
2000,12,166.66666666666666,0,84000,2250,3.125,0.08652186393737793
2000,12,166.66666666666666,0,84000,2280,3.1666666666666665,0.0863615870475769
2000,12,166.66666666666666,0,84000,2310,3.2083333333333335,0.08600272983312607
2000,12,166.66666666666666,0,84000,2340,3.25,0.08572454005479813
2000,12,166.66666666666666,0,84000,2370,3.2916666666666665,0.08556651324033737
2000,12,166.66666666666666,0,84000,2400,3.3333333333333335,0.0853668674826622
2000,12,166.66666666666666,0,84000,2430,3.375,0.08521752804517746
2000,12,166.66666666666666,0,84000,2460,3.4166666666666665,0.0853322297334671
2000,12,166.66666666666666,0,84000,2490,3.4583333333333335,0.08531041443347931
2000,12,166.66666666666666,0,84000,2520,3.5,0.08526089787483215
2000,12,166.66666666666666,0,84000,2550,3.5416666666666665,0.08516055345535278
2000,12,166.66666666666666,0,84000,2580,3.5833333333333335,0.08504543453454971
2000,12,166.66666666666666,0,84000,2610,3.625,0.08492454886436462
2000,12,166.66666666666666,0,84000,2640,3.6666666666666665,0.08484110236167908
2000,12,166.66666666666666,0,84000,2670,3.7083333333333335,0.08482827991247177
2000,12,166.66666666666666,0,84000,2700,3.75,0.08488614857196808
2000,12,166.66666666666666,0,84000,2730,3.7916666666666665,0.08484074473381042
2000,12,166.66666666666666,0,84000,2760,3.8333333333333335,0.08488430827856064
2000,12,166.66666666666666,0,84000,2790,3.875,0.08485223352909088
2000,12,166.66666666666666,0,84000,2820,3.9166666666666665,0.08487461507320404
2000,12,166.66666666666666,0,84000,2850,3.9583333333333335,0.08493112027645111
2000,12,166.66666666666666,0,84000,2880,4.0,0.08487928658723831
2000,12,166.66666666666666,0,84000,2910,4.041666666666667,0.08484204858541489
2000,12,166.66666666666666,0,84000,2940,4.083333333333333,0.08488595485687256
2000,12,166.66666666666666,0,84000,2970,4.125,0.08489885181188583
2000,12,166.66666666666666,0,84000,3000,4.166666666666667,0.08486990630626678
2000,12,166.66666666666666,0,84000,3030,4.208333333333333,0.0848788321018219
2000,12,166.66666666666666,0,84000,3060,4.25,0.08480039983987808
2000,12,166.66666666666666,0,84000,3090,4.291666666666667,0.08477175980806351
2000,12,166.66666666666666,0,84000,3120,4.333333333333333,0.08472943305969238
2000,12,166.66666666666666,0,84000,3150,4.375,0.08474371582269669
2000,12,166.66666666666666,0,84000,3180,4.416666666666667,0.08479771763086319
2000,12,166.66666666666666,0,84000,3210,4.458333333333333,0.08471386134624481
2000,12,166.66666666666666,0,84000,3240,4.5,0.08470240980386734
2000,12,166.66666666666666,0,84000,3270,4.541666666666667,0.08461736887693405
2000,12,166.66666666666666,0,84000,3300,4.583333333333333,0.08466143906116486
2000,12,166.66666666666666,0,84000,3330,4.625,0.0846540778875351
2000,12,166.66666666666666,0,84000,3360,4.666666666666667,0.08452192693948746
2000,12,166.66666666666666,0,84000,3390,4.708333333333333,0.08446232974529266
2000,12,166.66666666666666,0,84000,3420,4.75,0.08439621329307556
2000,12,166.66666666666666,0,84000,3450,4.791666666666667,0.08424824476242065
2000,12,166.66666666666666,0,84000,3480,4.833333333333333,0.08434469252824783
2000,12,166.66666666666666,0,84000,3510,4.875,0.08432405441999435
2000,12,166.66666666666666,0,84000,3540,4.916666666666667,0.08423718810081482
2000,12,166.66666666666666,0,84000,3570,4.958333333333333,0.08432717621326447
2000,12,166.66666666666666,0,84000,3600,5.0,0.08442048728466034
2000,12,166.66666666666666,1,84000,0,0.0,20.073928833007812
2000,12,166.66666666666666,1,84000,30,0.041666666666666664,17.112585067749023
2000,12,166.66666666666666,1,84000,60,0.08333333333333333,14.300676345825195
2000,12,166.66666666666666,1,84000,90,0.125,11.448136329650879
2000,12,166.66666666666666,1,84000,120,0.16666666666666666,8.695564270019531
2000,12,166.66666666666666,1,84000,150,0.20833333333333334,6.393285751342773
2000,12,166.66666666666666,1,84000,180,0.25,5.0919318199157715
2000,12,166.66666666666666,1,84000,210,0.2916666666666667,4.291997909545898
2000,12,166.66666666666666,1,84000,240,0.3333333333333333,3.838639259338379
2000,12,166.66666666666666,1,84000,270,0.375,3.253866195678711
2000,12,166.66666666666666,1,84000,300,0.4166666666666667,2.4961109161376953
2000,12,166.66666666666666,1,84000,330,0.4583333333333333,1.6747742891311646
2000,12,166.66666666666666,1,84000,360,0.5,1.1218458414077759
2000,12,166.66666666666666,1,84000,390,0.5416666666666666,0.5516350269317627
2000,12,166.66666666666666,1,84000,420,0.5833333333333334,0.36921626329421997
2000,12,166.66666666666666,1,84000,450,0.625,0.31484246253967285
2000,12,166.66666666666666,1,84000,480,0.6666666666666666,0.24891164898872375
2000,12,166.66666666666666,1,84000,510,0.7083333333333334,0.2318243533372879
2000,12,166.66666666666666,1,84000,540,0.75,0.21873535215854645
2000,12,166.66666666666666,1,84000,570,0.7916666666666666,0.20698142051696777
2000,12,166.66666666666666,1,84000,600,0.8333333333333334,0.198757603764534
2000,12,166.66666666666666,1,84000,630,0.875,0.19297607243061066
2000,12,166.66666666666666,1,84000,660,0.9166666666666666,0.18676669895648956
2000,12,166.66666666666666,1,84000,690,0.9583333333333334,0.18040692806243896
2000,12,166.66666666666666,1,84000,720,1.0,0.1733480840921402
2000,12,166.66666666666666,1,84000,750,1.0416666666666667,0.16869287192821503
2000,12,166.66666666666666,1,84000,780,1.0833333333333333,0.1647399365901947
2000,12,166.66666666666666,1,84000,810,1.125,0.15890710055828094
2000,12,166.66666666666666,1,84000,840,1.1666666666666667,0.15445633232593536
2000,12,166.66666666666666,1,84000,870,1.2083333333333333,0.14897754788398743
2000,12,166.66666666666666,1,84000,900,1.25,0.1470426321029663
2000,12,166.66666666666666,1,84000,930,1.2916666666666667,0.14396044611930847
2000,12,166.66666666666666,1,84000,960,1.3333333333333333,0.1398611217737198
2000,12,166.66666666666666,1,84000,990,1.375,0.13643786311149597
2000,12,166.66666666666666,1,84000,1020,1.4166666666666667,0.1323695033788681
2000,12,166.66666666666666,1,84000,1050,1.4583333333333333,0.12945574522018433
2000,12,166.66666666666666,1,84000,1080,1.5,0.1256028413772583
2000,12,166.66666666666666,1,84000,1110,1.5416666666666667,0.12134991586208344
2000,12,166.66666666666666,1,84000,1140,1.5833333333333333,0.1173195019364357
2000,12,166.66666666666666,1,84000,1170,1.625,0.11343250423669815
2000,12,166.66666666666666,1,84000,1200,1.6666666666666667,0.11051957309246063
2000,12,166.66666666666666,1,84000,1230,1.7083333333333333,0.10766349732875824
2000,12,166.66666666666666,1,84000,1260,1.75,0.10496556013822556
2000,12,166.66666666666666,1,84000,1290,1.7916666666666667,0.10303207486867905
2000,12,166.66666666666666,1,84000,1320,1.8333333333333333,0.10087783634662628
2000,12,166.66666666666666,1,84000,1350,1.875,0.0993160828948021
2000,12,166.66666666666666,1,84000,1380,1.9166666666666667,0.09807103872299194
2000,12,166.66666666666666,1,84000,1410,1.9583333333333333,0.09705029428005219
2000,12,166.66666666666666,1,84000,1440,2.0,0.09586143493652344
2000,12,166.66666666666666,1,84000,1470,2.0416666666666665,0.09493925422430038
2000,12,166.66666666666666,1,84000,1500,2.0833333333333335,0.09384694695472717
2000,12,166.66666666666666,1,84000,1530,2.125,0.09333125501871109
2000,12,166.66666666666666,1,84000,1560,2.1666666666666665,0.09270884841680527
2000,12,166.66666666666666,1,84000,1590,2.2083333333333335,0.0919283851981163
2000,12,166.66666666666666,1,84000,1620,2.25,0.09145429730415344
2000,12,166.66666666666666,1,84000,1650,2.2916666666666665,0.09070199728012085
2000,12,166.66666666666666,1,84000,1680,2.3333333333333335,0.09020993858575821
2000,12,166.66666666666666,1,84000,1710,2.375,0.08986019343137741
2000,12,166.66666666666666,1,84000,1740,2.4166666666666665,0.08915576338768005
2000,12,166.66666666666666,1,84000,1770,2.4583333333333335,0.0885382667183876
2000,12,166.66666666666666,1,84000,1800,2.5,0.08810130506753922
2000,12,166.66666666666666,1,84000,1830,2.5416666666666665,0.0878124088048935
2000,12,166.66666666666666,1,84000,1860,2.5833333333333335,0.0874824970960617
2000,12,166.66666666666666,1,84000,1890,2.625,0.08730565011501312
2000,12,166.66666666666666,1,84000,1920,2.6666666666666665,0.08720948547124863
2000,12,166.66666666666666,1,84000,1950,2.7083333333333335,0.08717110008001328
2000,12,166.66666666666666,1,84000,1980,2.75,0.0872667208313942
2000,12,166.66666666666666,1,84000,2010,2.7916666666666665,0.08719378709793091
2000,12,166.66666666666666,1,84000,2040,2.8333333333333335,0.08716367930173874
2000,12,166.66666666666666,1,84000,2070,2.875,0.08715357631444931
2000,12,166.66666666666666,1,84000,2100,2.9166666666666665,0.08714792132377625
2000,12,166.66666666666666,1,84000,2130,2.9583333333333335,0.0871567651629448
2000,12,166.66666666666666,1,84000,2160,3.0,0.08709604293107986
2000,12,166.66666666666666,1,84000,2190,3.0416666666666665,0.08690162003040314
2000,12,166.66666666666666,1,84000,2220,3.0833333333333335,0.08662968128919601
2000,12,166.66666666666666,1,84000,2250,3.125,0.08635492622852325
2000,12,166.66666666666666,1,84000,2280,3.1666666666666665,0.0863240659236908
2000,12,166.66666666666666,1,84000,2310,3.2083333333333335,0.08604656904935837
2000,12,166.66666666666666,1,84000,2340,3.25,0.08574265986680984
2000,12,166.66666666666666,1,84000,2370,3.2916666666666665,0.08564184606075287
2000,12,166.66666666666666,1,84000,2400,3.3333333333333335,0.08553871512413025
2000,12,166.66666666666666,1,84000,2430,3.375,0.08553270250558853
2000,12,166.66666666666666,1,84000,2460,3.4166666666666665,0.0854463055729866
2000,12,166.66666666666666,1,84000,2490,3.4583333333333335,0.08532916009426117
2000,12,166.66666666666666,1,84000,2520,3.5,0.08507322520017624
2000,12,166.66666666666666,1,84000,2550,3.5416666666666665,0.08519769459962845
2000,12,166.66666666666666,1,84000,2580,3.5833333333333335,0.08520185947418213
2000,12,166.66666666666666,1,84000,2610,3.625,0.08507926762104034
2000,12,166.66666666666666,1,84000,2640,3.6666666666666665,0.0850180834531784
2000,12,166.66666666666666,1,84000,2670,3.7083333333333335,0.08497007191181183
2000,12,166.66666666666666,1,84000,2700,3.75,0.08491535484790802
2000,12,166.66666666666666,1,84000,2730,3.7916666666666665,0.0850258469581604
2000,12,166.66666666666666,1,84000,2760,3.8333333333333335,0.08503467589616776
2000,12,166.66666666666666,1,84000,2790,3.875,0.0849972665309906
2000,12,166.66666666666666,1,84000,2820,3.9166666666666665,0.08494184911251068
2000,12,166.66666666666666,1,84000,2850,3.9583333333333335,0.08486583083868027
2000,12,166.66666666666666,1,84000,2880,4.0,0.08480542153120041
2000,12,166.66666666666666,1,84000,2910,4.041666666666667,0.08474670350551605
2000,12,166.66666666666666,1,84000,2940,4.083333333333333,0.08469349145889282
2000,12,166.66666666666666,1,84000,2970,4.125,0.08472368121147156
2000,12,166.66666666666666,1,84000,3000,4.166666666666667,0.0847366526722908
2000,12,166.66666666666666,1,84000,3030,4.208333333333333,0.08473429083824158
2000,12,166.66666666666666,1,84000,3060,4.25,0.08457741141319275
2000,12,166.66666666666666,1,84000,3090,4.291666666666667,0.08450624346733093
2000,12,166.66666666666666,1,84000,3120,4.333333333333333,0.08450713753700256
2000,12,166.66666666666666,1,84000,3150,4.375,0.08442910760641098
2000,12,166.66666666666666,1,84000,3180,4.416666666666667,0.084410160779953
2000,12,166.66666666666666,1,84000,3210,4.458333333333333,0.08443557471036911
2000,12,166.66666666666666,1,84000,3240,4.5,0.0842205211520195
2000,12,166.66666666666666,1,84000,3270,4.541666666666667,0.0843036025762558
2000,12,166.66666666666666,1,84000,3300,4.583333333333333,0.08432117104530334
2000,12,166.66666666666666,1,84000,3330,4.625,0.084318146109581
2000,12,166.66666666666666,1,84000,3360,4.666666666666667,0.0843997523188591
2000,12,166.66666666666666,1,84000,3390,4.708333333333333,0.08442135900259018
2000,12,166.66666666666666,1,84000,3420,4.75,0.0842515304684639
2000,12,166.66666666666666,1,84000,3450,4.791666666666667,0.08430708944797516
2000,12,166.66666666666666,1,84000,3480,4.833333333333333,0.08430056273937225
2000,12,166.66666666666666,1,84000,3510,4.875,0.08434843271970749
2000,12,166.66666666666666,1,84000,3540,4.916666666666667,0.08432748168706894
2000,12,166.66666666666666,1,84000,3570,4.958333333333333,0.0845140665769577
2000,12,166.66666666666666,1,84000,3600,5.0,0.08460049331188202
2000,12,166.66666666666666,2,84000,0,0.0,19.91414451599121
2000,12,166.66666666666666,2,84000,30,0.041666666666666664,16.949804306030273
2000,12,166.66666666666666,2,84000,60,0.08333333333333333,14.116288185119629
2000,12,166.66666666666666,2,84000,90,0.125,11.415596008300781
2000,12,166.66666666666666,2,84000,120,0.16666666666666666,8.562166213989258
2000,12,166.66666666666666,2,84000,150,0.20833333333333334,6.534481525421143
2000,12,166.66666666666666,2,84000,180,0.25,5.076103687286377
2000,12,166.66666666666666,2,84000,210,0.2916666666666667,4.3656907081604
2000,12,166.66666666666666,2,84000,240,0.3333333333333333,3.743544340133667
2000,12,166.66666666666666,2,84000,270,0.375,3.275564193725586
2000,12,166.66666666666666,2,84000,300,0.4166666666666667,2.6194658279418945
2000,12,166.66666666666666,2,84000,330,0.4583333333333333,1.9307953119277954
2000,12,166.66666666666666,2,84000,360,0.5,1.1859852075576782
2000,12,166.66666666666666,2,84000,390,0.5416666666666666,0.6481900811195374
2000,12,166.66666666666666,2,84000,420,0.5833333333333334,0.5069220662117004
2000,12,166.66666666666666,2,84000,450,0.625,0.30633652210235596
2000,12,166.66666666666666,2,84000,480,0.6666666666666666,0.2623676657676697
2000,12,166.66666666666666,2,84000,510,0.7083333333333334,0.23742510378360748
2000,12,166.66666666666666,2,84000,540,0.75,0.21936197578907013
2000,12,166.66666666666666,2,84000,570,0.7916666666666666,0.20749422907829285
2000,12,166.66666666666666,2,84000,600,0.8333333333333334,0.1973237842321396
2000,12,166.66666666666666,2,84000,630,0.875,0.19249755144119263
2000,12,166.66666666666666,2,84000,660,0.9166666666666666,0.18555627763271332
2000,12,166.66666666666666,2,84000,690,0.9583333333333334,0.17972856760025024
2000,12,166.66666666666666,2,84000,720,1.0,0.1744518280029297
2000,12,166.66666666666666,2,84000,750,1.0416666666666667,0.16769319772720337
2000,12,166.66666666666666,2,84000,780,1.0833333333333333,0.16295772790908813
2000,12,166.66666666666666,2,84000,810,1.125,0.15914544463157654
2000,12,166.66666666666666,2,84000,840,1.1666666666666667,0.15573981404304504
2000,12,166.66666666666666,2,84000,870,1.2083333333333333,0.15025445818901062
2000,12,166.66666666666666,2,84000,900,1.25,0.14602014422416687
2000,12,166.66666666666666,2,84000,930,1.2916666666666667,0.14146970212459564
2000,12,166.66666666666666,2,84000,960,1.3333333333333333,0.1388198584318161
2000,12,166.66666666666666,2,84000,990,1.375,0.13596557080745697
2000,12,166.66666666666666,2,84000,1020,1.4166666666666667,0.13216739892959595
2000,12,166.66666666666666,2,84000,1050,1.4583333333333333,0.1279752254486084
2000,12,166.66666666666666,2,84000,1080,1.5,0.12408154457807541
2000,12,166.66666666666666,2,84000,1110,1.5416666666666667,0.12029040604829788
2000,12,166.66666666666666,2,84000,1140,1.5833333333333333,0.11721611022949219
2000,12,166.66666666666666,2,84000,1170,1.625,0.11389897018671036
2000,12,166.66666666666666,2,84000,1200,1.6666666666666667,0.11138938367366791
2000,12,166.66666666666666,2,84000,1230,1.7083333333333333,0.10868769884109497
2000,12,166.66666666666666,2,84000,1260,1.75,0.10584915429353714
2000,12,166.66666666666666,2,84000,1290,1.7916666666666667,0.10327667742967606
2000,12,166.66666666666666,2,84000,1320,1.8333333333333333,0.10123827308416367
2000,12,166.66666666666666,2,84000,1350,1.875,0.09912685304880142
2000,12,166.66666666666666,2,84000,1380,1.9166666666666667,0.09779202193021774
2000,12,166.66666666666666,2,84000,1410,1.9583333333333333,0.09656020998954773
2000,12,166.66666666666666,2,84000,1440,2.0,0.0953269824385643
2000,12,166.66666666666666,2,84000,1470,2.0416666666666665,0.09444668889045715
2000,12,166.66666666666666,2,84000,1500,2.0833333333333335,0.09376601874828339
2000,12,166.66666666666666,2,84000,1530,2.125,0.09322210401296616
2000,12,166.66666666666666,2,84000,1560,2.1666666666666665,0.09251977503299713
2000,12,166.66666666666666,2,84000,1590,2.2083333333333335,0.09172958135604858
2000,12,166.66666666666666,2,84000,1620,2.25,0.09110075980424881
2000,12,166.66666666666666,2,84000,1650,2.2916666666666665,0.0905488133430481
2000,12,166.66666666666666,2,84000,1680,2.3333333333333335,0.09007664769887924
2000,12,166.66666666666666,2,84000,1710,2.375,0.08948316425085068
2000,12,166.66666666666666,2,84000,1740,2.4166666666666665,0.08902014046907425
2000,12,166.66666666666666,2,84000,1770,2.4583333333333335,0.08862409740686417
2000,12,166.66666666666666,2,84000,1800,2.5,0.08840470761060715
2000,12,166.66666666666666,2,84000,1830,2.5416666666666665,0.08810587972402573
2000,12,166.66666666666666,2,84000,1860,2.5833333333333335,0.0879788026213646
2000,12,166.66666666666666,2,84000,1890,2.625,0.0876491516828537
2000,12,166.66666666666666,2,84000,1920,2.6666666666666665,0.08746751397848129
2000,12,166.66666666666666,2,84000,1950,2.7083333333333335,0.08728637546300888
2000,12,166.66666666666666,2,84000,1980,2.75,0.08713141083717346
2000,12,166.66666666666666,2,84000,2010,2.7916666666666665,0.08679258078336716
2000,12,166.66666666666666,2,84000,2040,2.8333333333333335,0.08657772094011307
2000,12,166.66666666666666,2,84000,2070,2.875,0.08664393424987793
2000,12,166.66666666666666,2,84000,2100,2.9166666666666665,0.08667953312397003
2000,12,166.66666666666666,2,84000,2130,2.9583333333333335,0.08672609180212021
2000,12,166.66666666666666,2,84000,2160,3.0,0.0867692232131958
2000,12,166.66666666666666,2,84000,2190,3.0416666666666665,0.08656758069992065
2000,12,166.66666666666666,2,84000,2220,3.0833333333333335,0.08635502308607101
2000,12,166.66666666666666,2,84000,2250,3.125,0.08625862747430801
2000,12,166.66666666666666,2,84000,2280,3.1666666666666665,0.08601368963718414
2000,12,166.66666666666666,2,84000,2310,3.2083333333333335,0.08580120652914047
2000,12,166.66666666666666,2,84000,2340,3.25,0.08562902361154556
2000,12,166.66666666666666,2,84000,2370,3.2916666666666665,0.0854799747467041
2000,12,166.66666666666666,2,84000,2400,3.3333333333333335,0.08543617278337479
2000,12,166.66666666666666,2,84000,2430,3.375,0.08544471114873886
2000,12,166.66666666666666,2,84000,2460,3.4166666666666665,0.08536367863416672
2000,12,166.66666666666666,2,84000,2490,3.4583333333333335,0.08526424318552017
2000,12,166.66666666666666,2,84000,2520,3.5,0.08515487611293793
2000,12,166.66666666666666,2,84000,2550,3.5416666666666665,0.08507972955703735
2000,12,166.66666666666666,2,84000,2580,3.5833333333333335,0.08498600870370865
2000,12,166.66666666666666,2,84000,2610,3.625,0.08496902883052826
2000,12,166.66666666666666,2,84000,2640,3.6666666666666665,0.0849340483546257
2000,12,166.66666666666666,2,84000,2670,3.7083333333333335,0.0849226862192154
2000,12,166.66666666666666,2,84000,2700,3.75,0.08488281816244125
2000,12,166.66666666666666,2,84000,2730,3.7916666666666665,0.08509638905525208
2000,12,166.66666666666666,2,84000,2760,3.8333333333333335,0.08492016792297363
2000,12,166.66666666666666,2,84000,2790,3.875,0.08489643782377243
2000,12,166.66666666666666,2,84000,2820,3.9166666666666665,0.08491624146699905
2000,12,166.66666666666666,2,84000,2850,3.9583333333333335,0.08482858538627625
2000,12,166.66666666666666,2,84000,2880,4.0,0.08471546322107315
2000,12,166.66666666666666,2,84000,2910,4.041666666666667,0.08461474627256393
2000,12,166.66666666666666,2,84000,2940,4.083333333333333,0.08463874459266663
2000,12,166.66666666666666,2,84000,2970,4.125,0.08446193486452103
2000,12,166.66666666666666,2,84000,3000,4.166666666666667,0.08465233445167542
2000,12,166.66666666666666,2,84000,3030,4.208333333333333,0.0846523866057396
2000,12,166.66666666666666,2,84000,3060,4.25,0.08465994149446487
2000,12,166.66666666666666,2,84000,3090,4.291666666666667,0.08493200689554214
2000,12,166.66666666666666,2,84000,3120,4.333333333333333,0.08480744808912277
2000,12,166.66666666666666,2,84000,3150,4.375,0.08470120280981064
2000,12,166.66666666666666,2,84000,3180,4.416666666666667,0.08471711724996567
2000,12,166.66666666666666,2,84000,3210,4.458333333333333,0.08459791541099548
2000,12,166.66666666666666,2,84000,3240,4.5,0.08453820645809174
2000,12,166.66666666666666,2,84000,3270,4.541666666666667,0.08463961631059647
2000,12,166.66666666666666,2,84000,3300,4.583333333333333,0.08472154289484024
2000,12,166.66666666666666,2,84000,3330,4.625,0.0846945121884346
2000,12,166.66666666666666,2,84000,3360,4.666666666666667,0.08460143208503723
2000,12,166.66666666666666,2,84000,3390,4.708333333333333,0.08450432121753693
2000,12,166.66666666666666,2,84000,3420,4.75,0.08453398197889328
2000,12,166.66666666666666,2,84000,3450,4.791666666666667,0.08452330529689789
2000,12,166.66666666666666,2,84000,3480,4.833333333333333,0.08435977250337601
2000,12,166.66666666666666,2,84000,3510,4.875,0.08434643596410751
2000,12,166.66666666666666,2,84000,3540,4.916666666666667,0.08432420343160629
2000,12,166.66666666666666,2,84000,3570,4.958333333333333,0.08434226363897324
2000,12,166.66666666666666,2,84000,3600,5.0,0.08455274999141693
2000,12,166.66666666666666,3,84001,0,0.0,20.167226791381836
2000,12,166.66666666666666,3,84001,30,0.041666666666666664,17.134990692138672
2000,12,166.66666666666666,3,84001,60,0.08333333333333333,14.169337272644043
2000,12,166.66666666666666,3,84001,90,0.125,11.3436918258667
2000,12,166.66666666666666,3,84001,120,0.16666666666666666,8.634509086608887
2000,12,166.66666666666666,3,84001,150,0.20833333333333334,6.565627574920654
2000,12,166.66666666666666,3,84001,180,0.25,5.159310340881348
2000,12,166.66666666666666,3,84001,210,0.2916666666666667,4.499332427978516
2000,12,166.66666666666666,3,84001,240,0.3333333333333333,3.9725449085235596
2000,12,166.66666666666666,3,84001,270,0.375,3.3439791202545166
2000,12,166.66666666666666,3,84001,300,0.4166666666666667,2.711965799331665
2000,12,166.66666666666666,3,84001,330,0.4583333333333333,1.8579407930374146
2000,12,166.66666666666666,3,84001,360,0.5,1.3101954460144043
2000,12,166.66666666666666,3,84001,390,0.5416666666666666,0.8071563243865967
2000,12,166.66666666666666,3,84001,420,0.5833333333333334,0.5308157801628113
2000,12,166.66666666666666,3,84001,450,0.625,0.3765741288661957
2000,12,166.66666666666666,3,84001,480,0.6666666666666666,0.2925918698310852
2000,12,166.66666666666666,3,84001,510,0.7083333333333334,0.23769846558570862
2000,12,166.66666666666666,3,84001,540,0.75,0.2239403873682022
2000,12,166.66666666666666,3,84001,570,0.7916666666666666,0.21197839081287384
2000,12,166.66666666666666,3,84001,600,0.8333333333333334,0.20010845363140106
2000,12,166.66666666666666,3,84001,630,0.875,0.19193433225154877
2000,12,166.66666666666666,3,84001,660,0.9166666666666666,0.18674300611019135
2000,12,166.66666666666666,3,84001,690,0.9583333333333334,0.18090790510177612
2000,12,166.66666666666666,3,84001,720,1.0,0.1757991760969162
2000,12,166.66666666666666,3,84001,750,1.0416666666666667,0.16903384029865265
2000,12,166.66666666666666,3,84001,780,1.0833333333333333,0.16363844275474548
2000,12,166.66666666666666,3,84001,810,1.125,0.15878097712993622
2000,12,166.66666666666666,3,84001,840,1.1666666666666667,0.15382981300354004
2000,12,166.66666666666666,3,84001,870,1.2083333333333333,0.15070675313472748
2000,12,166.66666666666666,3,84001,900,1.25,0.14712603390216827
2000,12,166.66666666666666,3,84001,930,1.2916666666666667,0.143788680434227
2000,12,166.66666666666666,3,84001,960,1.3333333333333333,0.14014707505702972
2000,12,166.66666666666666,3,84001,990,1.375,0.13558252155780792
2000,12,166.66666666666666,3,84001,1020,1.4166666666666667,0.13170912861824036
2000,12,166.66666666666666,3,84001,1050,1.4583333333333333,0.12791912257671356
2000,12,166.66666666666666,3,84001,1080,1.5,0.124285988509655
2000,12,166.66666666666666,3,84001,1110,1.5416666666666667,0.12100958079099655
2000,12,166.66666666666666,3,84001,1140,1.5833333333333333,0.11797315627336502
2000,12,166.66666666666666,3,84001,1170,1.625,0.11482039093971252
2000,12,166.66666666666666,3,84001,1200,1.6666666666666667,0.11169445514678955
2000,12,166.66666666666666,3,84001,1230,1.7083333333333333,0.10884983837604523
2000,12,166.66666666666666,3,84001,1260,1.75,0.10601314902305603
2000,12,166.66666666666666,3,84001,1290,1.7916666666666667,0.10342555493116379
2000,12,166.66666666666666,3,84001,1320,1.8333333333333333,0.10142923146486282
2000,12,166.66666666666666,3,84001,1350,1.875,0.10015106201171875
2000,12,166.66666666666666,3,84001,1380,1.9166666666666667,0.09843220561742783
2000,12,166.66666666666666,3,84001,1410,1.9583333333333333,0.09685120731592178
2000,12,166.66666666666666,3,84001,1440,2.0,0.09567370265722275
2000,12,166.66666666666666,3,84001,1470,2.0416666666666665,0.09486263990402222
2000,12,166.66666666666666,3,84001,1500,2.0833333333333335,0.09419363737106323
2000,12,166.66666666666666,3,84001,1530,2.125,0.09352123737335205
2000,12,166.66666666666666,3,84001,1560,2.1666666666666665,0.09267089515924454
2000,12,166.66666666666666,3,84001,1590,2.2083333333333335,0.09197677671909332
2000,12,166.66666666666666,3,84001,1620,2.25,0.09138060361146927
2000,12,166.66666666666666,3,84001,1650,2.2916666666666665,0.09064894914627075
2000,12,166.66666666666666,3,84001,1680,2.3333333333333335,0.09009779244661331
2000,12,166.66666666666666,3,84001,1710,2.375,0.08948428928852081
2000,12,166.66666666666666,3,84001,1740,2.4166666666666665,0.08907046169042587
2000,12,166.66666666666666,3,84001,1770,2.4583333333333335,0.0886128842830658
2000,12,166.66666666666666,3,84001,1800,2.5,0.08828999102115631
2000,12,166.66666666666666,3,84001,1830,2.5416666666666665,0.08800552785396576
2000,12,166.66666666666666,3,84001,1860,2.5833333333333335,0.08764144778251648
2000,12,166.66666666666666,3,84001,1890,2.625,0.08751187473535538
2000,12,166.66666666666666,3,84001,1920,2.6666666666666665,0.0873144343495369
2000,12,166.66666666666666,3,84001,1950,2.7083333333333335,0.08737099915742874
2000,12,166.66666666666666,3,84001,1980,2.75,0.08750590682029724
2000,12,166.66666666666666,3,84001,2010,2.7916666666666665,0.08725956827402115
2000,12,166.66666666666666,3,84001,2040,2.8333333333333335,0.08720190078020096
2000,12,166.66666666666666,3,84001,2070,2.875,0.08721382170915604
2000,12,166.66666666666666,3,84001,2100,2.9166666666666665,0.0870327427983284
2000,12,166.66666666666666,3,84001,2130,2.9583333333333335,0.08704421669244766
2000,12,166.66666666666666,3,84001,2160,3.0,0.08696552366018295
2000,12,166.66666666666666,3,84001,2190,3.0416666666666665,0.08677756041288376
2000,12,166.66666666666666,3,84001,2220,3.0833333333333335,0.08651282638311386
2000,12,166.66666666666666,3,84001,2250,3.125,0.08646789193153381
2000,12,166.66666666666666,3,84001,2280,3.1666666666666665,0.08626426756381989
2000,12,166.66666666666666,3,84001,2310,3.2083333333333335,0.08610405027866364
2000,12,166.66666666666666,3,84001,2340,3.25,0.0859137624502182
2000,12,166.66666666666666,3,84001,2370,3.2916666666666665,0.08571220189332962
2000,12,166.66666666666666,3,84001,2400,3.3333333333333335,0.08550166338682175
2000,12,166.66666666666666,3,84001,2430,3.375,0.08536378294229507
2000,12,166.66666666666666,3,84001,2460,3.4166666666666665,0.08531322330236435
2000,12,166.66666666666666,3,84001,2490,3.4583333333333335,0.08507510274648666
2000,12,166.66666666666666,3,84001,2520,3.5,0.08504877984523773
2000,12,166.66666666666666,3,84001,2550,3.5416666666666665,0.08509666472673416
2000,12,166.66666666666666,3,84001,2580,3.5833333333333335,0.08489355444908142
2000,12,166.66666666666666,3,84001,2610,3.625,0.08486447483301163
2000,12,166.66666666666666,3,84001,2640,3.6666666666666665,0.08485052734613419
2000,12,166.66666666666666,3,84001,2670,3.7083333333333335,0.08474152535200119
2000,12,166.66666666666666,3,84001,2700,3.75,0.08481299877166748
2000,12,166.66666666666666,3,84001,2730,3.7916666666666665,0.08473190665245056
2000,12,166.66666666666666,3,84001,2760,3.8333333333333335,0.0847012996673584
2000,12,166.66666666666666,3,84001,2790,3.875,0.08467242121696472
2000,12,166.66666666666666,3,84001,2820,3.9166666666666665,0.08460503071546555
2000,12,166.66666666666666,3,84001,2850,3.9583333333333335,0.08456118404865265
2000,12,166.66666666666666,3,84001,2880,4.0,0.08451259881258011
2000,12,166.66666666666666,3,84001,2910,4.041666666666667,0.08465977758169174
2000,12,166.66666666666666,3,84001,2940,4.083333333333333,0.08443820476531982
2000,12,166.66666666666666,3,84001,2970,4.125,0.08449240028858185
2000,12,166.66666666666666,3,84001,3000,4.166666666666667,0.0845368504524231
2000,12,166.66666666666666,3,84001,3030,4.208333333333333,0.08454898744821548
2000,12,166.66666666666666,3,84001,3060,4.25,0.08465380221605301
2000,12,166.66666666666666,3,84001,3090,4.291666666666667,0.08486057072877884
2000,12,166.66666666666666,3,84001,3120,4.333333333333333,0.08491456508636475
2000,12,166.66666666666666,3,84001,3150,4.375,0.08487507700920105
2000,12,166.66666666666666,3,84001,3180,4.416666666666667,0.08483271300792694
2000,12,166.66666666666666,3,84001,3210,4.458333333333333,0.08468123525381088
2000,12,166.66666666666666,3,84001,3240,4.5,0.08451005816459656
2000,12,166.66666666666666,3,84001,3270,4.541666666666667,0.0845021978020668
2000,12,166.66666666666666,3,84001,3300,4.583333333333333,0.08457193523645401
2000,12,166.66666666666666,3,84001,3330,4.625,0.0846632719039917
2000,12,166.66666666666666,3,84001,3360,4.666666666666667,0.08471110463142395
2000,12,166.66666666666666,3,84001,3390,4.708333333333333,0.08462399244308472
2000,12,166.66666666666666,3,84001,3420,4.75,0.08472560346126556
2000,12,166.66666666666666,3,84001,3450,4.791666666666667,0.08472238481044769
2000,12,166.66666666666666,3,84001,3480,4.833333333333333,0.08465028554201126
2000,12,166.66666666666666,3,84001,3510,4.875,0.08461233228445053
2000,12,166.66666666666666,3,84001,3540,4.916666666666667,0.08451755344867706
2000,12,166.66666666666666,3,84001,3570,4.958333333333333,0.08454389870166779
2000,12,166.66666666666666,3,84001,3600,5.0,0.08456195145845413
2000,12,166.66666666666666,4,84001,0,0.0,20.096628189086914
2000,12,166.66666666666666,4,84001,30,0.041666666666666664,17.10696792602539
2000,12,166.66666666666666,4,84001,60,0.08333333333333333,14.250650405883789
2000,12,166.66666666666666,4,84001,90,0.125,11.571306228637695
2000,12,166.66666666666666,4,84001,120,0.16666666666666666,8.907258033752441
2000,12,166.66666666666666,4,84001,150,0.20833333333333334,6.713348865509033
2000,12,166.66666666666666,4,84001,180,0.25,5.44082498550415
2000,12,166.66666666666666,4,84001,210,0.2916666666666667,4.603438854217529
2000,12,166.66666666666666,4,84001,240,0.3333333333333333,3.9761171340942383
2000,12,166.66666666666666,4,84001,270,0.375,3.255497694015503
2000,12,166.66666666666666,4,84001,300,0.4166666666666667,2.5921518802642822
2000,12,166.66666666666666,4,84001,330,0.4583333333333333,1.9270185232162476
2000,12,166.66666666666666,4,84001,360,0.5,1.341978907585144
2000,12,166.66666666666666,4,84001,390,0.5416666666666666,0.7982463836669922
2000,12,166.66666666666666,4,84001,420,0.5833333333333334,0.4793965518474579
2000,12,166.66666666666666,4,84001,450,0.625,0.33029451966285706
2000,12,166.66666666666666,4,84001,480,0.6666666666666666,0.25959253311157227
2000,12,166.66666666666666,4,84001,510,0.7083333333333334,0.24821946024894714
2000,12,166.66666666666666,4,84001,540,0.75,0.21643930673599243
2000,12,166.66666666666666,4,84001,570,0.7916666666666666,0.20691658556461334
2000,12,166.66666666666666,4,84001,600,0.8333333333333334,0.19944025576114655
2000,12,166.66666666666666,4,84001,630,0.875,0.19348937273025513
2000,12,166.66666666666666,4,84001,660,0.9166666666666666,0.18562185764312744
2000,12,166.66666666666666,4,84001,690,0.9583333333333334,0.18020278215408325
2000,12,166.66666666666666,4,84001,720,1.0,0.17360283434391022
2000,12,166.66666666666666,4,84001,750,1.0416666666666667,0.16776296496391296
2000,12,166.66666666666666,4,84001,780,1.0833333333333333,0.16468356549739838
2000,12,166.66666666666666,4,84001,810,1.125,0.1603655368089676
2000,12,166.66666666666666,4,84001,840,1.1666666666666667,0.1561904102563858
2000,12,166.66666666666666,4,84001,870,1.2083333333333333,0.15167224407196045
2000,12,166.66666666666666,4,84001,900,1.25,0.1476142555475235
2000,12,166.66666666666666,4,84001,930,1.2916666666666667,0.14344945549964905
2000,12,166.66666666666666,4,84001,960,1.3333333333333333,0.1394660919904709
2000,12,166.66666666666666,4,84001,990,1.375,0.1354970633983612
2000,12,166.66666666666666,4,84001,1020,1.4166666666666667,0.13196076452732086
2000,12,166.66666666666666,4,84001,1050,1.4583333333333333,0.12841832637786865
2000,12,166.66666666666666,4,84001,1080,1.5,0.12454420328140259
2000,12,166.66666666666666,4,84001,1110,1.5416666666666667,0.12076892703771591
2000,12,166.66666666666666,4,84001,1140,1.5833333333333333,0.11756297200918198
2000,12,166.66666666666666,4,84001,1170,1.625,0.11443701386451721
2000,12,166.66666666666666,4,84001,1200,1.6666666666666667,0.11114685237407684
2000,12,166.66666666666666,4,84001,1230,1.7083333333333333,0.10855427384376526
2000,12,166.66666666666666,4,84001,1260,1.75,0.10588713735342026
2000,12,166.66666666666666,4,84001,1290,1.7916666666666667,0.10347111523151398
2000,12,166.66666666666666,4,84001,1320,1.8333333333333333,0.10181175172328949
2000,12,166.66666666666666,4,84001,1350,1.875,0.10000680387020111
2000,12,166.66666666666666,4,84001,1380,1.9166666666666667,0.09841844439506531
2000,12,166.66666666666666,4,84001,1410,1.9583333333333333,0.09721212834119797
2000,12,166.66666666666666,4,84001,1440,2.0,0.09631580859422684
2000,12,166.66666666666666,4,84001,1470,2.0416666666666665,0.09541778266429901
2000,12,166.66666666666666,4,84001,1500,2.0833333333333335,0.09434912353754044
2000,12,166.66666666666666,4,84001,1530,2.125,0.09338978677988052
2000,12,166.66666666666666,4,84001,1560,2.1666666666666665,0.09297854453325272
2000,12,166.66666666666666,4,84001,1590,2.2083333333333335,0.09220530837774277
2000,12,166.66666666666666,4,84001,1620,2.25,0.09142866730690002
2000,12,166.66666666666666,4,84001,1650,2.2916666666666665,0.09067215770483017
2000,12,166.66666666666666,4,84001,1680,2.3333333333333335,0.08990520238876343
2000,12,166.66666666666666,4,84001,1710,2.375,0.0894441083073616
2000,12,166.66666666666666,4,84001,1740,2.4166666666666665,0.08885660022497177
2000,12,166.66666666666666,4,84001,1770,2.4583333333333335,0.08846665173768997
2000,12,166.66666666666666,4,84001,1800,2.5,0.08823136240243912
2000,12,166.66666666666666,4,84001,1830,2.5416666666666665,0.0880618542432785
2000,12,166.66666666666666,4,84001,1860,2.5833333333333335,0.08783455938100815
2000,12,166.66666666666666,4,84001,1890,2.625,0.08761794865131378
2000,12,166.66666666666666,4,84001,1920,2.6666666666666665,0.08740054816007614
2000,12,166.66666666666666,4,84001,1950,2.7083333333333335,0.08741457760334015
2000,12,166.66666666666666,4,84001,1980,2.75,0.08724381774663925
2000,12,166.66666666666666,4,84001,2010,2.7916666666666665,0.08709382265806198
2000,12,166.66666666666666,4,84001,2040,2.8333333333333335,0.0871691182255745
2000,12,166.66666666666666,4,84001,2070,2.875,0.08716143667697906
2000,12,166.66666666666666,4,84001,2100,2.9166666666666665,0.0871041938662529
2000,12,166.66666666666666,4,84001,2130,2.9583333333333335,0.08698572963476181
2000,12,166.66666666666666,4,84001,2160,3.0,0.08698006719350815
2000,12,166.66666666666666,4,84001,2190,3.0416666666666665,0.0867786556482315
2000,12,166.66666666666666,4,84001,2220,3.0833333333333335,0.08675681054592133
2000,12,166.66666666666666,4,84001,2250,3.125,0.0864618718624115
2000,12,166.66666666666666,4,84001,2280,3.1666666666666665,0.08615189790725708
2000,12,166.66666666666666,4,84001,2310,3.2083333333333335,0.08597375452518463
2000,12,166.66666666666666,4,84001,2340,3.25,0.08579389750957489
2000,12,166.66666666666666,4,84001,2370,3.2916666666666665,0.08575662225484848
2000,12,166.66666666666666,4,84001,2400,3.3333333333333335,0.0855981633067131
2000,12,166.66666666666666,4,84001,2430,3.375,0.0853603333234787
2000,12,166.66666666666666,4,84001,2460,3.4166666666666665,0.08538911491632462
2000,12,166.66666666666666,4,84001,2490,3.4583333333333335,0.08536446839570999
2000,12,166.66666666666666,4,84001,2520,3.5,0.08530938625335693
2000,12,166.66666666666666,4,84001,2550,3.5416666666666665,0.08528298884630203
2000,12,166.66666666666666,4,84001,2580,3.5833333333333335,0.08513575792312622
2000,12,166.66666666666666,4,84001,2610,3.625,0.08500776439905167
2000,12,166.66666666666666,4,84001,2640,3.6666666666666665,0.08486918359994888
2000,12,166.66666666666666,4,84001,2670,3.7083333333333335,0.08474384993314743
2000,12,166.66666666666666,4,84001,2700,3.75,0.08494492620229721
2000,12,166.66666666666666,4,84001,2730,3.7916666666666665,0.08489151298999786
2000,12,166.66666666666666,4,84001,2760,3.8333333333333335,0.08485215902328491
2000,12,166.66666666666666,4,84001,2790,3.875,0.08487734198570251
2000,12,166.66666666666666,4,84001,2820,3.9166666666666665,0.08476147800683975
2000,12,166.66666666666666,4,84001,2850,3.9583333333333335,0.08474952727556229
2000,12,166.66666666666666,4,84001,2880,4.0,0.08487486094236374
2000,12,166.66666666666666,4,84001,2910,4.041666666666667,0.08477173000574112
2000,12,166.66666666666666,4,84001,2940,4.083333333333333,0.08461599797010422
2000,12,166.66666666666666,4,84001,2970,4.125,0.08457501232624054
2000,12,166.66666666666666,4,84001,3000,4.166666666666667,0.0847407728433609
2000,12,166.66666666666666,4,84001,3030,4.208333333333333,0.0848173201084137
2000,12,166.66666666666666,4,84001,3060,4.25,0.0848485454916954
2000,12,166.66666666666666,4,84001,3090,4.291666666666667,0.08464964479207993
2000,12,166.66666666666666,4,84001,3120,4.333333333333333,0.0845617949962616
2000,12,166.66666666666666,4,84001,3150,4.375,0.08455752581357956
2000,12,166.66666666666666,4,84001,3180,4.416666666666667,0.08462204039096832
2000,12,166.66666666666666,4,84001,3210,4.458333333333333,0.0845465213060379
2000,12,166.66666666666666,4,84001,3240,4.5,0.08450108021497726
2000,12,166.66666666666666,4,84001,3270,4.541666666666667,0.08442917466163635
2000,12,166.66666666666666,4,84001,3300,4.583333333333333,0.08447007834911346
2000,12,166.66666666666666,4,84001,3330,4.625,0.08446802198886871
2000,12,166.66666666666666,4,84001,3360,4.666666666666667,0.0843234583735466
2000,12,166.66666666666666,4,84001,3390,4.708333333333333,0.08439464867115021
2000,12,166.66666666666666,4,84001,3420,4.75,0.08437162637710571
2000,12,166.66666666666666,4,84001,3450,4.791666666666667,0.08441919088363647
2000,12,166.66666666666666,4,84001,3480,4.833333333333333,0.08448675274848938
2000,12,166.66666666666666,4,84001,3510,4.875,0.08448242396116257
2000,12,166.66666666666666,4,84001,3540,4.916666666666667,0.08439306914806366
2000,12,166.66666666666666,4,84001,3570,4.958333333333333,0.08439770340919495
2000,12,166.66666666666666,4,84001,3600,5.0,0.08460921049118042
2000,12,166.66666666666666,5,84001,0,0.0,19.953657150268555
2000,12,166.66666666666666,5,84001,30,0.041666666666666664,16.822120666503906
2000,12,166.66666666666666,5,84001,60,0.08333333333333333,13.854007720947266
2000,12,166.66666666666666,5,84001,90,0.125,11.143814086914062
2000,12,166.66666666666666,5,84001,120,0.16666666666666666,8.406502723693848
2000,12,166.66666666666666,5,84001,150,0.20833333333333334,6.367127418518066
2000,12,166.66666666666666,5,84001,180,0.25,4.996737480163574
2000,12,166.66666666666666,5,84001,210,0.2916666666666667,4.272004127502441
2000,12,166.66666666666666,5,84001,240,0.3333333333333333,3.6458988189697266
2000,12,166.66666666666666,5,84001,270,0.375,3.020280122756958
2000,12,166.66666666666666,5,84001,300,0.4166666666666667,2.452878952026367
2000,12,166.66666666666666,5,84001,330,0.4583333333333333,1.8450286388397217
2000,12,166.66666666666666,5,84001,360,0.5,1.3395823240280151
2000,12,166.66666666666666,5,84001,390,0.5416666666666666,0.771708071231842
2000,12,166.66666666666666,5,84001,420,0.5833333333333334,0.41729536652565
2000,12,166.66666666666666,5,84001,450,0.625,0.3263949751853943
2000,12,166.66666666666666,5,84001,480,0.6666666666666666,0.29987168312072754
2000,12,166.66666666666666,5,84001,510,0.7083333333333334,0.23937489092350006
2000,12,166.66666666666666,5,84001,540,0.75,0.21802477538585663
2000,12,166.66666666666666,5,84001,570,0.7916666666666666,0.20510607957839966
2000,12,166.66666666666666,5,84001,600,0.8333333333333334,0.19733379781246185
2000,12,166.66666666666666,5,84001,630,0.875,0.18986234068870544
2000,12,166.66666666666666,5,84001,660,0.9166666666666666,0.18214407563209534
2000,12,166.66666666666666,5,84001,690,0.9583333333333334,0.17725256085395813
2000,12,166.66666666666666,5,84001,720,1.0,0.17127181589603424
2000,12,166.66666666666666,5,84001,750,1.0416666666666667,0.1678972840309143
2000,12,166.66666666666666,5,84001,780,1.0833333333333333,0.16205525398254395
2000,12,166.66666666666666,5,84001,810,1.125,0.15841138362884521
2000,12,166.66666666666666,5,84001,840,1.1666666666666667,0.15384674072265625
2000,12,166.66666666666666,5,84001,870,1.2083333333333333,0.14953316748142242
2000,12,166.66666666666666,5,84001,900,1.25,0.1466662734746933
2000,12,166.66666666666666,5,84001,930,1.2916666666666667,0.14415793120861053
2000,12,166.66666666666666,5,84001,960,1.3333333333333333,0.14098384976387024
2000,12,166.66666666666666,5,84001,990,1.375,0.136455699801445
2000,12,166.66666666666666,5,84001,1020,1.4166666666666667,0.13239580392837524
2000,12,166.66666666666666,5,84001,1050,1.4583333333333333,0.12815120816230774
2000,12,166.66666666666666,5,84001,1080,1.5,0.12435601651668549
2000,12,166.66666666666666,5,84001,1110,1.5416666666666667,0.12075188010931015
2000,12,166.66666666666666,5,84001,1140,1.5833333333333333,0.11727999150753021
2000,12,166.66666666666666,5,84001,1170,1.625,0.11432154476642609
2000,12,166.66666666666666,5,84001,1200,1.6666666666666667,0.11112216114997864
2000,12,166.66666666666666,5,84001,1230,1.7083333333333333,0.10836111754179001
2000,12,166.66666666666666,5,84001,1260,1.75,0.10595782101154327
2000,12,166.66666666666666,5,84001,1290,1.7916666666666667,0.103677898645401
2000,12,166.66666666666666,5,84001,1320,1.8333333333333333,0.10186196863651276
2000,12,166.66666666666666,5,84001,1350,1.875,0.09958412498235703
2000,12,166.66666666666666,5,84001,1380,1.9166666666666667,0.09812085330486298
2000,12,166.66666666666666,5,84001,1410,1.9583333333333333,0.09674446284770966
2000,12,166.66666666666666,5,84001,1440,2.0,0.09559982270002365
2000,12,166.66666666666666,5,84001,1470,2.0416666666666665,0.09484237432479858
2000,12,166.66666666666666,5,84001,1500,2.0833333333333335,0.09386584162712097
2000,12,166.66666666666666,5,84001,1530,2.125,0.09311985969543457
2000,12,166.66666666666666,5,84001,1560,2.1666666666666665,0.09248045831918716
2000,12,166.66666666666666,5,84001,1590,2.2083333333333335,0.0917431190609932
2000,12,166.66666666666666,5,84001,1620,2.25,0.09104784578084946
2000,12,166.66666666666666,5,84001,1650,2.2916666666666665,0.0904759094119072
2000,12,166.66666666666666,5,84001,1680,2.3333333333333335,0.089995376765728
2000,12,166.66666666666666,5,84001,1710,2.375,0.08934471011161804
2000,12,166.66666666666666,5,84001,1740,2.4166666666666665,0.08891455084085464
2000,12,166.66666666666666,5,84001,1770,2.4583333333333335,0.08849892020225525
2000,12,166.66666666666666,5,84001,1800,2.5,0.08825517445802689
2000,12,166.66666666666666,5,84001,1830,2.5416666666666665,0.08791206032037735
2000,12,166.66666666666666,5,84001,1860,2.5833333333333335,0.08777502924203873
2000,12,166.66666666666666,5,84001,1890,2.625,0.08767800778150558
2000,12,166.66666666666666,5,84001,1920,2.6666666666666665,0.08738929778337479
2000,12,166.66666666666666,5,84001,1950,2.7083333333333335,0.08722596615552902
2000,12,166.66666666666666,5,84001,1980,2.75,0.08711883425712585
2000,12,166.66666666666666,5,84001,2010,2.7916666666666665,0.08711715787649155
2000,12,166.66666666666666,5,84001,2040,2.8333333333333335,0.08736349642276764
2000,12,166.66666666666666,5,84001,2070,2.875,0.08706282079219818
2000,12,166.66666666666666,5,84001,2100,2.9166666666666665,0.08705820143222809
2000,12,166.66666666666666,5,84001,2130,2.9583333333333335,0.08694221079349518
2000,12,166.66666666666666,5,84001,2160,3.0,0.0869770497083664
2000,12,166.66666666666666,5,84001,2190,3.0416666666666665,0.08675799518823624
2000,12,166.66666666666666,5,84001,2220,3.0833333333333335,0.0863947719335556
2000,12,166.66666666666666,5,84001,2250,3.125,0.08636631816625595
2000,12,166.66666666666666,5,84001,2280,3.1666666666666665,0.08628803491592407
2000,12,166.66666666666666,5,84001,2310,3.2083333333333335,0.08610102534294128
2000,12,166.66666666666666,5,84001,2340,3.25,0.08580953627824783
2000,12,166.66666666666666,5,84001,2370,3.2916666666666665,0.08555485308170319
2000,12,166.66666666666666,5,84001,2400,3.3333333333333335,0.08538848906755447
2000,12,166.66666666666666,5,84001,2430,3.375,0.08526381850242615
2000,12,166.66666666666666,5,84001,2460,3.4166666666666665,0.08522595465183258
2000,12,166.66666666666666,5,84001,2490,3.4583333333333335,0.08504834771156311
2000,12,166.66666666666666,5,84001,2520,3.5,0.0849844291806221
2000,12,166.66666666666666,5,84001,2550,3.5416666666666665,0.08499032258987427
2000,12,166.66666666666666,5,84001,2580,3.5833333333333335,0.08488104492425919
2000,12,166.66666666666666,5,84001,2610,3.625,0.08478924632072449
2000,12,166.66666666666666,5,84001,2640,3.6666666666666665,0.08481946587562561
2000,12,166.66666666666666,5,84001,2670,3.7083333333333335,0.08485528826713562
2000,12,166.66666666666666,5,84001,2700,3.75,0.08482592552900314
2000,12,166.66666666666666,5,84001,2730,3.7916666666666665,0.08487387746572495
2000,12,166.66666666666666,5,84001,2760,3.8333333333333335,0.0848298892378807
2000,12,166.66666666666666,5,84001,2790,3.875,0.08481381833553314
2000,12,166.66666666666666,5,84001,2820,3.9166666666666665,0.08473429828882217
2000,12,166.66666666666666,5,84001,2850,3.9583333333333335,0.08474142104387283
2000,12,166.66666666666666,5,84001,2880,4.0,0.0846358984708786
2000,12,166.66666666666666,5,84001,2910,4.041666666666667,0.08456888049840927
2000,12,166.66666666666666,5,84001,2940,4.083333333333333,0.08450981974601746
2000,12,166.66666666666666,5,84001,2970,4.125,0.08464683592319489
2000,12,166.66666666666666,5,84001,3000,4.166666666666667,0.08461972326040268
2000,12,166.66666666666666,5,84001,3030,4.208333333333333,0.08473498374223709
2000,12,166.66666666666666,5,84001,3060,4.25,0.08465675264596939
2000,12,166.66666666666666,5,84001,3090,4.291666666666667,0.08455862104892731
2000,12,166.66666666666666,5,84001,3120,4.333333333333333,0.08455883711576462
2000,12,166.66666666666666,5,84001,3150,4.375,0.084519162774086
2000,12,166.66666666666666,5,84001,3180,4.416666666666667,0.08435642719268799
2000,12,166.66666666666666,5,84001,3210,4.458333333333333,0.08441649377346039
2000,12,166.66666666666666,5,84001,3240,4.5,0.08436673134565353
2000,12,166.66666666666666,5,84001,3270,4.541666666666667,0.08431587368249893
2000,12,166.66666666666666,5,84001,3300,4.583333333333333,0.08443503081798553
2000,12,166.66666666666666,5,84001,3330,4.625,0.08447510004043579
2000,12,166.66666666666666,5,84001,3360,4.666666666666667,0.08455716818571091
2000,12,166.66666666666666,5,84001,3390,4.708333333333333,0.08440029621124268
2000,12,166.66666666666666,5,84001,3420,4.75,0.08436717838048935
2000,12,166.66666666666666,5,84001,3450,4.791666666666667,0.08429065346717834
2000,12,166.66666666666666,5,84001,3480,4.833333333333333,0.08441981673240662
2000,12,166.66666666666666,5,84001,3510,4.875,0.08447045087814331
2000,12,166.66666666666666,5,84001,3540,4.916666666666667,0.08448884636163712
2000,12,166.66666666666666,5,84001,3570,4.958333333333333,0.08454226702451706
2000,12,166.66666666666666,5,84001,3600,5.0,0.08466625958681107
3000,6,500.0,0,84000,0,0.0,19.852645874023438
3000,6,500.0,0,84000,30,0.041666666666666664,19.02855682373047
3000,6,500.0,0,84000,60,0.08333333333333333,18.404996871948242
3000,6,500.0,0,84000,90,0.125,17.502643585205078
3000,6,500.0,0,84000,120,0.16666666666666666,16.413028717041016
3000,6,500.0,0,84000,150,0.20833333333333334,15.378098487854004
3000,6,500.0,0,84000,180,0.25,14.987170219421387
3000,6,500.0,0,84000,210,0.2916666666666667,15.823081016540527
3000,6,500.0,0,84000,240,0.3333333333333333,17.427230834960938
3000,6,500.0,0,84000,270,0.375,19.07008934020996
3000,6,500.0,0,84000,300,0.4166666666666667,20.274906158447266
3000,6,500.0,0,84000,330,0.4583333333333333,21.384475708007812
3000,6,500.0,0,84000,360,0.5,22.485315322875977
3000,6,500.0,0,84000,390,0.5416666666666666,23.17203140258789
3000,6,500.0,0,84000,420,0.5833333333333334,23.29106330871582
3000,6,500.0,0,84000,450,0.625,23.201719284057617
3000,6,500.0,0,84000,480,0.6666666666666666,22.74312973022461
3000,6,500.0,0,84000,510,0.7083333333333334,22.631677627563477
3000,6,500.0,0,84000,540,0.75,22.446603775024414
3000,6,500.0,0,84000,570,0.7916666666666666,22.73607635498047
3000,6,500.0,0,84000,600,0.8333333333333334,23.6171875
3000,6,500.0,0,84000,630,0.875,24.355642318725586
3000,6,500.0,0,84000,660,0.9166666666666666,24.848604202270508
3000,6,500.0,0,84000,690,0.9583333333333334,25.474069595336914
3000,6,500.0,0,84000,720,1.0,25.735061645507812
3000,6,500.0,0,84000,750,1.0416666666666667,25.58791160583496
3000,6,500.0,0,84000,780,1.0833333333333333,24.998401641845703
3000,6,500.0,0,84000,810,1.125,24.209020614624023
3000,6,500.0,0,84000,840,1.1666666666666667,23.221872329711914
3000,6,500.0,0,84000,870,1.2083333333333333,21.988718032836914
3000,6,500.0,0,84000,900,1.25,21.28965950012207
3000,6,500.0,0,84000,930,1.2916666666666667,20.68666648864746
3000,6,500.0,0,84000,960,1.3333333333333333,20.24276351928711
3000,6,500.0,0,84000,990,1.375,19.51950454711914
3000,6,500.0,0,84000,1020,1.4166666666666667,18.403154373168945
3000,6,500.0,0,84000,1050,1.4583333333333333,17.264169692993164
3000,6,500.0,0,84000,1080,1.5,16.306665420532227
3000,6,500.0,0,84000,1110,1.5416666666666667,15.334639549255371
3000,6,500.0,0,84000,1140,1.5833333333333333,14.685850143432617
3000,6,500.0,0,84000,1170,1.625,14.659992218017578
3000,6,500.0,0,84000,1200,1.6666666666666667,14.65839672088623
3000,6,500.0,0,84000,1230,1.7083333333333333,14.489981651306152
3000,6,500.0,0,84000,1260,1.75,14.288930892944336
3000,6,500.0,0,84000,1290,1.7916666666666667,13.850839614868164
3000,6,500.0,0,84000,1320,1.8333333333333333,13.385427474975586
3000,6,500.0,0,84000,1350,1.875,12.896247863769531
3000,6,500.0,0,84000,1380,1.9166666666666667,12.461312294006348
3000,6,500.0,0,84000,1410,1.9583333333333333,11.586928367614746
3000,6,500.0,0,84000,1440,2.0,11.187506675720215
3000,6,500.0,0,84000,1470,2.0416666666666665,11.057544708251953
3000,6,500.0,0,84000,1500,2.0833333333333335,11.098549842834473
3000,6,500.0,0,84000,1530,2.125,10.834147453308105
3000,6,500.0,0,84000,1560,2.1666666666666665,10.566747665405273
3000,6,500.0,0,84000,1590,2.2083333333333335,10.426531791687012
3000,6,500.0,0,84000,1620,2.25,10.337636947631836
3000,6,500.0,0,84000,1650,2.2916666666666665,10.010476112365723
3000,6,500.0,0,84000,1680,2.3333333333333335,9.653635025024414
3000,6,500.0,0,84000,1710,2.375,9.307037353515625
3000,6,500.0,0,84000,1740,2.4166666666666665,9.09715461730957
3000,6,500.0,0,84000,1770,2.4583333333333335,8.962298393249512
3000,6,500.0,0,84000,1800,2.5,8.689275741577148
3000,6,500.0,0,84000,1830,2.5416666666666665,8.543937683105469
3000,6,500.0,0,84000,1860,2.5833333333333335,8.39857006072998
3000,6,500.0,0,84000,1890,2.625,8.212430000305176
3000,6,500.0,0,84000,1920,2.6666666666666665,7.921862602233887
3000,6,500.0,0,84000,1950,2.7083333333333335,7.901745319366455
3000,6,500.0,0,84000,1980,2.75,7.752462387084961
3000,6,500.0,0,84000,2010,2.7916666666666665,7.645363807678223
3000,6,500.0,0,84000,2040,2.8333333333333335,7.532307147979736
3000,6,500.0,0,84000,2070,2.875,7.34098482131958
3000,6,500.0,0,84000,2100,2.9166666666666665,7.359119892120361
3000,6,500.0,0,84000,2130,2.9583333333333335,7.118201732635498
3000,6,500.0,0,84000,2160,3.0,7.010446071624756
3000,6,500.0,0,84000,2190,3.0416666666666665,6.8578267097473145
3000,6,500.0,0,84000,2220,3.0833333333333335,6.860404968261719
3000,6,500.0,0,84000,2250,3.125,6.791190147399902
3000,6,500.0,0,84000,2280,3.1666666666666665,6.850462436676025
3000,6,500.0,0,84000,2310,3.2083333333333335,6.841952323913574
3000,6,500.0,0,84000,2340,3.25,6.9580488204956055
3000,6,500.0,0,84000,2370,3.2916666666666665,7.018049716949463
3000,6,500.0,0,84000,2400,3.3333333333333335,6.950958251953125
3000,6,500.0,0,84000,2430,3.375,7.039053440093994
3000,6,500.0,0,84000,2460,3.4166666666666665,7.004866123199463
3000,6,500.0,0,84000,2490,3.4583333333333335,6.947887897491455
3000,6,500.0,0,84000,2520,3.5,6.984731674194336
3000,6,500.0,0,84000,2550,3.5416666666666665,6.913101673126221
3000,6,500.0,0,84000,2580,3.5833333333333335,6.917797088623047
3000,6,500.0,0,84000,2610,3.625,6.974589824676514
3000,6,500.0,0,84000,2640,3.6666666666666665,6.9667181968688965
3000,6,500.0,0,84000,2670,3.7083333333333335,7.073412895202637
3000,6,500.0,0,84000,2700,3.75,6.96338415145874
3000,6,500.0,0,84000,2730,3.7916666666666665,6.94244909286499
3000,6,500.0,0,84000,2760,3.8333333333333335,6.96090841293335
3000,6,500.0,0,84000,2790,3.875,6.738246917724609
3000,6,500.0,0,84000,2820,3.9166666666666665,6.72862434387207
3000,6,500.0,0,84000,2850,3.9583333333333335,6.5788984298706055
3000,6,500.0,0,84000,2880,4.0,6.556838512420654
3000,6,500.0,0,84000,2910,4.041666666666667,6.476342678070068
3000,6,500.0,0,84000,2940,4.083333333333333,6.457223415374756
3000,6,500.0,0,84000,2970,4.125,6.463631629943848
3000,6,500.0,0,84000,3000,4.166666666666667,6.398239612579346
3000,6,500.0,0,84000,3030,4.208333333333333,6.368048667907715
3000,6,500.0,0,84000,3060,4.25,6.457266807556152
3000,6,500.0,0,84000,3090,4.291666666666667,6.368593692779541
3000,6,500.0,0,84000,3120,4.333333333333333,6.276060581207275
3000,6,500.0,0,84000,3150,4.375,6.323509693145752
3000,6,500.0,0,84000,3180,4.416666666666667,6.219401836395264
3000,6,500.0,0,84000,3210,4.458333333333333,6.183205604553223
3000,6,500.0,0,84000,3240,4.5,6.2466888427734375
3000,6,500.0,0,84000,3270,4.541666666666667,6.260754585266113
3000,6,500.0,0,84000,3300,4.583333333333333,6.199841022491455
3000,6,500.0,0,84000,3330,4.625,6.230668544769287
3000,6,500.0,0,84000,3360,4.666666666666667,6.199840068817139
3000,6,500.0,0,84000,3390,4.708333333333333,6.0778117179870605
3000,6,500.0,0,84000,3420,4.75,6.121578693389893
3000,6,500.0,0,84000,3450,4.791666666666667,6.083663463592529
3000,6,500.0,0,84000,3480,4.833333333333333,5.848886489868164
3000,6,500.0,0,84000,3510,4.875,5.8519816398620605
3000,6,500.0,0,84000,3540,4.916666666666667,5.86924409866333
3000,6,500.0,0,84000,3570,4.958333333333333,5.970587253570557
3000,6,500.0,0,84000,3600,5.0,5.9321184158325195
3000,6,500.0,1,84000,0,0.0,20.036903381347656
3000,6,500.0,1,84000,30,0.041666666666666664,19.298828125
3000,6,500.0,1,84000,60,0.08333333333333333,18.699739456176758
3000,6,500.0,1,84000,90,0.125,17.872983932495117
3000,6,500.0,1,84000,120,0.16666666666666666,16.689674377441406
3000,6,500.0,1,84000,150,0.20833333333333334,15.607381820678711
3000,6,500.0,1,84000,180,0.25,15.096878051757812
3000,6,500.0,1,84000,210,0.2916666666666667,16.02067756652832
3000,6,500.0,1,84000,240,0.3333333333333333,17.652124404907227
3000,6,500.0,1,84000,270,0.375,19.22072982788086
3000,6,500.0,1,84000,300,0.4166666666666667,20.63793182373047
3000,6,500.0,1,84000,330,0.4583333333333333,21.661020278930664
3000,6,500.0,1,84000,360,0.5,22.347501754760742
3000,6,500.0,1,84000,390,0.5416666666666666,22.9266414642334
3000,6,500.0,1,84000,420,0.5833333333333334,23.2540340423584
3000,6,500.0,1,84000,450,0.625,23.349973678588867
3000,6,500.0,1,84000,480,0.6666666666666666,23.050844192504883
3000,6,500.0,1,84000,510,0.7083333333333334,23.073835372924805
3000,6,500.0,1,84000,540,0.75,22.96595573425293
3000,6,500.0,1,84000,570,0.7916666666666666,23.27818489074707
3000,6,500.0,1,84000,600,0.8333333333333334,23.715166091918945
3000,6,500.0,1,84000,630,0.875,24.76073455810547
3000,6,500.0,1,84000,660,0.9166666666666666,25.4083194732666
3000,6,500.0,1,84000,690,0.9583333333333334,25.993473052978516
3000,6,500.0,1,84000,720,1.0,26.237112045288086
3000,6,500.0,1,84000,750,1.0416666666666667,26.212963104248047
3000,6,500.0,1,84000,780,1.0833333333333333,25.727312088012695
3000,6,500.0,1,84000,810,1.125,25.11245346069336
3000,6,500.0,1,84000,840,1.1666666666666667,24.021041870117188
3000,6,500.0,1,84000,870,1.2083333333333333,22.98927879333496
3000,6,500.0,1,84000,900,1.25,22.207979202270508
3000,6,500.0,1,84000,930,1.2916666666666667,21.716384887695312
3000,6,500.0,1,84000,960,1.3333333333333333,21.167692184448242
3000,6,500.0,1,84000,990,1.375,19.903385162353516
3000,6,500.0,1,84000,1020,1.4166666666666667,18.93092918395996
3000,6,500.0,1,84000,1050,1.4583333333333333,17.929494857788086
3000,6,500.0,1,84000,1080,1.5,16.97025489807129
3000,6,500.0,1,84000,1110,1.5416666666666667,15.956132888793945
3000,6,500.0,1,84000,1140,1.5833333333333333,15.791166305541992
3000,6,500.0,1,84000,1170,1.625,15.620155334472656
3000,6,500.0,1,84000,1200,1.6666666666666667,15.894046783447266
3000,6,500.0,1,84000,1230,1.7083333333333333,16.106225967407227
3000,6,500.0,1,84000,1260,1.75,15.976700782775879
3000,6,500.0,1,84000,1290,1.7916666666666667,15.414687156677246
3000,6,500.0,1,84000,1320,1.8333333333333333,14.941441535949707
3000,6,500.0,1,84000,1350,1.875,14.10660171508789
3000,6,500.0,1,84000,1380,1.9166666666666667,13.783772468566895
3000,6,500.0,1,84000,1410,1.9583333333333333,13.421836853027344
3000,6,500.0,1,84000,1440,2.0,13.14187240600586
3000,6,500.0,1,84000,1470,2.0416666666666665,12.757783889770508
3000,6,500.0,1,84000,1500,2.0833333333333335,12.624485969543457
3000,6,500.0,1,84000,1530,2.125,12.496952056884766
3000,6,500.0,1,84000,1560,2.1666666666666665,12.171881675720215
3000,6,500.0,1,84000,1590,2.2083333333333335,11.603950500488281
3000,6,500.0,1,84000,1620,2.25,11.17628002166748
3000,6,500.0,1,84000,1650,2.2916666666666665,11.00388240814209
3000,6,500.0,1,84000,1680,2.3333333333333335,10.697278022766113
3000,6,500.0,1,84000,1710,2.375,10.441099166870117
3000,6,500.0,1,84000,1740,2.4166666666666665,10.368091583251953
3000,6,500.0,1,84000,1770,2.4583333333333335,10.075752258300781
3000,6,500.0,1,84000,1800,2.5,10.031790733337402
3000,6,500.0,1,84000,1830,2.5416666666666665,10.005719184875488
3000,6,500.0,1,84000,1860,2.5833333333333335,9.82387924194336
3000,6,500.0,1,84000,1890,2.625,9.798799514770508
3000,6,500.0,1,84000,1920,2.6666666666666665,9.531577110290527
3000,6,500.0,1,84000,1950,2.7083333333333335,9.338172912597656
3000,6,500.0,1,84000,1980,2.75,9.325916290283203
3000,6,500.0,1,84000,2010,2.7916666666666665,9.158010482788086
3000,6,500.0,1,84000,2040,2.8333333333333335,9.103987693786621
3000,6,500.0,1,84000,2070,2.875,8.977506637573242
3000,6,500.0,1,84000,2100,2.9166666666666665,8.880995750427246
3000,6,500.0,1,84000,2130,2.9583333333333335,8.543050765991211
3000,6,500.0,1,84000,2160,3.0,8.165095329284668
3000,6,500.0,1,84000,2190,3.0416666666666665,8.19140911102295
3000,6,500.0,1,84000,2220,3.0833333333333335,7.944800853729248
3000,6,500.0,1,84000,2250,3.125,7.907258987426758
3000,6,500.0,1,84000,2280,3.1666666666666665,7.879281044006348
3000,6,500.0,1,84000,2310,3.2083333333333335,7.928131580352783
3000,6,500.0,1,84000,2340,3.25,7.915416717529297
3000,6,500.0,1,84000,2370,3.2916666666666665,8.051642417907715
3000,6,500.0,1,84000,2400,3.3333333333333335,8.024441719055176
3000,6,500.0,1,84000,2430,3.375,7.979755401611328
3000,6,500.0,1,84000,2460,3.4166666666666665,7.916397571563721
3000,6,500.0,1,84000,2490,3.4583333333333335,7.824638843536377
3000,6,500.0,1,84000,2520,3.5,7.831493377685547
3000,6,500.0,1,84000,2550,3.5416666666666665,7.7921061515808105
3000,6,500.0,1,84000,2580,3.5833333333333335,7.8279218673706055
3000,6,500.0,1,84000,2610,3.625,7.745141983032227
3000,6,500.0,1,84000,2640,3.6666666666666665,7.895423412322998
3000,6,500.0,1,84000,2670,3.7083333333333335,7.848504543304443
3000,6,500.0,1,84000,2700,3.75,7.832220077514648
3000,6,500.0,1,84000,2730,3.7916666666666665,7.640988826751709
3000,6,500.0,1,84000,2760,3.8333333333333335,7.567575454711914
3000,6,500.0,1,84000,2790,3.875,7.555016040802002
3000,6,500.0,1,84000,2820,3.9166666666666665,7.468996047973633
3000,6,500.0,1,84000,2850,3.9583333333333335,7.376346588134766
3000,6,500.0,1,84000,2880,4.0,7.262282371520996
3000,6,500.0,1,84000,2910,4.041666666666667,7.293067932128906
3000,6,500.0,1,84000,2940,4.083333333333333,7.2486772537231445
3000,6,500.0,1,84000,2970,4.125,7.168997287750244
3000,6,500.0,1,84000,3000,4.166666666666667,7.187740325927734
3000,6,500.0,1,84000,3030,4.208333333333333,7.005349159240723
3000,6,500.0,1,84000,3060,4.25,7.0270304679870605
3000,6,500.0,1,84000,3090,4.291666666666667,7.036269664764404
3000,6,500.0,1,84000,3120,4.333333333333333,7.016175270080566
3000,6,500.0,1,84000,3150,4.375,7.042050361633301
3000,6,500.0,1,84000,3180,4.416666666666667,7.021583557128906
3000,6,500.0,1,84000,3210,4.458333333333333,6.9787774085998535
3000,6,500.0,1,84000,3240,4.5,6.996814250946045
3000,6,500.0,1,84000,3270,4.541666666666667,6.947119235992432
3000,6,500.0,1,84000,3300,4.583333333333333,6.772521495819092
3000,6,500.0,1,84000,3330,4.625,6.794127464294434
3000,6,500.0,1,84000,3360,4.666666666666667,6.790719985961914
3000,6,500.0,1,84000,3390,4.708333333333333,6.613887786865234
3000,6,500.0,1,84000,3420,4.75,6.614054203033447
3000,6,500.0,1,84000,3450,4.791666666666667,6.521734237670898
3000,6,500.0,1,84000,3480,4.833333333333333,6.443514347076416
3000,6,500.0,1,84000,3510,4.875,6.344254493713379
3000,6,500.0,1,84000,3540,4.916666666666667,6.358996868133545
3000,6,500.0,1,84000,3570,4.958333333333333,6.370601654052734
3000,6,500.0,1,84000,3600,5.0,6.487270832061768
3000,6,500.0,2,84000,0,0.0,19.949281692504883
3000,6,500.0,2,84000,30,0.041666666666666664,19.20543670654297
3000,6,500.0,2,84000,60,0.08333333333333333,18.526453018188477
3000,6,500.0,2,84000,90,0.125,17.64322853088379
3000,6,500.0,2,84000,120,0.16666666666666666,16.542831420898438
3000,6,500.0,2,84000,150,0.20833333333333334,15.487105369567871
3000,6,500.0,2,84000,180,0.25,15.026820182800293
3000,6,500.0,2,84000,210,0.2916666666666667,15.929474830627441
3000,6,500.0,2,84000,240,0.3333333333333333,17.457265853881836
3000,6,500.0,2,84000,270,0.375,19.160593032836914
3000,6,500.0,2,84000,300,0.4166666666666667,20.513744354248047
3000,6,500.0,2,84000,330,0.4583333333333333,21.785066604614258
3000,6,500.0,2,84000,360,0.5,22.689233779907227
3000,6,500.0,2,84000,390,0.5416666666666666,23.190921783447266
3000,6,500.0,2,84000,420,0.5833333333333334,23.17768669128418
3000,6,500.0,2,84000,450,0.625,23.35468292236328
3000,6,500.0,2,84000,480,0.6666666666666666,22.881546020507812
3000,6,500.0,2,84000,510,0.7083333333333334,22.71988868713379
3000,6,500.0,2,84000,540,0.75,22.549362182617188
3000,6,500.0,2,84000,570,0.7916666666666666,23.187328338623047
3000,6,500.0,2,84000,600,0.8333333333333334,23.869789123535156
3000,6,500.0,2,84000,630,0.875,24.700687408447266
3000,6,500.0,2,84000,660,0.9166666666666666,25.232192993164062
3000,6,500.0,2,84000,690,0.9583333333333334,25.672958374023438
3000,6,500.0,2,84000,720,1.0,25.992223739624023
3000,6,500.0,2,84000,750,1.0416666666666667,26.025880813598633
3000,6,500.0,2,84000,780,1.0833333333333333,25.350452423095703
3000,6,500.0,2,84000,810,1.125,24.623838424682617
3000,6,500.0,2,84000,840,1.1666666666666667,23.835758209228516
3000,6,500.0,2,84000,870,1.2083333333333333,22.707843780517578
3000,6,500.0,2,84000,900,1.25,21.850858688354492
3000,6,500.0,2,84000,930,1.2916666666666667,21.391632080078125
3000,6,500.0,2,84000,960,1.3333333333333333,20.521841049194336
3000,6,500.0,2,84000,990,1.375,19.516931533813477
3000,6,500.0,2,84000,1020,1.4166666666666667,18.830835342407227
3000,6,500.0,2,84000,1050,1.4583333333333333,17.818849563598633
3000,6,500.0,2,84000,1080,1.5,16.239952087402344
3000,6,500.0,2,84000,1110,1.5416666666666667,15.595834732055664
3000,6,500.0,2,84000,1140,1.5833333333333333,15.109065055847168
3000,6,500.0,2,84000,1170,1.625,15.1351318359375
3000,6,500.0,2,84000,1200,1.6666666666666667,15.334177017211914
3000,6,500.0,2,84000,1230,1.7083333333333333,15.284116744995117
3000,6,500.0,2,84000,1260,1.75,15.092185020446777
3000,6,500.0,2,84000,1290,1.7916666666666667,14.822726249694824
3000,6,500.0,2,84000,1320,1.8333333333333333,14.349267959594727
3000,6,500.0,2,84000,1350,1.875,13.872682571411133
3000,6,500.0,2,84000,1380,1.9166666666666667,13.38429069519043
3000,6,500.0,2,84000,1410,1.9583333333333333,12.596113204956055
3000,6,500.0,2,84000,1440,2.0,12.179837226867676
3000,6,500.0,2,84000,1470,2.0416666666666665,12.106608390808105
3000,6,500.0,2,84000,1500,2.0833333333333335,11.97950553894043
3000,6,500.0,2,84000,1530,2.125,11.812005043029785
3000,6,500.0,2,84000,1560,2.1666666666666665,11.296921730041504
3000,6,500.0,2,84000,1590,2.2083333333333335,11.136849403381348
3000,6,500.0,2,84000,1620,2.25,10.774316787719727
3000,6,500.0,2,84000,1650,2.2916666666666665,10.304040908813477
3000,6,500.0,2,84000,1680,2.3333333333333335,10.031366348266602
3000,6,500.0,2,84000,1710,2.375,9.796652793884277
3000,6,500.0,2,84000,1740,2.4166666666666665,9.503925323486328
3000,6,500.0,2,84000,1770,2.4583333333333335,9.21541976928711
3000,6,500.0,2,84000,1800,2.5,9.182300567626953
3000,6,500.0,2,84000,1830,2.5416666666666665,9.280272483825684
3000,6,500.0,2,84000,1860,2.5833333333333335,9.177872657775879
3000,6,500.0,2,84000,1890,2.625,9.083311080932617
3000,6,500.0,2,84000,1920,2.6666666666666665,8.938279151916504
3000,6,500.0,2,84000,1950,2.7083333333333335,8.883527755737305
3000,6,500.0,2,84000,1980,2.75,8.670639038085938
3000,6,500.0,2,84000,2010,2.7916666666666665,8.607431411743164
3000,6,500.0,2,84000,2040,2.8333333333333335,8.46094799041748
3000,6,500.0,2,84000,2070,2.875,8.299620628356934
3000,6,500.0,2,84000,2100,2.9166666666666665,8.368310928344727
3000,6,500.0,2,84000,2130,2.9583333333333335,8.063436508178711
3000,6,500.0,2,84000,2160,3.0,7.812876224517822
3000,6,500.0,2,84000,2190,3.0416666666666665,7.713756561279297
3000,6,500.0,2,84000,2220,3.0833333333333335,7.610052108764648
3000,6,500.0,2,84000,2250,3.125,7.7175679206848145
3000,6,500.0,2,84000,2280,3.1666666666666665,7.7689361572265625
3000,6,500.0,2,84000,2310,3.2083333333333335,7.60358190536499
3000,6,500.0,2,84000,2340,3.25,7.682492256164551
3000,6,500.0,2,84000,2370,3.2916666666666665,7.576277256011963
3000,6,500.0,2,84000,2400,3.3333333333333335,7.549323081970215
3000,6,500.0,2,84000,2430,3.375,7.451296806335449
3000,6,500.0,2,84000,2460,3.4166666666666665,7.421708106994629
3000,6,500.0,2,84000,2490,3.4583333333333335,7.544681549072266
3000,6,500.0,2,84000,2520,3.5,7.490645885467529
3000,6,500.0,2,84000,2550,3.5416666666666665,7.463230609893799
3000,6,500.0,2,84000,2580,3.5833333333333335,7.466967582702637
3000,6,500.0,2,84000,2610,3.625,7.46026611328125
3000,6,500.0,2,84000,2640,3.6666666666666665,7.468231678009033
3000,6,500.0,2,84000,2670,3.7083333333333335,7.497820854187012
3000,6,500.0,2,84000,2700,3.75,7.435574054718018
3000,6,500.0,2,84000,2730,3.7916666666666665,7.327503681182861
3000,6,500.0,2,84000,2760,3.8333333333333335,7.202107906341553
3000,6,500.0,2,84000,2790,3.875,7.194963455200195
3000,6,500.0,2,84000,2820,3.9166666666666665,7.187633037567139
3000,6,500.0,2,84000,2850,3.9583333333333335,7.162720203399658
3000,6,500.0,2,84000,2880,4.0,7.036006450653076
3000,6,500.0,2,84000,2910,4.041666666666667,6.8456549644470215
3000,6,500.0,2,84000,2940,4.083333333333333,6.86651086807251
3000,6,500.0,2,84000,2970,4.125,6.810841083526611
3000,6,500.0,2,84000,3000,4.166666666666667,6.755592346191406
3000,6,500.0,2,84000,3030,4.208333333333333,6.748074054718018
3000,6,500.0,2,84000,3060,4.25,6.624105453491211
3000,6,500.0,2,84000,3090,4.291666666666667,6.572157382965088
3000,6,500.0,2,84000,3120,4.333333333333333,6.524427890777588
3000,6,500.0,2,84000,3150,4.375,6.523561000823975
3000,6,500.0,2,84000,3180,4.416666666666667,6.558635234832764
3000,6,500.0,2,84000,3210,4.458333333333333,6.450456142425537
3000,6,500.0,2,84000,3240,4.5,6.511756420135498
3000,6,500.0,2,84000,3270,4.541666666666667,6.557175159454346
3000,6,500.0,2,84000,3300,4.583333333333333,6.466063976287842
3000,6,500.0,2,84000,3330,4.625,6.501770973205566
3000,6,500.0,2,84000,3360,4.666666666666667,6.440855503082275
3000,6,500.0,2,84000,3390,4.708333333333333,6.426346302032471
3000,6,500.0,2,84000,3420,4.75,6.32612943649292
3000,6,500.0,2,84000,3450,4.791666666666667,6.316112041473389
3000,6,500.0,2,84000,3480,4.833333333333333,6.172820091247559
3000,6,500.0,2,84000,3510,4.875,6.185985565185547
3000,6,500.0,2,84000,3540,4.916666666666667,6.207335948944092
3000,6,500.0,2,84000,3570,4.958333333333333,6.2278265953063965
3000,6,500.0,2,84000,3600,5.0,6.286296367645264
3000,6,500.0,3,84001,0,0.0,20.14867401123047
3000,6,500.0,3,84001,30,0.041666666666666664,19.32779312133789
3000,6,500.0,3,84001,60,0.08333333333333333,18.651294708251953
3000,6,500.0,3,84001,90,0.125,17.854515075683594
3000,6,500.0,3,84001,120,0.16666666666666666,16.759206771850586
3000,6,500.0,3,84001,150,0.20833333333333334,15.675580978393555
3000,6,500.0,3,84001,180,0.25,15.22922420501709
3000,6,500.0,3,84001,210,0.2916666666666667,16.013769149780273
3000,6,500.0,3,84001,240,0.3333333333333333,17.622360229492188
3000,6,500.0,3,84001,270,0.375,19.190385818481445
3000,6,500.0,3,84001,300,0.4166666666666667,20.595130920410156
3000,6,500.0,3,84001,330,0.4583333333333333,21.734821319580078
3000,6,500.0,3,84001,360,0.5,22.618234634399414
3000,6,500.0,3,84001,390,0.5416666666666666,23.285011291503906
3000,6,500.0,3,84001,420,0.5833333333333334,23.348026275634766
3000,6,500.0,3,84001,450,0.625,22.901582717895508
3000,6,500.0,3,84001,480,0.6666666666666666,22.58149528503418
3000,6,500.0,3,84001,510,0.7083333333333334,22.638137817382812
3000,6,500.0,3,84001,540,0.75,22.758255004882812
3000,6,500.0,3,84001,570,0.7916666666666666,23.06481170654297
3000,6,500.0,3,84001,600,0.8333333333333334,23.94083023071289
3000,6,500.0,3,84001,630,0.875,24.663227081298828
3000,6,500.0,3,84001,660,0.9166666666666666,25.37601089477539
3000,6,500.0,3,84001,690,0.9583333333333334,25.79157257080078
3000,6,500.0,3,84001,720,1.0,26.05973243713379
3000,6,500.0,3,84001,750,1.0416666666666667,25.793807983398438
3000,6,500.0,3,84001,780,1.0833333333333333,25.229934692382812
3000,6,500.0,3,84001,810,1.125,24.312314987182617
3000,6,500.0,3,84001,840,1.1666666666666667,23.1225643157959
3000,6,500.0,3,84001,870,1.2083333333333333,22.03497886657715
3000,6,500.0,3,84001,900,1.25,21.06351089477539
3000,6,500.0,3,84001,930,1.2916666666666667,20.857664108276367
3000,6,500.0,3,84001,960,1.3333333333333333,19.94093132019043
3000,6,500.0,3,84001,990,1.375,19.060020446777344
3000,6,500.0,3,84001,1020,1.4166666666666667,17.959577560424805
3000,6,500.0,3,84001,1050,1.4583333333333333,16.6219482421875
3000,6,500.0,3,84001,1080,1.5,15.415120124816895
3000,6,500.0,3,84001,1110,1.5416666666666667,14.61050796508789
3000,6,500.0,3,84001,1140,1.5833333333333333,14.177492141723633
3000,6,500.0,3,84001,1170,1.625,14.321550369262695
3000,6,500.0,3,84001,1200,1.6666666666666667,14.202768325805664
3000,6,500.0,3,84001,1230,1.7083333333333333,14.070536613464355
3000,6,500.0,3,84001,1260,1.75,13.948567390441895
3000,6,500.0,3,84001,1290,1.7916666666666667,13.877904891967773
3000,6,500.0,3,84001,1320,1.8333333333333333,13.428742408752441
3000,6,500.0,3,84001,1350,1.875,13.015015602111816
3000,6,500.0,3,84001,1380,1.9166666666666667,12.631744384765625
3000,6,500.0,3,84001,1410,1.9583333333333333,12.013689994812012
3000,6,500.0,3,84001,1440,2.0,11.761674880981445
3000,6,500.0,3,84001,1470,2.0416666666666665,11.625630378723145
3000,6,500.0,3,84001,1500,2.0833333333333335,11.551593780517578
3000,6,500.0,3,84001,1530,2.125,11.177421569824219
3000,6,500.0,3,84001,1560,2.1666666666666665,10.887385368347168
3000,6,500.0,3,84001,1590,2.2083333333333335,10.612005233764648
3000,6,500.0,3,84001,1620,2.25,10.227952003479004
3000,6,500.0,3,84001,1650,2.2916666666666665,9.966188430786133
3000,6,500.0,3,84001,1680,2.3333333333333335,9.600566864013672
3000,6,500.0,3,84001,1710,2.375,9.53314208984375
3000,6,500.0,3,84001,1740,2.4166666666666665,9.306533813476562
3000,6,500.0,3,84001,1770,2.4583333333333335,9.203399658203125
3000,6,500.0,3,84001,1800,2.5,9.06726360321045
3000,6,500.0,3,84001,1830,2.5416666666666665,8.935460090637207
3000,6,500.0,3,84001,1860,2.5833333333333335,8.809048652648926
3000,6,500.0,3,84001,1890,2.625,8.792855262756348
3000,6,500.0,3,84001,1920,2.6666666666666665,8.659510612487793
3000,6,500.0,3,84001,1950,2.7083333333333335,8.520248413085938
3000,6,500.0,3,84001,1980,2.75,8.420517921447754
3000,6,500.0,3,84001,2010,2.7916666666666665,8.231481552124023
3000,6,500.0,3,84001,2040,2.8333333333333335,8.204350471496582
3000,6,500.0,3,84001,2070,2.875,8.148045539855957
3000,6,500.0,3,84001,2100,2.9166666666666665,7.997514247894287
3000,6,500.0,3,84001,2130,2.9583333333333335,7.838352680206299
3000,6,500.0,3,84001,2160,3.0,7.767200469970703
3000,6,500.0,3,84001,2190,3.0416666666666665,7.587652206420898
3000,6,500.0,3,84001,2220,3.0833333333333335,7.424194812774658
3000,6,500.0,3,84001,2250,3.125,7.519899845123291
3000,6,500.0,3,84001,2280,3.1666666666666665,7.457483291625977
3000,6,500.0,3,84001,2310,3.2083333333333335,7.427384853363037
3000,6,500.0,3,84001,2340,3.25,7.532743453979492
3000,6,500.0,3,84001,2370,3.2916666666666665,7.3988237380981445
3000,6,500.0,3,84001,2400,3.3333333333333335,7.492825031280518
3000,6,500.0,3,84001,2430,3.375,7.489840030670166
3000,6,500.0,3,84001,2460,3.4166666666666665,7.452369213104248
3000,6,500.0,3,84001,2490,3.4583333333333335,7.377787113189697
3000,6,500.0,3,84001,2520,3.5,7.400615692138672
3000,6,500.0,3,84001,2550,3.5416666666666665,7.300198078155518
3000,6,500.0,3,84001,2580,3.5833333333333335,7.394665241241455
3000,6,500.0,3,84001,2610,3.625,7.414844989776611
3000,6,500.0,3,84001,2640,3.6666666666666665,7.437484264373779
3000,6,500.0,3,84001,2670,3.7083333333333335,7.4460768699646
3000,6,500.0,3,84001,2700,3.75,7.370737075805664
3000,6,500.0,3,84001,2730,3.7916666666666665,7.191311359405518
3000,6,500.0,3,84001,2760,3.8333333333333335,7.115825653076172
3000,6,500.0,3,84001,2790,3.875,7.026755332946777
3000,6,500.0,3,84001,2820,3.9166666666666665,6.858673095703125
3000,6,500.0,3,84001,2850,3.9583333333333335,6.801460266113281
3000,6,500.0,3,84001,2880,4.0,6.763695240020752
3000,6,500.0,3,84001,2910,4.041666666666667,6.655452251434326
3000,6,500.0,3,84001,2940,4.083333333333333,6.513071537017822
3000,6,500.0,3,84001,2970,4.125,6.447860240936279
3000,6,500.0,3,84001,3000,4.166666666666667,6.510235786437988
3000,6,500.0,3,84001,3030,4.208333333333333,6.416191577911377
3000,6,500.0,3,84001,3060,4.25,6.323768138885498
3000,6,500.0,3,84001,3090,4.291666666666667,6.375873565673828
3000,6,500.0,3,84001,3120,4.333333333333333,6.314352035522461
3000,6,500.0,3,84001,3150,4.375,6.392434120178223
3000,6,500.0,3,84001,3180,4.416666666666667,6.356685638427734
3000,6,500.0,3,84001,3210,4.458333333333333,6.376794815063477
3000,6,500.0,3,84001,3240,4.5,6.350285053253174
3000,6,500.0,3,84001,3270,4.541666666666667,6.398148536682129
3000,6,500.0,3,84001,3300,4.583333333333333,6.4105610847473145
3000,6,500.0,3,84001,3330,4.625,6.242613315582275
3000,6,500.0,3,84001,3360,4.666666666666667,6.254822731018066
3000,6,500.0,3,84001,3390,4.708333333333333,6.112436294555664
3000,6,500.0,3,84001,3420,4.75,6.10019063949585
3000,6,500.0,3,84001,3450,4.791666666666667,6.048010349273682
3000,6,500.0,3,84001,3480,4.833333333333333,5.969191551208496
3000,6,500.0,3,84001,3510,4.875,5.999101638793945
3000,6,500.0,3,84001,3540,4.916666666666667,6.001452922821045
3000,6,500.0,3,84001,3570,4.958333333333333,5.912361145019531
3000,6,500.0,3,84001,3600,5.0,6.017143249511719
3000,6,500.0,4,84001,0,0.0,20.0920467376709
3000,6,500.0,4,84001,30,0.041666666666666664,19.29339027404785
3000,6,500.0,4,84001,60,0.08333333333333333,18.687301635742188
3000,6,500.0,4,84001,90,0.125,17.814733505249023
3000,6,500.0,4,84001,120,0.16666666666666666,16.71372413635254
3000,6,500.0,4,84001,150,0.20833333333333334,15.651598930358887
3000,6,500.0,4,84001,180,0.25,15.13784122467041
3000,6,500.0,4,84001,210,0.2916666666666667,16.013347625732422
3000,6,500.0,4,84001,240,0.3333333333333333,17.65930938720703
3000,6,500.0,4,84001,270,0.375,19.312345504760742
3000,6,500.0,4,84001,300,0.4166666666666667,20.68863296508789
3000,6,500.0,4,84001,330,0.4583333333333333,21.811525344848633
3000,6,500.0,4,84001,360,0.5,22.786968231201172
3000,6,500.0,4,84001,390,0.5416666666666666,23.402578353881836
3000,6,500.0,4,84001,420,0.5833333333333334,23.507198333740234
3000,6,500.0,4,84001,450,0.625,23.118497848510742
3000,6,500.0,4,84001,480,0.6666666666666666,22.999370574951172
3000,6,500.0,4,84001,510,0.7083333333333334,22.63034439086914
3000,6,500.0,4,84001,540,0.75,23.090885162353516
3000,6,500.0,4,84001,570,0.7916666666666666,23.265886306762695
3000,6,500.0,4,84001,600,0.8333333333333334,24.12946319580078
3000,6,500.0,4,84001,630,0.875,25.040494918823242
3000,6,500.0,4,84001,660,0.9166666666666666,25.755615234375
3000,6,500.0,4,84001,690,0.9583333333333334,26.279605865478516
3000,6,500.0,4,84001,720,1.0,26.429603576660156
3000,6,500.0,4,84001,750,1.0416666666666667,26.27788543701172
3000,6,500.0,4,84001,780,1.0833333333333333,25.786964416503906
3000,6,500.0,4,84001,810,1.125,24.802072525024414
3000,6,500.0,4,84001,840,1.1666666666666667,23.85295867919922
3000,6,500.0,4,84001,870,1.2083333333333333,23.067655563354492
3000,6,500.0,4,84001,900,1.25,22.455760955810547
3000,6,500.0,4,84001,930,1.2916666666666667,21.716556549072266
3000,6,500.0,4,84001,960,1.3333333333333333,21.050085067749023
3000,6,500.0,4,84001,990,1.375,20.062345504760742
3000,6,500.0,4,84001,1020,1.4166666666666667,18.617095947265625
3000,6,500.0,4,84001,1050,1.4583333333333333,17.39889907836914
3000,6,500.0,4,84001,1080,1.5,16.082660675048828
3000,6,500.0,4,84001,1110,1.5416666666666667,15.193944931030273
3000,6,500.0,4,84001,1140,1.5833333333333333,14.893566131591797
3000,6,500.0,4,84001,1170,1.625,14.9800443649292
3000,6,500.0,4,84001,1200,1.6666666666666667,15.160760879516602
3000,6,500.0,4,84001,1230,1.7083333333333333,15.160577774047852
3000,6,500.0,4,84001,1260,1.75,14.706997871398926
3000,6,500.0,4,84001,1290,1.7916666666666667,14.513165473937988
3000,6,500.0,4,84001,1320,1.8333333333333333,14.144330978393555
3000,6,500.0,4,84001,1350,1.875,13.718514442443848
3000,6,500.0,4,84001,1380,1.9166666666666667,13.18679428100586
3000,6,500.0,4,84001,1410,1.9583333333333333,12.56865119934082
3000,6,500.0,4,84001,1440,2.0,12.287822723388672
3000,6,500.0,4,84001,1470,2.0416666666666665,11.887499809265137
3000,6,500.0,4,84001,1500,2.0833333333333335,11.828093528747559
3000,6,500.0,4,84001,1530,2.125,11.69156551361084
3000,6,500.0,4,84001,1560,2.1666666666666665,11.305267333984375
3000,6,500.0,4,84001,1590,2.2083333333333335,10.872867584228516
3000,6,500.0,4,84001,1620,2.25,10.337715148925781
3000,6,500.0,4,84001,1650,2.2916666666666665,10.150761604309082
3000,6,500.0,4,84001,1680,2.3333333333333335,9.658620834350586
3000,6,500.0,4,84001,1710,2.375,9.217994689941406
3000,6,500.0,4,84001,1740,2.4166666666666665,9.171326637268066
3000,6,500.0,4,84001,1770,2.4583333333333335,9.032346725463867
3000,6,500.0,4,84001,1800,2.5,9.075136184692383
3000,6,500.0,4,84001,1830,2.5416666666666665,9.002896308898926
3000,6,500.0,4,84001,1860,2.5833333333333335,8.845365524291992
3000,6,500.0,4,84001,1890,2.625,8.727243423461914
3000,6,500.0,4,84001,1920,2.6666666666666665,8.613212585449219
3000,6,500.0,4,84001,1950,2.7083333333333335,8.516377449035645
3000,6,500.0,4,84001,1980,2.75,8.501325607299805
3000,6,500.0,4,84001,2010,2.7916666666666665,8.291193962097168
3000,6,500.0,4,84001,2040,2.8333333333333335,8.141791343688965
3000,6,500.0,4,84001,2070,2.875,8.16302490234375
3000,6,500.0,4,84001,2100,2.9166666666666665,7.921003818511963
3000,6,500.0,4,84001,2130,2.9583333333333335,7.666853427886963
3000,6,500.0,4,84001,2160,3.0,7.719364166259766
3000,6,500.0,4,84001,2190,3.0416666666666665,7.698644638061523
3000,6,500.0,4,84001,2220,3.0833333333333335,7.667397975921631
3000,6,500.0,4,84001,2250,3.125,7.526183128356934
3000,6,500.0,4,84001,2280,3.1666666666666665,7.491799354553223
3000,6,500.0,4,84001,2310,3.2083333333333335,7.428221225738525
3000,6,500.0,4,84001,2340,3.25,7.403347492218018
3000,6,500.0,4,84001,2370,3.2916666666666665,7.452305793762207
3000,6,500.0,4,84001,2400,3.3333333333333335,7.550111293792725
3000,6,500.0,4,84001,2430,3.375,7.475236415863037
3000,6,500.0,4,84001,2460,3.4166666666666665,7.514352798461914
3000,6,500.0,4,84001,2490,3.4583333333333335,7.437571048736572
3000,6,500.0,4,84001,2520,3.5,7.512266159057617
3000,6,500.0,4,84001,2550,3.5416666666666665,7.516484260559082
3000,6,500.0,4,84001,2580,3.5833333333333335,7.518868446350098
3000,6,500.0,4,84001,2610,3.625,7.477666854858398
3000,6,500.0,4,84001,2640,3.6666666666666665,7.563320159912109
3000,6,500.0,4,84001,2670,3.7083333333333335,7.504769325256348
3000,6,500.0,4,84001,2700,3.75,7.5383734703063965
3000,6,500.0,4,84001,2730,3.7916666666666665,7.344776630401611
3000,6,500.0,4,84001,2760,3.8333333333333335,7.2831549644470215
3000,6,500.0,4,84001,2790,3.875,7.028816223144531
3000,6,500.0,4,84001,2820,3.9166666666666665,6.957093715667725
3000,6,500.0,4,84001,2850,3.9583333333333335,6.903936386108398
3000,6,500.0,4,84001,2880,4.0,6.887223720550537
3000,6,500.0,4,84001,2910,4.041666666666667,6.780362129211426
3000,6,500.0,4,84001,2940,4.083333333333333,6.71078634262085
3000,6,500.0,4,84001,2970,4.125,6.7078633308410645
3000,6,500.0,4,84001,3000,4.166666666666667,6.596462726593018
3000,6,500.0,4,84001,3030,4.208333333333333,6.752460956573486
3000,6,500.0,4,84001,3060,4.25,6.690806865692139
3000,6,500.0,4,84001,3090,4.291666666666667,6.6561784744262695
3000,6,500.0,4,84001,3120,4.333333333333333,6.685126304626465
3000,6,500.0,4,84001,3150,4.375,6.655280113220215
3000,6,500.0,4,84001,3180,4.416666666666667,6.585720062255859
3000,6,500.0,4,84001,3210,4.458333333333333,6.565573692321777
3000,6,500.0,4,84001,3240,4.5,6.508571147918701
3000,6,500.0,4,84001,3270,4.541666666666667,6.461416721343994
3000,6,500.0,4,84001,3300,4.583333333333333,6.322732925415039
3000,6,500.0,4,84001,3330,4.625,6.334753036499023
3000,6,500.0,4,84001,3360,4.666666666666667,6.184677600860596
3000,6,500.0,4,84001,3390,4.708333333333333,6.100058555603027
3000,6,500.0,4,84001,3420,4.75,6.055139541625977
3000,6,500.0,4,84001,3450,4.791666666666667,6.053349494934082
3000,6,500.0,4,84001,3480,4.833333333333333,5.929430961608887
3000,6,500.0,4,84001,3510,4.875,5.963253974914551
3000,6,500.0,4,84001,3540,4.916666666666667,6.012392520904541
3000,6,500.0,4,84001,3570,4.958333333333333,6.063665390014648
3000,6,500.0,4,84001,3600,5.0,6.1189141273498535
3000,6,500.0,5,84001,0,0.0,20.057132720947266
3000,6,500.0,5,84001,30,0.041666666666666664,19.224531173706055
3000,6,500.0,5,84001,60,0.08333333333333333,18.558887481689453
3000,6,500.0,5,84001,90,0.125,17.6981201171875
3000,6,500.0,5,84001,120,0.16666666666666666,16.5937557220459
3000,6,500.0,5,84001,150,0.20833333333333334,15.480106353759766
3000,6,500.0,5,84001,180,0.25,15.040623664855957
3000,6,500.0,5,84001,210,0.2916666666666667,15.885909080505371
3000,6,500.0,5,84001,240,0.3333333333333333,17.591026306152344
3000,6,500.0,5,84001,270,0.375,19.1710262298584
3000,6,500.0,5,84001,300,0.4166666666666667,20.658403396606445
3000,6,500.0,5,84001,330,0.4583333333333333,21.846479415893555
3000,6,500.0,5,84001,360,0.5,22.934240341186523
3000,6,500.0,5,84001,390,0.5416666666666666,23.350088119506836
3000,6,500.0,5,84001,420,0.5833333333333334,23.65758514404297
3000,6,500.0,5,84001,450,0.625,23.608129501342773
3000,6,500.0,5,84001,480,0.6666666666666666,23.304336547851562
3000,6,500.0,5,84001,510,0.7083333333333334,23.439865112304688
3000,6,500.0,5,84001,540,0.75,23.26940155029297
3000,6,500.0,5,84001,570,0.7916666666666666,23.57630729675293
3000,6,500.0,5,84001,600,0.8333333333333334,24.245521545410156
3000,6,500.0,5,84001,630,0.875,25.043771743774414
3000,6,500.0,5,84001,660,0.9166666666666666,25.72173500061035
3000,6,500.0,5,84001,690,0.9583333333333334,26.22653579711914
3000,6,500.0,5,84001,720,1.0,26.300077438354492
3000,6,500.0,5,84001,750,1.0416666666666667,26.024627685546875
3000,6,500.0,5,84001,780,1.0833333333333333,25.76154899597168
3000,6,500.0,5,84001,810,1.125,25.083606719970703
3000,6,500.0,5,84001,840,1.1666666666666667,23.99258041381836
3000,6,500.0,5,84001,870,1.2083333333333333,23.000511169433594
3000,6,500.0,5,84001,900,1.25,22.260740280151367
3000,6,500.0,5,84001,930,1.2916666666666667,22.03976058959961
3000,6,500.0,5,84001,960,1.3333333333333333,21.525901794433594
3000,6,500.0,5,84001,990,1.375,20.388587951660156
3000,6,500.0,5,84001,1020,1.4166666666666667,19.187726974487305
3000,6,500.0,5,84001,1050,1.4583333333333333,18.18614387512207
3000,6,500.0,5,84001,1080,1.5,17.05337142944336
3000,6,500.0,5,84001,1110,1.5416666666666667,16.199045181274414
3000,6,500.0,5,84001,1140,1.5833333333333333,15.695130348205566
3000,6,500.0,5,84001,1170,1.625,15.749187469482422
3000,6,500.0,5,84001,1200,1.6666666666666667,15.684893608093262
3000,6,500.0,5,84001,1230,1.7083333333333333,15.72739028930664
3000,6,500.0,5,84001,1260,1.75,15.53012752532959
3000,6,500.0,5,84001,1290,1.7916666666666667,15.159499168395996
3000,6,500.0,5,84001,1320,1.8333333333333333,14.79365348815918
3000,6,500.0,5,84001,1350,1.875,14.256525993347168
3000,6,500.0,5,84001,1380,1.9166666666666667,13.6283597946167
3000,6,500.0,5,84001,1410,1.9583333333333333,13.137983322143555
3000,6,500.0,5,84001,1440,2.0,12.69797134399414
3000,6,500.0,5,84001,1470,2.0416666666666665,12.549861907958984
3000,6,500.0,5,84001,1500,2.0833333333333335,12.216601371765137
3000,6,500.0,5,84001,1530,2.125,12.138174057006836
3000,6,500.0,5,84001,1560,2.1666666666666665,11.546521186828613
3000,6,500.0,5,84001,1590,2.2083333333333335,11.22850227355957
3000,6,500.0,5,84001,1620,2.25,11.07629680633545
3000,6,500.0,5,84001,1650,2.2916666666666665,10.8325777053833
3000,6,500.0,5,84001,1680,2.3333333333333335,10.481943130493164
3000,6,500.0,5,84001,1710,2.375,10.054750442504883
3000,6,500.0,5,84001,1740,2.4166666666666665,9.892866134643555
3000,6,500.0,5,84001,1770,2.4583333333333335,9.817996978759766
3000,6,500.0,5,84001,1800,2.5,9.785265922546387
3000,6,500.0,5,84001,1830,2.5416666666666665,9.677637100219727
3000,6,500.0,5,84001,1860,2.5833333333333335,9.631052017211914
3000,6,500.0,5,84001,1890,2.625,9.368630409240723
3000,6,500.0,5,84001,1920,2.6666666666666665,9.266797065734863
3000,6,500.0,5,84001,1950,2.7083333333333335,9.126479148864746
3000,6,500.0,5,84001,1980,2.75,8.958560943603516
3000,6,500.0,5,84001,2010,2.7916666666666665,8.754430770874023
3000,6,500.0,5,84001,2040,2.8333333333333335,8.586204528808594
3000,6,500.0,5,84001,2070,2.875,8.575993537902832
3000,6,500.0,5,84001,2100,2.9166666666666665,8.487405776977539
3000,6,500.0,5,84001,2130,2.9583333333333335,8.35953426361084
3000,6,500.0,5,84001,2160,3.0,8.274839401245117
3000,6,500.0,5,84001,2190,3.0416666666666665,8.277371406555176
3000,6,500.0,5,84001,2220,3.0833333333333335,8.223018646240234
3000,6,500.0,5,84001,2250,3.125,8.220743179321289
3000,6,500.0,5,84001,2280,3.1666666666666665,8.235355377197266
3000,6,500.0,5,84001,2310,3.2083333333333335,8.148385047912598
3000,6,500.0,5,84001,2340,3.25,8.117508888244629
3000,6,500.0,5,84001,2370,3.2916666666666665,8.082072257995605
3000,6,500.0,5,84001,2400,3.3333333333333335,8.057755470275879
3000,6,500.0,5,84001,2430,3.375,8.178792953491211
3000,6,500.0,5,84001,2460,3.4166666666666665,8.022903442382812
3000,6,500.0,5,84001,2490,3.4583333333333335,8.0189790725708
3000,6,500.0,5,84001,2520,3.5,7.933281421661377
3000,6,500.0,5,84001,2550,3.5416666666666665,7.919459819793701
3000,6,500.0,5,84001,2580,3.5833333333333335,7.947028636932373
3000,6,500.0,5,84001,2610,3.625,7.899609565734863
3000,6,500.0,5,84001,2640,3.6666666666666665,7.940744876861572
3000,6,500.0,5,84001,2670,3.7083333333333335,7.994233131408691
3000,6,500.0,5,84001,2700,3.75,7.95890474319458
3000,6,500.0,5,84001,2730,3.7916666666666665,7.760692596435547
3000,6,500.0,5,84001,2760,3.8333333333333335,7.671917915344238
3000,6,500.0,5,84001,2790,3.875,7.590053558349609
3000,6,500.0,5,84001,2820,3.9166666666666665,7.487147331237793
3000,6,500.0,5,84001,2850,3.9583333333333335,7.433152198791504
3000,6,500.0,5,84001,2880,4.0,7.201809883117676
3000,6,500.0,5,84001,2910,4.041666666666667,7.105859279632568
3000,6,500.0,5,84001,2940,4.083333333333333,6.939939975738525
3000,6,500.0,5,84001,2970,4.125,7.022412300109863
3000,6,500.0,5,84001,3000,4.166666666666667,7.0323567390441895
3000,6,500.0,5,84001,3030,4.208333333333333,6.946722507476807
3000,6,500.0,5,84001,3060,4.25,6.932376384735107
3000,6,500.0,5,84001,3090,4.291666666666667,6.917778491973877
3000,6,500.0,5,84001,3120,4.333333333333333,6.860124111175537
3000,6,500.0,5,84001,3150,4.375,6.796140193939209
3000,6,500.0,5,84001,3180,4.416666666666667,6.84650182723999
3000,6,500.0,5,84001,3210,4.458333333333333,6.839526176452637
3000,6,500.0,5,84001,3240,4.5,6.716256618499756
3000,6,500.0,5,84001,3270,4.541666666666667,6.780954360961914
3000,6,500.0,5,84001,3300,4.583333333333333,6.718399524688721
3000,6,500.0,5,84001,3330,4.625,6.669501781463623
3000,6,500.0,5,84001,3360,4.666666666666667,6.666069030761719
3000,6,500.0,5,84001,3390,4.708333333333333,6.494796276092529
3000,6,500.0,5,84001,3420,4.75,6.522124767303467
3000,6,500.0,5,84001,3450,4.791666666666667,6.5786848068237305
3000,6,500.0,5,84001,3480,4.833333333333333,6.345300674438477
3000,6,500.0,5,84001,3510,4.875,6.394206523895264
3000,6,500.0,5,84001,3540,4.916666666666667,6.373034954071045
3000,6,500.0,5,84001,3570,4.958333333333333,6.369200706481934
3000,6,500.0,5,84001,3600,5.0,6.394537925720215
3000,9,333.3333333333333,0,84000,0,0.0,19.852645874023438
3000,9,333.3333333333333,0,84000,30,0.041666666666666664,18.504823684692383
3000,9,333.3333333333333,0,84000,60,0.08333333333333333,17.237876892089844
3000,9,333.3333333333333,0,84000,90,0.125,15.732373237609863
3000,9,333.3333333333333,0,84000,120,0.16666666666666666,14.2586030960083
3000,9,333.3333333333333,0,84000,150,0.20833333333333334,12.848614692687988
3000,9,333.3333333333333,0,84000,180,0.25,11.945544242858887
3000,9,333.3333333333333,0,84000,210,0.2916666666666667,12.020565032958984
3000,9,333.3333333333333,0,84000,240,0.3333333333333333,12.288694381713867
3000,9,333.3333333333333,0,84000,270,0.375,12.374692916870117
3000,9,333.3333333333333,0,84000,300,0.4166666666666667,11.937338829040527
3000,9,333.3333333333333,0,84000,330,0.4583333333333333,11.294085502624512
3000,9,333.3333333333333,0,84000,360,0.5,11.003721237182617
3000,9,333.3333333333333,0,84000,390,0.5416666666666666,10.774359703063965
3000,9,333.3333333333333,0,84000,420,0.5833333333333334,10.555301666259766
3000,9,333.3333333333333,0,84000,450,0.625,10.563196182250977
3000,9,333.3333333333333,0,84000,480,0.6666666666666666,10.405610084533691
3000,9,333.3333333333333,0,84000,510,0.7083333333333334,10.262901306152344
3000,9,333.3333333333333,0,84000,540,0.75,9.909601211547852
3000,9,333.3333333333333,0,84000,570,0.7916666666666666,9.132722854614258
3000,9,333.3333333333333,0,84000,600,0.8333333333333334,8.202336311340332
3000,9,333.3333333333333,0,84000,630,0.875,6.897635459899902
3000,9,333.3333333333333,0,84000,660,0.9166666666666666,5.499800682067871
3000,9,333.3333333333333,0,84000,690,0.9583333333333334,4.0966691970825195
3000,9,333.3333333333333,0,84000,720,1.0,3.0962843894958496
3000,9,333.3333333333333,0,84000,750,1.0416666666666667,2.4107797145843506
3000,9,333.3333333333333,0,84000,780,1.0833333333333333,1.9236102104187012
3000,9,333.3333333333333,0,84000,810,1.125,1.6322813034057617
3000,9,333.3333333333333,0,84000,840,1.1666666666666667,1.3729318380355835
3000,9,333.3333333333333,0,84000,870,1.2083333333333333,1.1671372652053833
3000,9,333.3333333333333,0,84000,900,1.25,1.0576839447021484
3000,9,333.3333333333333,0,84000,930,1.2916666666666667,1.1211910247802734
3000,9,333.3333333333333,0,84000,960,1.3333333333333333,1.1087782382965088
3000,9,333.3333333333333,0,84000,990,1.375,1.069886565208435
3000,9,333.3333333333333,0,84000,1020,1.4166666666666667,1.068460464477539
3000,9,333.3333333333333,0,84000,1050,1.4583333333333333,1.0778862237930298
3000,9,333.3333333333333,0,84000,1080,1.5,1.0625439882278442
3000,9,333.3333333333333,0,84000,1110,1.5416666666666667,1.0224944353103638
3000,9,333.3333333333333,0,84000,1140,1.5833333333333333,0.9607080817222595
3000,9,333.3333333333333,0,84000,1170,1.625,0.8365541696548462
3000,9,333.3333333333333,0,84000,1200,1.6666666666666667,0.7896024584770203
3000,9,333.3333333333333,0,84000,1230,1.7083333333333333,0.8360455632209778
3000,9,333.3333333333333,0,84000,1260,1.75,0.8725031018257141
3000,9,333.3333333333333,0,84000,1290,1.7916666666666667,0.7618611454963684
3000,9,333.3333333333333,0,84000,1320,1.8333333333333333,0.7667208909988403
3000,9,333.3333333333333,0,84000,1350,1.875,0.7340535521507263
3000,9,333.3333333333333,0,84000,1380,1.9166666666666667,0.7243645787239075
3000,9,333.3333333333333,0,84000,1410,1.9583333333333333,0.6848600506782532
3000,9,333.3333333333333,0,84000,1440,2.0,0.653606116771698
3000,9,333.3333333333333,0,84000,1470,2.0416666666666665,0.5840410590171814
3000,9,333.3333333333333,0,84000,1500,2.0833333333333335,0.6068827509880066
3000,9,333.3333333333333,0,84000,1530,2.125,0.5709354877471924
3000,9,333.3333333333333,0,84000,1560,2.1666666666666665,0.5562596321105957
3000,9,333.3333333333333,0,84000,1590,2.2083333333333335,0.4756295680999756
3000,9,333.3333333333333,0,84000,1620,2.25,0.49327489733695984
3000,9,333.3333333333333,0,84000,1650,2.2916666666666665,0.4818515479564667
3000,9,333.3333333333333,0,84000,1680,2.3333333333333335,0.47828394174575806
3000,9,333.3333333333333,0,84000,1710,2.375,0.4546760320663452
3000,9,333.3333333333333,0,84000,1740,2.4166666666666665,0.4585990309715271
3000,9,333.3333333333333,0,84000,1770,2.4583333333333335,0.4397793412208557
3000,9,333.3333333333333,0,84000,1800,2.5,0.4453183710575104
3000,9,333.3333333333333,0,84000,1830,2.5416666666666665,0.45506909489631653
3000,9,333.3333333333333,0,84000,1860,2.5833333333333335,0.45450666546821594
3000,9,333.3333333333333,0,84000,1890,2.625,0.46306681632995605
3000,9,333.3333333333333,0,84000,1920,2.6666666666666665,0.461364209651947
3000,9,333.3333333333333,0,84000,1950,2.7083333333333335,0.47098711133003235
3000,9,333.3333333333333,0,84000,1980,2.75,0.4836861491203308
3000,9,333.3333333333333,0,84000,2010,2.7916666666666665,0.4687483012676239
3000,9,333.3333333333333,0,84000,2040,2.8333333333333335,0.4503491520881653
3000,9,333.3333333333333,0,84000,2070,2.875,0.4678861200809479
3000,9,333.3333333333333,0,84000,2100,2.9166666666666665,0.44907861948013306
3000,9,333.3333333333333,0,84000,2130,2.9583333333333335,0.4341658651828766
3000,9,333.3333333333333,0,84000,2160,3.0,0.46683675050735474
3000,9,333.3333333333333,0,84000,2190,3.0416666666666665,0.4644037187099457
3000,9,333.3333333333333,0,84000,2220,3.0833333333333335,0.43292155861854553
3000,9,333.3333333333333,0,84000,2250,3.125,0.45526018738746643
3000,9,333.3333333333333,0,84000,2280,3.1666666666666665,0.4716237783432007
3000,9,333.3333333333333,0,84000,2310,3.2083333333333335,0.4483867585659027
3000,9,333.3333333333333,0,84000,2340,3.25,0.45550963282585144
3000,9,333.3333333333333,0,84000,2370,3.2916666666666665,0.4209546446800232
3000,9,333.3333333333333,0,84000,2400,3.3333333333333335,0.44371312856674194
3000,9,333.3333333333333,0,84000,2430,3.375,0.45228010416030884
3000,9,333.3333333333333,0,84000,2460,3.4166666666666665,0.45480549335479736
3000,9,333.3333333333333,0,84000,2490,3.4583333333333335,0.44203898310661316
3000,9,333.3333333333333,0,84000,2520,3.5,0.45538330078125
3000,9,333.3333333333333,0,84000,2550,3.5416666666666665,0.45855453610420227
3000,9,333.3333333333333,0,84000,2580,3.5833333333333335,0.46068620681762695
3000,9,333.3333333333333,0,84000,2610,3.625,0.4464717209339142
3000,9,333.3333333333333,0,84000,2640,3.6666666666666665,0.4478297233581543
3000,9,333.3333333333333,0,84000,2670,3.7083333333333335,0.4301677942276001
3000,9,333.3333333333333,0,84000,2700,3.75,0.44943028688430786
3000,9,333.3333333333333,0,84000,2730,3.7916666666666665,0.45400774478912354
3000,9,333.3333333333333,0,84000,2760,3.8333333333333335,0.44500023126602173
3000,9,333.3333333333333,0,84000,2790,3.875,0.4351881444454193
3000,9,333.3333333333333,0,84000,2820,3.9166666666666665,0.4479636251926422
3000,9,333.3333333333333,0,84000,2850,3.9583333333333335,0.4511449337005615
3000,9,333.3333333333333,0,84000,2880,4.0,0.4577381908893585
3000,9,333.3333333333333,0,84000,2910,4.041666666666667,0.44820597767829895
3000,9,333.3333333333333,0,84000,2940,4.083333333333333,0.4511464834213257
3000,9,333.3333333333333,0,84000,2970,4.125,0.43094953894615173
3000,9,333.3333333333333,0,84000,3000,4.166666666666667,0.4506221115589142
3000,9,333.3333333333333,0,84000,3030,4.208333333333333,0.43360435962677
3000,9,333.3333333333333,0,84000,3060,4.25,0.41966426372528076
3000,9,333.3333333333333,0,84000,3090,4.291666666666667,0.4421879053115845
3000,9,333.3333333333333,0,84000,3120,4.333333333333333,0.42922407388687134
3000,9,333.3333333333333,0,84000,3150,4.375,0.44727393984794617
3000,9,333.3333333333333,0,84000,3180,4.416666666666667,0.4493446946144104
3000,9,333.3333333333333,0,84000,3210,4.458333333333333,0.4469778537750244
3000,9,333.3333333333333,0,84000,3240,4.5,0.41624170541763306
3000,9,333.3333333333333,0,84000,3270,4.541666666666667,0.44972115755081177
3000,9,333.3333333333333,0,84000,3300,4.583333333333333,0.42896896600723267
3000,9,333.3333333333333,0,84000,3330,4.625,0.4259386360645294
3000,9,333.3333333333333,0,84000,3360,4.666666666666667,0.4353821873664856
3000,9,333.3333333333333,0,84000,3390,4.708333333333333,0.4392567574977875
3000,9,333.3333333333333,0,84000,3420,4.75,0.4490702450275421
3000,9,333.3333333333333,0,84000,3450,4.791666666666667,0.4530028998851776
3000,9,333.3333333333333,0,84000,3480,4.833333333333333,0.4419720470905304
3000,9,333.3333333333333,0,84000,3510,4.875,0.41050317883491516
3000,9,333.3333333333333,0,84000,3540,4.916666666666667,0.44759616255760193
3000,9,333.3333333333333,0,84000,3570,4.958333333333333,0.46301862597465515
3000,9,333.3333333333333,0,84000,3600,5.0,0.43388575315475464
3000,9,333.3333333333333,1,84000,0,0.0,20.036903381347656
3000,9,333.3333333333333,1,84000,30,0.041666666666666664,18.754688262939453
3000,9,333.3333333333333,1,84000,60,0.08333333333333333,17.512409210205078
3000,9,333.3333333333333,1,84000,90,0.125,16.06635856628418
3000,9,333.3333333333333,1,84000,120,0.16666666666666666,14.47780990600586
3000,9,333.3333333333333,1,84000,150,0.20833333333333334,13.100184440612793
3000,9,333.3333333333333,1,84000,180,0.25,12.187899589538574
3000,9,333.3333333333333,1,84000,210,0.2916666666666667,12.280694961547852
3000,9,333.3333333333333,1,84000,240,0.3333333333333333,12.67186164855957
3000,9,333.3333333333333,1,84000,270,0.375,12.642118453979492
3000,9,333.3333333333333,1,84000,300,0.4166666666666667,12.368374824523926
3000,9,333.3333333333333,1,84000,330,0.4583333333333333,12.065268516540527
3000,9,333.3333333333333,1,84000,360,0.5,11.447725296020508
3000,9,333.3333333333333,1,84000,390,0.5416666666666666,11.322478294372559
3000,9,333.3333333333333,1,84000,420,0.5833333333333334,11.095699310302734
3000,9,333.3333333333333,1,84000,450,0.625,10.94529914855957
3000,9,333.3333333333333,1,84000,480,0.6666666666666666,10.910944938659668
3000,9,333.3333333333333,1,84000,510,0.7083333333333334,10.658766746520996
3000,9,333.3333333333333,1,84000,540,0.75,10.309033393859863
3000,9,333.3333333333333,1,84000,570,0.7916666666666666,9.657094955444336
3000,9,333.3333333333333,1,84000,600,0.8333333333333334,8.667559623718262
3000,9,333.3333333333333,1,84000,630,0.875,7.493945121765137
3000,9,333.3333333333333,1,84000,660,0.9166666666666666,6.140985488891602
3000,9,333.3333333333333,1,84000,690,0.9583333333333334,4.699285984039307
3000,9,333.3333333333333,1,84000,720,1.0,3.4263603687286377
3000,9,333.3333333333333,1,84000,750,1.0416666666666667,2.6969356536865234
3000,9,333.3333333333333,1,84000,780,1.0833333333333333,2.0323486328125
3000,9,333.3333333333333,1,84000,810,1.125,1.5773766040802002
3000,9,333.3333333333333,1,84000,840,1.1666666666666667,1.3835817575454712
3000,9,333.3333333333333,1,84000,870,1.2083333333333333,1.462567687034607
3000,9,333.3333333333333,1,84000,900,1.25,1.4487873315811157
3000,9,333.3333333333333,1,84000,930,1.2916666666666667,1.3102102279663086
3000,9,333.3333333333333,1,84000,960,1.3333333333333333,1.3072021007537842
3000,9,333.3333333333333,1,84000,990,1.375,1.2952946424484253
3000,9,333.3333333333333,1,84000,1020,1.4166666666666667,1.2462960481643677
3000,9,333.3333333333333,1,84000,1050,1.4583333333333333,1.2038859128952026
3000,9,333.3333333333333,1,84000,1080,1.5,1.038067102432251
3000,9,333.3333333333333,1,84000,1110,1.5416666666666667,1.0045018196105957
3000,9,333.3333333333333,1,84000,1140,1.5833333333333333,0.9763429164886475
3000,9,333.3333333333333,1,84000,1170,1.625,0.8191550970077515
3000,9,333.3333333333333,1,84000,1200,1.6666666666666667,0.7453691363334656
3000,9,333.3333333333333,1,84000,1230,1.7083333333333333,0.7445883750915527
3000,9,333.3333333333333,1,84000,1260,1.75,0.7350980043411255
3000,9,333.3333333333333,1,84000,1290,1.7916666666666667,0.7095367908477783
3000,9,333.3333333333333,1,84000,1320,1.8333333333333333,0.7299372553825378
3000,9,333.3333333333333,1,84000,1350,1.875,0.6521651148796082
3000,9,333.3333333333333,1,84000,1380,1.9166666666666667,0.5990150570869446
3000,9,333.3333333333333,1,84000,1410,1.9583333333333333,0.6116381883621216
3000,9,333.3333333333333,1,84000,1440,2.0,0.5907239317893982
3000,9,333.3333333333333,1,84000,1470,2.0416666666666665,0.561673104763031
3000,9,333.3333333333333,1,84000,1500,2.0833333333333335,0.5798138380050659
3000,9,333.3333333333333,1,84000,1530,2.125,0.5527936220169067
3000,9,333.3333333333333,1,84000,1560,2.1666666666666665,0.5682999491691589
3000,9,333.3333333333333,1,84000,1590,2.2083333333333335,0.5343841314315796
3000,9,333.3333333333333,1,84000,1620,2.25,0.5567719340324402
3000,9,333.3333333333333,1,84000,1650,2.2916666666666665,0.5351161360740662
3000,9,333.3333333333333,1,84000,1680,2.3333333333333335,0.5467003583908081
3000,9,333.3333333333333,1,84000,1710,2.375,0.5616037845611572
3000,9,333.3333333333333,1,84000,1740,2.4166666666666665,0.5226832628250122
3000,9,333.3333333333333,1,84000,1770,2.4583333333333335,0.5312736630439758
3000,9,333.3333333333333,1,84000,1800,2.5,0.5399675965309143
3000,9,333.3333333333333,1,84000,1830,2.5416666666666665,0.5590038895606995
3000,9,333.3333333333333,1,84000,1860,2.5833333333333335,0.5095158815383911
3000,9,333.3333333333333,1,84000,1890,2.625,0.5196616053581238
3000,9,333.3333333333333,1,84000,1920,2.6666666666666665,0.5286287665367126
3000,9,333.3333333333333,1,84000,1950,2.7083333333333335,0.5412027835845947
3000,9,333.3333333333333,1,84000,1980,2.75,0.5314193367958069
3000,9,333.3333333333333,1,84000,2010,2.7916666666666665,0.5496469140052795
3000,9,333.3333333333333,1,84000,2040,2.8333333333333335,0.5319400429725647
3000,9,333.3333333333333,1,84000,2070,2.875,0.5387769341468811
3000,9,333.3333333333333,1,84000,2100,2.9166666666666665,0.5389240980148315
3000,9,333.3333333333333,1,84000,2130,2.9583333333333335,0.5157244205474854
3000,9,333.3333333333333,1,84000,2160,3.0,0.5249453783035278
3000,9,333.3333333333333,1,84000,2190,3.0416666666666665,0.5025935173034668
3000,9,333.3333333333333,1,84000,2220,3.0833333333333335,0.5444061160087585
3000,9,333.3333333333333,1,84000,2250,3.125,0.49839502573013306
3000,9,333.3333333333333,1,84000,2280,3.1666666666666665,0.5193324685096741
3000,9,333.3333333333333,1,84000,2310,3.2083333333333335,0.5432458519935608
3000,9,333.3333333333333,1,84000,2340,3.25,0.5364797115325928
3000,9,333.3333333333333,1,84000,2370,3.2916666666666665,0.5249840617179871
3000,9,333.3333333333333,1,84000,2400,3.3333333333333335,0.5348089933395386
3000,9,333.3333333333333,1,84000,2430,3.375,0.537147045135498
3000,9,333.3333333333333,1,84000,2460,3.4166666666666665,0.511784017086029
3000,9,333.3333333333333,1,84000,2490,3.4583333333333335,0.5282565355300903
3000,9,333.3333333333333,1,84000,2520,3.5,0.5231218934059143
3000,9,333.3333333333333,1,84000,2550,3.5416666666666665,0.501377522945404
3000,9,333.3333333333333,1,84000,2580,3.5833333333333335,0.5149171948432922
3000,9,333.3333333333333,1,84000,2610,3.625,0.5449671745300293
3000,9,333.3333333333333,1,84000,2640,3.6666666666666665,0.5303962230682373
3000,9,333.3333333333333,1,84000,2670,3.7083333333333335,0.5368596911430359
3000,9,333.3333333333333,1,84000,2700,3.75,0.536088228225708
3000,9,333.3333333333333,1,84000,2730,3.7916666666666665,0.5072889924049377
3000,9,333.3333333333333,1,84000,2760,3.8333333333333335,0.49709221720695496
3000,9,333.3333333333333,1,84000,2790,3.875,0.5273759365081787
3000,9,333.3333333333333,1,84000,2820,3.9166666666666665,0.5117461085319519
3000,9,333.3333333333333,1,84000,2850,3.9583333333333335,0.5042932033538818
3000,9,333.3333333333333,1,84000,2880,4.0,0.5283483266830444
3000,9,333.3333333333333,1,84000,2910,4.041666666666667,0.5358525514602661
3000,9,333.3333333333333,1,84000,2940,4.083333333333333,0.5109845995903015
3000,9,333.3333333333333,1,84000,2970,4.125,0.5178068280220032
3000,9,333.3333333333333,1,84000,3000,4.166666666666667,0.5102009773254395
3000,9,333.3333333333333,1,84000,3030,4.208333333333333,0.5145758390426636
3000,9,333.3333333333333,1,84000,3060,4.25,0.5236891508102417
3000,9,333.3333333333333,1,84000,3090,4.291666666666667,0.5144450068473816
3000,9,333.3333333333333,1,84000,3120,4.333333333333333,0.5058989524841309
3000,9,333.3333333333333,1,84000,3150,4.375,0.525209367275238
3000,9,333.3333333333333,1,84000,3180,4.416666666666667,0.5165826678276062
3000,9,333.3333333333333,1,84000,3210,4.458333333333333,0.5204953551292419
3000,9,333.3333333333333,1,84000,3240,4.5,0.5172654390335083
3000,9,333.3333333333333,1,84000,3270,4.541666666666667,0.5363656282424927
3000,9,333.3333333333333,1,84000,3300,4.583333333333333,0.5175502300262451
3000,9,333.3333333333333,1,84000,3330,4.625,0.5106322169303894
3000,9,333.3333333333333,1,84000,3360,4.666666666666667,0.5062806010246277
3000,9,333.3333333333333,1,84000,3390,4.708333333333333,0.4946708083152771
3000,9,333.3333333333333,1,84000,3420,4.75,0.5142051577568054
3000,9,333.3333333333333,1,84000,3450,4.791666666666667,0.5192490816116333
3000,9,333.3333333333333,1,84000,3480,4.833333333333333,0.5140388011932373
3000,9,333.3333333333333,1,84000,3510,4.875,0.526581883430481
3000,9,333.3333333333333,1,84000,3540,4.916666666666667,0.5272428393363953
3000,9,333.3333333333333,1,84000,3570,4.958333333333333,0.5125353932380676
3000,9,333.3333333333333,1,84000,3600,5.0,0.5139423608779907
3000,9,333.3333333333333,2,84000,0,0.0,19.949281692504883
3000,9,333.3333333333333,2,84000,30,0.041666666666666664,18.678863525390625
3000,9,333.3333333333333,2,84000,60,0.08333333333333333,17.371192932128906
3000,9,333.3333333333333,2,84000,90,0.125,15.93838119506836
3000,9,333.3333333333333,2,84000,120,0.16666666666666666,14.376029014587402
3000,9,333.3333333333333,2,84000,150,0.20833333333333334,13.037013053894043
3000,9,333.3333333333333,2,84000,180,0.25,12.138856887817383
3000,9,333.3333333333333,2,84000,210,0.2916666666666667,12.230330467224121
3000,9,333.3333333333333,2,84000,240,0.3333333333333333,12.58791446685791
3000,9,333.3333333333333,2,84000,270,0.375,12.641010284423828
3000,9,333.3333333333333,2,84000,300,0.4166666666666667,12.394713401794434
3000,9,333.3333333333333,2,84000,330,0.4583333333333333,11.62389850616455
3000,9,333.3333333333333,2,84000,360,0.5,11.05559253692627
3000,9,333.3333333333333,2,84000,390,0.5416666666666666,10.971256256103516
3000,9,333.3333333333333,2,84000,420,0.5833333333333334,10.804720878601074
3000,9,333.3333333333333,2,84000,450,0.625,10.772989273071289
3000,9,333.3333333333333,2,84000,480,0.6666666666666666,10.617923736572266
3000,9,333.3333333333333,2,84000,510,0.7083333333333334,10.295076370239258
3000,9,333.3333333333333,2,84000,540,0.75,9.884793281555176
3000,9,333.3333333333333,2,84000,570,0.7916666666666666,9.354388236999512
3000,9,333.3333333333333,2,84000,600,0.8333333333333334,8.190594673156738
3000,9,333.3333333333333,2,84000,630,0.875,7.010175704956055
3000,9,333.3333333333333,2,84000,660,0.9166666666666666,5.5315937995910645
3000,9,333.3333333333333,2,84000,690,0.9583333333333334,4.266356945037842
3000,9,333.3333333333333,2,84000,720,1.0,3.321930408477783
3000,9,333.3333333333333,2,84000,750,1.0416666666666667,2.434713363647461
3000,9,333.3333333333333,2,84000,780,1.0833333333333333,2.1107020378112793
3000,9,333.3333333333333,2,84000,810,1.125,1.7884310483932495
3000,9,333.3333333333333,2,84000,840,1.1666666666666667,1.4756754636764526
3000,9,333.3333333333333,2,84000,870,1.2083333333333333,1.3090054988861084
3000,9,333.3333333333333,2,84000,900,1.25,1.3051692247390747
3000,9,333.3333333333333,2,84000,930,1.2916666666666667,1.2725446224212646
3000,9,333.3333333333333,2,84000,960,1.3333333333333333,1.0586233139038086
3000,9,333.3333333333333,2,84000,990,1.375,0.857448399066925
3000,9,333.3333333333333,2,84000,1020,1.4166666666666667,0.8799654841423035
3000,9,333.3333333333333,2,84000,1050,1.4583333333333333,0.9185559749603271
3000,9,333.3333333333333,2,84000,1080,1.5,0.8276605010032654
3000,9,333.3333333333333,2,84000,1110,1.5416666666666667,0.8350576758384705
3000,9,333.3333333333333,2,84000,1140,1.5833333333333333,0.7502054572105408
3000,9,333.3333333333333,2,84000,1170,1.625,0.6815730333328247
3000,9,333.3333333333333,2,84000,1200,1.6666666666666667,0.7049046158790588
3000,9,333.3333333333333,2,84000,1230,1.7083333333333333,0.673229992389679
3000,9,333.3333333333333,2,84000,1260,1.75,0.6533195972442627
3000,9,333.3333333333333,2,84000,1290,1.7916666666666667,0.6387487053871155
3000,9,333.3333333333333,2,84000,1320,1.8333333333333333,0.6377042531967163
3000,9,333.3333333333333,2,84000,1350,1.875,0.6387538909912109
3000,9,333.3333333333333,2,84000,1380,1.9166666666666667,0.5943805575370789
3000,9,333.3333333333333,2,84000,1410,1.9583333333333333,0.5550947785377502
3000,9,333.3333333333333,2,84000,1440,2.0,0.5045348405838013
3000,9,333.3333333333333,2,84000,1470,2.0416666666666665,0.524397075176239
3000,9,333.3333333333333,2,84000,1500,2.0833333333333335,0.5107118487358093
3000,9,333.3333333333333,2,84000,1530,2.125,0.5190075635910034
3000,9,333.3333333333333,2,84000,1560,2.1666666666666665,0.4770944118499756
3000,9,333.3333333333333,2,84000,1590,2.2083333333333335,0.4566015899181366
3000,9,333.3333333333333,2,84000,1620,2.25,0.47030168771743774
3000,9,333.3333333333333,2,84000,1650,2.2916666666666665,0.480587899684906
3000,9,333.3333333333333,2,84000,1680,2.3333333333333335,0.4724702835083008
3000,9,333.3333333333333,2,84000,1710,2.375,0.46963009238243103
3000,9,333.3333333333333,2,84000,1740,2.4166666666666665,0.43700847029685974
3000,9,333.3333333333333,2,84000,1770,2.4583333333333335,0.45206210017204285
3000,9,333.3333333333333,2,84000,1800,2.5,0.4408552348613739
3000,9,333.3333333333333,2,84000,1830,2.5416666666666665,0.43982648849487305
3000,9,333.3333333333333,2,84000,1860,2.5833333333333335,0.42921116948127747
3000,9,333.3333333333333,2,84000,1890,2.625,0.4231812059879303
3000,9,333.3333333333333,2,84000,1920,2.6666666666666665,0.44311198592185974
3000,9,333.3333333333333,2,84000,1950,2.7083333333333335,0.43231645226478577
3000,9,333.3333333333333,2,84000,1980,2.75,0.44768667221069336
3000,9,333.3333333333333,2,84000,2010,2.7916666666666665,0.4170261323451996
3000,9,333.3333333333333,2,84000,2040,2.8333333333333335,0.4471202790737152
3000,9,333.3333333333333,2,84000,2070,2.875,0.43495413661003113
3000,9,333.3333333333333,2,84000,2100,2.9166666666666665,0.4470176696777344
3000,9,333.3333333333333,2,84000,2130,2.9583333333333335,0.41111090779304504
3000,9,333.3333333333333,2,84000,2160,3.0,0.39573031663894653
3000,9,333.3333333333333,2,84000,2190,3.0416666666666665,0.4238869547843933
3000,9,333.3333333333333,2,84000,2220,3.0833333333333335,0.41304370760917664
3000,9,333.3333333333333,2,84000,2250,3.125,0.4224564731121063
3000,9,333.3333333333333,2,84000,2280,3.1666666666666665,0.42346739768981934
3000,9,333.3333333333333,2,84000,2310,3.2083333333333335,0.42139771580696106
3000,9,333.3333333333333,2,84000,2340,3.25,0.4235670864582062
3000,9,333.3333333333333,2,84000,2370,3.2916666666666665,0.42519888281822205
3000,9,333.3333333333333,2,84000,2400,3.3333333333333335,0.4376412034034729
3000,9,333.3333333333333,2,84000,2430,3.375,0.43640515208244324
3000,9,333.3333333333333,2,84000,2460,3.4166666666666665,0.41310685873031616
3000,9,333.3333333333333,2,84000,2490,3.4583333333333335,0.3795347809791565
3000,9,333.3333333333333,2,84000,2520,3.5,0.4342728555202484
3000,9,333.3333333333333,2,84000,2550,3.5416666666666665,0.42776229977607727
3000,9,333.3333333333333,2,84000,2580,3.5833333333333335,0.42509403824806213
3000,9,333.3333333333333,2,84000,2610,3.625,0.4170694649219513
3000,9,333.3333333333333,2,84000,2640,3.6666666666666665,0.409663587808609
3000,9,333.3333333333333,2,84000,2670,3.7083333333333335,0.4288971424102783
3000,9,333.3333333333333,2,84000,2700,3.75,0.43069127202033997
3000,9,333.3333333333333,2,84000,2730,3.7916666666666665,0.42264053225517273
3000,9,333.3333333333333,2,84000,2760,3.8333333333333335,0.4111819565296173
3000,9,333.3333333333333,2,84000,2790,3.875,0.4000283479690552
3000,9,333.3333333333333,2,84000,2820,3.9166666666666665,0.4243299067020416
3000,9,333.3333333333333,2,84000,2850,3.9583333333333335,0.41318970918655396
3000,9,333.3333333333333,2,84000,2880,4.0,0.41853129863739014
3000,9,333.3333333333333,2,84000,2910,4.041666666666667,0.4098048806190491
3000,9,333.3333333333333,2,84000,2940,4.083333333333333,0.4290491044521332
3000,9,333.3333333333333,2,84000,2970,4.125,0.42359769344329834
3000,9,333.3333333333333,2,84000,3000,4.166666666666667,0.425858736038208
3000,9,333.3333333333333,2,84000,3030,4.208333333333333,0.428606778383255
3000,9,333.3333333333333,2,84000,3060,4.25,0.4308296740055084
3000,9,333.3333333333333,2,84000,3090,4.291666666666667,0.390607088804245
3000,9,333.3333333333333,2,84000,3120,4.333333333333333,0.414013147354126
3000,9,333.3333333333333,2,84000,3150,4.375,0.4103083610534668
3000,9,333.3333333333333,2,84000,3180,4.416666666666667,0.42417213320732117
3000,9,333.3333333333333,2,84000,3210,4.458333333333333,0.41895201802253723
3000,9,333.3333333333333,2,84000,3240,4.5,0.4145243763923645
3000,9,333.3333333333333,2,84000,3270,4.541666666666667,0.427792489528656
3000,9,333.3333333333333,2,84000,3300,4.583333333333333,0.4157075881958008
3000,9,333.3333333333333,2,84000,3330,4.625,0.41540631651878357
3000,9,333.3333333333333,2,84000,3360,4.666666666666667,0.4148288667201996
3000,9,333.3333333333333,2,84000,3390,4.708333333333333,0.4144444167613983
3000,9,333.3333333333333,2,84000,3420,4.75,0.4011065363883972
3000,9,333.3333333333333,2,84000,3450,4.791666666666667,0.40330347418785095
3000,9,333.3333333333333,2,84000,3480,4.833333333333333,0.4115504026412964
3000,9,333.3333333333333,2,84000,3510,4.875,0.416958749294281
3000,9,333.3333333333333,2,84000,3540,4.916666666666667,0.42283540964126587
3000,9,333.3333333333333,2,84000,3570,4.958333333333333,0.4166486859321594
3000,9,333.3333333333333,2,84000,3600,5.0,0.41478556394577026
3000,9,333.3333333333333,3,84001,0,0.0,20.14867401123047
3000,9,333.3333333333333,3,84001,30,0.041666666666666664,18.72504234313965
3000,9,333.3333333333333,3,84001,60,0.08333333333333333,17.528596878051758
3000,9,333.3333333333333,3,84001,90,0.125,16.05487823486328
3000,9,333.3333333333333,3,84001,120,0.16666666666666666,14.519242286682129
3000,9,333.3333333333333,3,84001,150,0.20833333333333334,13.02845573425293
3000,9,333.3333333333333,3,84001,180,0.25,12.190695762634277
3000,9,333.3333333333333,3,84001,210,0.2916666666666667,12.28127384185791
3000,9,333.3333333333333,3,84001,240,0.3333333333333333,12.596680641174316
3000,9,333.3333333333333,3,84001,270,0.375,12.65933895111084
3000,9,333.3333333333333,3,84001,300,0.4166666666666667,12.36363410949707
3000,9,333.3333333333333,3,84001,330,0.4583333333333333,11.698430061340332
3000,9,333.3333333333333,3,84001,360,0.5,11.133252143859863
3000,9,333.3333333333333,3,84001,390,0.5416666666666666,10.729884147644043
3000,9,333.3333333333333,3,84001,420,0.5833333333333334,10.495440483093262
3000,9,333.3333333333333,3,84001,450,0.625,10.496310234069824
3000,9,333.3333333333333,3,84001,480,0.6666666666666666,10.41176986694336
3000,9,333.3333333333333,3,84001,510,0.7083333333333334,10.336923599243164
3000,9,333.3333333333333,3,84001,540,0.75,9.93765640258789
3000,9,333.3333333333333,3,84001,570,0.7916666666666666,9.205824851989746
3000,9,333.3333333333333,3,84001,600,0.8333333333333334,8.251532554626465
3000,9,333.3333333333333,3,84001,630,0.875,6.961409091949463
3000,9,333.3333333333333,3,84001,660,0.9166666666666666,5.492774963378906
3000,9,333.3333333333333,3,84001,690,0.9583333333333334,4.220536708831787
3000,9,333.3333333333333,3,84001,720,1.0,3.230548143386841
3000,9,333.3333333333333,3,84001,750,1.0416666666666667,2.4574899673461914
3000,9,333.3333333333333,3,84001,780,1.0833333333333333,2.006584644317627
3000,9,333.3333333333333,3,84001,810,1.125,1.8143216371536255
3000,9,333.3333333333333,3,84001,840,1.1666666666666667,1.6498706340789795
3000,9,333.3333333333333,3,84001,870,1.2083333333333333,1.579433560371399
3000,9,333.3333333333333,3,84001,900,1.25,1.5015491247177124
3000,9,333.3333333333333,3,84001,930,1.2916666666666667,1.4875010251998901
3000,9,333.3333333333333,3,84001,960,1.3333333333333333,1.3781116008758545
3000,9,333.3333333333333,3,84001,990,1.375,1.3532534837722778
3000,9,333.3333333333333,3,84001,1020,1.4166666666666667,1.2844983339309692
3000,9,333.3333333333333,3,84001,1050,1.4583333333333333,1.222375512123108
3000,9,333.3333333333333,3,84001,1080,1.5,1.08790123462677
3000,9,333.3333333333333,3,84001,1110,1.5416666666666667,1.0559102296829224
3000,9,333.3333333333333,3,84001,1140,1.5833333333333333,1.0677353143692017
3000,9,333.3333333333333,3,84001,1170,1.625,0.9744332432746887
3000,9,333.3333333333333,3,84001,1200,1.6666666666666667,0.8424063920974731
3000,9,333.3333333333333,3,84001,1230,1.7083333333333333,0.8477534055709839
3000,9,333.3333333333333,3,84001,1260,1.75,0.8517278432846069
3000,9,333.3333333333333,3,84001,1290,1.7916666666666667,0.8705198764801025
3000,9,333.3333333333333,3,84001,1320,1.8333333333333333,0.817823588848114
3000,9,333.3333333333333,3,84001,1350,1.875,0.7368711233139038
3000,9,333.3333333333333,3,84001,1380,1.9166666666666667,0.7582390904426575
3000,9,333.3333333333333,3,84001,1410,1.9583333333333333,0.7277337312698364
3000,9,333.3333333333333,3,84001,1440,2.0,0.750244140625
3000,9,333.3333333333333,3,84001,1470,2.0416666666666665,0.7413889765739441
3000,9,333.3333333333333,3,84001,1500,2.0833333333333335,0.716459333896637
3000,9,333.3333333333333,3,84001,1530,2.125,0.6654248237609863
3000,9,333.3333333333333,3,84001,1560,2.1666666666666665,0.6408724188804626
3000,9,333.3333333333333,3,84001,1590,2.2083333333333335,0.6498920321464539
3000,9,333.3333333333333,3,84001,1620,2.25,0.6345480680465698
3000,9,333.3333333333333,3,84001,1650,2.2916666666666665,0.6256554126739502
3000,9,333.3333333333333,3,84001,1680,2.3333333333333335,0.6106197834014893
3000,9,333.3333333333333,3,84001,1710,2.375,0.6053193211555481
3000,9,333.3333333333333,3,84001,1740,2.4166666666666665,0.5632097721099854
3000,9,333.3333333333333,3,84001,1770,2.4583333333333335,0.5758222937583923
3000,9,333.3333333333333,3,84001,1800,2.5,0.5611873269081116
3000,9,333.3333333333333,3,84001,1830,2.5416666666666665,0.5717300772666931
3000,9,333.3333333333333,3,84001,1860,2.5833333333333335,0.5493921041488647
3000,9,333.3333333333333,3,84001,1890,2.625,0.5240516066551208
3000,9,333.3333333333333,3,84001,1920,2.6666666666666665,0.5261341333389282
3000,9,333.3333333333333,3,84001,1950,2.7083333333333335,0.5371237993240356
3000,9,333.3333333333333,3,84001,1980,2.75,0.5118365287780762
3000,9,333.3333333333333,3,84001,2010,2.7916666666666665,0.49359285831451416
3000,9,333.3333333333333,3,84001,2040,2.8333333333333335,0.4928344786167145
3000,9,333.3333333333333,3,84001,2070,2.875,0.5155673027038574
3000,9,333.3333333333333,3,84001,2100,2.9166666666666665,0.5092025995254517
3000,9,333.3333333333333,3,84001,2130,2.9583333333333335,0.4927649199962616
3000,9,333.3333333333333,3,84001,2160,3.0,0.5055822730064392
3000,9,333.3333333333333,3,84001,2190,3.0416666666666665,0.5025344491004944
3000,9,333.3333333333333,3,84001,2220,3.0833333333333335,0.49279940128326416
3000,9,333.3333333333333,3,84001,2250,3.125,0.5263075232505798
3000,9,333.3333333333333,3,84001,2280,3.1666666666666665,0.5298811793327332
3000,9,333.3333333333333,3,84001,2310,3.2083333333333335,0.5116955041885376
3000,9,333.3333333333333,3,84001,2340,3.25,0.5112670063972473
3000,9,333.3333333333333,3,84001,2370,3.2916666666666665,0.4992752969264984
3000,9,333.3333333333333,3,84001,2400,3.3333333333333335,0.533985435962677
3000,9,333.3333333333333,3,84001,2430,3.375,0.5170084834098816
3000,9,333.3333333333333,3,84001,2460,3.4166666666666665,0.5022363066673279
3000,9,333.3333333333333,3,84001,2490,3.4583333333333335,0.5070432424545288
3000,9,333.3333333333333,3,84001,2520,3.5,0.4904830753803253
3000,9,333.3333333333333,3,84001,2550,3.5416666666666665,0.5195886492729187
3000,9,333.3333333333333,3,84001,2580,3.5833333333333335,0.49041569232940674
3000,9,333.3333333333333,3,84001,2610,3.625,0.5147682428359985
3000,9,333.3333333333333,3,84001,2640,3.6666666666666665,0.5011458396911621
3000,9,333.3333333333333,3,84001,2670,3.7083333333333335,0.4947367310523987
3000,9,333.3333333333333,3,84001,2700,3.75,0.5188148021697998
3000,9,333.3333333333333,3,84001,2730,3.7916666666666665,0.5078597664833069
3000,9,333.3333333333333,3,84001,2760,3.8333333333333335,0.47887882590293884
3000,9,333.3333333333333,3,84001,2790,3.875,0.49895259737968445
3000,9,333.3333333333333,3,84001,2820,3.9166666666666665,0.5143545866012573
3000,9,333.3333333333333,3,84001,2850,3.9583333333333335,0.4943655729293823
3000,9,333.3333333333333,3,84001,2880,4.0,0.5160408020019531
3000,9,333.3333333333333,3,84001,2910,4.041666666666667,0.4947700500488281
3000,9,333.3333333333333,3,84001,2940,4.083333333333333,0.49345341324806213
3000,9,333.3333333333333,3,84001,2970,4.125,0.5045449137687683
3000,9,333.3333333333333,3,84001,3000,4.166666666666667,0.5215440988540649
3000,9,333.3333333333333,3,84001,3030,4.208333333333333,0.48494017124176025
3000,9,333.3333333333333,3,84001,3060,4.25,0.505831778049469
3000,9,333.3333333333333,3,84001,3090,4.291666666666667,0.47414812445640564
3000,9,333.3333333333333,3,84001,3120,4.333333333333333,0.49944356083869934
3000,9,333.3333333333333,3,84001,3150,4.375,0.49787867069244385
3000,9,333.3333333333333,3,84001,3180,4.416666666666667,0.500711977481842
3000,9,333.3333333333333,3,84001,3210,4.458333333333333,0.4978175759315491
3000,9,333.3333333333333,3,84001,3240,4.5,0.5037983655929565
3000,9,333.3333333333333,3,84001,3270,4.541666666666667,0.516054630279541
3000,9,333.3333333333333,3,84001,3300,4.583333333333333,0.5245150327682495
3000,9,333.3333333333333,3,84001,3330,4.625,0.49906134605407715
3000,9,333.3333333333333,3,84001,3360,4.666666666666667,0.5112160444259644
3000,9,333.3333333333333,3,84001,3390,4.708333333333333,0.48665958642959595
3000,9,333.3333333333333,3,84001,3420,4.75,0.4942491948604584
3000,9,333.3333333333333,3,84001,3450,4.791666666666667,0.4857093095779419
3000,9,333.3333333333333,3,84001,3480,4.833333333333333,0.5043681859970093
3000,9,333.3333333333333,3,84001,3510,4.875,0.500444769859314
3000,9,333.3333333333333,3,84001,3540,4.916666666666667,0.49008041620254517
3000,9,333.3333333333333,3,84001,3570,4.958333333333333,0.4972081780433655
3000,9,333.3333333333333,3,84001,3600,5.0,0.48840323090553284
3000,9,333.3333333333333,4,84001,0,0.0,20.0920467376709
3000,9,333.3333333333333,4,84001,30,0.041666666666666664,18.64026641845703
3000,9,333.3333333333333,4,84001,60,0.08333333333333333,17.361770629882812
3000,9,333.3333333333333,4,84001,90,0.125,15.928428649902344
3000,9,333.3333333333333,4,84001,120,0.16666666666666666,14.445024490356445
3000,9,333.3333333333333,4,84001,150,0.20833333333333334,12.979544639587402
3000,9,333.3333333333333,4,84001,180,0.25,12.180956840515137
3000,9,333.3333333333333,4,84001,210,0.2916666666666667,12.283909797668457
3000,9,333.3333333333333,4,84001,240,0.3333333333333333,12.706260681152344
3000,9,333.3333333333333,4,84001,270,0.375,12.881860733032227
3000,9,333.3333333333333,4,84001,300,0.4166666666666667,12.410601615905762
3000,9,333.3333333333333,4,84001,330,0.4583333333333333,11.745417594909668
3000,9,333.3333333333333,4,84001,360,0.5,11.119247436523438
3000,9,333.3333333333333,4,84001,390,0.5416666666666666,10.782769203186035
3000,9,333.3333333333333,4,84001,420,0.5833333333333334,10.593254089355469
3000,9,333.3333333333333,4,84001,450,0.625,10.489140510559082
3000,9,333.3333333333333,4,84001,480,0.6666666666666666,10.624464988708496
3000,9,333.3333333333333,4,84001,510,0.7083333333333334,10.389239311218262
3000,9,333.3333333333333,4,84001,540,0.75,10.12835693359375
3000,9,333.3333333333333,4,84001,570,0.7916666666666666,9.394954681396484
3000,9,333.3333333333333,4,84001,600,0.8333333333333334,8.427374839782715
3000,9,333.3333333333333,4,84001,630,0.875,7.174452304840088
3000,9,333.3333333333333,4,84001,660,0.9166666666666666,5.728085994720459
3000,9,333.3333333333333,4,84001,690,0.9583333333333334,4.491148471832275
3000,9,333.3333333333333,4,84001,720,1.0,3.35044002532959
3000,9,333.3333333333333,4,84001,750,1.0416666666666667,2.681225538253784
3000,9,333.3333333333333,4,84001,780,1.0833333333333333,2.0699141025543213
3000,9,333.3333333333333,4,84001,810,1.125,1.685855746269226
3000,9,333.3333333333333,4,84001,840,1.1666666666666667,1.4885005950927734
3000,9,333.3333333333333,4,84001,870,1.2083333333333333,1.402686357498169
3000,9,333.3333333333333,4,84001,900,1.25,1.3602828979492188
3000,9,333.3333333333333,4,84001,930,1.2916666666666667,1.3361281156539917
3000,9,333.3333333333333,4,84001,960,1.3333333333333333,1.2283908128738403
3000,9,333.3333333333333,4,84001,990,1.375,1.2124437093734741
3000,9,333.3333333333333,4,84001,1020,1.4166666666666667,1.1884194612503052
3000,9,333.3333333333333,4,84001,1050,1.4583333333333333,1.1892938613891602
3000,9,333.3333333333333,4,84001,1080,1.5,1.1064711809158325
3000,9,333.3333333333333,4,84001,1110,1.5416666666666667,1.0759871006011963
3000,9,333.3333333333333,4,84001,1140,1.5833333333333333,1.004852533340454
3000,9,333.3333333333333,4,84001,1170,1.625,0.9732133746147156
3000,9,333.3333333333333,4,84001,1200,1.6666666666666667,0.8919354677200317
3000,9,333.3333333333333,4,84001,1230,1.7083333333333333,0.7927226424217224
3000,9,333.3333333333333,4,84001,1260,1.75,0.7606554627418518
3000,9,333.3333333333333,4,84001,1290,1.7916666666666667,0.6936545968055725
3000,9,333.3333333333333,4,84001,1320,1.8333333333333333,0.6674281358718872
3000,9,333.3333333333333,4,84001,1350,1.875,0.6257473826408386
3000,9,333.3333333333333,4,84001,1380,1.9166666666666667,0.5950501561164856
3000,9,333.3333333333333,4,84001,1410,1.9583333333333333,0.5775262713432312
3000,9,333.3333333333333,4,84001,1440,2.0,0.5883887410163879
3000,9,333.3333333333333,4,84001,1470,2.0416666666666665,0.5693712830543518
3000,9,333.3333333333333,4,84001,1500,2.0833333333333335,0.5799066424369812
3000,9,333.3333333333333,4,84001,1530,2.125,0.5773690342903137
3000,9,333.3333333333333,4,84001,1560,2.1666666666666665,0.5367257595062256
3000,9,333.3333333333333,4,84001,1590,2.2083333333333335,0.5432286858558655
3000,9,333.3333333333333,4,84001,1620,2.25,0.561576247215271
3000,9,333.3333333333333,4,84001,1650,2.2916666666666665,0.5467186570167542
3000,9,333.3333333333333,4,84001,1680,2.3333333333333335,0.5425751209259033
3000,9,333.3333333333333,4,84001,1710,2.375,0.5684035420417786
3000,9,333.3333333333333,4,84001,1740,2.4166666666666665,0.5689919590950012
3000,9,333.3333333333333,4,84001,1770,2.4583333333333335,0.5503610968589783
3000,9,333.3333333333333,4,84001,1800,2.5,0.5559730529785156
3000,9,333.3333333333333,4,84001,1830,2.5416666666666665,0.5400668382644653
3000,9,333.3333333333333,4,84001,1860,2.5833333333333335,0.5239297747612
3000,9,333.3333333333333,4,84001,1890,2.625,0.5162594318389893
3000,9,333.3333333333333,4,84001,1920,2.6666666666666665,0.5001159906387329
3000,9,333.3333333333333,4,84001,1950,2.7083333333333335,0.5158143639564514
3000,9,333.3333333333333,4,84001,1980,2.75,0.4985576868057251
3000,9,333.3333333333333,4,84001,2010,2.7916666666666665,0.5162293314933777
3000,9,333.3333333333333,4,84001,2040,2.8333333333333335,0.5129331350326538
3000,9,333.3333333333333,4,84001,2070,2.875,0.5263200402259827
3000,9,333.3333333333333,4,84001,2100,2.9166666666666665,0.5200458765029907
3000,9,333.3333333333333,4,84001,2130,2.9583333333333335,0.5237252712249756
3000,9,333.3333333333333,4,84001,2160,3.0,0.5045965313911438
3000,9,333.3333333333333,4,84001,2190,3.0416666666666665,0.5240831971168518
3000,9,333.3333333333333,4,84001,2220,3.0833333333333335,0.5122968554496765
3000,9,333.3333333333333,4,84001,2250,3.125,0.5208248496055603
3000,9,333.3333333333333,4,84001,2280,3.1666666666666665,0.5225710272789001
3000,9,333.3333333333333,4,84001,2310,3.2083333333333335,0.5350894927978516
3000,9,333.3333333333333,4,84001,2340,3.25,0.4953033924102783
3000,9,333.3333333333333,4,84001,2370,3.2916666666666665,0.517320990562439
3000,9,333.3333333333333,4,84001,2400,3.3333333333333335,0.542070209980011
3000,9,333.3333333333333,4,84001,2430,3.375,0.5200207233428955
3000,9,333.3333333333333,4,84001,2460,3.4166666666666665,0.5153271555900574
3000,9,333.3333333333333,4,84001,2490,3.4583333333333335,0.497898668050766
3000,9,333.3333333333333,4,84001,2520,3.5,0.5114706158638
3000,9,333.3333333333333,4,84001,2550,3.5416666666666665,0.5286623239517212
3000,9,333.3333333333333,4,84001,2580,3.5833333333333335,0.5148522257804871
3000,9,333.3333333333333,4,84001,2610,3.625,0.5091752409934998
3000,9,333.3333333333333,4,84001,2640,3.6666666666666665,0.5000510811805725
3000,9,333.3333333333333,4,84001,2670,3.7083333333333335,0.508023202419281
3000,9,333.3333333333333,4,84001,2700,3.75,0.5285555124282837
3000,9,333.3333333333333,4,84001,2730,3.7916666666666665,0.4790895879268646
3000,9,333.3333333333333,4,84001,2760,3.8333333333333335,0.5184322595596313
3000,9,333.3333333333333,4,84001,2790,3.875,0.5065974593162537
3000,9,333.3333333333333,4,84001,2820,3.9166666666666665,0.5157894492149353
3000,9,333.3333333333333,4,84001,2850,3.9583333333333335,0.5034773945808411
3000,9,333.3333333333333,4,84001,2880,4.0,0.5069959759712219
3000,9,333.3333333333333,4,84001,2910,4.041666666666667,0.5220630764961243
3000,9,333.3333333333333,4,84001,2940,4.083333333333333,0.5100281238555908
3000,9,333.3333333333333,4,84001,2970,4.125,0.5228437781333923
3000,9,333.3333333333333,4,84001,3000,4.166666666666667,0.5129635334014893
3000,9,333.3333333333333,4,84001,3030,4.208333333333333,0.46968668699264526
3000,9,333.3333333333333,4,84001,3060,4.25,0.5094748735427856
3000,9,333.3333333333333,4,84001,3090,4.291666666666667,0.5015971660614014
3000,9,333.3333333333333,4,84001,3120,4.333333333333333,0.5218032598495483
3000,9,333.3333333333333,4,84001,3150,4.375,0.49767667055130005
3000,9,333.3333333333333,4,84001,3180,4.416666666666667,0.5145934820175171
3000,9,333.3333333333333,4,84001,3210,4.458333333333333,0.4836842715740204
3000,9,333.3333333333333,4,84001,3240,4.5,0.5236549377441406
3000,9,333.3333333333333,4,84001,3270,4.541666666666667,0.5095791220664978
3000,9,333.3333333333333,4,84001,3300,4.583333333333333,0.5276253819465637
3000,9,333.3333333333333,4,84001,3330,4.625,0.5153714418411255
3000,9,333.3333333333333,4,84001,3360,4.666666666666667,0.49174901843070984
3000,9,333.3333333333333,4,84001,3390,4.708333333333333,0.532345175743103
3000,9,333.3333333333333,4,84001,3420,4.75,0.5253836512565613
3000,9,333.3333333333333,4,84001,3450,4.791666666666667,0.4811694324016571
3000,9,333.3333333333333,4,84001,3480,4.833333333333333,0.4995296895503998
3000,9,333.3333333333333,4,84001,3510,4.875,0.5012471675872803
3000,9,333.3333333333333,4,84001,3540,4.916666666666667,0.5216724872589111
3000,9,333.3333333333333,4,84001,3570,4.958333333333333,0.530829906463623
3000,9,333.3333333333333,4,84001,3600,5.0,0.490947961807251
3000,9,333.3333333333333,5,84001,0,0.0,20.057132720947266
3000,9,333.3333333333333,5,84001,30,0.041666666666666664,18.623964309692383
3000,9,333.3333333333333,5,84001,60,0.08333333333333333,17.345935821533203
3000,9,333.3333333333333,5,84001,90,0.125,16.02694320678711
3000,9,333.3333333333333,5,84001,120,0.16666666666666666,14.397649765014648
3000,9,333.3333333333333,5,84001,150,0.20833333333333334,12.947112083435059
3000,9,333.3333333333333,5,84001,180,0.25,12.017786026000977
3000,9,333.3333333333333,5,84001,210,0.2916666666666667,12.070137023925781
3000,9,333.3333333333333,5,84001,240,0.3333333333333333,12.405458450317383
3000,9,333.3333333333333,5,84001,270,0.375,12.473843574523926
3000,9,333.3333333333333,5,84001,300,0.4166666666666667,12.025912284851074
3000,9,333.3333333333333,5,84001,330,0.4583333333333333,11.385846138000488
3000,9,333.3333333333333,5,84001,360,0.5,10.956364631652832
3000,9,333.3333333333333,5,84001,390,0.5416666666666666,10.770909309387207
3000,9,333.3333333333333,5,84001,420,0.5833333333333334,10.554588317871094
3000,9,333.3333333333333,5,84001,450,0.625,10.53329849243164
3000,9,333.3333333333333,5,84001,480,0.6666666666666666,10.445158004760742
3000,9,333.3333333333333,5,84001,510,0.7083333333333334,10.34042739868164
3000,9,333.3333333333333,5,84001,540,0.75,9.768056869506836
3000,9,333.3333333333333,5,84001,570,0.7916666666666666,9.099698066711426
3000,9,333.3333333333333,5,84001,600,0.8333333333333334,7.964224815368652
3000,9,333.3333333333333,5,84001,630,0.875,6.798557281494141
3000,9,333.3333333333333,5,84001,660,0.9166666666666666,5.533303260803223
3000,9,333.3333333333333,5,84001,690,0.9583333333333334,3.930041551589966
3000,9,333.3333333333333,5,84001,720,1.0,2.9461307525634766
3000,9,333.3333333333333,5,84001,750,1.0416666666666667,2.3336849212646484
3000,9,333.3333333333333,5,84001,780,1.0833333333333333,1.9826138019561768
3000,9,333.3333333333333,5,84001,810,1.125,1.7435351610183716
3000,9,333.3333333333333,5,84001,840,1.1666666666666667,1.4230546951293945
3000,9,333.3333333333333,5,84001,870,1.2083333333333333,1.389065146446228
3000,9,333.3333333333333,5,84001,900,1.25,1.2860443592071533
3000,9,333.3333333333333,5,84001,930,1.2916666666666667,1.2976980209350586
3000,9,333.3333333333333,5,84001,960,1.3333333333333333,1.2617285251617432
3000,9,333.3333333333333,5,84001,990,1.375,1.1828813552856445
3000,9,333.3333333333333,5,84001,1020,1.4166666666666667,1.0492435693740845
3000,9,333.3333333333333,5,84001,1050,1.4583333333333333,1.1114675998687744
3000,9,333.3333333333333,5,84001,1080,1.5,1.0761685371398926
3000,9,333.3333333333333,5,84001,1110,1.5416666666666667,1.0650256872177124
3000,9,333.3333333333333,5,84001,1140,1.5833333333333333,1.0285120010375977
3000,9,333.3333333333333,5,84001,1170,1.625,0.9761738181114197
3000,9,333.3333333333333,5,84001,1200,1.6666666666666667,0.7764967679977417
3000,9,333.3333333333333,5,84001,1230,1.7083333333333333,0.7488260269165039
3000,9,333.3333333333333,5,84001,1260,1.75,0.7264261245727539
3000,9,333.3333333333333,5,84001,1290,1.7916666666666667,0.6613408327102661
3000,9,333.3333333333333,5,84001,1320,1.8333333333333333,0.6656202673912048
3000,9,333.3333333333333,5,84001,1350,1.875,0.6492546200752258
3000,9,333.3333333333333,5,84001,1380,1.9166666666666667,0.6190677285194397
3000,9,333.3333333333333,5,84001,1410,1.9583333333333333,0.6342769265174866
3000,9,333.3333333333333,5,84001,1440,2.0,0.637810468673706
3000,9,333.3333333333333,5,84001,1470,2.0416666666666665,0.615095317363739
3000,9,333.3333333333333,5,84001,1500,2.0833333333333335,0.6024092435836792
3000,9,333.3333333333333,5,84001,1530,2.125,0.5759268999099731
3000,9,333.3333333333333,5,84001,1560,2.1666666666666665,0.57151198387146
3000,9,333.3333333333333,5,84001,1590,2.2083333333333335,0.5531823039054871
3000,9,333.3333333333333,5,84001,1620,2.25,0.5249263644218445
3000,9,333.3333333333333,5,84001,1650,2.2916666666666665,0.5302738547325134
3000,9,333.3333333333333,5,84001,1680,2.3333333333333335,0.5141865015029907
3000,9,333.3333333333333,5,84001,1710,2.375,0.5345245599746704
3000,9,333.3333333333333,5,84001,1740,2.4166666666666665,0.5243445634841919
3000,9,333.3333333333333,5,84001,1770,2.4583333333333335,0.5057572722434998
3000,9,333.3333333333333,5,84001,1800,2.5,0.5014464855194092
3000,9,333.3333333333333,5,84001,1830,2.5416666666666665,0.5088236927986145
3000,9,333.3333333333333,5,84001,1860,2.5833333333333335,0.5073884129524231
3000,9,333.3333333333333,5,84001,1890,2.625,0.45500698685646057
3000,9,333.3333333333333,5,84001,1920,2.6666666666666665,0.47438380122184753
3000,9,333.3333333333333,5,84001,1950,2.7083333333333335,0.4933672547340393
3000,9,333.3333333333333,5,84001,1980,2.75,0.4782441258430481
3000,9,333.3333333333333,5,84001,2010,2.7916666666666665,0.4808559715747833
3000,9,333.3333333333333,5,84001,2040,2.8333333333333335,0.48198071122169495
3000,9,333.3333333333333,5,84001,2070,2.875,0.46698445081710815
3000,9,333.3333333333333,5,84001,2100,2.9166666666666665,0.4836079478263855
3000,9,333.3333333333333,5,84001,2130,2.9583333333333335,0.4749002754688263
3000,9,333.3333333333333,5,84001,2160,3.0,0.47062256932258606
3000,9,333.3333333333333,5,84001,2190,3.0416666666666665,0.4743216931819916
3000,9,333.3333333333333,5,84001,2220,3.0833333333333335,0.47921761870384216
3000,9,333.3333333333333,5,84001,2250,3.125,0.479603111743927
3000,9,333.3333333333333,5,84001,2280,3.1666666666666665,0.48347583413124084
3000,9,333.3333333333333,5,84001,2310,3.2083333333333335,0.4651756286621094
3000,9,333.3333333333333,5,84001,2340,3.25,0.4834807813167572
3000,9,333.3333333333333,5,84001,2370,3.2916666666666665,0.47157469391822815
3000,9,333.3333333333333,5,84001,2400,3.3333333333333335,0.46081477403640747
3000,9,333.3333333333333,5,84001,2430,3.375,0.47481152415275574
3000,9,333.3333333333333,5,84001,2460,3.4166666666666665,0.462581992149353
3000,9,333.3333333333333,5,84001,2490,3.4583333333333335,0.46333667635917664
3000,9,333.3333333333333,5,84001,2520,3.5,0.483458012342453
3000,9,333.3333333333333,5,84001,2550,3.5416666666666665,0.46978604793548584
3000,9,333.3333333333333,5,84001,2580,3.5833333333333335,0.4745308458805084
3000,9,333.3333333333333,5,84001,2610,3.625,0.4657023549079895
3000,9,333.3333333333333,5,84001,2640,3.6666666666666665,0.455818235874176
3000,9,333.3333333333333,5,84001,2670,3.7083333333333335,0.48960790038108826
3000,9,333.3333333333333,5,84001,2700,3.75,0.4851415157318115
3000,9,333.3333333333333,5,84001,2730,3.7916666666666665,0.47353360056877136
3000,9,333.3333333333333,5,84001,2760,3.8333333333333335,0.47288957238197327
3000,9,333.3333333333333,5,84001,2790,3.875,0.4676802456378937
3000,9,333.3333333333333,5,84001,2820,3.9166666666666665,0.4730220437049866
3000,9,333.3333333333333,5,84001,2850,3.9583333333333335,0.45665448904037476
3000,9,333.3333333333333,5,84001,2880,4.0,0.4618242084980011
3000,9,333.3333333333333,5,84001,2910,4.041666666666667,0.46719270944595337
3000,9,333.3333333333333,5,84001,2940,4.083333333333333,0.4751172661781311
3000,9,333.3333333333333,5,84001,2970,4.125,0.4535112977027893
3000,9,333.3333333333333,5,84001,3000,4.166666666666667,0.4895307719707489
3000,9,333.3333333333333,5,84001,3030,4.208333333333333,0.4731808304786682
3000,9,333.3333333333333,5,84001,3060,4.25,0.4628572463989258
3000,9,333.3333333333333,5,84001,3090,4.291666666666667,0.4657517969608307
3000,9,333.3333333333333,5,84001,3120,4.333333333333333,0.4605095088481903
3000,9,333.3333333333333,5,84001,3150,4.375,0.4442142844200134
3000,9,333.3333333333333,5,84001,3180,4.416666666666667,0.47964808344841003
3000,9,333.3333333333333,5,84001,3210,4.458333333333333,0.4708893895149231
3000,9,333.3333333333333,5,84001,3240,4.5,0.4835357964038849
3000,9,333.3333333333333,5,84001,3270,4.541666666666667,0.4782964289188385
3000,9,333.3333333333333,5,84001,3300,4.583333333333333,0.44786229729652405
3000,9,333.3333333333333,5,84001,3330,4.625,0.4708813428878784
3000,9,333.3333333333333,5,84001,3360,4.666666666666667,0.4652010202407837
3000,9,333.3333333333333,5,84001,3390,4.708333333333333,0.4491705000400543
3000,9,333.3333333333333,5,84001,3420,4.75,0.46230965852737427
3000,9,333.3333333333333,5,84001,3450,4.791666666666667,0.444252610206604
3000,9,333.3333333333333,5,84001,3480,4.833333333333333,0.4642895460128784
3000,9,333.3333333333333,5,84001,3510,4.875,0.4541650116443634
3000,9,333.3333333333333,5,84001,3540,4.916666666666667,0.47522416710853577
3000,9,333.3333333333333,5,84001,3570,4.958333333333333,0.4643578827381134
3000,9,333.3333333333333,5,84001,3600,5.0,0.454141765832901
3000,12,250.0,0,84000,0,0.0,19.852645874023438
3000,12,250.0,0,84000,30,0.041666666666666664,17.955215454101562
3000,12,250.0,0,84000,60,0.08333333333333333,16.188514709472656
3000,12,250.0,0,84000,90,0.125,14.191755294799805
3000,12,250.0,0,84000,120,0.16666666666666666,12.263740539550781
3000,12,250.0,0,84000,150,0.20833333333333334,10.558717727661133
3000,12,250.0,0,84000,180,0.25,9.415706634521484
3000,12,250.0,0,84000,210,0.2916666666666667,8.739311218261719
3000,12,250.0,0,84000,240,0.3333333333333333,8.076360702514648
3000,12,250.0,0,84000,270,0.375,7.378656387329102
3000,12,250.0,0,84000,300,0.4166666666666667,6.749087810516357
3000,12,250.0,0,84000,330,0.4583333333333333,6.360503196716309
3000,12,250.0,0,84000,360,0.5,5.996890068054199
3000,12,250.0,0,84000,390,0.5416666666666666,5.796794891357422
3000,12,250.0,0,84000,420,0.5833333333333334,5.4203200340271
3000,12,250.0,0,84000,450,0.625,4.822606563568115
3000,12,250.0,0,84000,480,0.6666666666666666,3.9454586505889893
3000,12,250.0,0,84000,510,0.7083333333333334,2.8106861114501953
3000,12,250.0,0,84000,540,0.75,1.6910902261734009
3000,12,250.0,0,84000,570,0.7916666666666666,0.7836195230484009
3000,12,250.0,0,84000,600,0.8333333333333334,0.428349107503891
3000,12,250.0,0,84000,630,0.875,0.34072455763816833
3000,12,250.0,0,84000,660,0.9166666666666666,0.2879360616207123
3000,12,250.0,0,84000,690,0.9583333333333334,0.272038072347641
3000,12,250.0,0,84000,720,1.0,0.2617247700691223
3000,12,250.0,0,84000,750,1.0416666666666667,0.2525537610054016
3000,12,250.0,0,84000,780,1.0833333333333333,0.23579992353916168
3000,12,250.0,0,84000,810,1.125,0.2245170623064041
3000,12,250.0,0,84000,840,1.1666666666666667,0.21701680123806
3000,12,250.0,0,84000,870,1.2083333333333333,0.20998616516590118
3000,12,250.0,0,84000,900,1.25,0.20425410568714142
3000,12,250.0,0,84000,930,1.2916666666666667,0.1998533308506012
3000,12,250.0,0,84000,960,1.3333333333333333,0.19550447165966034
3000,12,250.0,0,84000,990,1.375,0.19015853106975555
3000,12,250.0,0,84000,1020,1.4166666666666667,0.1825127750635147
3000,12,250.0,0,84000,1050,1.4583333333333333,0.1745491325855255
3000,12,250.0,0,84000,1080,1.5,0.16691552102565765
3000,12,250.0,0,84000,1110,1.5416666666666667,0.16073061525821686
3000,12,250.0,0,84000,1140,1.5833333333333333,0.154597669839859
3000,12,250.0,0,84000,1170,1.625,0.15032652020454407
3000,12,250.0,0,84000,1200,1.6666666666666667,0.14567473530769348
3000,12,250.0,0,84000,1230,1.7083333333333333,0.14134366810321808
3000,12,250.0,0,84000,1260,1.75,0.13697966933250427
3000,12,250.0,0,84000,1290,1.7916666666666667,0.1328672617673874
3000,12,250.0,0,84000,1320,1.8333333333333333,0.128991961479187
3000,12,250.0,0,84000,1350,1.875,0.1253308355808258
3000,12,250.0,0,84000,1380,1.9166666666666667,0.1222362294793129
3000,12,250.0,0,84000,1410,1.9583333333333333,0.11936391890048981
3000,12,250.0,0,84000,1440,2.0,0.11745719611644745
3000,12,250.0,0,84000,1470,2.0416666666666665,0.11599212884902954
3000,12,250.0,0,84000,1500,2.0833333333333335,0.11443684995174408
3000,12,250.0,0,84000,1530,2.125,0.11279396712779999
3000,12,250.0,0,84000,1560,2.1666666666666665,0.11150374263525009
3000,12,250.0,0,84000,1590,2.2083333333333335,0.11010921001434326
3000,12,250.0,0,84000,1620,2.25,0.10901619493961334
3000,12,250.0,0,84000,1650,2.2916666666666665,0.10771474242210388
3000,12,250.0,0,84000,1680,2.3333333333333335,0.10669112205505371
3000,12,250.0,0,84000,1710,2.375,0.10577890276908875
3000,12,250.0,0,84000,1740,2.4166666666666665,0.104983389377594
3000,12,250.0,0,84000,1770,2.4583333333333335,0.10434865206480026
3000,12,250.0,0,84000,1800,2.5,0.10392481833696365
3000,12,250.0,0,84000,1830,2.5416666666666665,0.10327785462141037
3000,12,250.0,0,84000,1860,2.5833333333333335,0.10295341163873672
3000,12,250.0,0,84000,1890,2.625,0.1025405153632164
3000,12,250.0,0,84000,1920,2.6666666666666665,0.10216564685106277
3000,12,250.0,0,84000,1950,2.7083333333333335,0.10202333331108093
3000,12,250.0,0,84000,1980,2.75,0.10171832144260406
3000,12,250.0,0,84000,2010,2.7916666666666665,0.10152731090784073
3000,12,250.0,0,84000,2040,2.8333333333333335,0.10143347084522247
3000,12,250.0,0,84000,2070,2.875,0.1013609915971756
3000,12,250.0,0,84000,2100,2.9166666666666665,0.10142458975315094
3000,12,250.0,0,84000,2130,2.9583333333333335,0.10137713700532913
3000,12,250.0,0,84000,2160,3.0,0.10128892213106155
3000,12,250.0,0,84000,2190,3.0416666666666665,0.10108454525470734
3000,12,250.0,0,84000,2220,3.0833333333333335,0.10074816644191742
3000,12,250.0,0,84000,2250,3.125,0.10037367790937424
3000,12,250.0,0,84000,2280,3.1666666666666665,0.10007183998823166
3000,12,250.0,0,84000,2310,3.2083333333333335,0.09973256289958954
3000,12,250.0,0,84000,2340,3.25,0.09935984015464783
3000,12,250.0,0,84000,2370,3.2916666666666665,0.09906361252069473
3000,12,250.0,0,84000,2400,3.3333333333333335,0.09876970201730728
3000,12,250.0,0,84000,2430,3.375,0.09844110161066055
3000,12,250.0,0,84000,2460,3.4166666666666665,0.09816934168338776
3000,12,250.0,0,84000,2490,3.4583333333333335,0.09791258722543716
3000,12,250.0,0,84000,2520,3.5,0.09761331975460052
3000,12,250.0,0,84000,2550,3.5416666666666665,0.09742272645235062
3000,12,250.0,0,84000,2580,3.5833333333333335,0.09723946452140808
3000,12,250.0,0,84000,2610,3.625,0.09711074829101562
3000,12,250.0,0,84000,2640,3.6666666666666665,0.096956767141819
3000,12,250.0,0,84000,2670,3.7083333333333335,0.0968848392367363
3000,12,250.0,0,84000,2700,3.75,0.09673471003770828
3000,12,250.0,0,84000,2730,3.7916666666666665,0.09664209932088852
3000,12,250.0,0,84000,2760,3.8333333333333335,0.09649883955717087
3000,12,250.0,0,84000,2790,3.875,0.09634649753570557
3000,12,250.0,0,84000,2820,3.9166666666666665,0.09602333605289459
3000,12,250.0,0,84000,2850,3.9583333333333335,0.09595511108636856
3000,12,250.0,0,84000,2880,4.0,0.09558399766683578
3000,12,250.0,0,84000,2910,4.041666666666667,0.0954103171825409
3000,12,250.0,0,84000,2940,4.083333333333333,0.0952557772397995
3000,12,250.0,0,84000,2970,4.125,0.09522294253110886
3000,12,250.0,0,84000,3000,4.166666666666667,0.09516984224319458
3000,12,250.0,0,84000,3030,4.208333333333333,0.09501506388187408
3000,12,250.0,0,84000,3060,4.25,0.09488486498594284
3000,12,250.0,0,84000,3090,4.291666666666667,0.09479650855064392
3000,12,250.0,0,84000,3120,4.333333333333333,0.0946367010474205
3000,12,250.0,0,84000,3150,4.375,0.09448826313018799
3000,12,250.0,0,84000,3180,4.416666666666667,0.0942833423614502
3000,12,250.0,0,84000,3210,4.458333333333333,0.0943523570895195
3000,12,250.0,0,84000,3240,4.5,0.09433355927467346
3000,12,250.0,0,84000,3270,4.541666666666667,0.09431290626525879
3000,12,250.0,0,84000,3300,4.583333333333333,0.09423734247684479
3000,12,250.0,0,84000,3330,4.625,0.09419334679841995
3000,12,250.0,0,84000,3360,4.666666666666667,0.09397493302822113
3000,12,250.0,0,84000,3390,4.708333333333333,0.0938534364104271
3000,12,250.0,0,84000,3420,4.75,0.09363657981157303
3000,12,250.0,0,84000,3450,4.791666666666667,0.09364181756973267
3000,12,250.0,0,84000,3480,4.833333333333333,0.0934314951300621
3000,12,250.0,0,84000,3510,4.875,0.09329884499311447
3000,12,250.0,0,84000,3540,4.916666666666667,0.09319563955068588
3000,12,250.0,0,84000,3570,4.958333333333333,0.0931825041770935
3000,12,250.0,0,84000,3600,5.0,0.09328825771808624
3000,12,250.0,1,84000,0,0.0,20.036903381347656
3000,12,250.0,1,84000,30,0.041666666666666664,18.127838134765625
3000,12,250.0,1,84000,60,0.08333333333333333,16.381813049316406
3000,12,250.0,1,84000,90,0.125,14.341633796691895
3000,12,250.0,1,84000,120,0.16666666666666666,12.276559829711914
3000,12,250.0,1,84000,150,0.20833333333333334,10.533256530761719
3000,12,250.0,1,84000,180,0.25,9.321154594421387
3000,12,250.0,1,84000,210,0.2916666666666667,8.69493579864502
3000,12,250.0,1,84000,240,0.3333333333333333,8.089639663696289
3000,12,250.0,1,84000,270,0.375,7.258053302764893
3000,12,250.0,1,84000,300,0.4166666666666667,6.758303165435791
3000,12,250.0,1,84000,330,0.4583333333333333,6.406070232391357
3000,12,250.0,1,84000,360,0.5,6.152342319488525
3000,12,250.0,1,84000,390,0.5416666666666666,5.8638715744018555
3000,12,250.0,1,84000,420,0.5833333333333334,5.358658313751221
3000,12,250.0,1,84000,450,0.625,4.744133472442627
3000,12,250.0,1,84000,480,0.6666666666666666,3.8302485942840576
3000,12,250.0,1,84000,510,0.7083333333333334,2.689314365386963
3000,12,250.0,1,84000,540,0.75,1.4748847484588623
3000,12,250.0,1,84000,570,0.7916666666666666,0.7979410886764526
3000,12,250.0,1,84000,600,0.8333333333333334,0.4355258643627167
3000,12,250.0,1,84000,630,0.875,0.33394598960876465
3000,12,250.0,1,84000,660,0.9166666666666666,0.30362483859062195
3000,12,250.0,1,84000,690,0.9583333333333334,0.2764185667037964
3000,12,250.0,1,84000,720,1.0,0.2604687213897705
3000,12,250.0,1,84000,750,1.0416666666666667,0.2508215010166168
3000,12,250.0,1,84000,780,1.0833333333333333,0.23816831409931183
3000,12,250.0,1,84000,810,1.125,0.22680053114891052
3000,12,250.0,1,84000,840,1.1666666666666667,0.2168811857700348
3000,12,250.0,1,84000,870,1.2083333333333333,0.2083265334367752
3000,12,250.0,1,84000,900,1.25,0.20264512300491333
3000,12,250.0,1,84000,930,1.2916666666666667,0.19917303323745728
3000,12,250.0,1,84000,960,1.3333333333333333,0.1936531364917755
3000,12,250.0,1,84000,990,1.375,0.18619680404663086
3000,12,250.0,1,84000,1020,1.4166666666666667,0.1782422512769699
3000,12,250.0,1,84000,1050,1.4583333333333333,0.17136649787425995
3000,12,250.0,1,84000,1080,1.5,0.1643349826335907
3000,12,250.0,1,84000,1110,1.5416666666666667,0.15876717865467072
3000,12,250.0,1,84000,1140,1.5833333333333333,0.15404339134693146
3000,12,250.0,1,84000,1170,1.625,0.14916469156742096
3000,12,250.0,1,84000,1200,1.6666666666666667,0.14544256031513214
3000,12,250.0,1,84000,1230,1.7083333333333333,0.14109346270561218
3000,12,250.0,1,84000,1260,1.75,0.13698157668113708
3000,12,250.0,1,84000,1290,1.7916666666666667,0.13277530670166016
3000,12,250.0,1,84000,1320,1.8333333333333333,0.1282949149608612
3000,12,250.0,1,84000,1350,1.875,0.12500284612178802
3000,12,250.0,1,84000,1380,1.9166666666666667,0.12173699587583542
3000,12,250.0,1,84000,1410,1.9583333333333333,0.11984258890151978
3000,12,250.0,1,84000,1440,2.0,0.11771217733621597
3000,12,250.0,1,84000,1470,2.0416666666666665,0.11581072956323624
3000,12,250.0,1,84000,1500,2.0833333333333335,0.11421941220760345
3000,12,250.0,1,84000,1530,2.125,0.1126340851187706
3000,12,250.0,1,84000,1560,2.1666666666666665,0.11137688905000687
3000,12,250.0,1,84000,1590,2.2083333333333335,0.10985027253627777
3000,12,250.0,1,84000,1620,2.25,0.10838449746370316
3000,12,250.0,1,84000,1650,2.2916666666666665,0.10746210068464279
3000,12,250.0,1,84000,1680,2.3333333333333335,0.10648708045482635
3000,12,250.0,1,84000,1710,2.375,0.1055489107966423
3000,12,250.0,1,84000,1740,2.4166666666666665,0.10455998033285141
3000,12,250.0,1,84000,1770,2.4583333333333335,0.10389278084039688
3000,12,250.0,1,84000,1800,2.5,0.103456512093544
3000,12,250.0,1,84000,1830,2.5416666666666665,0.1029360219836235
3000,12,250.0,1,84000,1860,2.5833333333333335,0.1026395857334137
3000,12,250.0,1,84000,1890,2.625,0.10213648527860641
3000,12,250.0,1,84000,1920,2.6666666666666665,0.10179806500673294
3000,12,250.0,1,84000,1950,2.7083333333333335,0.10157865285873413
3000,12,250.0,1,84000,1980,2.75,0.10133803635835648
3000,12,250.0,1,84000,2010,2.7916666666666665,0.10118944942951202
3000,12,250.0,1,84000,2040,2.8333333333333335,0.10112941265106201
3000,12,250.0,1,84000,2070,2.875,0.10117964446544647
3000,12,250.0,1,84000,2100,2.9166666666666665,0.10123925656080246
3000,12,250.0,1,84000,2130,2.9583333333333335,0.1012541800737381
3000,12,250.0,1,84000,2160,3.0,0.10114011913537979
3000,12,250.0,1,84000,2190,3.0416666666666665,0.10106685012578964
3000,12,250.0,1,84000,2220,3.0833333333333335,0.10069692879915237
3000,12,250.0,1,84000,2250,3.125,0.10041599720716476
3000,12,250.0,1,84000,2280,3.1666666666666665,0.10008878260850906
3000,12,250.0,1,84000,2310,3.2083333333333335,0.09967022389173508
3000,12,250.0,1,84000,2340,3.25,0.09922013431787491
3000,12,250.0,1,84000,2370,3.2916666666666665,0.09901856631040573
3000,12,250.0,1,84000,2400,3.3333333333333335,0.0987217128276825
3000,12,250.0,1,84000,2430,3.375,0.09835213422775269
3000,12,250.0,1,84000,2460,3.4166666666666665,0.09803307801485062
3000,12,250.0,1,84000,2490,3.4583333333333335,0.09798197448253632
3000,12,250.0,1,84000,2520,3.5,0.0976547822356224
3000,12,250.0,1,84000,2550,3.5416666666666665,0.09731817990541458
3000,12,250.0,1,84000,2580,3.5833333333333335,0.09725400805473328
3000,12,250.0,1,84000,2610,3.625,0.09711482375860214
3000,12,250.0,1,84000,2640,3.6666666666666665,0.09697086364030838
3000,12,250.0,1,84000,2670,3.7083333333333335,0.0969356819987297
3000,12,250.0,1,84000,2700,3.75,0.09693717211484909
3000,12,250.0,1,84000,2730,3.7916666666666665,0.09680972993373871
3000,12,250.0,1,84000,2760,3.8333333333333335,0.09689731895923615
3000,12,250.0,1,84000,2790,3.875,0.09665191918611526
3000,12,250.0,1,84000,2820,3.9166666666666665,0.09651389718055725
3000,12,250.0,1,84000,2850,3.9583333333333335,0.09618162363767624
3000,12,250.0,1,84000,2880,4.0,0.09585537761449814
3000,12,250.0,1,84000,2910,4.041666666666667,0.09545483440160751
3000,12,250.0,1,84000,2940,4.083333333333333,0.09535787254571915
3000,12,250.0,1,84000,2970,4.125,0.09519553929567337
3000,12,250.0,1,84000,3000,4.166666666666667,0.09499888122081757
3000,12,250.0,1,84000,3030,4.208333333333333,0.09481839835643768
3000,12,250.0,1,84000,3060,4.25,0.09471743553876877
3000,12,250.0,1,84000,3090,4.291666666666667,0.0946619063615799
3000,12,250.0,1,84000,3120,4.333333333333333,0.09452050924301147
3000,12,250.0,1,84000,3150,4.375,0.09452834725379944
3000,12,250.0,1,84000,3180,4.416666666666667,0.09436742961406708
3000,12,250.0,1,84000,3210,4.458333333333333,0.09413288533687592
3000,12,250.0,1,84000,3240,4.5,0.09402790665626526
3000,12,250.0,1,84000,3270,4.541666666666667,0.09417576342821121
3000,12,250.0,1,84000,3300,4.583333333333333,0.09414628148078918
3000,12,250.0,1,84000,3330,4.625,0.09410113841295242
3000,12,250.0,1,84000,3360,4.666666666666667,0.09413837641477585
3000,12,250.0,1,84000,3390,4.708333333333333,0.09411649405956268
3000,12,250.0,1,84000,3420,4.75,0.09402628242969513
3000,12,250.0,1,84000,3450,4.791666666666667,0.09385286271572113
3000,12,250.0,1,84000,3480,4.833333333333333,0.09360990673303604
3000,12,250.0,1,84000,3510,4.875,0.0936141163110733
3000,12,250.0,1,84000,3540,4.916666666666667,0.0934348925948143
3000,12,250.0,1,84000,3570,4.958333333333333,0.09324616193771362
3000,12,250.0,1,84000,3600,5.0,0.09330710023641586
3000,12,250.0,2,84000,0,0.0,19.949281692504883
3000,12,250.0,2,84000,30,0.041666666666666664,18.04671859741211
3000,12,250.0,2,84000,60,0.08333333333333333,16.14004898071289
3000,12,250.0,2,84000,90,0.125,14.176526069641113
3000,12,250.0,2,84000,120,0.16666666666666666,12.220909118652344
3000,12,250.0,2,84000,150,0.20833333333333334,10.624361991882324
3000,12,250.0,2,84000,180,0.25,9.331790924072266
3000,12,250.0,2,84000,210,0.2916666666666667,8.667119979858398
3000,12,250.0,2,84000,240,0.3333333333333333,7.938338756561279
3000,12,250.0,2,84000,270,0.375,7.180700302124023
3000,12,250.0,2,84000,300,0.4166666666666667,6.75249719619751
3000,12,250.0,2,84000,330,0.4583333333333333,6.286222457885742
3000,12,250.0,2,84000,360,0.5,5.914850234985352
3000,12,250.0,2,84000,390,0.5416666666666666,5.758050918579102
3000,12,250.0,2,84000,420,0.5833333333333334,5.353846073150635
3000,12,250.0,2,84000,450,0.625,4.772126197814941
3000,12,250.0,2,84000,480,0.6666666666666666,3.7681353092193604
3000,12,250.0,2,84000,510,0.7083333333333334,2.6025829315185547
3000,12,250.0,2,84000,540,0.75,1.5459840297698975
3000,12,250.0,2,84000,570,0.7916666666666666,0.7960672378540039
3000,12,250.0,2,84000,600,0.8333333333333334,0.4582820534706116
3000,12,250.0,2,84000,630,0.875,0.30434855818748474
3000,12,250.0,2,84000,660,0.9166666666666666,0.2925330698490143
3000,12,250.0,2,84000,690,0.9583333333333334,0.2850795090198517
3000,12,250.0,2,84000,720,1.0,0.27252474427223206
3000,12,250.0,2,84000,750,1.0416666666666667,0.2521991431713104
3000,12,250.0,2,84000,780,1.0833333333333333,0.2364421933889389
3000,12,250.0,2,84000,810,1.125,0.22666357457637787
3000,12,250.0,2,84000,840,1.1666666666666667,0.21886633336544037
3000,12,250.0,2,84000,870,1.2083333333333333,0.21180135011672974
3000,12,250.0,2,84000,900,1.25,0.20622441172599792
3000,12,250.0,2,84000,930,1.2916666666666667,0.20077721774578094
3000,12,250.0,2,84000,960,1.3333333333333333,0.19573111832141876
3000,12,250.0,2,84000,990,1.375,0.18862031400203705
3000,12,250.0,2,84000,1020,1.4166666666666667,0.1812935769557953
3000,12,250.0,2,84000,1050,1.4583333333333333,0.1737884283065796
3000,12,250.0,2,84000,1080,1.5,0.16653744876384735
3000,12,250.0,2,84000,1110,1.5416666666666667,0.1599108725786209
3000,12,250.0,2,84000,1140,1.5833333333333333,0.15428654849529266
3000,12,250.0,2,84000,1170,1.625,0.1496836394071579
3000,12,250.0,2,84000,1200,1.6666666666666667,0.14505669474601746
3000,12,250.0,2,84000,1230,1.7083333333333333,0.14169546961784363
3000,12,250.0,2,84000,1260,1.75,0.1377803236246109
3000,12,250.0,2,84000,1290,1.7916666666666667,0.1333024650812149
3000,12,250.0,2,84000,1320,1.8333333333333333,0.12919075787067413
3000,12,250.0,2,84000,1350,1.875,0.1256725937128067
3000,12,250.0,2,84000,1380,1.9166666666666667,0.1225033774971962
3000,12,250.0,2,84000,1410,1.9583333333333333,0.1198156401515007
3000,12,250.0,2,84000,1440,2.0,0.11761955916881561
3000,12,250.0,2,84000,1470,2.0416666666666665,0.11549662053585052
3000,12,250.0,2,84000,1500,2.0833333333333335,0.11413411796092987
3000,12,250.0,2,84000,1530,2.125,0.11273958534002304
3000,12,250.0,2,84000,1560,2.1666666666666665,0.11144258826971054
3000,12,250.0,2,84000,1590,2.2083333333333335,0.11007684469223022
3000,12,250.0,2,84000,1620,2.25,0.10872922837734222
3000,12,250.0,2,84000,1650,2.2916666666666665,0.10774267464876175
3000,12,250.0,2,84000,1680,2.3333333333333335,0.1067027822136879
3000,12,250.0,2,84000,1710,2.375,0.10587163269519806
3000,12,250.0,2,84000,1740,2.4166666666666665,0.10495011508464813
3000,12,250.0,2,84000,1770,2.4583333333333335,0.10419759154319763
3000,12,250.0,2,84000,1800,2.5,0.10358155518770218
3000,12,250.0,2,84000,1830,2.5416666666666665,0.10312715917825699
3000,12,250.0,2,84000,1860,2.5833333333333335,0.10279349982738495
3000,12,250.0,2,84000,1890,2.625,0.10253705084323883
3000,12,250.0,2,84000,1920,2.6666666666666665,0.10226205736398697
3000,12,250.0,2,84000,1950,2.7083333333333335,0.1019364520907402
3000,12,250.0,2,84000,1980,2.75,0.10180185735225677
3000,12,250.0,2,84000,2010,2.7916666666666665,0.10170121490955353
3000,12,250.0,2,84000,2040,2.8333333333333335,0.1016230434179306
3000,12,250.0,2,84000,2070,2.875,0.10152674466371536
3000,12,250.0,2,84000,2100,2.9166666666666665,0.10146930813789368
3000,12,250.0,2,84000,2130,2.9583333333333335,0.10137296468019485
3000,12,250.0,2,84000,2160,3.0,0.10132500529289246
3000,12,250.0,2,84000,2190,3.0416666666666665,0.1011977344751358
3000,12,250.0,2,84000,2220,3.0833333333333335,0.10099852830171585
3000,12,250.0,2,84000,2250,3.125,0.1006663590669632
3000,12,250.0,2,84000,2280,3.1666666666666665,0.10041105002164841
3000,12,250.0,2,84000,2310,3.2083333333333335,0.09985747933387756
3000,12,250.0,2,84000,2340,3.25,0.09952659904956818
3000,12,250.0,2,84000,2370,3.2916666666666665,0.0992404967546463
3000,12,250.0,2,84000,2400,3.3333333333333335,0.09894289821386337
3000,12,250.0,2,84000,2430,3.375,0.09872402995824814
3000,12,250.0,2,84000,2460,3.4166666666666665,0.09832201898097992
3000,12,250.0,2,84000,2490,3.4583333333333335,0.09795120358467102
3000,12,250.0,2,84000,2520,3.5,0.09765996038913727
3000,12,250.0,2,84000,2550,3.5416666666666665,0.09733293950557709
3000,12,250.0,2,84000,2580,3.5833333333333335,0.09724676609039307
3000,12,250.0,2,84000,2610,3.625,0.09705080091953278
3000,12,250.0,2,84000,2640,3.6666666666666665,0.09708764404058456
3000,12,250.0,2,84000,2670,3.7083333333333335,0.09698785096406937
3000,12,250.0,2,84000,2700,3.75,0.09691154211759567
3000,12,250.0,2,84000,2730,3.7916666666666665,0.097050741314888
3000,12,250.0,2,84000,2760,3.8333333333333335,0.09695716202259064
3000,12,250.0,2,84000,2790,3.875,0.09652872383594513
3000,12,250.0,2,84000,2820,3.9166666666666665,0.09630618989467621
3000,12,250.0,2,84000,2850,3.9583333333333335,0.09595739841461182
3000,12,250.0,2,84000,2880,4.0,0.09558399766683578
3000,12,250.0,2,84000,2910,4.041666666666667,0.09527406096458435
3000,12,250.0,2,84000,2940,4.083333333333333,0.09500189125537872
3000,12,250.0,2,84000,2970,4.125,0.0947803482413292
3000,12,250.0,2,84000,3000,4.166666666666667,0.09475750476121902
3000,12,250.0,2,84000,3030,4.208333333333333,0.09470345824956894
3000,12,250.0,2,84000,3060,4.25,0.09482894092798233
3000,12,250.0,2,84000,3090,4.291666666666667,0.094731405377388
3000,12,250.0,2,84000,3120,4.333333333333333,0.09463908523321152
3000,12,250.0,2,84000,3150,4.375,0.09454264491796494
3000,12,250.0,2,84000,3180,4.416666666666667,0.09451546519994736
3000,12,250.0,2,84000,3210,4.458333333333333,0.09443650394678116
3000,12,250.0,2,84000,3240,4.5,0.09439224004745483
3000,12,250.0,2,84000,3270,4.541666666666667,0.09442241489887238
3000,12,250.0,2,84000,3300,4.583333333333333,0.09459565579891205
3000,12,250.0,2,84000,3330,4.625,0.09431089460849762
3000,12,250.0,2,84000,3360,4.666666666666667,0.09439954906702042
3000,12,250.0,2,84000,3390,4.708333333333333,0.0942959189414978
3000,12,250.0,2,84000,3420,4.75,0.09400675445795059
3000,12,250.0,2,84000,3450,4.791666666666667,0.09372683614492416
3000,12,250.0,2,84000,3480,4.833333333333333,0.09362807124853134
3000,12,250.0,2,84000,3510,4.875,0.09339768439531326
3000,12,250.0,2,84000,3540,4.916666666666667,0.09332650899887085
3000,12,250.0,2,84000,3570,4.958333333333333,0.09335527569055557
3000,12,250.0,2,84000,3600,5.0,0.09329229593276978
3000,12,250.0,3,84001,0,0.0,20.14867401123047
3000,12,250.0,3,84001,30,0.041666666666666664,18.20685386657715
3000,12,250.0,3,84001,60,0.08333333333333333,16.28150749206543
3000,12,250.0,3,84001,90,0.125,14.415905952453613
3000,12,250.0,3,84001,120,0.16666666666666666,12.44249439239502
3000,12,250.0,3,84001,150,0.20833333333333334,10.667814254760742
3000,12,250.0,3,84001,180,0.25,9.444507598876953
3000,12,250.0,3,84001,210,0.2916666666666667,8.706005096435547
3000,12,250.0,3,84001,240,0.3333333333333333,7.946700096130371
3000,12,250.0,3,84001,270,0.375,7.038654804229736
3000,12,250.0,3,84001,300,0.4166666666666667,6.543769359588623
3000,12,250.0,3,84001,330,0.4583333333333333,6.355336666107178
3000,12,250.0,3,84001,360,0.5,6.1397929191589355
3000,12,250.0,3,84001,390,0.5416666666666666,5.853977680206299
3000,12,250.0,3,84001,420,0.5833333333333334,5.478726387023926
3000,12,250.0,3,84001,450,0.625,4.827353000640869
3000,12,250.0,3,84001,480,0.6666666666666666,3.8781628608703613
3000,12,250.0,3,84001,510,0.7083333333333334,2.581794023513794
3000,12,250.0,3,84001,540,0.75,1.3781570196151733
3000,12,250.0,3,84001,570,0.7916666666666666,0.7187412977218628
3000,12,250.0,3,84001,600,0.8333333333333334,0.45226359367370605
3000,12,250.0,3,84001,630,0.875,0.3050095736980438
3000,12,250.0,3,84001,660,0.9166666666666666,0.2961651384830475
3000,12,250.0,3,84001,690,0.9583333333333334,0.27981457114219666
3000,12,250.0,3,84001,720,1.0,0.2740110456943512
3000,12,250.0,3,84001,750,1.0416666666666667,0.24975764751434326
3000,12,250.0,3,84001,780,1.0833333333333333,0.23995347321033478
3000,12,250.0,3,84001,810,1.125,0.22703807055950165
3000,12,250.0,3,84001,840,1.1666666666666667,0.21712540090084076
3000,12,250.0,3,84001,870,1.2083333333333333,0.20970387756824493
3000,12,250.0,3,84001,900,1.25,0.2033088654279709
3000,12,250.0,3,84001,930,1.2916666666666667,0.19695553183555603
3000,12,250.0,3,84001,960,1.3333333333333333,0.1910669356584549
3000,12,250.0,3,84001,990,1.375,0.18443571031093597
3000,12,250.0,3,84001,1020,1.4166666666666667,0.17855118215084076
3000,12,250.0,3,84001,1050,1.4583333333333333,0.17159077525138855
3000,12,250.0,3,84001,1080,1.5,0.16467155516147614
3000,12,250.0,3,84001,1110,1.5416666666666667,0.1587706059217453
3000,12,250.0,3,84001,1140,1.5833333333333333,0.15347857773303986
3000,12,250.0,3,84001,1170,1.625,0.14874538779258728
3000,12,250.0,3,84001,1200,1.6666666666666667,0.1448783129453659
3000,12,250.0,3,84001,1230,1.7083333333333333,0.1411856859922409
3000,12,250.0,3,84001,1260,1.75,0.13651399314403534
3000,12,250.0,3,84001,1290,1.7916666666666667,0.1324806660413742
3000,12,250.0,3,84001,1320,1.8333333333333333,0.1287355273962021
3000,12,250.0,3,84001,1350,1.875,0.1249535009264946
3000,12,250.0,3,84001,1380,1.9166666666666667,0.12202963978052139
3000,12,250.0,3,84001,1410,1.9583333333333333,0.11973521113395691
3000,12,250.0,3,84001,1440,2.0,0.11764170229434967
3000,12,250.0,3,84001,1470,2.0416666666666665,0.11591466516256332
3000,12,250.0,3,84001,1500,2.0833333333333335,0.114341601729393
3000,12,250.0,3,84001,1530,2.125,0.11238399147987366
3000,12,250.0,3,84001,1560,2.1666666666666665,0.11072192341089249
3000,12,250.0,3,84001,1590,2.2083333333333335,0.10960038006305695
3000,12,250.0,3,84001,1620,2.25,0.10838285088539124
3000,12,250.0,3,84001,1650,2.2916666666666665,0.10730177164077759
3000,12,250.0,3,84001,1680,2.3333333333333335,0.1064319834113121
3000,12,250.0,3,84001,1710,2.375,0.10549918562173843
3000,12,250.0,3,84001,1740,2.4166666666666665,0.10470179468393326
3000,12,250.0,3,84001,1770,2.4583333333333335,0.1041107177734375
3000,12,250.0,3,84001,1800,2.5,0.10357844829559326
3000,12,250.0,3,84001,1830,2.5416666666666665,0.10328307747840881
3000,12,250.0,3,84001,1860,2.5833333333333335,0.10299791395664215
3000,12,250.0,3,84001,1890,2.625,0.10266274213790894
3000,12,250.0,3,84001,1920,2.6666666666666665,0.10209444165229797
3000,12,250.0,3,84001,1950,2.7083333333333335,0.10199877619743347
3000,12,250.0,3,84001,1980,2.75,0.10203684121370316
3000,12,250.0,3,84001,2010,2.7916666666666665,0.10174714028835297
3000,12,250.0,3,84001,2040,2.8333333333333335,0.10160654783248901
3000,12,250.0,3,84001,2070,2.875,0.10152174532413483
3000,12,250.0,3,84001,2100,2.9166666666666665,0.10140775889158249
3000,12,250.0,3,84001,2130,2.9583333333333335,0.10136653482913971
3000,12,250.0,3,84001,2160,3.0,0.10110535472631454
3000,12,250.0,3,84001,2190,3.0416666666666665,0.10091221332550049
3000,12,250.0,3,84001,2220,3.0833333333333335,0.10059818625450134
3000,12,250.0,3,84001,2250,3.125,0.10027656704187393
3000,12,250.0,3,84001,2280,3.1666666666666665,0.10000055283308029
3000,12,250.0,3,84001,2310,3.2083333333333335,0.09965857863426208
3000,12,250.0,3,84001,2340,3.25,0.09941627830266953
3000,12,250.0,3,84001,2370,3.2916666666666665,0.09933748096227646
3000,12,250.0,3,84001,2400,3.3333333333333335,0.09911717474460602
3000,12,250.0,3,84001,2430,3.375,0.09871651977300644
3000,12,250.0,3,84001,2460,3.4166666666666665,0.09829896688461304
3000,12,250.0,3,84001,2490,3.4583333333333335,0.09792748838663101
3000,12,250.0,3,84001,2520,3.5,0.09761156886816025
3000,12,250.0,3,84001,2550,3.5416666666666665,0.09736132621765137
3000,12,250.0,3,84001,2580,3.5833333333333335,0.09708646684885025
3000,12,250.0,3,84001,2610,3.625,0.09690134972333908
3000,12,250.0,3,84001,2640,3.6666666666666665,0.09682035446166992
3000,12,250.0,3,84001,2670,3.7083333333333335,0.09675903618335724
3000,12,250.0,3,84001,2700,3.75,0.09660383313894272
3000,12,250.0,3,84001,2730,3.7916666666666665,0.09661775827407837
3000,12,250.0,3,84001,2760,3.8333333333333335,0.09649009257555008
3000,12,250.0,3,84001,2790,3.875,0.09638155251741409
3000,12,250.0,3,84001,2820,3.9166666666666665,0.09615687280893326
3000,12,250.0,3,84001,2850,3.9583333333333335,0.09597039967775345
3000,12,250.0,3,84001,2880,4.0,0.09576927870512009
3000,12,250.0,3,84001,2910,4.041666666666667,0.09564131498336792
3000,12,250.0,3,84001,2940,4.083333333333333,0.09546889364719391
3000,12,250.0,3,84001,2970,4.125,0.09533235430717468
3000,12,250.0,3,84001,3000,4.166666666666667,0.09520343691110611
3000,12,250.0,3,84001,3030,4.208333333333333,0.09502165019512177
3000,12,250.0,3,84001,3060,4.25,0.09491061419248581
3000,12,250.0,3,84001,3090,4.291666666666667,0.09471628814935684
3000,12,250.0,3,84001,3120,4.333333333333333,0.09470050781965256
3000,12,250.0,3,84001,3150,4.375,0.09452547132968903
3000,12,250.0,3,84001,3180,4.416666666666667,0.09433766454458237
3000,12,250.0,3,84001,3210,4.458333333333333,0.09423168748617172
3000,12,250.0,3,84001,3240,4.5,0.09422358870506287
3000,12,250.0,3,84001,3270,4.541666666666667,0.09417544305324554
3000,12,250.0,3,84001,3300,4.583333333333333,0.09417371451854706
3000,12,250.0,3,84001,3330,4.625,0.0940709039568901
3000,12,250.0,3,84001,3360,4.666666666666667,0.0941658765077591
3000,12,250.0,3,84001,3390,4.708333333333333,0.09404732286930084
3000,12,250.0,3,84001,3420,4.75,0.0939454734325409
3000,12,250.0,3,84001,3450,4.791666666666667,0.09376581013202667
3000,12,250.0,3,84001,3480,4.833333333333333,0.09365927428007126
3000,12,250.0,3,84001,3510,4.875,0.09355383366346359
3000,12,250.0,3,84001,3540,4.916666666666667,0.0935213714838028
3000,12,250.0,3,84001,3570,4.958333333333333,0.09355422109365463
3000,12,250.0,3,84001,3600,5.0,0.09356449544429779
3000,12,250.0,4,84001,0,0.0,20.0920467376709
3000,12,250.0,4,84001,30,0.041666666666666664,18.276439666748047
3000,12,250.0,4,84001,60,0.08333333333333333,16.43657684326172
3000,12,250.0,4,84001,90,0.125,14.467874526977539
3000,12,250.0,4,84001,120,0.16666666666666666,12.562823295593262
3000,12,250.0,4,84001,150,0.20833333333333334,10.713584899902344
3000,12,250.0,4,84001,180,0.25,9.54751968383789
3000,12,250.0,4,84001,210,0.2916666666666667,8.925926208496094
3000,12,250.0,4,84001,240,0.3333333333333333,8.057193756103516
3000,12,250.0,4,84001,270,0.375,7.185502052307129
3000,12,250.0,4,84001,300,0.4166666666666667,6.414287567138672
3000,12,250.0,4,84001,330,0.4583333333333333,6.289952278137207
3000,12,250.0,4,84001,360,0.5,6.0733208656311035
3000,12,250.0,4,84001,390,0.5416666666666666,5.85796594619751
3000,12,250.0,4,84001,420,0.5833333333333334,5.606431007385254
3000,12,250.0,4,84001,450,0.625,5.041856288909912
3000,12,250.0,4,84001,480,0.6666666666666666,4.076774597167969
3000,12,250.0,4,84001,510,0.7083333333333334,2.880173921585083
3000,12,250.0,4,84001,540,0.75,1.7377674579620361
3000,12,250.0,4,84001,570,0.7916666666666666,1.0197614431381226
3000,12,250.0,4,84001,600,0.8333333333333334,0.42172494530677795
3000,12,250.0,4,84001,630,0.875,0.3030053675174713
3000,12,250.0,4,84001,660,0.9166666666666666,0.28006622195243835
3000,12,250.0,4,84001,690,0.9583333333333334,0.27182918787002563
3000,12,250.0,4,84001,720,1.0,0.2635502815246582
3000,12,250.0,4,84001,750,1.0416666666666667,0.25358104705810547
3000,12,250.0,4,84001,780,1.0833333333333333,0.24278564751148224
3000,12,250.0,4,84001,810,1.125,0.23058468103408813
3000,12,250.0,4,84001,840,1.1666666666666667,0.21710710227489471
3000,12,250.0,4,84001,870,1.2083333333333333,0.20660613477230072
3000,12,250.0,4,84001,900,1.25,0.20193442702293396
3000,12,250.0,4,84001,930,1.2916666666666667,0.19767063856124878
3000,12,250.0,4,84001,960,1.3333333333333333,0.19314807653427124
3000,12,250.0,4,84001,990,1.375,0.18769146502017975
3000,12,250.0,4,84001,1020,1.4166666666666667,0.179773211479187
3000,12,250.0,4,84001,1050,1.4583333333333333,0.17191243171691895
3000,12,250.0,4,84001,1080,1.5,0.16466481983661652
3000,12,250.0,4,84001,1110,1.5416666666666667,0.15882261097431183
3000,12,250.0,4,84001,1140,1.5833333333333333,0.1540307253599167
3000,12,250.0,4,84001,1170,1.625,0.14990447461605072
3000,12,250.0,4,84001,1200,1.6666666666666667,0.14541278779506683
3000,12,250.0,4,84001,1230,1.7083333333333333,0.1411779820919037
3000,12,250.0,4,84001,1260,1.75,0.13632924854755402
3000,12,250.0,4,84001,1290,1.7916666666666667,0.13190409541130066
3000,12,250.0,4,84001,1320,1.8333333333333333,0.12737680971622467
3000,12,250.0,4,84001,1350,1.875,0.12365958839654922
3000,12,250.0,4,84001,1380,1.9166666666666667,0.12106164544820786
3000,12,250.0,4,84001,1410,1.9583333333333333,0.11856117099523544
3000,12,250.0,4,84001,1440,2.0,0.11648128181695938
3000,12,250.0,4,84001,1470,2.0416666666666665,0.11484452337026596
3000,12,250.0,4,84001,1500,2.0833333333333335,0.11319801956415176
3000,12,250.0,4,84001,1530,2.125,0.1118449717760086
3000,12,250.0,4,84001,1560,2.1666666666666665,0.11064831912517548
3000,12,250.0,4,84001,1590,2.2083333333333335,0.10958202928304672
3000,12,250.0,4,84001,1620,2.25,0.10845949500799179
3000,12,250.0,4,84001,1650,2.2916666666666665,0.10714812576770782
3000,12,250.0,4,84001,1680,2.3333333333333335,0.10621846467256546
3000,12,250.0,4,84001,1710,2.375,0.10532379895448685
3000,12,250.0,4,84001,1740,2.4166666666666665,0.10461022704839706
3000,12,250.0,4,84001,1770,2.4583333333333335,0.10411423444747925
3000,12,250.0,4,84001,1800,2.5,0.10351810604333878
3000,12,250.0,4,84001,1830,2.5416666666666665,0.10295021533966064
3000,12,250.0,4,84001,1860,2.5833333333333335,0.10267586261034012
3000,12,250.0,4,84001,1890,2.625,0.10233752429485321
3000,12,250.0,4,84001,1920,2.6666666666666665,0.10190112143754959
3000,12,250.0,4,84001,1950,2.7083333333333335,0.10160289704799652
3000,12,250.0,4,84001,1980,2.75,0.10161173343658447
3000,12,250.0,4,84001,2010,2.7916666666666665,0.1015302762389183
3000,12,250.0,4,84001,2040,2.8333333333333335,0.10135332494974136
3000,12,250.0,4,84001,2070,2.875,0.10130612552165985
3000,12,250.0,4,84001,2100,2.9166666666666665,0.1013982817530632
3000,12,250.0,4,84001,2130,2.9583333333333335,0.10127250105142593
3000,12,250.0,4,84001,2160,3.0,0.10117797553539276
3000,12,250.0,4,84001,2190,3.0416666666666665,0.10102524608373642
3000,12,250.0,4,84001,2220,3.0833333333333335,0.10078766942024231
3000,12,250.0,4,84001,2250,3.125,0.10050741583108902
3000,12,250.0,4,84001,2280,3.1666666666666665,0.10012789815664291
3000,12,250.0,4,84001,2310,3.2083333333333335,0.09981762617826462
3000,12,250.0,4,84001,2340,3.25,0.09938431531190872
3000,12,250.0,4,84001,2370,3.2916666666666665,0.09893934428691864
3000,12,250.0,4,84001,2400,3.3333333333333335,0.09866577386856079
3000,12,250.0,4,84001,2430,3.375,0.09819962829351425
3000,12,250.0,4,84001,2460,3.4166666666666665,0.09801466763019562
3000,12,250.0,4,84001,2490,3.4583333333333335,0.09765824675559998
3000,12,250.0,4,84001,2520,3.5,0.09745365381240845
3000,12,250.0,4,84001,2550,3.5416666666666665,0.09719594568014145
3000,12,250.0,4,84001,2580,3.5833333333333335,0.09694535285234451
3000,12,250.0,4,84001,2610,3.625,0.09688300639390945
3000,12,250.0,4,84001,2640,3.6666666666666665,0.09667445719242096
3000,12,250.0,4,84001,2670,3.7083333333333335,0.09651308506727219
3000,12,250.0,4,84001,2700,3.75,0.09644370526075363
3000,12,250.0,4,84001,2730,3.7916666666666665,0.09641233086585999
3000,12,250.0,4,84001,2760,3.8333333333333335,0.0963243618607521
3000,12,250.0,4,84001,2790,3.875,0.09621363133192062
3000,12,250.0,4,84001,2820,3.9166666666666665,0.09600748866796494
3000,12,250.0,4,84001,2850,3.9583333333333335,0.09585056453943253
3000,12,250.0,4,84001,2880,4.0,0.09566444158554077
3000,12,250.0,4,84001,2910,4.041666666666667,0.09532584995031357
3000,12,250.0,4,84001,2940,4.083333333333333,0.09507744014263153
3000,12,250.0,4,84001,2970,4.125,0.09490463137626648
3000,12,250.0,4,84001,3000,4.166666666666667,0.09481056779623032
3000,12,250.0,4,84001,3030,4.208333333333333,0.0947818011045456
3000,12,250.0,4,84001,3060,4.25,0.09467234462499619
3000,12,250.0,4,84001,3090,4.291666666666667,0.09457941353321075
3000,12,250.0,4,84001,3120,4.333333333333333,0.09451168030500412
3000,12,250.0,4,84001,3150,4.375,0.09445594996213913
3000,12,250.0,4,84001,3180,4.416666666666667,0.09437638521194458
3000,12,250.0,4,84001,3210,4.458333333333333,0.09423384815454483
3000,12,250.0,4,84001,3240,4.5,0.09419352561235428
3000,12,250.0,4,84001,3270,4.541666666666667,0.09422694891691208
3000,12,250.0,4,84001,3300,4.583333333333333,0.09414695203304291
3000,12,250.0,4,84001,3330,4.625,0.09417024999856949
3000,12,250.0,4,84001,3360,4.666666666666667,0.09420942515134811
3000,12,250.0,4,84001,3390,4.708333333333333,0.09407024085521698
3000,12,250.0,4,84001,3420,4.75,0.09394577890634537
3000,12,250.0,4,84001,3450,4.791666666666667,0.09384860098361969
3000,12,250.0,4,84001,3480,4.833333333333333,0.09368019551038742
3000,12,250.0,4,84001,3510,4.875,0.09338414669036865
3000,12,250.0,4,84001,3540,4.916666666666667,0.0932779535651207
3000,12,250.0,4,84001,3570,4.958333333333333,0.09318436682224274
3000,12,250.0,4,84001,3600,5.0,0.09321488440036774
3000,12,250.0,5,84001,0,0.0,20.057132720947266
3000,12,250.0,5,84001,30,0.041666666666666664,18.028945922851562
3000,12,250.0,5,84001,60,0.08333333333333333,16.060951232910156
3000,12,250.0,5,84001,90,0.125,14.134180068969727
3000,12,250.0,5,84001,120,0.16666666666666666,12.063220977783203
3000,12,250.0,5,84001,150,0.20833333333333334,10.438729286193848
3000,12,250.0,5,84001,180,0.25,9.29178237915039
3000,12,250.0,5,84001,210,0.2916666666666667,8.493450164794922
3000,12,250.0,5,84001,240,0.3333333333333333,7.85213041305542
3000,12,250.0,5,84001,270,0.375,7.219547748565674
3000,12,250.0,5,84001,300,0.4166666666666667,6.576570510864258
3000,12,250.0,5,84001,330,0.4583333333333333,6.245243072509766
3000,12,250.0,5,84001,360,0.5,6.058165550231934
3000,12,250.0,5,84001,390,0.5416666666666666,5.759774684906006
3000,12,250.0,5,84001,420,0.5833333333333334,5.361954689025879
3000,12,250.0,5,84001,450,0.625,4.856687545776367
3000,12,250.0,5,84001,480,0.6666666666666666,3.9410109519958496
3000,12,250.0,5,84001,510,0.7083333333333334,2.6550276279449463
3000,12,250.0,5,84001,540,0.75,1.4706465005874634
3000,12,250.0,5,84001,570,0.7916666666666666,0.8153340816497803
3000,12,250.0,5,84001,600,0.8333333333333334,0.4870012104511261
3000,12,250.0,5,84001,630,0.875,0.30343350768089294
3000,12,250.0,5,84001,660,0.9166666666666666,0.2843824326992035
3000,12,250.0,5,84001,690,0.9583333333333334,0.27016836404800415
3000,12,250.0,5,84001,720,1.0,0.26022905111312866
3000,12,250.0,5,84001,750,1.0416666666666667,0.24648140370845795
3000,12,250.0,5,84001,780,1.0833333333333333,0.23494470119476318
3000,12,250.0,5,84001,810,1.125,0.22244887053966522
3000,12,250.0,5,84001,840,1.1666666666666667,0.212739497423172
3000,12,250.0,5,84001,870,1.2083333333333333,0.206653892993927
3000,12,250.0,5,84001,900,1.25,0.20226570963859558
3000,12,250.0,5,84001,930,1.2916666666666667,0.19861480593681335
3000,12,250.0,5,84001,960,1.3333333333333333,0.1943223625421524
3000,12,250.0,5,84001,990,1.375,0.18805180490016937
3000,12,250.0,5,84001,1020,1.4166666666666667,0.18103134632110596
3000,12,250.0,5,84001,1050,1.4583333333333333,0.17324984073638916
3000,12,250.0,5,84001,1080,1.5,0.16616058349609375
3000,12,250.0,5,84001,1110,1.5416666666666667,0.15923137962818146
3000,12,250.0,5,84001,1140,1.5833333333333333,0.15405182540416718
3000,12,250.0,5,84001,1170,1.625,0.14945043623447418
3000,12,250.0,5,84001,1200,1.6666666666666667,0.14500926434993744
3000,12,250.0,5,84001,1230,1.7083333333333333,0.14044688642024994
3000,12,250.0,5,84001,1260,1.75,0.1362474113702774
3000,12,250.0,5,84001,1290,1.7916666666666667,0.1314689964056015
3000,12,250.0,5,84001,1320,1.8333333333333333,0.1276649385690689
3000,12,250.0,5,84001,1350,1.875,0.12413228303194046
3000,12,250.0,5,84001,1380,1.9166666666666667,0.12102853506803513
3000,12,250.0,5,84001,1410,1.9583333333333333,0.11912834644317627
3000,12,250.0,5,84001,1440,2.0,0.11738335341215134
3000,12,250.0,5,84001,1470,2.0416666666666665,0.11558285355567932
3000,12,250.0,5,84001,1500,2.0833333333333335,0.11435843259096146
3000,12,250.0,5,84001,1530,2.125,0.11308983713388443
3000,12,250.0,5,84001,1560,2.1666666666666665,0.1119212731719017
3000,12,250.0,5,84001,1590,2.2083333333333335,0.11062643676996231
3000,12,250.0,5,84001,1620,2.25,0.10950013995170593
3000,12,250.0,5,84001,1650,2.2916666666666665,0.108352430164814
3000,12,250.0,5,84001,1680,2.3333333333333335,0.10668540745973587
3000,12,250.0,5,84001,1710,2.375,0.10577685385942459
3000,12,250.0,5,84001,1740,2.4166666666666665,0.10515934973955154
3000,12,250.0,5,84001,1770,2.4583333333333335,0.10441290587186813
3000,12,250.0,5,84001,1800,2.5,0.1039043590426445
3000,12,250.0,5,84001,1830,2.5416666666666665,0.10332633554935455
3000,12,250.0,5,84001,1860,2.5833333333333335,0.10283089429140091
3000,12,250.0,5,84001,1890,2.625,0.10238195955753326
3000,12,250.0,5,84001,1920,2.6666666666666665,0.1020648181438446
3000,12,250.0,5,84001,1950,2.7083333333333335,0.1018594279885292
3000,12,250.0,5,84001,1980,2.75,0.10170269757509232
3000,12,250.0,5,84001,2010,2.7916666666666665,0.10164815187454224
3000,12,250.0,5,84001,2040,2.8333333333333335,0.10167694091796875
3000,12,250.0,5,84001,2070,2.875,0.10150575637817383
3000,12,250.0,5,84001,2100,2.9166666666666665,0.10139404982328415
3000,12,250.0,5,84001,2130,2.9583333333333335,0.10137292742729187
3000,12,250.0,5,84001,2160,3.0,0.10109895467758179
3000,12,250.0,5,84001,2190,3.0416666666666665,0.10091648250818253
3000,12,250.0,5,84001,2220,3.0833333333333335,0.10060101002454758
3000,12,250.0,5,84001,2250,3.125,0.10041137784719467
3000,12,250.0,5,84001,2280,3.1666666666666665,0.10002174973487854
3000,12,250.0,5,84001,2310,3.2083333333333335,0.09960299730300903
3000,12,250.0,5,84001,2340,3.25,0.09924627840518951
3000,12,250.0,5,84001,2370,3.2916666666666665,0.09890573471784592
3000,12,250.0,5,84001,2400,3.3333333333333335,0.09861661493778229
3000,12,250.0,5,84001,2430,3.375,0.09827979654073715
3000,12,250.0,5,84001,2460,3.4166666666666665,0.0980149433016777
3000,12,250.0,5,84001,2490,3.4583333333333335,0.09764430671930313
3000,12,250.0,5,84001,2520,3.5,0.09766345471143723
3000,12,250.0,5,84001,2550,3.5416666666666665,0.09754417091608047
3000,12,250.0,5,84001,2580,3.5833333333333335,0.09721558541059494
3000,12,250.0,5,84001,2610,3.625,0.09720998257398605
3000,12,250.0,5,84001,2640,3.6666666666666665,0.09702198952436447
3000,12,250.0,5,84001,2670,3.7083333333333335,0.09686557948589325
3000,12,250.0,5,84001,2700,3.75,0.09681058675050735
3000,12,250.0,5,84001,2730,3.7916666666666665,0.09674166142940521
3000,12,250.0,5,84001,2760,3.8333333333333335,0.09658431261777878
3000,12,250.0,5,84001,2790,3.875,0.09637238830327988
3000,12,250.0,5,84001,2820,3.9166666666666665,0.0961701050400734
3000,12,250.0,5,84001,2850,3.9583333333333335,0.09595982730388641
3000,12,250.0,5,84001,2880,4.0,0.09559012949466705
3000,12,250.0,5,84001,2910,4.041666666666667,0.0953335091471672
3000,12,250.0,5,84001,2940,4.083333333333333,0.09505808353424072
3000,12,250.0,5,84001,2970,4.125,0.09488750249147415
3000,12,250.0,5,84001,3000,4.166666666666667,0.09483293443918228
3000,12,250.0,5,84001,3030,4.208333333333333,0.09464285522699356
3000,12,250.0,5,84001,3060,4.25,0.09458068013191223
3000,12,250.0,5,84001,3090,4.291666666666667,0.09457491338253021
3000,12,250.0,5,84001,3120,4.333333333333333,0.09443250298500061
3000,12,250.0,5,84001,3150,4.375,0.09442205727100372
3000,12,250.0,5,84001,3180,4.416666666666667,0.09433341771364212
3000,12,250.0,5,84001,3210,4.458333333333333,0.09425798803567886
3000,12,250.0,5,84001,3240,4.5,0.09426257014274597
3000,12,250.0,5,84001,3270,4.541666666666667,0.0942060574889183
3000,12,250.0,5,84001,3300,4.583333333333333,0.0941309779882431
3000,12,250.0,5,84001,3330,4.625,0.09401661902666092
3000,12,250.0,5,84001,3360,4.666666666666667,0.09389915317296982
3000,12,250.0,5,84001,3390,4.708333333333333,0.09379302710294724
3000,12,250.0,5,84001,3420,4.75,0.09361117333173752
3000,12,250.0,5,84001,3450,4.791666666666667,0.09355311840772629
3000,12,250.0,5,84001,3480,4.833333333333333,0.09347288310527802
3000,12,250.0,5,84001,3510,4.875,0.0932648703455925
3000,12,250.0,5,84001,3540,4.916666666666667,0.09325728565454483
3000,12,250.0,5,84001,3570,4.958333333333333,0.09320695698261261
3000,12,250.0,5,84001,3600,5.0,0.09325907379388809
4000,9,444.44444444444446,0,84000,0,0.0,19.749778747558594
4000,9,444.44444444444446,0,84000,30,0.041666666666666664,18.823232650756836
4000,9,444.44444444444446,0,84000,60,0.08333333333333333,17.992977142333984
4000,9,444.44444444444446,0,84000,90,0.125,17.009628295898438
4000,9,444.44444444444446,0,84000,120,0.16666666666666666,15.836441993713379
4000,9,444.44444444444446,0,84000,150,0.20833333333333334,14.755516052246094
4000,9,444.44444444444446,0,84000,180,0.25,14.234128952026367
4000,9,444.44444444444446,0,84000,210,0.2916666666666667,14.816023826599121
4000,9,444.44444444444446,0,84000,240,0.3333333333333333,16.088319778442383
4000,9,444.44444444444446,0,84000,270,0.375,17.296812057495117
4000,9,444.44444444444446,0,84000,300,0.4166666666666667,18.129344940185547
4000,9,444.44444444444446,0,84000,330,0.4583333333333333,18.569190979003906
4000,9,444.44444444444446,0,84000,360,0.5,18.63608169555664
4000,9,444.44444444444446,0,84000,390,0.5416666666666666,18.373035430908203
4000,9,444.44444444444446,0,84000,420,0.5833333333333334,17.86042594909668
4000,9,444.44444444444446,0,84000,450,0.625,17.403850555419922
4000,9,444.44444444444446,0,84000,480,0.6666666666666666,17.005966186523438
4000,9,444.44444444444446,0,84000,510,0.7083333333333334,17.30722427368164
4000,9,444.44444444444446,0,84000,540,0.75,17.687305450439453
4000,9,444.44444444444446,0,84000,570,0.7916666666666666,18.07337760925293
4000,9,444.44444444444446,0,84000,600,0.8333333333333334,18.44414520263672
4000,9,444.44444444444446,0,84000,630,0.875,18.442628860473633
4000,9,444.44444444444446,0,84000,660,0.9166666666666666,18.320453643798828
4000,9,444.44444444444446,0,84000,690,0.9583333333333334,17.830047607421875
4000,9,444.44444444444446,0,84000,720,1.0,17.071340560913086
4000,9,444.44444444444446,0,84000,750,1.0416666666666667,16.014511108398438
4000,9,444.44444444444446,0,84000,780,1.0833333333333333,14.451533317565918
4000,9,444.44444444444446,0,84000,810,1.125,12.916756629943848
4000,9,444.44444444444446,0,84000,840,1.1666666666666667,11.243950843811035
4000,9,444.44444444444446,0,84000,870,1.2083333333333333,9.302631378173828
4000,9,444.44444444444446,0,84000,900,1.25,8.14781379699707
4000,9,444.44444444444446,0,84000,930,1.2916666666666667,6.793729305267334
4000,9,444.44444444444446,0,84000,960,1.3333333333333333,5.939650535583496
4000,9,444.44444444444446,0,84000,990,1.375,5.617300033569336
4000,9,444.44444444444446,0,84000,1020,1.4166666666666667,5.157666206359863
4000,9,444.44444444444446,0,84000,1050,1.4583333333333333,5.215055465698242
4000,9,444.44444444444446,0,84000,1080,1.5,5.296355247497559
4000,9,444.44444444444446,0,84000,1110,1.5416666666666667,5.335885524749756
4000,9,444.44444444444446,0,84000,1140,1.5833333333333333,5.209164619445801
4000,9,444.44444444444446,0,84000,1170,1.625,5.016766548156738
4000,9,444.44444444444446,0,84000,1200,1.6666666666666667,4.77012825012207
4000,9,444.44444444444446,0,84000,1230,1.7083333333333333,4.520898818969727
4000,9,444.44444444444446,0,84000,1260,1.75,4.3436150550842285
4000,9,444.44444444444446,0,84000,1290,1.7916666666666667,4.14648962020874
4000,9,444.44444444444446,0,84000,1320,1.8333333333333333,3.9137539863586426
4000,9,444.44444444444446,0,84000,1350,1.875,3.6366217136383057
4000,9,444.44444444444446,0,84000,1380,1.9166666666666667,3.3378779888153076
4000,9,444.44444444444446,0,84000,1410,1.9583333333333333,3.052889585494995
4000,9,444.44444444444446,0,84000,1440,2.0,3.006964921951294
4000,9,444.44444444444446,0,84000,1470,2.0416666666666665,2.8835504055023193
4000,9,444.44444444444446,0,84000,1500,2.0833333333333335,2.8376705646514893
4000,9,444.44444444444446,0,84000,1530,2.125,2.853008270263672
4000,9,444.44444444444446,0,84000,1560,2.1666666666666665,2.8419816493988037
4000,9,444.44444444444446,0,84000,1590,2.2083333333333335,2.707826614379883
4000,9,444.44444444444446,0,84000,1620,2.25,2.6847245693206787
4000,9,444.44444444444446,0,84000,1650,2.2916666666666665,2.6103999614715576
4000,9,444.44444444444446,0,84000,1680,2.3333333333333335,2.5679311752319336
4000,9,444.44444444444446,0,84000,1710,2.375,2.5206713676452637
4000,9,444.44444444444446,0,84000,1740,2.4166666666666665,2.477954626083374
4000,9,444.44444444444446,0,84000,1770,2.4583333333333335,2.393045425415039
4000,9,444.44444444444446,0,84000,1800,2.5,2.270503044128418
4000,9,444.44444444444446,0,84000,1830,2.5416666666666665,2.16251802444458
4000,9,444.44444444444446,0,84000,1860,2.5833333333333335,2.164994239807129
4000,9,444.44444444444446,0,84000,1890,2.625,2.102476119995117
4000,9,444.44444444444446,0,84000,1920,2.6666666666666665,2.11165189743042
4000,9,444.44444444444446,0,84000,1950,2.7083333333333335,2.0950875282287598
4000,9,444.44444444444446,0,84000,1980,2.75,2.1098129749298096
4000,9,444.44444444444446,0,84000,2010,2.7916666666666665,2.1280620098114014
4000,9,444.44444444444446,0,84000,2040,2.8333333333333335,2.095468282699585
4000,9,444.44444444444446,0,84000,2070,2.875,2.121211528778076
4000,9,444.44444444444446,0,84000,2100,2.9166666666666665,2.1675515174865723
4000,9,444.44444444444446,0,84000,2130,2.9583333333333335,2.1222217082977295
4000,9,444.44444444444446,0,84000,2160,3.0,2.099424123764038
4000,9,444.44444444444446,0,84000,2190,3.0416666666666665,2.104814052581787
4000,9,444.44444444444446,0,84000,2220,3.0833333333333335,2.1161623001098633
4000,9,444.44444444444446,0,84000,2250,3.125,2.106503486633301
4000,9,444.44444444444446,0,84000,2280,3.1666666666666665,2.1331732273101807
4000,9,444.44444444444446,0,84000,2310,3.2083333333333335,2.169064521789551
4000,9,444.44444444444446,0,84000,2340,3.25,2.1214067935943604
4000,9,444.44444444444446,0,84000,2370,3.2916666666666665,2.149052619934082
4000,9,444.44444444444446,0,84000,2400,3.3333333333333335,2.1557061672210693
4000,9,444.44444444444446,0,84000,2430,3.375,2.1729249954223633
4000,9,444.44444444444446,0,84000,2460,3.4166666666666665,2.2114946842193604
4000,9,444.44444444444446,0,84000,2490,3.4583333333333335,2.1303718090057373
4000,9,444.44444444444446,0,84000,2520,3.5,2.164747953414917
4000,9,444.44444444444446,0,84000,2550,3.5416666666666665,2.1639404296875
4000,9,444.44444444444446,0,84000,2580,3.5833333333333335,2.131215810775757
4000,9,444.44444444444446,0,84000,2610,3.625,2.1566708087921143
4000,9,444.44444444444446,0,84000,2640,3.6666666666666665,2.162332773208618
4000,9,444.44444444444446,0,84000,2670,3.7083333333333335,2.140256881713867
4000,9,444.44444444444446,0,84000,2700,3.75,2.157914876937866
4000,9,444.44444444444446,0,84000,2730,3.7916666666666665,2.1021411418914795
4000,9,444.44444444444446,0,84000,2760,3.8333333333333335,2.1065073013305664
4000,9,444.44444444444446,0,84000,2790,3.875,2.143944025039673
4000,9,444.44444444444446,0,84000,2820,3.9166666666666665,2.1187264919281006
4000,9,444.44444444444446,0,84000,2850,3.9583333333333335,2.1343178749084473
4000,9,444.44444444444446,0,84000,2880,4.0,2.124626398086548
4000,9,444.44444444444446,0,84000,2910,4.041666666666667,2.1233413219451904
4000,9,444.44444444444446,0,84000,2940,4.083333333333333,2.118691921234131
4000,9,444.44444444444446,0,84000,2970,4.125,2.1379644870758057
4000,9,444.44444444444446,0,84000,3000,4.166666666666667,2.127960443496704
4000,9,444.44444444444446,0,84000,3030,4.208333333333333,2.1316699981689453
4000,9,444.44444444444446,0,84000,3060,4.25,2.091940402984619
4000,9,444.44444444444446,0,84000,3090,4.291666666666667,2.1342475414276123
4000,9,444.44444444444446,0,84000,3120,4.333333333333333,2.13625168800354
4000,9,444.44444444444446,0,84000,3150,4.375,2.1354849338531494
4000,9,444.44444444444446,0,84000,3180,4.416666666666667,2.1154286861419678
4000,9,444.44444444444446,0,84000,3210,4.458333333333333,2.110797643661499
4000,9,444.44444444444446,0,84000,3240,4.5,2.120877504348755
4000,9,444.44444444444446,0,84000,3270,4.541666666666667,2.111191987991333
4000,9,444.44444444444446,0,84000,3300,4.583333333333333,2.1031317710876465
4000,9,444.44444444444446,0,84000,3330,4.625,2.1129536628723145
4000,9,444.44444444444446,0,84000,3360,4.666666666666667,2.132014274597168
4000,9,444.44444444444446,0,84000,3390,4.708333333333333,2.120769500732422
4000,9,444.44444444444446,0,84000,3420,4.75,2.0978686809539795
4000,9,444.44444444444446,0,84000,3450,4.791666666666667,2.082146167755127
4000,9,444.44444444444446,0,84000,3480,4.833333333333333,2.1279489994049072
4000,9,444.44444444444446,0,84000,3510,4.875,2.13867449760437
4000,9,444.44444444444446,0,84000,3540,4.916666666666667,2.1040971279144287
4000,9,444.44444444444446,0,84000,3570,4.958333333333333,2.1304919719696045
4000,9,444.44444444444446,0,84000,3600,5.0,2.1248393058776855
4000,9,444.44444444444446,1,84000,0,0.0,19.955106735229492
4000,9,444.44444444444446,1,84000,30,0.041666666666666664,19.131134033203125
4000,9,444.44444444444446,1,84000,60,0.08333333333333333,18.265363693237305
4000,9,444.44444444444446,1,84000,90,0.125,17.219432830810547
4000,9,444.44444444444446,1,84000,120,0.16666666666666666,16.005569458007812
4000,9,444.44444444444446,1,84000,150,0.20833333333333334,14.796605110168457
4000,9,444.44444444444446,1,84000,180,0.25,14.19738483428955
4000,9,444.44444444444446,1,84000,210,0.2916666666666667,14.862936973571777
4000,9,444.44444444444446,1,84000,240,0.3333333333333333,16.098087310791016
4000,9,444.44444444444446,1,84000,270,0.375,17.239681243896484
4000,9,444.44444444444446,1,84000,300,0.4166666666666667,18.022476196289062
4000,9,444.44444444444446,1,84000,330,0.4583333333333333,18.451507568359375
4000,9,444.44444444444446,1,84000,360,0.5,18.478662490844727
4000,9,444.44444444444446,1,84000,390,0.5416666666666666,18.103572845458984
4000,9,444.44444444444446,1,84000,420,0.5833333333333334,17.523988723754883
4000,9,444.44444444444446,1,84000,450,0.625,17.127460479736328
4000,9,444.44444444444446,1,84000,480,0.6666666666666666,17.048107147216797
4000,9,444.44444444444446,1,84000,510,0.7083333333333334,17.31894874572754
4000,9,444.44444444444446,1,84000,540,0.75,17.605051040649414
4000,9,444.44444444444446,1,84000,570,0.7916666666666666,18.179609298706055
4000,9,444.44444444444446,1,84000,600,0.8333333333333334,18.49527931213379
4000,9,444.44444444444446,1,84000,630,0.875,18.596261978149414
4000,9,444.44444444444446,1,84000,660,0.9166666666666666,18.42595100402832
4000,9,444.44444444444446,1,84000,690,0.9583333333333334,18.10482406616211
4000,9,444.44444444444446,1,84000,720,1.0,17.331388473510742
4000,9,444.44444444444446,1,84000,750,1.0416666666666667,16.20522117614746
4000,9,444.44444444444446,1,84000,780,1.0833333333333333,14.748656272888184
4000,9,444.44444444444446,1,84000,810,1.125,13.202783584594727
4000,9,444.44444444444446,1,84000,840,1.1666666666666667,11.567071914672852
4000,9,444.44444444444446,1,84000,870,1.2083333333333333,9.738275527954102
4000,9,444.44444444444446,1,84000,900,1.25,8.301319122314453
4000,9,444.44444444444446,1,84000,930,1.2916666666666667,7.445683479309082
4000,9,444.44444444444446,1,84000,960,1.3333333333333333,6.73012113571167
4000,9,444.44444444444446,1,84000,990,1.375,6.009160995483398
4000,9,444.44444444444446,1,84000,1020,1.4166666666666667,5.662509441375732
4000,9,444.44444444444446,1,84000,1050,1.4583333333333333,5.4562811851501465
4000,9,444.44444444444446,1,84000,1080,1.5,5.638372898101807
4000,9,444.44444444444446,1,84000,1110,1.5416666666666667,5.713138580322266
4000,9,444.44444444444446,1,84000,1140,1.5833333333333333,5.513369083404541
4000,9,444.44444444444446,1,84000,1170,1.625,5.099933624267578
4000,9,444.44444444444446,1,84000,1200,1.6666666666666667,5.00595235824585
4000,9,444.44444444444446,1,84000,1230,1.7083333333333333,4.654574871063232
4000,9,444.44444444444446,1,84000,1260,1.75,4.50784158706665
4000,9,444.44444444444446,1,84000,1290,1.7916666666666667,4.339656352996826
4000,9,444.44444444444446,1,84000,1320,1.8333333333333333,4.046563148498535
4000,9,444.44444444444446,1,84000,1350,1.875,3.7151381969451904
4000,9,444.44444444444446,1,84000,1380,1.9166666666666667,3.275636672973633
4000,9,444.44444444444446,1,84000,1410,1.9583333333333333,2.925795793533325
4000,9,444.44444444444446,1,84000,1440,2.0,2.7744297981262207
4000,9,444.44444444444446,1,84000,1470,2.0416666666666665,2.7830233573913574
4000,9,444.44444444444446,1,84000,1500,2.0833333333333335,2.8169431686401367
4000,9,444.44444444444446,1,84000,1530,2.125,2.8395259380340576
4000,9,444.44444444444446,1,84000,1560,2.1666666666666665,2.761122941970825
4000,9,444.44444444444446,1,84000,1590,2.2083333333333335,2.7519419193267822
4000,9,444.44444444444446,1,84000,1620,2.25,2.704771041870117
4000,9,444.44444444444446,1,84000,1650,2.2916666666666665,2.646911144256592
4000,9,444.44444444444446,1,84000,1680,2.3333333333333335,2.6625614166259766
4000,9,444.44444444444446,1,84000,1710,2.375,2.5456058979034424
4000,9,444.44444444444446,1,84000,1740,2.4166666666666665,2.512012004852295
4000,9,444.44444444444446,1,84000,1770,2.4583333333333335,2.438556432723999
4000,9,444.44444444444446,1,84000,1800,2.5,2.3975601196289062
4000,9,444.44444444444446,1,84000,1830,2.5416666666666665,2.3488523960113525
4000,9,444.44444444444446,1,84000,1860,2.5833333333333335,2.239720106124878
4000,9,444.44444444444446,1,84000,1890,2.625,2.236379861831665
4000,9,444.44444444444446,1,84000,1920,2.6666666666666665,2.254965305328369
4000,9,444.44444444444446,1,84000,1950,2.7083333333333335,2.2256600856781006
4000,9,444.44444444444446,1,84000,1980,2.75,2.2182323932647705
4000,9,444.44444444444446,1,84000,2010,2.7916666666666665,2.2479665279388428
4000,9,444.44444444444446,1,84000,2040,2.8333333333333335,2.264967918395996
4000,9,444.44444444444446,1,84000,2070,2.875,2.217679738998413
4000,9,444.44444444444446,1,84000,2100,2.9166666666666665,2.25020694732666
4000,9,444.44444444444446,1,84000,2130,2.9583333333333335,2.2423951625823975
4000,9,444.44444444444446,1,84000,2160,3.0,2.227388381958008
4000,9,444.44444444444446,1,84000,2190,3.0416666666666665,2.2416939735412598
4000,9,444.44444444444446,1,84000,2220,3.0833333333333335,2.2265067100524902
4000,9,444.44444444444446,1,84000,2250,3.125,2.2021639347076416
4000,9,444.44444444444446,1,84000,2280,3.1666666666666665,2.167025327682495
4000,9,444.44444444444446,1,84000,2310,3.2083333333333335,2.2220170497894287
4000,9,444.44444444444446,1,84000,2340,3.25,2.2439773082733154
4000,9,444.44444444444446,1,84000,2370,3.2916666666666665,2.2348713874816895
4000,9,444.44444444444446,1,84000,2400,3.3333333333333335,2.2240021228790283
4000,9,444.44444444444446,1,84000,2430,3.375,2.239100933074951
4000,9,444.44444444444446,1,84000,2460,3.4166666666666665,2.2593233585357666
4000,9,444.44444444444446,1,84000,2490,3.4583333333333335,2.2521917819976807
4000,9,444.44444444444446,1,84000,2520,3.5,2.2396459579467773
4000,9,444.44444444444446,1,84000,2550,3.5416666666666665,2.2367494106292725
4000,9,444.44444444444446,1,84000,2580,3.5833333333333335,2.2406773567199707
4000,9,444.44444444444446,1,84000,2610,3.625,2.242574453353882
4000,9,444.44444444444446,1,84000,2640,3.6666666666666665,2.247257709503174
4000,9,444.44444444444446,1,84000,2670,3.7083333333333335,2.2108335494995117
4000,9,444.44444444444446,1,84000,2700,3.75,2.2378299236297607
4000,9,444.44444444444446,1,84000,2730,3.7916666666666665,2.223482370376587
4000,9,444.44444444444446,1,84000,2760,3.8333333333333335,2.1953377723693848
4000,9,444.44444444444446,1,84000,2790,3.875,2.2178022861480713
4000,9,444.44444444444446,1,84000,2820,3.9166666666666665,2.223588466644287
4000,9,444.44444444444446,1,84000,2850,3.9583333333333335,2.159868001937866
4000,9,444.44444444444446,1,84000,2880,4.0,2.210585355758667
4000,9,444.44444444444446,1,84000,2910,4.041666666666667,2.2521071434020996
4000,9,444.44444444444446,1,84000,2940,4.083333333333333,2.2177929878234863
4000,9,444.44444444444446,1,84000,2970,4.125,2.1771700382232666
4000,9,444.44444444444446,1,84000,3000,4.166666666666667,2.2140772342681885
4000,9,444.44444444444446,1,84000,3030,4.208333333333333,2.206709384918213
4000,9,444.44444444444446,1,84000,3060,4.25,2.239683151245117
4000,9,444.44444444444446,1,84000,3090,4.291666666666667,2.2222049236297607
4000,9,444.44444444444446,1,84000,3120,4.333333333333333,2.180938482284546
4000,9,444.44444444444446,1,84000,3150,4.375,2.197883367538452
4000,9,444.44444444444446,1,84000,3180,4.416666666666667,2.2176973819732666
4000,9,444.44444444444446,1,84000,3210,4.458333333333333,2.211622476577759
4000,9,444.44444444444446,1,84000,3240,4.5,2.1960856914520264
4000,9,444.44444444444446,1,84000,3270,4.541666666666667,2.2097647190093994
4000,9,444.44444444444446,1,84000,3300,4.583333333333333,2.179661512374878
4000,9,444.44444444444446,1,84000,3330,4.625,2.195429801940918
4000,9,444.44444444444446,1,84000,3360,4.666666666666667,2.2318203449249268
4000,9,444.44444444444446,1,84000,3390,4.708333333333333,2.2105658054351807
4000,9,444.44444444444446,1,84000,3420,4.75,2.2073187828063965
4000,9,444.44444444444446,1,84000,3450,4.791666666666667,2.1856508255004883
4000,9,444.44444444444446,1,84000,3480,4.833333333333333,2.2077829837799072
4000,9,444.44444444444446,1,84000,3510,4.875,2.1678085327148438
4000,9,444.44444444444446,1,84000,3540,4.916666666666667,2.2089388370513916
4000,9,444.44444444444446,1,84000,3570,4.958333333333333,2.2205915451049805
4000,9,444.44444444444446,1,84000,3600,5.0,2.212876319885254
4000,9,444.44444444444446,2,84000,0,0.0,19.8588809967041
4000,9,444.44444444444446,2,84000,30,0.041666666666666664,18.959922790527344
4000,9,444.44444444444446,2,84000,60,0.08333333333333333,18.118818283081055
4000,9,444.44444444444446,2,84000,90,0.125,17.153573989868164
4000,9,444.44444444444446,2,84000,120,0.16666666666666666,15.980494499206543
4000,9,444.44444444444446,2,84000,150,0.20833333333333334,14.803544998168945
4000,9,444.44444444444446,2,84000,180,0.25,14.231228828430176
4000,9,444.44444444444446,2,84000,210,0.2916666666666667,14.88060188293457
4000,9,444.44444444444446,2,84000,240,0.3333333333333333,16.155902862548828
4000,9,444.44444444444446,2,84000,270,0.375,17.38863754272461
4000,9,444.44444444444446,2,84000,300,0.4166666666666667,18.08987045288086
4000,9,444.44444444444446,2,84000,330,0.4583333333333333,18.51262092590332
4000,9,444.44444444444446,2,84000,360,0.5,18.618154525756836
4000,9,444.44444444444446,2,84000,390,0.5416666666666666,18.35189437866211
4000,9,444.44444444444446,2,84000,420,0.5833333333333334,17.89057731628418
4000,9,444.44444444444446,2,84000,450,0.625,17.453664779663086
4000,9,444.44444444444446,2,84000,480,0.6666666666666666,17.303508758544922
4000,9,444.44444444444446,2,84000,510,0.7083333333333334,17.441022872924805
4000,9,444.44444444444446,2,84000,540,0.75,17.883893966674805
4000,9,444.44444444444446,2,84000,570,0.7916666666666666,18.090682983398438
4000,9,444.44444444444446,2,84000,600,0.8333333333333334,18.39273452758789
4000,9,444.44444444444446,2,84000,630,0.875,18.600902557373047
4000,9,444.44444444444446,2,84000,660,0.9166666666666666,18.523832321166992
4000,9,444.44444444444446,2,84000,690,0.9583333333333334,18.13419532775879
4000,9,444.44444444444446,2,84000,720,1.0,17.531648635864258
4000,9,444.44444444444446,2,84000,750,1.0416666666666667,16.328737258911133
4000,9,444.44444444444446,2,84000,780,1.0833333333333333,14.623982429504395
4000,9,444.44444444444446,2,84000,810,1.125,13.143815040588379
4000,9,444.44444444444446,2,84000,840,1.1666666666666667,11.318302154541016
4000,9,444.44444444444446,2,84000,870,1.2083333333333333,9.15790843963623
4000,9,444.44444444444446,2,84000,900,1.25,7.852358341217041
4000,9,444.44444444444446,2,84000,930,1.2916666666666667,6.847817420959473
4000,9,444.44444444444446,2,84000,960,1.3333333333333333,5.948491096496582
4000,9,444.44444444444446,2,84000,990,1.375,5.418132781982422
4000,9,444.44444444444446,2,84000,1020,1.4166666666666667,5.365593910217285
4000,9,444.44444444444446,2,84000,1050,1.4583333333333333,5.31295919418335
4000,9,444.44444444444446,2,84000,1080,1.5,5.189040184020996
4000,9,444.44444444444446,2,84000,1110,1.5416666666666667,5.198437690734863
4000,9,444.44444444444446,2,84000,1140,1.5833333333333333,5.16146993637085
4000,9,444.44444444444446,2,84000,1170,1.625,5.0497822761535645
4000,9,444.44444444444446,2,84000,1200,1.6666666666666667,4.740647315979004
4000,9,444.44444444444446,2,84000,1230,1.7083333333333333,4.472006797790527
4000,9,444.44444444444446,2,84000,1260,1.75,4.337327003479004
4000,9,444.44444444444446,2,84000,1290,1.7916666666666667,4.065133094787598
4000,9,444.44444444444446,2,84000,1320,1.8333333333333333,3.762021780014038
4000,9,444.44444444444446,2,84000,1350,1.875,3.3013017177581787
4000,9,444.44444444444446,2,84000,1380,1.9166666666666667,3.2030649185180664
4000,9,444.44444444444446,2,84000,1410,1.9583333333333333,3.0015745162963867
4000,9,444.44444444444446,2,84000,1440,2.0,2.9634482860565186
4000,9,444.44444444444446,2,84000,1470,2.0416666666666665,3.0384604930877686
4000,9,444.44444444444446,2,84000,1500,2.0833333333333335,3.0311994552612305
4000,9,444.44444444444446,2,84000,1530,2.125,2.9015414714813232
4000,9,444.44444444444446,2,84000,1560,2.1666666666666665,2.7670819759368896
4000,9,444.44444444444446,2,84000,1590,2.2083333333333335,2.650639533996582
4000,9,444.44444444444446,2,84000,1620,2.25,2.6310129165649414
4000,9,444.44444444444446,2,84000,1650,2.2916666666666665,2.5557329654693604
4000,9,444.44444444444446,2,84000,1680,2.3333333333333335,2.464374542236328
4000,9,444.44444444444446,2,84000,1710,2.375,2.3467705249786377
4000,9,444.44444444444446,2,84000,1740,2.4166666666666665,2.3023433685302734
4000,9,444.44444444444446,2,84000,1770,2.4583333333333335,2.2453389167785645
4000,9,444.44444444444446,2,84000,1800,2.5,2.1802895069122314
4000,9,444.44444444444446,2,84000,1830,2.5416666666666665,2.2145566940307617
4000,9,444.44444444444446,2,84000,1860,2.5833333333333335,2.211336374282837
4000,9,444.44444444444446,2,84000,1890,2.625,2.2145371437072754
4000,9,444.44444444444446,2,84000,1920,2.6666666666666665,2.1797420978546143
4000,9,444.44444444444446,2,84000,1950,2.7083333333333335,2.192579507827759
4000,9,444.44444444444446,2,84000,1980,2.75,2.180220603942871
4000,9,444.44444444444446,2,84000,2010,2.7916666666666665,2.1891138553619385
4000,9,444.44444444444446,2,84000,2040,2.8333333333333335,2.2279915809631348
4000,9,444.44444444444446,2,84000,2070,2.875,2.2127041816711426
4000,9,444.44444444444446,2,84000,2100,2.9166666666666665,2.2312633991241455
4000,9,444.44444444444446,2,84000,2130,2.9583333333333335,2.165412187576294
4000,9,444.44444444444446,2,84000,2160,3.0,2.1522624492645264
4000,9,444.44444444444446,2,84000,2190,3.0416666666666665,2.2016704082489014
4000,9,444.44444444444446,2,84000,2220,3.0833333333333335,2.161851406097412
4000,9,444.44444444444446,2,84000,2250,3.125,2.146765947341919
4000,9,444.44444444444446,2,84000,2280,3.1666666666666665,2.2047512531280518
4000,9,444.44444444444446,2,84000,2310,3.2083333333333335,2.1903247833251953
4000,9,444.44444444444446,2,84000,2340,3.25,2.2035717964172363
4000,9,444.44444444444446,2,84000,2370,3.2916666666666665,2.176116704940796
4000,9,444.44444444444446,2,84000,2400,3.3333333333333335,2.19503116607666
4000,9,444.44444444444446,2,84000,2430,3.375,2.197425365447998
4000,9,444.44444444444446,2,84000,2460,3.4166666666666665,2.1978089809417725
4000,9,444.44444444444446,2,84000,2490,3.4583333333333335,2.193826198577881
4000,9,444.44444444444446,2,84000,2520,3.5,2.2227797508239746
4000,9,444.44444444444446,2,84000,2550,3.5416666666666665,2.203437566757202
4000,9,444.44444444444446,2,84000,2580,3.5833333333333335,2.2093989849090576
4000,9,444.44444444444446,2,84000,2610,3.625,2.169583797454834
4000,9,444.44444444444446,2,84000,2640,3.6666666666666665,2.1689059734344482
4000,9,444.44444444444446,2,84000,2670,3.7083333333333335,2.1685850620269775
4000,9,444.44444444444446,2,84000,2700,3.75,2.150691032409668
4000,9,444.44444444444446,2,84000,2730,3.7916666666666665,2.1445372104644775
4000,9,444.44444444444446,2,84000,2760,3.8333333333333335,2.1787123680114746
4000,9,444.44444444444446,2,84000,2790,3.875,2.1807539463043213
4000,9,444.44444444444446,2,84000,2820,3.9166666666666665,2.1594350337982178
4000,9,444.44444444444446,2,84000,2850,3.9583333333333335,2.153637647628784
4000,9,444.44444444444446,2,84000,2880,4.0,2.1831297874450684
4000,9,444.44444444444446,2,84000,2910,4.041666666666667,2.1820693016052246
4000,9,444.44444444444446,2,84000,2940,4.083333333333333,2.147603988647461
4000,9,444.44444444444446,2,84000,2970,4.125,2.183720111846924
4000,9,444.44444444444446,2,84000,3000,4.166666666666667,2.1991770267486572
4000,9,444.44444444444446,2,84000,3030,4.208333333333333,2.195812463760376
4000,9,444.44444444444446,2,84000,3060,4.25,2.1204965114593506
4000,9,444.44444444444446,2,84000,3090,4.291666666666667,2.1968042850494385
4000,9,444.44444444444446,2,84000,3120,4.333333333333333,2.1295878887176514
4000,9,444.44444444444446,2,84000,3150,4.375,2.1125400066375732
4000,9,444.44444444444446,2,84000,3180,4.416666666666667,2.15712833404541
4000,9,444.44444444444446,2,84000,3210,4.458333333333333,2.177079200744629
4000,9,444.44444444444446,2,84000,3240,4.5,2.1769649982452393
4000,9,444.44444444444446,2,84000,3270,4.541666666666667,2.181861400604248
4000,9,444.44444444444446,2,84000,3300,4.583333333333333,2.171252489089966
4000,9,444.44444444444446,2,84000,3330,4.625,2.1232690811157227
4000,9,444.44444444444446,2,84000,3360,4.666666666666667,2.173093795776367
4000,9,444.44444444444446,2,84000,3390,4.708333333333333,2.1805858612060547
4000,9,444.44444444444446,2,84000,3420,4.75,2.1827139854431152
4000,9,444.44444444444446,2,84000,3450,4.791666666666667,2.1841986179351807
4000,9,444.44444444444446,2,84000,3480,4.833333333333333,2.1524457931518555
4000,9,444.44444444444446,2,84000,3510,4.875,2.1825616359710693
4000,9,444.44444444444446,2,84000,3540,4.916666666666667,2.120262622833252
4000,9,444.44444444444446,2,84000,3570,4.958333333333333,2.156036853790283
4000,9,444.44444444444446,2,84000,3600,5.0,2.1510837078094482
4000,9,444.44444444444446,3,84001,0,0.0,20.101791381835938
4000,9,444.44444444444446,3,84001,30,0.041666666666666664,19.084550857543945
4000,9,444.44444444444446,3,84001,60,0.08333333333333333,18.222740173339844
4000,9,444.44444444444446,3,84001,90,0.125,17.21792984008789
4000,9,444.44444444444446,3,84001,120,0.16666666666666666,15.96005630493164
4000,9,444.44444444444446,3,84001,150,0.20833333333333334,14.788518905639648
4000,9,444.44444444444446,3,84001,180,0.25,14.21672248840332
4000,9,444.44444444444446,3,84001,210,0.2916666666666667,14.828937530517578
4000,9,444.44444444444446,3,84001,240,0.3333333333333333,16.079872131347656
4000,9,444.44444444444446,3,84001,270,0.375,17.19635772705078
4000,9,444.44444444444446,3,84001,300,0.4166666666666667,17.92038345336914
4000,9,444.44444444444446,3,84001,330,0.4583333333333333,18.324296951293945
4000,9,444.44444444444446,3,84001,360,0.5,18.285804748535156
4000,9,444.44444444444446,3,84001,390,0.5416666666666666,17.919702529907227
4000,9,444.44444444444446,3,84001,420,0.5833333333333334,17.269371032714844
4000,9,444.44444444444446,3,84001,450,0.625,17.06197738647461
4000,9,444.44444444444446,3,84001,480,0.6666666666666666,16.89073944091797
4000,9,444.44444444444446,3,84001,510,0.7083333333333334,17.199687957763672
4000,9,444.44444444444446,3,84001,540,0.75,17.861419677734375
4000,9,444.44444444444446,3,84001,570,0.7916666666666666,18.381187438964844
4000,9,444.44444444444446,3,84001,600,0.8333333333333334,18.83017921447754
4000,9,444.44444444444446,3,84001,630,0.875,19.020809173583984
4000,9,444.44444444444446,3,84001,660,0.9166666666666666,18.823863983154297
4000,9,444.44444444444446,3,84001,690,0.9583333333333334,18.423992156982422
4000,9,444.44444444444446,3,84001,720,1.0,17.635679244995117
4000,9,444.44444444444446,3,84001,750,1.0416666666666667,16.450164794921875
4000,9,444.44444444444446,3,84001,780,1.0833333333333333,15.187999725341797
4000,9,444.44444444444446,3,84001,810,1.125,13.17741870880127
4000,9,444.44444444444446,3,84001,840,1.1666666666666667,11.294206619262695
4000,9,444.44444444444446,3,84001,870,1.2083333333333333,9.576326370239258
4000,9,444.44444444444446,3,84001,900,1.25,8.09187126159668
4000,9,444.44444444444446,3,84001,930,1.2916666666666667,6.989486217498779
4000,9,444.44444444444446,3,84001,960,1.3333333333333333,6.17304801940918
4000,9,444.44444444444446,3,84001,990,1.375,5.612788677215576
4000,9,444.44444444444446,3,84001,1020,1.4166666666666667,5.47390604019165
4000,9,444.44444444444446,3,84001,1050,1.4583333333333333,5.318950176239014
4000,9,444.44444444444446,3,84001,1080,1.5,5.467822074890137
4000,9,444.44444444444446,3,84001,1110,1.5416666666666667,5.4728474617004395
4000,9,444.44444444444446,3,84001,1140,1.5833333333333333,5.397390842437744
4000,9,444.44444444444446,3,84001,1170,1.625,5.051290988922119
4000,9,444.44444444444446,3,84001,1200,1.6666666666666667,4.817752838134766
4000,9,444.44444444444446,3,84001,1230,1.7083333333333333,4.5983662605285645
4000,9,444.44444444444446,3,84001,1260,1.75,4.387082099914551
4000,9,444.44444444444446,3,84001,1290,1.7916666666666667,4.224234580993652
4000,9,444.44444444444446,3,84001,1320,1.8333333333333333,3.8183417320251465
4000,9,444.44444444444446,3,84001,1350,1.875,3.4846317768096924
4000,9,444.44444444444446,3,84001,1380,1.9166666666666667,3.232626438140869
4000,9,444.44444444444446,3,84001,1410,1.9583333333333333,3.0419907569885254
4000,9,444.44444444444446,3,84001,1440,2.0,2.976830005645752
4000,9,444.44444444444446,3,84001,1470,2.0416666666666665,2.9590024948120117
4000,9,444.44444444444446,3,84001,1500,2.0833333333333335,2.885878324508667
4000,9,444.44444444444446,3,84001,1530,2.125,2.8721134662628174
4000,9,444.44444444444446,3,84001,1560,2.1666666666666665,2.8474960327148438
4000,9,444.44444444444446,3,84001,1590,2.2083333333333335,2.803511142730713
4000,9,444.44444444444446,3,84001,1620,2.25,2.7287347316741943
4000,9,444.44444444444446,3,84001,1650,2.2916666666666665,2.60512638092041
4000,9,444.44444444444446,3,84001,1680,2.3333333333333335,2.544060230255127
4000,9,444.44444444444446,3,84001,1710,2.375,2.4729063510894775
4000,9,444.44444444444446,3,84001,1740,2.4166666666666665,2.3492701053619385
4000,9,444.44444444444446,3,84001,1770,2.4583333333333335,2.27860689163208
4000,9,444.44444444444446,3,84001,1800,2.5,2.1946985721588135
4000,9,444.44444444444446,3,84001,1830,2.5416666666666665,2.1298487186431885
4000,9,444.44444444444446,3,84001,1860,2.5833333333333335,2.155471086502075
4000,9,444.44444444444446,3,84001,1890,2.625,2.1414222717285156
4000,9,444.44444444444446,3,84001,1920,2.6666666666666665,2.173976182937622
4000,9,444.44444444444446,3,84001,1950,2.7083333333333335,2.1787803173065186
4000,9,444.44444444444446,3,84001,1980,2.75,2.148146390914917
4000,9,444.44444444444446,3,84001,2010,2.7916666666666665,2.1297569274902344
4000,9,444.44444444444446,3,84001,2040,2.8333333333333335,2.180539131164551
4000,9,444.44444444444446,3,84001,2070,2.875,2.194309949874878
4000,9,444.44444444444446,3,84001,2100,2.9166666666666665,2.187913656234741
4000,9,444.44444444444446,3,84001,2130,2.9583333333333335,2.1540205478668213
4000,9,444.44444444444446,3,84001,2160,3.0,2.175337314605713
4000,9,444.44444444444446,3,84001,2190,3.0416666666666665,2.1597766876220703
4000,9,444.44444444444446,3,84001,2220,3.0833333333333335,2.1090474128723145
4000,9,444.44444444444446,3,84001,2250,3.125,2.171877145767212
4000,9,444.44444444444446,3,84001,2280,3.1666666666666665,2.139127492904663
4000,9,444.44444444444446,3,84001,2310,3.2083333333333335,2.1768736839294434
4000,9,444.44444444444446,3,84001,2340,3.25,2.1716370582580566
4000,9,444.44444444444446,3,84001,2370,3.2916666666666665,2.2054409980773926
4000,9,444.44444444444446,3,84001,2400,3.3333333333333335,2.2109603881835938
4000,9,444.44444444444446,3,84001,2430,3.375,2.197641611099243
4000,9,444.44444444444446,3,84001,2460,3.4166666666666665,2.2216038703918457
4000,9,444.44444444444446,3,84001,2490,3.4583333333333335,2.1861205101013184
4000,9,444.44444444444446,3,84001,2520,3.5,2.213409900665283
4000,9,444.44444444444446,3,84001,2550,3.5416666666666665,2.1957547664642334
4000,9,444.44444444444446,3,84001,2580,3.5833333333333335,2.149393320083618
4000,9,444.44444444444446,3,84001,2610,3.625,2.1608166694641113
4000,9,444.44444444444446,3,84001,2640,3.6666666666666665,2.1343345642089844
4000,9,444.44444444444446,3,84001,2670,3.7083333333333335,2.13891339302063
4000,9,444.44444444444446,3,84001,2700,3.75,2.1324429512023926
4000,9,444.44444444444446,3,84001,2730,3.7916666666666665,2.0882575511932373
4000,9,444.44444444444446,3,84001,2760,3.8333333333333335,2.0647060871124268
4000,9,444.44444444444446,3,84001,2790,3.875,2.062440872192383
4000,9,444.44444444444446,3,84001,2820,3.9166666666666665,2.1016910076141357
4000,9,444.44444444444446,3,84001,2850,3.9583333333333335,2.1270883083343506
4000,9,444.44444444444446,3,84001,2880,4.0,2.0876336097717285
4000,9,444.44444444444446,3,84001,2910,4.041666666666667,2.112527847290039
4000,9,444.44444444444446,3,84001,2940,4.083333333333333,2.1641547679901123
4000,9,444.44444444444446,3,84001,2970,4.125,2.164123773574829
4000,9,444.44444444444446,3,84001,3000,4.166666666666667,2.1593353748321533
4000,9,444.44444444444446,3,84001,3030,4.208333333333333,2.1284096240997314
4000,9,444.44444444444446,3,84001,3060,4.25,2.124931573867798
4000,9,444.44444444444446,3,84001,3090,4.291666666666667,2.109919548034668
4000,9,444.44444444444446,3,84001,3120,4.333333333333333,2.1301229000091553
4000,9,444.44444444444446,3,84001,3150,4.375,2.0990147590637207
4000,9,444.44444444444446,3,84001,3180,4.416666666666667,2.1284048557281494
4000,9,444.44444444444446,3,84001,3210,4.458333333333333,2.0805766582489014
4000,9,444.44444444444446,3,84001,3240,4.5,2.1436593532562256
4000,9,444.44444444444446,3,84001,3270,4.541666666666667,2.1297106742858887
4000,9,444.44444444444446,3,84001,3300,4.583333333333333,2.137026309967041
4000,9,444.44444444444446,3,84001,3330,4.625,2.1270103454589844
4000,9,444.44444444444446,3,84001,3360,4.666666666666667,2.1475765705108643
4000,9,444.44444444444446,3,84001,3390,4.708333333333333,2.1336729526519775
4000,9,444.44444444444446,3,84001,3420,4.75,2.125739336013794
4000,9,444.44444444444446,3,84001,3450,4.791666666666667,2.1222050189971924
4000,9,444.44444444444446,3,84001,3480,4.833333333333333,2.125387668609619
4000,9,444.44444444444446,3,84001,3510,4.875,2.118834972381592
4000,9,444.44444444444446,3,84001,3540,4.916666666666667,2.104296922683716
4000,9,444.44444444444446,3,84001,3570,4.958333333333333,2.094146728515625
4000,9,444.44444444444446,3,84001,3600,5.0,2.1155459880828857
4000,9,444.44444444444446,4,84001,0,0.0,20.089427947998047
4000,9,444.44444444444446,4,84001,30,0.041666666666666664,19.125999450683594
4000,9,444.44444444444446,4,84001,60,0.08333333333333333,18.29842185974121
4000,9,444.44444444444446,4,84001,90,0.125,17.321016311645508
4000,9,444.44444444444446,4,84001,120,0.16666666666666666,16.121257781982422
4000,9,444.44444444444446,4,84001,150,0.20833333333333334,14.901960372924805
4000,9,444.44444444444446,4,84001,180,0.25,14.299859046936035
4000,9,444.44444444444446,4,84001,210,0.2916666666666667,14.910679817199707
4000,9,444.44444444444446,4,84001,240,0.3333333333333333,16.176424026489258
4000,9,444.44444444444446,4,84001,270,0.375,17.253908157348633
4000,9,444.44444444444446,4,84001,300,0.4166666666666667,18.03110694885254
4000,9,444.44444444444446,4,84001,330,0.4583333333333333,18.380590438842773
4000,9,444.44444444444446,4,84001,360,0.5,18.375905990600586
4000,9,444.44444444444446,4,84001,390,0.5416666666666666,17.912582397460938
4000,9,444.44444444444446,4,84001,420,0.5833333333333334,17.45989227294922
4000,9,444.44444444444446,4,84001,450,0.625,17.097042083740234
4000,9,444.44444444444446,4,84001,480,0.6666666666666666,16.814468383789062
4000,9,444.44444444444446,4,84001,510,0.7083333333333334,16.93886947631836
4000,9,444.44444444444446,4,84001,540,0.75,17.5111026763916
4000,9,444.44444444444446,4,84001,570,0.7916666666666666,18.070724487304688
4000,9,444.44444444444446,4,84001,600,0.8333333333333334,18.555702209472656
4000,9,444.44444444444446,4,84001,630,0.875,18.733335494995117
4000,9,444.44444444444446,4,84001,660,0.9166666666666666,18.601457595825195
4000,9,444.44444444444446,4,84001,690,0.9583333333333334,18.16512680053711
4000,9,444.44444444444446,4,84001,720,1.0,17.47746467590332
4000,9,444.44444444444446,4,84001,750,1.0416666666666667,15.99282169342041
4000,9,444.44444444444446,4,84001,780,1.0833333333333333,14.450273513793945
4000,9,444.44444444444446,4,84001,810,1.125,12.863288879394531
4000,9,444.44444444444446,4,84001,840,1.1666666666666667,11.07407283782959
4000,9,444.44444444444446,4,84001,870,1.2083333333333333,9.35681438446045
4000,9,444.44444444444446,4,84001,900,1.25,7.954256057739258
4000,9,444.44444444444446,4,84001,930,1.2916666666666667,7.068361282348633
4000,9,444.44444444444446,4,84001,960,1.3333333333333333,6.015267372131348
4000,9,444.44444444444446,4,84001,990,1.375,5.53549337387085
4000,9,444.44444444444446,4,84001,1020,1.4166666666666667,5.100158214569092
4000,9,444.44444444444446,4,84001,1050,1.4583333333333333,4.947657108306885
4000,9,444.44444444444446,4,84001,1080,1.5,4.87757682800293
4000,9,444.44444444444446,4,84001,1110,1.5416666666666667,4.781301975250244
4000,9,444.44444444444446,4,84001,1140,1.5833333333333333,4.680850505828857
4000,9,444.44444444444446,4,84001,1170,1.625,4.5695576667785645
4000,9,444.44444444444446,4,84001,1200,1.6666666666666667,4.431726455688477
4000,9,444.44444444444446,4,84001,1230,1.7083333333333333,4.17492151260376
4000,9,444.44444444444446,4,84001,1260,1.75,3.9773061275482178
4000,9,444.44444444444446,4,84001,1290,1.7916666666666667,3.609724760055542
4000,9,444.44444444444446,4,84001,1320,1.8333333333333333,3.339658260345459
4000,9,444.44444444444446,4,84001,1350,1.875,3.2047393321990967
4000,9,444.44444444444446,4,84001,1380,1.9166666666666667,3.0663392543792725
4000,9,444.44444444444446,4,84001,1410,1.9583333333333333,3.0437779426574707
4000,9,444.44444444444446,4,84001,1440,2.0,2.9586174488067627
4000,9,444.44444444444446,4,84001,1470,2.0416666666666665,2.9269556999206543
4000,9,444.44444444444446,4,84001,1500,2.0833333333333335,2.854677677154541
4000,9,444.44444444444446,4,84001,1530,2.125,2.8594002723693848
4000,9,444.44444444444446,4,84001,1560,2.1666666666666665,2.7618906497955322
4000,9,444.44444444444446,4,84001,1590,2.2083333333333335,2.689117193222046
4000,9,444.44444444444446,4,84001,1620,2.25,2.6926968097686768
4000,9,444.44444444444446,4,84001,1650,2.2916666666666665,2.579941511154175
4000,9,444.44444444444446,4,84001,1680,2.3333333333333335,2.3885488510131836
4000,9,444.44444444444446,4,84001,1710,2.375,2.3782358169555664
4000,9,444.44444444444446,4,84001,1740,2.4166666666666665,2.3522157669067383
4000,9,444.44444444444446,4,84001,1770,2.4583333333333335,2.280905246734619
4000,9,444.44444444444446,4,84001,1800,2.5,2.165792226791382
4000,9,444.44444444444446,4,84001,1830,2.5416666666666665,2.11468768119812
4000,9,444.44444444444446,4,84001,1860,2.5833333333333335,2.0764667987823486
4000,9,444.44444444444446,4,84001,1890,2.625,2.080282211303711
4000,9,444.44444444444446,4,84001,1920,2.6666666666666665,2.135529041290283
4000,9,444.44444444444446,4,84001,1950,2.7083333333333335,2.051884412765503
4000,9,444.44444444444446,4,84001,1980,2.75,2.049427032470703
4000,9,444.44444444444446,4,84001,2010,2.7916666666666665,2.050600051879883
4000,9,444.44444444444446,4,84001,2040,2.8333333333333335,2.075422763824463
4000,9,444.44444444444446,4,84001,2070,2.875,2.079901933670044
4000,9,444.44444444444446,4,84001,2100,2.9166666666666665,2.032686471939087
4000,9,444.44444444444446,4,84001,2130,2.9583333333333335,2.082131862640381
4000,9,444.44444444444446,4,84001,2160,3.0,2.0269412994384766
4000,9,444.44444444444446,4,84001,2190,3.0416666666666665,2.073798656463623
4000,9,444.44444444444446,4,84001,2220,3.0833333333333335,2.0971858501434326
4000,9,444.44444444444446,4,84001,2250,3.125,2.065746784210205
4000,9,444.44444444444446,4,84001,2280,3.1666666666666665,2.084677219390869
4000,9,444.44444444444446,4,84001,2310,3.2083333333333335,2.0978198051452637
4000,9,444.44444444444446,4,84001,2340,3.25,2.0917441844940186
4000,9,444.44444444444446,4,84001,2370,3.2916666666666665,2.0979135036468506
4000,9,444.44444444444446,4,84001,2400,3.3333333333333335,2.1245858669281006
4000,9,444.44444444444446,4,84001,2430,3.375,2.1321229934692383
4000,9,444.44444444444446,4,84001,2460,3.4166666666666665,2.119624376296997
4000,9,444.44444444444446,4,84001,2490,3.4583333333333335,2.1238296031951904
4000,9,444.44444444444446,4,84001,2520,3.5,2.123084306716919
4000,9,444.44444444444446,4,84001,2550,3.5416666666666665,2.106884241104126
4000,9,444.44444444444446,4,84001,2580,3.5833333333333335,2.1100962162017822
4000,9,444.44444444444446,4,84001,2610,3.625,2.0729026794433594
4000,9,444.44444444444446,4,84001,2640,3.6666666666666665,2.036638021469116
4000,9,444.44444444444446,4,84001,2670,3.7083333333333335,2.0483429431915283
4000,9,444.44444444444446,4,84001,2700,3.75,2.094780206680298
4000,9,444.44444444444446,4,84001,2730,3.7916666666666665,2.061187505722046
4000,9,444.44444444444446,4,84001,2760,3.8333333333333335,2.040626049041748
4000,9,444.44444444444446,4,84001,2790,3.875,2.073185920715332
4000,9,444.44444444444446,4,84001,2820,3.9166666666666665,2.0566132068634033
4000,9,444.44444444444446,4,84001,2850,3.9583333333333335,2.0699048042297363
4000,9,444.44444444444446,4,84001,2880,4.0,2.057340145111084
4000,9,444.44444444444446,4,84001,2910,4.041666666666667,2.0699329376220703
4000,9,444.44444444444446,4,84001,2940,4.083333333333333,2.082397222518921
4000,9,444.44444444444446,4,84001,2970,4.125,2.065512180328369
4000,9,444.44444444444446,4,84001,3000,4.166666666666667,2.0754661560058594
4000,9,444.44444444444446,4,84001,3030,4.208333333333333,2.1012330055236816
4000,9,444.44444444444446,4,84001,3060,4.25,2.0399794578552246
4000,9,444.44444444444446,4,84001,3090,4.291666666666667,2.0382368564605713
4000,9,444.44444444444446,4,84001,3120,4.333333333333333,2.0456342697143555
4000,9,444.44444444444446,4,84001,3150,4.375,2.065896987915039
4000,9,444.44444444444446,4,84001,3180,4.416666666666667,2.002403497695923
4000,9,444.44444444444446,4,84001,3210,4.458333333333333,2.0491132736206055
4000,9,444.44444444444446,4,84001,3240,4.5,2.054699182510376
4000,9,444.44444444444446,4,84001,3270,4.541666666666667,2.072206497192383
4000,9,444.44444444444446,4,84001,3300,4.583333333333333,2.0589048862457275
4000,9,444.44444444444446,4,84001,3330,4.625,2.0330348014831543
4000,9,444.44444444444446,4,84001,3360,4.666666666666667,2.057661771774292
4000,9,444.44444444444446,4,84001,3390,4.708333333333333,2.0266671180725098
4000,9,444.44444444444446,4,84001,3420,4.75,2.069309711456299
4000,9,444.44444444444446,4,84001,3450,4.791666666666667,2.046754837036133
4000,9,444.44444444444446,4,84001,3480,4.833333333333333,2.031372308731079
4000,9,444.44444444444446,4,84001,3510,4.875,2.0255630016326904
4000,9,444.44444444444446,4,84001,3540,4.916666666666667,2.0389065742492676
4000,9,444.44444444444446,4,84001,3570,4.958333333333333,2.06284761428833
4000,9,444.44444444444446,4,84001,3600,5.0,2.0519940853118896
4000,9,444.44444444444446,5,84001,0,0.0,19.92569351196289
4000,9,444.44444444444446,5,84001,30,0.041666666666666664,18.97005844116211
4000,9,444.44444444444446,5,84001,60,0.08333333333333333,18.13642692565918
4000,9,444.44444444444446,5,84001,90,0.125,17.095211029052734
4000,9,444.44444444444446,5,84001,120,0.16666666666666666,15.881912231445312
4000,9,444.44444444444446,5,84001,150,0.20833333333333334,14.764114379882812
4000,9,444.44444444444446,5,84001,180,0.25,14.167631149291992
4000,9,444.44444444444446,5,84001,210,0.2916666666666667,14.73298454284668
4000,9,444.44444444444446,5,84001,240,0.3333333333333333,15.983841896057129
4000,9,444.44444444444446,5,84001,270,0.375,17.031414031982422
4000,9,444.44444444444446,5,84001,300,0.4166666666666667,17.81332015991211
4000,9,444.44444444444446,5,84001,330,0.4583333333333333,18.242996215820312
4000,9,444.44444444444446,5,84001,360,0.5,18.411231994628906
4000,9,444.44444444444446,5,84001,390,0.5416666666666666,17.99751091003418
4000,9,444.44444444444446,5,84001,420,0.5833333333333334,17.528026580810547
4000,9,444.44444444444446,5,84001,450,0.625,17.264341354370117
4000,9,444.44444444444446,5,84001,480,0.6666666666666666,17.111736297607422
4000,9,444.44444444444446,5,84001,510,0.7083333333333334,17.25198745727539
4000,9,444.44444444444446,5,84001,540,0.75,17.61407470703125
4000,9,444.44444444444446,5,84001,570,0.7916666666666666,18.089374542236328
4000,9,444.44444444444446,5,84001,600,0.8333333333333334,18.494138717651367
4000,9,444.44444444444446,5,84001,630,0.875,18.539840698242188
4000,9,444.44444444444446,5,84001,660,0.9166666666666666,18.39267921447754
4000,9,444.44444444444446,5,84001,690,0.9583333333333334,17.885923385620117
4000,9,444.44444444444446,5,84001,720,1.0,17.0545597076416
4000,9,444.44444444444446,5,84001,750,1.0416666666666667,15.8673734664917
4000,9,444.44444444444446,5,84001,780,1.0833333333333333,14.409531593322754
4000,9,444.44444444444446,5,84001,810,1.125,12.99897289276123
4000,9,444.44444444444446,5,84001,840,1.1666666666666667,11.04969310760498
4000,9,444.44444444444446,5,84001,870,1.2083333333333333,9.286752700805664
4000,9,444.44444444444446,5,84001,900,1.25,7.78118371963501
4000,9,444.44444444444446,5,84001,930,1.2916666666666667,6.797842025756836
4000,9,444.44444444444446,5,84001,960,1.3333333333333333,6.1247029304504395
4000,9,444.44444444444446,5,84001,990,1.375,5.8454976081848145
4000,9,444.44444444444446,5,84001,1020,1.4166666666666667,5.431524276733398
4000,9,444.44444444444446,5,84001,1050,1.4583333333333333,5.4455156326293945
4000,9,444.44444444444446,5,84001,1080,1.5,5.494043827056885
4000,9,444.44444444444446,5,84001,1110,1.5416666666666667,5.464698314666748
4000,9,444.44444444444446,5,84001,1140,1.5833333333333333,5.422602653503418
4000,9,444.44444444444446,5,84001,1170,1.625,5.268091678619385
4000,9,444.44444444444446,5,84001,1200,1.6666666666666667,4.893792152404785
4000,9,444.44444444444446,5,84001,1230,1.7083333333333333,4.616167068481445
4000,9,444.44444444444446,5,84001,1260,1.75,4.463102340698242
4000,9,444.44444444444446,5,84001,1290,1.7916666666666667,4.195079326629639
4000,9,444.44444444444446,5,84001,1320,1.8333333333333333,3.8768832683563232
4000,9,444.44444444444446,5,84001,1350,1.875,3.6620209217071533
4000,9,444.44444444444446,5,84001,1380,1.9166666666666667,3.5505847930908203
4000,9,444.44444444444446,5,84001,1410,1.9583333333333333,3.2833876609802246
4000,9,444.44444444444446,5,84001,1440,2.0,3.176647901535034
4000,9,444.44444444444446,5,84001,1470,2.0416666666666665,3.050015687942505
4000,9,444.44444444444446,5,84001,1500,2.0833333333333335,3.060685157775879
4000,9,444.44444444444446,5,84001,1530,2.125,3.024669885635376
4000,9,444.44444444444446,5,84001,1560,2.1666666666666665,2.8488194942474365
4000,9,444.44444444444446,5,84001,1590,2.2083333333333335,2.729090690612793
4000,9,444.44444444444446,5,84001,1620,2.25,2.646063804626465
4000,9,444.44444444444446,5,84001,1650,2.2916666666666665,2.621464729309082
4000,9,444.44444444444446,5,84001,1680,2.3333333333333335,2.4791932106018066
4000,9,444.44444444444446,5,84001,1710,2.375,2.4185478687286377
4000,9,444.44444444444446,5,84001,1740,2.4166666666666665,2.3131260871887207
4000,9,444.44444444444446,5,84001,1770,2.4583333333333335,2.2363779544830322
4000,9,444.44444444444446,5,84001,1800,2.5,2.2364842891693115
4000,9,444.44444444444446,5,84001,1830,2.5416666666666665,2.2160229682922363
4000,9,444.44444444444446,5,84001,1860,2.5833333333333335,2.2112109661102295
4000,9,444.44444444444446,5,84001,1890,2.625,2.1151351928710938
4000,9,444.44444444444446,5,84001,1920,2.6666666666666665,2.1280517578125
4000,9,444.44444444444446,5,84001,1950,2.7083333333333335,2.1550586223602295
4000,9,444.44444444444446,5,84001,1980,2.75,2.1105988025665283
4000,9,444.44444444444446,5,84001,2010,2.7916666666666665,2.1293869018554688
4000,9,444.44444444444446,5,84001,2040,2.8333333333333335,2.100346565246582
4000,9,444.44444444444446,5,84001,2070,2.875,2.1536707878112793
4000,9,444.44444444444446,5,84001,2100,2.9166666666666665,2.1786701679229736
4000,9,444.44444444444446,5,84001,2130,2.9583333333333335,2.1632046699523926
4000,9,444.44444444444446,5,84001,2160,3.0,2.1780524253845215
4000,9,444.44444444444446,5,84001,2190,3.0416666666666665,2.1764278411865234
4000,9,444.44444444444446,5,84001,2220,3.0833333333333335,2.178123950958252
4000,9,444.44444444444446,5,84001,2250,3.125,2.1476950645446777
4000,9,444.44444444444446,5,84001,2280,3.1666666666666665,2.207144021987915
4000,9,444.44444444444446,5,84001,2310,3.2083333333333335,2.172334909439087
4000,9,444.44444444444446,5,84001,2340,3.25,2.1515469551086426
4000,9,444.44444444444446,5,84001,2370,3.2916666666666665,2.1731855869293213
4000,9,444.44444444444446,5,84001,2400,3.3333333333333335,2.1985747814178467
4000,9,444.44444444444446,5,84001,2430,3.375,2.1943647861480713
4000,9,444.44444444444446,5,84001,2460,3.4166666666666665,2.1905667781829834
4000,9,444.44444444444446,5,84001,2490,3.4583333333333335,2.1979072093963623
4000,9,444.44444444444446,5,84001,2520,3.5,2.1500184535980225
4000,9,444.44444444444446,5,84001,2550,3.5416666666666665,2.1792287826538086
4000,9,444.44444444444446,5,84001,2580,3.5833333333333335,2.1401684284210205
4000,9,444.44444444444446,5,84001,2610,3.625,2.1464035511016846
4000,9,444.44444444444446,5,84001,2640,3.6666666666666665,2.1768481731414795
4000,9,444.44444444444446,5,84001,2670,3.7083333333333335,2.1451361179351807
4000,9,444.44444444444446,5,84001,2700,3.75,2.148562431335449
4000,9,444.44444444444446,5,84001,2730,3.7916666666666665,2.1438851356506348
4000,9,444.44444444444446,5,84001,2760,3.8333333333333335,2.1027333736419678
4000,9,444.44444444444446,5,84001,2790,3.875,2.1609866619110107
4000,9,444.44444444444446,5,84001,2820,3.9166666666666665,2.099212646484375
4000,9,444.44444444444446,5,84001,2850,3.9583333333333335,2.169762134552002
4000,9,444.44444444444446,5,84001,2880,4.0,2.09140944480896
4000,9,444.44444444444446,5,84001,2910,4.041666666666667,2.109189510345459
4000,9,444.44444444444446,5,84001,2940,4.083333333333333,2.1219115257263184
4000,9,444.44444444444446,5,84001,2970,4.125,2.1378026008605957
4000,9,444.44444444444446,5,84001,3000,4.166666666666667,2.1384639739990234
4000,9,444.44444444444446,5,84001,3030,4.208333333333333,2.1237573623657227
4000,9,444.44444444444446,5,84001,3060,4.25,2.1542694568634033
4000,9,444.44444444444446,5,84001,3090,4.291666666666667,2.1216535568237305
4000,9,444.44444444444446,5,84001,3120,4.333333333333333,2.1129043102264404
4000,9,444.44444444444446,5,84001,3150,4.375,2.1229588985443115
4000,9,444.44444444444446,5,84001,3180,4.416666666666667,2.1389615535736084
4000,9,444.44444444444446,5,84001,3210,4.458333333333333,2.1436777114868164
4000,9,444.44444444444446,5,84001,3240,4.5,2.131653308868408
4000,9,444.44444444444446,5,84001,3270,4.541666666666667,2.119572401046753
4000,9,444.44444444444446,5,84001,3300,4.583333333333333,2.1289563179016113
4000,9,444.44444444444446,5,84001,3330,4.625,2.112816572189331
4000,9,444.44444444444446,5,84001,3360,4.666666666666667,2.1494717597961426
4000,9,444.44444444444446,5,84001,3390,4.708333333333333,2.086977958679199
4000,9,444.44444444444446,5,84001,3420,4.75,2.102079153060913
4000,9,444.44444444444446,5,84001,3450,4.791666666666667,2.1248748302459717
4000,9,444.44444444444446,5,84001,3480,4.833333333333333,2.110485792160034
4000,9,444.44444444444446,5,84001,3510,4.875,2.1597371101379395
4000,9,444.44444444444446,5,84001,3540,4.916666666666667,2.1440653800964355
4000,9,444.44444444444446,5,84001,3570,4.958333333333333,2.101637601852417
4000,9,444.44444444444446,5,84001,3600,5.0,2.106985569000244
4000,12,333.3333333333333,0,84000,0,0.0,19.749778747558594
4000,12,333.3333333333333,0,84000,30,0.041666666666666664,18.40369987487793
4000,12,333.3333333333333,0,84000,60,0.08333333333333333,17.15106964111328
4000,12,333.3333333333333,0,84000,90,0.125,15.684558868408203
4000,12,333.3333333333333,0,84000,120,0.16666666666666666,14.20532512664795
4000,12,333.3333333333333,0,84000,150,0.20833333333333334,12.808671951293945
4000,12,333.3333333333333,0,84000,180,0.25,11.927123069763184
4000,12,333.3333333333333,0,84000,210,0.2916666666666667,12.099165916442871
4000,12,333.3333333333333,0,84000,240,0.3333333333333333,12.514966011047363
4000,12,333.3333333333333,0,84000,270,0.375,12.512443542480469
4000,12,333.3333333333333,0,84000,300,0.4166666666666667,12.088902473449707
4000,12,333.3333333333333,0,84000,330,0.4583333333333333,11.434552192687988
4000,12,333.3333333333333,0,84000,360,0.5,10.715675354003906
4000,12,333.3333333333333,0,84000,390,0.5416666666666666,10.085095405578613
4000,12,333.3333333333333,0,84000,420,0.5833333333333334,9.94275951385498
4000,12,333.3333333333333,0,84000,450,0.625,9.929556846618652
4000,12,333.3333333333333,0,84000,480,0.6666666666666666,9.984890937805176
4000,12,333.3333333333333,0,84000,510,0.7083333333333334,9.845673561096191
4000,12,333.3333333333333,0,84000,540,0.75,9.432353973388672
4000,12,333.3333333333333,0,84000,570,0.7916666666666666,8.736222267150879
4000,12,333.3333333333333,0,84000,600,0.8333333333333334,7.710939407348633
4000,12,333.3333333333333,0,84000,630,0.875,6.46870231628418
4000,12,333.3333333333333,0,84000,660,0.9166666666666666,4.836221694946289
4000,12,333.3333333333333,0,84000,690,0.9583333333333334,3.2497239112854004
4000,12,333.3333333333333,0,84000,720,1.0,1.7695921659469604
4000,12,333.3333333333333,0,84000,750,1.0416666666666667,0.7928711175918579
4000,12,333.3333333333333,0,84000,780,1.0833333333333333,0.5382187962532043
4000,12,333.3333333333333,0,84000,810,1.125,0.4160670340061188
4000,12,333.3333333333333,0,84000,840,1.1666666666666667,0.3878220021724701
4000,12,333.3333333333333,0,84000,870,1.2083333333333333,0.33526238799095154
4000,12,333.3333333333333,0,84000,900,1.25,0.3298172950744629
4000,12,333.3333333333333,0,84000,930,1.2916666666666667,0.320419579744339
4000,12,333.3333333333333,0,84000,960,1.3333333333333333,0.3139466643333435
4000,12,333.3333333333333,0,84000,990,1.375,0.3030734360218048
4000,12,333.3333333333333,0,84000,1020,1.4166666666666667,0.289834588766098
4000,12,333.3333333333333,0,84000,1050,1.4583333333333333,0.2729298770427704
4000,12,333.3333333333333,0,84000,1080,1.5,0.25547412037849426
4000,12,333.3333333333333,0,84000,1110,1.5416666666666667,0.22618237137794495
4000,12,333.3333333333333,0,84000,1140,1.5833333333333333,0.22348931431770325
4000,12,333.3333333333333,0,84000,1170,1.625,0.21730853617191315
4000,12,333.3333333333333,0,84000,1200,1.6666666666666667,0.20894630253314972
4000,12,333.3333333333333,0,84000,1230,1.7083333333333333,0.20444191992282867
4000,12,333.3333333333333,0,84000,1260,1.75,0.19962604343891144
4000,12,333.3333333333333,0,84000,1290,1.7916666666666667,0.19530437886714935
4000,12,333.3333333333333,0,84000,1320,1.8333333333333333,0.1894708275794983
4000,12,333.3333333333333,0,84000,1350,1.875,0.18285493552684784
4000,12,333.3333333333333,0,84000,1380,1.9166666666666667,0.17626601457595825
4000,12,333.3333333333333,0,84000,1410,1.9583333333333333,0.15467819571495056
4000,12,333.3333333333333,0,84000,1440,2.0,0.1626332700252533
4000,12,333.3333333333333,0,84000,1470,2.0416666666666665,0.16023510694503784
4000,12,333.3333333333333,0,84000,1500,2.0833333333333335,0.15736287832260132
4000,12,333.3333333333333,0,84000,1530,2.125,0.15560397505760193
4000,12,333.3333333333333,0,84000,1560,2.1666666666666665,0.1542525440454483
4000,12,333.3333333333333,0,84000,1590,2.2083333333333335,0.15217706561088562
4000,12,333.3333333333333,0,84000,1620,2.25,0.1502964347600937
4000,12,333.3333333333333,0,84000,1650,2.2916666666666665,0.1485191285610199
4000,12,333.3333333333333,0,84000,1680,2.3333333333333335,0.14711767435073853
4000,12,333.3333333333333,0,84000,1710,2.375,0.14531882107257843
4000,12,333.3333333333333,0,84000,1740,2.4166666666666665,0.14459410309791565
4000,12,333.3333333333333,0,84000,1770,2.4583333333333335,0.1347615122795105
4000,12,333.3333333333333,0,84000,1800,2.5,0.13896341621875763
4000,12,333.3333333333333,0,84000,1830,2.5416666666666665,0.13832969963550568
4000,12,333.3333333333333,0,84000,1860,2.5833333333333335,0.137642502784729
4000,12,333.3333333333333,0,84000,1890,2.625,0.13738882541656494
4000,12,333.3333333333333,0,84000,1920,2.6666666666666665,0.13704688847064972
4000,12,333.3333333333333,0,84000,1950,2.7083333333333335,0.13712115585803986
4000,12,333.3333333333333,0,84000,1980,2.75,0.1370895355939865
4000,12,333.3333333333333,0,84000,2010,2.7916666666666665,0.1367466151714325
4000,12,333.3333333333333,0,84000,2040,2.8333333333333335,0.13674409687519073
4000,12,333.3333333333333,0,84000,2070,2.875,0.13498957455158234
4000,12,333.3333333333333,0,84000,2100,2.9166666666666665,0.12897399067878723
4000,12,333.3333333333333,0,84000,2130,2.9583333333333335,0.1349794566631317
4000,12,333.3333333333333,0,84000,2160,3.0,0.13519109785556793
4000,12,333.3333333333333,0,84000,2190,3.0416666666666665,0.13527260720729828
4000,12,333.3333333333333,0,84000,2220,3.0833333333333335,0.13522671163082123
4000,12,333.3333333333333,0,84000,2250,3.125,0.13492794334888458
4000,12,333.3333333333333,0,84000,2280,3.1666666666666665,0.13480547070503235
4000,12,333.3333333333333,0,84000,2310,3.2083333333333335,0.13454817235469818
4000,12,333.3333333333333,0,84000,2340,3.25,0.12879055738449097
4000,12,333.3333333333333,0,84000,2370,3.2916666666666665,0.1275070458650589
4000,12,333.3333333333333,0,84000,2400,3.3333333333333335,0.13034456968307495
4000,12,333.3333333333333,0,84000,2430,3.375,0.13167279958724976
4000,12,333.3333333333333,0,84000,2460,3.4166666666666665,0.13142843544483185
4000,12,333.3333333333333,0,84000,2490,3.4583333333333335,0.13119366765022278
4000,12,333.3333333333333,0,84000,2520,3.5,0.1311170756816864
4000,12,333.3333333333333,0,84000,2550,3.5416666666666665,0.13075008988380432
4000,12,333.3333333333333,0,84000,2580,3.5833333333333335,0.13079947233200073
4000,12,333.3333333333333,0,84000,2610,3.625,0.13106821477413177
4000,12,333.3333333333333,0,84000,2640,3.6666666666666665,0.13113358616828918
4000,12,333.3333333333333,0,84000,2670,3.7083333333333335,0.12757666409015656
4000,12,333.3333333333333,0,84000,2700,3.75,0.12786656618118286
4000,12,333.3333333333333,0,84000,2730,3.7916666666666665,0.12979689240455627
4000,12,333.3333333333333,0,84000,2760,3.8333333333333335,0.12808357179164886
4000,12,333.3333333333333,0,84000,2790,3.875,0.12873096764087677
4000,12,333.3333333333333,0,84000,2820,3.9166666666666665,0.12864840030670166
4000,12,333.3333333333333,0,84000,2850,3.9583333333333335,0.12838031351566315
4000,12,333.3333333333333,0,84000,2880,4.0,0.12840169668197632
4000,12,333.3333333333333,0,84000,2910,4.041666666666667,0.12826500833034515
4000,12,333.3333333333333,0,84000,2940,4.083333333333333,0.12821033596992493
4000,12,333.3333333333333,0,84000,2970,4.125,0.11688333004713058
4000,12,333.3333333333333,0,84000,3000,4.166666666666667,0.12594278156757355
4000,12,333.3333333333333,0,84000,3030,4.208333333333333,0.12644709646701813
4000,12,333.3333333333333,0,84000,3060,4.25,0.12062002718448639
4000,12,333.3333333333333,0,84000,3090,4.291666666666667,0.12592755258083344
4000,12,333.3333333333333,0,84000,3120,4.333333333333333,0.1260739415884018
4000,12,333.3333333333333,0,84000,3150,4.375,0.12621654570102692
4000,12,333.3333333333333,0,84000,3180,4.416666666666667,0.12634027004241943
4000,12,333.3333333333333,0,84000,3210,4.458333333333333,0.12644153833389282
4000,12,333.3333333333333,0,84000,3240,4.5,0.126478910446167
4000,12,333.3333333333333,0,84000,3270,4.541666666666667,0.12658557295799255
4000,12,333.3333333333333,0,84000,3300,4.583333333333333,0.12047877162694931
4000,12,333.3333333333333,0,84000,3330,4.625,0.12248343229293823
4000,12,333.3333333333333,0,84000,3360,4.666666666666667,0.12541383504867554
4000,12,333.3333333333333,0,84000,3390,4.708333333333333,0.11993566900491714
4000,12,333.3333333333333,0,84000,3420,4.75,0.12457640469074249
4000,12,333.3333333333333,0,84000,3450,4.791666666666667,0.12444578856229782
4000,12,333.3333333333333,0,84000,3480,4.833333333333333,0.12454278767108917
4000,12,333.3333333333333,0,84000,3510,4.875,0.12453538179397583
4000,12,333.3333333333333,0,84000,3540,4.916666666666667,0.12450652569532394
4000,12,333.3333333333333,0,84000,3570,4.958333333333333,0.11865541338920593
4000,12,333.3333333333333,0,84000,3600,5.0,0.12117071449756622
4000,12,333.3333333333333,1,84000,0,0.0,19.955106735229492
4000,12,333.3333333333333,1,84000,30,0.041666666666666664,18.688297271728516
4000,12,333.3333333333333,1,84000,60,0.08333333333333333,17.46977424621582
4000,12,333.3333333333333,1,84000,90,0.125,16.036449432373047
4000,12,333.3333333333333,1,84000,120,0.16666666666666666,14.445876121520996
4000,12,333.3333333333333,1,84000,150,0.20833333333333334,13.012283325195312
4000,12,333.3333333333333,1,84000,180,0.25,12.120931625366211
4000,12,333.3333333333333,1,84000,210,0.2916666666666667,12.200477600097656
4000,12,333.3333333333333,1,84000,240,0.3333333333333333,12.549696922302246
4000,12,333.3333333333333,1,84000,270,0.375,12.59488296508789
4000,12,333.3333333333333,1,84000,300,0.4166666666666667,12.161019325256348
4000,12,333.3333333333333,1,84000,330,0.4583333333333333,11.410340309143066
4000,12,333.3333333333333,1,84000,360,0.5,10.767292022705078
4000,12,333.3333333333333,1,84000,390,0.5416666666666666,10.220091819763184
4000,12,333.3333333333333,1,84000,420,0.5833333333333334,10.129015922546387
4000,12,333.3333333333333,1,84000,450,0.625,10.141372680664062
4000,12,333.3333333333333,1,84000,480,0.6666666666666666,10.352385520935059
4000,12,333.3333333333333,1,84000,510,0.7083333333333334,10.228407859802246
4000,12,333.3333333333333,1,84000,540,0.75,9.975543022155762
4000,12,333.3333333333333,1,84000,570,0.7916666666666666,9.343674659729004
4000,12,333.3333333333333,1,84000,600,0.8333333333333334,8.403006553649902
4000,12,333.3333333333333,1,84000,630,0.875,7.06968355178833
4000,12,333.3333333333333,1,84000,660,0.9166666666666666,5.466678619384766
4000,12,333.3333333333333,1,84000,690,0.9583333333333334,3.7082645893096924
4000,12,333.3333333333333,1,84000,720,1.0,2.1491587162017822
4000,12,333.3333333333333,1,84000,750,1.0416666666666667,0.9828997254371643
4000,12,333.3333333333333,1,84000,780,1.0833333333333333,0.6138830780982971
4000,12,333.3333333333333,1,84000,810,1.125,0.45789653062820435
4000,12,333.3333333333333,1,84000,840,1.1666666666666667,0.4428107440471649
4000,12,333.3333333333333,1,84000,870,1.2083333333333333,0.40673956274986267
4000,12,333.3333333333333,1,84000,900,1.25,0.40144628286361694
4000,12,333.3333333333333,1,84000,930,1.2916666666666667,0.3844189941883087
4000,12,333.3333333333333,1,84000,960,1.3333333333333333,0.3896442651748657
4000,12,333.3333333333333,1,84000,990,1.375,0.3847309648990631
4000,12,333.3333333333333,1,84000,1020,1.4166666666666667,0.3534081280231476
4000,12,333.3333333333333,1,84000,1050,1.4583333333333333,0.30985498428344727
4000,12,333.3333333333333,1,84000,1080,1.5,0.31440964341163635
4000,12,333.3333333333333,1,84000,1110,1.5416666666666667,0.29250368475914
4000,12,333.3333333333333,1,84000,1140,1.5833333333333333,0.27277594804763794
4000,12,333.3333333333333,1,84000,1170,1.625,0.26652055978775024
4000,12,333.3333333333333,1,84000,1200,1.6666666666666667,0.2516852617263794
4000,12,333.3333333333333,1,84000,1230,1.7083333333333333,0.2483113408088684
4000,12,333.3333333333333,1,84000,1260,1.75,0.2438945323228836
4000,12,333.3333333333333,1,84000,1290,1.7916666666666667,0.23941756784915924
4000,12,333.3333333333333,1,84000,1320,1.8333333333333333,0.2323390692472458
4000,12,333.3333333333333,1,84000,1350,1.875,0.21218304336071014
4000,12,333.3333333333333,1,84000,1380,1.9166666666666667,0.21465559303760529
4000,12,333.3333333333333,1,84000,1410,1.9583333333333333,0.21191003918647766
4000,12,333.3333333333333,1,84000,1440,2.0,0.19745351374149323
4000,12,333.3333333333333,1,84000,1470,2.0416666666666665,0.20348727703094482
4000,12,333.3333333333333,1,84000,1500,2.0833333333333335,0.20298178493976593
4000,12,333.3333333333333,1,84000,1530,2.125,0.20068806409835815
4000,12,333.3333333333333,1,84000,1560,2.1666666666666665,0.20120187103748322
4000,12,333.3333333333333,1,84000,1590,2.2083333333333335,0.20028118789196014
4000,12,333.3333333333333,1,84000,1620,2.25,0.19474901258945465
4000,12,333.3333333333333,1,84000,1650,2.2916666666666665,0.18922485411167145
4000,12,333.3333333333333,1,84000,1680,2.3333333333333335,0.18877170979976654
4000,12,333.3333333333333,1,84000,1710,2.375,0.1803058236837387
4000,12,333.3333333333333,1,84000,1740,2.4166666666666665,0.18859314918518066
4000,12,333.3333333333333,1,84000,1770,2.4583333333333335,0.18122170865535736
4000,12,333.3333333333333,1,84000,1800,2.5,0.18179576098918915
4000,12,333.3333333333333,1,84000,1830,2.5416666666666665,0.1844252645969391
4000,12,333.3333333333333,1,84000,1860,2.5833333333333335,0.18475553393363953
4000,12,333.3333333333333,1,84000,1890,2.625,0.18447433412075043
4000,12,333.3333333333333,1,84000,1920,2.6666666666666665,0.1847163736820221
4000,12,333.3333333333333,1,84000,1950,2.7083333333333335,0.18515995144844055
4000,12,333.3333333333333,1,84000,1980,2.75,0.16373321413993835
4000,12,333.3333333333333,1,84000,2010,2.7916666666666665,0.18212026357650757
4000,12,333.3333333333333,1,84000,2040,2.8333333333333335,0.17813506722450256
4000,12,333.3333333333333,1,84000,2070,2.875,0.18109919130802155
4000,12,333.3333333333333,1,84000,2100,2.9166666666666665,0.17549169063568115
4000,12,333.3333333333333,1,84000,2130,2.9583333333333335,0.1763746738433838
4000,12,333.3333333333333,1,84000,2160,3.0,0.1816704124212265
4000,12,333.3333333333333,1,84000,2190,3.0416666666666665,0.1821616142988205
4000,12,333.3333333333333,1,84000,2220,3.0833333333333335,0.18256370723247528
4000,12,333.3333333333333,1,84000,2250,3.125,0.17787113785743713
4000,12,333.3333333333333,1,84000,2280,3.1666666666666665,0.1660442352294922
4000,12,333.3333333333333,1,84000,2310,3.2083333333333335,0.179851233959198
4000,12,333.3333333333333,1,84000,2340,3.25,0.1753089278936386
4000,12,333.3333333333333,1,84000,2370,3.2916666666666665,0.17520424723625183
4000,12,333.3333333333333,1,84000,2400,3.3333333333333335,0.1670345515012741
4000,12,333.3333333333333,1,84000,2430,3.375,0.1777784675359726
4000,12,333.3333333333333,1,84000,2460,3.4166666666666665,0.1780046969652176
4000,12,333.3333333333333,1,84000,2490,3.4583333333333335,0.17832452058792114
4000,12,333.3333333333333,1,84000,2520,3.5,0.1787777692079544
4000,12,333.3333333333333,1,84000,2550,3.5416666666666665,0.17237596213817596
4000,12,333.3333333333333,1,84000,2580,3.5833333333333335,0.1672174334526062
4000,12,333.3333333333333,1,84000,2610,3.625,0.17661583423614502
4000,12,333.3333333333333,1,84000,2640,3.6666666666666665,0.1582670956850052
4000,12,333.3333333333333,1,84000,2670,3.7083333333333335,0.1749328374862671
4000,12,333.3333333333333,1,84000,2700,3.75,0.16771434247493744
4000,12,333.3333333333333,1,84000,2730,3.7916666666666665,0.17504748702049255
4000,12,333.3333333333333,1,84000,2760,3.8333333333333335,0.176071897149086
4000,12,333.3333333333333,1,84000,2790,3.875,0.1721266359090805
4000,12,333.3333333333333,1,84000,2820,3.9166666666666665,0.1733044981956482
4000,12,333.3333333333333,1,84000,2850,3.9583333333333335,0.17578014731407166
4000,12,333.3333333333333,1,84000,2880,4.0,0.16881290078163147
4000,12,333.3333333333333,1,84000,2910,4.041666666666667,0.17220968008041382
4000,12,333.3333333333333,1,84000,2940,4.083333333333333,0.1653200387954712
4000,12,333.3333333333333,1,84000,2970,4.125,0.16932299733161926
4000,12,333.3333333333333,1,84000,3000,4.166666666666667,0.17128928005695343
4000,12,333.3333333333333,1,84000,3030,4.208333333333333,0.16795019805431366
4000,12,333.3333333333333,1,84000,3060,4.25,0.17314893007278442
4000,12,333.3333333333333,1,84000,3090,4.291666666666667,0.1737351417541504
4000,12,333.3333333333333,1,84000,3120,4.333333333333333,0.17191411554813385
4000,12,333.3333333333333,1,84000,3150,4.375,0.17385582625865936
4000,12,333.3333333333333,1,84000,3180,4.416666666666667,0.1661854237318039
4000,12,333.3333333333333,1,84000,3210,4.458333333333333,0.16266369819641113
4000,12,333.3333333333333,1,84000,3240,4.5,0.16610033810138702
4000,12,333.3333333333333,1,84000,3270,4.541666666666667,0.16940517723560333
4000,12,333.3333333333333,1,84000,3300,4.583333333333333,0.16632583737373352
4000,12,333.3333333333333,1,84000,3330,4.625,0.16200073063373566
4000,12,333.3333333333333,1,84000,3360,4.666666666666667,0.17052945494651794
4000,12,333.3333333333333,1,84000,3390,4.708333333333333,0.1717507690191269
4000,12,333.3333333333333,1,84000,3420,4.75,0.16921789944171906
4000,12,333.3333333333333,1,84000,3450,4.791666666666667,0.16049489378929138
4000,12,333.3333333333333,1,84000,3480,4.833333333333333,0.163468599319458
4000,12,333.3333333333333,1,84000,3510,4.875,0.1651564985513687
4000,12,333.3333333333333,1,84000,3540,4.916666666666667,0.17070522904396057
4000,12,333.3333333333333,1,84000,3570,4.958333333333333,0.15921276807785034
4000,12,333.3333333333333,1,84000,3600,5.0,0.16970425844192505
4000,12,333.3333333333333,2,84000,0,0.0,19.8588809967041
4000,12,333.3333333333333,2,84000,30,0.041666666666666664,18.537443161010742
4000,12,333.3333333333333,2,84000,60,0.08333333333333333,17.267200469970703
4000,12,333.3333333333333,2,84000,90,0.125,15.845478057861328
4000,12,333.3333333333333,2,84000,120,0.16666666666666666,14.301265716552734
4000,12,333.3333333333333,2,84000,150,0.20833333333333334,12.94533634185791
4000,12,333.3333333333333,2,84000,180,0.25,12.11281681060791
4000,12,333.3333333333333,2,84000,210,0.2916666666666667,12.142163276672363
4000,12,333.3333333333333,2,84000,240,0.3333333333333333,12.483592987060547
4000,12,333.3333333333333,2,84000,270,0.375,12.510931015014648
4000,12,333.3333333333333,2,84000,300,0.4166666666666667,12.127337455749512
4000,12,333.3333333333333,2,84000,330,0.4583333333333333,11.48868465423584
4000,12,333.3333333333333,2,84000,360,0.5,10.724264144897461
4000,12,333.3333333333333,2,84000,390,0.5416666666666666,10.09880256652832
4000,12,333.3333333333333,2,84000,420,0.5833333333333334,9.954988479614258
4000,12,333.3333333333333,2,84000,450,0.625,10.110424041748047
4000,12,333.3333333333333,2,84000,480,0.6666666666666666,10.288125991821289
4000,12,333.3333333333333,2,84000,510,0.7083333333333334,10.14700984954834
4000,12,333.3333333333333,2,84000,540,0.75,9.930554389953613
4000,12,333.3333333333333,2,84000,570,0.7916666666666666,9.107096672058105
4000,12,333.3333333333333,2,84000,600,0.8333333333333334,7.97480583190918
4000,12,333.3333333333333,2,84000,630,0.875,6.693829536437988
4000,12,333.3333333333333,2,84000,660,0.9166666666666666,5.137337684631348
4000,12,333.3333333333333,2,84000,690,0.9583333333333334,3.443650245666504
4000,12,333.3333333333333,2,84000,720,1.0,1.9378963708877563
4000,12,333.3333333333333,2,84000,750,1.0416666666666667,0.9222427606582642
4000,12,333.3333333333333,2,84000,780,1.0833333333333333,0.5906916260719299
4000,12,333.3333333333333,2,84000,810,1.125,0.5045408010482788
4000,12,333.3333333333333,2,84000,840,1.1666666666666667,0.43320998549461365
4000,12,333.3333333333333,2,84000,870,1.2083333333333333,0.37959223985671997
4000,12,333.3333333333333,2,84000,900,1.25,0.3901195824146271
4000,12,333.3333333333333,2,84000,930,1.2916666666666667,0.3676881492137909
4000,12,333.3333333333333,2,84000,960,1.3333333333333333,0.3640754222869873
4000,12,333.3333333333333,2,84000,990,1.375,0.35033726692199707
4000,12,333.3333333333333,2,84000,1020,1.4166666666666667,0.3159908354282379
4000,12,333.3333333333333,2,84000,1050,1.4583333333333333,0.3032098412513733
4000,12,333.3333333333333,2,84000,1080,1.5,0.2910047471523285
4000,12,333.3333333333333,2,84000,1110,1.5416666666666667,0.2786053419113159
4000,12,333.3333333333333,2,84000,1140,1.5833333333333333,0.2388225495815277
4000,12,333.3333333333333,2,84000,1170,1.625,0.23992988467216492
4000,12,333.3333333333333,2,84000,1200,1.6666666666666667,0.2349843680858612
4000,12,333.3333333333333,2,84000,1230,1.7083333333333333,0.2245449423789978
4000,12,333.3333333333333,2,84000,1260,1.75,0.22320693731307983
4000,12,333.3333333333333,2,84000,1290,1.7916666666666667,0.21795928478240967
4000,12,333.3333333333333,2,84000,1320,1.8333333333333333,0.2087470293045044
4000,12,333.3333333333333,2,84000,1350,1.875,0.20147815346717834
4000,12,333.3333333333333,2,84000,1380,1.9166666666666667,0.1948297768831253
4000,12,333.3333333333333,2,84000,1410,1.9583333333333333,0.1914696991443634
4000,12,333.3333333333333,2,84000,1440,2.0,0.18711397051811218
4000,12,333.3333333333333,2,84000,1470,2.0416666666666665,0.18055205047130585
4000,12,333.3333333333333,2,84000,1500,2.0833333333333335,0.17301295697689056
4000,12,333.3333333333333,2,84000,1530,2.125,0.18031242489814758
4000,12,333.3333333333333,2,84000,1560,2.1666666666666665,0.17227016389369965
4000,12,333.3333333333333,2,84000,1590,2.2083333333333335,0.17663536965847015
4000,12,333.3333333333333,2,84000,1620,2.25,0.1706744283437729
4000,12,333.3333333333333,2,84000,1650,2.2916666666666665,0.16866973042488098
4000,12,333.3333333333333,2,84000,1680,2.3333333333333335,0.16888181865215302
4000,12,333.3333333333333,2,84000,1710,2.375,0.17079170048236847
4000,12,333.3333333333333,2,84000,1740,2.4166666666666665,0.16942064464092255
4000,12,333.3333333333333,2,84000,1770,2.4583333333333335,0.16874004900455475
4000,12,333.3333333333333,2,84000,1800,2.5,0.15580472350120544
4000,12,333.3333333333333,2,84000,1830,2.5416666666666665,0.16445520520210266
4000,12,333.3333333333333,2,84000,1860,2.5833333333333335,0.15813523530960083
4000,12,333.3333333333333,2,84000,1890,2.625,0.1599324345588684
4000,12,333.3333333333333,2,84000,1920,2.6666666666666665,0.1628025472164154
4000,12,333.3333333333333,2,84000,1950,2.7083333333333335,0.15509667992591858
4000,12,333.3333333333333,2,84000,1980,2.75,0.1587119698524475
4000,12,333.3333333333333,2,84000,2010,2.7916666666666665,0.16126352548599243
4000,12,333.3333333333333,2,84000,2040,2.8333333333333335,0.1614883542060852
4000,12,333.3333333333333,2,84000,2070,2.875,0.1620035469532013
4000,12,333.3333333333333,2,84000,2100,2.9166666666666665,0.16257226467132568
4000,12,333.3333333333333,2,84000,2130,2.9583333333333335,0.15517686307430267
4000,12,333.3333333333333,2,84000,2160,3.0,0.16251440346240997
4000,12,333.3333333333333,2,84000,2190,3.0416666666666665,0.16271428763866425
4000,12,333.3333333333333,2,84000,2220,3.0833333333333335,0.15028972923755646
4000,12,333.3333333333333,2,84000,2250,3.125,0.15721024572849274
4000,12,333.3333333333333,2,84000,2280,3.1666666666666665,0.16042202711105347
4000,12,333.3333333333333,2,84000,2310,3.2083333333333335,0.15784521400928497
4000,12,333.3333333333333,2,84000,2340,3.25,0.15959420800209045
4000,12,333.3333333333333,2,84000,2370,3.2916666666666665,0.15966488420963287
4000,12,333.3333333333333,2,84000,2400,3.3333333333333335,0.1557181477546692
4000,12,333.3333333333333,2,84000,2430,3.375,0.1549341380596161
4000,12,333.3333333333333,2,84000,2460,3.4166666666666665,0.1583777368068695
4000,12,333.3333333333333,2,84000,2490,3.4583333333333335,0.15377973020076752
4000,12,333.3333333333333,2,84000,2520,3.5,0.1544487625360489
4000,12,333.3333333333333,2,84000,2550,3.5416666666666665,0.15299908816814423
4000,12,333.3333333333333,2,84000,2580,3.5833333333333335,0.15072031319141388
4000,12,333.3333333333333,2,84000,2610,3.625,0.15225110948085785
4000,12,333.3333333333333,2,84000,2640,3.6666666666666665,0.1554022878408432
4000,12,333.3333333333333,2,84000,2670,3.7083333333333335,0.15581323206424713
4000,12,333.3333333333333,2,84000,2700,3.75,0.15605972707271576
4000,12,333.3333333333333,2,84000,2730,3.7916666666666665,0.15612219274044037
4000,12,333.3333333333333,2,84000,2760,3.8333333333333335,0.1564682275056839
4000,12,333.3333333333333,2,84000,2790,3.875,0.15275362133979797
4000,12,333.3333333333333,2,84000,2820,3.9166666666666665,0.14676080644130707
4000,12,333.3333333333333,2,84000,2850,3.9583333333333335,0.15365353226661682
4000,12,333.3333333333333,2,84000,2880,4.0,0.14650005102157593
4000,12,333.3333333333333,2,84000,2910,4.041666666666667,0.15283215045928955
4000,12,333.3333333333333,2,84000,2940,4.083333333333333,0.15127427875995636
4000,12,333.3333333333333,2,84000,2970,4.125,0.15243738889694214
4000,12,333.3333333333333,2,84000,3000,4.166666666666667,0.15279150009155273
4000,12,333.3333333333333,2,84000,3030,4.208333333333333,0.1533045619726181
4000,12,333.3333333333333,2,84000,3060,4.25,0.1537630259990692
4000,12,333.3333333333333,2,84000,3090,4.291666666666667,0.14579850435256958
4000,12,333.3333333333333,2,84000,3120,4.333333333333333,0.1533007025718689
4000,12,333.3333333333333,2,84000,3150,4.375,0.14218652248382568
4000,12,333.3333333333333,2,84000,3180,4.416666666666667,0.14747290313243866
4000,12,333.3333333333333,2,84000,3210,4.458333333333333,0.15050135552883148
4000,12,333.3333333333333,2,84000,3240,4.5,0.15170471370220184
4000,12,333.3333333333333,2,84000,3270,4.541666666666667,0.15025271475315094
4000,12,333.3333333333333,2,84000,3300,4.583333333333333,0.15205059945583344
4000,12,333.3333333333333,2,84000,3330,4.625,0.15249033272266388
4000,12,333.3333333333333,2,84000,3360,4.666666666666667,0.15099570155143738
4000,12,333.3333333333333,2,84000,3390,4.708333333333333,0.1465551108121872
4000,12,333.3333333333333,2,84000,3420,4.75,0.15207311511039734
4000,12,333.3333333333333,2,84000,3450,4.791666666666667,0.152327761054039
4000,12,333.3333333333333,2,84000,3480,4.833333333333333,0.13710245490074158
4000,12,333.3333333333333,2,84000,3510,4.875,0.1478525549173355
4000,12,333.3333333333333,2,84000,3540,4.916666666666667,0.14485222101211548
4000,12,333.3333333333333,2,84000,3570,4.958333333333333,0.14960187673568726
4000,12,333.3333333333333,2,84000,3600,5.0,0.14421021938323975
4000,12,333.3333333333333,3,84001,0,0.0,20.101791381835938
4000,12,333.3333333333333,3,84001,30,0.041666666666666664,18.659666061401367
4000,12,333.3333333333333,3,84001,60,0.08333333333333333,17.409160614013672
4000,12,333.3333333333333,3,84001,90,0.125,16.014404296875
4000,12,333.3333333333333,3,84001,120,0.16666666666666666,14.539865493774414
4000,12,333.3333333333333,3,84001,150,0.20833333333333334,13.083377838134766
4000,12,333.3333333333333,3,84001,180,0.25,12.192948341369629
4000,12,333.3333333333333,3,84001,210,0.2916666666666667,12.257716178894043
4000,12,333.3333333333333,3,84001,240,0.3333333333333333,12.611937522888184
4000,12,333.3333333333333,3,84001,270,0.375,12.757883071899414
4000,12,333.3333333333333,3,84001,300,0.4166666666666667,12.259072303771973
4000,12,333.3333333333333,3,84001,330,0.4583333333333333,11.560070037841797
4000,12,333.3333333333333,3,84001,360,0.5,10.833097457885742
4000,12,333.3333333333333,3,84001,390,0.5416666666666666,10.410265922546387
4000,12,333.3333333333333,3,84001,420,0.5833333333333334,10.30228328704834
4000,12,333.3333333333333,3,84001,450,0.625,10.261414527893066
4000,12,333.3333333333333,3,84001,480,0.6666666666666666,10.247917175292969
4000,12,333.3333333333333,3,84001,510,0.7083333333333334,10.316375732421875
4000,12,333.3333333333333,3,84001,540,0.75,9.935006141662598
4000,12,333.3333333333333,3,84001,570,0.7916666666666666,9.29024600982666
4000,12,333.3333333333333,3,84001,600,0.8333333333333334,8.350224494934082
4000,12,333.3333333333333,3,84001,630,0.875,6.996825218200684
4000,12,333.3333333333333,3,84001,660,0.9166666666666666,5.330941200256348
4000,12,333.3333333333333,3,84001,690,0.9583333333333334,3.5729286670684814
4000,12,333.3333333333333,3,84001,720,1.0,1.973574161529541
4000,12,333.3333333333333,3,84001,750,1.0416666666666667,1.0208474397659302
4000,12,333.3333333333333,3,84001,780,1.0833333333333333,0.584466814994812
4000,12,333.3333333333333,3,84001,810,1.125,0.4426621198654175
4000,12,333.3333333333333,3,84001,840,1.1666666666666667,0.41851815581321716
4000,12,333.3333333333333,3,84001,870,1.2083333333333333,0.38840389251708984
4000,12,333.3333333333333,3,84001,900,1.25,0.3751603066921234
4000,12,333.3333333333333,3,84001,930,1.2916666666666667,0.37556830048561096
4000,12,333.3333333333333,3,84001,960,1.3333333333333333,0.370186448097229
4000,12,333.3333333333333,3,84001,990,1.375,0.33777642250061035
4000,12,333.3333333333333,3,84001,1020,1.4166666666666667,0.3288838267326355
4000,12,333.3333333333333,3,84001,1050,1.4583333333333333,0.31626659631729126
4000,12,333.3333333333333,3,84001,1080,1.5,0.30016279220581055
4000,12,333.3333333333333,3,84001,1110,1.5416666666666667,0.27980494499206543
4000,12,333.3333333333333,3,84001,1140,1.5833333333333333,0.28200313448905945
4000,12,333.3333333333333,3,84001,1170,1.625,0.2571558356285095
4000,12,333.3333333333333,3,84001,1200,1.6666666666666667,0.2579527795314789
4000,12,333.3333333333333,3,84001,1230,1.7083333333333333,0.25524798035621643
4000,12,333.3333333333333,3,84001,1260,1.75,0.25108182430267334
4000,12,333.3333333333333,3,84001,1290,1.7916666666666667,0.24641795456409454
4000,12,333.3333333333333,3,84001,1320,1.8333333333333333,0.24347369372844696
4000,12,333.3333333333333,3,84001,1350,1.875,0.23909235000610352
4000,12,333.3333333333333,3,84001,1380,1.9166666666666667,0.23350399732589722
4000,12,333.3333333333333,3,84001,1410,1.9583333333333333,0.2050950974225998
4000,12,333.3333333333333,3,84001,1440,2.0,0.2021051049232483
4000,12,333.3333333333333,3,84001,1470,2.0416666666666665,0.20069675147533417
4000,12,333.3333333333333,3,84001,1500,2.0833333333333335,0.19976048171520233
4000,12,333.3333333333333,3,84001,1530,2.125,0.19794133305549622
4000,12,333.3333333333333,3,84001,1560,2.1666666666666665,0.1908053457736969
4000,12,333.3333333333333,3,84001,1590,2.2083333333333335,0.1938575804233551
4000,12,333.3333333333333,3,84001,1620,2.25,0.19310414791107178
4000,12,333.3333333333333,3,84001,1650,2.2916666666666665,0.18879888951778412
4000,12,333.3333333333333,3,84001,1680,2.3333333333333335,0.1905389428138733
4000,12,333.3333333333333,3,84001,1710,2.375,0.17472510039806366
4000,12,333.3333333333333,3,84001,1740,2.4166666666666665,0.18705713748931885
4000,12,333.3333333333333,3,84001,1770,2.4583333333333335,0.1712798774242401
4000,12,333.3333333333333,3,84001,1800,2.5,0.17947034537792206
4000,12,333.3333333333333,3,84001,1830,2.5416666666666665,0.18417049944400787
4000,12,333.3333333333333,3,84001,1860,2.5833333333333335,0.1840585619211197
4000,12,333.3333333333333,3,84001,1890,2.625,0.1814856231212616
4000,12,333.3333333333333,3,84001,1920,2.6666666666666665,0.18412673473358154
4000,12,333.3333333333333,3,84001,1950,2.7083333333333335,0.18478187918663025
4000,12,333.3333333333333,3,84001,1980,2.75,0.18096427619457245
4000,12,333.3333333333333,3,84001,2010,2.7916666666666665,0.18500268459320068
4000,12,333.3333333333333,3,84001,2040,2.8333333333333335,0.1669992357492447
4000,12,333.3333333333333,3,84001,2070,2.875,0.182122141122818
4000,12,333.3333333333333,3,84001,2100,2.9166666666666665,0.17380717396736145
4000,12,333.3333333333333,3,84001,2130,2.9583333333333335,0.178926482796669
4000,12,333.3333333333333,3,84001,2160,3.0,0.17636999487876892
4000,12,333.3333333333333,3,84001,2190,3.0416666666666665,0.17525307834148407
4000,12,333.3333333333333,3,84001,2220,3.0833333333333335,0.1801227480173111
4000,12,333.3333333333333,3,84001,2250,3.125,0.18066786229610443
4000,12,333.3333333333333,3,84001,2280,3.1666666666666665,0.178852841258049
4000,12,333.3333333333333,3,84001,2310,3.2083333333333335,0.17702093720436096
4000,12,333.3333333333333,3,84001,2340,3.25,0.1798035055398941
4000,12,333.3333333333333,3,84001,2370,3.2916666666666665,0.16230902075767517
4000,12,333.3333333333333,3,84001,2400,3.3333333333333335,0.17746451497077942
4000,12,333.3333333333333,3,84001,2430,3.375,0.16457599401474
4000,12,333.3333333333333,3,84001,2460,3.4166666666666665,0.16622723639011383
4000,12,333.3333333333333,3,84001,2490,3.4583333333333335,0.17582979798316956
4000,12,333.3333333333333,3,84001,2520,3.5,0.17423266172409058
4000,12,333.3333333333333,3,84001,2550,3.5416666666666665,0.17612063884735107
4000,12,333.3333333333333,3,84001,2580,3.5833333333333335,0.1745361089706421
4000,12,333.3333333333333,3,84001,2610,3.625,0.17314663529396057
4000,12,333.3333333333333,3,84001,2640,3.6666666666666665,0.17636321485042572
4000,12,333.3333333333333,3,84001,2670,3.7083333333333335,0.17705267667770386
4000,12,333.3333333333333,3,84001,2700,3.75,0.17759552597999573
4000,12,333.3333333333333,3,84001,2730,3.7916666666666665,0.15632717311382294
4000,12,333.3333333333333,3,84001,2760,3.8333333333333335,0.16711920499801636
4000,12,333.3333333333333,3,84001,2790,3.875,0.17130480706691742
4000,12,333.3333333333333,3,84001,2820,3.9166666666666665,0.17332012951374054
4000,12,333.3333333333333,3,84001,2850,3.9583333333333335,0.17374147474765778
4000,12,333.3333333333333,3,84001,2880,4.0,0.16676633059978485
4000,12,333.3333333333333,3,84001,2910,4.041666666666667,0.17284072935581207
4000,12,333.3333333333333,3,84001,2940,4.083333333333333,0.17129741609096527
4000,12,333.3333333333333,3,84001,2970,4.125,0.1728878617286682
4000,12,333.3333333333333,3,84001,3000,4.166666666666667,0.1735144555568695
4000,12,333.3333333333333,3,84001,3030,4.208333333333333,0.17445269227027893
4000,12,333.3333333333333,3,84001,3060,4.25,0.15791073441505432
4000,12,333.3333333333333,3,84001,3090,4.291666666666667,0.16532938182353973
4000,12,333.3333333333333,3,84001,3120,4.333333333333333,0.164237380027771
4000,12,333.3333333333333,3,84001,3150,4.375,0.17108535766601562
4000,12,333.3333333333333,3,84001,3180,4.416666666666667,0.1652437150478363
4000,12,333.3333333333333,3,84001,3210,4.458333333333333,0.1713508665561676
4000,12,333.3333333333333,3,84001,3240,4.5,0.1636132150888443
4000,12,333.3333333333333,3,84001,3270,4.541666666666667,0.17156612873077393
4000,12,333.3333333333333,3,84001,3300,4.583333333333333,0.1722802370786667
4000,12,333.3333333333333,3,84001,3330,4.625,0.17293888330459595
4000,12,333.3333333333333,3,84001,3360,4.666666666666667,0.16111959517002106
4000,12,333.3333333333333,3,84001,3390,4.708333333333333,0.16514421999454498
4000,12,333.3333333333333,3,84001,3420,4.75,0.16807757318019867
4000,12,333.3333333333333,3,84001,3450,4.791666666666667,0.1628658026456833
4000,12,333.3333333333333,3,84001,3480,4.833333333333333,0.16975295543670654
4000,12,333.3333333333333,3,84001,3510,4.875,0.17026852071285248
4000,12,333.3333333333333,3,84001,3540,4.916666666666667,0.15323513746261597
4000,12,333.3333333333333,3,84001,3570,4.958333333333333,0.16851769387722015
4000,12,333.3333333333333,3,84001,3600,5.0,0.1700480580329895
4000,12,333.3333333333333,4,84001,0,0.0,20.089427947998047
4000,12,333.3333333333333,4,84001,30,0.041666666666666664,18.734886169433594
4000,12,333.3333333333333,4,84001,60,0.08333333333333333,17.40324592590332
4000,12,333.3333333333333,4,84001,90,0.125,16.01797866821289
4000,12,333.3333333333333,4,84001,120,0.16666666666666666,14.530815124511719
4000,12,333.3333333333333,4,84001,150,0.20833333333333334,13.074962615966797
4000,12,333.3333333333333,4,84001,180,0.25,12.204729080200195
4000,12,333.3333333333333,4,84001,210,0.2916666666666667,12.234432220458984
4000,12,333.3333333333333,4,84001,240,0.3333333333333333,12.562195777893066
4000,12,333.3333333333333,4,84001,270,0.375,12.561403274536133
4000,12,333.3333333333333,4,84001,300,0.4166666666666667,12.108499526977539
4000,12,333.3333333333333,4,84001,330,0.4583333333333333,11.419411659240723
4000,12,333.3333333333333,4,84001,360,0.5,10.652644157409668
4000,12,333.3333333333333,4,84001,390,0.5416666666666666,10.18508243560791
4000,12,333.3333333333333,4,84001,420,0.5833333333333334,10.066834449768066
4000,12,333.3333333333333,4,84001,450,0.625,10.155795097351074
4000,12,333.3333333333333,4,84001,480,0.6666666666666666,10.312394142150879
4000,12,333.3333333333333,4,84001,510,0.7083333333333334,10.275833129882812
4000,12,333.3333333333333,4,84001,540,0.75,9.939155578613281
4000,12,333.3333333333333,4,84001,570,0.7916666666666666,9.252104759216309
4000,12,333.3333333333333,4,84001,600,0.8333333333333334,8.195954322814941
4000,12,333.3333333333333,4,84001,630,0.875,6.938339710235596
4000,12,333.3333333333333,4,84001,660,0.9166666666666666,5.425595760345459
4000,12,333.3333333333333,4,84001,690,0.9583333333333334,3.8086397647857666
4000,12,333.3333333333333,4,84001,720,1.0,2.3283028602600098
4000,12,333.3333333333333,4,84001,750,1.0416666666666667,1.1926178932189941
4000,12,333.3333333333333,4,84001,780,1.0833333333333333,0.640609085559845
4000,12,333.3333333333333,4,84001,810,1.125,0.42834484577178955
4000,12,333.3333333333333,4,84001,840,1.1666666666666667,0.3886396288871765
4000,12,333.3333333333333,4,84001,870,1.2083333333333333,0.3725784718990326
4000,12,333.3333333333333,4,84001,900,1.25,0.37757259607315063
4000,12,333.3333333333333,4,84001,930,1.2916666666666667,0.380643367767334
4000,12,333.3333333333333,4,84001,960,1.3333333333333333,0.3788686990737915
4000,12,333.3333333333333,4,84001,990,1.375,0.3699209690093994
4000,12,333.3333333333333,4,84001,1020,1.4166666666666667,0.3291298449039459
4000,12,333.3333333333333,4,84001,1050,1.4583333333333333,0.30827057361602783
4000,12,333.3333333333333,4,84001,1080,1.5,0.25949153304100037
4000,12,333.3333333333333,4,84001,1110,1.5416666666666667,0.25843167304992676
4000,12,333.3333333333333,4,84001,1140,1.5833333333333333,0.25357455015182495
4000,12,333.3333333333333,4,84001,1170,1.625,0.24776065349578857
4000,12,333.3333333333333,4,84001,1200,1.6666666666666667,0.24224241077899933
4000,12,333.3333333333333,4,84001,1230,1.7083333333333333,0.2381969392299652
4000,12,333.3333333333333,4,84001,1260,1.75,0.23370108008384705
4000,12,333.3333333333333,4,84001,1290,1.7916666666666667,0.22834421694278717
4000,12,333.3333333333333,4,84001,1320,1.8333333333333333,0.21939226984977722
4000,12,333.3333333333333,4,84001,1350,1.875,0.20115484297275543
4000,12,333.3333333333333,4,84001,1380,1.9166666666666667,0.19748900830745697
4000,12,333.3333333333333,4,84001,1410,1.9583333333333333,0.1964114010334015
4000,12,333.3333333333333,4,84001,1440,2.0,0.189784973859787
4000,12,333.3333333333333,4,84001,1470,2.0416666666666665,0.19121435284614563
4000,12,333.3333333333333,4,84001,1500,2.0833333333333335,0.18968552350997925
4000,12,333.3333333333333,4,84001,1530,2.125,0.188205286860466
4000,12,333.3333333333333,4,84001,1560,2.1666666666666665,0.1872761845588684
4000,12,333.3333333333333,4,84001,1590,2.2083333333333335,0.1865314543247223
4000,12,333.3333333333333,4,84001,1620,2.25,0.18578587472438812
4000,12,333.3333333333333,4,84001,1650,2.2916666666666665,0.1731041669845581
4000,12,333.3333333333333,4,84001,1680,2.3333333333333335,0.17849212884902954
4000,12,333.3333333333333,4,84001,1710,2.375,0.1673944592475891
4000,12,333.3333333333333,4,84001,1740,2.4166666666666665,0.1732349991798401
4000,12,333.3333333333333,4,84001,1770,2.4583333333333335,0.173750638961792
4000,12,333.3333333333333,4,84001,1800,2.5,0.17039862275123596
4000,12,333.3333333333333,4,84001,1830,2.5416666666666665,0.1718968152999878
4000,12,333.3333333333333,4,84001,1860,2.5833333333333335,0.1715928167104721
4000,12,333.3333333333333,4,84001,1890,2.625,0.17126959562301636
4000,12,333.3333333333333,4,84001,1920,2.6666666666666665,0.17140711843967438
4000,12,333.3333333333333,4,84001,1950,2.7083333333333335,0.1717342585325241
4000,12,333.3333333333333,4,84001,1980,2.75,0.16039344668388367
4000,12,333.3333333333333,4,84001,2010,2.7916666666666665,0.16235625743865967
4000,12,333.3333333333333,4,84001,2040,2.8333333333333335,0.15849389135837555
4000,12,333.3333333333333,4,84001,2070,2.875,0.16751261055469513
4000,12,333.3333333333333,4,84001,2100,2.9166666666666665,0.16800948977470398
4000,12,333.3333333333333,4,84001,2130,2.9583333333333335,0.16245514154434204
4000,12,333.3333333333333,4,84001,2160,3.0,0.1678708791732788
4000,12,333.3333333333333,4,84001,2190,3.0416666666666665,0.16813857853412628
4000,12,333.3333333333333,4,84001,2220,3.0833333333333335,0.16835354268550873
4000,12,333.3333333333333,4,84001,2250,3.125,0.1592702567577362
4000,12,333.3333333333333,4,84001,2280,3.1666666666666665,0.15511062741279602
4000,12,333.3333333333333,4,84001,2310,3.2083333333333335,0.16609671711921692
4000,12,333.3333333333333,4,84001,2340,3.25,0.15388821065425873
4000,12,333.3333333333333,4,84001,2370,3.2916666666666665,0.15860633552074432
4000,12,333.3333333333333,4,84001,2400,3.3333333333333335,0.16467079520225525
4000,12,333.3333333333333,4,84001,2430,3.375,0.1649850755929947
4000,12,333.3333333333333,4,84001,2460,3.4166666666666665,0.1602386236190796
4000,12,333.3333333333333,4,84001,2490,3.4583333333333335,0.16487552225589752
4000,12,333.3333333333333,4,84001,2520,3.5,0.16532425582408905
4000,12,333.3333333333333,4,84001,2550,3.5416666666666665,0.16567222774028778
4000,12,333.3333333333333,4,84001,2580,3.5833333333333335,0.15928955376148224
4000,12,333.3333333333333,4,84001,2610,3.625,0.15193109214305878
4000,12,333.3333333333333,4,84001,2640,3.6666666666666665,0.15960201621055603
4000,12,333.3333333333333,4,84001,2670,3.7083333333333335,0.15878406167030334
4000,12,333.3333333333333,4,84001,2700,3.75,0.15745675563812256
4000,12,333.3333333333333,4,84001,2730,3.7916666666666665,0.16108717024326324
4000,12,333.3333333333333,4,84001,2760,3.8333333333333335,0.16125117242336273
4000,12,333.3333333333333,4,84001,2790,3.875,0.16157318651676178
4000,12,333.3333333333333,4,84001,2820,3.9166666666666665,0.1592591553926468
4000,12,333.3333333333333,4,84001,2850,3.9583333333333335,0.1566193550825119
4000,12,333.3333333333333,4,84001,2880,4.0,0.16081121563911438
4000,12,333.3333333333333,4,84001,2910,4.041666666666667,0.15696541965007782
4000,12,333.3333333333333,4,84001,2940,4.083333333333333,0.1518944501876831
4000,12,333.3333333333333,4,84001,2970,4.125,0.15961837768554688
4000,12,333.3333333333333,4,84001,3000,4.166666666666667,0.14872799813747406
4000,12,333.3333333333333,4,84001,3030,4.208333333333333,0.15787391364574432
4000,12,333.3333333333333,4,84001,3060,4.25,0.15461355447769165
4000,12,333.3333333333333,4,84001,3090,4.291666666666667,0.15812163054943085
4000,12,333.3333333333333,4,84001,3120,4.333333333333333,0.15483658015727997
4000,12,333.3333333333333,4,84001,3150,4.375,0.15382486581802368
4000,12,333.3333333333333,4,84001,3180,4.416666666666667,0.15804682672023773
4000,12,333.3333333333333,4,84001,3210,4.458333333333333,0.15150028467178345
4000,12,333.3333333333333,4,84001,3240,4.5,0.15291602909564972
4000,12,333.3333333333333,4,84001,3270,4.541666666666667,0.15116675198078156
4000,12,333.3333333333333,4,84001,3300,4.583333333333333,0.15716049075126648
4000,12,333.3333333333333,4,84001,3330,4.625,0.1520151048898697
4000,12,333.3333333333333,4,84001,3360,4.666666666666667,0.1579878181219101
4000,12,333.3333333333333,4,84001,3390,4.708333333333333,0.1550593376159668
4000,12,333.3333333333333,4,84001,3420,4.75,0.1552853286266327
4000,12,333.3333333333333,4,84001,3450,4.791666666666667,0.15610824525356293
4000,12,333.3333333333333,4,84001,3480,4.833333333333333,0.1564113199710846
4000,12,333.3333333333333,4,84001,3510,4.875,0.15483173727989197
4000,12,333.3333333333333,4,84001,3540,4.916666666666667,0.1574242115020752
4000,12,333.3333333333333,4,84001,3570,4.958333333333333,0.15502287447452545
4000,12,333.3333333333333,4,84001,3600,5.0,0.1521909236907959
4000,12,333.3333333333333,5,84001,0,0.0,19.92569351196289
4000,12,333.3333333333333,5,84001,30,0.041666666666666664,18.61107063293457
4000,12,333.3333333333333,5,84001,60,0.08333333333333333,17.256433486938477
4000,12,333.3333333333333,5,84001,90,0.125,15.760709762573242
4000,12,333.3333333333333,5,84001,120,0.16666666666666666,14.190077781677246
4000,12,333.3333333333333,5,84001,150,0.20833333333333334,12.785523414611816
4000,12,333.3333333333333,5,84001,180,0.25,11.975811004638672
4000,12,333.3333333333333,5,84001,210,0.2916666666666667,11.936676979064941
4000,12,333.3333333333333,5,84001,240,0.3333333333333333,12.386347770690918
4000,12,333.3333333333333,5,84001,270,0.375,12.405557632446289
4000,12,333.3333333333333,5,84001,300,0.4166666666666667,12.057585716247559
4000,12,333.3333333333333,5,84001,330,0.4583333333333333,11.487244606018066
4000,12,333.3333333333333,5,84001,360,0.5,10.625977516174316
4000,12,333.3333333333333,5,84001,390,0.5416666666666666,10.064550399780273
4000,12,333.3333333333333,5,84001,420,0.5833333333333334,9.946345329284668
4000,12,333.3333333333333,5,84001,450,0.625,10.007402420043945
4000,12,333.3333333333333,5,84001,480,0.6666666666666666,10.166080474853516
4000,12,333.3333333333333,5,84001,510,0.7083333333333334,9.998519897460938
4000,12,333.3333333333333,5,84001,540,0.75,9.691665649414062
4000,12,333.3333333333333,5,84001,570,0.7916666666666666,9.057340621948242
4000,12,333.3333333333333,5,84001,600,0.8333333333333334,7.95361328125
4000,12,333.3333333333333,5,84001,630,0.875,6.638897895812988
4000,12,333.3333333333333,5,84001,660,0.9166666666666666,4.959111213684082
4000,12,333.3333333333333,5,84001,690,0.9583333333333334,3.2597196102142334
4000,12,333.3333333333333,5,84001,720,1.0,1.726714849472046
4000,12,333.3333333333333,5,84001,750,1.0416666666666667,0.8230428099632263
4000,12,333.3333333333333,5,84001,780,1.0833333333333333,0.5651013851165771
4000,12,333.3333333333333,5,84001,810,1.125,0.47472208738327026
4000,12,333.3333333333333,5,84001,840,1.1666666666666667,0.39006006717681885
4000,12,333.3333333333333,5,84001,870,1.2083333333333333,0.3670007884502411
4000,12,333.3333333333333,5,84001,900,1.25,0.339389830827713
4000,12,333.3333333333333,5,84001,930,1.2916666666666667,0.33754223585128784
4000,12,333.3333333333333,5,84001,960,1.3333333333333333,0.3282628357410431
4000,12,333.3333333333333,5,84001,990,1.375,0.3259885013103485
4000,12,333.3333333333333,5,84001,1020,1.4166666666666667,0.3139711618423462
4000,12,333.3333333333333,5,84001,1050,1.4583333333333333,0.2965094745159149
4000,12,333.3333333333333,5,84001,1080,1.5,0.2609234154224396
4000,12,333.3333333333333,5,84001,1110,1.5416666666666667,0.2510296106338501
4000,12,333.3333333333333,5,84001,1140,1.5833333333333333,0.24405722320079803
4000,12,333.3333333333333,5,84001,1170,1.625,0.21880760788917542
4000,12,333.3333333333333,5,84001,1200,1.6666666666666667,0.22063536942005157
4000,12,333.3333333333333,5,84001,1230,1.7083333333333333,0.21567197144031525
4000,12,333.3333333333333,5,84001,1260,1.75,0.21061617136001587
4000,12,333.3333333333333,5,84001,1290,1.7916666666666667,0.20570887625217438
4000,12,333.3333333333333,5,84001,1320,1.8333333333333333,0.19466325640678406
4000,12,333.3333333333333,5,84001,1350,1.875,0.19145266711711884
4000,12,333.3333333333333,5,84001,1380,1.9166666666666667,0.1807115226984024
4000,12,333.3333333333333,5,84001,1410,1.9583333333333333,0.1731387972831726
4000,12,333.3333333333333,5,84001,1440,2.0,0.17312824726104736
4000,12,333.3333333333333,5,84001,1470,2.0416666666666665,0.167796328663826
4000,12,333.3333333333333,5,84001,1500,2.0833333333333335,0.16382060945034027
4000,12,333.3333333333333,5,84001,1530,2.125,0.1664169877767563
4000,12,333.3333333333333,5,84001,1560,2.1666666666666665,0.16492688655853271
4000,12,333.3333333333333,5,84001,1590,2.2083333333333335,0.16345347464084625
4000,12,333.3333333333333,5,84001,1620,2.25,0.16234134137630463
4000,12,333.3333333333333,5,84001,1650,2.2916666666666665,0.15517590939998627
4000,12,333.3333333333333,5,84001,1680,2.3333333333333335,0.1594822257757187
4000,12,333.3333333333333,5,84001,1710,2.375,0.1491447240114212
4000,12,333.3333333333333,5,84001,1740,2.4166666666666665,0.15471433103084564
4000,12,333.3333333333333,5,84001,1770,2.4583333333333335,0.15024426579475403
4000,12,333.3333333333333,5,84001,1800,2.5,0.15213260054588318
4000,12,333.3333333333333,5,84001,1830,2.5416666666666665,0.14897421002388
4000,12,333.3333333333333,5,84001,1860,2.5833333333333335,0.15043087303638458
4000,12,333.3333333333333,5,84001,1890,2.625,0.14996236562728882
4000,12,333.3333333333333,5,84001,1920,2.6666666666666665,0.14986060559749603
4000,12,333.3333333333333,5,84001,1950,2.7083333333333335,0.14998242259025574
4000,12,333.3333333333333,5,84001,1980,2.75,0.1502240002155304
4000,12,333.3333333333333,5,84001,2010,2.7916666666666665,0.140387162566185
4000,12,333.3333333333333,5,84001,2040,2.8333333333333335,0.14957280457019806
4000,12,333.3333333333333,5,84001,2070,2.875,0.14318647980690002
4000,12,333.3333333333333,5,84001,2100,2.9166666666666665,0.14889831840991974
4000,12,333.3333333333333,5,84001,2130,2.9583333333333335,0.14555981755256653
4000,12,333.3333333333333,5,84001,2160,3.0,0.14218993484973907
4000,12,333.3333333333333,5,84001,2190,3.0416666666666665,0.14779315888881683
4000,12,333.3333333333333,5,84001,2220,3.0833333333333335,0.1481080949306488
4000,12,333.3333333333333,5,84001,2250,3.125,0.14814914762973785
4000,12,333.3333333333333,5,84001,2280,3.1666666666666665,0.1480695903301239
4000,12,333.3333333333333,5,84001,2310,3.2083333333333335,0.14797261357307434
4000,12,333.3333333333333,5,84001,2340,3.25,0.14800001680850983
4000,12,333.3333333333333,5,84001,2370,3.2916666666666665,0.13610319793224335
4000,12,333.3333333333333,5,84001,2400,3.3333333333333335,0.14074550569057465
4000,12,333.3333333333333,5,84001,2430,3.375,0.14473621547222137
4000,12,333.3333333333333,5,84001,2460,3.4166666666666665,0.14484268426895142
4000,12,333.3333333333333,5,84001,2490,3.4583333333333335,0.138637512922287
4000,12,333.3333333333333,5,84001,2520,3.5,0.14402270317077637
4000,12,333.3333333333333,5,84001,2550,3.5416666666666665,0.14397327601909637
4000,12,333.3333333333333,5,84001,2580,3.5833333333333335,0.1440153270959854
4000,12,333.3333333333333,5,84001,2610,3.625,0.14414335787296295
4000,12,333.3333333333333,5,84001,2640,3.6666666666666665,0.14418752491474152
4000,12,333.3333333333333,5,84001,2670,3.7083333333333335,0.1422288864850998
4000,12,333.3333333333333,5,84001,2700,3.75,0.1413005292415619
4000,12,333.3333333333333,5,84001,2730,3.7916666666666665,0.14098086953163147
4000,12,333.3333333333333,5,84001,2760,3.8333333333333335,0.14046575129032135
4000,12,333.3333333333333,5,84001,2790,3.875,0.14158248901367188
4000,12,333.3333333333333,5,84001,2820,3.9166666666666665,0.14160825312137604
4000,12,333.3333333333333,5,84001,2850,3.9583333333333335,0.13969752192497253
4000,12,333.3333333333333,5,84001,2880,4.0,0.1406116485595703
4000,12,333.3333333333333,5,84001,2910,4.041666666666667,0.14076092839241028
4000,12,333.3333333333333,5,84001,2940,4.083333333333333,0.14093054831027985
4000,12,333.3333333333333,5,84001,2970,4.125,0.13143573701381683
4000,12,333.3333333333333,5,84001,3000,4.166666666666667,0.13890302181243896
4000,12,333.3333333333333,5,84001,3030,4.208333333333333,0.13453637063503265
4000,12,333.3333333333333,5,84001,3060,4.25,0.13925980031490326
4000,12,333.3333333333333,5,84001,3090,4.291666666666667,0.13681651651859283
4000,12,333.3333333333333,5,84001,3120,4.333333333333333,0.13898898661136627
4000,12,333.3333333333333,5,84001,3150,4.375,0.1340300291776657
4000,12,333.3333333333333,5,84001,3180,4.416666666666667,0.1389397829771042
4000,12,333.3333333333333,5,84001,3210,4.458333333333333,0.1392245590686798
4000,12,333.3333333333333,5,84001,3240,4.5,0.1394716054201126
4000,12,333.3333333333333,5,84001,3270,4.541666666666667,0.1327759325504303
4000,12,333.3333333333333,5,84001,3300,4.583333333333333,0.13860754668712616
4000,12,333.3333333333333,5,84001,3330,4.625,0.1343948096036911
4000,12,333.3333333333333,5,84001,3360,4.666666666666667,0.12945221364498138
4000,12,333.3333333333333,5,84001,3390,4.708333333333333,0.13759048283100128
4000,12,333.3333333333333,5,84001,3420,4.75,0.13760924339294434
4000,12,333.3333333333333,5,84001,3450,4.791666666666667,0.13776707649230957
4000,12,333.3333333333333,5,84001,3480,4.833333333333333,0.13198575377464294
4000,12,333.3333333333333,5,84001,3510,4.875,0.1374189406633377
4000,12,333.3333333333333,5,84001,3540,4.916666666666667,0.13761621713638306
4000,12,333.3333333333333,5,84001,3570,4.958333333333333,0.1347675770521164
4000,12,333.3333333333333,5,84001,3600,5.0,0.13145871460437775
4000,15,266.6666666666667,0,84000,0,0.0,19.749778747558594
4000,15,266.6666666666667,0,84000,30,0.041666666666666664,17.920286178588867
4000,15,266.6666666666667,0,84000,60,0.08333333333333333,16.310226440429688
4000,15,266.6666666666667,0,84000,90,0.125,14.549168586730957
4000,15,266.6666666666667,0,84000,120,0.16666666666666666,12.795156478881836
4000,15,266.6666666666667,0,84000,150,0.20833333333333334,11.16711139678955
4000,15,266.6666666666667,0,84000,180,0.25,10.066130638122559
4000,15,266.6666666666667,0,84000,210,0.2916666666666667,9.604619979858398
4000,15,266.6666666666667,0,84000,240,0.3333333333333333,9.145452499389648
4000,15,266.6666666666667,0,84000,270,0.375,8.374828338623047
4000,15,266.6666666666667,0,84000,300,0.4166666666666667,7.573795795440674
4000,15,266.6666666666667,0,84000,330,0.4583333333333333,7.089117050170898
4000,15,266.6666666666667,0,84000,360,0.5,6.679165840148926
4000,15,266.6666666666667,0,84000,390,0.5416666666666666,6.579433441162109
4000,15,266.6666666666667,0,84000,420,0.5833333333333334,6.366275310516357
4000,15,266.6666666666667,0,84000,450,0.625,6.047276496887207
4000,15,266.6666666666667,0,84000,480,0.6666666666666666,5.5241193771362305
4000,15,266.6666666666667,0,84000,510,0.7083333333333334,4.528909206390381
4000,15,266.6666666666667,0,84000,540,0.75,3.267038345336914
4000,15,266.6666666666667,0,84000,570,0.7916666666666666,1.8666640520095825
4000,15,266.6666666666667,0,84000,600,0.8333333333333334,0.9430185556411743
4000,15,266.6666666666667,0,84000,630,0.875,0.4165598750114441
4000,15,266.6666666666667,0,84000,660,0.9166666666666666,0.31614866852760315
4000,15,266.6666666666667,0,84000,690,0.9583333333333334,0.2874639332294464
4000,15,266.6666666666667,0,84000,720,1.0,0.27623412013053894
4000,15,266.6666666666667,0,84000,750,1.0416666666666667,0.2629649341106415
4000,15,266.6666666666667,0,84000,780,1.0833333333333333,0.2563020586967468
4000,15,266.6666666666667,0,84000,810,1.125,0.24630044400691986
4000,15,266.6666666666667,0,84000,840,1.1666666666666667,0.23565910756587982
4000,15,266.6666666666667,0,84000,870,1.2083333333333333,0.22506500780582428
4000,15,266.6666666666667,0,84000,900,1.25,0.2148914486169815
4000,15,266.6666666666667,0,84000,930,1.2916666666666667,0.20620012283325195
4000,15,266.6666666666667,0,84000,960,1.3333333333333333,0.20125921070575714
4000,15,266.6666666666667,0,84000,990,1.375,0.19588254392147064
4000,15,266.6666666666667,0,84000,1020,1.4166666666666667,0.19123266637325287
4000,15,266.6666666666667,0,84000,1050,1.4583333333333333,0.1856001764535904
4000,15,266.6666666666667,0,84000,1080,1.5,0.17807568609714508
4000,15,266.6666666666667,0,84000,1110,1.5416666666666667,0.1702893078327179
4000,15,266.6666666666667,0,84000,1140,1.5833333333333333,0.16189590096473694
4000,15,266.6666666666667,0,84000,1170,1.625,0.15488676726818085
4000,15,266.6666666666667,0,84000,1200,1.6666666666666667,0.14882540702819824
4000,15,266.6666666666667,0,84000,1230,1.7083333333333333,0.14518596231937408
4000,15,266.6666666666667,0,84000,1260,1.75,0.14146405458450317
4000,15,266.6666666666667,0,84000,1290,1.7916666666666667,0.13797633349895477
4000,15,266.6666666666667,0,84000,1320,1.8333333333333333,0.13446153700351715
4000,15,266.6666666666667,0,84000,1350,1.875,0.13060973584651947
4000,15,266.6666666666667,0,84000,1380,1.9166666666666667,0.12657278776168823
4000,15,266.6666666666667,0,84000,1410,1.9583333333333333,0.12316060811281204
4000,15,266.6666666666667,0,84000,1440,2.0,0.12071166932582855
4000,15,266.6666666666667,0,84000,1470,2.0416666666666665,0.11878729611635208
4000,15,266.6666666666667,0,84000,1500,2.0833333333333335,0.11700159311294556
4000,15,266.6666666666667,0,84000,1530,2.125,0.11540069431066513
4000,15,266.6666666666667,0,84000,1560,2.1666666666666665,0.11416192352771759
4000,15,266.6666666666667,0,84000,1590,2.2083333333333335,0.11296029388904572
4000,15,266.6666666666667,0,84000,1620,2.25,0.11160409450531006
4000,15,266.6666666666667,0,84000,1650,2.2916666666666665,0.11053034663200378
4000,15,266.6666666666667,0,84000,1680,2.3333333333333335,0.10939762741327286
4000,15,266.6666666666667,0,84000,1710,2.375,0.10829972475767136
4000,15,266.6666666666667,0,84000,1740,2.4166666666666665,0.10753698647022247
4000,15,266.6666666666667,0,84000,1770,2.4583333333333335,0.10669853538274765
4000,15,266.6666666666667,0,84000,1800,2.5,0.10610666871070862
4000,15,266.6666666666667,0,84000,1830,2.5416666666666665,0.10556996613740921
4000,15,266.6666666666667,0,84000,1860,2.5833333333333335,0.10516529530286789
4000,15,266.6666666666667,0,84000,1890,2.625,0.10485030710697174
4000,15,266.6666666666667,0,84000,1920,2.6666666666666665,0.10458311438560486
4000,15,266.6666666666667,0,84000,1950,2.7083333333333335,0.10445957630872726
4000,15,266.6666666666667,0,84000,1980,2.75,0.10428176075220108
4000,15,266.6666666666667,0,84000,2010,2.7916666666666665,0.10421346873044968
4000,15,266.6666666666667,0,84000,2040,2.8333333333333335,0.10418647527694702
4000,15,266.6666666666667,0,84000,2070,2.875,0.10399606078863144
4000,15,266.6666666666667,0,84000,2100,2.9166666666666665,0.10387353599071503
4000,15,266.6666666666667,0,84000,2130,2.9583333333333335,0.10382740944623947
4000,15,266.6666666666667,0,84000,2160,3.0,0.10377717018127441
4000,15,266.6666666666667,0,84000,2190,3.0416666666666665,0.10349061340093613
4000,15,266.6666666666667,0,84000,2220,3.0833333333333335,0.10322366654872894
4000,15,266.6666666666667,0,84000,2250,3.125,0.10281249135732651
4000,15,266.6666666666667,0,84000,2280,3.1666666666666665,0.10248662531375885
4000,15,266.6666666666667,0,84000,2310,3.2083333333333335,0.10199642926454544
4000,15,266.6666666666667,0,84000,2340,3.25,0.10177041590213776
4000,15,266.6666666666667,0,84000,2370,3.2916666666666665,0.10143103450536728
4000,15,266.6666666666667,0,84000,2400,3.3333333333333335,0.10107852518558502
4000,15,266.6666666666667,0,84000,2430,3.375,0.1007942259311676
4000,15,266.6666666666667,0,84000,2460,3.4166666666666665,0.10049650818109512
4000,15,266.6666666666667,0,84000,2490,3.4583333333333335,0.10021454095840454
4000,15,266.6666666666667,0,84000,2520,3.5,0.09990901499986649
4000,15,266.6666666666667,0,84000,2550,3.5416666666666665,0.09971211105585098
4000,15,266.6666666666667,0,84000,2580,3.5833333333333335,0.09939806908369064
4000,15,266.6666666666667,0,84000,2610,3.625,0.0992625281214714
4000,15,266.6666666666667,0,84000,2640,3.6666666666666665,0.09911288321018219
4000,15,266.6666666666667,0,84000,2670,3.7083333333333335,0.09891445934772491
4000,15,266.6666666666667,0,84000,2700,3.75,0.0987379178404808
4000,15,266.6666666666667,0,84000,2730,3.7916666666666665,0.09870420396327972
4000,15,266.6666666666667,0,84000,2760,3.8333333333333335,0.09852563589811325
4000,15,266.6666666666667,0,84000,2790,3.875,0.09826606512069702
4000,15,266.6666666666667,0,84000,2820,3.9166666666666665,0.09811516106128693
4000,15,266.6666666666667,0,84000,2850,3.9583333333333335,0.09792739897966385
4000,15,266.6666666666667,0,84000,2880,4.0,0.09771272540092468
4000,15,266.6666666666667,0,84000,2910,4.041666666666667,0.09735788404941559
4000,15,266.6666666666667,0,84000,2940,4.083333333333333,0.09728677570819855
4000,15,266.6666666666667,0,84000,2970,4.125,0.0971168577671051
4000,15,266.6666666666667,0,84000,3000,4.166666666666667,0.09702641516923904
4000,15,266.6666666666667,0,84000,3030,4.208333333333333,0.096819669008255
4000,15,266.6666666666667,0,84000,3060,4.25,0.09677589684724808
4000,15,266.6666666666667,0,84000,3090,4.291666666666667,0.09659762680530548
4000,15,266.6666666666667,0,84000,3120,4.333333333333333,0.09651602059602737
4000,15,266.6666666666667,0,84000,3150,4.375,0.09661616384983063
4000,15,266.6666666666667,0,84000,3180,4.416666666666667,0.09647169709205627
4000,15,266.6666666666667,0,84000,3210,4.458333333333333,0.0964735820889473
4000,15,266.6666666666667,0,84000,3240,4.5,0.096389040350914
4000,15,266.6666666666667,0,84000,3270,4.541666666666667,0.09625376760959625
4000,15,266.6666666666667,0,84000,3300,4.583333333333333,0.09624318033456802
4000,15,266.6666666666667,0,84000,3330,4.625,0.0962790846824646
4000,15,266.6666666666667,0,84000,3360,4.666666666666667,0.09617714583873749
4000,15,266.6666666666667,0,84000,3390,4.708333333333333,0.09608784317970276
4000,15,266.6666666666667,0,84000,3420,4.75,0.09603538364171982
4000,15,266.6666666666667,0,84000,3450,4.791666666666667,0.09558692574501038
4000,15,266.6666666666667,0,84000,3480,4.833333333333333,0.09548478573560715
4000,15,266.6666666666667,0,84000,3510,4.875,0.0952877625823021
4000,15,266.6666666666667,0,84000,3540,4.916666666666667,0.09509382396936417
4000,15,266.6666666666667,0,84000,3570,4.958333333333333,0.0950116291642189
4000,15,266.6666666666667,0,84000,3600,5.0,0.09489385783672333
4000,15,266.6666666666667,1,84000,0,0.0,19.955106735229492
4000,15,266.6666666666667,1,84000,30,0.041666666666666664,18.291961669921875
4000,15,266.6666666666667,1,84000,60,0.08333333333333333,16.58857536315918
4000,15,266.6666666666667,1,84000,90,0.125,14.71906566619873
4000,15,266.6666666666667,1,84000,120,0.16666666666666666,12.791634559631348
4000,15,266.6666666666667,1,84000,150,0.20833333333333334,11.186402320861816
4000,15,266.6666666666667,1,84000,180,0.25,10.137216567993164
4000,15,266.6666666666667,1,84000,210,0.2916666666666667,9.684074401855469
4000,15,266.6666666666667,1,84000,240,0.3333333333333333,9.21314811706543
4000,15,266.6666666666667,1,84000,270,0.375,8.561240196228027
4000,15,266.6666666666667,1,84000,300,0.4166666666666667,7.883598804473877
4000,15,266.6666666666667,1,84000,330,0.4583333333333333,7.23190450668335
4000,15,266.6666666666667,1,84000,360,0.5,6.93958854675293
4000,15,266.6666666666667,1,84000,390,0.5416666666666666,6.655869960784912
4000,15,266.6666666666667,1,84000,420,0.5833333333333334,6.457677841186523
4000,15,266.6666666666667,1,84000,450,0.625,6.149437427520752
4000,15,266.6666666666667,1,84000,480,0.6666666666666666,5.478546619415283
4000,15,266.6666666666667,1,84000,510,0.7083333333333334,4.6093597412109375
4000,15,266.6666666666667,1,84000,540,0.75,3.2408251762390137
4000,15,266.6666666666667,1,84000,570,0.7916666666666666,1.8083163499832153
4000,15,266.6666666666667,1,84000,600,0.8333333333333334,0.904532253742218
4000,15,266.6666666666667,1,84000,630,0.875,0.47520411014556885
4000,15,266.6666666666667,1,84000,660,0.9166666666666666,0.3150169849395752
4000,15,266.6666666666667,1,84000,690,0.9583333333333334,0.294800728559494
4000,15,266.6666666666667,1,84000,720,1.0,0.27782487869262695
4000,15,266.6666666666667,1,84000,750,1.0416666666666667,0.27243152260780334
4000,15,266.6666666666667,1,84000,780,1.0833333333333333,0.262499064207077
4000,15,266.6666666666667,1,84000,810,1.125,0.24252872169017792
4000,15,266.6666666666667,1,84000,840,1.1666666666666667,0.2303408831357956
4000,15,266.6666666666667,1,84000,870,1.2083333333333333,0.2217431664466858
4000,15,266.6666666666667,1,84000,900,1.25,0.21375012397766113
4000,15,266.6666666666667,1,84000,930,1.2916666666666667,0.20639587938785553
4000,15,266.6666666666667,1,84000,960,1.3333333333333333,0.2010645568370819
4000,15,266.6666666666667,1,84000,990,1.375,0.19623976945877075
4000,15,266.6666666666667,1,84000,1020,1.4166666666666667,0.19156956672668457
4000,15,266.6666666666667,1,84000,1050,1.4583333333333333,0.18573912978172302
4000,15,266.6666666666667,1,84000,1080,1.5,0.17881762981414795
4000,15,266.6666666666667,1,84000,1110,1.5416666666666667,0.1702047437429428
4000,15,266.6666666666667,1,84000,1140,1.5833333333333333,0.162456214427948
4000,15,266.6666666666667,1,84000,1170,1.625,0.1549464613199234
4000,15,266.6666666666667,1,84000,1200,1.6666666666666667,0.14915665984153748
4000,15,266.6666666666667,1,84000,1230,1.7083333333333333,0.14488981664180756
4000,15,266.6666666666667,1,84000,1260,1.75,0.14109474420547485
4000,15,266.6666666666667,1,84000,1290,1.7916666666666667,0.13773797452449799
4000,15,266.6666666666667,1,84000,1320,1.8333333333333333,0.13387441635131836
4000,15,266.6666666666667,1,84000,1350,1.875,0.13004682958126068
4000,15,266.6666666666667,1,84000,1380,1.9166666666666667,0.12653325498104095
4000,15,266.6666666666667,1,84000,1410,1.9583333333333333,0.12350856512784958
4000,15,266.6666666666667,1,84000,1440,2.0,0.12105563282966614
4000,15,266.6666666666667,1,84000,1470,2.0416666666666665,0.118624746799469
4000,15,266.6666666666667,1,84000,1500,2.0833333333333335,0.11704101413488388
4000,15,266.6666666666667,1,84000,1530,2.125,0.11546095460653305
4000,15,266.6666666666667,1,84000,1560,2.1666666666666665,0.11410892009735107
4000,15,266.6666666666667,1,84000,1590,2.2083333333333335,0.11293505132198334
4000,15,266.6666666666667,1,84000,1620,2.25,0.11212218552827835
4000,15,266.6666666666667,1,84000,1650,2.2916666666666665,0.11078526079654694
4000,15,266.6666666666667,1,84000,1680,2.3333333333333335,0.10956455767154694
4000,15,266.6666666666667,1,84000,1710,2.375,0.10857948660850525
4000,15,266.6666666666667,1,84000,1740,2.4166666666666665,0.1074783131480217
4000,15,266.6666666666667,1,84000,1770,2.4583333333333335,0.10690310597419739
4000,15,266.6666666666667,1,84000,1800,2.5,0.10622315853834152
4000,15,266.6666666666667,1,84000,1830,2.5416666666666665,0.10555130988359451
4000,15,266.6666666666667,1,84000,1860,2.5833333333333335,0.10505229234695435
4000,15,266.6666666666667,1,84000,1890,2.625,0.10483605414628983
4000,15,266.6666666666667,1,84000,1920,2.6666666666666665,0.1045212671160698
4000,15,266.6666666666667,1,84000,1950,2.7083333333333335,0.10431841760873795
4000,15,266.6666666666667,1,84000,1980,2.75,0.10427151620388031
4000,15,266.6666666666667,1,84000,2010,2.7916666666666665,0.10421783477067947
4000,15,266.6666666666667,1,84000,2040,2.8333333333333335,0.10408049076795578
4000,15,266.6666666666667,1,84000,2070,2.875,0.10383860766887665
4000,15,266.6666666666667,1,84000,2100,2.9166666666666665,0.10368644446134567
4000,15,266.6666666666667,1,84000,2130,2.9583333333333335,0.10354761779308319
4000,15,266.6666666666667,1,84000,2160,3.0,0.10335829854011536
4000,15,266.6666666666667,1,84000,2190,3.0416666666666665,0.10315176099538803
4000,15,266.6666666666667,1,84000,2220,3.0833333333333335,0.10290609300136566
4000,15,266.6666666666667,1,84000,2250,3.125,0.10252891480922699
4000,15,266.6666666666667,1,84000,2280,3.1666666666666665,0.10216836631298065
4000,15,266.6666666666667,1,84000,2310,3.2083333333333335,0.10187441110610962
4000,15,266.6666666666667,1,84000,2340,3.25,0.10150914639234543
4000,15,266.6666666666667,1,84000,2370,3.2916666666666665,0.10122718662023544
4000,15,266.6666666666667,1,84000,2400,3.3333333333333335,0.10081642121076584
4000,15,266.6666666666667,1,84000,2430,3.375,0.10037621855735779
4000,15,266.6666666666667,1,84000,2460,3.4166666666666665,0.10029852390289307
4000,15,266.6666666666667,1,84000,2490,3.4583333333333335,0.10000775009393692
4000,15,266.6666666666667,1,84000,2520,3.5,0.09986263513565063
4000,15,266.6666666666667,1,84000,2550,3.5416666666666665,0.09977639466524124
4000,15,266.6666666666667,1,84000,2580,3.5833333333333335,0.09972840547561646
4000,15,266.6666666666667,1,84000,2610,3.625,0.09959916770458221
4000,15,266.6666666666667,1,84000,2640,3.6666666666666665,0.09933542460203171
4000,15,266.6666666666667,1,84000,2670,3.7083333333333335,0.09926873445510864
4000,15,266.6666666666667,1,84000,2700,3.75,0.09894442558288574
4000,15,266.6666666666667,1,84000,2730,3.7916666666666665,0.09879500418901443
4000,15,266.6666666666667,1,84000,2760,3.8333333333333335,0.09869415313005447
4000,15,266.6666666666667,1,84000,2790,3.875,0.0984346941113472
4000,15,266.6666666666667,1,84000,2820,3.9166666666666665,0.0982741042971611
4000,15,266.6666666666667,1,84000,2850,3.9583333333333335,0.09815733879804611
4000,15,266.6666666666667,1,84000,2880,4.0,0.09786119312047958
4000,15,266.6666666666667,1,84000,2910,4.041666666666667,0.09765852242708206
4000,15,266.6666666666667,1,84000,2940,4.083333333333333,0.09760067611932755
4000,15,266.6666666666667,1,84000,2970,4.125,0.09749680012464523
4000,15,266.6666666666667,1,84000,3000,4.166666666666667,0.09726230055093765
4000,15,266.6666666666667,1,84000,3030,4.208333333333333,0.09708642214536667
4000,15,266.6666666666667,1,84000,3060,4.25,0.0968702882528305
4000,15,266.6666666666667,1,84000,3090,4.291666666666667,0.0966716930270195
4000,15,266.6666666666667,1,84000,3120,4.333333333333333,0.09661459177732468
4000,15,266.6666666666667,1,84000,3150,4.375,0.09655246138572693
4000,15,266.6666666666667,1,84000,3180,4.416666666666667,0.09647899121046066
4000,15,266.6666666666667,1,84000,3210,4.458333333333333,0.09615908563137054
4000,15,266.6666666666667,1,84000,3240,4.5,0.09608596563339233
4000,15,266.6666666666667,1,84000,3270,4.541666666666667,0.09595347940921783
4000,15,266.6666666666667,1,84000,3300,4.583333333333333,0.09589890390634537
4000,15,266.6666666666667,1,84000,3330,4.625,0.09591961652040482
4000,15,266.6666666666667,1,84000,3360,4.666666666666667,0.09580986946821213
4000,15,266.6666666666667,1,84000,3390,4.708333333333333,0.09570395201444626
4000,15,266.6666666666667,1,84000,3420,4.75,0.09566287696361542
4000,15,266.6666666666667,1,84000,3450,4.791666666666667,0.09553060680627823
4000,15,266.6666666666667,1,84000,3480,4.833333333333333,0.09540996700525284
4000,15,266.6666666666667,1,84000,3510,4.875,0.09528908133506775
4000,15,266.6666666666667,1,84000,3540,4.916666666666667,0.09513428807258606
4000,15,266.6666666666667,1,84000,3570,4.958333333333333,0.09498434513807297
4000,15,266.6666666666667,1,84000,3600,5.0,0.09494682401418686
4000,15,266.6666666666667,2,84000,0,0.0,19.8588809967041
4000,15,266.6666666666667,2,84000,30,0.041666666666666664,17.98992347717285
4000,15,266.6666666666667,2,84000,60,0.08333333333333333,16.375587463378906
4000,15,266.6666666666667,2,84000,90,0.125,14.585838317871094
4000,15,266.6666666666667,2,84000,120,0.16666666666666666,12.814064025878906
4000,15,266.6666666666667,2,84000,150,0.20833333333333334,11.314347267150879
4000,15,266.6666666666667,2,84000,180,0.25,10.170682907104492
4000,15,266.6666666666667,2,84000,210,0.2916666666666667,9.75461483001709
4000,15,266.6666666666667,2,84000,240,0.3333333333333333,9.448358535766602
4000,15,266.6666666666667,2,84000,270,0.375,8.66639232635498
4000,15,266.6666666666667,2,84000,300,0.4166666666666667,7.820990085601807
4000,15,266.6666666666667,2,84000,330,0.4583333333333333,7.102798938751221
4000,15,266.6666666666667,2,84000,360,0.5,6.944653034210205
4000,15,266.6666666666667,2,84000,390,0.5416666666666666,6.70917272567749
4000,15,266.6666666666667,2,84000,420,0.5833333333333334,6.531788349151611
4000,15,266.6666666666667,2,84000,450,0.625,6.236769199371338
4000,15,266.6666666666667,2,84000,480,0.6666666666666666,5.649036884307861
4000,15,266.6666666666667,2,84000,510,0.7083333333333334,4.695891380310059
4000,15,266.6666666666667,2,84000,540,0.75,3.4096360206604004
4000,15,266.6666666666667,2,84000,570,0.7916666666666666,2.1467463970184326
4000,15,266.6666666666667,2,84000,600,0.8333333333333334,1.1538256406784058
4000,15,266.6666666666667,2,84000,630,0.875,0.5685828924179077
4000,15,266.6666666666667,2,84000,660,0.9166666666666666,0.3695105016231537
4000,15,266.6666666666667,2,84000,690,0.9583333333333334,0.2859129011631012
4000,15,266.6666666666667,2,84000,720,1.0,0.27277475595474243
4000,15,266.6666666666667,2,84000,750,1.0416666666666667,0.2650694251060486
4000,15,266.6666666666667,2,84000,780,1.0833333333333333,0.258109450340271
4000,15,266.6666666666667,2,84000,810,1.125,0.24854132533073425
4000,15,266.6666666666667,2,84000,840,1.1666666666666667,0.23443710803985596
4000,15,266.6666666666667,2,84000,870,1.2083333333333333,0.2231285125017166
4000,15,266.6666666666667,2,84000,900,1.25,0.21259714663028717
4000,15,266.6666666666667,2,84000,930,1.2916666666666667,0.20507025718688965
4000,15,266.6666666666667,2,84000,960,1.3333333333333333,0.20058520138263702
4000,15,266.6666666666667,2,84000,990,1.375,0.19678890705108643
4000,15,266.6666666666667,2,84000,1020,1.4166666666666667,0.1916773021221161
4000,15,266.6666666666667,2,84000,1050,1.4583333333333333,0.1860075443983078
4000,15,266.6666666666667,2,84000,1080,1.5,0.17902854084968567
4000,15,266.6666666666667,2,84000,1110,1.5416666666666667,0.17095771431922913
4000,15,266.6666666666667,2,84000,1140,1.5833333333333333,0.16252116858959198
4000,15,266.6666666666667,2,84000,1170,1.625,0.154647096991539
4000,15,266.6666666666667,2,84000,1200,1.6666666666666667,0.14882855117321014
4000,15,266.6666666666667,2,84000,1230,1.7083333333333333,0.14416055381298065
4000,15,266.6666666666667,2,84000,1260,1.75,0.14077238738536835
4000,15,266.6666666666667,2,84000,1290,1.7916666666666667,0.13745978474617004
4000,15,266.6666666666667,2,84000,1320,1.8333333333333333,0.13383367657661438
4000,15,266.6666666666667,2,84000,1350,1.875,0.13036879897117615
4000,15,266.6666666666667,2,84000,1380,1.9166666666666667,0.12731380760669708
4000,15,266.6666666666667,2,84000,1410,1.9583333333333333,0.12393058836460114
4000,15,266.6666666666667,2,84000,1440,2.0,0.12095849961042404
4000,15,266.6666666666667,2,84000,1470,2.0416666666666665,0.11875344812870026
4000,15,266.6666666666667,2,84000,1500,2.0833333333333335,0.11716490983963013
4000,15,266.6666666666667,2,84000,1530,2.125,0.11525470018386841
4000,15,266.6666666666667,2,84000,1560,2.1666666666666665,0.11421507596969604
4000,15,266.6666666666667,2,84000,1590,2.2083333333333335,0.11318878084421158
4000,15,266.6666666666667,2,84000,1620,2.25,0.11207161843776703
4000,15,266.6666666666667,2,84000,1650,2.2916666666666665,0.11092068254947662
4000,15,266.6666666666667,2,84000,1680,2.3333333333333335,0.10962925106287003
4000,15,266.6666666666667,2,84000,1710,2.375,0.10867185890674591
4000,15,266.6666666666667,2,84000,1740,2.4166666666666665,0.10771064460277557
4000,15,266.6666666666667,2,84000,1770,2.4583333333333335,0.10698897391557693
4000,15,266.6666666666667,2,84000,1800,2.5,0.10626000165939331
4000,15,266.6666666666667,2,84000,1830,2.5416666666666665,0.10580693185329437
4000,15,266.6666666666667,2,84000,1860,2.5833333333333335,0.10546059906482697
4000,15,266.6666666666667,2,84000,1890,2.625,0.10500789433717728
4000,15,266.6666666666667,2,84000,1920,2.6666666666666665,0.10471267998218536
4000,15,266.6666666666667,2,84000,1950,2.7083333333333335,0.10435879230499268
4000,15,266.6666666666667,2,84000,1980,2.75,0.10409516841173172
4000,15,266.6666666666667,2,84000,2010,2.7916666666666665,0.10402651131153107
4000,15,266.6666666666667,2,84000,2040,2.8333333333333335,0.1038290411233902
4000,15,266.6666666666667,2,84000,2070,2.875,0.10371141135692596
4000,15,266.6666666666667,2,84000,2100,2.9166666666666665,0.10378115624189377
4000,15,266.6666666666667,2,84000,2130,2.9583333333333335,0.1036626324057579
4000,15,266.6666666666667,2,84000,2160,3.0,0.10347583144903183
4000,15,266.6666666666667,2,84000,2190,3.0416666666666665,0.10323793441057205
4000,15,266.6666666666667,2,84000,2220,3.0833333333333335,0.10289988666772842
4000,15,266.6666666666667,2,84000,2250,3.125,0.102631114423275
4000,15,266.6666666666667,2,84000,2280,3.1666666666666665,0.10237213224172592
4000,15,266.6666666666667,2,84000,2310,3.2083333333333335,0.1019861102104187
4000,15,266.6666666666667,2,84000,2340,3.25,0.10171771049499512
4000,15,266.6666666666667,2,84000,2370,3.2916666666666665,0.10128206759691238
4000,15,266.6666666666667,2,84000,2400,3.3333333333333335,0.10098579525947571
4000,15,266.6666666666667,2,84000,2430,3.375,0.10076110810041428
4000,15,266.6666666666667,2,84000,2460,3.4166666666666665,0.10045527666807175
4000,15,266.6666666666667,2,84000,2490,3.4583333333333335,0.10025931149721146
4000,15,266.6666666666667,2,84000,2520,3.5,0.09997189044952393
4000,15,266.6666666666667,2,84000,2550,3.5416666666666665,0.09980244189500809
4000,15,266.6666666666667,2,84000,2580,3.5833333333333335,0.09966371208429337
4000,15,266.6666666666667,2,84000,2610,3.625,0.09950520098209381
4000,15,266.6666666666667,2,84000,2640,3.6666666666666665,0.09923287481069565
4000,15,266.6666666666667,2,84000,2670,3.7083333333333335,0.09902015328407288
4000,15,266.6666666666667,2,84000,2700,3.75,0.09888078272342682
4000,15,266.6666666666667,2,84000,2730,3.7916666666666665,0.09884735941886902
4000,15,266.6666666666667,2,84000,2760,3.8333333333333335,0.09873887151479721
4000,15,266.6666666666667,2,84000,2790,3.875,0.09857941418886185
4000,15,266.6666666666667,2,84000,2820,3.9166666666666665,0.09843171387910843
4000,15,266.6666666666667,2,84000,2850,3.9583333333333335,0.09830288589000702
4000,15,266.6666666666667,2,84000,2880,4.0,0.09816160053014755
4000,15,266.6666666666667,2,84000,2910,4.041666666666667,0.09783326834440231
4000,15,266.6666666666667,2,84000,2940,4.083333333333333,0.09772251546382904
4000,15,266.6666666666667,2,84000,2970,4.125,0.09743254631757736
4000,15,266.6666666666667,2,84000,3000,4.166666666666667,0.09728166460990906
4000,15,266.6666666666667,2,84000,3030,4.208333333333333,0.09711471199989319
4000,15,266.6666666666667,2,84000,3060,4.25,0.0970139279961586
4000,15,266.6666666666667,2,84000,3090,4.291666666666667,0.09691960364580154
4000,15,266.6666666666667,2,84000,3120,4.333333333333333,0.0968269631266594
4000,15,266.6666666666667,2,84000,3150,4.375,0.09666387736797333
4000,15,266.6666666666667,2,84000,3180,4.416666666666667,0.09654349088668823
4000,15,266.6666666666667,2,84000,3210,4.458333333333333,0.09638407826423645
4000,15,266.6666666666667,2,84000,3240,4.5,0.09637605398893356
4000,15,266.6666666666667,2,84000,3270,4.541666666666667,0.09632528573274612
4000,15,266.6666666666667,2,84000,3300,4.583333333333333,0.096205934882164
4000,15,266.6666666666667,2,84000,3330,4.625,0.09604332596063614
4000,15,266.6666666666667,2,84000,3360,4.666666666666667,0.09597951918840408
4000,15,266.6666666666667,2,84000,3390,4.708333333333333,0.09584803879261017
4000,15,266.6666666666667,2,84000,3420,4.75,0.09567897021770477
4000,15,266.6666666666667,2,84000,3450,4.791666666666667,0.09549876302480698
4000,15,266.6666666666667,2,84000,3480,4.833333333333333,0.09539417922496796
4000,15,266.6666666666667,2,84000,3510,4.875,0.09528239071369171
4000,15,266.6666666666667,2,84000,3540,4.916666666666667,0.09508006274700165
4000,15,266.6666666666667,2,84000,3570,4.958333333333333,0.09502112120389938
4000,15,266.6666666666667,2,84000,3600,5.0,0.09491079300642014
4000,15,266.6666666666667,3,84001,0,0.0,20.101791381835938
4000,15,266.6666666666667,3,84001,30,0.041666666666666664,18.3432559967041
4000,15,266.6666666666667,3,84001,60,0.08333333333333333,16.592445373535156
4000,15,266.6666666666667,3,84001,90,0.125,14.751293182373047
4000,15,266.6666666666667,3,84001,120,0.16666666666666666,12.849437713623047
4000,15,266.6666666666667,3,84001,150,0.20833333333333334,11.259074211120605
4000,15,266.6666666666667,3,84001,180,0.25,10.20087718963623
4000,15,266.6666666666667,3,84001,210,0.2916666666666667,9.766385078430176
4000,15,266.6666666666667,3,84001,240,0.3333333333333333,9.22884750366211
4000,15,266.6666666666667,3,84001,270,0.375,8.368667602539062
4000,15,266.6666666666667,3,84001,300,0.4166666666666667,7.523504734039307
4000,15,266.6666666666667,3,84001,330,0.4583333333333333,7.048350811004639
4000,15,266.6666666666667,3,84001,360,0.5,6.803732872009277
4000,15,266.6666666666667,3,84001,390,0.5416666666666666,6.650782108306885
4000,15,266.6666666666667,3,84001,420,0.5833333333333334,6.565580368041992
4000,15,266.6666666666667,3,84001,450,0.625,6.25696325302124
4000,15,266.6666666666667,3,84001,480,0.6666666666666666,5.707010746002197
4000,15,266.6666666666667,3,84001,510,0.7083333333333334,4.685695648193359
4000,15,266.6666666666667,3,84001,540,0.75,3.4108998775482178
4000,15,266.6666666666667,3,84001,570,0.7916666666666666,1.8611440658569336
4000,15,266.6666666666667,3,84001,600,0.8333333333333334,0.7557626962661743
4000,15,266.6666666666667,3,84001,630,0.875,0.3939722776412964
4000,15,266.6666666666667,3,84001,660,0.9166666666666666,0.3190018832683563
4000,15,266.6666666666667,3,84001,690,0.9583333333333334,0.2743859887123108
4000,15,266.6666666666667,3,84001,720,1.0,0.2685798406600952
4000,15,266.6666666666667,3,84001,750,1.0416666666666667,0.26182958483695984
4000,15,266.6666666666667,3,84001,780,1.0833333333333333,0.2552888095378876
4000,15,266.6666666666667,3,84001,810,1.125,0.24529464542865753
4000,15,266.6666666666667,3,84001,840,1.1666666666666667,0.2347990721464157
4000,15,266.6666666666667,3,84001,870,1.2083333333333333,0.2252969890832901
4000,15,266.6666666666667,3,84001,900,1.25,0.21566590666770935
4000,15,266.6666666666667,3,84001,930,1.2916666666666667,0.20679287612438202
4000,15,266.6666666666667,3,84001,960,1.3333333333333333,0.20270046591758728
4000,15,266.6666666666667,3,84001,990,1.375,0.1978432536125183
4000,15,266.6666666666667,3,84001,1020,1.4166666666666667,0.19243331253528595
4000,15,266.6666666666667,3,84001,1050,1.4583333333333333,0.18657995760440826
4000,15,266.6666666666667,3,84001,1080,1.5,0.17870229482650757
4000,15,266.6666666666667,3,84001,1110,1.5416666666666667,0.17067742347717285
4000,15,266.6666666666667,3,84001,1140,1.5833333333333333,0.16319991648197174
4000,15,266.6666666666667,3,84001,1170,1.625,0.1557268649339676
4000,15,266.6666666666667,3,84001,1200,1.6666666666666667,0.14966309070587158
4000,15,266.6666666666667,3,84001,1230,1.7083333333333333,0.14506258070468903
4000,15,266.6666666666667,3,84001,1260,1.75,0.14102472364902496
4000,15,266.6666666666667,3,84001,1290,1.7916666666666667,0.13735608756542206
4000,15,266.6666666666667,3,84001,1320,1.8333333333333333,0.13380296528339386
4000,15,266.6666666666667,3,84001,1350,1.875,0.13044147193431854
4000,15,266.6666666666667,3,84001,1380,1.9166666666666667,0.12736304104328156
4000,15,266.6666666666667,3,84001,1410,1.9583333333333333,0.12410631030797958
4000,15,266.6666666666667,3,84001,1440,2.0,0.12097575515508652
4000,15,266.6666666666667,3,84001,1470,2.0416666666666665,0.11857341229915619
4000,15,266.6666666666667,3,84001,1500,2.0833333333333335,0.11677152663469315
4000,15,266.6666666666667,3,84001,1530,2.125,0.1154862493276596
4000,15,266.6666666666667,3,84001,1560,2.1666666666666665,0.11421853303909302
4000,15,266.6666666666667,3,84001,1590,2.2083333333333335,0.11296713352203369
4000,15,266.6666666666667,3,84001,1620,2.25,0.11159250140190125
4000,15,266.6666666666667,3,84001,1650,2.2916666666666665,0.11047320812940598
4000,15,266.6666666666667,3,84001,1680,2.3333333333333335,0.10949181765317917
4000,15,266.6666666666667,3,84001,1710,2.375,0.10873721539974213
4000,15,266.6666666666667,3,84001,1740,2.4166666666666665,0.10788016021251678
4000,15,266.6666666666667,3,84001,1770,2.4583333333333335,0.1070258617401123
4000,15,266.6666666666667,3,84001,1800,2.5,0.10616692900657654
4000,15,266.6666666666667,3,84001,1830,2.5416666666666665,0.10569219291210175
4000,15,266.6666666666667,3,84001,1860,2.5833333333333335,0.10529953241348267
4000,15,266.6666666666667,3,84001,1890,2.625,0.10509943217039108
4000,15,266.6666666666667,3,84001,1920,2.6666666666666665,0.10475870966911316
4000,15,266.6666666666667,3,84001,1950,2.7083333333333335,0.10445849597454071
4000,15,266.6666666666667,3,84001,1980,2.75,0.10443167388439178
4000,15,266.6666666666667,3,84001,2010,2.7916666666666665,0.10432837158441544
4000,15,266.6666666666667,3,84001,2040,2.8333333333333335,0.1041947454214096
4000,15,266.6666666666667,3,84001,2070,2.875,0.10408683121204376
4000,15,266.6666666666667,3,84001,2100,2.9166666666666665,0.10396508872509003
4000,15,266.6666666666667,3,84001,2130,2.9583333333333335,0.10391736775636673
4000,15,266.6666666666667,3,84001,2160,3.0,0.10374055802822113
4000,15,266.6666666666667,3,84001,2190,3.0416666666666665,0.10352228581905365
4000,15,266.6666666666667,3,84001,2220,3.0833333333333335,0.10316003859043121
4000,15,266.6666666666667,3,84001,2250,3.125,0.10281044244766235
4000,15,266.6666666666667,3,84001,2280,3.1666666666666665,0.10243722051382065
4000,15,266.6666666666667,3,84001,2310,3.2083333333333335,0.10191909223794937
4000,15,266.6666666666667,3,84001,2340,3.25,0.1014987975358963
4000,15,266.6666666666667,3,84001,2370,3.2916666666666665,0.10117970407009125
4000,15,266.6666666666667,3,84001,2400,3.3333333333333335,0.1008802130818367
4000,15,266.6666666666667,3,84001,2430,3.375,0.10063762962818146
4000,15,266.6666666666667,3,84001,2460,3.4166666666666665,0.10042969882488251
4000,15,266.6666666666667,3,84001,2490,3.4583333333333335,0.10021934658288956
4000,15,266.6666666666667,3,84001,2520,3.5,0.10015284270048141
4000,15,266.6666666666667,3,84001,2550,3.5416666666666665,0.10002674907445908
4000,15,266.6666666666667,3,84001,2580,3.5833333333333335,0.09982728213071823
4000,15,266.6666666666667,3,84001,2610,3.625,0.09961487352848053
4000,15,266.6666666666667,3,84001,2640,3.6666666666666665,0.09949279576539993
4000,15,266.6666666666667,3,84001,2670,3.7083333333333335,0.09929176419973373
4000,15,266.6666666666667,3,84001,2700,3.75,0.09917706251144409
4000,15,266.6666666666667,3,84001,2730,3.7916666666666665,0.09906381368637085
4000,15,266.6666666666667,3,84001,2760,3.8333333333333335,0.09872604161500931
4000,15,266.6666666666667,3,84001,2790,3.875,0.09853649884462357
4000,15,266.6666666666667,3,84001,2820,3.9166666666666665,0.09843192994594574
4000,15,266.6666666666667,3,84001,2850,3.9583333333333335,0.09823060035705566
4000,15,266.6666666666667,3,84001,2880,4.0,0.09791142493486404
4000,15,266.6666666666667,3,84001,2910,4.041666666666667,0.09762240946292877
4000,15,266.6666666666667,3,84001,2940,4.083333333333333,0.09747416526079178
4000,15,266.6666666666667,3,84001,2970,4.125,0.09738614410161972
4000,15,266.6666666666667,3,84001,3000,4.166666666666667,0.09718617051839828
4000,15,266.6666666666667,3,84001,3030,4.208333333333333,0.0970199853181839
4000,15,266.6666666666667,3,84001,3060,4.25,0.09693823754787445
4000,15,266.6666666666667,3,84001,3090,4.291666666666667,0.09677387028932571
4000,15,266.6666666666667,3,84001,3120,4.333333333333333,0.09659183025360107
4000,15,266.6666666666667,3,84001,3150,4.375,0.09647642821073532
4000,15,266.6666666666667,3,84001,3180,4.416666666666667,0.09644417464733124
4000,15,266.6666666666667,3,84001,3210,4.458333333333333,0.09632809460163116
4000,15,266.6666666666667,3,84001,3240,4.5,0.09623382985591888
4000,15,266.6666666666667,3,84001,3270,4.541666666666667,0.09618008881807327
4000,15,266.6666666666667,3,84001,3300,4.583333333333333,0.09614503383636475
4000,15,266.6666666666667,3,84001,3330,4.625,0.09609156101942062
4000,15,266.6666666666667,3,84001,3360,4.666666666666667,0.09601649641990662
4000,15,266.6666666666667,3,84001,3390,4.708333333333333,0.09590457379817963
4000,15,266.6666666666667,3,84001,3420,4.75,0.09579258412122726
4000,15,266.6666666666667,3,84001,3450,4.791666666666667,0.09564119577407837
4000,15,266.6666666666667,3,84001,3480,4.833333333333333,0.09548836201429367
4000,15,266.6666666666667,3,84001,3510,4.875,0.09554112702608109
4000,15,266.6666666666667,3,84001,3540,4.916666666666667,0.0953259989619255
4000,15,266.6666666666667,3,84001,3570,4.958333333333333,0.0952039510011673
4000,15,266.6666666666667,3,84001,3600,5.0,0.09512846171855927
4000,15,266.6666666666667,4,84001,0,0.0,20.089427947998047
4000,15,266.6666666666667,4,84001,30,0.041666666666666664,18.262619018554688
4000,15,266.6666666666667,4,84001,60,0.08333333333333333,16.505945205688477
4000,15,266.6666666666667,4,84001,90,0.125,14.744379997253418
4000,15,266.6666666666667,4,84001,120,0.16666666666666666,12.943556785583496
4000,15,266.6666666666667,4,84001,150,0.20833333333333334,11.272089958190918
4000,15,266.6666666666667,4,84001,180,0.25,10.145652770996094
4000,15,266.6666666666667,4,84001,210,0.2916666666666667,9.690062522888184
4000,15,266.6666666666667,4,84001,240,0.3333333333333333,9.332599639892578
4000,15,266.6666666666667,4,84001,270,0.375,8.636138916015625
4000,15,266.6666666666667,4,84001,300,0.4166666666666667,7.811300754547119
4000,15,266.6666666666667,4,84001,330,0.4583333333333333,7.168401718139648
4000,15,266.6666666666667,4,84001,360,0.5,6.732831001281738
4000,15,266.6666666666667,4,84001,390,0.5416666666666666,6.565464973449707
4000,15,266.6666666666667,4,84001,420,0.5833333333333334,6.448420524597168
4000,15,266.6666666666667,4,84001,450,0.625,6.185768127441406
4000,15,266.6666666666667,4,84001,480,0.6666666666666666,5.574816703796387
4000,15,266.6666666666667,4,84001,510,0.7083333333333334,4.507798671722412
4000,15,266.6666666666667,4,84001,540,0.75,3.1978602409362793
4000,15,266.6666666666667,4,84001,570,0.7916666666666666,1.8611421585083008
4000,15,266.6666666666667,4,84001,600,0.8333333333333334,1.0243223905563354
4000,15,266.6666666666667,4,84001,630,0.875,0.45114532113075256
4000,15,266.6666666666667,4,84001,660,0.9166666666666666,0.30894091725349426
4000,15,266.6666666666667,4,84001,690,0.9583333333333334,0.2920340597629547
4000,15,266.6666666666667,4,84001,720,1.0,0.27765390276908875
4000,15,266.6666666666667,4,84001,750,1.0416666666666667,0.2708921730518341
4000,15,266.6666666666667,4,84001,780,1.0833333333333333,0.25686267018318176
4000,15,266.6666666666667,4,84001,810,1.125,0.24687546491622925
4000,15,266.6666666666667,4,84001,840,1.1666666666666667,0.23598907887935638
4000,15,266.6666666666667,4,84001,870,1.2083333333333333,0.22227676212787628
4000,15,266.6666666666667,4,84001,900,1.25,0.21326152980327606
4000,15,266.6666666666667,4,84001,930,1.2916666666666667,0.20563481748104095
4000,15,266.6666666666667,4,84001,960,1.3333333333333333,0.20098020136356354
4000,15,266.6666666666667,4,84001,990,1.375,0.19687288999557495
4000,15,266.6666666666667,4,84001,1020,1.4166666666666667,0.19214853644371033
4000,15,266.6666666666667,4,84001,1050,1.4583333333333333,0.1861799955368042
4000,15,266.6666666666667,4,84001,1080,1.5,0.17865823209285736
4000,15,266.6666666666667,4,84001,1110,1.5416666666666667,0.1711776703596115
4000,15,266.6666666666667,4,84001,1140,1.5833333333333333,0.16270776093006134
4000,15,266.6666666666667,4,84001,1170,1.625,0.15489067137241364
4000,15,266.6666666666667,4,84001,1200,1.6666666666666667,0.14843414723873138
4000,15,266.6666666666667,4,84001,1230,1.7083333333333333,0.1439407765865326
4000,15,266.6666666666667,4,84001,1260,1.75,0.14009742438793182
4000,15,266.6666666666667,4,84001,1290,1.7916666666666667,0.13665810227394104
4000,15,266.6666666666667,4,84001,1320,1.8333333333333333,0.13372425734996796
4000,15,266.6666666666667,4,84001,1350,1.875,0.1303602010011673
4000,15,266.6666666666667,4,84001,1380,1.9166666666666667,0.12717613577842712
4000,15,266.6666666666667,4,84001,1410,1.9583333333333333,0.12396560609340668
4000,15,266.6666666666667,4,84001,1440,2.0,0.12112743407487869
4000,15,266.6666666666667,4,84001,1470,2.0416666666666665,0.1185707375407219
4000,15,266.6666666666667,4,84001,1500,2.0833333333333335,0.11647750437259674
4000,15,266.6666666666667,4,84001,1530,2.125,0.11494699120521545
4000,15,266.6666666666667,4,84001,1560,2.1666666666666665,0.11376398056745529
4000,15,266.6666666666667,4,84001,1590,2.2083333333333335,0.11264064162969589
4000,15,266.6666666666667,4,84001,1620,2.25,0.1113363653421402
4000,15,266.6666666666667,4,84001,1650,2.2916666666666665,0.11010656505823135
4000,15,266.6666666666667,4,84001,1680,2.3333333333333335,0.10895788669586182
4000,15,266.6666666666667,4,84001,1710,2.375,0.10792822390794754
4000,15,266.6666666666667,4,84001,1740,2.4166666666666665,0.10728543996810913
4000,15,266.6666666666667,4,84001,1770,2.4583333333333335,0.1065007746219635
4000,15,266.6666666666667,4,84001,1800,2.5,0.10577580332756042
4000,15,266.6666666666667,4,84001,1830,2.5416666666666665,0.1053345650434494
4000,15,266.6666666666667,4,84001,1860,2.5833333333333335,0.10493332147598267
4000,15,266.6666666666667,4,84001,1890,2.625,0.1046912893652916
4000,15,266.6666666666667,4,84001,1920,2.6666666666666665,0.10445123165845871
4000,15,266.6666666666667,4,84001,1950,2.7083333333333335,0.10411617159843445
4000,15,266.6666666666667,4,84001,1980,2.75,0.10394342243671417
4000,15,266.6666666666667,4,84001,2010,2.7916666666666665,0.10387001186609268
4000,15,266.6666666666667,4,84001,2040,2.8333333333333335,0.10402600467205048
4000,15,266.6666666666667,4,84001,2070,2.875,0.10401466488838196
4000,15,266.6666666666667,4,84001,2100,2.9166666666666665,0.10383197665214539
4000,15,266.6666666666667,4,84001,2130,2.9583333333333335,0.10364724695682526
4000,15,266.6666666666667,4,84001,2160,3.0,0.10351170599460602
4000,15,266.6666666666667,4,84001,2190,3.0416666666666665,0.10335105657577515
4000,15,266.6666666666667,4,84001,2220,3.0833333333333335,0.1031135842204094
4000,15,266.6666666666667,4,84001,2250,3.125,0.10274572670459747
4000,15,266.6666666666667,4,84001,2280,3.1666666666666665,0.1023525819182396
4000,15,266.6666666666667,4,84001,2310,3.2083333333333335,0.10216828435659409
4000,15,266.6666666666667,4,84001,2340,3.25,0.10171486437320709
4000,15,266.6666666666667,4,84001,2370,3.2916666666666665,0.10122399032115936
4000,15,266.6666666666667,4,84001,2400,3.3333333333333335,0.10084939002990723
4000,15,266.6666666666667,4,84001,2430,3.375,0.10042372345924377
4000,15,266.6666666666667,4,84001,2460,3.4166666666666665,0.10014413297176361
4000,15,266.6666666666667,4,84001,2490,3.4583333333333335,0.09990939497947693
4000,15,266.6666666666667,4,84001,2520,3.5,0.09958884119987488
4000,15,266.6666666666667,4,84001,2550,3.5416666666666665,0.09941218793392181
4000,15,266.6666666666667,4,84001,2580,3.5833333333333335,0.09926865994930267
4000,15,266.6666666666667,4,84001,2610,3.625,0.09931820631027222
4000,15,266.6666666666667,4,84001,2640,3.6666666666666665,0.09926782548427582
4000,15,266.6666666666667,4,84001,2670,3.7083333333333335,0.09925602376461029
4000,15,266.6666666666667,4,84001,2700,3.75,0.09898465126752853
4000,15,266.6666666666667,4,84001,2730,3.7916666666666665,0.09881354123353958
4000,15,266.6666666666667,4,84001,2760,3.8333333333333335,0.09853210300207138
4000,15,266.6666666666667,4,84001,2790,3.875,0.09829965978860855
4000,15,266.6666666666667,4,84001,2820,3.9166666666666665,0.09814999252557755
4000,15,266.6666666666667,4,84001,2850,3.9583333333333335,0.09795995056629181
4000,15,266.6666666666667,4,84001,2880,4.0,0.09769656509160995
4000,15,266.6666666666667,4,84001,2910,4.041666666666667,0.09753219038248062
4000,15,266.6666666666667,4,84001,2940,4.083333333333333,0.09737783670425415
4000,15,266.6666666666667,4,84001,2970,4.125,0.09715357422828674
4000,15,266.6666666666667,4,84001,3000,4.166666666666667,0.09709246456623077
4000,15,266.6666666666667,4,84001,3030,4.208333333333333,0.09701551496982574
4000,15,266.6666666666667,4,84001,3060,4.25,0.09683654457330704
4000,15,266.6666666666667,4,84001,3090,4.291666666666667,0.09664497524499893
4000,15,266.6666666666667,4,84001,3120,4.333333333333333,0.09651550650596619
4000,15,266.6666666666667,4,84001,3150,4.375,0.09653021395206451
4000,15,266.6666666666667,4,84001,3180,4.416666666666667,0.09645962715148926
4000,15,266.6666666666667,4,84001,3210,4.458333333333333,0.09652062505483627
4000,15,266.6666666666667,4,84001,3240,4.5,0.09652189910411835
4000,15,266.6666666666667,4,84001,3270,4.541666666666667,0.09633786231279373
4000,15,266.6666666666667,4,84001,3300,4.583333333333333,0.09624417871236801
4000,15,266.6666666666667,4,84001,3330,4.625,0.09600260853767395
4000,15,266.6666666666667,4,84001,3360,4.666666666666667,0.09590309113264084
4000,15,266.6666666666667,4,84001,3390,4.708333333333333,0.09574266523122787
4000,15,266.6666666666667,4,84001,3420,4.75,0.09567192941904068
4000,15,266.6666666666667,4,84001,3450,4.791666666666667,0.09556233882904053
4000,15,266.6666666666667,4,84001,3480,4.833333333333333,0.09542115032672882
4000,15,266.6666666666667,4,84001,3510,4.875,0.09534899890422821
4000,15,266.6666666666667,4,84001,3540,4.916666666666667,0.09527623653411865
4000,15,266.6666666666667,4,84001,3570,4.958333333333333,0.09510772675275803
4000,15,266.6666666666667,4,84001,3600,5.0,0.09497727453708649
4000,15,266.6666666666667,5,84001,0,0.0,19.92569351196289
4000,15,266.6666666666667,5,84001,30,0.041666666666666664,18.04816436767578
4000,15,266.6666666666667,5,84001,60,0.08333333333333333,16.287782669067383
4000,15,266.6666666666667,5,84001,90,0.125,14.548927307128906
4000,15,266.6666666666667,5,84001,120,0.16666666666666666,12.676210403442383
4000,15,266.6666666666667,5,84001,150,0.20833333333333334,11.102800369262695
4000,15,266.6666666666667,5,84001,180,0.25,9.986416816711426
4000,15,266.6666666666667,5,84001,210,0.2916666666666667,9.497705459594727
4000,15,266.6666666666667,5,84001,240,0.3333333333333333,9.064393997192383
4000,15,266.6666666666667,5,84001,270,0.375,8.226125717163086
4000,15,266.6666666666667,5,84001,300,0.4166666666666667,7.534920692443848
4000,15,266.6666666666667,5,84001,330,0.4583333333333333,6.91445779800415
4000,15,266.6666666666667,5,84001,360,0.5,6.593876838684082
4000,15,266.6666666666667,5,84001,390,0.5416666666666666,6.5420098304748535
4000,15,266.6666666666667,5,84001,420,0.5833333333333334,6.320262908935547
4000,15,266.6666666666667,5,84001,450,0.625,6.047739028930664
4000,15,266.6666666666667,5,84001,480,0.6666666666666666,5.453219890594482
4000,15,266.6666666666667,5,84001,510,0.7083333333333334,4.38893461227417
4000,15,266.6666666666667,5,84001,540,0.75,3.158442497253418
4000,15,266.6666666666667,5,84001,570,0.7916666666666666,1.814953327178955
4000,15,266.6666666666667,5,84001,600,0.8333333333333334,0.7886360287666321
4000,15,266.6666666666667,5,84001,630,0.875,0.41475507616996765
4000,15,266.6666666666667,5,84001,660,0.9166666666666666,0.32468870282173157
4000,15,266.6666666666667,5,84001,690,0.9583333333333334,0.2938101291656494
4000,15,266.6666666666667,5,84001,720,1.0,0.2752341032028198
4000,15,266.6666666666667,5,84001,750,1.0416666666666667,0.2626555263996124
4000,15,266.6666666666667,5,84001,780,1.0833333333333333,0.2536197602748871
4000,15,266.6666666666667,5,84001,810,1.125,0.24362647533416748
4000,15,266.6666666666667,5,84001,840,1.1666666666666667,0.23359820246696472
4000,15,266.6666666666667,5,84001,870,1.2083333333333333,0.22248071432113647
4000,15,266.6666666666667,5,84001,900,1.25,0.2135288566350937
4000,15,266.6666666666667,5,84001,930,1.2916666666666667,0.2080087810754776
4000,15,266.6666666666667,5,84001,960,1.3333333333333333,0.20188423991203308
4000,15,266.6666666666667,5,84001,990,1.375,0.19736213982105255
4000,15,266.6666666666667,5,84001,1020,1.4166666666666667,0.19203828275203705
4000,15,266.6666666666667,5,84001,1050,1.4583333333333333,0.18597804009914398
4000,15,266.6666666666667,5,84001,1080,1.5,0.17901010811328888
4000,15,266.6666666666667,5,84001,1110,1.5416666666666667,0.17062412202358246
4000,15,266.6666666666667,5,84001,1140,1.5833333333333333,0.1622326672077179
4000,15,266.6666666666667,5,84001,1170,1.625,0.15503466129302979
4000,15,266.6666666666667,5,84001,1200,1.6666666666666667,0.14913928508758545
4000,15,266.6666666666667,5,84001,1230,1.7083333333333333,0.14444461464881897
4000,15,266.6666666666667,5,84001,1260,1.75,0.14106853306293488
4000,15,266.6666666666667,5,84001,1290,1.7916666666666667,0.13679230213165283
4000,15,266.6666666666667,5,84001,1320,1.8333333333333333,0.13326361775398254
4000,15,266.6666666666667,5,84001,1350,1.875,0.12999561429023743
4000,15,266.6666666666667,5,84001,1380,1.9166666666666667,0.1267869621515274
4000,15,266.6666666666667,5,84001,1410,1.9583333333333333,0.12334823608398438
4000,15,266.6666666666667,5,84001,1440,2.0,0.12076091766357422
4000,15,266.6666666666667,5,84001,1470,2.0416666666666665,0.11866163462400436
4000,15,266.6666666666667,5,84001,1500,2.0833333333333335,0.11704462766647339
4000,15,266.6666666666667,5,84001,1530,2.125,0.11551392823457718
4000,15,266.6666666666667,5,84001,1560,2.1666666666666665,0.11417938768863678
4000,15,266.6666666666667,5,84001,1590,2.2083333333333335,0.11283086985349655
4000,15,266.6666666666667,5,84001,1620,2.25,0.11163997650146484
4000,15,266.6666666666667,5,84001,1650,2.2916666666666665,0.11042322218418121
4000,15,266.6666666666667,5,84001,1680,2.3333333333333335,0.10908212512731552
4000,15,266.6666666666667,5,84001,1710,2.375,0.10800271481275558
4000,15,266.6666666666667,5,84001,1740,2.4166666666666665,0.10728132724761963
4000,15,266.6666666666667,5,84001,1770,2.4583333333333335,0.10647015273571014
4000,15,266.6666666666667,5,84001,1800,2.5,0.10585806518793106
4000,15,266.6666666666667,5,84001,1830,2.5416666666666665,0.10536545515060425
4000,15,266.6666666666667,5,84001,1860,2.5833333333333335,0.10490550100803375
4000,15,266.6666666666667,5,84001,1890,2.625,0.1045045480132103
4000,15,266.6666666666667,5,84001,1920,2.6666666666666665,0.10424338281154633
4000,15,266.6666666666667,5,84001,1950,2.7083333333333335,0.1041327491402626
4000,15,266.6666666666667,5,84001,1980,2.75,0.10392284393310547
4000,15,266.6666666666667,5,84001,2010,2.7916666666666665,0.1038837730884552
4000,15,266.6666666666667,5,84001,2040,2.8333333333333335,0.10377102345228195
4000,15,266.6666666666667,5,84001,2070,2.875,0.10387260466814041
4000,15,266.6666666666667,5,84001,2100,2.9166666666666665,0.10391604900360107
4000,15,266.6666666666667,5,84001,2130,2.9583333333333335,0.10377384722232819
4000,15,266.6666666666667,5,84001,2160,3.0,0.10356954485177994
4000,15,266.6666666666667,5,84001,2190,3.0416666666666665,0.1034521758556366
4000,15,266.6666666666667,5,84001,2220,3.0833333333333335,0.10315041989088058
4000,15,266.6666666666667,5,84001,2250,3.125,0.10276344418525696
4000,15,266.6666666666667,5,84001,2280,3.1666666666666665,0.10231112688779831
4000,15,266.6666666666667,5,84001,2310,3.2083333333333335,0.10205032676458359
4000,15,266.6666666666667,5,84001,2340,3.25,0.10184464603662491
4000,15,266.6666666666667,5,84001,2370,3.2916666666666665,0.10141049325466156
4000,15,266.6666666666667,5,84001,2400,3.3333333333333335,0.10104457288980484
4000,15,266.6666666666667,5,84001,2430,3.375,0.1007484570145607
4000,15,266.6666666666667,5,84001,2460,3.4166666666666665,0.1005648672580719
4000,15,266.6666666666667,5,84001,2490,3.4583333333333335,0.1002202257514
4000,15,266.6666666666667,5,84001,2520,3.5,0.09989968687295914
4000,15,266.6666666666667,5,84001,2550,3.5416666666666665,0.099761962890625
4000,15,266.6666666666667,5,84001,2580,3.5833333333333335,0.09956140071153641
4000,15,266.6666666666667,5,84001,2610,3.625,0.09935855120420456
4000,15,266.6666666666667,5,84001,2640,3.6666666666666665,0.09922139346599579
4000,15,266.6666666666667,5,84001,2670,3.7083333333333335,0.09914912283420563
4000,15,266.6666666666667,5,84001,2700,3.75,0.09905203431844711
4000,15,266.6666666666667,5,84001,2730,3.7916666666666665,0.09892307966947556
4000,15,266.6666666666667,5,84001,2760,3.8333333333333335,0.09863514453172684
4000,15,266.6666666666667,5,84001,2790,3.875,0.09840400516986847
4000,15,266.6666666666667,5,84001,2820,3.9166666666666665,0.0983036607503891
4000,15,266.6666666666667,5,84001,2850,3.9583333333333335,0.09803152829408646
4000,15,266.6666666666667,5,84001,2880,4.0,0.09785518050193787
4000,15,266.6666666666667,5,84001,2910,4.041666666666667,0.09770326316356659
4000,15,266.6666666666667,5,84001,2940,4.083333333333333,0.09750042855739594
4000,15,266.6666666666667,5,84001,2970,4.125,0.09724525362253189
4000,15,266.6666666666667,5,84001,3000,4.166666666666667,0.09704653173685074
4000,15,266.6666666666667,5,84001,3030,4.208333333333333,0.09693992137908936
4000,15,266.6666666666667,5,84001,3060,4.25,0.09671895951032639
4000,15,266.6666666666667,5,84001,3090,4.291666666666667,0.09658338129520416
4000,15,266.6666666666667,5,84001,3120,4.333333333333333,0.09639088809490204
4000,15,266.6666666666667,5,84001,3150,4.375,0.09639684855937958
4000,15,266.6666666666667,5,84001,3180,4.416666666666667,0.09644026309251785
4000,15,266.6666666666667,5,84001,3210,4.458333333333333,0.09638307243585587
4000,15,266.6666666666667,5,84001,3240,4.5,0.09624212980270386
4000,15,266.6666666666667,5,84001,3270,4.541666666666667,0.09615364670753479
4000,15,266.6666666666667,5,84001,3300,4.583333333333333,0.09611126035451889
4000,15,266.6666666666667,5,84001,3330,4.625,0.0959474965929985
4000,15,266.6666666666667,5,84001,3360,4.666666666666667,0.0958203598856926
4000,15,266.6666666666667,5,84001,3390,4.708333333333333,0.09570513665676117
4000,15,266.6666666666667,5,84001,3420,4.75,0.09557601809501648
4000,15,266.6666666666667,5,84001,3450,4.791666666666667,0.0953819677233696
4000,15,266.6666666666667,5,84001,3480,4.833333333333333,0.09527122229337692
4000,15,266.6666666666667,5,84001,3510,4.875,0.09516482800245285
4000,15,266.6666666666667,5,84001,3540,4.916666666666667,0.0949840247631073
4000,15,266.6666666666667,5,84001,3570,4.958333333333333,0.09492189437150955
4000,15,266.6666666666667,5,84001,3600,5.0,0.09478515386581421
5000,9,555.5555555555555,0,84000,0,0.0,19.773012161254883
5000,9,555.5555555555555,0,84000,30,0.041666666666666664,19.1566162109375
5000,9,555.5555555555555,0,84000,60,0.08333333333333333,18.613086700439453
5000,9,555.5555555555555,0,84000,90,0.125,17.82357406616211
5000,9,555.5555555555555,0,84000,120,0.16666666666666666,16.885469436645508
5000,9,555.5555555555555,0,84000,150,0.20833333333333334,15.854639053344727
5000,9,555.5555555555555,0,84000,180,0.25,15.512800216674805
5000,9,555.5555555555555,0,84000,210,0.2916666666666667,16.519393920898438
5000,9,555.5555555555555,0,84000,240,0.3333333333333333,18.322105407714844
5000,9,555.5555555555555,0,84000,270,0.375,20.195749282836914
5000,9,555.5555555555555,0,84000,300,0.4166666666666667,21.738643646240234
5000,9,555.5555555555555,0,84000,330,0.4583333333333333,23.076948165893555
5000,9,555.5555555555555,0,84000,360,0.5,24.080787658691406
5000,9,555.5555555555555,0,84000,390,0.5416666666666666,24.704431533813477
5000,9,555.5555555555555,0,84000,420,0.5833333333333334,25.167654037475586
5000,9,555.5555555555555,0,84000,450,0.625,25.401517868041992
5000,9,555.5555555555555,0,84000,480,0.6666666666666666,25.430221557617188
5000,9,555.5555555555555,0,84000,510,0.7083333333333334,25.63687515258789
5000,9,555.5555555555555,0,84000,540,0.75,25.950658798217773
5000,9,555.5555555555555,0,84000,570,0.7916666666666666,26.334224700927734
5000,9,555.5555555555555,0,84000,600,0.8333333333333334,26.762365341186523
5000,9,555.5555555555555,0,84000,630,0.875,27.701740264892578
5000,9,555.5555555555555,0,84000,660,0.9166666666666666,28.825712203979492
5000,9,555.5555555555555,0,84000,690,0.9583333333333334,29.995380401611328
5000,9,555.5555555555555,0,84000,720,1.0,30.962142944335938
5000,9,555.5555555555555,0,84000,750,1.0416666666666667,31.747488021850586
5000,9,555.5555555555555,0,84000,780,1.0833333333333333,32.166725158691406
5000,9,555.5555555555555,0,84000,810,1.125,32.19157028198242
5000,9,555.5555555555555,0,84000,840,1.1666666666666667,31.866853713989258
5000,9,555.5555555555555,0,84000,870,1.2083333333333333,31.256505966186523
5000,9,555.5555555555555,0,84000,900,1.25,30.73150062561035
5000,9,555.5555555555555,0,84000,930,1.2916666666666667,29.993288040161133
5000,9,555.5555555555555,0,84000,960,1.3333333333333333,29.453012466430664
5000,9,555.5555555555555,0,84000,990,1.375,28.85485076904297
5000,9,555.5555555555555,0,84000,1020,1.4166666666666667,27.860612869262695
5000,9,555.5555555555555,0,84000,1050,1.4583333333333333,27.166637420654297
5000,9,555.5555555555555,0,84000,1080,1.5,26.29448127746582
5000,9,555.5555555555555,0,84000,1110,1.5416666666666667,25.297462463378906
5000,9,555.5555555555555,0,84000,1140,1.5833333333333333,24.23855972290039
5000,9,555.5555555555555,0,84000,1170,1.625,23.115074157714844
5000,9,555.5555555555555,0,84000,1200,1.6666666666666667,22.38495635986328
5000,9,555.5555555555555,0,84000,1230,1.7083333333333333,22.316390991210938
5000,9,555.5555555555555,0,84000,1260,1.75,21.975000381469727
5000,9,555.5555555555555,0,84000,1290,1.7916666666666667,21.498573303222656
5000,9,555.5555555555555,0,84000,1320,1.8333333333333333,20.991737365722656
5000,9,555.5555555555555,0,84000,1350,1.875,20.279767990112305
5000,9,555.5555555555555,0,84000,1380,1.9166666666666667,19.84027099609375
5000,9,555.5555555555555,0,84000,1410,1.9583333333333333,19.049047470092773
5000,9,555.5555555555555,0,84000,1440,2.0,18.366209030151367
5000,9,555.5555555555555,0,84000,1470,2.0416666666666665,17.72992515563965
5000,9,555.5555555555555,0,84000,1500,2.0833333333333335,17.077970504760742
5000,9,555.5555555555555,0,84000,1530,2.125,16.561405181884766
5000,9,555.5555555555555,0,84000,1560,2.1666666666666665,15.956337928771973
5000,9,555.5555555555555,0,84000,1590,2.2083333333333335,15.44137191772461
5000,9,555.5555555555555,0,84000,1620,2.25,15.28641414642334
5000,9,555.5555555555555,0,84000,1650,2.2916666666666665,15.126975059509277
5000,9,555.5555555555555,0,84000,1680,2.3333333333333335,14.853997230529785
5000,9,555.5555555555555,0,84000,1710,2.375,14.598442077636719
5000,9,555.5555555555555,0,84000,1740,2.4166666666666665,14.297865867614746
5000,9,555.5555555555555,0,84000,1770,2.4583333333333335,13.963906288146973
5000,9,555.5555555555555,0,84000,1800,2.5,13.474957466125488
5000,9,555.5555555555555,0,84000,1830,2.5416666666666665,13.200912475585938
5000,9,555.5555555555555,0,84000,1860,2.5833333333333335,12.648536682128906
5000,9,555.5555555555555,0,84000,1890,2.625,12.181241035461426
5000,9,555.5555555555555,0,84000,1920,2.6666666666666665,12.001181602478027
5000,9,555.5555555555555,0,84000,1950,2.7083333333333335,11.771467208862305
5000,9,555.5555555555555,0,84000,1980,2.75,11.6325101852417
5000,9,555.5555555555555,0,84000,2010,2.7916666666666665,11.5201997756958
5000,9,555.5555555555555,0,84000,2040,2.8333333333333335,11.20297908782959
5000,9,555.5555555555555,0,84000,2070,2.875,10.799448013305664
5000,9,555.5555555555555,0,84000,2100,2.9166666666666665,10.525025367736816
5000,9,555.5555555555555,0,84000,2130,2.9583333333333335,10.222620010375977
5000,9,555.5555555555555,0,84000,2160,3.0,9.90721607208252
5000,9,555.5555555555555,0,84000,2190,3.0416666666666665,9.662720680236816
5000,9,555.5555555555555,0,84000,2220,3.0833333333333335,9.23392391204834
5000,9,555.5555555555555,0,84000,2250,3.125,9.000763893127441
5000,9,555.5555555555555,0,84000,2280,3.1666666666666665,8.628597259521484
5000,9,555.5555555555555,0,84000,2310,3.2083333333333335,8.358439445495605
5000,9,555.5555555555555,0,84000,2340,3.25,8.282193183898926
5000,9,555.5555555555555,0,84000,2370,3.2916666666666665,8.242027282714844
5000,9,555.5555555555555,0,84000,2400,3.3333333333333335,8.085684776306152
5000,9,555.5555555555555,0,84000,2430,3.375,8.03158950805664
5000,9,555.5555555555555,0,84000,2460,3.4166666666666665,8.07626724243164
5000,9,555.5555555555555,0,84000,2490,3.4583333333333335,8.071908950805664
5000,9,555.5555555555555,0,84000,2520,3.5,8.05733585357666
5000,9,555.5555555555555,0,84000,2550,3.5416666666666665,8.121992111206055
5000,9,555.5555555555555,0,84000,2580,3.5833333333333335,8.10006046295166
5000,9,555.5555555555555,0,84000,2610,3.625,8.222615242004395
5000,9,555.5555555555555,0,84000,2640,3.6666666666666665,8.250894546508789
5000,9,555.5555555555555,0,84000,2670,3.7083333333333335,8.257376670837402
5000,9,555.5555555555555,0,84000,2700,3.75,8.319595336914062
5000,9,555.5555555555555,0,84000,2730,3.7916666666666665,8.390520095825195
5000,9,555.5555555555555,0,84000,2760,3.8333333333333335,8.411930084228516
5000,9,555.5555555555555,0,84000,2790,3.875,8.445289611816406
5000,9,555.5555555555555,0,84000,2820,3.9166666666666665,8.491235733032227
5000,9,555.5555555555555,0,84000,2850,3.9583333333333335,8.596495628356934
5000,9,555.5555555555555,0,84000,2880,4.0,8.618657112121582
5000,9,555.5555555555555,0,84000,2910,4.041666666666667,8.680882453918457
5000,9,555.5555555555555,0,84000,2940,4.083333333333333,8.713337898254395
5000,9,555.5555555555555,0,84000,2970,4.125,8.777008056640625
5000,9,555.5555555555555,0,84000,3000,4.166666666666667,8.833734512329102
5000,9,555.5555555555555,0,84000,3030,4.208333333333333,8.833770751953125
5000,9,555.5555555555555,0,84000,3060,4.25,8.919371604919434
5000,9,555.5555555555555,0,84000,3090,4.291666666666667,8.933562278747559
5000,9,555.5555555555555,0,84000,3120,4.333333333333333,8.90074348449707
5000,9,555.5555555555555,0,84000,3150,4.375,8.871319770812988
5000,9,555.5555555555555,0,84000,3180,4.416666666666667,8.950848579406738
5000,9,555.5555555555555,0,84000,3210,4.458333333333333,8.812300682067871
5000,9,555.5555555555555,0,84000,3240,4.5,8.862980842590332
5000,9,555.5555555555555,0,84000,3270,4.541666666666667,8.776606559753418
5000,9,555.5555555555555,0,84000,3300,4.583333333333333,8.769410133361816
5000,9,555.5555555555555,0,84000,3330,4.625,8.745996475219727
5000,9,555.5555555555555,0,84000,3360,4.666666666666667,8.76398754119873
5000,9,555.5555555555555,0,84000,3390,4.708333333333333,8.685791015625
5000,9,555.5555555555555,0,84000,3420,4.75,8.714329719543457
5000,9,555.5555555555555,0,84000,3450,4.791666666666667,8.689425468444824
5000,9,555.5555555555555,0,84000,3480,4.833333333333333,8.677780151367188
5000,9,555.5555555555555,0,84000,3510,4.875,8.629075050354004
5000,9,555.5555555555555,0,84000,3540,4.916666666666667,8.64189338684082
5000,9,555.5555555555555,0,84000,3570,4.958333333333333,8.621856689453125
5000,9,555.5555555555555,0,84000,3600,5.0,8.621541023254395
5000,9,555.5555555555555,1,84000,0,0.0,19.926406860351562
5000,9,555.5555555555555,1,84000,30,0.041666666666666664,19.259756088256836
5000,9,555.5555555555555,1,84000,60,0.08333333333333333,18.744976043701172
5000,9,555.5555555555555,1,84000,90,0.125,18.017789840698242
5000,9,555.5555555555555,1,84000,120,0.16666666666666666,17.040393829345703
5000,9,555.5555555555555,1,84000,150,0.20833333333333334,16.034875869750977
5000,9,555.5555555555555,1,84000,180,0.25,15.63041877746582
5000,9,555.5555555555555,1,84000,210,0.2916666666666667,16.580944061279297
5000,9,555.5555555555555,1,84000,240,0.3333333333333333,18.409454345703125
5000,9,555.5555555555555,1,84000,270,0.375,20.21902084350586
5000,9,555.5555555555555,1,84000,300,0.4166666666666667,21.78897476196289
5000,9,555.5555555555555,1,84000,330,0.4583333333333333,22.98048973083496
5000,9,555.5555555555555,1,84000,360,0.5,23.94270896911621
5000,9,555.5555555555555,1,84000,390,0.5416666666666666,24.505250930786133
5000,9,555.5555555555555,1,84000,420,0.5833333333333334,24.946950912475586
5000,9,555.5555555555555,1,84000,450,0.625,25.107728958129883
5000,9,555.5555555555555,1,84000,480,0.6666666666666666,25.32162094116211
5000,9,555.5555555555555,1,84000,510,0.7083333333333334,25.501768112182617
5000,9,555.5555555555555,1,84000,540,0.75,26.180034637451172
5000,9,555.5555555555555,1,84000,570,0.7916666666666666,26.61424446105957
5000,9,555.5555555555555,1,84000,600,0.8333333333333334,27.167499542236328
5000,9,555.5555555555555,1,84000,630,0.875,27.656755447387695
5000,9,555.5555555555555,1,84000,660,0.9166666666666666,28.684181213378906
5000,9,555.5555555555555,1,84000,690,0.9583333333333334,29.793119430541992
5000,9,555.5555555555555,1,84000,720,1.0,30.75783348083496
5000,9,555.5555555555555,1,84000,750,1.0416666666666667,31.7196102142334
5000,9,555.5555555555555,1,84000,780,1.0833333333333333,32.1160888671875
5000,9,555.5555555555555,1,84000,810,1.125,32.37628936767578
5000,9,555.5555555555555,1,84000,840,1.1666666666666667,32.155792236328125
5000,9,555.5555555555555,1,84000,870,1.2083333333333333,31.677661895751953
5000,9,555.5555555555555,1,84000,900,1.25,30.9197998046875
5000,9,555.5555555555555,1,84000,930,1.2916666666666667,30.041168212890625
5000,9,555.5555555555555,1,84000,960,1.3333333333333333,29.575977325439453
5000,9,555.5555555555555,1,84000,990,1.375,28.889446258544922
5000,9,555.5555555555555,1,84000,1020,1.4166666666666667,27.963144302368164
5000,9,555.5555555555555,1,84000,1050,1.4583333333333333,27.36414337158203
5000,9,555.5555555555555,1,84000,1080,1.5,26.741413116455078
5000,9,555.5555555555555,1,84000,1110,1.5416666666666667,25.725711822509766
5000,9,555.5555555555555,1,84000,1140,1.5833333333333333,24.5060977935791
5000,9,555.5555555555555,1,84000,1170,1.625,23.696659088134766
5000,9,555.5555555555555,1,84000,1200,1.6666666666666667,23.025575637817383
5000,9,555.5555555555555,1,84000,1230,1.7083333333333333,22.42924690246582
5000,9,555.5555555555555,1,84000,1260,1.75,21.969160079956055
5000,9,555.5555555555555,1,84000,1290,1.7916666666666667,21.57752227783203
5000,9,555.5555555555555,1,84000,1320,1.8333333333333333,20.956043243408203
5000,9,555.5555555555555,1,84000,1350,1.875,20.35184097290039
5000,9,555.5555555555555,1,84000,1380,1.9166666666666667,19.597244262695312
5000,9,555.5555555555555,1,84000,1410,1.9583333333333333,18.859798431396484
5000,9,555.5555555555555,1,84000,1440,2.0,18.171096801757812
5000,9,555.5555555555555,1,84000,1470,2.0416666666666665,17.760297775268555
5000,9,555.5555555555555,1,84000,1500,2.0833333333333335,17.104995727539062
5000,9,555.5555555555555,1,84000,1530,2.125,16.326995849609375
5000,9,555.5555555555555,1,84000,1560,2.1666666666666665,15.638415336608887
5000,9,555.5555555555555,1,84000,1590,2.2083333333333335,15.425065994262695
5000,9,555.5555555555555,1,84000,1620,2.25,15.20866584777832
5000,9,555.5555555555555,1,84000,1650,2.2916666666666665,14.935938835144043
5000,9,555.5555555555555,1,84000,1680,2.3333333333333335,14.74266242980957
5000,9,555.5555555555555,1,84000,1710,2.375,14.674659729003906
5000,9,555.5555555555555,1,84000,1740,2.4166666666666665,14.579896926879883
5000,9,555.5555555555555,1,84000,1770,2.4583333333333335,14.015134811401367
5000,9,555.5555555555555,1,84000,1800,2.5,13.803277969360352
5000,9,555.5555555555555,1,84000,1830,2.5416666666666665,13.530677795410156
5000,9,555.5555555555555,1,84000,1860,2.5833333333333335,13.04519271850586
5000,9,555.5555555555555,1,84000,1890,2.625,12.75754165649414
5000,9,555.5555555555555,1,84000,1920,2.6666666666666665,12.505635261535645
5000,9,555.5555555555555,1,84000,1950,2.7083333333333335,12.320099830627441
5000,9,555.5555555555555,1,84000,1980,2.75,12.267005920410156
5000,9,555.5555555555555,1,84000,2010,2.7916666666666665,12.128856658935547
5000,9,555.5555555555555,1,84000,2040,2.8333333333333335,11.905694961547852
5000,9,555.5555555555555,1,84000,2070,2.875,11.762234687805176
5000,9,555.5555555555555,1,84000,2100,2.9166666666666665,11.43087100982666
5000,9,555.5555555555555,1,84000,2130,2.9583333333333335,11.12746524810791
5000,9,555.5555555555555,1,84000,2160,3.0,10.751230239868164
5000,9,555.5555555555555,1,84000,2190,3.0416666666666665,10.334933280944824
5000,9,555.5555555555555,1,84000,2220,3.0833333333333335,9.9733247756958
5000,9,555.5555555555555,1,84000,2250,3.125,9.639187812805176
5000,9,555.5555555555555,1,84000,2280,3.1666666666666665,9.329323768615723
5000,9,555.5555555555555,1,84000,2310,3.2083333333333335,9.006462097167969
5000,9,555.5555555555555,1,84000,2340,3.25,8.791194915771484
5000,9,555.5555555555555,1,84000,2370,3.2916666666666665,8.502880096435547
5000,9,555.5555555555555,1,84000,2400,3.3333333333333335,8.304496765136719
5000,9,555.5555555555555,1,84000,2430,3.375,8.214226722717285
5000,9,555.5555555555555,1,84000,2460,3.4166666666666665,8.167326927185059
5000,9,555.5555555555555,1,84000,2490,3.4583333333333335,8.079187393188477
5000,9,555.5555555555555,1,84000,2520,3.5,8.06833553314209
5000,9,555.5555555555555,1,84000,2550,3.5416666666666665,8.024248123168945
5000,9,555.5555555555555,1,84000,2580,3.5833333333333335,8.16232681274414
5000,9,555.5555555555555,1,84000,2610,3.625,8.179040908813477
5000,9,555.5555555555555,1,84000,2640,3.6666666666666665,8.230834007263184
5000,9,555.5555555555555,1,84000,2670,3.7083333333333335,8.301584243774414
5000,9,555.5555555555555,1,84000,2700,3.75,8.31943130493164
5000,9,555.5555555555555,1,84000,2730,3.7916666666666665,8.366162300109863
5000,9,555.5555555555555,1,84000,2760,3.8333333333333335,8.368377685546875
5000,9,555.5555555555555,1,84000,2790,3.875,8.468605995178223
5000,9,555.5555555555555,1,84000,2820,3.9166666666666665,8.48267936706543
5000,9,555.5555555555555,1,84000,2850,3.9583333333333335,8.505425453186035
5000,9,555.5555555555555,1,84000,2880,4.0,8.570699691772461
5000,9,555.5555555555555,1,84000,2910,4.041666666666667,8.591076850891113
5000,9,555.5555555555555,1,84000,2940,4.083333333333333,8.664650917053223
5000,9,555.5555555555555,1,84000,2970,4.125,8.698749542236328
5000,9,555.5555555555555,1,84000,3000,4.166666666666667,8.744178771972656
5000,9,555.5555555555555,1,84000,3030,4.208333333333333,8.840753555297852
5000,9,555.5555555555555,1,84000,3060,4.25,8.820170402526855
5000,9,555.5555555555555,1,84000,3090,4.291666666666667,8.90323543548584
5000,9,555.5555555555555,1,84000,3120,4.333333333333333,8.957615852355957
5000,9,555.5555555555555,1,84000,3150,4.375,8.955561637878418
5000,9,555.5555555555555,1,84000,3180,4.416666666666667,8.923032760620117
5000,9,555.5555555555555,1,84000,3210,4.458333333333333,8.938630104064941
5000,9,555.5555555555555,1,84000,3240,4.5,8.881855010986328
5000,9,555.5555555555555,1,84000,3270,4.541666666666667,8.842245101928711
5000,9,555.5555555555555,1,84000,3300,4.583333333333333,8.854092597961426
5000,9,555.5555555555555,1,84000,3330,4.625,8.846657752990723
5000,9,555.5555555555555,1,84000,3360,4.666666666666667,8.849787712097168
5000,9,555.5555555555555,1,84000,3390,4.708333333333333,8.832396507263184
5000,9,555.5555555555555,1,84000,3420,4.75,8.837871551513672
5000,9,555.5555555555555,1,84000,3450,4.791666666666667,8.868654251098633
5000,9,555.5555555555555,1,84000,3480,4.833333333333333,8.836703300476074
5000,9,555.5555555555555,1,84000,3510,4.875,8.866155624389648
5000,9,555.5555555555555,1,84000,3540,4.916666666666667,8.815462112426758
5000,9,555.5555555555555,1,84000,3570,4.958333333333333,8.79631519317627
5000,9,555.5555555555555,1,84000,3600,5.0,8.74330997467041
5000,9,555.5555555555555,2,84000,0,0.0,19.840547561645508
5000,9,555.5555555555555,2,84000,30,0.041666666666666664,19.2463321685791
5000,9,555.5555555555555,2,84000,60,0.08333333333333333,18.68250846862793
5000,9,555.5555555555555,2,84000,90,0.125,17.904735565185547
5000,9,555.5555555555555,2,84000,120,0.16666666666666666,16.91188621520996
5000,9,555.5555555555555,2,84000,150,0.20833333333333334,15.88882827758789
5000,9,555.5555555555555,2,84000,180,0.25,15.4852933883667
5000,9,555.5555555555555,2,84000,210,0.2916666666666667,16.476768493652344
5000,9,555.5555555555555,2,84000,240,0.3333333333333333,18.34593391418457
5000,9,555.5555555555555,2,84000,270,0.375,20.14710235595703
5000,9,555.5555555555555,2,84000,300,0.4166666666666667,21.675647735595703
5000,9,555.5555555555555,2,84000,330,0.4583333333333333,22.93032455444336
5000,9,555.5555555555555,2,84000,360,0.5,23.820032119750977
5000,9,555.5555555555555,2,84000,390,0.5416666666666666,24.636215209960938
5000,9,555.5555555555555,2,84000,420,0.5833333333333334,24.90207862854004
5000,9,555.5555555555555,2,84000,450,0.625,25.10992431640625
5000,9,555.5555555555555,2,84000,480,0.6666666666666666,25.183734893798828
5000,9,555.5555555555555,2,84000,510,0.7083333333333334,25.60477638244629
5000,9,555.5555555555555,2,84000,540,0.75,25.905982971191406
5000,9,555.5555555555555,2,84000,570,0.7916666666666666,26.4592227935791
5000,9,555.5555555555555,2,84000,600,0.8333333333333334,26.95704460144043
5000,9,555.5555555555555,2,84000,630,0.875,27.869237899780273
5000,9,555.5555555555555,2,84000,660,0.9166666666666666,28.863182067871094
5000,9,555.5555555555555,2,84000,690,0.9583333333333334,29.887046813964844
5000,9,555.5555555555555,2,84000,720,1.0,31.005828857421875
5000,9,555.5555555555555,2,84000,750,1.0416666666666667,31.91640281677246
5000,9,555.5555555555555,2,84000,780,1.0833333333333333,32.4093132019043
5000,9,555.5555555555555,2,84000,810,1.125,32.560630798339844
5000,9,555.5555555555555,2,84000,840,1.1666666666666667,32.03180694580078
5000,9,555.5555555555555,2,84000,870,1.2083333333333333,31.38761329650879
5000,9,555.5555555555555,2,84000,900,1.25,30.48518180847168
5000,9,555.5555555555555,2,84000,930,1.2916666666666667,29.646743774414062
5000,9,555.5555555555555,2,84000,960,1.3333333333333333,29.07599449157715
5000,9,555.5555555555555,2,84000,990,1.375,28.237977981567383
5000,9,555.5555555555555,2,84000,1020,1.4166666666666667,27.75693702697754
5000,9,555.5555555555555,2,84000,1050,1.4583333333333333,26.979124069213867
5000,9,555.5555555555555,2,84000,1080,1.5,26.50861167907715
5000,9,555.5555555555555,2,84000,1110,1.5416666666666667,25.52289390563965
5000,9,555.5555555555555,2,84000,1140,1.5833333333333333,24.712787628173828
5000,9,555.5555555555555,2,84000,1170,1.625,23.906028747558594
5000,9,555.5555555555555,2,84000,1200,1.6666666666666667,23.049243927001953
5000,9,555.5555555555555,2,84000,1230,1.7083333333333333,22.49553680419922
5000,9,555.5555555555555,2,84000,1260,1.75,22.004833221435547
5000,9,555.5555555555555,2,84000,1290,1.7916666666666667,21.75372314453125
5000,9,555.5555555555555,2,84000,1320,1.8333333333333333,21.334535598754883
5000,9,555.5555555555555,2,84000,1350,1.875,20.860719680786133
5000,9,555.5555555555555,2,84000,1380,1.9166666666666667,20.283052444458008
5000,9,555.5555555555555,2,84000,1410,1.9583333333333333,19.514801025390625
5000,9,555.5555555555555,2,84000,1440,2.0,18.793346405029297
5000,9,555.5555555555555,2,84000,1470,2.0416666666666665,18.05117416381836
5000,9,555.5555555555555,2,84000,1500,2.0833333333333335,17.290517807006836
5000,9,555.5555555555555,2,84000,1530,2.125,16.673669815063477
5000,9,555.5555555555555,2,84000,1560,2.1666666666666665,15.721444129943848
5000,9,555.5555555555555,2,84000,1590,2.2083333333333335,15.456113815307617
5000,9,555.5555555555555,2,84000,1620,2.25,15.048928260803223
5000,9,555.5555555555555,2,84000,1650,2.2916666666666665,14.869955062866211
5000,9,555.5555555555555,2,84000,1680,2.3333333333333335,14.759559631347656
5000,9,555.5555555555555,2,84000,1710,2.375,14.515482902526855
5000,9,555.5555555555555,2,84000,1740,2.4166666666666665,14.338968276977539
5000,9,555.5555555555555,2,84000,1770,2.4583333333333335,14.067943572998047
5000,9,555.5555555555555,2,84000,1800,2.5,13.817193984985352
5000,9,555.5555555555555,2,84000,1830,2.5416666666666665,13.401572227478027
5000,9,555.5555555555555,2,84000,1860,2.5833333333333335,12.971034049987793
5000,9,555.5555555555555,2,84000,1890,2.625,12.644740104675293
5000,9,555.5555555555555,2,84000,1920,2.6666666666666665,12.383631706237793
5000,9,555.5555555555555,2,84000,1950,2.7083333333333335,12.183122634887695
5000,9,555.5555555555555,2,84000,1980,2.75,12.070223808288574
5000,9,555.5555555555555,2,84000,2010,2.7916666666666665,12.034010887145996
5000,9,555.5555555555555,2,84000,2040,2.8333333333333335,11.879592895507812
5000,9,555.5555555555555,2,84000,2070,2.875,11.76301383972168
5000,9,555.5555555555555,2,84000,2100,2.9166666666666665,11.54982852935791
5000,9,555.5555555555555,2,84000,2130,2.9583333333333335,11.13459587097168
5000,9,555.5555555555555,2,84000,2160,3.0,10.807544708251953
5000,9,555.5555555555555,2,84000,2190,3.0416666666666665,10.423765182495117
5000,9,555.5555555555555,2,84000,2220,3.0833333333333335,10.107314109802246
5000,9,555.5555555555555,2,84000,2250,3.125,9.580178260803223
5000,9,555.5555555555555,2,84000,2280,3.1666666666666665,9.120712280273438
5000,9,555.5555555555555,2,84000,2310,3.2083333333333335,8.87298583984375
5000,9,555.5555555555555,2,84000,2340,3.25,8.706069946289062
5000,9,555.5555555555555,2,84000,2370,3.2916666666666665,8.446555137634277
5000,9,555.5555555555555,2,84000,2400,3.3333333333333335,8.398493766784668
5000,9,555.5555555555555,2,84000,2430,3.375,8.40351676940918
5000,9,555.5555555555555,2,84000,2460,3.4166666666666665,8.318263053894043
5000,9,555.5555555555555,2,84000,2490,3.4583333333333335,8.259988784790039
5000,9,555.5555555555555,2,84000,2520,3.5,8.25943660736084
5000,9,555.5555555555555,2,84000,2550,3.5416666666666665,8.279799461364746
5000,9,555.5555555555555,2,84000,2580,3.5833333333333335,8.248969078063965
5000,9,555.5555555555555,2,84000,2610,3.625,8.275507926940918
5000,9,555.5555555555555,2,84000,2640,3.6666666666666665,8.272039413452148
5000,9,555.5555555555555,2,84000,2670,3.7083333333333335,8.313111305236816
5000,9,555.5555555555555,2,84000,2700,3.75,8.367448806762695
5000,9,555.5555555555555,2,84000,2730,3.7916666666666665,8.49075698852539
5000,9,555.5555555555555,2,84000,2760,3.8333333333333335,8.502440452575684
5000,9,555.5555555555555,2,84000,2790,3.875,8.54435920715332
5000,9,555.5555555555555,2,84000,2820,3.9166666666666665,8.641424179077148
5000,9,555.5555555555555,2,84000,2850,3.9583333333333335,8.684575080871582
5000,9,555.5555555555555,2,84000,2880,4.0,8.688346862792969
5000,9,555.5555555555555,2,84000,2910,4.041666666666667,8.731486320495605
5000,9,555.5555555555555,2,84000,2940,4.083333333333333,8.740607261657715
5000,9,555.5555555555555,2,84000,2970,4.125,8.765337944030762
5000,9,555.5555555555555,2,84000,3000,4.166666666666667,8.829453468322754
5000,9,555.5555555555555,2,84000,3030,4.208333333333333,8.912293434143066
5000,9,555.5555555555555,2,84000,3060,4.25,8.91567325592041
5000,9,555.5555555555555,2,84000,3090,4.291666666666667,8.942001342773438
5000,9,555.5555555555555,2,84000,3120,4.333333333333333,8.986534118652344
5000,9,555.5555555555555,2,84000,3150,4.375,8.996326446533203
5000,9,555.5555555555555,2,84000,3180,4.416666666666667,8.96017074584961
5000,9,555.5555555555555,2,84000,3210,4.458333333333333,8.978781700134277
5000,9,555.5555555555555,2,84000,3240,4.5,8.973204612731934
5000,9,555.5555555555555,2,84000,3270,4.541666666666667,8.94070816040039
5000,9,555.5555555555555,2,84000,3300,4.583333333333333,8.890978813171387
5000,9,555.5555555555555,2,84000,3330,4.625,8.841476440429688
5000,9,555.5555555555555,2,84000,3360,4.666666666666667,8.884970664978027
5000,9,555.5555555555555,2,84000,3390,4.708333333333333,8.873937606811523
5000,9,555.5555555555555,2,84000,3420,4.75,8.917106628417969
5000,9,555.5555555555555,2,84000,3450,4.791666666666667,8.945934295654297
5000,9,555.5555555555555,2,84000,3480,4.833333333333333,8.926188468933105
5000,9,555.5555555555555,2,84000,3510,4.875,8.943978309631348
5000,9,555.5555555555555,2,84000,3540,4.916666666666667,8.979254722595215
5000,9,555.5555555555555,2,84000,3570,4.958333333333333,8.954769134521484
5000,9,555.5555555555555,2,84000,3600,5.0,8.929635047912598
5000,9,555.5555555555555,3,84001,0,0.0,20.061416625976562
5000,9,555.5555555555555,3,84001,30,0.041666666666666664,19.40281105041504
5000,9,555.5555555555555,3,84001,60,0.08333333333333333,18.83201789855957
5000,9,555.5555555555555,3,84001,90,0.125,18.026153564453125
5000,9,555.5555555555555,3,84001,120,0.16666666666666666,16.94101333618164
5000,9,555.5555555555555,3,84001,150,0.20833333333333334,15.897684097290039
5000,9,555.5555555555555,3,84001,180,0.25,15.509811401367188
5000,9,555.5555555555555,3,84001,210,0.2916666666666667,16.589309692382812
5000,9,555.5555555555555,3,84001,240,0.3333333333333333,18.417818069458008
5000,9,555.5555555555555,3,84001,270,0.375,20.262041091918945
5000,9,555.5555555555555,3,84001,300,0.4166666666666667,21.782140731811523
5000,9,555.5555555555555,3,84001,330,0.4583333333333333,22.990610122680664
5000,9,555.5555555555555,3,84001,360,0.5,24.007278442382812
5000,9,555.5555555555555,3,84001,390,0.5416666666666666,24.765844345092773
5000,9,555.5555555555555,3,84001,420,0.5833333333333334,25.080734252929688
5000,9,555.5555555555555,3,84001,450,0.625,25.250083923339844
5000,9,555.5555555555555,3,84001,480,0.6666666666666666,25.300268173217773
5000,9,555.5555555555555,3,84001,510,0.7083333333333334,25.4738712310791
5000,9,555.5555555555555,3,84001,540,0.75,25.845897674560547
5000,9,555.5555555555555,3,84001,570,0.7916666666666666,26.248584747314453
5000,9,555.5555555555555,3,84001,600,0.8333333333333334,27.031705856323242
5000,9,555.5555555555555,3,84001,630,0.875,27.760738372802734
5000,9,555.5555555555555,3,84001,660,0.9166666666666666,28.850543975830078
5000,9,555.5555555555555,3,84001,690,0.9583333333333334,29.861331939697266
5000,9,555.5555555555555,3,84001,720,1.0,31.019805908203125
5000,9,555.5555555555555,3,84001,750,1.0416666666666667,32.0007209777832
5000,9,555.5555555555555,3,84001,780,1.0833333333333333,32.526920318603516
5000,9,555.5555555555555,3,84001,810,1.125,32.70556640625
5000,9,555.5555555555555,3,84001,840,1.1666666666666667,32.31318664550781
5000,9,555.5555555555555,3,84001,870,1.2083333333333333,31.67634391784668
5000,9,555.5555555555555,3,84001,900,1.25,31.004791259765625
5000,9,555.5555555555555,3,84001,930,1.2916666666666667,30.21708106994629
5000,9,555.5555555555555,3,84001,960,1.3333333333333333,29.49797821044922
5000,9,555.5555555555555,3,84001,990,1.375,28.774011611938477
5000,9,555.5555555555555,3,84001,1020,1.4166666666666667,27.920969009399414
5000,9,555.5555555555555,3,84001,1050,1.4583333333333333,27.123699188232422
5000,9,555.5555555555555,3,84001,1080,1.5,26.31487274169922
5000,9,555.5555555555555,3,84001,1110,1.5416666666666667,25.41071128845215
5000,9,555.5555555555555,3,84001,1140,1.5833333333333333,24.45604133605957
5000,9,555.5555555555555,3,84001,1170,1.625,23.343154907226562
5000,9,555.5555555555555,3,84001,1200,1.6666666666666667,22.620359420776367
5000,9,555.5555555555555,3,84001,1230,1.7083333333333333,22.068389892578125
5000,9,555.5555555555555,3,84001,1260,1.75,21.660612106323242
5000,9,555.5555555555555,3,84001,1290,1.7916666666666667,21.471715927124023
5000,9,555.5555555555555,3,84001,1320,1.8333333333333333,21.222078323364258
5000,9,555.5555555555555,3,84001,1350,1.875,20.759538650512695
5000,9,555.5555555555555,3,84001,1380,1.9166666666666667,20.233915328979492
5000,9,555.5555555555555,3,84001,1410,1.9583333333333333,19.676856994628906
5000,9,555.5555555555555,3,84001,1440,2.0,19.053340911865234
5000,9,555.5555555555555,3,84001,1470,2.0416666666666665,18.307527542114258
5000,9,555.5555555555555,3,84001,1500,2.0833333333333335,17.563980102539062
5000,9,555.5555555555555,3,84001,1530,2.125,16.861236572265625
5000,9,555.5555555555555,3,84001,1560,2.1666666666666665,16.143712997436523
5000,9,555.5555555555555,3,84001,1590,2.2083333333333335,15.65007495880127
5000,9,555.5555555555555,3,84001,1620,2.25,15.163959503173828
5000,9,555.5555555555555,3,84001,1650,2.2916666666666665,14.911796569824219
5000,9,555.5555555555555,3,84001,1680,2.3333333333333335,14.727117538452148
5000,9,555.5555555555555,3,84001,1710,2.375,14.610062599182129
5000,9,555.5555555555555,3,84001,1740,2.4166666666666665,14.334050178527832
5000,9,555.5555555555555,3,84001,1770,2.4583333333333335,14.02009391784668
5000,9,555.5555555555555,3,84001,1800,2.5,13.794065475463867
5000,9,555.5555555555555,3,84001,1830,2.5416666666666665,13.423632621765137
5000,9,555.5555555555555,3,84001,1860,2.5833333333333335,12.981856346130371
5000,9,555.5555555555555,3,84001,1890,2.625,12.633678436279297
5000,9,555.5555555555555,3,84001,1920,2.6666666666666665,12.375189781188965
5000,9,555.5555555555555,3,84001,1950,2.7083333333333335,12.180659294128418
5000,9,555.5555555555555,3,84001,1980,2.75,12.119277954101562
5000,9,555.5555555555555,3,84001,2010,2.7916666666666665,11.973031997680664
5000,9,555.5555555555555,3,84001,2040,2.8333333333333335,11.874429702758789
5000,9,555.5555555555555,3,84001,2070,2.875,11.71056079864502
5000,9,555.5555555555555,3,84001,2100,2.9166666666666665,11.579755783081055
5000,9,555.5555555555555,3,84001,2130,2.9583333333333335,11.26805305480957
5000,9,555.5555555555555,3,84001,2160,3.0,11.043365478515625
5000,9,555.5555555555555,3,84001,2190,3.0416666666666665,10.798566818237305
5000,9,555.5555555555555,3,84001,2220,3.0833333333333335,10.34099006652832
5000,9,555.5555555555555,3,84001,2250,3.125,9.886954307556152
5000,9,555.5555555555555,3,84001,2280,3.1666666666666665,9.657815933227539
5000,9,555.5555555555555,3,84001,2310,3.2083333333333335,9.223955154418945
5000,9,555.5555555555555,3,84001,2340,3.25,8.887911796569824
5000,9,555.5555555555555,3,84001,2370,3.2916666666666665,8.717866897583008
5000,9,555.5555555555555,3,84001,2400,3.3333333333333335,8.534113883972168
5000,9,555.5555555555555,3,84001,2430,3.375,8.454307556152344
5000,9,555.5555555555555,3,84001,2460,3.4166666666666665,8.454315185546875
5000,9,555.5555555555555,3,84001,2490,3.4583333333333335,8.341106414794922
5000,9,555.5555555555555,3,84001,2520,3.5,8.324520111083984
5000,9,555.5555555555555,3,84001,2550,3.5416666666666665,8.316990852355957
5000,9,555.5555555555555,3,84001,2580,3.5833333333333335,8.357773780822754
5000,9,555.5555555555555,3,84001,2610,3.625,8.333096504211426
5000,9,555.5555555555555,3,84001,2640,3.6666666666666665,8.380697250366211
5000,9,555.5555555555555,3,84001,2670,3.7083333333333335,8.430359840393066
5000,9,555.5555555555555,3,84001,2700,3.75,8.438861846923828
5000,9,555.5555555555555,3,84001,2730,3.7916666666666665,8.469587326049805
5000,9,555.5555555555555,3,84001,2760,3.8333333333333335,8.556337356567383
5000,9,555.5555555555555,3,84001,2790,3.875,8.627281188964844
5000,9,555.5555555555555,3,84001,2820,3.9166666666666665,8.681053161621094
5000,9,555.5555555555555,3,84001,2850,3.9583333333333335,8.671359062194824
5000,9,555.5555555555555,3,84001,2880,4.0,8.734539031982422
5000,9,555.5555555555555,3,84001,2910,4.041666666666667,8.77518081665039
5000,9,555.5555555555555,3,84001,2940,4.083333333333333,8.793639183044434
5000,9,555.5555555555555,3,84001,2970,4.125,8.834569931030273
5000,9,555.5555555555555,3,84001,3000,4.166666666666667,8.860651969909668
5000,9,555.5555555555555,3,84001,3030,4.208333333333333,8.969721794128418
5000,9,555.5555555555555,3,84001,3060,4.25,8.95930004119873
5000,9,555.5555555555555,3,84001,3090,4.291666666666667,9.021063804626465
5000,9,555.5555555555555,3,84001,3120,4.333333333333333,9.039481163024902
5000,9,555.5555555555555,3,84001,3150,4.375,9.07385540008545
5000,9,555.5555555555555,3,84001,3180,4.416666666666667,9.029034614562988
5000,9,555.5555555555555,3,84001,3210,4.458333333333333,9.019172668457031
5000,9,555.5555555555555,3,84001,3240,4.5,8.980687141418457
5000,9,555.5555555555555,3,84001,3270,4.541666666666667,8.989153861999512
5000,9,555.5555555555555,3,84001,3300,4.583333333333333,8.90967845916748
5000,9,555.5555555555555,3,84001,3330,4.625,8.916695594787598
5000,9,555.5555555555555,3,84001,3360,4.666666666666667,8.857965469360352
5000,9,555.5555555555555,3,84001,3390,4.708333333333333,8.830902099609375
5000,9,555.5555555555555,3,84001,3420,4.75,8.897615432739258
5000,9,555.5555555555555,3,84001,3450,4.791666666666667,8.90793514251709
5000,9,555.5555555555555,3,84001,3480,4.833333333333333,8.903826713562012
5000,9,555.5555555555555,3,84001,3510,4.875,8.931419372558594
5000,9,555.5555555555555,3,84001,3540,4.916666666666667,8.918437004089355
5000,9,555.5555555555555,3,84001,3570,4.958333333333333,8.933202743530273
5000,9,555.5555555555555,3,84001,3600,5.0,8.910429000854492
5000,9,555.5555555555555,4,84001,0,0.0,20.08378791809082
5000,9,555.5555555555555,4,84001,30,0.041666666666666664,19.443925857543945
5000,9,555.5555555555555,4,84001,60,0.08333333333333333,18.92963409423828
5000,9,555.5555555555555,4,84001,90,0.125,18.097314834594727
5000,9,555.5555555555555,4,84001,120,0.16666666666666666,17.14639663696289
5000,9,555.5555555555555,4,84001,150,0.20833333333333334,16.125335693359375
5000,9,555.5555555555555,4,84001,180,0.25,15.650343894958496
5000,9,555.5555555555555,4,84001,210,0.2916666666666667,16.62972068786621
5000,9,555.5555555555555,4,84001,240,0.3333333333333333,18.466135025024414
5000,9,555.5555555555555,4,84001,270,0.375,20.324068069458008
5000,9,555.5555555555555,4,84001,300,0.4166666666666667,21.91987419128418
5000,9,555.5555555555555,4,84001,330,0.4583333333333333,23.23284339904785
5000,9,555.5555555555555,4,84001,360,0.5,24.10468292236328
5000,9,555.5555555555555,4,84001,390,0.5416666666666666,24.7952880859375
5000,9,555.5555555555555,4,84001,420,0.5833333333333334,25.12367820739746
5000,9,555.5555555555555,4,84001,450,0.625,25.330148696899414
5000,9,555.5555555555555,4,84001,480,0.6666666666666666,25.522857666015625
5000,9,555.5555555555555,4,84001,510,0.7083333333333334,25.585769653320312
5000,9,555.5555555555555,4,84001,540,0.75,25.968528747558594
5000,9,555.5555555555555,4,84001,570,0.7916666666666666,26.164342880249023
5000,9,555.5555555555555,4,84001,600,0.8333333333333334,26.763668060302734
5000,9,555.5555555555555,4,84001,630,0.875,27.412105560302734
5000,9,555.5555555555555,4,84001,660,0.9166666666666666,28.550134658813477
5000,9,555.5555555555555,4,84001,690,0.9583333333333334,29.90743064880371
5000,9,555.5555555555555,4,84001,720,1.0,31.076581954956055
5000,9,555.5555555555555,4,84001,750,1.0416666666666667,31.93072509765625
5000,9,555.5555555555555,4,84001,780,1.0833333333333333,32.43974304199219
5000,9,555.5555555555555,4,84001,810,1.125,32.561641693115234
5000,9,555.5555555555555,4,84001,840,1.1666666666666667,32.1676139831543
5000,9,555.5555555555555,4,84001,870,1.2083333333333333,31.531200408935547
5000,9,555.5555555555555,4,84001,900,1.25,30.69596290588379
5000,9,555.5555555555555,4,84001,930,1.2916666666666667,30.04056167602539
5000,9,555.5555555555555,4,84001,960,1.3333333333333333,29.321006774902344
5000,9,555.5555555555555,4,84001,990,1.375,28.61745262145996
5000,9,555.5555555555555,4,84001,1020,1.4166666666666667,27.964412689208984
5000,9,555.5555555555555,4,84001,1050,1.4583333333333333,27.389141082763672
5000,9,555.5555555555555,4,84001,1080,1.5,26.603862762451172
5000,9,555.5555555555555,4,84001,1110,1.5416666666666667,25.454425811767578
5000,9,555.5555555555555,4,84001,1140,1.5833333333333333,24.460205078125
5000,9,555.5555555555555,4,84001,1170,1.625,23.563337326049805
5000,9,555.5555555555555,4,84001,1200,1.6666666666666667,22.80406951904297
5000,9,555.5555555555555,4,84001,1230,1.7083333333333333,22.184213638305664
5000,9,555.5555555555555,4,84001,1260,1.75,21.84048843383789
5000,9,555.5555555555555,4,84001,1290,1.7916666666666667,21.5744571685791
5000,9,555.5555555555555,4,84001,1320,1.8333333333333333,21.277698516845703
5000,9,555.5555555555555,4,84001,1350,1.875,20.495512008666992
5000,9,555.5555555555555,4,84001,1380,1.9166666666666667,19.829984664916992
5000,9,555.5555555555555,4,84001,1410,1.9583333333333333,19.377918243408203
5000,9,555.5555555555555,4,84001,1440,2.0,18.5096492767334
5000,9,555.5555555555555,4,84001,1470,2.0416666666666665,17.889368057250977
5000,9,555.5555555555555,4,84001,1500,2.0833333333333335,16.98912811279297
5000,9,555.5555555555555,4,84001,1530,2.125,16.11420249938965
5000,9,555.5555555555555,4,84001,1560,2.1666666666666665,15.613865852355957
5000,9,555.5555555555555,4,84001,1590,2.2083333333333335,15.113667488098145
5000,9,555.5555555555555,4,84001,1620,2.25,14.680665969848633
5000,9,555.5555555555555,4,84001,1650,2.2916666666666665,14.637166023254395
5000,9,555.5555555555555,4,84001,1680,2.3333333333333335,14.435262680053711
5000,9,555.5555555555555,4,84001,1710,2.375,14.292452812194824
5000,9,555.5555555555555,4,84001,1740,2.4166666666666665,14.025090217590332
5000,9,555.5555555555555,4,84001,1770,2.4583333333333335,13.826974868774414
5000,9,555.5555555555555,4,84001,1800,2.5,13.569367408752441
5000,9,555.5555555555555,4,84001,1830,2.5416666666666665,12.947256088256836
5000,9,555.5555555555555,4,84001,1860,2.5833333333333335,12.382545471191406
5000,9,555.5555555555555,4,84001,1890,2.625,12.049565315246582
5000,9,555.5555555555555,4,84001,1920,2.6666666666666665,11.777767181396484
5000,9,555.5555555555555,4,84001,1950,2.7083333333333335,11.668295860290527
5000,9,555.5555555555555,4,84001,1980,2.75,11.560873031616211
5000,9,555.5555555555555,4,84001,2010,2.7916666666666665,11.427448272705078
5000,9,555.5555555555555,4,84001,2040,2.8333333333333335,11.290840148925781
5000,9,555.5555555555555,4,84001,2070,2.875,11.1092529296875
5000,9,555.5555555555555,4,84001,2100,2.9166666666666665,11.025988578796387
5000,9,555.5555555555555,4,84001,2130,2.9583333333333335,10.771951675415039
5000,9,555.5555555555555,4,84001,2160,3.0,10.502534866333008
5000,9,555.5555555555555,4,84001,2190,3.0416666666666665,10.186532974243164
5000,9,555.5555555555555,4,84001,2220,3.0833333333333335,9.603150367736816
5000,9,555.5555555555555,4,84001,2250,3.125,9.054927825927734
5000,9,555.5555555555555,4,84001,2280,3.1666666666666665,8.650090217590332
5000,9,555.5555555555555,4,84001,2310,3.2083333333333335,8.44357681274414
5000,9,555.5555555555555,4,84001,2340,3.25,8.284632682800293
5000,9,555.5555555555555,4,84001,2370,3.2916666666666665,8.223671913146973
5000,9,555.5555555555555,4,84001,2400,3.3333333333333335,8.157285690307617
5000,9,555.5555555555555,4,84001,2430,3.375,8.182140350341797
5000,9,555.5555555555555,4,84001,2460,3.4166666666666665,8.138518333435059
5000,9,555.5555555555555,4,84001,2490,3.4583333333333335,8.163528442382812
5000,9,555.5555555555555,4,84001,2520,3.5,8.14222526550293
5000,9,555.5555555555555,4,84001,2550,3.5416666666666665,8.173078536987305
5000,9,555.5555555555555,4,84001,2580,3.5833333333333335,8.204378128051758
5000,9,555.5555555555555,4,84001,2610,3.625,8.250455856323242
5000,9,555.5555555555555,4,84001,2640,3.6666666666666665,8.268440246582031
5000,9,555.5555555555555,4,84001,2670,3.7083333333333335,8.327051162719727
5000,9,555.5555555555555,4,84001,2700,3.75,8.426666259765625
5000,9,555.5555555555555,4,84001,2730,3.7916666666666665,8.468668937683105
5000,9,555.5555555555555,4,84001,2760,3.8333333333333335,8.461864471435547
5000,9,555.5555555555555,4,84001,2790,3.875,8.51097297668457
5000,9,555.5555555555555,4,84001,2820,3.9166666666666665,8.575854301452637
5000,9,555.5555555555555,4,84001,2850,3.9583333333333335,8.62615966796875
5000,9,555.5555555555555,4,84001,2880,4.0,8.654546737670898
5000,9,555.5555555555555,4,84001,2910,4.041666666666667,8.656929969787598
5000,9,555.5555555555555,4,84001,2940,4.083333333333333,8.699931144714355
5000,9,555.5555555555555,4,84001,2970,4.125,8.782731056213379
5000,9,555.5555555555555,4,84001,3000,4.166666666666667,8.810234069824219
5000,9,555.5555555555555,4,84001,3030,4.208333333333333,8.815540313720703
5000,9,555.5555555555555,4,84001,3060,4.25,8.836865425109863
5000,9,555.5555555555555,4,84001,3090,4.291666666666667,8.900911331176758
5000,9,555.5555555555555,4,84001,3120,4.333333333333333,8.937801361083984
5000,9,555.5555555555555,4,84001,3150,4.375,8.969880104064941
5000,9,555.5555555555555,4,84001,3180,4.416666666666667,8.952311515808105
5000,9,555.5555555555555,4,84001,3210,4.458333333333333,8.878525733947754
5000,9,555.5555555555555,4,84001,3240,4.5,8.8788480758667
5000,9,555.5555555555555,4,84001,3270,4.541666666666667,8.725834846496582
5000,9,555.5555555555555,4,84001,3300,4.583333333333333,8.805869102478027
5000,9,555.5555555555555,4,84001,3330,4.625,8.729795455932617
5000,9,555.5555555555555,4,84001,3360,4.666666666666667,8.730379104614258
5000,9,555.5555555555555,4,84001,3390,4.708333333333333,8.756464958190918
5000,9,555.5555555555555,4,84001,3420,4.75,8.76733684539795
5000,9,555.5555555555555,4,84001,3450,4.791666666666667,8.78217887878418
5000,9,555.5555555555555,4,84001,3480,4.833333333333333,8.782831192016602
5000,9,555.5555555555555,4,84001,3510,4.875,8.769170761108398
5000,9,555.5555555555555,4,84001,3540,4.916666666666667,8.781412124633789
5000,9,555.5555555555555,4,84001,3570,4.958333333333333,8.775687217712402
5000,9,555.5555555555555,4,84001,3600,5.0,8.740620613098145
5000,9,555.5555555555555,5,84001,0,0.0,19.90447425842285
5000,9,555.5555555555555,5,84001,30,0.041666666666666664,19.23910140991211
5000,9,555.5555555555555,5,84001,60,0.08333333333333333,18.68707847595215
5000,9,555.5555555555555,5,84001,90,0.125,17.91681480407715
5000,9,555.5555555555555,5,84001,120,0.16666666666666666,16.96293830871582
5000,9,555.5555555555555,5,84001,150,0.20833333333333334,15.92789363861084
5000,9,555.5555555555555,5,84001,180,0.25,15.51562213897705
5000,9,555.5555555555555,5,84001,210,0.2916666666666667,16.488420486450195
5000,9,555.5555555555555,5,84001,240,0.3333333333333333,18.29927635192871
5000,9,555.5555555555555,5,84001,270,0.375,20.08174705505371
5000,9,555.5555555555555,5,84001,300,0.4166666666666667,21.6175594329834
5000,9,555.5555555555555,5,84001,330,0.4583333333333333,22.785072326660156
5000,9,555.5555555555555,5,84001,360,0.5,23.81366539001465
5000,9,555.5555555555555,5,84001,390,0.5416666666666666,24.519271850585938
5000,9,555.5555555555555,5,84001,420,0.5833333333333334,24.869321823120117
5000,9,555.5555555555555,5,84001,450,0.625,25.01620864868164
5000,9,555.5555555555555,5,84001,480,0.6666666666666666,25.085493087768555
5000,9,555.5555555555555,5,84001,510,0.7083333333333334,25.372108459472656
5000,9,555.5555555555555,5,84001,540,0.75,25.826967239379883
5000,9,555.5555555555555,5,84001,570,0.7916666666666666,26.19483757019043
5000,9,555.5555555555555,5,84001,600,0.8333333333333334,26.76407814025879
5000,9,555.5555555555555,5,84001,630,0.875,27.520565032958984
5000,9,555.5555555555555,5,84001,660,0.9166666666666666,28.440481185913086
5000,9,555.5555555555555,5,84001,690,0.9583333333333334,29.617443084716797
5000,9,555.5555555555555,5,84001,720,1.0,30.800580978393555
5000,9,555.5555555555555,5,84001,750,1.0416666666666667,31.371280670166016
5000,9,555.5555555555555,5,84001,780,1.0833333333333333,31.761499404907227
5000,9,555.5555555555555,5,84001,810,1.125,31.907712936401367
5000,9,555.5555555555555,5,84001,840,1.1666666666666667,31.590303421020508
5000,9,555.5555555555555,5,84001,870,1.2083333333333333,31.054365158081055
5000,9,555.5555555555555,5,84001,900,1.25,30.376747131347656
5000,9,555.5555555555555,5,84001,930,1.2916666666666667,29.77971839904785
5000,9,555.5555555555555,5,84001,960,1.3333333333333333,29.06096839904785
5000,9,555.5555555555555,5,84001,990,1.375,28.378328323364258
5000,9,555.5555555555555,5,84001,1020,1.4166666666666667,27.702144622802734
5000,9,555.5555555555555,5,84001,1050,1.4583333333333333,26.796371459960938
5000,9,555.5555555555555,5,84001,1080,1.5,25.919828414916992
5000,9,555.5555555555555,5,84001,1110,1.5416666666666667,25.074085235595703
5000,9,555.5555555555555,5,84001,1140,1.5833333333333333,23.90522575378418
5000,9,555.5555555555555,5,84001,1170,1.625,23.078615188598633
5000,9,555.5555555555555,5,84001,1200,1.6666666666666667,22.358951568603516
5000,9,555.5555555555555,5,84001,1230,1.7083333333333333,21.69838523864746
5000,9,555.5555555555555,5,84001,1260,1.75,21.39565086364746
5000,9,555.5555555555555,5,84001,1290,1.7916666666666667,21.19495391845703
5000,9,555.5555555555555,5,84001,1320,1.8333333333333333,20.5635929107666
5000,9,555.5555555555555,5,84001,1350,1.875,19.845855712890625
5000,9,555.5555555555555,5,84001,1380,1.9166666666666667,19.135570526123047
5000,9,555.5555555555555,5,84001,1410,1.9583333333333333,18.42249298095703
5000,9,555.5555555555555,5,84001,1440,2.0,18.109081268310547
5000,9,555.5555555555555,5,84001,1470,2.0416666666666665,17.407058715820312
5000,9,555.5555555555555,5,84001,1500,2.0833333333333335,16.66184425354004
5000,9,555.5555555555555,5,84001,1530,2.125,16.067214965820312
5000,9,555.5555555555555,5,84001,1560,2.1666666666666665,15.486984252929688
5000,9,555.5555555555555,5,84001,1590,2.2083333333333335,14.944548606872559
5000,9,555.5555555555555,5,84001,1620,2.25,14.664349555969238
5000,9,555.5555555555555,5,84001,1650,2.2916666666666665,14.250511169433594
5000,9,555.5555555555555,5,84001,1680,2.3333333333333335,14.125467300415039
5000,9,555.5555555555555,5,84001,1710,2.375,14.045768737792969
5000,9,555.5555555555555,5,84001,1740,2.4166666666666665,13.9383544921875
5000,9,555.5555555555555,5,84001,1770,2.4583333333333335,13.62763786315918
5000,9,555.5555555555555,5,84001,1800,2.5,13.240973472595215
5000,9,555.5555555555555,5,84001,1830,2.5416666666666665,12.889123916625977
5000,9,555.5555555555555,5,84001,1860,2.5833333333333335,12.522421836853027
5000,9,555.5555555555555,5,84001,1890,2.625,12.162460327148438
5000,9,555.5555555555555,5,84001,1920,2.6666666666666665,11.778844833374023
5000,9,555.5555555555555,5,84001,1950,2.7083333333333335,11.54104995727539
5000,9,555.5555555555555,5,84001,1980,2.75,11.378917694091797
5000,9,555.5555555555555,5,84001,2010,2.7916666666666665,11.255242347717285
5000,9,555.5555555555555,5,84001,2040,2.8333333333333335,11.001748085021973
5000,9,555.5555555555555,5,84001,2070,2.875,10.880995750427246
5000,9,555.5555555555555,5,84001,2100,2.9166666666666665,10.58806037902832
5000,9,555.5555555555555,5,84001,2130,2.9583333333333335,10.300189018249512
5000,9,555.5555555555555,5,84001,2160,3.0,10.07905101776123
5000,9,555.5555555555555,5,84001,2190,3.0416666666666665,9.630284309387207
5000,9,555.5555555555555,5,84001,2220,3.0833333333333335,9.36307144165039
5000,9,555.5555555555555,5,84001,2250,3.125,9.023456573486328
5000,9,555.5555555555555,5,84001,2280,3.1666666666666665,8.700106620788574
5000,9,555.5555555555555,5,84001,2310,3.2083333333333335,8.477426528930664
5000,9,555.5555555555555,5,84001,2340,3.25,8.227079391479492
5000,9,555.5555555555555,5,84001,2370,3.2916666666666665,8.070608139038086
5000,9,555.5555555555555,5,84001,2400,3.3333333333333335,8.010396957397461
5000,9,555.5555555555555,5,84001,2430,3.375,7.983638286590576
5000,9,555.5555555555555,5,84001,2460,3.4166666666666665,7.968501567840576
5000,9,555.5555555555555,5,84001,2490,3.4583333333333335,7.948126792907715
5000,9,555.5555555555555,5,84001,2520,3.5,7.939321994781494
5000,9,555.5555555555555,5,84001,2550,3.5416666666666665,7.937064170837402
5000,9,555.5555555555555,5,84001,2580,3.5833333333333335,7.958815574645996
5000,9,555.5555555555555,5,84001,2610,3.625,8.091798782348633
5000,9,555.5555555555555,5,84001,2640,3.6666666666666665,8.106531143188477
5000,9,555.5555555555555,5,84001,2670,3.7083333333333335,8.12975788116455
5000,9,555.5555555555555,5,84001,2700,3.75,8.207676887512207
5000,9,555.5555555555555,5,84001,2730,3.7916666666666665,8.270312309265137
5000,9,555.5555555555555,5,84001,2760,3.8333333333333335,8.28324031829834
5000,9,555.5555555555555,5,84001,2790,3.875,8.313953399658203
5000,9,555.5555555555555,5,84001,2820,3.9166666666666665,8.318078994750977
5000,9,555.5555555555555,5,84001,2850,3.9583333333333335,8.382601737976074
5000,9,555.5555555555555,5,84001,2880,4.0,8.414606094360352
5000,9,555.5555555555555,5,84001,2910,4.041666666666667,8.438532829284668
5000,9,555.5555555555555,5,84001,2940,4.083333333333333,8.529212951660156
5000,9,555.5555555555555,5,84001,2970,4.125,8.52756404876709
5000,9,555.5555555555555,5,84001,3000,4.166666666666667,8.585254669189453
5000,9,555.5555555555555,5,84001,3030,4.208333333333333,8.64380931854248
5000,9,555.5555555555555,5,84001,3060,4.25,8.660564422607422
5000,9,555.5555555555555,5,84001,3090,4.291666666666667,8.686784744262695
5000,9,555.5555555555555,5,84001,3120,4.333333333333333,8.717397689819336
5000,9,555.5555555555555,5,84001,3150,4.375,8.730208396911621
5000,9,555.5555555555555,5,84001,3180,4.416666666666667,8.738677024841309
5000,9,555.5555555555555,5,84001,3210,4.458333333333333,8.673212051391602
5000,9,555.5555555555555,5,84001,3240,4.5,8.664202690124512
5000,9,555.5555555555555,5,84001,3270,4.541666666666667,8.61054801940918
5000,9,555.5555555555555,5,84001,3300,4.583333333333333,8.526235580444336
5000,9,555.5555555555555,5,84001,3330,4.625,8.582283020019531
5000,9,555.5555555555555,5,84001,3360,4.666666666666667,8.514686584472656
5000,9,555.5555555555555,5,84001,3390,4.708333333333333,8.53018856048584
5000,9,555.5555555555555,5,84001,3420,4.75,8.571541786193848
5000,9,555.5555555555555,5,84001,3450,4.791666666666667,8.607573509216309
5000,9,555.5555555555555,5,84001,3480,4.833333333333333,8.559602737426758
5000,9,555.5555555555555,5,84001,3510,4.875,8.577628135681152
5000,9,555.5555555555555,5,84001,3540,4.916666666666667,8.490994453430176
5000,9,555.5555555555555,5,84001,3570,4.958333333333333,8.505477905273438
5000,9,555.5555555555555,5,84001,3600,5.0,8.525725364685059
5000,12,416.6666666666667,0,84000,0,0.0,19.773012161254883
5000,12,416.6666666666667,0,84000,30,0.041666666666666664,18.79966163635254
5000,12,416.6666666666667,0,84000,60,0.08333333333333333,17.914865493774414
5000,12,416.6666666666667,0,84000,90,0.125,16.803508758544922
5000,12,416.6666666666667,0,84000,120,0.16666666666666666,15.520021438598633
5000,12,416.6666666666667,0,84000,150,0.20833333333333334,14.270380973815918
5000,12,416.6666666666667,0,84000,180,0.25,13.664466857910156
5000,12,416.6666666666667,0,84000,210,0.2916666666666667,14.185497283935547
5000,12,416.6666666666667,0,84000,240,0.3333333333333333,15.278942108154297
5000,12,416.6666666666667,0,84000,270,0.375,16.310625076293945
5000,12,416.6666666666667,0,84000,300,0.4166666666666667,16.771387100219727
5000,12,416.6666666666667,0,84000,330,0.4583333333333333,16.931781768798828
5000,12,416.6666666666667,0,84000,360,0.5,16.732929229736328
5000,12,416.6666666666667,0,84000,390,0.5416666666666666,16.114505767822266
5000,12,416.6666666666667,0,84000,420,0.5833333333333334,15.541909217834473
5000,12,416.6666666666667,0,84000,450,0.625,14.802947998046875
5000,12,416.6666666666667,0,84000,480,0.6666666666666666,14.63312816619873
5000,12,416.6666666666667,0,84000,510,0.7083333333333334,14.930140495300293
5000,12,416.6666666666667,0,84000,540,0.75,15.370101928710938
5000,12,416.6666666666667,0,84000,570,0.7916666666666666,15.672706604003906
5000,12,416.6666666666667,0,84000,600,0.8333333333333334,15.722477912902832
5000,12,416.6666666666667,0,84000,630,0.875,15.497843742370605
5000,12,416.6666666666667,0,84000,660,0.9166666666666666,15.060155868530273
5000,12,416.6666666666667,0,84000,690,0.9583333333333334,14.071710586547852
5000,12,416.6666666666667,0,84000,720,1.0,12.651616096496582
5000,12,416.6666666666667,0,84000,750,1.0416666666666667,10.9735107421875
5000,12,416.6666666666667,0,84000,780,1.0833333333333333,9.164420127868652
5000,12,416.6666666666667,0,84000,810,1.125,7.388249397277832
5000,12,416.6666666666667,0,84000,840,1.1666666666666667,5.6146111488342285
5000,12,416.6666666666667,0,84000,870,1.2083333333333333,4.059050559997559
5000,12,416.6666666666667,0,84000,900,1.25,2.8058488368988037
5000,12,416.6666666666667,0,84000,930,1.2916666666666667,2.0254878997802734
5000,12,416.6666666666667,0,84000,960,1.3333333333333333,1.7635048627853394
5000,12,416.6666666666667,0,84000,990,1.375,1.5887930393218994
5000,12,416.6666666666667,0,84000,1020,1.4166666666666667,1.6105917692184448
5000,12,416.6666666666667,0,84000,1050,1.4583333333333333,1.612627387046814
5000,12,416.6666666666667,0,84000,1080,1.5,1.6047614812850952
5000,12,416.6666666666667,0,84000,1110,1.5416666666666667,1.570434808731079
5000,12,416.6666666666667,0,84000,1140,1.5833333333333333,1.474413275718689
5000,12,416.6666666666667,0,84000,1170,1.625,1.3649685382843018
5000,12,416.6666666666667,0,84000,1200,1.6666666666666667,1.2384310960769653
5000,12,416.6666666666667,0,84000,1230,1.7083333333333333,1.1777050495147705
5000,12,416.6666666666667,0,84000,1260,1.75,0.944526195526123
5000,12,416.6666666666667,0,84000,1290,1.7916666666666667,0.9555193185806274
5000,12,416.6666666666667,0,84000,1320,1.8333333333333333,0.903113067150116
5000,12,416.6666666666667,0,84000,1350,1.875,0.9191166758537292
5000,12,416.6666666666667,0,84000,1380,1.9166666666666667,0.8604124188423157
5000,12,416.6666666666667,0,84000,1410,1.9583333333333333,0.8704908490180969
5000,12,416.6666666666667,0,84000,1440,2.0,0.8377619385719299
5000,12,416.6666666666667,0,84000,1470,2.0416666666666665,0.8319107294082642
5000,12,416.6666666666667,0,84000,1500,2.0833333333333335,0.8218045830726624
5000,12,416.6666666666667,0,84000,1530,2.125,0.822704017162323
5000,12,416.6666666666667,0,84000,1560,2.1666666666666665,0.7879043221473694
5000,12,416.6666666666667,0,84000,1590,2.2083333333333335,0.7939561009407043
5000,12,416.6666666666667,0,84000,1620,2.25,0.7823238968849182
5000,12,416.6666666666667,0,84000,1650,2.2916666666666665,0.7232072949409485
5000,12,416.6666666666667,0,84000,1680,2.3333333333333335,0.7121523022651672
5000,12,416.6666666666667,0,84000,1710,2.375,0.7277430891990662
5000,12,416.6666666666667,0,84000,1740,2.4166666666666665,0.7238283157348633
5000,12,416.6666666666667,0,84000,1770,2.4583333333333335,0.703262209892273
5000,12,416.6666666666667,0,84000,1800,2.5,0.7186770439147949
5000,12,416.6666666666667,0,84000,1830,2.5416666666666665,0.715036153793335
5000,12,416.6666666666667,0,84000,1860,2.5833333333333335,0.723796010017395
5000,12,416.6666666666667,0,84000,1890,2.625,0.7447352409362793
5000,12,416.6666666666667,0,84000,1920,2.6666666666666665,0.7442798614501953
5000,12,416.6666666666667,0,84000,1950,2.7083333333333335,0.7339828014373779
5000,12,416.6666666666667,0,84000,1980,2.75,0.7210084199905396
5000,12,416.6666666666667,0,84000,2010,2.7916666666666665,0.6996066570281982
5000,12,416.6666666666667,0,84000,2040,2.8333333333333335,0.7181228995323181
5000,12,416.6666666666667,0,84000,2070,2.875,0.716651201248169
5000,12,416.6666666666667,0,84000,2100,2.9166666666666665,0.7204674482345581
5000,12,416.6666666666667,0,84000,2130,2.9583333333333335,0.7017419934272766
5000,12,416.6666666666667,0,84000,2160,3.0,0.6961549520492554
5000,12,416.6666666666667,0,84000,2190,3.0416666666666665,0.7095261812210083
5000,12,416.6666666666667,0,84000,2220,3.0833333333333335,0.6980622410774231
5000,12,416.6666666666667,0,84000,2250,3.125,0.7074394822120667
5000,12,416.6666666666667,0,84000,2280,3.1666666666666665,0.7173738479614258
5000,12,416.6666666666667,0,84000,2310,3.2083333333333335,0.7302584648132324
5000,12,416.6666666666667,0,84000,2340,3.25,0.7385838031768799
5000,12,416.6666666666667,0,84000,2370,3.2916666666666665,0.7301015853881836
5000,12,416.6666666666667,0,84000,2400,3.3333333333333335,0.6882376670837402
5000,12,416.6666666666667,0,84000,2430,3.375,0.7194303870201111
5000,12,416.6666666666667,0,84000,2460,3.4166666666666665,0.6992065906524658
5000,12,416.6666666666667,0,84000,2490,3.4583333333333335,0.6924816370010376
5000,12,416.6666666666667,0,84000,2520,3.5,0.6972265839576721
5000,12,416.6666666666667,0,84000,2550,3.5416666666666665,0.7056543827056885
5000,12,416.6666666666667,0,84000,2580,3.5833333333333335,0.669621467590332
5000,12,416.6666666666667,0,84000,2610,3.625,0.7026746869087219
5000,12,416.6666666666667,0,84000,2640,3.6666666666666665,0.6944596171379089
5000,12,416.6666666666667,0,84000,2670,3.7083333333333335,0.6997541189193726
5000,12,416.6666666666667,0,84000,2700,3.75,0.7185196280479431
5000,12,416.6666666666667,0,84000,2730,3.7916666666666665,0.7219431400299072
5000,12,416.6666666666667,0,84000,2760,3.8333333333333335,0.7225672602653503
5000,12,416.6666666666667,0,84000,2790,3.875,0.7150239944458008
5000,12,416.6666666666667,0,84000,2820,3.9166666666666665,0.6827207803726196
5000,12,416.6666666666667,0,84000,2850,3.9583333333333335,0.7048187255859375
5000,12,416.6666666666667,0,84000,2880,4.0,0.7047638893127441
5000,12,416.6666666666667,0,84000,2910,4.041666666666667,0.6846578121185303
5000,12,416.6666666666667,0,84000,2940,4.083333333333333,0.6968148350715637
5000,12,416.6666666666667,0,84000,2970,4.125,0.6827212572097778
5000,12,416.6666666666667,0,84000,3000,4.166666666666667,0.6860653162002563
5000,12,416.6666666666667,0,84000,3030,4.208333333333333,0.7022621631622314
5000,12,416.6666666666667,0,84000,3060,4.25,0.6885959506034851
5000,12,416.6666666666667,0,84000,3090,4.291666666666667,0.6973585486412048
5000,12,416.6666666666667,0,84000,3120,4.333333333333333,0.7095693945884705
5000,12,416.6666666666667,0,84000,3150,4.375,0.7083236575126648
5000,12,416.6666666666667,0,84000,3180,4.416666666666667,0.6937359571456909
5000,12,416.6666666666667,0,84000,3210,4.458333333333333,0.6944544911384583
5000,12,416.6666666666667,0,84000,3240,4.5,0.6983487606048584
5000,12,416.6666666666667,0,84000,3270,4.541666666666667,0.6795616745948792
5000,12,416.6666666666667,0,84000,3300,4.583333333333333,0.6859955787658691
5000,12,416.6666666666667,0,84000,3330,4.625,0.702597975730896
5000,12,416.6666666666667,0,84000,3360,4.666666666666667,0.70733642578125
5000,12,416.6666666666667,0,84000,3390,4.708333333333333,0.6934519410133362
5000,12,416.6666666666667,0,84000,3420,4.75,0.6946395635604858
5000,12,416.6666666666667,0,84000,3450,4.791666666666667,0.6843335032463074
5000,12,416.6666666666667,0,84000,3480,4.833333333333333,0.6906737089157104
5000,12,416.6666666666667,0,84000,3510,4.875,0.6998707056045532
5000,12,416.6666666666667,0,84000,3540,4.916666666666667,0.7001264691352844
5000,12,416.6666666666667,0,84000,3570,4.958333333333333,0.6958268880844116
5000,12,416.6666666666667,0,84000,3600,5.0,0.6740283370018005
5000,12,416.6666666666667,1,84000,0,0.0,19.926406860351562
5000,12,416.6666666666667,1,84000,30,0.041666666666666664,18.926776885986328
5000,12,416.6666666666667,1,84000,60,0.08333333333333333,18.056970596313477
5000,12,416.6666666666667,1,84000,90,0.125,16.981544494628906
5000,12,416.6666666666667,1,84000,120,0.16666666666666666,15.699872016906738
5000,12,416.6666666666667,1,84000,150,0.20833333333333334,14.454987525939941
5000,12,416.6666666666667,1,84000,180,0.25,13.842650413513184
5000,12,416.6666666666667,1,84000,210,0.2916666666666667,14.341919898986816
5000,12,416.6666666666667,1,84000,240,0.3333333333333333,15.458301544189453
5000,12,416.6666666666667,1,84000,270,0.375,16.38629150390625
5000,12,416.6666666666667,1,84000,300,0.4166666666666667,16.975418090820312
5000,12,416.6666666666667,1,84000,330,0.4583333333333333,17.043190002441406
5000,12,416.6666666666667,1,84000,360,0.5,16.834980010986328
5000,12,416.6666666666667,1,84000,390,0.5416666666666666,16.35970687866211
5000,12,416.6666666666667,1,84000,420,0.5833333333333334,15.538840293884277
5000,12,416.6666666666667,1,84000,450,0.625,15.069607734680176
5000,12,416.6666666666667,1,84000,480,0.6666666666666666,14.8115873336792
5000,12,416.6666666666667,1,84000,510,0.7083333333333334,14.977717399597168
5000,12,416.6666666666667,1,84000,540,0.75,15.405468940734863
5000,12,416.6666666666667,1,84000,570,0.7916666666666666,15.8816499710083
5000,12,416.6666666666667,1,84000,600,0.8333333333333334,16.137548446655273
5000,12,416.6666666666667,1,84000,630,0.875,16.042470932006836
5000,12,416.6666666666667,1,84000,660,0.9166666666666666,15.604628562927246
5000,12,416.6666666666667,1,84000,690,0.9583333333333334,14.63627815246582
5000,12,416.6666666666667,1,84000,720,1.0,13.317483901977539
5000,12,416.6666666666667,1,84000,750,1.0416666666666667,11.761489868164062
5000,12,416.6666666666667,1,84000,780,1.0833333333333333,9.910712242126465
5000,12,416.6666666666667,1,84000,810,1.125,7.9995951652526855
5000,12,416.6666666666667,1,84000,840,1.1666666666666667,5.958914279937744
5000,12,416.6666666666667,1,84000,870,1.2083333333333333,4.041513442993164
5000,12,416.6666666666667,1,84000,900,1.25,2.6934289932250977
5000,12,416.6666666666667,1,84000,930,1.2916666666666667,2.049907922744751
5000,12,416.6666666666667,1,84000,960,1.3333333333333333,1.699314832687378
5000,12,416.6666666666667,1,84000,990,1.375,1.6080913543701172
5000,12,416.6666666666667,1,84000,1020,1.4166666666666667,1.6012403964996338
5000,12,416.6666666666667,1,84000,1050,1.4583333333333333,1.5942186117172241
5000,12,416.6666666666667,1,84000,1080,1.5,1.5875986814498901
5000,12,416.6666666666667,1,84000,1110,1.5416666666666667,1.5363248586654663
5000,12,416.6666666666667,1,84000,1140,1.5833333333333333,1.459356427192688
5000,12,416.6666666666667,1,84000,1170,1.625,1.3830903768539429
5000,12,416.6666666666667,1,84000,1200,1.6666666666666667,1.2450734376907349
5000,12,416.6666666666667,1,84000,1230,1.7083333333333333,1.1561882495880127
5000,12,416.6666666666667,1,84000,1260,1.75,1.1259419918060303
5000,12,416.6666666666667,1,84000,1290,1.7916666666666667,0.9444483518600464
5000,12,416.6666666666667,1,84000,1320,1.8333333333333333,0.9450803995132446
5000,12,416.6666666666667,1,84000,1350,1.875,0.9403795003890991
5000,12,416.6666666666667,1,84000,1380,1.9166666666666667,0.9063697457313538
5000,12,416.6666666666667,1,84000,1410,1.9583333333333333,0.8921523690223694
5000,12,416.6666666666667,1,84000,1440,2.0,0.8851904273033142
5000,12,416.6666666666667,1,84000,1470,2.0416666666666665,0.9001010060310364
5000,12,416.6666666666667,1,84000,1500,2.0833333333333335,0.8907531499862671
5000,12,416.6666666666667,1,84000,1530,2.125,0.8797084093093872
5000,12,416.6666666666667,1,84000,1560,2.1666666666666665,0.8792898654937744
5000,12,416.6666666666667,1,84000,1590,2.2083333333333335,0.8696841597557068
5000,12,416.6666666666667,1,84000,1620,2.25,0.8663625121116638
5000,12,416.6666666666667,1,84000,1650,2.2916666666666665,0.8464783430099487
5000,12,416.6666666666667,1,84000,1680,2.3333333333333335,0.7959182858467102
5000,12,416.6666666666667,1,84000,1710,2.375,0.8044881820678711
5000,12,416.6666666666667,1,84000,1740,2.4166666666666665,0.7789953351020813
5000,12,416.6666666666667,1,84000,1770,2.4583333333333335,0.813346266746521
5000,12,416.6666666666667,1,84000,1800,2.5,0.8083013296127319
5000,12,416.6666666666667,1,84000,1830,2.5416666666666665,0.7957583069801331
5000,12,416.6666666666667,1,84000,1860,2.5833333333333335,0.8253191113471985
5000,12,416.6666666666667,1,84000,1890,2.625,0.8330725431442261
5000,12,416.6666666666667,1,84000,1920,2.6666666666666665,0.8324548006057739
5000,12,416.6666666666667,1,84000,1950,2.7083333333333335,0.8359360098838806
5000,12,416.6666666666667,1,84000,1980,2.75,0.8322394490242004
5000,12,416.6666666666667,1,84000,2010,2.7916666666666665,0.8263854384422302
5000,12,416.6666666666667,1,84000,2040,2.8333333333333335,0.802574872970581
5000,12,416.6666666666667,1,84000,2070,2.875,0.8028184771537781
5000,12,416.6666666666667,1,84000,2100,2.9166666666666665,0.7912262678146362
5000,12,416.6666666666667,1,84000,2130,2.9583333333333335,0.7433351278305054
5000,12,416.6666666666667,1,84000,2160,3.0,0.7889128923416138
5000,12,416.6666666666667,1,84000,2190,3.0416666666666665,0.7572395205497742
5000,12,416.6666666666667,1,84000,2220,3.0833333333333335,0.773289680480957
5000,12,416.6666666666667,1,84000,2250,3.125,0.7916041612625122
5000,12,416.6666666666667,1,84000,2280,3.1666666666666665,0.8060031533241272
5000,12,416.6666666666667,1,84000,2310,3.2083333333333335,0.816116213798523
5000,12,416.6666666666667,1,84000,2340,3.25,0.8064497113227844
5000,12,416.6666666666667,1,84000,2370,3.2916666666666665,0.8161801695823669
5000,12,416.6666666666667,1,84000,2400,3.3333333333333335,0.8024995923042297
5000,12,416.6666666666667,1,84000,2430,3.375,0.790183424949646
5000,12,416.6666666666667,1,84000,2460,3.4166666666666665,0.7959630489349365
5000,12,416.6666666666667,1,84000,2490,3.4583333333333335,0.7913916110992432
5000,12,416.6666666666667,1,84000,2520,3.5,0.7879262566566467
5000,12,416.6666666666667,1,84000,2550,3.5416666666666665,0.7555323243141174
5000,12,416.6666666666667,1,84000,2580,3.5833333333333335,0.807687520980835
5000,12,416.6666666666667,1,84000,2610,3.625,0.7758164405822754
5000,12,416.6666666666667,1,84000,2640,3.6666666666666665,0.7823914289474487
5000,12,416.6666666666667,1,84000,2670,3.7083333333333335,0.778037428855896
5000,12,416.6666666666667,1,84000,2700,3.75,0.7788665294647217
5000,12,416.6666666666667,1,84000,2730,3.7916666666666665,0.7969563603401184
5000,12,416.6666666666667,1,84000,2760,3.8333333333333335,0.803277850151062
5000,12,416.6666666666667,1,84000,2790,3.875,0.8075605034828186
5000,12,416.6666666666667,1,84000,2820,3.9166666666666665,0.7961026430130005
5000,12,416.6666666666667,1,84000,2850,3.9583333333333335,0.7899527549743652
5000,12,416.6666666666667,1,84000,2880,4.0,0.78230220079422
5000,12,416.6666666666667,1,84000,2910,4.041666666666667,0.7821635603904724
5000,12,416.6666666666667,1,84000,2940,4.083333333333333,0.7636953592300415
5000,12,416.6666666666667,1,84000,2970,4.125,0.7709770798683167
5000,12,416.6666666666667,1,84000,3000,4.166666666666667,0.7717055678367615
5000,12,416.6666666666667,1,84000,3030,4.208333333333333,0.76217120885849
5000,12,416.6666666666667,1,84000,3060,4.25,0.7833854556083679
5000,12,416.6666666666667,1,84000,3090,4.291666666666667,0.760498046875
5000,12,416.6666666666667,1,84000,3120,4.333333333333333,0.7706024646759033
5000,12,416.6666666666667,1,84000,3150,4.375,0.7834383249282837
5000,12,416.6666666666667,1,84000,3180,4.416666666666667,0.8058894276618958
5000,12,416.6666666666667,1,84000,3210,4.458333333333333,0.7836107611656189
5000,12,416.6666666666667,1,84000,3240,4.5,0.7762531638145447
5000,12,416.6666666666667,1,84000,3270,4.541666666666667,0.7807615995407104
5000,12,416.6666666666667,1,84000,3300,4.583333333333333,0.7713587880134583
5000,12,416.6666666666667,1,84000,3330,4.625,0.7656525373458862
5000,12,416.6666666666667,1,84000,3360,4.666666666666667,0.7613310813903809
5000,12,416.6666666666667,1,84000,3390,4.708333333333333,0.7778981328010559
5000,12,416.6666666666667,1,84000,3420,4.75,0.7652031183242798
5000,12,416.6666666666667,1,84000,3450,4.791666666666667,0.7770148515701294
5000,12,416.6666666666667,1,84000,3480,4.833333333333333,0.7731095552444458
5000,12,416.6666666666667,1,84000,3510,4.875,0.777529776096344
5000,12,416.6666666666667,1,84000,3540,4.916666666666667,0.7836647629737854
5000,12,416.6666666666667,1,84000,3570,4.958333333333333,0.7824718952178955
5000,12,416.6666666666667,1,84000,3600,5.0,0.7807625532150269
5000,12,416.6666666666667,2,84000,0,0.0,19.840547561645508
5000,12,416.6666666666667,2,84000,30,0.041666666666666664,18.803314208984375
5000,12,416.6666666666667,2,84000,60,0.08333333333333333,17.91977882385254
5000,12,416.6666666666667,2,84000,90,0.125,16.84828758239746
5000,12,416.6666666666667,2,84000,120,0.16666666666666666,15.582731246948242
5000,12,416.6666666666667,2,84000,150,0.20833333333333334,14.392803192138672
5000,12,416.6666666666667,2,84000,180,0.25,13.74155330657959
5000,12,416.6666666666667,2,84000,210,0.2916666666666667,14.261720657348633
5000,12,416.6666666666667,2,84000,240,0.3333333333333333,15.37654972076416
5000,12,416.6666666666667,2,84000,270,0.375,16.220993041992188
5000,12,416.6666666666667,2,84000,300,0.4166666666666667,16.704730987548828
5000,12,416.6666666666667,2,84000,330,0.4583333333333333,16.90559959411621
5000,12,416.6666666666667,2,84000,360,0.5,16.6023006439209
5000,12,416.6666666666667,2,84000,390,0.5416666666666666,16.1097354888916
5000,12,416.6666666666667,2,84000,420,0.5833333333333334,15.519631385803223
5000,12,416.6666666666667,2,84000,450,0.625,15.032818794250488
5000,12,416.6666666666667,2,84000,480,0.6666666666666666,14.806694030761719
5000,12,416.6666666666667,2,84000,510,0.7083333333333334,15.01008129119873
5000,12,416.6666666666667,2,84000,540,0.75,15.285531044006348
5000,12,416.6666666666667,2,84000,570,0.7916666666666666,15.779090881347656
5000,12,416.6666666666667,2,84000,600,0.8333333333333334,16.032533645629883
5000,12,416.6666666666667,2,84000,630,0.875,15.982659339904785
5000,12,416.6666666666667,2,84000,660,0.9166666666666666,15.599573135375977
5000,12,416.6666666666667,2,84000,690,0.9583333333333334,14.628240585327148
5000,12,416.6666666666667,2,84000,720,1.0,13.35641098022461
5000,12,416.6666666666667,2,84000,750,1.0416666666666667,11.583107948303223
5000,12,416.6666666666667,2,84000,780,1.0833333333333333,9.816631317138672
5000,12,416.6666666666667,2,84000,810,1.125,7.913076400756836
5000,12,416.6666666666667,2,84000,840,1.1666666666666667,6.040757656097412
5000,12,416.6666666666667,2,84000,870,1.2083333333333333,4.4078593254089355
5000,12,416.6666666666667,2,84000,900,1.25,3.3005261421203613
5000,12,416.6666666666667,2,84000,930,1.2916666666666667,2.4539852142333984
5000,12,416.6666666666667,2,84000,960,1.3333333333333333,2.060089349746704
5000,12,416.6666666666667,2,84000,990,1.375,1.951523780822754
5000,12,416.6666666666667,2,84000,1020,1.4166666666666667,1.9722906351089478
5000,12,416.6666666666667,2,84000,1050,1.4583333333333333,2.0281965732574463
5000,12,416.6666666666667,2,84000,1080,1.5,1.974730134010315
5000,12,416.6666666666667,2,84000,1110,1.5416666666666667,1.9462639093399048
5000,12,416.6666666666667,2,84000,1140,1.5833333333333333,1.8924973011016846
5000,12,416.6666666666667,2,84000,1170,1.625,1.6709650754928589
5000,12,416.6666666666667,2,84000,1200,1.6666666666666667,1.449155330657959
5000,12,416.6666666666667,2,84000,1230,1.7083333333333333,1.278135895729065
5000,12,416.6666666666667,2,84000,1260,1.75,1.203826665878296
5000,12,416.6666666666667,2,84000,1290,1.7916666666666667,1.0925408601760864
5000,12,416.6666666666667,2,84000,1320,1.8333333333333333,1.0164101123809814
5000,12,416.6666666666667,2,84000,1350,1.875,1.0047048330307007
5000,12,416.6666666666667,2,84000,1380,1.9166666666666667,1.0216524600982666
5000,12,416.6666666666667,2,84000,1410,1.9583333333333333,1.0263913869857788
5000,12,416.6666666666667,2,84000,1440,2.0,1.018479585647583
5000,12,416.6666666666667,2,84000,1470,2.0416666666666665,0.9998763799667358
5000,12,416.6666666666667,2,84000,1500,2.0833333333333335,0.9993957281112671
5000,12,416.6666666666667,2,84000,1530,2.125,0.9658929705619812
5000,12,416.6666666666667,2,84000,1560,2.1666666666666665,0.9476894736289978
5000,12,416.6666666666667,2,84000,1590,2.2083333333333335,0.948296308517456
5000,12,416.6666666666667,2,84000,1620,2.25,0.9279364943504333
5000,12,416.6666666666667,2,84000,1650,2.2916666666666665,0.9076991081237793
5000,12,416.6666666666667,2,84000,1680,2.3333333333333335,0.8235145211219788
5000,12,416.6666666666667,2,84000,1710,2.375,0.8402114510536194
5000,12,416.6666666666667,2,84000,1740,2.4166666666666665,0.8226310610771179
5000,12,416.6666666666667,2,84000,1770,2.4583333333333335,0.8167405128479004
5000,12,416.6666666666667,2,84000,1800,2.5,0.8385291695594788
5000,12,416.6666666666667,2,84000,1830,2.5416666666666665,0.8549168109893799
5000,12,416.6666666666667,2,84000,1860,2.5833333333333335,0.8585754632949829
5000,12,416.6666666666667,2,84000,1890,2.625,0.8556568622589111
5000,12,416.6666666666667,2,84000,1920,2.6666666666666665,0.8561142683029175
5000,12,416.6666666666667,2,84000,1950,2.7083333333333335,0.8242892622947693
5000,12,416.6666666666667,2,84000,1980,2.75,0.8484477400779724
5000,12,416.6666666666667,2,84000,2010,2.7916666666666665,0.8423396348953247
5000,12,416.6666666666667,2,84000,2040,2.8333333333333335,0.826682984828949
5000,12,416.6666666666667,2,84000,2070,2.875,0.8028843998908997
5000,12,416.6666666666667,2,84000,2100,2.9166666666666665,0.8170560598373413
5000,12,416.6666666666667,2,84000,2130,2.9583333333333335,0.8208446502685547
5000,12,416.6666666666667,2,84000,2160,3.0,0.83334881067276
5000,12,416.6666666666667,2,84000,2190,3.0416666666666665,0.8334321975708008
5000,12,416.6666666666667,2,84000,2220,3.0833333333333335,0.817940890789032
5000,12,416.6666666666667,2,84000,2250,3.125,0.8365780115127563
5000,12,416.6666666666667,2,84000,2280,3.1666666666666665,0.8448262810707092
5000,12,416.6666666666667,2,84000,2310,3.2083333333333335,0.8541189432144165
5000,12,416.6666666666667,2,84000,2340,3.25,0.8525675535202026
5000,12,416.6666666666667,2,84000,2370,3.2916666666666665,0.8574142456054688
5000,12,416.6666666666667,2,84000,2400,3.3333333333333335,0.8186435103416443
5000,12,416.6666666666667,2,84000,2430,3.375,0.831669807434082
5000,12,416.6666666666667,2,84000,2460,3.4166666666666665,0.827650785446167
5000,12,416.6666666666667,2,84000,2490,3.4583333333333335,0.8154618144035339
5000,12,416.6666666666667,2,84000,2520,3.5,0.8153321146965027
5000,12,416.6666666666667,2,84000,2550,3.5416666666666665,0.808403730392456
5000,12,416.6666666666667,2,84000,2580,3.5833333333333335,0.8049697279930115
5000,12,416.6666666666667,2,84000,2610,3.625,0.8224666714668274
5000,12,416.6666666666667,2,84000,2640,3.6666666666666665,0.8297892808914185
5000,12,416.6666666666667,2,84000,2670,3.7083333333333335,0.8030224442481995
5000,12,416.6666666666667,2,84000,2700,3.75,0.8234708905220032
5000,12,416.6666666666667,2,84000,2730,3.7916666666666665,0.8345109224319458
5000,12,416.6666666666667,2,84000,2760,3.8333333333333335,0.8193051815032959
5000,12,416.6666666666667,2,84000,2790,3.875,0.8330011963844299
5000,12,416.6666666666667,2,84000,2820,3.9166666666666665,0.8341425657272339
5000,12,416.6666666666667,2,84000,2850,3.9583333333333335,0.8017510771751404
5000,12,416.6666666666667,2,84000,2880,4.0,0.8187638521194458
5000,12,416.6666666666667,2,84000,2910,4.041666666666667,0.8309786915779114
5000,12,416.6666666666667,2,84000,2940,4.083333333333333,0.8166366815567017
5000,12,416.6666666666667,2,84000,2970,4.125,0.8004817366600037
5000,12,416.6666666666667,2,84000,3000,4.166666666666667,0.7880868911743164
5000,12,416.6666666666667,2,84000,3030,4.208333333333333,0.8254695534706116
5000,12,416.6666666666667,2,84000,3060,4.25,0.8238534927368164
5000,12,416.6666666666667,2,84000,3090,4.291666666666667,0.8101963996887207
5000,12,416.6666666666667,2,84000,3120,4.333333333333333,0.807989776134491
5000,12,416.6666666666667,2,84000,3150,4.375,0.8231416940689087
5000,12,416.6666666666667,2,84000,3180,4.416666666666667,0.8407862186431885
5000,12,416.6666666666667,2,84000,3210,4.458333333333333,0.8232179880142212
5000,12,416.6666666666667,2,84000,3240,4.5,0.819184422492981
5000,12,416.6666666666667,2,84000,3270,4.541666666666667,0.8083546757698059
5000,12,416.6666666666667,2,84000,3300,4.583333333333333,0.7932224869728088
5000,12,416.6666666666667,2,84000,3330,4.625,0.8154675960540771
5000,12,416.6666666666667,2,84000,3360,4.666666666666667,0.8074685335159302
5000,12,416.6666666666667,2,84000,3390,4.708333333333333,0.8167721629142761
5000,12,416.6666666666667,2,84000,3420,4.75,0.8256248831748962
5000,12,416.6666666666667,2,84000,3450,4.791666666666667,0.7924447059631348
5000,12,416.6666666666667,2,84000,3480,4.833333333333333,0.828689455986023
5000,12,416.6666666666667,2,84000,3510,4.875,0.8196871876716614
5000,12,416.6666666666667,2,84000,3540,4.916666666666667,0.8242288827896118
5000,12,416.6666666666667,2,84000,3570,4.958333333333333,0.8245381116867065
5000,12,416.6666666666667,2,84000,3600,5.0,0.8142646551132202
5000,12,416.6666666666667,3,84001,0,0.0,20.061416625976562
5000,12,416.6666666666667,3,84001,30,0.041666666666666664,19.075265884399414
5000,12,416.6666666666667,3,84001,60,0.08333333333333333,18.17657470703125
5000,12,416.6666666666667,3,84001,90,0.125,17.079652786254883
5000,12,416.6666666666667,3,84001,120,0.16666666666666666,15.713059425354004
5000,12,416.6666666666667,3,84001,150,0.20833333333333334,14.493218421936035
5000,12,416.6666666666667,3,84001,180,0.25,13.855652809143066
5000,12,416.6666666666667,3,84001,210,0.2916666666666667,14.367571830749512
5000,12,416.6666666666667,3,84001,240,0.3333333333333333,15.40177059173584
5000,12,416.6666666666667,3,84001,270,0.375,16.220911026000977
5000,12,416.6666666666667,3,84001,300,0.4166666666666667,16.709365844726562
5000,12,416.6666666666667,3,84001,330,0.4583333333333333,17.03253173828125
5000,12,416.6666666666667,3,84001,360,0.5,16.88116455078125
5000,12,416.6666666666667,3,84001,390,0.5416666666666666,16.343477249145508
5000,12,416.6666666666667,3,84001,420,0.5833333333333334,15.612424850463867
5000,12,416.6666666666667,3,84001,450,0.625,15.087756156921387
5000,12,416.6666666666667,3,84001,480,0.6666666666666666,15.011211395263672
5000,12,416.6666666666667,3,84001,510,0.7083333333333334,15.219244956970215
5000,12,416.6666666666667,3,84001,540,0.75,15.610128402709961
5000,12,416.6666666666667,3,84001,570,0.7916666666666666,15.910428047180176
5000,12,416.6666666666667,3,84001,600,0.8333333333333334,16.094911575317383
5000,12,416.6666666666667,3,84001,630,0.875,16.09221649169922
5000,12,416.6666666666667,3,84001,660,0.9166666666666666,15.610576629638672
5000,12,416.6666666666667,3,84001,690,0.9583333333333334,14.640069961547852
5000,12,416.6666666666667,3,84001,720,1.0,13.17590618133545
5000,12,416.6666666666667,3,84001,750,1.0416666666666667,11.4931001663208
5000,12,416.6666666666667,3,84001,780,1.0833333333333333,9.69898796081543
5000,12,416.6666666666667,3,84001,810,1.125,7.521161079406738
5000,12,416.6666666666667,3,84001,840,1.1666666666666667,5.609704494476318
5000,12,416.6666666666667,3,84001,870,1.2083333333333333,3.8142192363739014
5000,12,416.6666666666667,3,84001,900,1.25,2.5812439918518066
5000,12,416.6666666666667,3,84001,930,1.2916666666666667,2.0154781341552734
5000,12,416.6666666666667,3,84001,960,1.3333333333333333,1.6515847444534302
5000,12,416.6666666666667,3,84001,990,1.375,1.5787993669509888
5000,12,416.6666666666667,3,84001,1020,1.4166666666666667,1.6050736904144287
5000,12,416.6666666666667,3,84001,1050,1.4583333333333333,1.6197705268859863
5000,12,416.6666666666667,3,84001,1080,1.5,1.6342337131500244
5000,12,416.6666666666667,3,84001,1110,1.5416666666666667,1.6438000202178955
5000,12,416.6666666666667,3,84001,1140,1.5833333333333333,1.4871854782104492
5000,12,416.6666666666667,3,84001,1170,1.625,1.420291781425476
5000,12,416.6666666666667,3,84001,1200,1.6666666666666667,1.3356796503067017
5000,12,416.6666666666667,3,84001,1230,1.7083333333333333,1.2515734434127808
5000,12,416.6666666666667,3,84001,1260,1.75,1.0939911603927612
5000,12,416.6666666666667,3,84001,1290,1.7916666666666667,1.0049057006835938
5000,12,416.6666666666667,3,84001,1320,1.8333333333333333,0.944150984287262
5000,12,416.6666666666667,3,84001,1350,1.875,0.9004005789756775
5000,12,416.6666666666667,3,84001,1380,1.9166666666666667,0.8633814454078674
5000,12,416.6666666666667,3,84001,1410,1.9583333333333333,0.8794759511947632
5000,12,416.6666666666667,3,84001,1440,2.0,0.886814534664154
5000,12,416.6666666666667,3,84001,1470,2.0416666666666665,0.8920325040817261
5000,12,416.6666666666667,3,84001,1500,2.0833333333333335,0.902224600315094
5000,12,416.6666666666667,3,84001,1530,2.125,0.8887191414833069
5000,12,416.6666666666667,3,84001,1560,2.1666666666666665,0.8886478543281555
5000,12,416.6666666666667,3,84001,1590,2.2083333333333335,0.9039880037307739
5000,12,416.6666666666667,3,84001,1620,2.25,0.8380359411239624
5000,12,416.6666666666667,3,84001,1650,2.2916666666666665,0.8204607367515564
5000,12,416.6666666666667,3,84001,1680,2.3333333333333335,0.8166769742965698
5000,12,416.6666666666667,3,84001,1710,2.375,0.7968119382858276
5000,12,416.6666666666667,3,84001,1740,2.4166666666666665,0.7929922938346863
5000,12,416.6666666666667,3,84001,1770,2.4583333333333335,0.7756889462471008
5000,12,416.6666666666667,3,84001,1800,2.5,0.777595043182373
5000,12,416.6666666666667,3,84001,1830,2.5416666666666665,0.8177011013031006
5000,12,416.6666666666667,3,84001,1860,2.5833333333333335,0.8223927617073059
5000,12,416.6666666666667,3,84001,1890,2.625,0.827336311340332
5000,12,416.6666666666667,3,84001,1920,2.6666666666666665,0.8337619304656982
5000,12,416.6666666666667,3,84001,1950,2.7083333333333335,0.8233547806739807
5000,12,416.6666666666667,3,84001,1980,2.75,0.8221769332885742
5000,12,416.6666666666667,3,84001,2010,2.7916666666666665,0.8040094971656799
5000,12,416.6666666666667,3,84001,2040,2.8333333333333335,0.8070977926254272
5000,12,416.6666666666667,3,84001,2070,2.875,0.7824254035949707
5000,12,416.6666666666667,3,84001,2100,2.9166666666666665,0.7812320590019226
5000,12,416.6666666666667,3,84001,2130,2.9583333333333335,0.7660866379737854
5000,12,416.6666666666667,3,84001,2160,3.0,0.7740549445152283
5000,12,416.6666666666667,3,84001,2190,3.0416666666666665,0.7461267113685608
5000,12,416.6666666666667,3,84001,2220,3.0833333333333335,0.7665471434593201
5000,12,416.6666666666667,3,84001,2250,3.125,0.7886675596237183
5000,12,416.6666666666667,3,84001,2280,3.1666666666666665,0.7953663468360901
5000,12,416.6666666666667,3,84001,2310,3.2083333333333335,0.8041718006134033
5000,12,416.6666666666667,3,84001,2340,3.25,0.8070098161697388
5000,12,416.6666666666667,3,84001,2370,3.2916666666666665,0.8029430508613586
5000,12,416.6666666666667,3,84001,2400,3.3333333333333335,0.7942301630973816
5000,12,416.6666666666667,3,84001,2430,3.375,0.7914965152740479
5000,12,416.6666666666667,3,84001,2460,3.4166666666666665,0.7902255654335022
5000,12,416.6666666666667,3,84001,2490,3.4583333333333335,0.7870876789093018
5000,12,416.6666666666667,3,84001,2520,3.5,0.7708831429481506
5000,12,416.6666666666667,3,84001,2550,3.5416666666666665,0.7571406364440918
5000,12,416.6666666666667,3,84001,2580,3.5833333333333335,0.770226001739502
5000,12,416.6666666666667,3,84001,2610,3.625,0.7543039321899414
5000,12,416.6666666666667,3,84001,2640,3.6666666666666665,0.7619706392288208
5000,12,416.6666666666667,3,84001,2670,3.7083333333333335,0.7766602635383606
5000,12,416.6666666666667,3,84001,2700,3.75,0.7907697558403015
5000,12,416.6666666666667,3,84001,2730,3.7916666666666665,0.7908622026443481
5000,12,416.6666666666667,3,84001,2760,3.8333333333333335,0.7989174723625183
5000,12,416.6666666666667,3,84001,2790,3.875,0.7830376625061035
5000,12,416.6666666666667,3,84001,2820,3.9166666666666665,0.8001402616500854
5000,12,416.6666666666667,3,84001,2850,3.9583333333333335,0.7747669219970703
5000,12,416.6666666666667,3,84001,2880,4.0,0.7946892380714417
5000,12,416.6666666666667,3,84001,2910,4.041666666666667,0.7747681140899658
5000,12,416.6666666666667,3,84001,2940,4.083333333333333,0.7617411017417908
5000,12,416.6666666666667,3,84001,2970,4.125,0.7593441605567932
5000,12,416.6666666666667,3,84001,3000,4.166666666666667,0.7409904599189758
5000,12,416.6666666666667,3,84001,3030,4.208333333333333,0.756149411201477
5000,12,416.6666666666667,3,84001,3060,4.25,0.7718158960342407
5000,12,416.6666666666667,3,84001,3090,4.291666666666667,0.7511811256408691
5000,12,416.6666666666667,3,84001,3120,4.333333333333333,0.7718935608863831
5000,12,416.6666666666667,3,84001,3150,4.375,0.7926852107048035
5000,12,416.6666666666667,3,84001,3180,4.416666666666667,0.797333300113678
5000,12,416.6666666666667,3,84001,3210,4.458333333333333,0.7725524306297302
5000,12,416.6666666666667,3,84001,3240,4.5,0.7898547053337097
5000,12,416.6666666666667,3,84001,3270,4.541666666666667,0.7792233824729919
5000,12,416.6666666666667,3,84001,3300,4.583333333333333,0.7943441271781921
5000,12,416.6666666666667,3,84001,3330,4.625,0.7653137445449829
5000,12,416.6666666666667,3,84001,3360,4.666666666666667,0.7743566632270813
5000,12,416.6666666666667,3,84001,3390,4.708333333333333,0.7680808305740356
5000,12,416.6666666666667,3,84001,3420,4.75,0.757415235042572
5000,12,416.6666666666667,3,84001,3450,4.791666666666667,0.7591663599014282
5000,12,416.6666666666667,3,84001,3480,4.833333333333333,0.7543437480926514
5000,12,416.6666666666667,3,84001,3510,4.875,0.7625295519828796
5000,12,416.6666666666667,3,84001,3540,4.916666666666667,0.7562702298164368
5000,12,416.6666666666667,3,84001,3570,4.958333333333333,0.7819135785102844
5000,12,416.6666666666667,3,84001,3600,5.0,0.7807889580726624
5000,12,416.6666666666667,4,84001,0,0.0,20.08378791809082
5000,12,416.6666666666667,4,84001,30,0.041666666666666664,19.01409149169922
5000,12,416.6666666666667,4,84001,60,0.08333333333333333,18.062742233276367
5000,12,416.6666666666667,4,84001,90,0.125,16.99941635131836
5000,12,416.6666666666667,4,84001,120,0.16666666666666666,15.677393913269043
5000,12,416.6666666666667,4,84001,150,0.20833333333333334,14.426787376403809
5000,12,416.6666666666667,4,84001,180,0.25,13.813936233520508
5000,12,416.6666666666667,4,84001,210,0.2916666666666667,14.426371574401855
5000,12,416.6666666666667,4,84001,240,0.3333333333333333,15.533795356750488
5000,12,416.6666666666667,4,84001,270,0.375,16.474878311157227
5000,12,416.6666666666667,4,84001,300,0.4166666666666667,17.07744598388672
5000,12,416.6666666666667,4,84001,330,0.4583333333333333,17.212465286254883
5000,12,416.6666666666667,4,84001,360,0.5,17.017728805541992
5000,12,416.6666666666667,4,84001,390,0.5416666666666666,16.743873596191406
5000,12,416.6666666666667,4,84001,420,0.5833333333333334,16.142770767211914
5000,12,416.6666666666667,4,84001,450,0.625,15.407302856445312
5000,12,416.6666666666667,4,84001,480,0.6666666666666666,15.301753044128418
5000,12,416.6666666666667,4,84001,510,0.7083333333333334,15.438446998596191
5000,12,416.6666666666667,4,84001,540,0.75,15.942818641662598
5000,12,416.6666666666667,4,84001,570,0.7916666666666666,16.38103485107422
5000,12,416.6666666666667,4,84001,600,0.8333333333333334,16.54759407043457
5000,12,416.6666666666667,4,84001,630,0.875,16.42173194885254
5000,12,416.6666666666667,4,84001,660,0.9166666666666666,15.934678077697754
5000,12,416.6666666666667,4,84001,690,0.9583333333333334,15.067790985107422
5000,12,416.6666666666667,4,84001,720,1.0,13.705279350280762
5000,12,416.6666666666667,4,84001,750,1.0416666666666667,11.918523788452148
5000,12,416.6666666666667,4,84001,780,1.0833333333333333,10.08102798461914
5000,12,416.6666666666667,4,84001,810,1.125,8.00188159942627
5000,12,416.6666666666667,4,84001,840,1.1666666666666667,6.00699520111084
5000,12,416.6666666666667,4,84001,870,1.2083333333333333,4.180931091308594
5000,12,416.6666666666667,4,84001,900,1.25,3.0348868370056152
5000,12,416.6666666666667,4,84001,930,1.2916666666666667,2.265098810195923
5000,12,416.6666666666667,4,84001,960,1.3333333333333333,1.843827486038208
5000,12,416.6666666666667,4,84001,990,1.375,1.7798560857772827
5000,12,416.6666666666667,4,84001,1020,1.4166666666666667,1.8078160285949707
5000,12,416.6666666666667,4,84001,1050,1.4583333333333333,1.8110039234161377
5000,12,416.6666666666667,4,84001,1080,1.5,1.81736421585083
5000,12,416.6666666666667,4,84001,1110,1.5416666666666667,1.7562488317489624
5000,12,416.6666666666667,4,84001,1140,1.5833333333333333,1.6558613777160645
5000,12,416.6666666666667,4,84001,1170,1.625,1.5966604948043823
5000,12,416.6666666666667,4,84001,1200,1.6666666666666667,1.3760502338409424
5000,12,416.6666666666667,4,84001,1230,1.7083333333333333,1.2462975978851318
5000,12,416.6666666666667,4,84001,1260,1.75,1.1716256141662598
5000,12,416.6666666666667,4,84001,1290,1.7916666666666667,1.0556221008300781
5000,12,416.6666666666667,4,84001,1320,1.8333333333333333,0.9701071977615356
5000,12,416.6666666666667,4,84001,1350,1.875,0.957436740398407
5000,12,416.6666666666667,4,84001,1380,1.9166666666666667,0.9688966870307922
5000,12,416.6666666666667,4,84001,1410,1.9583333333333333,0.9776406288146973
5000,12,416.6666666666667,4,84001,1440,2.0,0.9819607138633728
5000,12,416.6666666666667,4,84001,1470,2.0416666666666665,0.9936037063598633
5000,12,416.6666666666667,4,84001,1500,2.0833333333333335,0.9885101318359375
5000,12,416.6666666666667,4,84001,1530,2.125,0.9959423542022705
5000,12,416.6666666666667,4,84001,1560,2.1666666666666665,0.9960441589355469
5000,12,416.6666666666667,4,84001,1590,2.2083333333333335,0.9752611517906189
5000,12,416.6666666666667,4,84001,1620,2.25,0.967457115650177
5000,12,416.6666666666667,4,84001,1650,2.2916666666666665,0.9048071503639221
5000,12,416.6666666666667,4,84001,1680,2.3333333333333335,0.8924141526222229
5000,12,416.6666666666667,4,84001,1710,2.375,0.8925482630729675
5000,12,416.6666666666667,4,84001,1740,2.4166666666666665,0.8878468871116638
5000,12,416.6666666666667,4,84001,1770,2.4583333333333335,0.8978214859962463
5000,12,416.6666666666667,4,84001,1800,2.5,0.9157472848892212
5000,12,416.6666666666667,4,84001,1830,2.5416666666666665,0.9240113496780396
5000,12,416.6666666666667,4,84001,1860,2.5833333333333335,0.924941897392273
5000,12,416.6666666666667,4,84001,1890,2.625,0.9427427649497986
5000,12,416.6666666666667,4,84001,1920,2.6666666666666665,0.9421517848968506
5000,12,416.6666666666667,4,84001,1950,2.7083333333333335,0.9321122169494629
5000,12,416.6666666666667,4,84001,1980,2.75,0.9213919639587402
5000,12,416.6666666666667,4,84001,2010,2.7916666666666665,0.925173819065094
5000,12,416.6666666666667,4,84001,2040,2.8333333333333335,0.898594319820404
5000,12,416.6666666666667,4,84001,2070,2.875,0.8753817677497864
5000,12,416.6666666666667,4,84001,2100,2.9166666666666665,0.8719349503517151
5000,12,416.6666666666667,4,84001,2130,2.9583333333333335,0.8852143287658691
5000,12,416.6666666666667,4,84001,2160,3.0,0.8715205192565918
5000,12,416.6666666666667,4,84001,2190,3.0416666666666665,0.8531111478805542
5000,12,416.6666666666667,4,84001,2220,3.0833333333333335,0.877798318862915
5000,12,416.6666666666667,4,84001,2250,3.125,0.879070520401001
5000,12,416.6666666666667,4,84001,2280,3.1666666666666665,0.9072012901306152
5000,12,416.6666666666667,4,84001,2310,3.2083333333333335,0.9107092022895813
5000,12,416.6666666666667,4,84001,2340,3.25,0.9215861558914185
5000,12,416.6666666666667,4,84001,2370,3.2916666666666665,0.9117584228515625
5000,12,416.6666666666667,4,84001,2400,3.3333333333333335,0.895680844783783
5000,12,416.6666666666667,4,84001,2430,3.375,0.8865295052528381
5000,12,416.6666666666667,4,84001,2460,3.4166666666666665,0.8845601677894592
5000,12,416.6666666666667,4,84001,2490,3.4583333333333335,0.8930395245552063
5000,12,416.6666666666667,4,84001,2520,3.5,0.89263516664505
5000,12,416.6666666666667,4,84001,2550,3.5416666666666665,0.8698666095733643
5000,12,416.6666666666667,4,84001,2580,3.5833333333333335,0.8789458870887756
5000,12,416.6666666666667,4,84001,2610,3.625,0.8613079190254211
5000,12,416.6666666666667,4,84001,2640,3.6666666666666665,0.8952824473381042
5000,12,416.6666666666667,4,84001,2670,3.7083333333333335,0.8696094751358032
5000,12,416.6666666666667,4,84001,2700,3.75,0.8937827944755554
5000,12,416.6666666666667,4,84001,2730,3.7916666666666665,0.8931187391281128
5000,12,416.6666666666667,4,84001,2760,3.8333333333333335,0.8982564210891724
5000,12,416.6666666666667,4,84001,2790,3.875,0.9049990177154541
5000,12,416.6666666666667,4,84001,2820,3.9166666666666665,0.8981925845146179
5000,12,416.6666666666667,4,84001,2850,3.9583333333333335,0.893994927406311
5000,12,416.6666666666667,4,84001,2880,4.0,0.8646599650382996
5000,12,416.6666666666667,4,84001,2910,4.041666666666667,0.880688488483429
5000,12,416.6666666666667,4,84001,2940,4.083333333333333,0.8558599352836609
5000,12,416.6666666666667,4,84001,2970,4.125,0.8809714913368225
5000,12,416.6666666666667,4,84001,3000,4.166666666666667,0.8289687633514404
5000,12,416.6666666666667,4,84001,3030,4.208333333333333,0.8577218055725098
5000,12,416.6666666666667,4,84001,3060,4.25,0.8795117139816284
5000,12,416.6666666666667,4,84001,3090,4.291666666666667,0.8721030354499817
5000,12,416.6666666666667,4,84001,3120,4.333333333333333,0.8922746181488037
5000,12,416.6666666666667,4,84001,3150,4.375,0.8980973362922668
5000,12,416.6666666666667,4,84001,3180,4.416666666666667,0.8733575940132141
5000,12,416.6666666666667,4,84001,3210,4.458333333333333,0.9008666276931763
5000,12,416.6666666666667,4,84001,3240,4.5,0.8815933465957642
5000,12,416.6666666666667,4,84001,3270,4.541666666666667,0.8811295032501221
5000,12,416.6666666666667,4,84001,3300,4.583333333333333,0.8833248019218445
5000,12,416.6666666666667,4,84001,3330,4.625,0.8561644554138184
5000,12,416.6666666666667,4,84001,3360,4.666666666666667,0.8500875234603882
5000,12,416.6666666666667,4,84001,3390,4.708333333333333,0.8822322487831116
5000,12,416.6666666666667,4,84001,3420,4.75,0.8730117082595825
5000,12,416.6666666666667,4,84001,3450,4.791666666666667,0.8488708734512329
5000,12,416.6666666666667,4,84001,3480,4.833333333333333,0.8598501682281494
5000,12,416.6666666666667,4,84001,3510,4.875,0.8794437646865845
5000,12,416.6666666666667,4,84001,3540,4.916666666666667,0.8798109292984009
5000,12,416.6666666666667,4,84001,3570,4.958333333333333,0.8717759847640991
5000,12,416.6666666666667,4,84001,3600,5.0,0.8833853602409363
5000,12,416.6666666666667,5,84001,0,0.0,19.90447425842285
5000,12,416.6666666666667,5,84001,30,0.041666666666666664,18.86179542541504
5000,12,416.6666666666667,5,84001,60,0.08333333333333333,17.927974700927734
5000,12,416.6666666666667,5,84001,90,0.125,16.75911521911621
5000,12,416.6666666666667,5,84001,120,0.16666666666666666,15.487092018127441
5000,12,416.6666666666667,5,84001,150,0.20833333333333334,14.288884162902832
5000,12,416.6666666666667,5,84001,180,0.25,13.652881622314453
5000,12,416.6666666666667,5,84001,210,0.2916666666666667,14.176405906677246
5000,12,416.6666666666667,5,84001,240,0.3333333333333333,15.191059112548828
5000,12,416.6666666666667,5,84001,270,0.375,16.141748428344727
5000,12,416.6666666666667,5,84001,300,0.4166666666666667,16.695032119750977
5000,12,416.6666666666667,5,84001,330,0.4583333333333333,16.916454315185547
5000,12,416.6666666666667,5,84001,360,0.5,16.783546447753906
5000,12,416.6666666666667,5,84001,390,0.5416666666666666,16.289011001586914
5000,12,416.6666666666667,5,84001,420,0.5833333333333334,15.610650062561035
5000,12,416.6666666666667,5,84001,450,0.625,15.135830879211426
5000,12,416.6666666666667,5,84001,480,0.6666666666666666,14.866484642028809
5000,12,416.6666666666667,5,84001,510,0.7083333333333334,14.899325370788574
5000,12,416.6666666666667,5,84001,540,0.75,15.357177734375
5000,12,416.6666666666667,5,84001,570,0.7916666666666666,15.787212371826172
5000,12,416.6666666666667,5,84001,600,0.8333333333333334,15.884215354919434
5000,12,416.6666666666667,5,84001,630,0.875,15.778634071350098
5000,12,416.6666666666667,5,84001,660,0.9166666666666666,15.315596580505371
5000,12,416.6666666666667,5,84001,690,0.9583333333333334,14.34160041809082
5000,12,416.6666666666667,5,84001,720,1.0,12.983002662658691
5000,12,416.6666666666667,5,84001,750,1.0416666666666667,11.06076431274414
5000,12,416.6666666666667,5,84001,780,1.0833333333333333,9.1483154296875
5000,12,416.6666666666667,5,84001,810,1.125,7.262523651123047
5000,12,416.6666666666667,5,84001,840,1.1666666666666667,5.560328006744385
5000,12,416.6666666666667,5,84001,870,1.2083333333333333,3.8474621772766113
5000,12,416.6666666666667,5,84001,900,1.25,2.747117757797241
5000,12,416.6666666666667,5,84001,930,1.2916666666666667,2.0183374881744385
5000,12,416.6666666666667,5,84001,960,1.3333333333333333,1.7372933626174927
5000,12,416.6666666666667,5,84001,990,1.375,1.6843949556350708
5000,12,416.6666666666667,5,84001,1020,1.4166666666666667,1.674904704093933
5000,12,416.6666666666667,5,84001,1050,1.4583333333333333,1.666663646697998
5000,12,416.6666666666667,5,84001,1080,1.5,1.6321630477905273
5000,12,416.6666666666667,5,84001,1110,1.5416666666666667,1.5840840339660645
5000,12,416.6666666666667,5,84001,1140,1.5833333333333333,1.3579806089401245
5000,12,416.6666666666667,5,84001,1170,1.625,1.244200587272644
5000,12,416.6666666666667,5,84001,1200,1.6666666666666667,1.1264755725860596
5000,12,416.6666666666667,5,84001,1230,1.7083333333333333,1.0656589269638062
5000,12,416.6666666666667,5,84001,1260,1.75,0.9416716694831848
5000,12,416.6666666666667,5,84001,1290,1.7916666666666667,0.923499345779419
5000,12,416.6666666666667,5,84001,1320,1.8333333333333333,0.8850539922714233
5000,12,416.6666666666667,5,84001,1350,1.875,0.8980965614318848
5000,12,416.6666666666667,5,84001,1380,1.9166666666666667,0.8982191681861877
5000,12,416.6666666666667,5,84001,1410,1.9583333333333333,0.8910845518112183
5000,12,416.6666666666667,5,84001,1440,2.0,0.8931087851524353
5000,12,416.6666666666667,5,84001,1470,2.0416666666666665,0.8930890560150146
5000,12,416.6666666666667,5,84001,1500,2.0833333333333335,0.8449462056159973
5000,12,416.6666666666667,5,84001,1530,2.125,0.8588085770606995
5000,12,416.6666666666667,5,84001,1560,2.1666666666666665,0.854026734828949
5000,12,416.6666666666667,5,84001,1590,2.2083333333333335,0.8488821983337402
5000,12,416.6666666666667,5,84001,1620,2.25,0.8113256096839905
5000,12,416.6666666666667,5,84001,1650,2.2916666666666665,0.7653594613075256
5000,12,416.6666666666667,5,84001,1680,2.3333333333333335,0.7523303627967834
5000,12,416.6666666666667,5,84001,1710,2.375,0.7528428435325623
5000,12,416.6666666666667,5,84001,1740,2.4166666666666665,0.7335544228553772
5000,12,416.6666666666667,5,84001,1770,2.4583333333333335,0.7326907515525818
5000,12,416.6666666666667,5,84001,1800,2.5,0.7397382855415344
5000,12,416.6666666666667,5,84001,1830,2.5416666666666665,0.7515503168106079
5000,12,416.6666666666667,5,84001,1860,2.5833333333333335,0.7534795999526978
5000,12,416.6666666666667,5,84001,1890,2.625,0.7499403357505798
5000,12,416.6666666666667,5,84001,1920,2.6666666666666665,0.7274646759033203
5000,12,416.6666666666667,5,84001,1950,2.7083333333333335,0.7383615374565125
5000,12,416.6666666666667,5,84001,1980,2.75,0.74007648229599
5000,12,416.6666666666667,5,84001,2010,2.7916666666666665,0.7402820587158203
5000,12,416.6666666666667,5,84001,2040,2.8333333333333335,0.7173094153404236
5000,12,416.6666666666667,5,84001,2070,2.875,0.6978927850723267
5000,12,416.6666666666667,5,84001,2100,2.9166666666666665,0.7192453145980835
5000,12,416.6666666666667,5,84001,2130,2.9583333333333335,0.7043363451957703
5000,12,416.6666666666667,5,84001,2160,3.0,0.7188654541969299
5000,12,416.6666666666667,5,84001,2190,3.0416666666666665,0.7334662079811096
5000,12,416.6666666666667,5,84001,2220,3.0833333333333335,0.7393105030059814
5000,12,416.6666666666667,5,84001,2250,3.125,0.7410771250724792
5000,12,416.6666666666667,5,84001,2280,3.1666666666666665,0.7523894309997559
5000,12,416.6666666666667,5,84001,2310,3.2083333333333335,0.7448105216026306
5000,12,416.6666666666667,5,84001,2340,3.25,0.7381158471107483
5000,12,416.6666666666667,5,84001,2370,3.2916666666666665,0.7410679459571838
5000,12,416.6666666666667,5,84001,2400,3.3333333333333335,0.7320858836174011
5000,12,416.6666666666667,5,84001,2430,3.375,0.7287318110466003
5000,12,416.6666666666667,5,84001,2460,3.4166666666666665,0.7296329140663147
5000,12,416.6666666666667,5,84001,2490,3.4583333333333335,0.7165311574935913
5000,12,416.6666666666667,5,84001,2520,3.5,0.721587598323822
5000,12,416.6666666666667,5,84001,2550,3.5416666666666665,0.7269152998924255
5000,12,416.6666666666667,5,84001,2580,3.5833333333333335,0.7162707448005676
5000,12,416.6666666666667,5,84001,2610,3.625,0.7053387761116028
5000,12,416.6666666666667,5,84001,2640,3.6666666666666665,0.7268723845481873
5000,12,416.6666666666667,5,84001,2670,3.7083333333333335,0.7316117882728577
5000,12,416.6666666666667,5,84001,2700,3.75,0.7155455946922302
5000,12,416.6666666666667,5,84001,2730,3.7916666666666665,0.7208697199821472
5000,12,416.6666666666667,5,84001,2760,3.8333333333333335,0.7403656840324402
5000,12,416.6666666666667,5,84001,2790,3.875,0.7246773838996887
5000,12,416.6666666666667,5,84001,2820,3.9166666666666665,0.7319341897964478
5000,12,416.6666666666667,5,84001,2850,3.9583333333333335,0.7180613875389099
5000,12,416.6666666666667,5,84001,2880,4.0,0.7201401591300964
5000,12,416.6666666666667,5,84001,2910,4.041666666666667,0.7174816727638245
5000,12,416.6666666666667,5,84001,2940,4.083333333333333,0.7118653059005737
5000,12,416.6666666666667,5,84001,2970,4.125,0.7255783081054688
5000,12,416.6666666666667,5,84001,3000,4.166666666666667,0.7127320170402527
5000,12,416.6666666666667,5,84001,3030,4.208333333333333,0.7094351053237915
5000,12,416.6666666666667,5,84001,3060,4.25,0.7134316563606262
5000,12,416.6666666666667,5,84001,3090,4.291666666666667,0.7287359237670898
5000,12,416.6666666666667,5,84001,3120,4.333333333333333,0.7147750854492188
5000,12,416.6666666666667,5,84001,3150,4.375,0.7207349538803101
5000,12,416.6666666666667,5,84001,3180,4.416666666666667,0.7317779064178467
5000,12,416.6666666666667,5,84001,3210,4.458333333333333,0.7264041900634766
5000,12,416.6666666666667,5,84001,3240,4.5,0.7132366895675659
5000,12,416.6666666666667,5,84001,3270,4.541666666666667,0.7047454118728638
5000,12,416.6666666666667,5,84001,3300,4.583333333333333,0.7096588015556335
5000,12,416.6666666666667,5,84001,3330,4.625,0.7092992067337036
5000,12,416.6666666666667,5,84001,3360,4.666666666666667,0.707603931427002
5000,12,416.6666666666667,5,84001,3390,4.708333333333333,0.7016043663024902
5000,12,416.6666666666667,5,84001,3420,4.75,0.7204750180244446
5000,12,416.6666666666667,5,84001,3450,4.791666666666667,0.7121338844299316
5000,12,416.6666666666667,5,84001,3480,4.833333333333333,0.7121783494949341
5000,12,416.6666666666667,5,84001,3510,4.875,0.7240716814994812
5000,12,416.6666666666667,5,84001,3540,4.916666666666667,0.7106980681419373
5000,12,416.6666666666667,5,84001,3570,4.958333333333333,0.7014898657798767
5000,12,416.6666666666667,5,84001,3600,5.0,0.7183143496513367
5000,15,333.3333333333333,0,84000,0,0.0,19.773012161254883
5000,15,333.3333333333333,0,84000,30,0.041666666666666664,18.377138137817383
5000,15,333.3333333333333,0,84000,60,0.08333333333333333,17.085704803466797
5000,15,333.3333333333333,0,84000,90,0.125,15.639217376708984
5000,15,333.3333333333333,0,84000,120,0.16666666666666666,14.216407775878906
5000,15,333.3333333333333,0,84000,150,0.20833333333333334,12.842490196228027
5000,15,333.3333333333333,0,84000,180,0.25,11.982627868652344
5000,15,333.3333333333333,0,84000,210,0.2916666666666667,11.971456527709961
5000,15,333.3333333333333,0,84000,240,0.3333333333333333,12.420112609863281
5000,15,333.3333333333333,0,84000,270,0.375,12.43442153930664
5000,15,333.3333333333333,0,84000,300,0.4166666666666667,12.001198768615723
5000,15,333.3333333333333,0,84000,330,0.4583333333333333,11.170036315917969
5000,15,333.3333333333333,0,84000,360,0.5,10.21866226196289
5000,15,333.3333333333333,0,84000,390,0.5416666666666666,9.777786254882812
5000,15,333.3333333333333,0,84000,420,0.5833333333333334,9.854724884033203
5000,15,333.3333333333333,0,84000,450,0.625,9.980820655822754
5000,15,333.3333333333333,0,84000,480,0.6666666666666666,10.18861198425293
5000,15,333.3333333333333,0,84000,510,0.7083333333333334,10.194761276245117
5000,15,333.3333333333333,0,84000,540,0.75,9.880145072937012
5000,15,333.3333333333333,0,84000,570,0.7916666666666666,9.248149871826172
5000,15,333.3333333333333,0,84000,600,0.8333333333333334,8.236876487731934
5000,15,333.3333333333333,0,84000,630,0.875,6.864816188812256
5000,15,333.3333333333333,0,84000,660,0.9166666666666666,5.234680652618408
5000,15,333.3333333333333,0,84000,690,0.9583333333333334,3.2915546894073486
5000,15,333.3333333333333,0,84000,720,1.0,1.5402696132659912
5000,15,333.3333333333333,0,84000,750,1.0416666666666667,0.62920743227005
5000,15,333.3333333333333,0,84000,780,1.0833333333333333,0.38508525490760803
5000,15,333.3333333333333,0,84000,810,1.125,0.34889891743659973
5000,15,333.3333333333333,0,84000,840,1.1666666666666667,0.35020679235458374
5000,15,333.3333333333333,0,84000,870,1.2083333333333333,0.3446897268295288
5000,15,333.3333333333333,0,84000,900,1.25,0.32005035877227783
5000,15,333.3333333333333,0,84000,930,1.2916666666666667,0.31547489762306213
5000,15,333.3333333333333,0,84000,960,1.3333333333333333,0.3085204064846039
5000,15,333.3333333333333,0,84000,990,1.375,0.3006923794746399
5000,15,333.3333333333333,0,84000,1020,1.4166666666666667,0.29042431712150574
5000,15,333.3333333333333,0,84000,1050,1.4583333333333333,0.2601337730884552
5000,15,333.3333333333333,0,84000,1080,1.5,0.2450583428144455
5000,15,333.3333333333333,0,84000,1110,1.5416666666666667,0.23278264701366425
5000,15,333.3333333333333,0,84000,1140,1.5833333333333333,0.2242831587791443
5000,15,333.3333333333333,0,84000,1170,1.625,0.2220197319984436
5000,15,333.3333333333333,0,84000,1200,1.6666666666666667,0.20492763817310333
5000,15,333.3333333333333,0,84000,1230,1.7083333333333333,0.20057857036590576
5000,15,333.3333333333333,0,84000,1260,1.75,0.19636179506778717
5000,15,333.3333333333333,0,84000,1290,1.7916666666666667,0.19157050549983978
5000,15,333.3333333333333,0,84000,1320,1.8333333333333333,0.18272528052330017
5000,15,333.3333333333333,0,84000,1350,1.875,0.18137399852275848
5000,15,333.3333333333333,0,84000,1380,1.9166666666666667,0.17692427337169647
5000,15,333.3333333333333,0,84000,1410,1.9583333333333333,0.16481690108776093
5000,15,333.3333333333333,0,84000,1440,2.0,0.16433002054691315
5000,15,333.3333333333333,0,84000,1470,2.0416666666666665,0.15663474798202515
5000,15,333.3333333333333,0,84000,1500,2.0833333333333335,0.15530991554260254
5000,15,333.3333333333333,0,84000,1530,2.125,0.15131209790706635
5000,15,333.3333333333333,0,84000,1560,2.1666666666666665,0.15393893420696259
5000,15,333.3333333333333,0,84000,1590,2.2083333333333335,0.15259766578674316
5000,15,333.3333333333333,0,84000,1620,2.25,0.15113107860088348
5000,15,333.3333333333333,0,84000,1650,2.2916666666666665,0.14717036485671997
5000,15,333.3333333333333,0,84000,1680,2.3333333333333335,0.14625491201877594
5000,15,333.3333333333333,0,84000,1710,2.375,0.14504466950893402
5000,15,333.3333333333333,0,84000,1740,2.4166666666666665,0.14358454942703247
5000,15,333.3333333333333,0,84000,1770,2.4583333333333335,0.1379743367433548
5000,15,333.3333333333333,0,84000,1800,2.5,0.14191347360610962
5000,15,333.3333333333333,0,84000,1830,2.5416666666666665,0.1359708309173584
5000,15,333.3333333333333,0,84000,1860,2.5833333333333335,0.138677179813385
5000,15,333.3333333333333,0,84000,1890,2.625,0.13806729018688202
5000,15,333.3333333333333,0,84000,1920,2.6666666666666665,0.13809235394001007
5000,15,333.3333333333333,0,84000,1950,2.7083333333333335,0.13332568109035492
5000,15,333.3333333333333,0,84000,1980,2.75,0.137917622923851
5000,15,333.3333333333333,0,84000,2010,2.7916666666666665,0.13856437802314758
5000,15,333.3333333333333,0,84000,2040,2.8333333333333335,0.13877305388450623
5000,15,333.3333333333333,0,84000,2070,2.875,0.13411493599414825
5000,15,333.3333333333333,0,84000,2100,2.9166666666666665,0.13787177205085754
5000,15,333.3333333333333,0,84000,2130,2.9583333333333335,0.13424751162528992
5000,15,333.3333333333333,0,84000,2160,3.0,0.13655389845371246
5000,15,333.3333333333333,0,84000,2190,3.0416666666666665,0.1328940987586975
5000,15,333.3333333333333,0,84000,2220,3.0833333333333335,0.13601671159267426
5000,15,333.3333333333333,0,84000,2250,3.125,0.13591736555099487
5000,15,333.3333333333333,0,84000,2280,3.1666666666666665,0.13567429780960083
5000,15,333.3333333333333,0,84000,2310,3.2083333333333335,0.131690114736557
5000,15,333.3333333333333,0,84000,2340,3.25,0.13441625237464905
5000,15,333.3333333333333,0,84000,2370,3.2916666666666665,0.12889240682125092
5000,15,333.3333333333333,0,84000,2400,3.3333333333333335,0.13314931094646454
5000,15,333.3333333333333,0,84000,2430,3.375,0.13325026631355286
5000,15,333.3333333333333,0,84000,2460,3.4166666666666665,0.1311250478029251
5000,15,333.3333333333333,0,84000,2490,3.4583333333333335,0.13087421655654907
5000,15,333.3333333333333,0,84000,2520,3.5,0.13194900751113892
5000,15,333.3333333333333,0,84000,2550,3.5416666666666665,0.13185778260231018
5000,15,333.3333333333333,0,84000,2580,3.5833333333333335,0.1262274533510208
5000,15,333.3333333333333,0,84000,2610,3.625,0.1306474655866623
5000,15,333.3333333333333,0,84000,2640,3.6666666666666665,0.13140933215618134
5000,15,333.3333333333333,0,84000,2670,3.7083333333333335,0.13149143755435944
5000,15,333.3333333333333,0,84000,2700,3.75,0.12745952606201172
5000,15,333.3333333333333,0,84000,2730,3.7916666666666665,0.13042333722114563
5000,15,333.3333333333333,0,84000,2760,3.8333333333333335,0.12621323764324188
5000,15,333.3333333333333,0,84000,2790,3.875,0.12429467588663101
5000,15,333.3333333333333,0,84000,2820,3.9166666666666665,0.12876340746879578
5000,15,333.3333333333333,0,84000,2850,3.9583333333333335,0.12908507883548737
5000,15,333.3333333333333,0,84000,2880,4.0,0.12911218404769897
5000,15,333.3333333333333,0,84000,2910,4.041666666666667,0.129034623503685
5000,15,333.3333333333333,0,84000,2940,4.083333333333333,0.1267920881509781
5000,15,333.3333333333333,0,84000,2970,4.125,0.12844763696193695
5000,15,333.3333333333333,0,84000,3000,4.166666666666667,0.12848103046417236
5000,15,333.3333333333333,0,84000,3030,4.208333333333333,0.12548869848251343
5000,15,333.3333333333333,0,84000,3060,4.25,0.12798872590065002
5000,15,333.3333333333333,0,84000,3090,4.291666666666667,0.12407489866018295
5000,15,333.3333333333333,0,84000,3120,4.333333333333333,0.12460017204284668
5000,15,333.3333333333333,0,84000,3150,4.375,0.12698772549629211
5000,15,333.3333333333333,0,84000,3180,4.416666666666667,0.12709467113018036
5000,15,333.3333333333333,0,84000,3210,4.458333333333333,0.12715841829776764
5000,15,333.3333333333333,0,84000,3240,4.5,0.12348079681396484
5000,15,333.3333333333333,0,84000,3270,4.541666666666667,0.1269748955965042
5000,15,333.3333333333333,0,84000,3300,4.583333333333333,0.12706424295902252
5000,15,333.3333333333333,0,84000,3330,4.625,0.127115398645401
5000,15,333.3333333333333,0,84000,3360,4.666666666666667,0.12318303436040878
5000,15,333.3333333333333,0,84000,3390,4.708333333333333,0.12167530506849289
5000,15,333.3333333333333,0,84000,3420,4.75,0.12274328619241714
5000,15,333.3333333333333,0,84000,3450,4.791666666666667,0.12545672059059143
5000,15,333.3333333333333,0,84000,3480,4.833333333333333,0.12566959857940674
5000,15,333.3333333333333,0,84000,3510,4.875,0.12582509219646454
5000,15,333.3333333333333,0,84000,3540,4.916666666666667,0.12591920793056488
5000,15,333.3333333333333,0,84000,3570,4.958333333333333,0.12285017222166061
5000,15,333.3333333333333,0,84000,3600,5.0,0.12502817809581757
5000,15,333.3333333333333,1,84000,0,0.0,19.926406860351562
5000,15,333.3333333333333,1,84000,30,0.041666666666666664,18.617565155029297
5000,15,333.3333333333333,1,84000,60,0.08333333333333333,17.36042594909668
5000,15,333.3333333333333,1,84000,90,0.125,15.987142562866211
5000,15,333.3333333333333,1,84000,120,0.16666666666666666,14.426863670349121
5000,15,333.3333333333333,1,84000,150,0.20833333333333334,12.965459823608398
5000,15,333.3333333333333,1,84000,180,0.25,12.059667587280273
5000,15,333.3333333333333,1,84000,210,0.2916666666666667,12.191413879394531
5000,15,333.3333333333333,1,84000,240,0.3333333333333333,12.619121551513672
5000,15,333.3333333333333,1,84000,270,0.375,12.834090232849121
5000,15,333.3333333333333,1,84000,300,0.4166666666666667,12.34438705444336
5000,15,333.3333333333333,1,84000,330,0.4583333333333333,11.423648834228516
5000,15,333.3333333333333,1,84000,360,0.5,10.579065322875977
5000,15,333.3333333333333,1,84000,390,0.5416666666666666,10.11180305480957
5000,15,333.3333333333333,1,84000,420,0.5833333333333334,9.929730415344238
5000,15,333.3333333333333,1,84000,450,0.625,10.185691833496094
5000,15,333.3333333333333,1,84000,480,0.6666666666666666,10.357222557067871
5000,15,333.3333333333333,1,84000,510,0.7083333333333334,10.269333839416504
5000,15,333.3333333333333,1,84000,540,0.75,9.91147232055664
5000,15,333.3333333333333,1,84000,570,0.7916666666666666,9.403647422790527
5000,15,333.3333333333333,1,84000,600,0.8333333333333334,8.428048133850098
5000,15,333.3333333333333,1,84000,630,0.875,7.02400016784668
5000,15,333.3333333333333,1,84000,660,0.9166666666666666,5.303182601928711
5000,15,333.3333333333333,1,84000,690,0.9583333333333334,3.4623780250549316
5000,15,333.3333333333333,1,84000,720,1.0,1.7896698713302612
5000,15,333.3333333333333,1,84000,750,1.0416666666666667,0.815562903881073
5000,15,333.3333333333333,1,84000,780,1.0833333333333333,0.5474628210067749
5000,15,333.3333333333333,1,84000,810,1.125,0.4236373007297516
5000,15,333.3333333333333,1,84000,840,1.1666666666666667,0.4008595645427704
5000,15,333.3333333333333,1,84000,870,1.2083333333333333,0.34453579783439636
5000,15,333.3333333333333,1,84000,900,1.25,0.34962090849876404
5000,15,333.3333333333333,1,84000,930,1.2916666666666667,0.3474501371383667
5000,15,333.3333333333333,1,84000,960,1.3333333333333333,0.3378034234046936
5000,15,333.3333333333333,1,84000,990,1.375,0.3240019381046295
5000,15,333.3333333333333,1,84000,1020,1.4166666666666667,0.30920159816741943
5000,15,333.3333333333333,1,84000,1050,1.4583333333333333,0.2907017171382904
5000,15,333.3333333333333,1,84000,1080,1.5,0.2536085247993469
5000,15,333.3333333333333,1,84000,1110,1.5416666666666667,0.24236097931861877
5000,15,333.3333333333333,1,84000,1140,1.5833333333333333,0.22804167866706848
5000,15,333.3333333333333,1,84000,1170,1.625,0.22115503251552582
5000,15,333.3333333333333,1,84000,1200,1.6666666666666667,0.22085200250148773
5000,15,333.3333333333333,1,84000,1230,1.7083333333333333,0.21682114899158478
5000,15,333.3333333333333,1,84000,1260,1.75,0.21328677237033844
5000,15,333.3333333333333,1,84000,1290,1.7916666666666667,0.20867186784744263
5000,15,333.3333333333333,1,84000,1320,1.8333333333333333,0.19740520417690277
5000,15,333.3333333333333,1,84000,1350,1.875,0.19617249071598053
5000,15,333.3333333333333,1,84000,1380,1.9166666666666667,0.18541808426380157
5000,15,333.3333333333333,1,84000,1410,1.9583333333333333,0.1803932934999466
5000,15,333.3333333333333,1,84000,1440,2.0,0.17987658083438873
5000,15,333.3333333333333,1,84000,1470,2.0416666666666665,0.17342521250247955
5000,15,333.3333333333333,1,84000,1500,2.0833333333333335,0.16928456723690033
5000,15,333.3333333333333,1,84000,1530,2.125,0.16917124390602112
5000,15,333.3333333333333,1,84000,1560,2.1666666666666665,0.16926899552345276
5000,15,333.3333333333333,1,84000,1590,2.2083333333333335,0.16826750338077545
5000,15,333.3333333333333,1,84000,1620,2.25,0.1673416644334793
5000,15,333.3333333333333,1,84000,1650,2.2916666666666665,0.16657745838165283
5000,15,333.3333333333333,1,84000,1680,2.3333333333333335,0.1554509699344635
5000,15,333.3333333333333,1,84000,1710,2.375,0.16193199157714844
5000,15,333.3333333333333,1,84000,1740,2.4166666666666665,0.1547844260931015
5000,15,333.3333333333333,1,84000,1770,2.4583333333333335,0.15783707797527313
5000,15,333.3333333333333,1,84000,1800,2.5,0.15136460959911346
5000,15,333.3333333333333,1,84000,1830,2.5416666666666665,0.15469594299793243
5000,15,333.3333333333333,1,84000,1860,2.5833333333333335,0.14851877093315125
5000,15,333.3333333333333,1,84000,1890,2.625,0.15319311618804932
5000,15,333.3333333333333,1,84000,1920,2.6666666666666665,0.15334153175354004
5000,15,333.3333333333333,1,84000,1950,2.7083333333333335,0.14874060451984406
5000,15,333.3333333333333,1,84000,1980,2.75,0.14894872903823853
5000,15,333.3333333333333,1,84000,2010,2.7916666666666665,0.14923949539661407
5000,15,333.3333333333333,1,84000,2040,2.8333333333333335,0.15289096534252167
5000,15,333.3333333333333,1,84000,2070,2.875,0.14828461408615112
5000,15,333.3333333333333,1,84000,2100,2.9166666666666665,0.15300843119621277
5000,15,333.3333333333333,1,84000,2130,2.9583333333333335,0.15201741456985474
5000,15,333.3333333333333,1,84000,2160,3.0,0.15186044573783875
5000,15,333.3333333333333,1,84000,2190,3.0416666666666665,0.15061919391155243
5000,15,333.3333333333333,1,84000,2220,3.0833333333333335,0.15199966728687286
5000,15,333.3333333333333,1,84000,2250,3.125,0.15222060680389404
5000,15,333.3333333333333,1,84000,2280,3.1666666666666665,0.14861300587654114
5000,15,333.3333333333333,1,84000,2310,3.2083333333333335,0.14528559148311615
5000,15,333.3333333333333,1,84000,2340,3.25,0.15027344226837158
5000,15,333.3333333333333,1,84000,2370,3.2916666666666665,0.14627273380756378
5000,15,333.3333333333333,1,84000,2400,3.3333333333333335,0.14452789723873138
5000,15,333.3333333333333,1,84000,2430,3.375,0.148833766579628
5000,15,333.3333333333333,1,84000,2460,3.4166666666666665,0.14504016935825348
5000,15,333.3333333333333,1,84000,2490,3.4583333333333335,0.148489847779274
5000,15,333.3333333333333,1,84000,2520,3.5,0.1451687216758728
5000,15,333.3333333333333,1,84000,2550,3.5416666666666665,0.14795497059822083
5000,15,333.3333333333333,1,84000,2580,3.5833333333333335,0.1481267511844635
5000,15,333.3333333333333,1,84000,2610,3.625,0.14847682416439056
5000,15,333.3333333333333,1,84000,2640,3.6666666666666665,0.14702507853507996
5000,15,333.3333333333333,1,84000,2670,3.7083333333333335,0.1392582207918167
5000,15,333.3333333333333,1,84000,2700,3.75,0.14171813428401947
5000,15,333.3333333333333,1,84000,2730,3.7916666666666665,0.14093655347824097
5000,15,333.3333333333333,1,84000,2760,3.8333333333333335,0.14005163311958313
5000,15,333.3333333333333,1,84000,2790,3.875,0.14477656781673431
5000,15,333.3333333333333,1,84000,2820,3.9166666666666665,0.14539794623851776
5000,15,333.3333333333333,1,84000,2850,3.9583333333333335,0.14405418932437897
5000,15,333.3333333333333,1,84000,2880,4.0,0.144967719912529
5000,15,333.3333333333333,1,84000,2910,4.041666666666667,0.1451336294412613
5000,15,333.3333333333333,1,84000,2940,4.083333333333333,0.14019523561000824
5000,15,333.3333333333333,1,84000,2970,4.125,0.14086756110191345
5000,15,333.3333333333333,1,84000,3000,4.166666666666667,0.14196857810020447
5000,15,333.3333333333333,1,84000,3030,4.208333333333333,0.1444658488035202
5000,15,333.3333333333333,1,84000,3060,4.25,0.13748927414417267
5000,15,333.3333333333333,1,84000,3090,4.291666666666667,0.1384323090314865
5000,15,333.3333333333333,1,84000,3120,4.333333333333333,0.1427987813949585
5000,15,333.3333333333333,1,84000,3150,4.375,0.14336156845092773
5000,15,333.3333333333333,1,84000,3180,4.416666666666667,0.14105713367462158
5000,15,333.3333333333333,1,84000,3210,4.458333333333333,0.1431887000799179
5000,15,333.3333333333333,1,84000,3240,4.5,0.14352436363697052
5000,15,333.3333333333333,1,84000,3270,4.541666666666667,0.1391373574733734
5000,15,333.3333333333333,1,84000,3300,4.583333333333333,0.13798481225967407
5000,15,333.3333333333333,1,84000,3330,4.625,0.13854511082172394
5000,15,333.3333333333333,1,84000,3360,4.666666666666667,0.13799548149108887
5000,15,333.3333333333333,1,84000,3390,4.708333333333333,0.13721001148223877
5000,15,333.3333333333333,1,84000,3420,4.75,0.14140605926513672
5000,15,333.3333333333333,1,84000,3450,4.791666666666667,0.14170145988464355
5000,15,333.3333333333333,1,84000,3480,4.833333333333333,0.13695184886455536
5000,15,333.3333333333333,1,84000,3510,4.875,0.14142794907093048
5000,15,333.3333333333333,1,84000,3540,4.916666666666667,0.1417158544063568
5000,15,333.3333333333333,1,84000,3570,4.958333333333333,0.1420281082391739
5000,15,333.3333333333333,1,84000,3600,5.0,0.13963305950164795
5000,15,333.3333333333333,2,84000,0,0.0,19.840547561645508
5000,15,333.3333333333333,2,84000,30,0.041666666666666664,18.469358444213867
5000,15,333.3333333333333,2,84000,60,0.08333333333333333,17.134302139282227
5000,15,333.3333333333333,2,84000,90,0.125,15.718877792358398
5000,15,333.3333333333333,2,84000,120,0.16666666666666666,14.232389450073242
5000,15,333.3333333333333,2,84000,150,0.20833333333333334,12.849459648132324
5000,15,333.3333333333333,2,84000,180,0.25,11.991844177246094
5000,15,333.3333333333333,2,84000,210,0.2916666666666667,12.07294750213623
5000,15,333.3333333333333,2,84000,240,0.3333333333333333,12.488321304321289
5000,15,333.3333333333333,2,84000,270,0.375,12.467330932617188
5000,15,333.3333333333333,2,84000,300,0.4166666666666667,12.083074569702148
5000,15,333.3333333333333,2,84000,330,0.4583333333333333,11.342976570129395
5000,15,333.3333333333333,2,84000,360,0.5,10.363656044006348
5000,15,333.3333333333333,2,84000,390,0.5416666666666666,10.010494232177734
5000,15,333.3333333333333,2,84000,420,0.5833333333333334,9.952742576599121
5000,15,333.3333333333333,2,84000,450,0.625,10.036651611328125
5000,15,333.3333333333333,2,84000,480,0.6666666666666666,10.229252815246582
5000,15,333.3333333333333,2,84000,510,0.7083333333333334,10.249687194824219
5000,15,333.3333333333333,2,84000,540,0.75,9.910992622375488
5000,15,333.3333333333333,2,84000,570,0.7916666666666666,9.196239471435547
5000,15,333.3333333333333,2,84000,600,0.8333333333333334,8.208292961120605
5000,15,333.3333333333333,2,84000,630,0.875,6.7134108543396
5000,15,333.3333333333333,2,84000,660,0.9166666666666666,5.009488105773926
5000,15,333.3333333333333,2,84000,690,0.9583333333333334,3.236677646636963
5000,15,333.3333333333333,2,84000,720,1.0,1.6054328680038452
5000,15,333.3333333333333,2,84000,750,1.0416666666666667,0.6604195237159729
5000,15,333.3333333333333,2,84000,780,1.0833333333333333,0.4427018165588379
5000,15,333.3333333333333,2,84000,810,1.125,0.3684256970882416
5000,15,333.3333333333333,2,84000,840,1.1666666666666667,0.3268212080001831
5000,15,333.3333333333333,2,84000,870,1.2083333333333333,0.321123331785202
5000,15,333.3333333333333,2,84000,900,1.25,0.3185374438762665
5000,15,333.3333333333333,2,84000,930,1.2916666666666667,0.31308016180992126
5000,15,333.3333333333333,2,84000,960,1.3333333333333333,0.3046207129955292
5000,15,333.3333333333333,2,84000,990,1.375,0.29259970784187317
5000,15,333.3333333333333,2,84000,1020,1.4166666666666667,0.27783891558647156
5000,15,333.3333333333333,2,84000,1050,1.4583333333333333,0.2597997486591339
5000,15,333.3333333333333,2,84000,1080,1.5,0.232337087392807
5000,15,333.3333333333333,2,84000,1110,1.5416666666666667,0.22500020265579224
5000,15,333.3333333333333,2,84000,1140,1.5833333333333333,0.21694189310073853
5000,15,333.3333333333333,2,84000,1170,1.625,0.20984457433223724
5000,15,333.3333333333333,2,84000,1200,1.6666666666666667,0.20395280420780182
5000,15,333.3333333333333,2,84000,1230,1.7083333333333333,0.19913095235824585
5000,15,333.3333333333333,2,84000,1260,1.75,0.1944582462310791
5000,15,333.3333333333333,2,84000,1290,1.7916666666666667,0.18958602845668793
5000,15,333.3333333333333,2,84000,1320,1.8333333333333333,0.17876099050045013
5000,15,333.3333333333333,2,84000,1350,1.875,0.17257064580917358
5000,15,333.3333333333333,2,84000,1380,1.9166666666666667,0.16983924806118011
5000,15,333.3333333333333,2,84000,1410,1.9583333333333333,0.15982504189014435
5000,15,333.3333333333333,2,84000,1440,2.0,0.15610696375370026
5000,15,333.3333333333333,2,84000,1470,2.0416666666666665,0.1522543579339981
5000,15,333.3333333333333,2,84000,1500,2.0833333333333335,0.14951080083847046
5000,15,333.3333333333333,2,84000,1530,2.125,0.14790600538253784
5000,15,333.3333333333333,2,84000,1560,2.1666666666666665,0.14644037187099457
5000,15,333.3333333333333,2,84000,1590,2.2083333333333335,0.14513491094112396
5000,15,333.3333333333333,2,84000,1620,2.25,0.1440449059009552
5000,15,333.3333333333333,2,84000,1650,2.2916666666666665,0.14291784167289734
5000,15,333.3333333333333,2,84000,1680,2.3333333333333335,0.13982172310352325
5000,15,333.3333333333333,2,84000,1710,2.375,0.13557443022727966
5000,15,333.3333333333333,2,84000,1740,2.4166666666666665,0.13630807399749756
5000,15,333.3333333333333,2,84000,1770,2.4583333333333335,0.1359875202178955
5000,15,333.3333333333333,2,84000,1800,2.5,0.13503217697143555
5000,15,333.3333333333333,2,84000,1830,2.5416666666666665,0.13416919112205505
5000,15,333.3333333333333,2,84000,1860,2.5833333333333335,0.13347330689430237
5000,15,333.3333333333333,2,84000,1890,2.625,0.13307760655879974
5000,15,333.3333333333333,2,84000,1920,2.6666666666666665,0.13295572996139526
5000,15,333.3333333333333,2,84000,1950,2.7083333333333335,0.1328558772802353
5000,15,333.3333333333333,2,84000,1980,2.75,0.13279801607131958
5000,15,333.3333333333333,2,84000,2010,2.7916666666666665,0.12719394266605377
5000,15,333.3333333333333,2,84000,2040,2.8333333333333335,0.1317729353904724
5000,15,333.3333333333333,2,84000,2070,2.875,0.1286141574382782
5000,15,333.3333333333333,2,84000,2100,2.9166666666666665,0.13079924881458282
5000,15,333.3333333333333,2,84000,2130,2.9583333333333335,0.13056416809558868
5000,15,333.3333333333333,2,84000,2160,3.0,0.13057246804237366
5000,15,333.3333333333333,2,84000,2190,3.0416666666666665,0.13048961758613586
5000,15,333.3333333333333,2,84000,2220,3.0833333333333335,0.13031521439552307
5000,15,333.3333333333333,2,84000,2250,3.125,0.13023214042186737
5000,15,333.3333333333333,2,84000,2280,3.1666666666666665,0.1299947053194046
5000,15,333.3333333333333,2,84000,2310,3.2083333333333335,0.12478858977556229
5000,15,333.3333333333333,2,84000,2340,3.25,0.12899287045001984
5000,15,333.3333333333333,2,84000,2370,3.2916666666666665,0.12742497026920319
5000,15,333.3333333333333,2,84000,2400,3.3333333333333335,0.1258813738822937
5000,15,333.3333333333333,2,84000,2430,3.375,0.1268712878227234
5000,15,333.3333333333333,2,84000,2460,3.4166666666666665,0.12651842832565308
5000,15,333.3333333333333,2,84000,2490,3.4583333333333335,0.12645278871059418
5000,15,333.3333333333333,2,84000,2520,3.5,0.12645097076892853
5000,15,333.3333333333333,2,84000,2550,3.5416666666666665,0.12642258405685425
5000,15,333.3333333333333,2,84000,2580,3.5833333333333335,0.12630635499954224
5000,15,333.3333333333333,2,84000,2610,3.625,0.12259001284837723
5000,15,333.3333333333333,2,84000,2640,3.6666666666666665,0.12066430598497391
5000,15,333.3333333333333,2,84000,2670,3.7083333333333335,0.12501206994056702
5000,15,333.3333333333333,2,84000,2700,3.75,0.12502029538154602
5000,15,333.3333333333333,2,84000,2730,3.7916666666666665,0.12486867606639862
5000,15,333.3333333333333,2,84000,2760,3.8333333333333335,0.12288881838321686
5000,15,333.3333333333333,2,84000,2790,3.875,0.12419897317886353
5000,15,333.3333333333333,2,84000,2820,3.9166666666666665,0.12397875636816025
5000,15,333.3333333333333,2,84000,2850,3.9583333333333335,0.12377958744764328
5000,15,333.3333333333333,2,84000,2880,4.0,0.12369206547737122
5000,15,333.3333333333333,2,84000,2910,4.041666666666667,0.1236095055937767
5000,15,333.3333333333333,2,84000,2940,4.083333333333333,0.12161286920309067
5000,15,333.3333333333333,2,84000,2970,4.125,0.12277800589799881
5000,15,333.3333333333333,2,84000,3000,4.166666666666667,0.11936745792627335
5000,15,333.3333333333333,2,84000,3030,4.208333333333333,0.12201860547065735
5000,15,333.3333333333333,2,84000,3060,4.25,0.12201642990112305
5000,15,333.3333333333333,2,84000,3090,4.291666666666667,0.11932504922151566
5000,15,333.3333333333333,2,84000,3120,4.333333333333333,0.1214979961514473
5000,15,333.3333333333333,2,84000,3150,4.375,0.1214967742562294
5000,15,333.3333333333333,2,84000,3180,4.416666666666667,0.12154395878314972
5000,15,333.3333333333333,2,84000,3210,4.458333333333333,0.12177043408155441
5000,15,333.3333333333333,2,84000,3240,4.5,0.12202933430671692
5000,15,333.3333333333333,2,84000,3270,4.541666666666667,0.11778032034635544
5000,15,333.3333333333333,2,84000,3300,4.583333333333333,0.12155461311340332
5000,15,333.3333333333333,2,84000,3330,4.625,0.11877734214067459
5000,15,333.3333333333333,2,84000,3360,4.666666666666667,0.1210402101278305
5000,15,333.3333333333333,2,84000,3390,4.708333333333333,0.11675845086574554
5000,15,333.3333333333333,2,84000,3420,4.75,0.12031540274620056
5000,15,333.3333333333333,2,84000,3450,4.791666666666667,0.12048236280679703
5000,15,333.3333333333333,2,84000,3480,4.833333333333333,0.1203751191496849
5000,15,333.3333333333333,2,84000,3510,4.875,0.12045932561159134
5000,15,333.3333333333333,2,84000,3540,4.916666666666667,0.12038461863994598
5000,15,333.3333333333333,2,84000,3570,4.958333333333333,0.11867494881153107
5000,15,333.3333333333333,2,84000,3600,5.0,0.11625224351882935
5000,15,333.3333333333333,3,84001,0,0.0,20.061416625976562
5000,15,333.3333333333333,3,84001,30,0.041666666666666664,18.70611000061035
5000,15,333.3333333333333,3,84001,60,0.08333333333333333,17.47223663330078
5000,15,333.3333333333333,3,84001,90,0.125,16.028047561645508
5000,15,333.3333333333333,3,84001,120,0.16666666666666666,14.474990844726562
5000,15,333.3333333333333,3,84001,150,0.20833333333333334,13.080965042114258
5000,15,333.3333333333333,3,84001,180,0.25,12.214349746704102
5000,15,333.3333333333333,3,84001,210,0.2916666666666667,12.306931495666504
5000,15,333.3333333333333,3,84001,240,0.3333333333333333,12.645979881286621
5000,15,333.3333333333333,3,84001,270,0.375,12.759310722351074
5000,15,333.3333333333333,3,84001,300,0.4166666666666667,12.463411331176758
5000,15,333.3333333333333,3,84001,330,0.4583333333333333,11.486837387084961
5000,15,333.3333333333333,3,84001,360,0.5,10.548164367675781
5000,15,333.3333333333333,3,84001,390,0.5416666666666666,10.083455085754395
5000,15,333.3333333333333,3,84001,420,0.5833333333333334,9.996996879577637
5000,15,333.3333333333333,3,84001,450,0.625,10.2449312210083
5000,15,333.3333333333333,3,84001,480,0.6666666666666666,10.44863224029541
5000,15,333.3333333333333,3,84001,510,0.7083333333333334,10.444438934326172
5000,15,333.3333333333333,3,84001,540,0.75,10.31164264678955
5000,15,333.3333333333333,3,84001,570,0.7916666666666666,9.778007507324219
5000,15,333.3333333333333,3,84001,600,0.8333333333333334,8.851451873779297
5000,15,333.3333333333333,3,84001,630,0.875,7.41888427734375
5000,15,333.3333333333333,3,84001,660,0.9166666666666666,5.692161560058594
5000,15,333.3333333333333,3,84001,690,0.9583333333333334,3.7503609657287598
5000,15,333.3333333333333,3,84001,720,1.0,1.8964382410049438
5000,15,333.3333333333333,3,84001,750,1.0416666666666667,0.7521798610687256
5000,15,333.3333333333333,3,84001,780,1.0833333333333333,0.45917704701423645
5000,15,333.3333333333333,3,84001,810,1.125,0.39456745982170105
5000,15,333.3333333333333,3,84001,840,1.1666666666666667,0.3642725646495819
5000,15,333.3333333333333,3,84001,870,1.2083333333333333,0.36696475744247437
5000,15,333.3333333333333,3,84001,900,1.25,0.3591371476650238
5000,15,333.3333333333333,3,84001,930,1.2916666666666667,0.35267773270606995
5000,15,333.3333333333333,3,84001,960,1.3333333333333333,0.3423976004123688
5000,15,333.3333333333333,3,84001,990,1.375,0.3287144899368286
5000,15,333.3333333333333,3,84001,1020,1.4166666666666667,0.30568018555641174
5000,15,333.3333333333333,3,84001,1050,1.4583333333333333,0.2949104607105255
5000,15,333.3333333333333,3,84001,1080,1.5,0.2411627471446991
5000,15,333.3333333333333,3,84001,1110,1.5416666666666667,0.2333746999502182
5000,15,333.3333333333333,3,84001,1140,1.5833333333333333,0.22473418712615967
5000,15,333.3333333333333,3,84001,1170,1.625,0.21926654875278473
5000,15,333.3333333333333,3,84001,1200,1.6666666666666667,0.21446779370307922
5000,15,333.3333333333333,3,84001,1230,1.7083333333333333,0.21074585616588593
5000,15,333.3333333333333,3,84001,1260,1.75,0.20629893243312836
5000,15,333.3333333333333,3,84001,1290,1.7916666666666667,0.20167043805122375
5000,15,333.3333333333333,3,84001,1320,1.8333333333333333,0.19520564377307892
5000,15,333.3333333333333,3,84001,1350,1.875,0.18621915578842163
5000,15,333.3333333333333,3,84001,1380,1.9166666666666667,0.1846524477005005
5000,15,333.3333333333333,3,84001,1410,1.9583333333333333,0.1822110116481781
5000,15,333.3333333333333,3,84001,1440,2.0,0.17035610973834991
5000,15,333.3333333333333,3,84001,1470,2.0416666666666665,0.17252299189567566
5000,15,333.3333333333333,3,84001,1500,2.0833333333333335,0.16960059106349945
5000,15,333.3333333333333,3,84001,1530,2.125,0.1677352637052536
5000,15,333.3333333333333,3,84001,1560,2.1666666666666665,0.166673943400383
5000,15,333.3333333333333,3,84001,1590,2.2083333333333335,0.1655416041612625
5000,15,333.3333333333333,3,84001,1620,2.25,0.16405853629112244
5000,15,333.3333333333333,3,84001,1650,2.2916666666666665,0.153066948056221
5000,15,333.3333333333333,3,84001,1680,2.3333333333333335,0.1530638337135315
5000,15,333.3333333333333,3,84001,1710,2.375,0.15508995950222015
5000,15,333.3333333333333,3,84001,1740,2.4166666666666665,0.15401893854141235
5000,15,333.3333333333333,3,84001,1770,2.4583333333333335,0.1458701342344284
5000,15,333.3333333333333,3,84001,1800,2.5,0.14983661472797394
5000,15,333.3333333333333,3,84001,1830,2.5416666666666665,0.1492832601070404
5000,15,333.3333333333333,3,84001,1860,2.5833333333333335,0.1488526612520218
5000,15,333.3333333333333,3,84001,1890,2.625,0.14889301359653473
5000,15,333.3333333333333,3,84001,1920,2.6666666666666665,0.14907588064670563
5000,15,333.3333333333333,3,84001,1950,2.7083333333333335,0.1418488323688507
5000,15,333.3333333333333,3,84001,1980,2.75,0.1476505845785141
5000,15,333.3333333333333,3,84001,2010,2.7916666666666665,0.14241601526737213
5000,15,333.3333333333333,3,84001,2040,2.8333333333333335,0.1481896936893463
5000,15,333.3333333333333,3,84001,2070,2.875,0.1402297168970108
5000,15,333.3333333333333,3,84001,2100,2.9166666666666665,0.14720769226551056
5000,15,333.3333333333333,3,84001,2130,2.9583333333333335,0.1479744017124176
5000,15,333.3333333333333,3,84001,2160,3.0,0.14810720086097717
5000,15,333.3333333333333,3,84001,2190,3.0416666666666665,0.14819251000881195
5000,15,333.3333333333333,3,84001,2220,3.0833333333333335,0.14820607006549835
5000,15,333.3333333333333,3,84001,2250,3.125,0.14018195867538452
5000,15,333.3333333333333,3,84001,2280,3.1666666666666665,0.14719900488853455
5000,15,333.3333333333333,3,84001,2310,3.2083333333333335,0.13909663259983063
5000,15,333.3333333333333,3,84001,2340,3.25,0.14565719664096832
5000,15,333.3333333333333,3,84001,2370,3.2916666666666665,0.1453923135995865
5000,15,333.3333333333333,3,84001,2400,3.3333333333333335,0.13641083240509033
5000,15,333.3333333333333,3,84001,2430,3.375,0.14304658770561218
5000,15,333.3333333333333,3,84001,2460,3.4166666666666665,0.14347964525222778
5000,15,333.3333333333333,3,84001,2490,3.4583333333333335,0.14349228143692017
5000,15,333.3333333333333,3,84001,2520,3.5,0.14345428347587585
5000,15,333.3333333333333,3,84001,2550,3.5416666666666665,0.14363519847393036
5000,15,333.3333333333333,3,84001,2580,3.5833333333333335,0.14151610434055328
5000,15,333.3333333333333,3,84001,2610,3.625,0.13364718854427338
5000,15,333.3333333333333,3,84001,2640,3.6666666666666665,0.14115868508815765
5000,15,333.3333333333333,3,84001,2670,3.7083333333333335,0.14135107398033142
5000,15,333.3333333333333,3,84001,2700,3.75,0.14145225286483765
5000,15,333.3333333333333,3,84001,2730,3.7916666666666665,0.1365692913532257
5000,15,333.3333333333333,3,84001,2760,3.8333333333333335,0.13694030046463013
5000,15,333.3333333333333,3,84001,2790,3.875,0.1406133472919464
5000,15,333.3333333333333,3,84001,2820,3.9166666666666665,0.14064109325408936
5000,15,333.3333333333333,3,84001,2850,3.9583333333333335,0.1406356692314148
5000,15,333.3333333333333,3,84001,2880,4.0,0.1405855268239975
5000,15,333.3333333333333,3,84001,2910,4.041666666666667,0.12541934847831726
5000,15,333.3333333333333,3,84001,2940,4.083333333333333,0.13816145062446594
5000,15,333.3333333333333,3,84001,2970,4.125,0.13840441405773163
5000,15,333.3333333333333,3,84001,3000,4.166666666666667,0.1385989934206009
5000,15,333.3333333333333,3,84001,3030,4.208333333333333,0.13881441950798035
5000,15,333.3333333333333,3,84001,3060,4.25,0.13397739827632904
5000,15,333.3333333333333,3,84001,3090,4.291666666666667,0.13391387462615967
5000,15,333.3333333333333,3,84001,3120,4.333333333333333,0.13796965777873993
5000,15,333.3333333333333,3,84001,3150,4.375,0.13815701007843018
5000,15,333.3333333333333,3,84001,3180,4.416666666666667,0.13836121559143066
5000,15,333.3333333333333,3,84001,3210,4.458333333333333,0.13875271379947662
5000,15,333.3333333333333,3,84001,3240,4.5,0.1298198699951172
5000,15,333.3333333333333,3,84001,3270,4.541666666666667,0.13711684942245483
5000,15,333.3333333333333,3,84001,3300,4.583333333333333,0.13484346866607666
5000,15,333.3333333333333,3,84001,3330,4.625,0.13747422397136688
5000,15,333.3333333333333,3,84001,3360,4.666666666666667,0.13774093985557556
5000,15,333.3333333333333,3,84001,3390,4.708333333333333,0.13798576593399048
5000,15,333.3333333333333,3,84001,3420,4.75,0.12883231043815613
5000,15,333.3333333333333,3,84001,3450,4.791666666666667,0.1366361826658249
5000,15,333.3333333333333,3,84001,3480,4.833333333333333,0.13679790496826172
5000,15,333.3333333333333,3,84001,3510,4.875,0.13235418498516083
5000,15,333.3333333333333,3,84001,3540,4.916666666666667,0.13258075714111328
5000,15,333.3333333333333,3,84001,3570,4.958333333333333,0.13465578854084015
5000,15,333.3333333333333,3,84001,3600,5.0,0.1325334906578064
5000,15,333.3333333333333,4,84001,0,0.0,20.08378791809082
5000,15,333.3333333333333,4,84001,30,0.041666666666666664,18.643590927124023
5000,15,333.3333333333333,4,84001,60,0.08333333333333333,17.411361694335938
5000,15,333.3333333333333,4,84001,90,0.125,16.017562866210938
5000,15,333.3333333333333,4,84001,120,0.16666666666666666,14.48103141784668
5000,15,333.3333333333333,4,84001,150,0.20833333333333334,12.991615295410156
5000,15,333.3333333333333,4,84001,180,0.25,12.130391120910645
5000,15,333.3333333333333,4,84001,210,0.2916666666666667,12.266075134277344
5000,15,333.3333333333333,4,84001,240,0.3333333333333333,12.65648078918457
5000,15,333.3333333333333,4,84001,270,0.375,12.7472505569458
5000,15,333.3333333333333,4,84001,300,0.4166666666666667,12.351024627685547
5000,15,333.3333333333333,4,84001,330,0.4583333333333333,11.558902740478516
5000,15,333.3333333333333,4,84001,360,0.5,10.710678100585938
5000,15,333.3333333333333,4,84001,390,0.5416666666666666,10.11630916595459
5000,15,333.3333333333333,4,84001,420,0.5833333333333334,10.027436256408691
5000,15,333.3333333333333,4,84001,450,0.625,10.222865104675293
5000,15,333.3333333333333,4,84001,480,0.6666666666666666,10.473648071289062
5000,15,333.3333333333333,4,84001,510,0.7083333333333334,10.351033210754395
5000,15,333.3333333333333,4,84001,540,0.75,10.172760963439941
5000,15,333.3333333333333,4,84001,570,0.7916666666666666,9.550498008728027
5000,15,333.3333333333333,4,84001,600,0.8333333333333334,8.580647468566895
5000,15,333.3333333333333,4,84001,630,0.875,7.247095108032227
5000,15,333.3333333333333,4,84001,660,0.9166666666666666,5.484610557556152
5000,15,333.3333333333333,4,84001,690,0.9583333333333334,3.667417287826538
5000,15,333.3333333333333,4,84001,720,1.0,1.9694757461547852
5000,15,333.3333333333333,4,84001,750,1.0416666666666667,0.8576458692550659
5000,15,333.3333333333333,4,84001,780,1.0833333333333333,0.48169174790382385
5000,15,333.3333333333333,4,84001,810,1.125,0.3826678395271301
5000,15,333.3333333333333,4,84001,840,1.1666666666666667,0.37087512016296387
5000,15,333.3333333333333,4,84001,870,1.2083333333333333,0.34509384632110596
5000,15,333.3333333333333,4,84001,900,1.25,0.34650611877441406
5000,15,333.3333333333333,4,84001,930,1.2916666666666667,0.33988648653030396
5000,15,333.3333333333333,4,84001,960,1.3333333333333333,0.3342387080192566
5000,15,333.3333333333333,4,84001,990,1.375,0.32222431898117065
5000,15,333.3333333333333,4,84001,1020,1.4166666666666667,0.30834725499153137
5000,15,333.3333333333333,4,84001,1050,1.4583333333333333,0.29138633608818054
5000,15,333.3333333333333,4,84001,1080,1.5,0.2677469551563263
5000,15,333.3333333333333,4,84001,1110,1.5416666666666667,0.24965383112430573
5000,15,333.3333333333333,4,84001,1140,1.5833333333333333,0.236299067735672
5000,15,333.3333333333333,4,84001,1170,1.625,0.2315429151058197
5000,15,333.3333333333333,4,84001,1200,1.6666666666666667,0.22826166450977325
5000,15,333.3333333333333,4,84001,1230,1.7083333333333333,0.22510133683681488
5000,15,333.3333333333333,4,84001,1260,1.75,0.2211255431175232
5000,15,333.3333333333333,4,84001,1290,1.7916666666666667,0.21704331040382385
5000,15,333.3333333333333,4,84001,1320,1.8333333333333333,0.21216699481010437
5000,15,333.3333333333333,4,84001,1350,1.875,0.20384863018989563
5000,15,333.3333333333333,4,84001,1380,1.9166666666666667,0.1959829032421112
5000,15,333.3333333333333,4,84001,1410,1.9583333333333333,0.18035613000392914
5000,15,333.3333333333333,4,84001,1440,2.0,0.1826752871274948
5000,15,333.3333333333333,4,84001,1470,2.0416666666666665,0.18112733960151672
5000,15,333.3333333333333,4,84001,1500,2.0833333333333335,0.1757689267396927
5000,15,333.3333333333333,4,84001,1530,2.125,0.17568714916706085
5000,15,333.3333333333333,4,84001,1560,2.1666666666666665,0.17392544448375702
5000,15,333.3333333333333,4,84001,1590,2.2083333333333335,0.17333246767520905
5000,15,333.3333333333333,4,84001,1620,2.25,0.17251689732074738
5000,15,333.3333333333333,4,84001,1650,2.2916666666666665,0.17136411368846893
5000,15,333.3333333333333,4,84001,1680,2.3333333333333335,0.15627659857273102
5000,15,333.3333333333333,4,84001,1710,2.375,0.162882000207901
5000,15,333.3333333333333,4,84001,1740,2.4166666666666665,0.15594828128814697
5000,15,333.3333333333333,4,84001,1770,2.4583333333333335,0.16301538050174713
5000,15,333.3333333333333,4,84001,1800,2.5,0.1586492955684662
5000,15,333.3333333333333,4,84001,1830,2.5416666666666665,0.16135190427303314
5000,15,333.3333333333333,4,84001,1860,2.5833333333333335,0.1608346849679947
5000,15,333.3333333333333,4,84001,1890,2.625,0.1605786830186844
5000,15,333.3333333333333,4,84001,1920,2.6666666666666665,0.16047920286655426
5000,15,333.3333333333333,4,84001,1950,2.7083333333333335,0.16047444939613342
5000,15,333.3333333333333,4,84001,1980,2.75,0.15619030594825745
5000,15,333.3333333333333,4,84001,2010,2.7916666666666665,0.15373775362968445
5000,15,333.3333333333333,4,84001,2040,2.8333333333333335,0.15583403408527374
5000,15,333.3333333333333,4,84001,2070,2.875,0.15650875866413116
5000,15,333.3333333333333,4,84001,2100,2.9166666666666665,0.15545344352722168
5000,15,333.3333333333333,4,84001,2130,2.9583333333333335,0.1572522222995758
5000,15,333.3333333333333,4,84001,2160,3.0,0.15329942107200623
5000,15,333.3333333333333,4,84001,2190,3.0416666666666665,0.15686149895191193
5000,15,333.3333333333333,4,84001,2220,3.0833333333333335,0.15722844004631042
5000,15,333.3333333333333,4,84001,2250,3.125,0.15727882087230682
5000,15,333.3333333333333,4,84001,2280,3.1666666666666665,0.15740235149860382
5000,15,333.3333333333333,4,84001,2310,3.2083333333333335,0.15269306302070618
5000,15,333.3333333333333,4,84001,2340,3.25,0.1478879302740097
5000,15,333.3333333333333,4,84001,2370,3.2916666666666665,0.15309377014636993
5000,15,333.3333333333333,4,84001,2400,3.3333333333333335,0.14931485056877136
5000,15,333.3333333333333,4,84001,2430,3.375,0.15102848410606384
5000,15,333.3333333333333,4,84001,2460,3.4166666666666665,0.14927169680595398
5000,15,333.3333333333333,4,84001,2490,3.4583333333333335,0.15268172323703766
5000,15,333.3333333333333,4,84001,2520,3.5,0.15281838178634644
5000,15,333.3333333333333,4,84001,2550,3.5416666666666665,0.15300507843494415
5000,15,333.3333333333333,4,84001,2580,3.5833333333333335,0.15319353342056274
5000,15,333.3333333333333,4,84001,2610,3.625,0.15356801450252533
5000,15,333.3333333333333,4,84001,2640,3.6666666666666665,0.14699767529964447
5000,15,333.3333333333333,4,84001,2670,3.7083333333333335,0.1421486884355545
5000,15,333.3333333333333,4,84001,2700,3.75,0.14654603600502014
5000,15,333.3333333333333,4,84001,2730,3.7916666666666665,0.14689120650291443
5000,15,333.3333333333333,4,84001,2760,3.8333333333333335,0.15019291639328003
5000,15,333.3333333333333,4,84001,2790,3.875,0.147847518324852
5000,15,333.3333333333333,4,84001,2820,3.9166666666666665,0.1501447558403015
5000,15,333.3333333333333,4,84001,2850,3.9583333333333335,0.15030698478221893
5000,15,333.3333333333333,4,84001,2880,4.0,0.15041889250278473
5000,15,333.3333333333333,4,84001,2910,4.041666666666667,0.1506994664669037
5000,15,333.3333333333333,4,84001,2940,4.083333333333333,0.1445896029472351
5000,15,333.3333333333333,4,84001,2970,4.125,0.1429070234298706
5000,15,333.3333333333333,4,84001,3000,4.166666666666667,0.14343973994255066
5000,15,333.3333333333333,4,84001,3030,4.208333333333333,0.14531351625919342
5000,15,333.3333333333333,4,84001,3060,4.25,0.1484440714120865
5000,15,333.3333333333333,4,84001,3090,4.291666666666667,0.1474941223859787
5000,15,333.3333333333333,4,84001,3120,4.333333333333333,0.1459122747182846
5000,15,333.3333333333333,4,84001,3150,4.375,0.14818927645683289
5000,15,333.3333333333333,4,84001,3180,4.416666666666667,0.14873892068862915
5000,15,333.3333333333333,4,84001,3210,4.458333333333333,0.14917099475860596
5000,15,333.3333333333333,4,84001,3240,4.5,0.14965490996837616
5000,15,333.3333333333333,4,84001,3270,4.541666666666667,0.13612517714500427
5000,15,333.3333333333333,4,84001,3300,4.583333333333333,0.14477954804897308
5000,15,333.3333333333333,4,84001,3330,4.625,0.14742639660835266
5000,15,333.3333333333333,4,84001,3360,4.666666666666667,0.14343012869358063
5000,15,333.3333333333333,4,84001,3390,4.708333333333333,0.14744611084461212
5000,15,333.3333333333333,4,84001,3420,4.75,0.14334909617900848
5000,15,333.3333333333333,4,84001,3450,4.791666666666667,0.14518213272094727
5000,15,333.3333333333333,4,84001,3480,4.833333333333333,0.14690753817558289
5000,15,333.3333333333333,4,84001,3510,4.875,0.14712150394916534
5000,15,333.3333333333333,4,84001,3540,4.916666666666667,0.14748135209083557
5000,15,333.3333333333333,4,84001,3570,4.958333333333333,0.13980801403522491
5000,15,333.3333333333333,4,84001,3600,5.0,0.14035679399967194
5000,15,333.3333333333333,5,84001,0,0.0,19.90447425842285
5000,15,333.3333333333333,5,84001,30,0.041666666666666664,18.55186653137207
5000,15,333.3333333333333,5,84001,60,0.08333333333333333,17.28169059753418
5000,15,333.3333333333333,5,84001,90,0.125,15.793315887451172
5000,15,333.3333333333333,5,84001,120,0.16666666666666666,14.266215324401855
5000,15,333.3333333333333,5,84001,150,0.20833333333333334,12.946982383728027
5000,15,333.3333333333333,5,84001,180,0.25,12.088581085205078
5000,15,333.3333333333333,5,84001,210,0.2916666666666667,12.118979454040527
5000,15,333.3333333333333,5,84001,240,0.3333333333333333,12.535271644592285
5000,15,333.3333333333333,5,84001,270,0.375,12.570457458496094
5000,15,333.3333333333333,5,84001,300,0.4166666666666667,12.106287956237793
5000,15,333.3333333333333,5,84001,330,0.4583333333333333,11.360501289367676
5000,15,333.3333333333333,5,84001,360,0.5,10.60428237915039
5000,15,333.3333333333333,5,84001,390,0.5416666666666666,10.190816879272461
5000,15,333.3333333333333,5,84001,420,0.5833333333333334,10.028962135314941
5000,15,333.3333333333333,5,84001,450,0.625,10.136175155639648
5000,15,333.3333333333333,5,84001,480,0.6666666666666666,10.261589050292969
5000,15,333.3333333333333,5,84001,510,0.7083333333333334,10.28471565246582
5000,15,333.3333333333333,5,84001,540,0.75,10.025124549865723
5000,15,333.3333333333333,5,84001,570,0.7916666666666666,9.433671951293945
5000,15,333.3333333333333,5,84001,600,0.8333333333333334,8.47677230834961
5000,15,333.3333333333333,5,84001,630,0.875,6.942370891571045
5000,15,333.3333333333333,5,84001,660,0.9166666666666666,5.302476406097412
5000,15,333.3333333333333,5,84001,690,0.9583333333333334,3.5342648029327393
5000,15,333.3333333333333,5,84001,720,1.0,1.8818261623382568
5000,15,333.3333333333333,5,84001,750,1.0416666666666667,0.7889819741249084
5000,15,333.3333333333333,5,84001,780,1.0833333333333333,0.40641871094703674
5000,15,333.3333333333333,5,84001,810,1.125,0.3724611699581146
5000,15,333.3333333333333,5,84001,840,1.1666666666666667,0.35256680846214294
5000,15,333.3333333333333,5,84001,870,1.2083333333333333,0.3280201256275177
5000,15,333.3333333333333,5,84001,900,1.25,0.31812870502471924
5000,15,333.3333333333333,5,84001,930,1.2916666666666667,0.310079962015152
5000,15,333.3333333333333,5,84001,960,1.3333333333333333,0.2984890341758728
5000,15,333.3333333333333,5,84001,990,1.375,0.28673771023750305
5000,15,333.3333333333333,5,84001,1020,1.4166666666666667,0.27231737971305847
5000,15,333.3333333333333,5,84001,1050,1.4583333333333333,0.25163811445236206
5000,15,333.3333333333333,5,84001,1080,1.5,0.22997917234897614
5000,15,333.3333333333333,5,84001,1110,1.5416666666666667,0.22150404751300812
5000,15,333.3333333333333,5,84001,1140,1.5833333333333333,0.21184419095516205
5000,15,333.3333333333333,5,84001,1170,1.625,0.20656435191631317
5000,15,333.3333333333333,5,84001,1200,1.6666666666666667,0.2020479291677475
5000,15,333.3333333333333,5,84001,1230,1.7083333333333333,0.19791916012763977
5000,15,333.3333333333333,5,84001,1260,1.75,0.19313669204711914
5000,15,333.3333333333333,5,84001,1290,1.7916666666666667,0.18842463195323944
5000,15,333.3333333333333,5,84001,1320,1.8333333333333333,0.18377654254436493
5000,15,333.3333333333333,5,84001,1350,1.875,0.17902086675167084
5000,15,333.3333333333333,5,84001,1380,1.9166666666666667,0.16638585925102234
5000,15,333.3333333333333,5,84001,1410,1.9583333333333333,0.16328896582126617
5000,15,333.3333333333333,5,84001,1440,2.0,0.15684573352336884
5000,15,333.3333333333333,5,84001,1470,2.0416666666666665,0.1549832969903946
5000,15,333.3333333333333,5,84001,1500,2.0833333333333335,0.15190161764621735
5000,15,333.3333333333333,5,84001,1530,2.125,0.14997339248657227
5000,15,333.3333333333333,5,84001,1560,2.1666666666666665,0.14880532026290894
5000,15,333.3333333333333,5,84001,1590,2.2083333333333335,0.14804695546627045
5000,15,333.3333333333333,5,84001,1620,2.25,0.14670278131961823
5000,15,333.3333333333333,5,84001,1650,2.2916666666666665,0.14571405947208405
5000,15,333.3333333333333,5,84001,1680,2.3333333333333335,0.14182230830192566
5000,15,333.3333333333333,5,84001,1710,2.375,0.14002780616283417
5000,15,333.3333333333333,5,84001,1740,2.4166666666666665,0.13936051726341248
5000,15,333.3333333333333,5,84001,1770,2.4583333333333335,0.13467587530612946
5000,15,333.3333333333333,5,84001,1800,2.5,0.13525374233722687
5000,15,333.3333333333333,5,84001,1830,2.5416666666666665,0.13466350734233856
5000,15,333.3333333333333,5,84001,1860,2.5833333333333335,0.13399745523929596
5000,15,333.3333333333333,5,84001,1890,2.625,0.13348588347434998
5000,15,333.3333333333333,5,84001,1920,2.6666666666666665,0.13336975872516632
5000,15,333.3333333333333,5,84001,1950,2.7083333333333335,0.13307800889015198
5000,15,333.3333333333333,5,84001,1980,2.75,0.13297154009342194
5000,15,333.3333333333333,5,84001,2010,2.7916666666666665,0.1226029172539711
5000,15,333.3333333333333,5,84001,2040,2.8333333333333335,0.13056547939777374
5000,15,333.3333333333333,5,84001,2070,2.875,0.12609216570854187
5000,15,333.3333333333333,5,84001,2100,2.9166666666666665,0.13058724999427795
5000,15,333.3333333333333,5,84001,2130,2.9583333333333335,0.13060037791728973
5000,15,333.3333333333333,5,84001,2160,3.0,0.13054586946964264
5000,15,333.3333333333333,5,84001,2190,3.0416666666666665,0.13063985109329224
5000,15,333.3333333333333,5,84001,2220,3.0833333333333335,0.13057458400726318
5000,15,333.3333333333333,5,84001,2250,3.125,0.1303747445344925
5000,15,333.3333333333333,5,84001,2280,3.1666666666666665,0.1303299367427826
5000,15,333.3333333333333,5,84001,2310,3.2083333333333335,0.1266910582780838
5000,15,333.3333333333333,5,84001,2340,3.25,0.1275656819343567
5000,15,333.3333333333333,5,84001,2370,3.2916666666666665,0.12494728714227676
5000,15,333.3333333333333,5,84001,2400,3.3333333333333335,0.127493217587471
5000,15,333.3333333333333,5,84001,2430,3.375,0.12721815705299377
5000,15,333.3333333333333,5,84001,2460,3.4166666666666665,0.12698356807231903
5000,15,333.3333333333333,5,84001,2490,3.4583333333333335,0.1267303228378296
5000,15,333.3333333333333,5,84001,2520,3.5,0.12652629613876343
5000,15,333.3333333333333,5,84001,2550,3.5416666666666665,0.1264963150024414
5000,15,333.3333333333333,5,84001,2580,3.5833333333333335,0.12641237676143646
5000,15,333.3333333333333,5,84001,2610,3.625,0.12083733081817627
5000,15,333.3333333333333,5,84001,2640,3.6666666666666665,0.12236092239618301
5000,15,333.3333333333333,5,84001,2670,3.7083333333333335,0.1208091527223587
5000,15,333.3333333333333,5,84001,2700,3.75,0.12472131103277206
5000,15,333.3333333333333,5,84001,2730,3.7916666666666665,0.12473145872354507
5000,15,333.3333333333333,5,84001,2760,3.8333333333333335,0.12452983111143112
5000,15,333.3333333333333,5,84001,2790,3.875,0.12437500059604645
5000,15,333.3333333333333,5,84001,2820,3.9166666666666665,0.12423449754714966
5000,15,333.3333333333333,5,84001,2850,3.9583333333333335,0.12411148846149445
5000,15,333.3333333333333,5,84001,2880,4.0,0.12387201935052872
5000,15,333.3333333333333,5,84001,2910,4.041666666666667,0.1237165629863739
5000,15,333.3333333333333,5,84001,2940,4.083333333333333,0.11928127706050873
5000,15,333.3333333333333,5,84001,2970,4.125,0.12168613076210022
5000,15,333.3333333333333,5,84001,3000,4.166666666666667,0.1197843849658966
5000,15,333.3333333333333,5,84001,3030,4.208333333333333,0.12187948077917099
5000,15,333.3333333333333,5,84001,3060,4.25,0.12189316749572754
5000,15,333.3333333333333,5,84001,3090,4.291666666666667,0.1218024417757988
5000,15,333.3333333333333,5,84001,3120,4.333333333333333,0.12177666276693344
5000,15,333.3333333333333,5,84001,3150,4.375,0.12185433506965637
5000,15,333.3333333333333,5,84001,3180,4.416666666666667,0.12189765274524689
5000,15,333.3333333333333,5,84001,3210,4.458333333333333,0.12195078283548355
5000,15,333.3333333333333,5,84001,3240,4.5,0.11655569076538086
5000,15,333.3333333333333,5,84001,3270,4.541666666666667,0.11668480187654495
5000,15,333.3333333333333,5,84001,3300,4.583333333333333,0.12075740844011307
5000,15,333.3333333333333,5,84001,3330,4.625,0.12082167714834213
5000,15,333.3333333333333,5,84001,3360,4.666666666666667,0.11951816082000732
5000,15,333.3333333333333,5,84001,3390,4.708333333333333,0.12032908946275711
5000,15,333.3333333333333,5,84001,3420,4.75,0.12045896053314209
5000,15,333.3333333333333,5,84001,3450,4.791666666666667,0.12044016271829605
5000,15,333.3333333333333,5,84001,3480,4.833333333333333,0.12036027759313583
5000,15,333.3333333333333,5,84001,3510,4.875,0.12035465985536575
5000,15,333.3333333333333,5,84001,3540,4.916666666666667,0.12037297338247299
5000,15,333.3333333333333,5,84001,3570,4.958333333333333,0.11677028983831406
5000,15,333.3333333333333,5,84001,3600,5.0,0.11840896308422089
5000,18,277.77777777777777,0,84000,0,0.0,19.773012161254883
5000,18,277.77777777777777,0,84000,30,0.041666666666666664,18.11092758178711
5000,18,277.77777777777777,0,84000,60,0.08333333333333333,16.483224868774414
5000,18,277.77777777777777,0,84000,90,0.125,14.746216773986816
5000,18,277.77777777777777,0,84000,120,0.16666666666666666,13.108712196350098
5000,18,277.77777777777777,0,84000,150,0.20833333333333334,11.545687675476074
5000,18,277.77777777777777,0,84000,180,0.25,10.492949485778809
5000,18,277.77777777777777,0,84000,210,0.2916666666666667,10.14220142364502
5000,18,277.77777777777777,0,84000,240,0.3333333333333333,9.888532638549805
5000,18,277.77777777777777,0,84000,270,0.375,9.142878532409668
5000,18,277.77777777777777,0,84000,300,0.4166666666666667,8.278716087341309
5000,18,277.77777777777777,0,84000,330,0.4583333333333333,7.58237361907959
5000,18,277.77777777777777,0,84000,360,0.5,7.317169666290283
5000,18,277.77777777777777,0,84000,390,0.5416666666666666,7.155693531036377
5000,18,277.77777777777777,0,84000,420,0.5833333333333334,7.072790622711182
5000,18,277.77777777777777,0,84000,450,0.625,7.01617956161499
5000,18,277.77777777777777,0,84000,480,0.6666666666666666,6.5968828201293945
5000,18,277.77777777777777,0,84000,510,0.7083333333333334,5.923491477966309
5000,18,277.77777777777777,0,84000,540,0.75,4.816694736480713
5000,18,277.77777777777777,0,84000,570,0.7916666666666666,3.203366756439209
5000,18,277.77777777777777,0,84000,600,0.8333333333333334,1.663480520248413
5000,18,277.77777777777777,0,84000,630,0.875,0.6884840130805969
5000,18,277.77777777777777,0,84000,660,0.9166666666666666,0.39847928285598755
5000,18,277.77777777777777,0,84000,690,0.9583333333333334,0.28907641768455505
5000,18,277.77777777777777,0,84000,720,1.0,0.28265440464019775
5000,18,277.77777777777777,0,84000,750,1.0416666666666667,0.26990315318107605
5000,18,277.77777777777777,0,84000,780,1.0833333333333333,0.2633872628211975
5000,18,277.77777777777777,0,84000,810,1.125,0.2560478150844574
5000,18,277.77777777777777,0,84000,840,1.1666666666666667,0.24567808210849762
5000,18,277.77777777777777,0,84000,870,1.2083333333333333,0.23381604254245758
5000,18,277.77777777777777,0,84000,900,1.25,0.2225407510995865
5000,18,277.77777777777777,0,84000,930,1.2916666666666667,0.2105431705713272
5000,18,277.77777777777777,0,84000,960,1.3333333333333333,0.2035754919052124
5000,18,277.77777777777777,0,84000,990,1.375,0.19974401593208313
5000,18,277.77777777777777,0,84000,1020,1.4166666666666667,0.19594630599021912
5000,18,277.77777777777777,0,84000,1050,1.4583333333333333,0.19128547608852386
5000,18,277.77777777777777,0,84000,1080,1.5,0.18625344336032867
5000,18,277.77777777777777,0,84000,1110,1.5416666666666667,0.1797596961259842
5000,18,277.77777777777777,0,84000,1140,1.5833333333333333,0.17214927077293396
5000,18,277.77777777777777,0,84000,1170,1.625,0.16330590844154358
5000,18,277.77777777777777,0,84000,1200,1.6666666666666667,0.15583686530590057
5000,18,277.77777777777777,0,84000,1230,1.7083333333333333,0.14752823114395142
5000,18,277.77777777777777,0,84000,1260,1.75,0.14282554388046265
5000,18,277.77777777777777,0,84000,1290,1.7916666666666667,0.13939286768436432
5000,18,277.77777777777777,0,84000,1320,1.8333333333333333,0.1364176720380783
5000,18,277.77777777777777,0,84000,1350,1.875,0.13357041776180267
5000,18,277.77777777777777,0,84000,1380,1.9166666666666667,0.1304732859134674
5000,18,277.77777777777777,0,84000,1410,1.9583333333333333,0.12750037014484406
5000,18,277.77777777777777,0,84000,1440,2.0,0.1245906874537468
5000,18,277.77777777777777,0,84000,1470,2.0416666666666665,0.12188833951950073
5000,18,277.77777777777777,0,84000,1500,2.0833333333333335,0.11961217224597931
5000,18,277.77777777777777,0,84000,1530,2.125,0.11753302067518234
5000,18,277.77777777777777,0,84000,1560,2.1666666666666665,0.11602050811052322
5000,18,277.77777777777777,0,84000,1590,2.2083333333333335,0.11465705931186676
5000,18,277.77777777777777,0,84000,1620,2.25,0.11362159252166748
5000,18,277.77777777777777,0,84000,1650,2.2916666666666665,0.11238656938076019
5000,18,277.77777777777777,0,84000,1680,2.3333333333333335,0.11143741756677628
5000,18,277.77777777777777,0,84000,1710,2.375,0.11044669151306152
5000,18,277.77777777777777,0,84000,1740,2.4166666666666665,0.1095455065369606
5000,18,277.77777777777777,0,84000,1770,2.4583333333333335,0.10860197991132736
5000,18,277.77777777777777,0,84000,1800,2.5,0.10778271406888962
5000,18,277.77777777777777,0,84000,1830,2.5416666666666665,0.10701701790094376
5000,18,277.77777777777777,0,84000,1860,2.5833333333333335,0.10654457658529282
5000,18,277.77777777777777,0,84000,1890,2.625,0.1062268540263176
5000,18,277.77777777777777,0,84000,1920,2.6666666666666665,0.10594450682401657
5000,18,277.77777777777777,0,84000,1950,2.7083333333333335,0.10584939271211624
5000,18,277.77777777777777,0,84000,1980,2.75,0.1058541014790535
5000,18,277.77777777777777,0,84000,2010,2.7916666666666665,0.10591708868741989
5000,18,277.77777777777777,0,84000,2040,2.8333333333333335,0.10582379251718521
5000,18,277.77777777777777,0,84000,2070,2.875,0.10585079342126846
5000,18,277.77777777777777,0,84000,2100,2.9166666666666665,0.10579096525907516
5000,18,277.77777777777777,0,84000,2130,2.9583333333333335,0.10561015456914902
5000,18,277.77777777777777,0,84000,2160,3.0,0.10555362701416016
5000,18,277.77777777777777,0,84000,2190,3.0416666666666665,0.10534077137708664
5000,18,277.77777777777777,0,84000,2220,3.0833333333333335,0.10499880462884903
5000,18,277.77777777777777,0,84000,2250,3.125,0.10473696142435074
5000,18,277.77777777777777,0,84000,2280,3.1666666666666665,0.10429499298334122
5000,18,277.77777777777777,0,84000,2310,3.2083333333333335,0.10384172201156616
5000,18,277.77777777777777,0,84000,2340,3.25,0.10353388637304306
5000,18,277.77777777777777,0,84000,2370,3.2916666666666665,0.10306340456008911
5000,18,277.77777777777777,0,84000,2400,3.3333333333333335,0.10271337628364563
5000,18,277.77777777777777,0,84000,2430,3.375,0.10234114527702332
5000,18,277.77777777777777,0,84000,2460,3.4166666666666665,0.10200303792953491
5000,18,277.77777777777777,0,84000,2490,3.4583333333333335,0.1017405316233635
5000,18,277.77777777777777,0,84000,2520,3.5,0.10159680247306824
5000,18,277.77777777777777,0,84000,2550,3.5416666666666665,0.10136281698942184
5000,18,277.77777777777777,0,84000,2580,3.5833333333333335,0.10111076384782791
5000,18,277.77777777777777,0,84000,2610,3.625,0.10097982734441757
5000,18,277.77777777777777,0,84000,2640,3.6666666666666665,0.1008932888507843
5000,18,277.77777777777777,0,84000,2670,3.7083333333333335,0.10071156919002533
5000,18,277.77777777777777,0,84000,2700,3.75,0.1006946787238121
5000,18,277.77777777777777,0,84000,2730,3.7916666666666665,0.1003725677728653
5000,18,277.77777777777777,0,84000,2760,3.8333333333333335,0.1001247838139534
5000,18,277.77777777777777,0,84000,2790,3.875,0.10003063827753067
5000,18,277.77777777777777,0,84000,2820,3.9166666666666665,0.09997774660587311
5000,18,277.77777777777777,0,84000,2850,3.9583333333333335,0.09971874952316284
5000,18,277.77777777777777,0,84000,2880,4.0,0.0995989516377449
5000,18,277.77777777777777,0,84000,2910,4.041666666666667,0.09935613721609116
5000,18,277.77777777777777,0,84000,2940,4.083333333333333,0.09910841286182404
5000,18,277.77777777777777,0,84000,2970,4.125,0.09890440851449966
5000,18,277.77777777777777,0,84000,3000,4.166666666666667,0.09859374910593033
5000,18,277.77777777777777,0,84000,3030,4.208333333333333,0.09859499335289001
5000,18,277.77777777777777,0,84000,3060,4.25,0.09837187826633453
5000,18,277.77777777777777,0,84000,3090,4.291666666666667,0.09813731163740158
5000,18,277.77777777777777,0,84000,3120,4.333333333333333,0.09796687960624695
5000,18,277.77777777777777,0,84000,3150,4.375,0.0977935791015625
5000,18,277.77777777777777,0,84000,3180,4.416666666666667,0.09769733250141144
5000,18,277.77777777777777,0,84000,3210,4.458333333333333,0.09765616804361343
5000,18,277.77777777777777,0,84000,3240,4.5,0.09758098423480988
5000,18,277.77777777777777,0,84000,3270,4.541666666666667,0.09754864871501923
5000,18,277.77777777777777,0,84000,3300,4.583333333333333,0.09746727347373962
5000,18,277.77777777777777,0,84000,3330,4.625,0.09743496775627136
5000,18,277.77777777777777,0,84000,3360,4.666666666666667,0.0973002016544342
5000,18,277.77777777777777,0,84000,3390,4.708333333333333,0.0972764864563942
5000,18,277.77777777777777,0,84000,3420,4.75,0.09712953865528107
5000,18,277.77777777777777,0,84000,3450,4.791666666666667,0.09693176299333572
5000,18,277.77777777777777,0,84000,3480,4.833333333333333,0.09682946652173996
5000,18,277.77777777777777,0,84000,3510,4.875,0.09670519828796387
5000,18,277.77777777777777,0,84000,3540,4.916666666666667,0.09660475701093674
5000,18,277.77777777777777,0,84000,3570,4.958333333333333,0.09648589789867401
5000,18,277.77777777777777,0,84000,3600,5.0,0.09632925689220428
5000,18,277.77777777777777,1,84000,0,0.0,19.926406860351562
5000,18,277.77777777777777,1,84000,30,0.041666666666666664,18.31079864501953
5000,18,277.77777777777777,1,84000,60,0.08333333333333333,16.637855529785156
5000,18,277.77777777777777,1,84000,90,0.125,14.932798385620117
5000,18,277.77777777777777,1,84000,120,0.16666666666666666,13.158594131469727
5000,18,277.77777777777777,1,84000,150,0.20833333333333334,11.56240463256836
5000,18,277.77777777777777,1,84000,180,0.25,10.522890090942383
5000,18,277.77777777777777,1,84000,210,0.2916666666666667,10.297323226928711
5000,18,277.77777777777777,1,84000,240,0.3333333333333333,10.022554397583008
5000,18,277.77777777777777,1,84000,270,0.375,9.366251945495605
5000,18,277.77777777777777,1,84000,300,0.4166666666666667,8.430541038513184
5000,18,277.77777777777777,1,84000,330,0.4583333333333333,7.676568031311035
5000,18,277.77777777777777,1,84000,360,0.5,7.281973361968994
5000,18,277.77777777777777,1,84000,390,0.5416666666666666,7.276867389678955
5000,18,277.77777777777777,1,84000,420,0.5833333333333334,7.188440799713135
5000,18,277.77777777777777,1,84000,450,0.625,7.00998592376709
5000,18,277.77777777777777,1,84000,480,0.6666666666666666,6.612288475036621
5000,18,277.77777777777777,1,84000,510,0.7083333333333334,5.918124198913574
5000,18,277.77777777777777,1,84000,540,0.75,4.79740047454834
5000,18,277.77777777777777,1,84000,570,0.7916666666666666,3.406419515609741
5000,18,277.77777777777777,1,84000,600,0.8333333333333334,1.8214597702026367
5000,18,277.77777777777777,1,84000,630,0.875,0.7589185237884521
5000,18,277.77777777777777,1,84000,660,0.9166666666666666,0.3384927213191986
5000,18,277.77777777777777,1,84000,690,0.9583333333333334,0.2900196313858032
5000,18,277.77777777777777,1,84000,720,1.0,0.27889755368232727
5000,18,277.77777777777777,1,84000,750,1.0416666666666667,0.27329492568969727
5000,18,277.77777777777777,1,84000,780,1.0833333333333333,0.26571500301361084
5000,18,277.77777777777777,1,84000,810,1.125,0.25738054513931274
5000,18,277.77777777777777,1,84000,840,1.1666666666666667,0.2463492453098297
5000,18,277.77777777777777,1,84000,870,1.2083333333333333,0.2336203157901764
5000,18,277.77777777777777,1,84000,900,1.25,0.22168906033039093
5000,18,277.77777777777777,1,84000,930,1.2916666666666667,0.2119426280260086
5000,18,277.77777777777777,1,84000,960,1.3333333333333333,0.20371738076210022
5000,18,277.77777777777777,1,84000,990,1.375,0.19937394559383392
5000,18,277.77777777777777,1,84000,1020,1.4166666666666667,0.1949118673801422
5000,18,277.77777777777777,1,84000,1050,1.4583333333333333,0.19062219560146332
5000,18,277.77777777777777,1,84000,1080,1.5,0.18498903512954712
5000,18,277.77777777777777,1,84000,1110,1.5416666666666667,0.17848894000053406
5000,18,277.77777777777777,1,84000,1140,1.5833333333333333,0.17029672861099243
5000,18,277.77777777777777,1,84000,1170,1.625,0.16133370995521545
5000,18,277.77777777777777,1,84000,1200,1.6666666666666667,0.15306925773620605
5000,18,277.77777777777777,1,84000,1230,1.7083333333333333,0.14661218225955963
5000,18,277.77777777777777,1,84000,1260,1.75,0.14160221815109253
5000,18,277.77777777777777,1,84000,1290,1.7916666666666667,0.1388426274061203
5000,18,277.77777777777777,1,84000,1320,1.8333333333333333,0.13603530824184418
5000,18,277.77777777777777,1,84000,1350,1.875,0.13342423737049103
5000,18,277.77777777777777,1,84000,1380,1.9166666666666667,0.13077299296855927
5000,18,277.77777777777777,1,84000,1410,1.9583333333333333,0.12785711884498596
5000,18,277.77777777777777,1,84000,1440,2.0,0.12490781396627426
5000,18,277.77777777777777,1,84000,1470,2.0416666666666665,0.12173756957054138
5000,18,277.77777777777777,1,84000,1500,2.0833333333333335,0.11958406865596771
5000,18,277.77777777777777,1,84000,1530,2.125,0.11742070317268372
5000,18,277.77777777777777,1,84000,1560,2.1666666666666665,0.11603924632072449
5000,18,277.77777777777777,1,84000,1590,2.2083333333333335,0.11461123079061508
5000,18,277.77777777777777,1,84000,1620,2.25,0.1136762946844101
5000,18,277.77777777777777,1,84000,1650,2.2916666666666665,0.11253133416175842
5000,18,277.77777777777777,1,84000,1680,2.3333333333333335,0.11136206239461899
5000,18,277.77777777777777,1,84000,1710,2.375,0.11016357690095901
5000,18,277.77777777777777,1,84000,1740,2.4166666666666665,0.10923931002616882
5000,18,277.77777777777777,1,84000,1770,2.4583333333333335,0.1083851084113121
5000,18,277.77777777777777,1,84000,1800,2.5,0.1077377051115036
5000,18,277.77777777777777,1,84000,1830,2.5416666666666665,0.10720495879650116
5000,18,277.77777777777777,1,84000,1860,2.5833333333333335,0.10673205554485321
5000,18,277.77777777777777,1,84000,1890,2.625,0.10644055157899857
5000,18,277.77777777777777,1,84000,1920,2.6666666666666665,0.10609206557273865
5000,18,277.77777777777777,1,84000,1950,2.7083333333333335,0.10587827116250992
5000,18,277.77777777777777,1,84000,1980,2.75,0.10574383288621902
5000,18,277.77777777777777,1,84000,2010,2.7916666666666665,0.10562204569578171
5000,18,277.77777777777777,1,84000,2040,2.8333333333333335,0.10549724102020264
5000,18,277.77777777777777,1,84000,2070,2.875,0.10537231713533401
5000,18,277.77777777777777,1,84000,2100,2.9166666666666665,0.10526015609502792
5000,18,277.77777777777777,1,84000,2130,2.9583333333333335,0.10524875670671463
5000,18,277.77777777777777,1,84000,2160,3.0,0.10499677807092667
5000,18,277.77777777777777,1,84000,2190,3.0416666666666665,0.10476604104042053
5000,18,277.77777777777777,1,84000,2220,3.0833333333333335,0.10453247278928757
5000,18,277.77777777777777,1,84000,2250,3.125,0.10428640246391296
5000,18,277.77777777777777,1,84000,2280,3.1666666666666665,0.1040407344698906
5000,18,277.77777777777777,1,84000,2310,3.2083333333333335,0.10368612408638
5000,18,277.77777777777777,1,84000,2340,3.25,0.10327038913965225
5000,18,277.77777777777777,1,84000,2370,3.2916666666666665,0.10295244306325912
5000,18,277.77777777777777,1,84000,2400,3.3333333333333335,0.10270737111568451
5000,18,277.77777777777777,1,84000,2430,3.375,0.10234926640987396
5000,18,277.77777777777777,1,84000,2460,3.4166666666666665,0.10216530412435532
5000,18,277.77777777777777,1,84000,2490,3.4583333333333335,0.1019010841846466
5000,18,277.77777777777777,1,84000,2520,3.5,0.10161159932613373
5000,18,277.77777777777777,1,84000,2550,3.5416666666666665,0.10134302824735641
5000,18,277.77777777777777,1,84000,2580,3.5833333333333335,0.10119485855102539
5000,18,277.77777777777777,1,84000,2610,3.625,0.10104262828826904
5000,18,277.77777777777777,1,84000,2640,3.6666666666666665,0.10089366137981415
5000,18,277.77777777777777,1,84000,2670,3.7083333333333335,0.10069075971841812
5000,18,277.77777777777777,1,84000,2700,3.75,0.10050497949123383
5000,18,277.77777777777777,1,84000,2730,3.7916666666666665,0.10037441551685333
5000,18,277.77777777777777,1,84000,2760,3.8333333333333335,0.10026024281978607
5000,18,277.77777777777777,1,84000,2790,3.875,0.10015968978404999
5000,18,277.77777777777777,1,84000,2820,3.9166666666666665,0.09993533045053482
5000,18,277.77777777777777,1,84000,2850,3.9583333333333335,0.09984838217496872
5000,18,277.77777777777777,1,84000,2880,4.0,0.09966259449720383
5000,18,277.77777777777777,1,84000,2910,4.041666666666667,0.09934107959270477
5000,18,277.77777777777777,1,84000,2940,4.083333333333333,0.09897928684949875
5000,18,277.77777777777777,1,84000,2970,4.125,0.09868140518665314
5000,18,277.77777777777777,1,84000,3000,4.166666666666667,0.09846309572458267
5000,18,277.77777777777777,1,84000,3030,4.208333333333333,0.09829436242580414
5000,18,277.77777777777777,1,84000,3060,4.25,0.0981280654668808
5000,18,277.77777777777777,1,84000,3090,4.291666666666667,0.09805529564619064
5000,18,277.77777777777777,1,84000,3120,4.333333333333333,0.09804802387952805
5000,18,277.77777777777777,1,84000,3150,4.375,0.09785935282707214
5000,18,277.77777777777777,1,84000,3180,4.416666666666667,0.09778624773025513
5000,18,277.77777777777777,1,84000,3210,4.458333333333333,0.09770376980304718
5000,18,277.77777777777777,1,84000,3240,4.5,0.09767094999551773
5000,18,277.77777777777777,1,84000,3270,4.541666666666667,0.09757846593856812
5000,18,277.77777777777777,1,84000,3300,4.583333333333333,0.09747444093227386
5000,18,277.77777777777777,1,84000,3330,4.625,0.09746041893959045
5000,18,277.77777777777777,1,84000,3360,4.666666666666667,0.09726705402135849
5000,18,277.77777777777777,1,84000,3390,4.708333333333333,0.09718161821365356
5000,18,277.77777777777777,1,84000,3420,4.75,0.09706578403711319
5000,18,277.77777777777777,1,84000,3450,4.791666666666667,0.09709834307432175
5000,18,277.77777777777777,1,84000,3480,4.833333333333333,0.09689556062221527
5000,18,277.77777777777777,1,84000,3510,4.875,0.09659174829721451
5000,18,277.77777777777777,1,84000,3540,4.916666666666667,0.09646094590425491
5000,18,277.77777777777777,1,84000,3570,4.958333333333333,0.09629322588443756
5000,18,277.77777777777777,1,84000,3600,5.0,0.09621850401163101
5000,18,277.77777777777777,2,84000,0,0.0,19.840547561645508
5000,18,277.77777777777777,2,84000,30,0.041666666666666664,18.208742141723633
5000,18,277.77777777777777,2,84000,60,0.08333333333333333,16.672103881835938
5000,18,277.77777777777777,2,84000,90,0.125,14.912625312805176
5000,18,277.77777777777777,2,84000,120,0.16666666666666666,13.176855087280273
5000,18,277.77777777777777,2,84000,150,0.20833333333333334,11.74559497833252
5000,18,277.77777777777777,2,84000,180,0.25,10.626497268676758
5000,18,277.77777777777777,2,84000,210,0.2916666666666667,10.262289047241211
5000,18,277.77777777777777,2,84000,240,0.3333333333333333,10.062600135803223
5000,18,277.77777777777777,2,84000,270,0.375,9.30042839050293
5000,18,277.77777777777777,2,84000,300,0.4166666666666667,8.400032997131348
5000,18,277.77777777777777,2,84000,330,0.4583333333333333,7.659977912902832
5000,18,277.77777777777777,2,84000,360,0.5,7.301586151123047
5000,18,277.77777777777777,2,84000,390,0.5416666666666666,7.221870422363281
5000,18,277.77777777777777,2,84000,420,0.5833333333333334,7.236550807952881
5000,18,277.77777777777777,2,84000,450,0.625,7.137735843658447
5000,18,277.77777777777777,2,84000,480,0.6666666666666666,6.8021674156188965
5000,18,277.77777777777777,2,84000,510,0.7083333333333334,6.077788829803467
5000,18,277.77777777777777,2,84000,540,0.75,4.92686653137207
5000,18,277.77777777777777,2,84000,570,0.7916666666666666,3.483776569366455
5000,18,277.77777777777777,2,84000,600,0.8333333333333334,1.885556697845459
5000,18,277.77777777777777,2,84000,630,0.875,0.8057587146759033
5000,18,277.77777777777777,2,84000,660,0.9166666666666666,0.3368583917617798
5000,18,277.77777777777777,2,84000,690,0.9583333333333334,0.29004478454589844
5000,18,277.77777777777777,2,84000,720,1.0,0.2788388133049011
5000,18,277.77777777777777,2,84000,750,1.0416666666666667,0.2719099521636963
5000,18,277.77777777777777,2,84000,780,1.0833333333333333,0.2634611129760742
5000,18,277.77777777777777,2,84000,810,1.125,0.2556590735912323
5000,18,277.77777777777777,2,84000,840,1.1666666666666667,0.2456774115562439
5000,18,277.77777777777777,2,84000,870,1.2083333333333333,0.23422546684741974
5000,18,277.77777777777777,2,84000,900,1.25,0.2222491204738617
5000,18,277.77777777777777,2,84000,930,1.2916666666666667,0.21121838688850403
5000,18,277.77777777777777,2,84000,960,1.3333333333333333,0.20473667979240417
5000,18,277.77777777777777,2,84000,990,1.375,0.1992977261543274
5000,18,277.77777777777777,2,84000,1020,1.4166666666666667,0.1957661360502243
5000,18,277.77777777777777,2,84000,1050,1.4583333333333333,0.19153086841106415
5000,18,277.77777777777777,2,84000,1080,1.5,0.18577271699905396
5000,18,277.77777777777777,2,84000,1110,1.5416666666666667,0.17930664122104645
5000,18,277.77777777777777,2,84000,1140,1.5833333333333333,0.17133961617946625
5000,18,277.77777777777777,2,84000,1170,1.625,0.16293533146381378
5000,18,277.77777777777777,2,84000,1200,1.6666666666666667,0.15435652434825897
5000,18,277.77777777777777,2,84000,1230,1.7083333333333333,0.14694243669509888
5000,18,277.77777777777777,2,84000,1260,1.75,0.14246828854084015
5000,18,277.77777777777777,2,84000,1290,1.7916666666666667,0.1389153003692627
5000,18,277.77777777777777,2,84000,1320,1.8333333333333333,0.1361851543188095
5000,18,277.77777777777777,2,84000,1350,1.875,0.1336626410484314
5000,18,277.77777777777777,2,84000,1380,1.9166666666666667,0.131173774600029
5000,18,277.77777777777777,2,84000,1410,1.9583333333333333,0.12794899940490723
5000,18,277.77777777777777,2,84000,1440,2.0,0.12515315413475037
5000,18,277.77777777777777,2,84000,1470,2.0416666666666665,0.1224619597196579
5000,18,277.77777777777777,2,84000,1500,2.0833333333333335,0.11984304338693619
5000,18,277.77777777777777,2,84000,1530,2.125,0.11798074841499329
5000,18,277.77777777777777,2,84000,1560,2.1666666666666665,0.11609869450330734
5000,18,277.77777777777777,2,84000,1590,2.2083333333333335,0.11464394629001617
5000,18,277.77777777777777,2,84000,1620,2.25,0.11354255676269531
5000,18,277.77777777777777,2,84000,1650,2.2916666666666665,0.11251658946275711
5000,18,277.77777777777777,2,84000,1680,2.3333333333333335,0.11162438988685608
5000,18,277.77777777777777,2,84000,1710,2.375,0.11080380529165268
5000,18,277.77777777777777,2,84000,1740,2.4166666666666665,0.10987131297588348
5000,18,277.77777777777777,2,84000,1770,2.4583333333333335,0.10882183909416199
5000,18,277.77777777777777,2,84000,1800,2.5,0.10795994848012924
5000,18,277.77777777777777,2,84000,1830,2.5416666666666665,0.10736864060163498
5000,18,277.77777777777777,2,84000,1860,2.5833333333333335,0.10687336325645447
5000,18,277.77777777777777,2,84000,1890,2.625,0.10633460432291031
5000,18,277.77777777777777,2,84000,1920,2.6666666666666665,0.10608178377151489
5000,18,277.77777777777777,2,84000,1950,2.7083333333333335,0.10585881024599075
5000,18,277.77777777777777,2,84000,1980,2.75,0.10571851581335068
5000,18,277.77777777777777,2,84000,2010,2.7916666666666665,0.10557615011930466
5000,18,277.77777777777777,2,84000,2040,2.8333333333333335,0.10555461794137955
5000,18,277.77777777777777,2,84000,2070,2.875,0.10551269352436066
5000,18,277.77777777777777,2,84000,2100,2.9166666666666665,0.10538510978221893
5000,18,277.77777777777777,2,84000,2130,2.9583333333333335,0.1052628755569458
5000,18,277.77777777777777,2,84000,2160,3.0,0.10516206175088882
5000,18,277.77777777777777,2,84000,2190,3.0416666666666665,0.10487409681081772
5000,18,277.77777777777777,2,84000,2220,3.0833333333333335,0.10467797517776489
5000,18,277.77777777777777,2,84000,2250,3.125,0.10447618365287781
5000,18,277.77777777777777,2,84000,2280,3.1666666666666665,0.10412322729825974
5000,18,277.77777777777777,2,84000,2310,3.2083333333333335,0.1037946417927742
5000,18,277.77777777777777,2,84000,2340,3.25,0.10334198921918869
5000,18,277.77777777777777,2,84000,2370,3.2916666666666665,0.10288911312818527
5000,18,277.77777777777777,2,84000,2400,3.3333333333333335,0.10239753127098083
5000,18,277.77777777777777,2,84000,2430,3.375,0.1021081954240799
5000,18,277.77777777777777,2,84000,2460,3.4166666666666665,0.10188135504722595
5000,18,277.77777777777777,2,84000,2490,3.4583333333333335,0.10168017446994781
5000,18,277.77777777777777,2,84000,2520,3.5,0.10154317319393158
5000,18,277.77777777777777,2,84000,2550,3.5416666666666665,0.10135824978351593
5000,18,277.77777777777777,2,84000,2580,3.5833333333333335,0.10125242918729782
5000,18,277.77777777777777,2,84000,2610,3.625,0.10102677345275879
5000,18,277.77777777777777,2,84000,2640,3.6666666666666665,0.10083591938018799
5000,18,277.77777777777777,2,84000,2670,3.7083333333333335,0.10079653561115265
5000,18,277.77777777777777,2,84000,2700,3.75,0.1003798395395279
5000,18,277.77777777777777,2,84000,2730,3.7916666666666665,0.10022028535604477
5000,18,277.77777777777777,2,84000,2760,3.8333333333333335,0.10001606494188309
5000,18,277.77777777777777,2,84000,2790,3.875,0.09983346611261368
5000,18,277.77777777777777,2,84000,2820,3.9166666666666665,0.0995815321803093
5000,18,277.77777777777777,2,84000,2850,3.9583333333333335,0.09942081570625305
5000,18,277.77777777777777,2,84000,2880,4.0,0.09919262677431107
5000,18,277.77777777777777,2,84000,2910,4.041666666666667,0.09899748116731644
5000,18,277.77777777777777,2,84000,2940,4.083333333333333,0.09877654910087585
5000,18,277.77777777777777,2,84000,2970,4.125,0.0985676646232605
5000,18,277.77777777777777,2,84000,3000,4.166666666666667,0.0983743965625763
5000,18,277.77777777777777,2,84000,3030,4.208333333333333,0.09827833622694016
5000,18,277.77777777777777,2,84000,3060,4.25,0.09816960990428925
5000,18,277.77777777777777,2,84000,3090,4.291666666666667,0.09800996631383896
5000,18,277.77777777777777,2,84000,3120,4.333333333333333,0.0979951024055481
5000,18,277.77777777777777,2,84000,3150,4.375,0.09793400019407272
5000,18,277.77777777777777,2,84000,3180,4.416666666666667,0.09794233739376068
5000,18,277.77777777777777,2,84000,3210,4.458333333333333,0.09782373905181885
5000,18,277.77777777777777,2,84000,3240,4.5,0.09759647399187088
5000,18,277.77777777777777,2,84000,3270,4.541666666666667,0.09749054163694382
5000,18,277.77777777777777,2,84000,3300,4.583333333333333,0.09748867899179459
5000,18,277.77777777777777,2,84000,3330,4.625,0.09729678928852081
5000,18,277.77777777777777,2,84000,3360,4.666666666666667,0.09714480489492416
5000,18,277.77777777777777,2,84000,3390,4.708333333333333,0.09707613289356232
5000,18,277.77777777777777,2,84000,3420,4.75,0.09698197990655899
5000,18,277.77777777777777,2,84000,3450,4.791666666666667,0.09688097983598709
5000,18,277.77777777777777,2,84000,3480,4.833333333333333,0.096695177257061
5000,18,277.77777777777777,2,84000,3510,4.875,0.09649325907230377
5000,18,277.77777777777777,2,84000,3540,4.916666666666667,0.09637533873319626
5000,18,277.77777777777777,2,84000,3570,4.958333333333333,0.09620945155620575
5000,18,277.77777777777777,2,84000,3600,5.0,0.09613734483718872
5000,18,277.77777777777777,3,84001,0,0.0,20.061416625976562
5000,18,277.77777777777777,3,84001,30,0.041666666666666664,18.3508243560791
5000,18,277.77777777777777,3,84001,60,0.08333333333333333,16.65840721130371
5000,18,277.77777777777777,3,84001,90,0.125,14.894743919372559
5000,18,277.77777777777777,3,84001,120,0.16666666666666666,13.13753604888916
5000,18,277.77777777777777,3,84001,150,0.20833333333333334,11.54127311706543
5000,18,277.77777777777777,3,84001,180,0.25,10.531495094299316
5000,18,277.77777777777777,3,84001,210,0.2916666666666667,10.126274108886719
5000,18,277.77777777777777,3,84001,240,0.3333333333333333,9.941162109375
5000,18,277.77777777777777,3,84001,270,0.375,9.170116424560547
5000,18,277.77777777777777,3,84001,300,0.4166666666666667,8.254993438720703
5000,18,277.77777777777777,3,84001,330,0.4583333333333333,7.562858581542969
5000,18,277.77777777777777,3,84001,360,0.5,7.215689182281494
5000,18,277.77777777777777,3,84001,390,0.5416666666666666,7.258942127227783
5000,18,277.77777777777777,3,84001,420,0.5833333333333334,7.275753974914551
5000,18,277.77777777777777,3,84001,450,0.625,7.147174835205078
5000,18,277.77777777777777,3,84001,480,0.6666666666666666,6.751401424407959
5000,18,277.77777777777777,3,84001,510,0.7083333333333334,5.977103233337402
5000,18,277.77777777777777,3,84001,540,0.75,4.88824987411499
5000,18,277.77777777777777,3,84001,570,0.7916666666666666,3.3827836513519287
5000,18,277.77777777777777,3,84001,600,0.8333333333333334,1.810114860534668
5000,18,277.77777777777777,3,84001,630,0.875,0.7811097502708435
5000,18,277.77777777777777,3,84001,660,0.9166666666666666,0.3818710148334503
5000,18,277.77777777777777,3,84001,690,0.9583333333333334,0.30189839005470276
5000,18,277.77777777777777,3,84001,720,1.0,0.29047372937202454
5000,18,277.77777777777777,3,84001,750,1.0416666666666667,0.28607577085494995
5000,18,277.77777777777777,3,84001,780,1.0833333333333333,0.2794562876224518
5000,18,277.77777777777777,3,84001,810,1.125,0.2750825881958008
5000,18,277.77777777777777,3,84001,840,1.1666666666666667,0.26906368136405945
5000,18,277.77777777777777,3,84001,870,1.2083333333333333,0.2578997015953064
5000,18,277.77777777777777,3,84001,900,1.25,0.22580385208129883
5000,18,277.77777777777777,3,84001,930,1.2916666666666667,0.215279683470726
5000,18,277.77777777777777,3,84001,960,1.3333333333333333,0.20827749371528625
5000,18,277.77777777777777,3,84001,990,1.375,0.20368285477161407
5000,18,277.77777777777777,3,84001,1020,1.4166666666666667,0.1984097957611084
5000,18,277.77777777777777,3,84001,1050,1.4583333333333333,0.1938026398420334
5000,18,277.77777777777777,3,84001,1080,1.5,0.18807919323444366
5000,18,277.77777777777777,3,84001,1110,1.5416666666666667,0.18199768662452698
5000,18,277.77777777777777,3,84001,1140,1.5833333333333333,0.17255280911922455
5000,18,277.77777777777777,3,84001,1170,1.625,0.16795210540294647
5000,18,277.77777777777777,3,84001,1200,1.6666666666666667,0.15953472256660461
5000,18,277.77777777777777,3,84001,1230,1.7083333333333333,0.15246613323688507
5000,18,277.77777777777777,3,84001,1260,1.75,0.14782920479774475
5000,18,277.77777777777777,3,84001,1290,1.7916666666666667,0.1444374918937683
5000,18,277.77777777777777,3,84001,1320,1.8333333333333333,0.14177612960338593
5000,18,277.77777777777777,3,84001,1350,1.875,0.1391347497701645
5000,18,277.77777777777777,3,84001,1380,1.9166666666666667,0.1300896853208542
5000,18,277.77777777777777,3,84001,1410,1.9583333333333333,0.1317930966615677
5000,18,277.77777777777777,3,84001,1440,2.0,0.12931987643241882
5000,18,277.77777777777777,3,84001,1470,2.0416666666666665,0.12633655965328217
5000,18,277.77777777777777,3,84001,1500,2.0833333333333335,0.12386369705200195
5000,18,277.77777777777777,3,84001,1530,2.125,0.12229715287685394
5000,18,277.77777777777777,3,84001,1560,2.1666666666666665,0.12089844793081284
5000,18,277.77777777777777,3,84001,1590,2.2083333333333335,0.11979903280735016
5000,18,277.77777777777777,3,84001,1620,2.25,0.11873621493577957
5000,18,277.77777777777777,3,84001,1650,2.2916666666666665,0.1130131334066391
5000,18,277.77777777777777,3,84001,1680,2.3333333333333335,0.11671027541160583
5000,18,277.77777777777777,3,84001,1710,2.375,0.11617280542850494
5000,18,277.77777777777777,3,84001,1740,2.4166666666666665,0.1151968240737915
5000,18,277.77777777777777,3,84001,1770,2.4583333333333335,0.11398816108703613
5000,18,277.77777777777777,3,84001,1800,2.5,0.113120436668396
5000,18,277.77777777777777,3,84001,1830,2.5416666666666665,0.11256052553653717
5000,18,277.77777777777777,3,84001,1860,2.5833333333333335,0.11211337894201279
5000,18,277.77777777777777,3,84001,1890,2.625,0.11195461452007294
5000,18,277.77777777777777,3,84001,1920,2.6666666666666665,0.11184410750865936
5000,18,277.77777777777777,3,84001,1950,2.7083333333333335,0.10933005064725876
5000,18,277.77777777777777,3,84001,1980,2.75,0.11087265610694885
5000,18,277.77777777777777,3,84001,2010,2.7916666666666665,0.11077123135328293
5000,18,277.77777777777777,3,84001,2040,2.8333333333333335,0.11081645637750626
5000,18,277.77777777777777,3,84001,2070,2.875,0.11074421554803848
5000,18,277.77777777777777,3,84001,2100,2.9166666666666665,0.11072494834661484
5000,18,277.77777777777777,3,84001,2130,2.9583333333333335,0.11069869250059128
5000,18,277.77777777777777,3,84001,2160,3.0,0.11060629785060883
5000,18,277.77777777777777,3,84001,2190,3.0416666666666665,0.10603684186935425
5000,18,277.77777777777777,3,84001,2220,3.0833333333333335,0.10987482964992523
5000,18,277.77777777777777,3,84001,2250,3.125,0.10963525623083115
5000,18,277.77777777777777,3,84001,2280,3.1666666666666665,0.10946335643529892
5000,18,277.77777777777777,3,84001,2310,3.2083333333333335,0.10916301608085632
5000,18,277.77777777777777,3,84001,2340,3.25,0.1087922602891922
5000,18,277.77777777777777,3,84001,2370,3.2916666666666665,0.10850297659635544
5000,18,277.77777777777777,3,84001,2400,3.3333333333333335,0.1081857681274414
5000,18,277.77777777777777,3,84001,2430,3.375,0.10340927541255951
5000,18,277.77777777777777,3,84001,2460,3.4166666666666665,0.10694143176078796
5000,18,277.77777777777777,3,84001,2490,3.4583333333333335,0.10670880228281021
5000,18,277.77777777777777,3,84001,2520,3.5,0.10655608028173447
5000,18,277.77777777777777,3,84001,2550,3.5416666666666665,0.1064189001917839
5000,18,277.77777777777777,3,84001,2580,3.5833333333333335,0.10627985745668411
5000,18,277.77777777777777,3,84001,2610,3.625,0.10615983605384827
5000,18,277.77777777777777,3,84001,2640,3.6666666666666665,0.10617145895957947
5000,18,277.77777777777777,3,84001,2670,3.7083333333333335,0.1060110330581665
5000,18,277.77777777777777,3,84001,2700,3.75,0.10240834951400757
5000,18,277.77777777777777,3,84001,2730,3.7916666666666665,0.10529299080371857
5000,18,277.77777777777777,3,84001,2760,3.8333333333333335,0.1051497682929039
5000,18,277.77777777777777,3,84001,2790,3.875,0.10494256764650345
5000,18,277.77777777777777,3,84001,2820,3.9166666666666665,0.10482556372880936
5000,18,277.77777777777777,3,84001,2850,3.9583333333333335,0.10475713759660721
5000,18,277.77777777777777,3,84001,2880,4.0,0.10471466183662415
5000,18,277.77777777777777,3,84001,2910,4.041666666666667,0.10468117892742157
5000,18,277.77777777777777,3,84001,2940,4.083333333333333,0.10446472465991974
5000,18,277.77777777777777,3,84001,2970,4.125,0.1017807275056839
5000,18,277.77777777777777,3,84001,3000,4.166666666666667,0.10351786762475967
5000,18,277.77777777777777,3,84001,3030,4.208333333333333,0.1034335196018219
5000,18,277.77777777777777,3,84001,3060,4.25,0.10329718887805939
5000,18,277.77777777777777,3,84001,3090,4.291666666666667,0.1032320037484169
5000,18,277.77777777777777,3,84001,3120,4.333333333333333,0.10313031077384949
5000,18,277.77777777777777,3,84001,3150,4.375,0.10322397202253342
5000,18,277.77777777777777,3,84001,3180,4.416666666666667,0.10325239598751068
5000,18,277.77777777777777,3,84001,3210,4.458333333333333,0.10316580533981323
5000,18,277.77777777777777,3,84001,3240,4.5,0.09993346780538559
5000,18,277.77777777777777,3,84001,3270,4.541666666666667,0.10261638462543488
5000,18,277.77777777777777,3,84001,3300,4.583333333333333,0.10254622995853424
5000,18,277.77777777777777,3,84001,3330,4.625,0.10248391330242157
5000,18,277.77777777777777,3,84001,3360,4.666666666666667,0.10239632427692413
5000,18,277.77777777777777,3,84001,3390,4.708333333333333,0.1022888645529747
5000,18,277.77777777777777,3,84001,3420,4.75,0.10224032402038574
5000,18,277.77777777777777,3,84001,3450,4.791666666666667,0.10222072899341583
5000,18,277.77777777777777,3,84001,3480,4.833333333333333,0.09948290884494781
5000,18,277.77777777777777,3,84001,3510,4.875,0.10165072977542877
5000,18,277.77777777777777,3,84001,3540,4.916666666666667,0.1016753539443016
5000,18,277.77777777777777,3,84001,3570,4.958333333333333,0.1015380397439003
5000,18,277.77777777777777,3,84001,3600,5.0,0.101524218916893
5000,18,277.77777777777777,4,84001,0,0.0,20.08378791809082
5000,18,277.77777777777777,4,84001,30,0.041666666666666664,18.338817596435547
5000,18,277.77777777777777,4,84001,60,0.08333333333333333,16.692684173583984
5000,18,277.77777777777777,4,84001,90,0.125,15.043553352355957
5000,18,277.77777777777777,4,84001,120,0.16666666666666666,13.241134643554688
5000,18,277.77777777777777,4,84001,150,0.20833333333333334,11.660555839538574
5000,18,277.77777777777777,4,84001,180,0.25,10.527280807495117
5000,18,277.77777777777777,4,84001,210,0.2916666666666667,10.133453369140625
5000,18,277.77777777777777,4,84001,240,0.3333333333333333,9.872052192687988
5000,18,277.77777777777777,4,84001,270,0.375,9.115379333496094
5000,18,277.77777777777777,4,84001,300,0.4166666666666667,8.17214584350586
5000,18,277.77777777777777,4,84001,330,0.4583333333333333,7.543581962585449
5000,18,277.77777777777777,4,84001,360,0.5,7.302899360656738
5000,18,277.77777777777777,4,84001,390,0.5416666666666666,7.260693550109863
5000,18,277.77777777777777,4,84001,420,0.5833333333333334,7.2721405029296875
5000,18,277.77777777777777,4,84001,450,0.625,7.1064982414245605
5000,18,277.77777777777777,4,84001,480,0.6666666666666666,6.712813854217529
5000,18,277.77777777777777,4,84001,510,0.7083333333333334,5.958634853363037
5000,18,277.77777777777777,4,84001,540,0.75,4.840177536010742
5000,18,277.77777777777777,4,84001,570,0.7916666666666666,3.366973400115967
5000,18,277.77777777777777,4,84001,600,0.8333333333333334,1.8096797466278076
5000,18,277.77777777777777,4,84001,630,0.875,0.6060771346092224
5000,18,277.77777777777777,4,84001,660,0.9166666666666666,0.33809900283813477
5000,18,277.77777777777777,4,84001,690,0.9583333333333334,0.3048454225063324
5000,18,277.77777777777777,4,84001,720,1.0,0.2871488332748413
5000,18,277.77777777777777,4,84001,750,1.0416666666666667,0.27688392996788025
5000,18,277.77777777777777,4,84001,780,1.0833333333333333,0.2653460204601288
5000,18,277.77777777777777,4,84001,810,1.125,0.2569466233253479
5000,18,277.77777777777777,4,84001,840,1.1666666666666667,0.24626460671424866
5000,18,277.77777777777777,4,84001,870,1.2083333333333333,0.23437044024467468
5000,18,277.77777777777777,4,84001,900,1.25,0.22301924228668213
5000,18,277.77777777777777,4,84001,930,1.2916666666666667,0.21165665984153748
5000,18,277.77777777777777,4,84001,960,1.3333333333333333,0.20487162470817566
5000,18,277.77777777777777,4,84001,990,1.375,0.20074786245822906
5000,18,277.77777777777777,4,84001,1020,1.4166666666666667,0.19579623639583588
5000,18,277.77777777777777,4,84001,1050,1.4583333333333333,0.19137290120124817
5000,18,277.77777777777777,4,84001,1080,1.5,0.1853460967540741
5000,18,277.77777777777777,4,84001,1110,1.5416666666666667,0.17896635830402374
5000,18,277.77777777777777,4,84001,1140,1.5833333333333333,0.1709851324558258
5000,18,277.77777777777777,4,84001,1170,1.625,0.1626896858215332
5000,18,277.77777777777777,4,84001,1200,1.6666666666666667,0.1549130380153656
5000,18,277.77777777777777,4,84001,1230,1.7083333333333333,0.14833423495292664
5000,18,277.77777777777777,4,84001,1260,1.75,0.14275255799293518
5000,18,277.77777777777777,4,84001,1290,1.7916666666666667,0.1391647458076477
5000,18,277.77777777777777,4,84001,1320,1.8333333333333333,0.13605399429798126
5000,18,277.77777777777777,4,84001,1350,1.875,0.13330182433128357
5000,18,277.77777777777777,4,84001,1380,1.9166666666666667,0.13057604432106018
5000,18,277.77777777777777,4,84001,1410,1.9583333333333333,0.1275997757911682
5000,18,277.77777777777777,4,84001,1440,2.0,0.12485280632972717
5000,18,277.77777777777777,4,84001,1470,2.0416666666666665,0.1220506802201271
5000,18,277.77777777777777,4,84001,1500,2.0833333333333335,0.11985528469085693
5000,18,277.77777777777777,4,84001,1530,2.125,0.1180027574300766
5000,18,277.77777777777777,4,84001,1560,2.1666666666666665,0.11623472720384598
5000,18,277.77777777777777,4,84001,1590,2.2083333333333335,0.11507678031921387
5000,18,277.77777777777777,4,84001,1620,2.25,0.1139969602227211
5000,18,277.77777777777777,4,84001,1650,2.2916666666666665,0.11284063756465912
5000,18,277.77777777777777,4,84001,1680,2.3333333333333335,0.11171003431081772
5000,18,277.77777777777777,4,84001,1710,2.375,0.11087726801633835
5000,18,277.77777777777777,4,84001,1740,2.4166666666666665,0.1098584458231926
5000,18,277.77777777777777,4,84001,1770,2.4583333333333335,0.10891834646463394
5000,18,277.77777777777777,4,84001,1800,2.5,0.10796679556369781
5000,18,277.77777777777777,4,84001,1830,2.5416666666666665,0.10721318423748016
5000,18,277.77777777777777,4,84001,1860,2.5833333333333335,0.1067463830113411
5000,18,277.77777777777777,4,84001,1890,2.625,0.10656503587961197
5000,18,277.77777777777777,4,84001,1920,2.6666666666666665,0.10632609575986862
5000,18,277.77777777777777,4,84001,1950,2.7083333333333335,0.10618021339178085
5000,18,277.77777777777777,4,84001,1980,2.75,0.10604873299598694
5000,18,277.77777777777777,4,84001,2010,2.7916666666666665,0.1060149148106575
5000,18,277.77777777777777,4,84001,2040,2.8333333333333335,0.10599692165851593
5000,18,277.77777777777777,4,84001,2070,2.875,0.10584448277950287
5000,18,277.77777777777777,4,84001,2100,2.9166666666666665,0.10569988936185837
5000,18,277.77777777777777,4,84001,2130,2.9583333333333335,0.10558462142944336
5000,18,277.77777777777777,4,84001,2160,3.0,0.10540207475423813
5000,18,277.77777777777777,4,84001,2190,3.0416666666666665,0.10525533556938171
5000,18,277.77777777777777,4,84001,2220,3.0833333333333335,0.10488872230052948
5000,18,277.77777777777777,4,84001,2250,3.125,0.10449821501970291
5000,18,277.77777777777777,4,84001,2280,3.1666666666666665,0.10416413843631744
5000,18,277.77777777777777,4,84001,2310,3.2083333333333335,0.10375859588384628
5000,18,277.77777777777777,4,84001,2340,3.25,0.10342401266098022
5000,18,277.77777777777777,4,84001,2370,3.2916666666666665,0.10298284888267517
5000,18,277.77777777777777,4,84001,2400,3.3333333333333335,0.10250163823366165
5000,18,277.77777777777777,4,84001,2430,3.375,0.10233297199010849
5000,18,277.77777777777777,4,84001,2460,3.4166666666666665,0.10198651254177094
5000,18,277.77777777777777,4,84001,2490,3.4583333333333335,0.1016877219080925
5000,18,277.77777777777777,4,84001,2520,3.5,0.10146689414978027
5000,18,277.77777777777777,4,84001,2550,3.5416666666666665,0.10133861750364304
5000,18,277.77777777777777,4,84001,2580,3.5833333333333335,0.10105971246957779
5000,18,277.77777777777777,4,84001,2610,3.625,0.10084351897239685
5000,18,277.77777777777777,4,84001,2640,3.6666666666666665,0.10075339674949646
5000,18,277.77777777777777,4,84001,2670,3.7083333333333335,0.10062068700790405
5000,18,277.77777777777777,4,84001,2700,3.75,0.10055013746023178
5000,18,277.77777777777777,4,84001,2730,3.7916666666666665,0.1004261001944542
5000,18,277.77777777777777,4,84001,2760,3.8333333333333335,0.10027984529733658
5000,18,277.77777777777777,4,84001,2790,3.875,0.10002049803733826
5000,18,277.77777777777777,4,84001,2820,3.9166666666666665,0.09978314489126205
5000,18,277.77777777777777,4,84001,2850,3.9583333333333335,0.09953509271144867
5000,18,277.77777777777777,4,84001,2880,4.0,0.099197618663311
5000,18,277.77777777777777,4,84001,2910,4.041666666666667,0.09898164123296738
5000,18,277.77777777777777,4,84001,2940,4.083333333333333,0.0987258329987526
5000,18,277.77777777777777,4,84001,2970,4.125,0.09860395640134811
5000,18,277.77777777777777,4,84001,3000,4.166666666666667,0.09847062081098557
5000,18,277.77777777777777,4,84001,3030,4.208333333333333,0.09843186289072037
5000,18,277.77777777777777,4,84001,3060,4.25,0.09824799746274948
5000,18,277.77777777777777,4,84001,3090,4.291666666666667,0.09807031601667404
5000,18,277.77777777777777,4,84001,3120,4.333333333333333,0.09793248027563095
5000,18,277.77777777777777,4,84001,3150,4.375,0.09784113615751266
5000,18,277.77777777777777,4,84001,3180,4.416666666666667,0.09770560264587402
5000,18,277.77777777777777,4,84001,3210,4.458333333333333,0.09774278849363327
5000,18,277.77777777777777,4,84001,3240,4.5,0.09770190715789795
5000,18,277.77777777777777,4,84001,3270,4.541666666666667,0.09759553521871567
5000,18,277.77777777777777,4,84001,3300,4.583333333333333,0.09750973433256149
5000,18,277.77777777777777,4,84001,3330,4.625,0.0974518433213234
5000,18,277.77777777777777,4,84001,3360,4.666666666666667,0.09733723849058151
5000,18,277.77777777777777,4,84001,3390,4.708333333333333,0.09713687747716904
5000,18,277.77777777777777,4,84001,3420,4.75,0.09704073518514633
5000,18,277.77777777777777,4,84001,3450,4.791666666666667,0.09698258340358734
5000,18,277.77777777777777,4,84001,3480,4.833333333333333,0.09689164906740189
5000,18,277.77777777777777,4,84001,3510,4.875,0.09665283560752869
5000,18,277.77777777777777,4,84001,3540,4.916666666666667,0.09653612971305847
5000,18,277.77777777777777,4,84001,3570,4.958333333333333,0.09643934667110443
5000,18,277.77777777777777,4,84001,3600,5.0,0.09630484879016876
5000,18,277.77777777777777,5,84001,0,0.0,19.90447425842285
5000,18,277.77777777777777,5,84001,30,0.041666666666666664,18.23390007019043
5000,18,277.77777777777777,5,84001,60,0.08333333333333333,16.56673812866211
5000,18,277.77777777777777,5,84001,90,0.125,14.91661262512207
5000,18,277.77777777777777,5,84001,120,0.16666666666666666,13.223175048828125
5000,18,277.77777777777777,5,84001,150,0.20833333333333334,11.687616348266602
5000,18,277.77777777777777,5,84001,180,0.25,10.608222007751465
5000,18,277.77777777777777,5,84001,210,0.2916666666666667,10.219061851501465
5000,18,277.77777777777777,5,84001,240,0.3333333333333333,9.965365409851074
5000,18,277.77777777777777,5,84001,270,0.375,9.177225112915039
5000,18,277.77777777777777,5,84001,300,0.4166666666666667,8.287130355834961
5000,18,277.77777777777777,5,84001,330,0.4583333333333333,7.5397138595581055
5000,18,277.77777777777777,5,84001,360,0.5,7.20543909072876
5000,18,277.77777777777777,5,84001,390,0.5416666666666666,7.166849136352539
5000,18,277.77777777777777,5,84001,420,0.5833333333333334,7.172828674316406
5000,18,277.77777777777777,5,84001,450,0.625,7.037021636962891
5000,18,277.77777777777777,5,84001,480,0.6666666666666666,6.665292739868164
5000,18,277.77777777777777,5,84001,510,0.7083333333333334,6.015731334686279
5000,18,277.77777777777777,5,84001,540,0.75,4.947572708129883
5000,18,277.77777777777777,5,84001,570,0.7916666666666666,3.4634180068969727
5000,18,277.77777777777777,5,84001,600,0.8333333333333334,1.8428844213485718
5000,18,277.77777777777777,5,84001,630,0.875,0.7452117204666138
5000,18,277.77777777777777,5,84001,660,0.9166666666666666,0.368382066488266
5000,18,277.77777777777777,5,84001,690,0.9583333333333334,0.29902511835098267
5000,18,277.77777777777777,5,84001,720,1.0,0.28631195425987244
5000,18,277.77777777777777,5,84001,750,1.0416666666666667,0.2807252109050751
5000,18,277.77777777777777,5,84001,780,1.0833333333333333,0.2677489221096039
5000,18,277.77777777777777,5,84001,810,1.125,0.2577807903289795
5000,18,277.77777777777777,5,84001,840,1.1666666666666667,0.24648427963256836
5000,18,277.77777777777777,5,84001,870,1.2083333333333333,0.23469926416873932
5000,18,277.77777777777777,5,84001,900,1.25,0.22316189110279083
5000,18,277.77777777777777,5,84001,930,1.2916666666666667,0.21183183789253235
5000,18,277.77777777777777,5,84001,960,1.3333333333333333,0.20496493577957153
5000,18,277.77777777777777,5,84001,990,1.375,0.19962380826473236
5000,18,277.77777777777777,5,84001,1020,1.4166666666666667,0.19621112942695618
5000,18,277.77777777777777,5,84001,1050,1.4583333333333333,0.19171558320522308
5000,18,277.77777777777777,5,84001,1080,1.5,0.18608936667442322
5000,18,277.77777777777777,5,84001,1110,1.5416666666666667,0.17939284443855286
5000,18,277.77777777777777,5,84001,1140,1.5833333333333333,0.17169687151908875
5000,18,277.77777777777777,5,84001,1170,1.625,0.162454292178154
5000,18,277.77777777777777,5,84001,1200,1.6666666666666667,0.15347686409950256
5000,18,277.77777777777777,5,84001,1230,1.7083333333333333,0.14655539393424988
5000,18,277.77777777777777,5,84001,1260,1.75,0.14170213043689728
5000,18,277.77777777777777,5,84001,1290,1.7916666666666667,0.1389809548854828
5000,18,277.77777777777777,5,84001,1320,1.8333333333333333,0.13630886375904083
5000,18,277.77777777777777,5,84001,1350,1.875,0.1335754692554474
5000,18,277.77777777777777,5,84001,1380,1.9166666666666667,0.1306854784488678
5000,18,277.77777777777777,5,84001,1410,1.9583333333333333,0.12791088223457336
5000,18,277.77777777777777,5,84001,1440,2.0,0.12528949975967407
5000,18,277.77777777777777,5,84001,1470,2.0416666666666665,0.12243730574846268
5000,18,277.77777777777777,5,84001,1500,2.0833333333333335,0.12013564258813858
5000,18,277.77777777777777,5,84001,1530,2.125,0.11813696473836899
5000,18,277.77777777777777,5,84001,1560,2.1666666666666665,0.11626476794481277
5000,18,277.77777777777777,5,84001,1590,2.2083333333333335,0.11480215936899185
5000,18,277.77777777777777,5,84001,1620,2.25,0.11366411298513412
5000,18,277.77777777777777,5,84001,1650,2.2916666666666665,0.11278288811445236
5000,18,277.77777777777777,5,84001,1680,2.3333333333333335,0.11187023669481277
5000,18,277.77777777777777,5,84001,1710,2.375,0.11095187813043594
5000,18,277.77777777777777,5,84001,1740,2.4166666666666665,0.10956844687461853
5000,18,277.77777777777777,5,84001,1770,2.4583333333333335,0.10861076414585114
5000,18,277.77777777777777,5,84001,1800,2.5,0.10801409929990768
5000,18,277.77777777777777,5,84001,1830,2.5416666666666665,0.10749128460884094
5000,18,277.77777777777777,5,84001,1860,2.5833333333333335,0.10689934343099594
5000,18,277.77777777777777,5,84001,1890,2.625,0.10645817965269089
5000,18,277.77777777777777,5,84001,1920,2.6666666666666665,0.10630163550376892
5000,18,277.77777777777777,5,84001,1950,2.7083333333333335,0.1060076653957367
5000,18,277.77777777777777,5,84001,1980,2.75,0.10593102872371674
5000,18,277.77777777777777,5,84001,2010,2.7916666666666665,0.10571929067373276
5000,18,277.77777777777777,5,84001,2040,2.8333333333333335,0.10568118840456009
5000,18,277.77777777777777,5,84001,2070,2.875,0.10558024793863297
5000,18,277.77777777777777,5,84001,2100,2.9166666666666665,0.10555288195610046
5000,18,277.77777777777777,5,84001,2130,2.9583333333333335,0.10535595566034317
5000,18,277.77777777777777,5,84001,2160,3.0,0.10517263412475586
5000,18,277.77777777777777,5,84001,2190,3.0416666666666665,0.1051255390048027
5000,18,277.77777777777777,5,84001,2220,3.0833333333333335,0.10495650768280029
5000,18,277.77777777777777,5,84001,2250,3.125,0.10457121580839157
5000,18,277.77777777777777,5,84001,2280,3.1666666666666665,0.10434801876544952
5000,18,277.77777777777777,5,84001,2310,3.2083333333333335,0.10414014011621475
5000,18,277.77777777777777,5,84001,2340,3.25,0.10376156866550446
5000,18,277.77777777777777,5,84001,2370,3.2916666666666665,0.10331840813159943
5000,18,277.77777777777777,5,84001,2400,3.3333333333333335,0.10294882953166962
5000,18,277.77777777777777,5,84001,2430,3.375,0.10245858132839203
5000,18,277.77777777777777,5,84001,2460,3.4166666666666665,0.10218775272369385
5000,18,277.77777777777777,5,84001,2490,3.4583333333333335,0.10190457105636597
5000,18,277.77777777777777,5,84001,2520,3.5,0.10182685405015945
5000,18,277.77777777777777,5,84001,2550,3.5416666666666665,0.10156308859586716
5000,18,277.77777777777777,5,84001,2580,3.5833333333333335,0.10136497765779495
5000,18,277.77777777777777,5,84001,2610,3.625,0.10115420818328857
5000,18,277.77777777777777,5,84001,2640,3.6666666666666665,0.10100210458040237
5000,18,277.77777777777777,5,84001,2670,3.7083333333333335,0.10063019394874573
5000,18,277.77777777777777,5,84001,2700,3.75,0.1004171222448349
5000,18,277.77777777777777,5,84001,2730,3.7916666666666665,0.10017936676740646
5000,18,277.77777777777777,5,84001,2760,3.8333333333333335,0.09992589056491852
5000,18,277.77777777777777,5,84001,2790,3.875,0.09980174154043198
5000,18,277.77777777777777,5,84001,2820,3.9166666666666665,0.09954014420509338
5000,18,277.77777777777777,5,84001,2850,3.9583333333333335,0.09937376528978348
5000,18,277.77777777777777,5,84001,2880,4.0,0.09919320791959763
5000,18,277.77777777777777,5,84001,2910,4.041666666666667,0.0990351215004921
5000,18,277.77777777777777,5,84001,2940,4.083333333333333,0.09888161718845367
5000,18,277.77777777777777,5,84001,2970,4.125,0.09862852841615677
5000,18,277.77777777777777,5,84001,3000,4.166666666666667,0.09851203858852386
5000,18,277.77777777777777,5,84001,3030,4.208333333333333,0.09840282052755356
5000,18,277.77777777777777,5,84001,3060,4.25,0.09824135899543762
5000,18,277.77777777777777,5,84001,3090,4.291666666666667,0.09802848100662231
5000,18,277.77777777777777,5,84001,3120,4.333333333333333,0.09802465885877609
5000,18,277.77777777777777,5,84001,3150,4.375,0.09792550653219223
5000,18,277.77777777777777,5,84001,3180,4.416666666666667,0.09785542637109756
5000,18,277.77777777777777,5,84001,3210,4.458333333333333,0.09773650765419006
5000,18,277.77777777777777,5,84001,3240,4.5,0.09756391495466232
5000,18,277.77777777777777,5,84001,3270,4.541666666666667,0.09753907471895218
5000,18,277.77777777777777,5,84001,3300,4.583333333333333,0.09746716171503067
5000,18,277.77777777777777,5,84001,3330,4.625,0.09734517335891724
5000,18,277.77777777777777,5,84001,3360,4.666666666666667,0.09729865938425064
5000,18,277.77777777777777,5,84001,3390,4.708333333333333,0.09727607667446136
5000,18,277.77777777777777,5,84001,3420,4.75,0.09718755632638931
5000,18,277.77777777777777,5,84001,3450,4.791666666666667,0.0971003845334053
5000,18,277.77777777777777,5,84001,3480,4.833333333333333,0.09693481773138046
5000,18,277.77777777777777,5,84001,3510,4.875,0.09678877890110016
5000,18,277.77777777777777,5,84001,3540,4.916666666666667,0.09662887454032898
5000,18,277.77777777777777,5,84001,3570,4.958333333333333,0.09648188948631287
5000,18,277.77777777777777,5,84001,3600,5.0,0.09623759984970093
7500,12,625.0,0,84000,0,0.0,19.851825714111328
7500,12,625.0,0,84000,30,0.041666666666666664,19.259538650512695
7500,12,625.0,0,84000,60,0.08333333333333333,18.909358978271484
7500,12,625.0,0,84000,90,0.125,18.23866844177246
7500,12,625.0,0,84000,120,0.16666666666666666,17.3181095123291
7500,12,625.0,0,84000,150,0.20833333333333334,16.432727813720703
7500,12,625.0,0,84000,180,0.25,16.1979923248291
7500,12,625.0,0,84000,210,0.2916666666666667,17.36589241027832
7500,12,625.0,0,84000,240,0.3333333333333333,19.450159072875977
7500,12,625.0,0,84000,270,0.375,21.63796615600586
7500,12,625.0,0,84000,300,0.4166666666666667,23.624067306518555
7500,12,625.0,0,84000,330,0.4583333333333333,25.32773780822754
7500,12,625.0,0,84000,360,0.5,26.70792579650879
7500,12,625.0,0,84000,390,0.5416666666666666,27.829158782958984
7500,12,625.0,0,84000,420,0.5833333333333334,28.629335403442383
7500,12,625.0,0,84000,450,0.625,29.264617919921875
7500,12,625.0,0,84000,480,0.6666666666666666,29.93384552001953
7500,12,625.0,0,84000,510,0.7083333333333334,30.48746681213379
7500,12,625.0,0,84000,540,0.75,30.99217414855957
7500,12,625.0,0,84000,570,0.7916666666666666,31.590295791625977
7500,12,625.0,0,84000,600,0.8333333333333334,32.4556884765625
7500,12,625.0,0,84000,630,0.875,33.26812744140625
7500,12,625.0,0,84000,660,0.9166666666666666,34.232200622558594
7500,12,625.0,0,84000,690,0.9583333333333334,35.577999114990234
7500,12,625.0,0,84000,720,1.0,37.26015090942383
7500,12,625.0,0,84000,750,1.0416666666666667,39.48569869995117
7500,12,625.0,0,84000,780,1.0833333333333333,41.43164825439453
7500,12,625.0,0,84000,810,1.125,43.20271682739258
7500,12,625.0,0,84000,840,1.1666666666666667,44.23989486694336
7500,12,625.0,0,84000,870,1.2083333333333333,44.73457336425781
7500,12,625.0,0,84000,900,1.25,44.88850021362305
7500,12,625.0,0,84000,930,1.2916666666666667,44.765621185302734
7500,12,625.0,0,84000,960,1.3333333333333333,44.56740188598633
7500,12,625.0,0,84000,990,1.375,44.391357421875
7500,12,625.0,0,84000,1020,1.4166666666666667,44.06741714477539
7500,12,625.0,0,84000,1050,1.4583333333333333,43.89982986450195
7500,12,625.0,0,84000,1080,1.5,43.78656768798828
7500,12,625.0,0,84000,1110,1.5416666666666667,43.501033782958984
7500,12,625.0,0,84000,1140,1.5833333333333333,43.09590530395508
7500,12,625.0,0,84000,1170,1.625,42.62805938720703
7500,12,625.0,0,84000,1200,1.6666666666666667,42.06129837036133
7500,12,625.0,0,84000,1230,1.7083333333333333,41.31678009033203
7500,12,625.0,0,84000,1260,1.75,40.288639068603516
7500,12,625.0,0,84000,1290,1.7916666666666667,38.99279022216797
7500,12,625.0,0,84000,1320,1.8333333333333333,37.755332946777344
7500,12,625.0,0,84000,1350,1.875,36.285316467285156
7500,12,625.0,0,84000,1380,1.9166666666666667,34.87234878540039
7500,12,625.0,0,84000,1410,1.9583333333333333,33.43193054199219
7500,12,625.0,0,84000,1440,2.0,32.30240249633789
7500,12,625.0,0,84000,1470,2.0416666666666665,31.587753295898438
7500,12,625.0,0,84000,1500,2.0833333333333335,31.040786743164062
7500,12,625.0,0,84000,1530,2.125,30.441600799560547
7500,12,625.0,0,84000,1560,2.1666666666666665,29.917152404785156
7500,12,625.0,0,84000,1590,2.2083333333333335,29.250408172607422
7500,12,625.0,0,84000,1620,2.25,28.586299896240234
7500,12,625.0,0,84000,1650,2.2916666666666665,27.825504302978516
7500,12,625.0,0,84000,1680,2.3333333333333335,26.97234535217285
7500,12,625.0,0,84000,1710,2.375,25.942337036132812
7500,12,625.0,0,84000,1740,2.4166666666666665,24.940105438232422
7500,12,625.0,0,84000,1770,2.4583333333333335,23.88555908203125
7500,12,625.0,0,84000,1800,2.5,23.12017250061035
7500,12,625.0,0,84000,1830,2.5416666666666665,22.44266128540039
7500,12,625.0,0,84000,1860,2.5833333333333335,22.214994430541992
7500,12,625.0,0,84000,1890,2.625,22.270803451538086
7500,12,625.0,0,84000,1920,2.6666666666666665,22.31842041015625
7500,12,625.0,0,84000,1950,2.7083333333333335,22.259552001953125
7500,12,625.0,0,84000,1980,2.75,22.105388641357422
7500,12,625.0,0,84000,2010,2.7916666666666665,21.900203704833984
7500,12,625.0,0,84000,2040,2.8333333333333335,21.496158599853516
7500,12,625.0,0,84000,2070,2.875,21.158218383789062
7500,12,625.0,0,84000,2100,2.9166666666666665,20.689733505249023
7500,12,625.0,0,84000,2130,2.9583333333333335,20.32100486755371
7500,12,625.0,0,84000,2160,3.0,19.853981018066406
7500,12,625.0,0,84000,2190,3.0416666666666665,19.370817184448242
7500,12,625.0,0,84000,2220,3.0833333333333335,19.001062393188477
7500,12,625.0,0,84000,2250,3.125,18.545442581176758
7500,12,625.0,0,84000,2280,3.1666666666666665,18.105178833007812
7500,12,625.0,0,84000,2310,3.2083333333333335,17.749591827392578
7500,12,625.0,0,84000,2340,3.25,17.45000457763672
7500,12,625.0,0,84000,2370,3.2916666666666665,17.106727600097656
7500,12,625.0,0,84000,2400,3.3333333333333335,16.778730392456055
7500,12,625.0,0,84000,2430,3.375,16.45331382751465
7500,12,625.0,0,84000,2460,3.4166666666666665,16.048118591308594
7500,12,625.0,0,84000,2490,3.4583333333333335,15.592363357543945
7500,12,625.0,0,84000,2520,3.5,15.30489730834961
7500,12,625.0,0,84000,2550,3.5416666666666665,14.778470039367676
7500,12,625.0,0,84000,2580,3.5833333333333335,14.335490226745605
7500,12,625.0,0,84000,2610,3.625,13.95124626159668
7500,12,625.0,0,84000,2640,3.6666666666666665,13.394047737121582
7500,12,625.0,0,84000,2670,3.7083333333333335,13.108637809753418
7500,12,625.0,0,84000,2700,3.75,13.014803886413574
7500,12,625.0,0,84000,2730,3.7916666666666665,13.0609769821167
7500,12,625.0,0,84000,2760,3.8333333333333335,13.198275566101074
7500,12,625.0,0,84000,2790,3.875,13.236369132995605
7500,12,625.0,0,84000,2820,3.9166666666666665,13.290666580200195
7500,12,625.0,0,84000,2850,3.9583333333333335,13.375383377075195
7500,12,625.0,0,84000,2880,4.0,13.418896675109863
7500,12,625.0,0,84000,2910,4.041666666666667,13.48164176940918
7500,12,625.0,0,84000,2940,4.083333333333333,13.520623207092285
7500,12,625.0,0,84000,2970,4.125,13.513489723205566
7500,12,625.0,0,84000,3000,4.166666666666667,13.545193672180176
7500,12,625.0,0,84000,3030,4.208333333333333,13.529535293579102
7500,12,625.0,0,84000,3060,4.25,13.496841430664062
7500,12,625.0,0,84000,3090,4.291666666666667,13.465068817138672
7500,12,625.0,0,84000,3120,4.333333333333333,13.49415397644043
7500,12,625.0,0,84000,3150,4.375,13.550243377685547
7500,12,625.0,0,84000,3180,4.416666666666667,13.676558494567871
7500,12,625.0,0,84000,3210,4.458333333333333,13.812085151672363
7500,12,625.0,0,84000,3240,4.5,13.878582954406738
7500,12,625.0,0,84000,3270,4.541666666666667,13.913568496704102
7500,12,625.0,0,84000,3300,4.583333333333333,13.968206405639648
7500,12,625.0,0,84000,3330,4.625,14.041741371154785
7500,12,625.0,0,84000,3360,4.666666666666667,14.088756561279297
7500,12,625.0,0,84000,3390,4.708333333333333,14.057372093200684
7500,12,625.0,0,84000,3420,4.75,14.107357025146484
7500,12,625.0,0,84000,3450,4.791666666666667,14.116029739379883
7500,12,625.0,0,84000,3480,4.833333333333333,14.087104797363281
7500,12,625.0,0,84000,3510,4.875,14.197977066040039
7500,12,625.0,0,84000,3540,4.916666666666667,14.2977933883667
7500,12,625.0,0,84000,3570,4.958333333333333,14.335826873779297
7500,12,625.0,0,84000,3600,5.0,14.415860176086426
7500,12,625.0,1,84000,0,0.0,19.93484878540039
7500,12,625.0,1,84000,30,0.041666666666666664,19.426143646240234
7500,12,625.0,1,84000,60,0.08333333333333333,18.96752166748047
7500,12,625.0,1,84000,90,0.125,18.34234046936035
7500,12,625.0,1,84000,120,0.16666666666666666,17.377803802490234
7500,12,625.0,1,84000,150,0.20833333333333334,16.433061599731445
7500,12,625.0,1,84000,180,0.25,16.117916107177734
7500,12,625.0,1,84000,210,0.2916666666666667,17.21678924560547
7500,12,625.0,1,84000,240,0.3333333333333333,19.259153366088867
7500,12,625.0,1,84000,270,0.375,21.355985641479492
7500,12,625.0,1,84000,300,0.4166666666666667,23.327606201171875
7500,12,625.0,1,84000,330,0.4583333333333333,25.148733139038086
7500,12,625.0,1,84000,360,0.5,26.501583099365234
7500,12,625.0,1,84000,390,0.5416666666666666,27.576892852783203
7500,12,625.0,1,84000,420,0.5833333333333334,28.348587036132812
7500,12,625.0,1,84000,450,0.625,28.969362258911133
7500,12,625.0,1,84000,480,0.6666666666666666,29.417823791503906
7500,12,625.0,1,84000,510,0.7083333333333334,30.051342010498047
7500,12,625.0,1,84000,540,0.75,30.71487045288086
7500,12,625.0,1,84000,570,0.7916666666666666,31.293975830078125
7500,12,625.0,1,84000,600,0.8333333333333334,31.859516143798828
7500,12,625.0,1,84000,630,0.875,32.64410400390625
7500,12,625.0,1,84000,660,0.9166666666666666,33.76207733154297
7500,12,625.0,1,84000,690,0.9583333333333334,35.10239028930664
7500,12,625.0,1,84000,720,1.0,36.90931701660156
7500,12,625.0,1,84000,750,1.0416666666666667,38.88887405395508
7500,12,625.0,1,84000,780,1.0833333333333333,40.739559173583984
7500,12,625.0,1,84000,810,1.125,42.15211486816406
7500,12,625.0,1,84000,840,1.1666666666666667,42.80210876464844
7500,12,625.0,1,84000,870,1.2083333333333333,43.17442321777344
7500,12,625.0,1,84000,900,1.25,43.43388366699219
7500,12,625.0,1,84000,930,1.2916666666666667,43.348392486572266
7500,12,625.0,1,84000,960,1.3333333333333333,43.13329315185547
7500,12,625.0,1,84000,990,1.375,42.685184478759766
7500,12,625.0,1,84000,1020,1.4166666666666667,42.4555549621582
7500,12,625.0,1,84000,1050,1.4583333333333333,42.16721725463867
7500,12,625.0,1,84000,1080,1.5,42.01299285888672
7500,12,625.0,1,84000,1110,1.5416666666666667,41.754154205322266
7500,12,625.0,1,84000,1140,1.5833333333333333,41.19584655761719
7500,12,625.0,1,84000,1170,1.625,40.63343811035156
7500,12,625.0,1,84000,1200,1.6666666666666667,39.95362091064453
7500,12,625.0,1,84000,1230,1.7083333333333333,39.35908508300781
7500,12,625.0,1,84000,1260,1.75,38.12198257446289
7500,12,625.0,1,84000,1290,1.7916666666666667,37.07774353027344
7500,12,625.0,1,84000,1320,1.8333333333333333,35.856300354003906
7500,12,625.0,1,84000,1350,1.875,34.341522216796875
7500,12,625.0,1,84000,1380,1.9166666666666667,33.00125503540039
7500,12,625.0,1,84000,1410,1.9583333333333333,31.742429733276367
7500,12,625.0,1,84000,1440,2.0,30.80666160583496
7500,12,625.0,1,84000,1470,2.0416666666666665,30.289989471435547
7500,12,625.0,1,84000,1500,2.0833333333333335,29.9287166595459
7500,12,625.0,1,84000,1530,2.125,29.339563369750977
7500,12,625.0,1,84000,1560,2.1666666666666665,28.585620880126953
7500,12,625.0,1,84000,1590,2.2083333333333335,27.793495178222656
7500,12,625.0,1,84000,1620,2.25,27.310583114624023
7500,12,625.0,1,84000,1650,2.2916666666666665,26.566320419311523
7500,12,625.0,1,84000,1680,2.3333333333333335,25.81081199645996
7500,12,625.0,1,84000,1710,2.375,24.8754940032959
7500,12,625.0,1,84000,1740,2.4166666666666665,24.04082679748535
7500,12,625.0,1,84000,1770,2.4583333333333335,23.38566780090332
7500,12,625.0,1,84000,1800,2.5,22.62141227722168
7500,12,625.0,1,84000,1830,2.5416666666666665,21.732624053955078
7500,12,625.0,1,84000,1860,2.5833333333333335,21.38521385192871
7500,12,625.0,1,84000,1890,2.625,21.53270149230957
7500,12,625.0,1,84000,1920,2.6666666666666665,21.69692039489746
7500,12,625.0,1,84000,1950,2.7083333333333335,21.60472869873047
7500,12,625.0,1,84000,1980,2.75,21.379608154296875
7500,12,625.0,1,84000,2010,2.7916666666666665,21.242094039916992
7500,12,625.0,1,84000,2040,2.8333333333333335,20.891496658325195
7500,12,625.0,1,84000,2070,2.875,20.459238052368164
7500,12,625.0,1,84000,2100,2.9166666666666665,19.90932846069336
7500,12,625.0,1,84000,2130,2.9583333333333335,19.51226234436035
7500,12,625.0,1,84000,2160,3.0,19.148353576660156
7500,12,625.0,1,84000,2190,3.0416666666666665,18.708438873291016
7500,12,625.0,1,84000,2220,3.0833333333333335,18.31267547607422
7500,12,625.0,1,84000,2250,3.125,17.960718154907227
7500,12,625.0,1,84000,2280,3.1666666666666665,17.580608367919922
7500,12,625.0,1,84000,2310,3.2083333333333335,17.327110290527344
7500,12,625.0,1,84000,2340,3.25,17.040061950683594
7500,12,625.0,1,84000,2370,3.2916666666666665,16.71776008605957
7500,12,625.0,1,84000,2400,3.3333333333333335,16.288625717163086
7500,12,625.0,1,84000,2430,3.375,15.901439666748047
7500,12,625.0,1,84000,2460,3.4166666666666665,15.454625129699707
7500,12,625.0,1,84000,2490,3.4583333333333335,15.006341934204102
7500,12,625.0,1,84000,2520,3.5,14.600645065307617
7500,12,625.0,1,84000,2550,3.5416666666666665,14.151302337646484
7500,12,625.0,1,84000,2580,3.5833333333333335,13.833985328674316
7500,12,625.0,1,84000,2610,3.625,13.456948280334473
7500,12,625.0,1,84000,2640,3.6666666666666665,13.067392349243164
7500,12,625.0,1,84000,2670,3.7083333333333335,12.748374938964844
7500,12,625.0,1,84000,2700,3.75,12.59742546081543
7500,12,625.0,1,84000,2730,3.7916666666666665,12.600062370300293
7500,12,625.0,1,84000,2760,3.8333333333333335,12.671904563903809
7500,12,625.0,1,84000,2790,3.875,12.711201667785645
7500,12,625.0,1,84000,2820,3.9166666666666665,12.720928192138672
7500,12,625.0,1,84000,2850,3.9583333333333335,12.826455116271973
7500,12,625.0,1,84000,2880,4.0,12.891304969787598
7500,12,625.0,1,84000,2910,4.041666666666667,12.947020530700684
7500,12,625.0,1,84000,2940,4.083333333333333,12.945676803588867
7500,12,625.0,1,84000,2970,4.125,12.9894437789917
7500,12,625.0,1,84000,3000,4.166666666666667,12.986520767211914
7500,12,625.0,1,84000,3030,4.208333333333333,13.036473274230957
7500,12,625.0,1,84000,3060,4.25,13.006752014160156
7500,12,625.0,1,84000,3090,4.291666666666667,12.979174613952637
7500,12,625.0,1,84000,3120,4.333333333333333,12.998953819274902
7500,12,625.0,1,84000,3150,4.375,13.020602226257324
7500,12,625.0,1,84000,3180,4.416666666666667,13.172374725341797
7500,12,625.0,1,84000,3210,4.458333333333333,13.237467765808105
7500,12,625.0,1,84000,3240,4.5,13.28674602508545
7500,12,625.0,1,84000,3270,4.541666666666667,13.391215324401855
7500,12,625.0,1,84000,3300,4.583333333333333,13.408151626586914
7500,12,625.0,1,84000,3330,4.625,13.4473876953125
7500,12,625.0,1,84000,3360,4.666666666666667,13.485909461975098
7500,12,625.0,1,84000,3390,4.708333333333333,13.53650188446045
7500,12,625.0,1,84000,3420,4.75,13.533881187438965
7500,12,625.0,1,84000,3450,4.791666666666667,13.579625129699707
7500,12,625.0,1,84000,3480,4.833333333333333,13.613160133361816
7500,12,625.0,1,84000,3510,4.875,13.638500213623047
7500,12,625.0,1,84000,3540,4.916666666666667,13.708146095275879
7500,12,625.0,1,84000,3570,4.958333333333333,13.77026081085205
7500,12,625.0,1,84000,3600,5.0,13.855642318725586
7500,12,625.0,2,84000,0,0.0,19.937164306640625
7500,12,625.0,2,84000,30,0.041666666666666664,19.37012481689453
7500,12,625.0,2,84000,60,0.08333333333333333,18.933820724487305
7500,12,625.0,2,84000,90,0.125,18.2863826751709
7500,12,625.0,2,84000,120,0.16666666666666666,17.38157081604004
7500,12,625.0,2,84000,150,0.20833333333333334,16.45391273498535
7500,12,625.0,2,84000,180,0.25,16.09771728515625
7500,12,625.0,2,84000,210,0.2916666666666667,17.235111236572266
7500,12,625.0,2,84000,240,0.3333333333333333,19.297739028930664
7500,12,625.0,2,84000,270,0.375,21.58264923095703
7500,12,625.0,2,84000,300,0.4166666666666667,23.538881301879883
7500,12,625.0,2,84000,330,0.4583333333333333,25.19890022277832
7500,12,625.0,2,84000,360,0.5,26.652141571044922
7500,12,625.0,2,84000,390,0.5416666666666666,27.64507484436035
7500,12,625.0,2,84000,420,0.5833333333333334,28.52499771118164
7500,12,625.0,2,84000,450,0.625,29.082857131958008
7500,12,625.0,2,84000,480,0.6666666666666666,29.58580780029297
7500,12,625.0,2,84000,510,0.7083333333333334,30.234920501708984
7500,12,625.0,2,84000,540,0.75,30.767494201660156
7500,12,625.0,2,84000,570,0.7916666666666666,31.496145248413086
7500,12,625.0,2,84000,600,0.8333333333333334,32.28367614746094
7500,12,625.0,2,84000,630,0.875,33.0977897644043
7500,12,625.0,2,84000,660,0.9166666666666666,34.24016571044922
7500,12,625.0,2,84000,690,0.9583333333333334,35.6754264831543
7500,12,625.0,2,84000,720,1.0,37.287906646728516
7500,12,625.0,2,84000,750,1.0416666666666667,39.42548370361328
7500,12,625.0,2,84000,780,1.0833333333333333,41.44930648803711
7500,12,625.0,2,84000,810,1.125,42.8386116027832
7500,12,625.0,2,84000,840,1.1666666666666667,43.709835052490234
7500,12,625.0,2,84000,870,1.2083333333333333,44.29615783691406
7500,12,625.0,2,84000,900,1.25,44.59280776977539
7500,12,625.0,2,84000,930,1.2916666666666667,44.45029067993164
7500,12,625.0,2,84000,960,1.3333333333333333,44.05317687988281
7500,12,625.0,2,84000,990,1.375,43.70636749267578
7500,12,625.0,2,84000,1020,1.4166666666666667,43.349674224853516
7500,12,625.0,2,84000,1050,1.4583333333333333,43.015499114990234
7500,12,625.0,2,84000,1080,1.5,42.89260482788086
7500,12,625.0,2,84000,1110,1.5416666666666667,42.75145721435547
7500,12,625.0,2,84000,1140,1.5833333333333333,42.29236602783203
7500,12,625.0,2,84000,1170,1.625,41.904380798339844
7500,12,625.0,2,84000,1200,1.6666666666666667,41.129150390625
7500,12,625.0,2,84000,1230,1.7083333333333333,40.36634063720703
7500,12,625.0,2,84000,1260,1.75,39.326358795166016
7500,12,625.0,2,84000,1290,1.7916666666666667,38.17433166503906
7500,12,625.0,2,84000,1320,1.8333333333333333,36.871673583984375
7500,12,625.0,2,84000,1350,1.875,35.201499938964844
7500,12,625.0,2,84000,1380,1.9166666666666667,33.68210983276367
7500,12,625.0,2,84000,1410,1.9583333333333333,32.3775749206543
7500,12,625.0,2,84000,1440,2.0,31.68560791015625
7500,12,625.0,2,84000,1470,2.0416666666666665,30.821996688842773
7500,12,625.0,2,84000,1500,2.0833333333333335,30.2808837890625
7500,12,625.0,2,84000,1530,2.125,29.76138687133789
7500,12,625.0,2,84000,1560,2.1666666666666665,29.260738372802734
7500,12,625.0,2,84000,1590,2.2083333333333335,28.621347427368164
7500,12,625.0,2,84000,1620,2.25,27.807762145996094
7500,12,625.0,2,84000,1650,2.2916666666666665,27.129907608032227
7500,12,625.0,2,84000,1680,2.3333333333333335,26.34340476989746
7500,12,625.0,2,84000,1710,2.375,25.448020935058594
7500,12,625.0,2,84000,1740,2.4166666666666665,24.435256958007812
7500,12,625.0,2,84000,1770,2.4583333333333335,23.211875915527344
7500,12,625.0,2,84000,1800,2.5,22.439170837402344
7500,12,625.0,2,84000,1830,2.5416666666666665,21.796537399291992
7500,12,625.0,2,84000,1860,2.5833333333333335,21.79435920715332
7500,12,625.0,2,84000,1890,2.625,22.11277961730957
7500,12,625.0,2,84000,1920,2.6666666666666665,22.198017120361328
7500,12,625.0,2,84000,1950,2.7083333333333335,22.1324462890625
7500,12,625.0,2,84000,1980,2.75,21.948043823242188
7500,12,625.0,2,84000,2010,2.7916666666666665,21.563858032226562
7500,12,625.0,2,84000,2040,2.8333333333333335,21.221769332885742
7500,12,625.0,2,84000,2070,2.875,20.803668975830078
7500,12,625.0,2,84000,2100,2.9166666666666665,20.441713333129883
7500,12,625.0,2,84000,2130,2.9583333333333335,19.8038272857666
7500,12,625.0,2,84000,2160,3.0,19.4102783203125
7500,12,625.0,2,84000,2190,3.0416666666666665,18.905044555664062
7500,12,625.0,2,84000,2220,3.0833333333333335,18.662059783935547
7500,12,625.0,2,84000,2250,3.125,18.183897018432617
7500,12,625.0,2,84000,2280,3.1666666666666665,17.91969871520996
7500,12,625.0,2,84000,2310,3.2083333333333335,17.558345794677734
7500,12,625.0,2,84000,2340,3.25,17.258285522460938
7500,12,625.0,2,84000,2370,3.2916666666666665,16.900667190551758
7500,12,625.0,2,84000,2400,3.3333333333333335,16.456254959106445
7500,12,625.0,2,84000,2430,3.375,16.22001838684082
7500,12,625.0,2,84000,2460,3.4166666666666665,15.800056457519531
7500,12,625.0,2,84000,2490,3.4583333333333335,15.500338554382324
7500,12,625.0,2,84000,2520,3.5,15.026904106140137
7500,12,625.0,2,84000,2550,3.5416666666666665,14.575752258300781
7500,12,625.0,2,84000,2580,3.5833333333333335,14.10838794708252
7500,12,625.0,2,84000,2610,3.625,13.651455879211426
7500,12,625.0,2,84000,2640,3.6666666666666665,13.217277526855469
7500,12,625.0,2,84000,2670,3.7083333333333335,12.966165542602539
7500,12,625.0,2,84000,2700,3.75,12.846994400024414
7500,12,625.0,2,84000,2730,3.7916666666666665,12.880420684814453
7500,12,625.0,2,84000,2760,3.8333333333333335,12.95461654663086
7500,12,625.0,2,84000,2790,3.875,13.014195442199707
7500,12,625.0,2,84000,2820,3.9166666666666665,13.138716697692871
7500,12,625.0,2,84000,2850,3.9583333333333335,13.134143829345703
7500,12,625.0,2,84000,2880,4.0,13.212129592895508
7500,12,625.0,2,84000,2910,4.041666666666667,13.20093059539795
7500,12,625.0,2,84000,2940,4.083333333333333,13.24688720703125
7500,12,625.0,2,84000,2970,4.125,13.215901374816895
7500,12,625.0,2,84000,3000,4.166666666666667,13.171606063842773
7500,12,625.0,2,84000,3030,4.208333333333333,13.240638732910156
7500,12,625.0,2,84000,3060,4.25,13.189452171325684
7500,12,625.0,2,84000,3090,4.291666666666667,13.2251558303833
7500,12,625.0,2,84000,3120,4.333333333333333,13.246365547180176
7500,12,625.0,2,84000,3150,4.375,13.42634391784668
7500,12,625.0,2,84000,3180,4.416666666666667,13.49591064453125
7500,12,625.0,2,84000,3210,4.458333333333333,13.553243637084961
7500,12,625.0,2,84000,3240,4.5,13.595035552978516
7500,12,625.0,2,84000,3270,4.541666666666667,13.69997501373291
7500,12,625.0,2,84000,3300,4.583333333333333,13.757862091064453
7500,12,625.0,2,84000,3330,4.625,13.745291709899902
7500,12,625.0,2,84000,3360,4.666666666666667,13.734002113342285
7500,12,625.0,2,84000,3390,4.708333333333333,13.805049896240234
7500,12,625.0,2,84000,3420,4.75,13.88896656036377
7500,12,625.0,2,84000,3450,4.791666666666667,13.905195236206055
7500,12,625.0,2,84000,3480,4.833333333333333,13.872052192687988
7500,12,625.0,2,84000,3510,4.875,13.97364330291748
7500,12,625.0,2,84000,3540,4.916666666666667,14.071496963500977
7500,12,625.0,2,84000,3570,4.958333333333333,14.106179237365723
7500,12,625.0,2,84000,3600,5.0,14.185637474060059
7500,12,625.0,3,84001,0,0.0,20.00911521911621
7500,12,625.0,3,84001,30,0.041666666666666664,19.42420768737793
7500,12,625.0,3,84001,60,0.08333333333333333,19.031131744384766
7500,12,625.0,3,84001,90,0.125,18.39176368713379
7500,12,625.0,3,84001,120,0.16666666666666666,17.43952751159668
7500,12,625.0,3,84001,150,0.20833333333333334,16.54684829711914
7500,12,625.0,3,84001,180,0.25,16.20774269104004
7500,12,625.0,3,84001,210,0.2916666666666667,17.35155487060547
7500,12,625.0,3,84001,240,0.3333333333333333,19.476707458496094
7500,12,625.0,3,84001,270,0.375,21.658479690551758
7500,12,625.0,3,84001,300,0.4166666666666667,23.593984603881836
7500,12,625.0,3,84001,330,0.4583333333333333,25.317462921142578
7500,12,625.0,3,84001,360,0.5,26.724149703979492
7500,12,625.0,3,84001,390,0.5416666666666666,27.80641746520996
7500,12,625.0,3,84001,420,0.5833333333333334,28.581649780273438
7500,12,625.0,3,84001,450,0.625,29.048843383789062
7500,12,625.0,3,84001,480,0.6666666666666666,29.511674880981445
7500,12,625.0,3,84001,510,0.7083333333333334,30.052154541015625
7500,12,625.0,3,84001,540,0.75,30.8342342376709
7500,12,625.0,3,84001,570,0.7916666666666666,31.536334991455078
7500,12,625.0,3,84001,600,0.8333333333333334,32.225242614746094
7500,12,625.0,3,84001,630,0.875,33.15605545043945
7500,12,625.0,3,84001,660,0.9166666666666666,34.18162536621094
7500,12,625.0,3,84001,690,0.9583333333333334,35.65129089355469
7500,12,625.0,3,84001,720,1.0,37.42613220214844
7500,12,625.0,3,84001,750,1.0416666666666667,39.30984878540039
7500,12,625.0,3,84001,780,1.0833333333333333,41.13911437988281
7500,12,625.0,3,84001,810,1.125,42.5179328918457
7500,12,625.0,3,84001,840,1.1666666666666667,43.429866790771484
7500,12,625.0,3,84001,870,1.2083333333333333,44.025291442871094
7500,12,625.0,3,84001,900,1.25,44.31605911254883
7500,12,625.0,3,84001,930,1.2916666666666667,44.205116271972656
7500,12,625.0,3,84001,960,1.3333333333333333,43.885501861572266
7500,12,625.0,3,84001,990,1.375,43.52907180786133
7500,12,625.0,3,84001,1020,1.4166666666666667,43.354896545410156
7500,12,625.0,3,84001,1050,1.4583333333333333,42.920867919921875
7500,12,625.0,3,84001,1080,1.5,42.65391159057617
7500,12,625.0,3,84001,1110,1.5416666666666667,42.19791793823242
7500,12,625.0,3,84001,1140,1.5833333333333333,41.694087982177734
7500,12,625.0,3,84001,1170,1.625,41.1004753112793
7500,12,625.0,3,84001,1200,1.6666666666666667,40.25563049316406
7500,12,625.0,3,84001,1230,1.7083333333333333,39.51325988769531
7500,12,625.0,3,84001,1260,1.75,38.503623962402344
7500,12,625.0,3,84001,1290,1.7916666666666667,37.18599319458008
7500,12,625.0,3,84001,1320,1.8333333333333333,36.03669357299805
7500,12,625.0,3,84001,1350,1.875,34.640316009521484
7500,12,625.0,3,84001,1380,1.9166666666666667,33.29583740234375
7500,12,625.0,3,84001,1410,1.9583333333333333,32.04305648803711
7500,12,625.0,3,84001,1440,2.0,30.94126319885254
7500,12,625.0,3,84001,1470,2.0416666666666665,30.225006103515625
7500,12,625.0,3,84001,1500,2.0833333333333335,29.63007164001465
7500,12,625.0,3,84001,1530,2.125,29.090858459472656
7500,12,625.0,3,84001,1560,2.1666666666666665,28.465686798095703
7500,12,625.0,3,84001,1590,2.2083333333333335,27.757076263427734
7500,12,625.0,3,84001,1620,2.25,27.244874954223633
7500,12,625.0,3,84001,1650,2.2916666666666665,26.501474380493164
7500,12,625.0,3,84001,1680,2.3333333333333335,25.783058166503906
7500,12,625.0,3,84001,1710,2.375,25.2375545501709
7500,12,625.0,3,84001,1740,2.4166666666666665,24.36664581298828
7500,12,625.0,3,84001,1770,2.4583333333333335,23.496179580688477
7500,12,625.0,3,84001,1800,2.5,22.526811599731445
7500,12,625.0,3,84001,1830,2.5416666666666665,22.04846954345703
7500,12,625.0,3,84001,1860,2.5833333333333335,21.749975204467773
7500,12,625.0,3,84001,1890,2.625,21.589879989624023
7500,12,625.0,3,84001,1920,2.6666666666666665,21.628639221191406
7500,12,625.0,3,84001,1950,2.7083333333333335,21.750038146972656
7500,12,625.0,3,84001,1980,2.75,21.670589447021484
7500,12,625.0,3,84001,2010,2.7916666666666665,21.384845733642578
7500,12,625.0,3,84001,2040,2.8333333333333335,21.04682159423828
7500,12,625.0,3,84001,2070,2.875,20.713716506958008
7500,12,625.0,3,84001,2100,2.9166666666666665,20.439743041992188
7500,12,625.0,3,84001,2130,2.9583333333333335,19.87576675415039
7500,12,625.0,3,84001,2160,3.0,19.33386993408203
7500,12,625.0,3,84001,2190,3.0416666666666665,18.908876419067383
7500,12,625.0,3,84001,2220,3.0833333333333335,18.482824325561523
7500,12,625.0,3,84001,2250,3.125,18.232837677001953
7500,12,625.0,3,84001,2280,3.1666666666666665,17.934383392333984
7500,12,625.0,3,84001,2310,3.2083333333333335,17.636127471923828
7500,12,625.0,3,84001,2340,3.25,17.299909591674805
7500,12,625.0,3,84001,2370,3.2916666666666665,16.88749885559082
7500,12,625.0,3,84001,2400,3.3333333333333335,16.59046745300293
7500,12,625.0,3,84001,2430,3.375,16.027191162109375
7500,12,625.0,3,84001,2460,3.4166666666666665,15.64438247680664
7500,12,625.0,3,84001,2490,3.4583333333333335,15.368791580200195
7500,12,625.0,3,84001,2520,3.5,14.995820999145508
7500,12,625.0,3,84001,2550,3.5416666666666665,14.723834037780762
7500,12,625.0,3,84001,2580,3.5833333333333335,14.210068702697754
7500,12,625.0,3,84001,2610,3.625,13.91171932220459
7500,12,625.0,3,84001,2640,3.6666666666666665,13.553662300109863
7500,12,625.0,3,84001,2670,3.7083333333333335,13.144194602966309
7500,12,625.0,3,84001,2700,3.75,12.937531471252441
7500,12,625.0,3,84001,2730,3.7916666666666665,12.788610458374023
7500,12,625.0,3,84001,2760,3.8333333333333335,12.86167049407959
7500,12,625.0,3,84001,2790,3.875,12.866316795349121
7500,12,625.0,3,84001,2820,3.9166666666666665,12.973977088928223
7500,12,625.0,3,84001,2850,3.9583333333333335,12.981825828552246
7500,12,625.0,3,84001,2880,4.0,13.079597473144531
7500,12,625.0,3,84001,2910,4.041666666666667,13.146834373474121
7500,12,625.0,3,84001,2940,4.083333333333333,13.129851341247559
7500,12,625.0,3,84001,2970,4.125,13.15823745727539
7500,12,625.0,3,84001,3000,4.166666666666667,13.167168617248535
7500,12,625.0,3,84001,3030,4.208333333333333,13.130264282226562
7500,12,625.0,3,84001,3060,4.25,13.144879341125488
7500,12,625.0,3,84001,3090,4.291666666666667,13.092727661132812
7500,12,625.0,3,84001,3120,4.333333333333333,13.1033353805542
7500,12,625.0,3,84001,3150,4.375,13.112387657165527
7500,12,625.0,3,84001,3180,4.416666666666667,13.229070663452148
7500,12,625.0,3,84001,3210,4.458333333333333,13.34433364868164
7500,12,625.0,3,84001,3240,4.5,13.413154602050781
7500,12,625.0,3,84001,3270,4.541666666666667,13.41126537322998
7500,12,625.0,3,84001,3300,4.583333333333333,13.596460342407227
7500,12,625.0,3,84001,3330,4.625,13.570293426513672
7500,12,625.0,3,84001,3360,4.666666666666667,13.659737586975098
7500,12,625.0,3,84001,3390,4.708333333333333,13.683493614196777
7500,12,625.0,3,84001,3420,4.75,13.664483070373535
7500,12,625.0,3,84001,3450,4.791666666666667,13.708681106567383
7500,12,625.0,3,84001,3480,4.833333333333333,13.748779296875
7500,12,625.0,3,84001,3510,4.875,13.78594970703125
7500,12,625.0,3,84001,3540,4.916666666666667,13.826526641845703
7500,12,625.0,3,84001,3570,4.958333333333333,13.893330574035645
7500,12,625.0,3,84001,3600,5.0,13.958683967590332
7500,12,625.0,4,84001,0,0.0,20.02781867980957
7500,12,625.0,4,84001,30,0.041666666666666664,19.504533767700195
7500,12,625.0,4,84001,60,0.08333333333333333,19.076704025268555
7500,12,625.0,4,84001,90,0.125,18.364599227905273
7500,12,625.0,4,84001,120,0.16666666666666666,17.435400009155273
7500,12,625.0,4,84001,150,0.20833333333333334,16.5450382232666
7500,12,625.0,4,84001,180,0.25,16.177276611328125
7500,12,625.0,4,84001,210,0.2916666666666667,17.316341400146484
7500,12,625.0,4,84001,240,0.3333333333333333,19.421436309814453
7500,12,625.0,4,84001,270,0.375,21.629335403442383
7500,12,625.0,4,84001,300,0.4166666666666667,23.559850692749023
7500,12,625.0,4,84001,330,0.4583333333333333,25.30188751220703
7500,12,625.0,4,84001,360,0.5,26.680086135864258
7500,12,625.0,4,84001,390,0.5416666666666666,27.749805450439453
7500,12,625.0,4,84001,420,0.5833333333333334,28.519336700439453
7500,12,625.0,4,84001,450,0.625,29.042104721069336
7500,12,625.0,4,84001,480,0.6666666666666666,29.577041625976562
7500,12,625.0,4,84001,510,0.7083333333333334,30.052078247070312
7500,12,625.0,4,84001,540,0.75,30.730941772460938
7500,12,625.0,4,84001,570,0.7916666666666666,31.34186363220215
7500,12,625.0,4,84001,600,0.8333333333333334,31.97432518005371
7500,12,625.0,4,84001,630,0.875,32.897274017333984
7500,12,625.0,4,84001,660,0.9166666666666666,33.96151351928711
7500,12,625.0,4,84001,690,0.9583333333333334,35.603816986083984
7500,12,625.0,4,84001,720,1.0,37.43295669555664
7500,12,625.0,4,84001,750,1.0416666666666667,39.367862701416016
7500,12,625.0,4,84001,780,1.0833333333333333,41.44773483276367
7500,12,625.0,4,84001,810,1.125,42.90116500854492
7500,12,625.0,4,84001,840,1.1666666666666667,43.87073516845703
7500,12,625.0,4,84001,870,1.2083333333333333,44.18017578125
7500,12,625.0,4,84001,900,1.25,44.18333435058594
7500,12,625.0,4,84001,930,1.2916666666666667,44.023399353027344
7500,12,625.0,4,84001,960,1.3333333333333333,43.8487548828125
7500,12,625.0,4,84001,990,1.375,43.58051300048828
7500,12,625.0,4,84001,1020,1.4166666666666667,43.217288970947266
7500,12,625.0,4,84001,1050,1.4583333333333333,43.241432189941406
7500,12,625.0,4,84001,1080,1.5,43.017311096191406
7500,12,625.0,4,84001,1110,1.5416666666666667,42.70230484008789
7500,12,625.0,4,84001,1140,1.5833333333333333,42.34581756591797
7500,12,625.0,4,84001,1170,1.625,41.900325775146484
7500,12,625.0,4,84001,1200,1.6666666666666667,41.19158172607422
7500,12,625.0,4,84001,1230,1.7083333333333333,40.293426513671875
7500,12,625.0,4,84001,1260,1.75,39.21713638305664
7500,12,625.0,4,84001,1290,1.7916666666666667,38.15946960449219
7500,12,625.0,4,84001,1320,1.8333333333333333,37.080650329589844
7500,12,625.0,4,84001,1350,1.875,35.62143325805664
7500,12,625.0,4,84001,1380,1.9166666666666667,34.14976119995117
7500,12,625.0,4,84001,1410,1.9583333333333333,32.76597595214844
7500,12,625.0,4,84001,1440,2.0,31.493318557739258
7500,12,625.0,4,84001,1470,2.0416666666666665,30.792499542236328
7500,12,625.0,4,84001,1500,2.0833333333333335,30.286100387573242
7500,12,625.0,4,84001,1530,2.125,29.718538284301758
7500,12,625.0,4,84001,1560,2.1666666666666665,29.134729385375977
7500,12,625.0,4,84001,1590,2.2083333333333335,28.50592041015625
7500,12,625.0,4,84001,1620,2.25,28.0413875579834
7500,12,625.0,4,84001,1650,2.2916666666666665,27.117595672607422
7500,12,625.0,4,84001,1680,2.3333333333333335,26.16848373413086
7500,12,625.0,4,84001,1710,2.375,25.19500160217285
7500,12,625.0,4,84001,1740,2.4166666666666665,24.176654815673828
7500,12,625.0,4,84001,1770,2.4583333333333335,23.342029571533203
7500,12,625.0,4,84001,1800,2.5,22.662670135498047
7500,12,625.0,4,84001,1830,2.5416666666666665,21.925874710083008
7500,12,625.0,4,84001,1860,2.5833333333333335,21.39060401916504
7500,12,625.0,4,84001,1890,2.625,21.265544891357422
7500,12,625.0,4,84001,1920,2.6666666666666665,21.537452697753906
7500,12,625.0,4,84001,1950,2.7083333333333335,21.67018699645996
7500,12,625.0,4,84001,1980,2.75,21.582595825195312
7500,12,625.0,4,84001,2010,2.7916666666666665,21.327041625976562
7500,12,625.0,4,84001,2040,2.8333333333333335,20.939697265625
7500,12,625.0,4,84001,2070,2.875,20.650508880615234
7500,12,625.0,4,84001,2100,2.9166666666666665,20.190074920654297
7500,12,625.0,4,84001,2130,2.9583333333333335,19.738737106323242
7500,12,625.0,4,84001,2160,3.0,19.286579132080078
7500,12,625.0,4,84001,2190,3.0416666666666665,18.946142196655273
7500,12,625.0,4,84001,2220,3.0833333333333335,18.594635009765625
7500,12,625.0,4,84001,2250,3.125,18.19710350036621
7500,12,625.0,4,84001,2280,3.1666666666666665,17.824617385864258
7500,12,625.0,4,84001,2310,3.2083333333333335,17.459651947021484
7500,12,625.0,4,84001,2340,3.25,17.21002769470215
7500,12,625.0,4,84001,2370,3.2916666666666665,16.88683319091797
7500,12,625.0,4,84001,2400,3.3333333333333335,16.636316299438477
7500,12,625.0,4,84001,2430,3.375,16.336017608642578
7500,12,625.0,4,84001,2460,3.4166666666666665,15.98448371887207
7500,12,625.0,4,84001,2490,3.4583333333333335,15.636199951171875
7500,12,625.0,4,84001,2520,3.5,15.25894832611084
7500,12,625.0,4,84001,2550,3.5416666666666665,14.818881034851074
7500,12,625.0,4,84001,2580,3.5833333333333335,14.204587936401367
7500,12,625.0,4,84001,2610,3.625,13.883318901062012
7500,12,625.0,4,84001,2640,3.6666666666666665,13.43637752532959
7500,12,625.0,4,84001,2670,3.7083333333333335,13.130325317382812
7500,12,625.0,4,84001,2700,3.75,12.861124992370605
7500,12,625.0,4,84001,2730,3.7916666666666665,12.782133102416992
7500,12,625.0,4,84001,2760,3.8333333333333335,12.892204284667969
7500,12,625.0,4,84001,2790,3.875,12.939828872680664
7500,12,625.0,4,84001,2820,3.9166666666666665,13.00300407409668
7500,12,625.0,4,84001,2850,3.9583333333333335,13.067957878112793
7500,12,625.0,4,84001,2880,4.0,13.160696029663086
7500,12,625.0,4,84001,2910,4.041666666666667,13.199347496032715
7500,12,625.0,4,84001,2940,4.083333333333333,13.207408905029297
7500,12,625.0,4,84001,2970,4.125,13.255132675170898
7500,12,625.0,4,84001,3000,4.166666666666667,13.260348320007324
7500,12,625.0,4,84001,3030,4.208333333333333,13.250972747802734
7500,12,625.0,4,84001,3060,4.25,13.340733528137207
7500,12,625.0,4,84001,3090,4.291666666666667,13.28377628326416
7500,12,625.0,4,84001,3120,4.333333333333333,13.224058151245117
7500,12,625.0,4,84001,3150,4.375,13.278539657592773
7500,12,625.0,4,84001,3180,4.416666666666667,13.32747745513916
7500,12,625.0,4,84001,3210,4.458333333333333,13.425220489501953
7500,12,625.0,4,84001,3240,4.5,13.51660442352295
7500,12,625.0,4,84001,3270,4.541666666666667,13.61552906036377
7500,12,625.0,4,84001,3300,4.583333333333333,13.65707778930664
7500,12,625.0,4,84001,3330,4.625,13.727298736572266
7500,12,625.0,4,84001,3360,4.666666666666667,13.780094146728516
7500,12,625.0,4,84001,3390,4.708333333333333,13.728249549865723
7500,12,625.0,4,84001,3420,4.75,13.768519401550293
7500,12,625.0,4,84001,3450,4.791666666666667,13.711904525756836
7500,12,625.0,4,84001,3480,4.833333333333333,13.73586654663086
7500,12,625.0,4,84001,3510,4.875,13.799400329589844
7500,12,625.0,4,84001,3540,4.916666666666667,13.852543830871582
7500,12,625.0,4,84001,3570,4.958333333333333,13.934916496276855
7500,12,625.0,4,84001,3600,5.0,14.03093147277832
7500,12,625.0,5,84001,0,0.0,19.886167526245117
7500,12,625.0,5,84001,30,0.041666666666666664,19.365650177001953
7500,12,625.0,5,84001,60,0.08333333333333333,18.945907592773438
7500,12,625.0,5,84001,90,0.125,18.279407501220703
7500,12,625.0,5,84001,120,0.16666666666666666,17.339143753051758
7500,12,625.0,5,84001,150,0.20833333333333334,16.441226959228516
7500,12,625.0,5,84001,180,0.25,16.115537643432617
7500,12,625.0,5,84001,210,0.2916666666666667,17.270570755004883
7500,12,625.0,5,84001,240,0.3333333333333333,19.372854232788086
7500,12,625.0,5,84001,270,0.375,21.610755920410156
7500,12,625.0,5,84001,300,0.4166666666666667,23.58591651916504
7500,12,625.0,5,84001,330,0.4583333333333333,25.322952270507812
7500,12,625.0,5,84001,360,0.5,26.669971466064453
7500,12,625.0,5,84001,390,0.5416666666666666,27.806529998779297
7500,12,625.0,5,84001,420,0.5833333333333334,28.665149688720703
7500,12,625.0,5,84001,450,0.625,29.19519805908203
7500,12,625.0,5,84001,480,0.6666666666666666,29.683855056762695
7500,12,625.0,5,84001,510,0.7083333333333334,30.28583335876465
7500,12,625.0,5,84001,540,0.75,30.95974349975586
7500,12,625.0,5,84001,570,0.7916666666666666,31.49188995361328
7500,12,625.0,5,84001,600,0.8333333333333334,32.165504455566406
7500,12,625.0,5,84001,630,0.875,32.984771728515625
7500,12,625.0,5,84001,660,0.9166666666666666,34.07061004638672
7500,12,625.0,5,84001,690,0.9583333333333334,35.408599853515625
7500,12,625.0,5,84001,720,1.0,37.22812271118164
7500,12,625.0,5,84001,750,1.0416666666666667,39.39024353027344
7500,12,625.0,5,84001,780,1.0833333333333333,41.50868225097656
7500,12,625.0,5,84001,810,1.125,43.185665130615234
7500,12,625.0,5,84001,840,1.1666666666666667,44.069828033447266
7500,12,625.0,5,84001,870,1.2083333333333333,44.68632888793945
7500,12,625.0,5,84001,900,1.25,44.85247802734375
7500,12,625.0,5,84001,930,1.2916666666666667,44.983638763427734
7500,12,625.0,5,84001,960,1.3333333333333333,44.63520812988281
7500,12,625.0,5,84001,990,1.375,44.14704132080078
7500,12,625.0,5,84001,1020,1.4166666666666667,43.88654708862305
7500,12,625.0,5,84001,1050,1.4583333333333333,43.67622756958008
7500,12,625.0,5,84001,1080,1.5,43.41032028198242
7500,12,625.0,5,84001,1110,1.5416666666666667,43.202327728271484
7500,12,625.0,5,84001,1140,1.5833333333333333,42.89154815673828
7500,12,625.0,5,84001,1170,1.625,42.39142608642578
7500,12,625.0,5,84001,1200,1.6666666666666667,41.879703521728516
7500,12,625.0,5,84001,1230,1.7083333333333333,40.9566650390625
7500,12,625.0,5,84001,1260,1.75,39.8061408996582
7500,12,625.0,5,84001,1290,1.7916666666666667,38.6414909362793
7500,12,625.0,5,84001,1320,1.8333333333333333,37.343318939208984
7500,12,625.0,5,84001,1350,1.875,35.83890914916992
7500,12,625.0,5,84001,1380,1.9166666666666667,34.18951416015625
7500,12,625.0,5,84001,1410,1.9583333333333333,32.6505126953125
7500,12,625.0,5,84001,1440,2.0,31.47003173828125
7500,12,625.0,5,84001,1470,2.0416666666666665,30.838857650756836
7500,12,625.0,5,84001,1500,2.0833333333333335,30.334524154663086
7500,12,625.0,5,84001,1530,2.125,29.907739639282227
7500,12,625.0,5,84001,1560,2.1666666666666665,29.418954849243164
7500,12,625.0,5,84001,1590,2.2083333333333335,28.80051040649414
7500,12,625.0,5,84001,1620,2.25,28.082420349121094
7500,12,625.0,5,84001,1650,2.2916666666666665,27.56540298461914
7500,12,625.0,5,84001,1680,2.3333333333333335,26.763256072998047
7500,12,625.0,5,84001,1710,2.375,25.967527389526367
7500,12,625.0,5,84001,1740,2.4166666666666665,25.191478729248047
7500,12,625.0,5,84001,1770,2.4583333333333335,23.89804458618164
7500,12,625.0,5,84001,1800,2.5,22.91254234313965
7500,12,625.0,5,84001,1830,2.5416666666666665,22.415266036987305
7500,12,625.0,5,84001,1860,2.5833333333333335,21.995622634887695
7500,12,625.0,5,84001,1890,2.625,21.92352294921875
7500,12,625.0,5,84001,1920,2.6666666666666665,22.14449119567871
7500,12,625.0,5,84001,1950,2.7083333333333335,22.15775489807129
7500,12,625.0,5,84001,1980,2.75,22.09810447692871
7500,12,625.0,5,84001,2010,2.7916666666666665,21.786842346191406
7500,12,625.0,5,84001,2040,2.8333333333333335,21.33188819885254
7500,12,625.0,5,84001,2070,2.875,20.895587921142578
7500,12,625.0,5,84001,2100,2.9166666666666665,20.48805809020996
7500,12,625.0,5,84001,2130,2.9583333333333335,20.100688934326172
7500,12,625.0,5,84001,2160,3.0,19.684358596801758
7500,12,625.0,5,84001,2190,3.0416666666666665,19.231571197509766
7500,12,625.0,5,84001,2220,3.0833333333333335,18.7434024810791
7500,12,625.0,5,84001,2250,3.125,18.25126838684082
7500,12,625.0,5,84001,2280,3.1666666666666665,17.82939338684082
7500,12,625.0,5,84001,2310,3.2083333333333335,17.483795166015625
7500,12,625.0,5,84001,2340,3.25,17.294021606445312
7500,12,625.0,5,84001,2370,3.2916666666666665,16.83804702758789
7500,12,625.0,5,84001,2400,3.3333333333333335,16.548099517822266
7500,12,625.0,5,84001,2430,3.375,16.18733787536621
7500,12,625.0,5,84001,2460,3.4166666666666665,15.831999778747559
7500,12,625.0,5,84001,2490,3.4583333333333335,15.50658130645752
7500,12,625.0,5,84001,2520,3.5,15.121856689453125
7500,12,625.0,5,84001,2550,3.5416666666666665,14.782183647155762
7500,12,625.0,5,84001,2580,3.5833333333333335,14.435466766357422
7500,12,625.0,5,84001,2610,3.625,13.995556831359863
7500,12,625.0,5,84001,2640,3.6666666666666665,13.512377738952637
7500,12,625.0,5,84001,2670,3.7083333333333335,13.218896865844727
7500,12,625.0,5,84001,2700,3.75,13.079943656921387
7500,12,625.0,5,84001,2730,3.7916666666666665,13.000836372375488
7500,12,625.0,5,84001,2760,3.8333333333333335,13.066190719604492
7500,12,625.0,5,84001,2790,3.875,13.100273132324219
7500,12,625.0,5,84001,2820,3.9166666666666665,13.183804512023926
7500,12,625.0,5,84001,2850,3.9583333333333335,13.274277687072754
7500,12,625.0,5,84001,2880,4.0,13.329970359802246
7500,12,625.0,5,84001,2910,4.041666666666667,13.368639945983887
7500,12,625.0,5,84001,2940,4.083333333333333,13.447322845458984
7500,12,625.0,5,84001,2970,4.125,13.405097961425781
7500,12,625.0,5,84001,3000,4.166666666666667,13.438847541809082
7500,12,625.0,5,84001,3030,4.208333333333333,13.46090030670166
7500,12,625.0,5,84001,3060,4.25,13.406693458557129
7500,12,625.0,5,84001,3090,4.291666666666667,13.393174171447754
7500,12,625.0,5,84001,3120,4.333333333333333,13.37006664276123
7500,12,625.0,5,84001,3150,4.375,13.361539840698242
7500,12,625.0,5,84001,3180,4.416666666666667,13.474539756774902
7500,12,625.0,5,84001,3210,4.458333333333333,13.630374908447266
7500,12,625.0,5,84001,3240,4.5,13.681694030761719
7500,12,625.0,5,84001,3270,4.541666666666667,13.761849403381348
7500,12,625.0,5,84001,3300,4.583333333333333,13.802264213562012
7500,12,625.0,5,84001,3330,4.625,13.831693649291992
7500,12,625.0,5,84001,3360,4.666666666666667,13.916858673095703
7500,12,625.0,5,84001,3390,4.708333333333333,13.929951667785645
7500,12,625.0,5,84001,3420,4.75,13.944938659667969
7500,12,625.0,5,84001,3450,4.791666666666667,13.93548583984375
7500,12,625.0,5,84001,3480,4.833333333333333,13.960332870483398
7500,12,625.0,5,84001,3510,4.875,13.932711601257324
7500,12,625.0,5,84001,3540,4.916666666666667,14.047026634216309
7500,12,625.0,5,84001,3570,4.958333333333333,14.08090591430664
7500,12,625.0,5,84001,3600,5.0,14.209891319274902
7500,15,500.0,0,84000,0,0.0,19.97681999206543
7500,15,500.0,0,84000,30,0.041666666666666664,19.16607666015625
7500,15,500.0,0,84000,60,0.08333333333333333,18.459150314331055
7500,15,500.0,0,84000,90,0.125,17.655242919921875
7500,15,500.0,0,84000,120,0.16666666666666666,16.622127532958984
7500,15,500.0,0,84000,150,0.20833333333333334,15.530525207519531
7500,15,500.0,0,84000,180,0.25,15.05604362487793
7500,15,500.0,0,84000,210,0.2916666666666667,15.872474670410156
7500,15,500.0,0,84000,240,0.3333333333333333,17.471641540527344
7500,15,500.0,0,84000,270,0.375,19.025728225708008
7500,15,500.0,0,84000,300,0.4166666666666667,20.251657485961914
7500,15,500.0,0,84000,330,0.4583333333333333,21.119760513305664
7500,15,500.0,0,84000,360,0.5,21.73099708557129
7500,15,500.0,0,84000,390,0.5416666666666666,22.006471633911133
7500,15,500.0,0,84000,420,0.5833333333333334,22.009037017822266
7500,15,500.0,0,84000,450,0.625,21.74939727783203
7500,15,500.0,0,84000,480,0.6666666666666666,21.496129989624023
7500,15,500.0,0,84000,510,0.7083333333333334,21.28030776977539
7500,15,500.0,0,84000,540,0.75,21.313358306884766
7500,15,500.0,0,84000,570,0.7916666666666666,21.7794132232666
7500,15,500.0,0,84000,600,0.8333333333333334,22.61394500732422
7500,15,500.0,0,84000,630,0.875,23.55206298828125
7500,15,500.0,0,84000,660,0.9166666666666666,24.683305740356445
7500,15,500.0,0,84000,690,0.9583333333333334,25.363391876220703
7500,15,500.0,0,84000,720,1.0,25.709453582763672
7500,15,500.0,0,84000,750,1.0416666666666667,25.57248306274414
7500,15,500.0,0,84000,780,1.0833333333333333,24.946950912475586
7500,15,500.0,0,84000,810,1.125,23.99750328063965
7500,15,500.0,0,84000,840,1.1666666666666667,22.698955535888672
7500,15,500.0,0,84000,870,1.2083333333333333,21.121753692626953
7500,15,500.0,0,84000,900,1.25,19.857078552246094
7500,15,500.0,0,84000,930,1.2916666666666667,18.572254180908203
7500,15,500.0,0,84000,960,1.3333333333333333,17.470088958740234
7500,15,500.0,0,84000,990,1.375,16.000438690185547
7500,15,500.0,0,84000,1020,1.4166666666666667,14.745074272155762
7500,15,500.0,0,84000,1050,1.4583333333333333,13.418429374694824
7500,15,500.0,0,84000,1080,1.5,12.165520668029785
7500,15,500.0,0,84000,1110,1.5416666666666667,11.513769149780273
7500,15,500.0,0,84000,1140,1.5833333333333333,11.726137161254883
7500,15,500.0,0,84000,1170,1.625,11.961864471435547
7500,15,500.0,0,84000,1200,1.6666666666666667,11.990614891052246
7500,15,500.0,0,84000,1230,1.7083333333333333,11.77445125579834
7500,15,500.0,0,84000,1260,1.75,11.476363182067871
7500,15,500.0,0,84000,1290,1.7916666666666667,10.925355911254883
7500,15,500.0,0,84000,1320,1.8333333333333333,10.302157402038574
7500,15,500.0,0,84000,1350,1.875,9.756479263305664
7500,15,500.0,0,84000,1380,1.9166666666666667,9.062599182128906
7500,15,500.0,0,84000,1410,1.9583333333333333,8.408082008361816
7500,15,500.0,0,84000,1440,2.0,8.009854316711426
7500,15,500.0,0,84000,1470,2.0416666666666665,7.553184986114502
7500,15,500.0,0,84000,1500,2.0833333333333335,7.489770889282227
7500,15,500.0,0,84000,1530,2.125,7.480475902557373
7500,15,500.0,0,84000,1560,2.1666666666666665,7.429775238037109
7500,15,500.0,0,84000,1590,2.2083333333333335,7.266008377075195
7500,15,500.0,0,84000,1620,2.25,6.874542713165283
7500,15,500.0,0,84000,1650,2.2916666666666665,6.4141845703125
7500,15,500.0,0,84000,1680,2.3333333333333335,6.0572967529296875
7500,15,500.0,0,84000,1710,2.375,5.937985420227051
7500,15,500.0,0,84000,1740,2.4166666666666665,5.968211650848389
7500,15,500.0,0,84000,1770,2.4583333333333335,6.013047695159912
7500,15,500.0,0,84000,1800,2.5,5.983699798583984
7500,15,500.0,0,84000,1830,2.5416666666666665,5.993282318115234
7500,15,500.0,0,84000,1860,2.5833333333333335,5.9315032958984375
7500,15,500.0,0,84000,1890,2.625,5.7824602127075195
7500,15,500.0,0,84000,1920,2.6666666666666665,5.662498950958252
7500,15,500.0,0,84000,1950,2.7083333333333335,5.499953269958496
7500,15,500.0,0,84000,1980,2.75,5.2755126953125
7500,15,500.0,0,84000,2010,2.7916666666666665,5.0355424880981445
7500,15,500.0,0,84000,2040,2.8333333333333335,4.821077823638916
7500,15,500.0,0,84000,2070,2.875,4.631247043609619
7500,15,500.0,0,84000,2100,2.9166666666666665,4.58186674118042
7500,15,500.0,0,84000,2130,2.9583333333333335,4.575388431549072
7500,15,500.0,0,84000,2160,3.0,4.511280059814453
7500,15,500.0,0,84000,2190,3.0416666666666665,4.459375858306885
7500,15,500.0,0,84000,2220,3.0833333333333335,4.4218316078186035
7500,15,500.0,0,84000,2250,3.125,4.404438495635986
7500,15,500.0,0,84000,2280,3.1666666666666665,4.43856143951416
7500,15,500.0,0,84000,2310,3.2083333333333335,4.574840545654297
7500,15,500.0,0,84000,2340,3.25,4.699432373046875
7500,15,500.0,0,84000,2370,3.2916666666666665,4.7530083656311035
7500,15,500.0,0,84000,2400,3.3333333333333335,4.7537665367126465
7500,15,500.0,0,84000,2430,3.375,4.79149055480957
7500,15,500.0,0,84000,2460,3.4166666666666665,4.797500133514404
7500,15,500.0,0,84000,2490,3.4583333333333335,4.777368545532227
7500,15,500.0,0,84000,2520,3.5,4.782858848571777
7500,15,500.0,0,84000,2550,3.5416666666666665,4.757217884063721
7500,15,500.0,0,84000,2580,3.5833333333333335,4.782150745391846
7500,15,500.0,0,84000,2610,3.625,4.7831950187683105
7500,15,500.0,0,84000,2640,3.6666666666666665,4.808512210845947
7500,15,500.0,0,84000,2670,3.7083333333333335,4.818682670593262
7500,15,500.0,0,84000,2700,3.75,4.893505096435547
7500,15,500.0,0,84000,2730,3.7916666666666665,4.887155055999756
7500,15,500.0,0,84000,2760,3.8333333333333335,4.922475814819336
7500,15,500.0,0,84000,2790,3.875,4.806221961975098
7500,15,500.0,0,84000,2820,3.9166666666666665,4.700612545013428
7500,15,500.0,0,84000,2850,3.9583333333333335,4.670522212982178
7500,15,500.0,0,84000,2880,4.0,4.584795951843262
7500,15,500.0,0,84000,2910,4.041666666666667,4.6410322189331055
7500,15,500.0,0,84000,2940,4.083333333333333,4.757987976074219
7500,15,500.0,0,84000,2970,4.125,4.79444694519043
7500,15,500.0,0,84000,3000,4.166666666666667,4.804041862487793
7500,15,500.0,0,84000,3030,4.208333333333333,4.809939384460449
7500,15,500.0,0,84000,3060,4.25,4.805448055267334
7500,15,500.0,0,84000,3090,4.291666666666667,4.774386882781982
7500,15,500.0,0,84000,3120,4.333333333333333,4.742762565612793
7500,15,500.0,0,84000,3150,4.375,4.743432521820068
7500,15,500.0,0,84000,3180,4.416666666666667,4.690162658691406
7500,15,500.0,0,84000,3210,4.458333333333333,4.679238319396973
7500,15,500.0,0,84000,3240,4.5,4.630601406097412
7500,15,500.0,0,84000,3270,4.541666666666667,4.686333656311035
7500,15,500.0,0,84000,3300,4.583333333333333,4.647638320922852
7500,15,500.0,0,84000,3330,4.625,4.6808271408081055
7500,15,500.0,0,84000,3360,4.666666666666667,4.644536018371582
7500,15,500.0,0,84000,3390,4.708333333333333,4.590941429138184
7500,15,500.0,0,84000,3420,4.75,4.5373854637146
7500,15,500.0,0,84000,3450,4.791666666666667,4.530929088592529
7500,15,500.0,0,84000,3480,4.833333333333333,4.438197612762451
7500,15,500.0,0,84000,3510,4.875,4.581330299377441
7500,15,500.0,0,84000,3540,4.916666666666667,4.667068958282471
7500,15,500.0,0,84000,3570,4.958333333333333,4.703548431396484
7500,15,500.0,0,84000,3600,5.0,4.714295864105225
7500,15,500.0,1,84000,0,0.0,19.927534103393555
7500,15,500.0,1,84000,30,0.041666666666666664,19.15606689453125
7500,15,500.0,1,84000,60,0.08333333333333333,18.471525192260742
7500,15,500.0,1,84000,90,0.125,17.55788803100586
7500,15,500.0,1,84000,120,0.16666666666666666,16.54690170288086
7500,15,500.0,1,84000,150,0.20833333333333334,15.446416854858398
7500,15,500.0,1,84000,180,0.25,14.96308422088623
7500,15,500.0,1,84000,210,0.2916666666666667,15.794527053833008
7500,15,500.0,1,84000,240,0.3333333333333333,17.37717628479004
7500,15,500.0,1,84000,270,0.375,18.935075759887695
7500,15,500.0,1,84000,300,0.4166666666666667,20.215726852416992
7500,15,500.0,1,84000,330,0.4583333333333333,21.167713165283203
7500,15,500.0,1,84000,360,0.5,21.8282470703125
7500,15,500.0,1,84000,390,0.5416666666666666,22.069469451904297
7500,15,500.0,1,84000,420,0.5833333333333334,22.074512481689453
7500,15,500.0,1,84000,450,0.625,21.956491470336914
7500,15,500.0,1,84000,480,0.6666666666666666,21.661121368408203
7500,15,500.0,1,84000,510,0.7083333333333334,21.282316207885742
7500,15,500.0,1,84000,540,0.75,21.32730484008789
7500,15,500.0,1,84000,570,0.7916666666666666,21.825929641723633
7500,15,500.0,1,84000,600,0.8333333333333334,22.640321731567383
7500,15,500.0,1,84000,630,0.875,23.64859962463379
7500,15,500.0,1,84000,660,0.9166666666666666,24.478708267211914
7500,15,500.0,1,84000,690,0.9583333333333334,25.03215980529785
7500,15,500.0,1,84000,720,1.0,25.197328567504883
7500,15,500.0,1,84000,750,1.0416666666666667,25.034910202026367
7500,15,500.0,1,84000,780,1.0833333333333333,24.32707977294922
7500,15,500.0,1,84000,810,1.125,23.302963256835938
7500,15,500.0,1,84000,840,1.1666666666666667,21.98993492126465
7500,15,500.0,1,84000,870,1.2083333333333333,20.70427131652832
7500,15,500.0,1,84000,900,1.25,19.41452980041504
7500,15,500.0,1,84000,930,1.2916666666666667,18.275066375732422
7500,15,500.0,1,84000,960,1.3333333333333333,17.15180206298828
7500,15,500.0,1,84000,990,1.375,16.04269790649414
7500,15,500.0,1,84000,1020,1.4166666666666667,14.536288261413574
7500,15,500.0,1,84000,1050,1.4583333333333333,13.399823188781738
7500,15,500.0,1,84000,1080,1.5,12.373452186584473
7500,15,500.0,1,84000,1110,1.5416666666666667,11.944293022155762
7500,15,500.0,1,84000,1140,1.5833333333333333,12.041090965270996
7500,15,500.0,1,84000,1170,1.625,12.268162727355957
7500,15,500.0,1,84000,1200,1.6666666666666667,12.324162483215332
7500,15,500.0,1,84000,1230,1.7083333333333333,11.953761100769043
7500,15,500.0,1,84000,1260,1.75,11.557151794433594
7500,15,500.0,1,84000,1290,1.7916666666666667,10.9838285446167
7500,15,500.0,1,84000,1320,1.8333333333333333,10.403792381286621
7500,15,500.0,1,84000,1350,1.875,9.618197441101074
7500,15,500.0,1,84000,1380,1.9166666666666667,9.093884468078613
7500,15,500.0,1,84000,1410,1.9583333333333333,8.517306327819824
7500,15,500.0,1,84000,1440,2.0,7.981490612030029
7500,15,500.0,1,84000,1470,2.0416666666666665,7.860047340393066
7500,15,500.0,1,84000,1500,2.0833333333333335,7.72465705871582
7500,15,500.0,1,84000,1530,2.125,7.6677937507629395
7500,15,500.0,1,84000,1560,2.1666666666666665,7.51017427444458
7500,15,500.0,1,84000,1590,2.2083333333333335,7.24113655090332
7500,15,500.0,1,84000,1620,2.25,6.894941806793213
7500,15,500.0,1,84000,1650,2.2916666666666665,6.614120960235596
7500,15,500.0,1,84000,1680,2.3333333333333335,6.3377790451049805
7500,15,500.0,1,84000,1710,2.375,6.117199420928955
7500,15,500.0,1,84000,1740,2.4166666666666665,6.1098103523254395
7500,15,500.0,1,84000,1770,2.4583333333333335,6.145842552185059
7500,15,500.0,1,84000,1800,2.5,6.1190009117126465
7500,15,500.0,1,84000,1830,2.5416666666666665,6.070961952209473
7500,15,500.0,1,84000,1860,2.5833333333333335,6.009008884429932
7500,15,500.0,1,84000,1890,2.625,5.888067722320557
7500,15,500.0,1,84000,1920,2.6666666666666665,5.721382141113281
7500,15,500.0,1,84000,1950,2.7083333333333335,5.565906047821045
7500,15,500.0,1,84000,1980,2.75,5.288179874420166
7500,15,500.0,1,84000,2010,2.7916666666666665,5.075904369354248
7500,15,500.0,1,84000,2040,2.8333333333333335,4.86302375793457
7500,15,500.0,1,84000,2070,2.875,4.697035789489746
7500,15,500.0,1,84000,2100,2.9166666666666665,4.654369831085205
7500,15,500.0,1,84000,2130,2.9583333333333335,4.604055404663086
7500,15,500.0,1,84000,2160,3.0,4.541032314300537
7500,15,500.0,1,84000,2190,3.0416666666666665,4.468613147735596
7500,15,500.0,1,84000,2220,3.0833333333333335,4.46201229095459
7500,15,500.0,1,84000,2250,3.125,4.476713180541992
7500,15,500.0,1,84000,2280,3.1666666666666665,4.568521499633789
7500,15,500.0,1,84000,2310,3.2083333333333335,4.588837146759033
7500,15,500.0,1,84000,2340,3.25,4.69401216506958
7500,15,500.0,1,84000,2370,3.2916666666666665,4.7934770584106445
7500,15,500.0,1,84000,2400,3.3333333333333335,4.799166679382324
7500,15,500.0,1,84000,2430,3.375,4.7992730140686035
7500,15,500.0,1,84000,2460,3.4166666666666665,4.829095363616943
7500,15,500.0,1,84000,2490,3.4583333333333335,4.778139591217041
7500,15,500.0,1,84000,2520,3.5,4.795826435089111
7500,15,500.0,1,84000,2550,3.5416666666666665,4.832618713378906
7500,15,500.0,1,84000,2580,3.5833333333333335,4.810214519500732
7500,15,500.0,1,84000,2610,3.625,4.844572067260742
7500,15,500.0,1,84000,2640,3.6666666666666665,4.880092620849609
7500,15,500.0,1,84000,2670,3.7083333333333335,4.9649858474731445
7500,15,500.0,1,84000,2700,3.75,4.973949432373047
7500,15,500.0,1,84000,2730,3.7916666666666665,4.94700288772583
7500,15,500.0,1,84000,2760,3.8333333333333335,4.936724662780762
7500,15,500.0,1,84000,2790,3.875,4.897405624389648
7500,15,500.0,1,84000,2820,3.9166666666666665,4.820133209228516
7500,15,500.0,1,84000,2850,3.9583333333333335,4.758151054382324
7500,15,500.0,1,84000,2880,4.0,4.775553226470947
7500,15,500.0,1,84000,2910,4.041666666666667,4.77266263961792
7500,15,500.0,1,84000,2940,4.083333333333333,4.822014808654785
7500,15,500.0,1,84000,2970,4.125,4.900136470794678
7500,15,500.0,1,84000,3000,4.166666666666667,4.908576965332031
7500,15,500.0,1,84000,3030,4.208333333333333,4.908946514129639
7500,15,500.0,1,84000,3060,4.25,4.921917915344238
7500,15,500.0,1,84000,3090,4.291666666666667,4.892043113708496
7500,15,500.0,1,84000,3120,4.333333333333333,4.841752529144287
7500,15,500.0,1,84000,3150,4.375,4.827773094177246
7500,15,500.0,1,84000,3180,4.416666666666667,4.8476152420043945
7500,15,500.0,1,84000,3210,4.458333333333333,4.751911640167236
7500,15,500.0,1,84000,3240,4.5,4.711480140686035
7500,15,500.0,1,84000,3270,4.541666666666667,4.7226176261901855
7500,15,500.0,1,84000,3300,4.583333333333333,4.707278251647949
7500,15,500.0,1,84000,3330,4.625,4.726807117462158
7500,15,500.0,1,84000,3360,4.666666666666667,4.712809085845947
7500,15,500.0,1,84000,3390,4.708333333333333,4.672492027282715
7500,15,500.0,1,84000,3420,4.75,4.6101155281066895
7500,15,500.0,1,84000,3450,4.791666666666667,4.551158428192139
7500,15,500.0,1,84000,3480,4.833333333333333,4.573675155639648
7500,15,500.0,1,84000,3510,4.875,4.594760417938232
7500,15,500.0,1,84000,3540,4.916666666666667,4.6541595458984375
7500,15,500.0,1,84000,3570,4.958333333333333,4.7436113357543945
7500,15,500.0,1,84000,3600,5.0,4.749673843383789
7500,18,416.6666666666667,0,84000,0,0.0,19.97681999206543
7500,18,416.6666666666667,0,84000,30,0.041666666666666664,18.924270629882812
7500,18,416.6666666666667,0,84000,60,0.08333333333333333,18.03331184387207
7500,18,416.6666666666667,0,84000,90,0.125,16.960039138793945
7500,18,416.6666666666667,0,84000,120,0.16666666666666666,15.732690811157227
7500,18,416.6666666666667,0,84000,150,0.20833333333333334,14.586235046386719
7500,18,416.6666666666667,0,84000,180,0.25,13.90968132019043
7500,18,416.6666666666667,0,84000,210,0.2916666666666667,14.44754409790039
7500,18,416.6666666666667,0,84000,240,0.3333333333333333,15.551620483398438
7500,18,416.6666666666667,0,84000,270,0.375,16.517980575561523
7500,18,416.6666666666667,0,84000,300,0.4166666666666667,17.183122634887695
7500,18,416.6666666666667,0,84000,330,0.4583333333333333,17.450695037841797
7500,18,416.6666666666667,0,84000,360,0.5,17.219751358032227
7500,18,416.6666666666667,0,84000,390,0.5416666666666666,16.706069946289062
7500,18,416.6666666666667,0,84000,420,0.5833333333333334,15.787264823913574
7500,18,416.6666666666667,0,84000,450,0.625,15.117491722106934
7500,18,416.6666666666667,0,84000,480,0.6666666666666666,14.844332695007324
7500,18,416.6666666666667,0,84000,510,0.7083333333333334,15.210735321044922
7500,18,416.6666666666667,0,84000,540,0.75,15.727630615234375
7500,18,416.6666666666667,0,84000,570,0.7916666666666666,16.183229446411133
7500,18,416.6666666666667,0,84000,600,0.8333333333333334,16.390775680541992
7500,18,416.6666666666667,0,84000,630,0.875,16.293123245239258
7500,18,416.6666666666667,0,84000,660,0.9166666666666666,15.803548812866211
7500,18,416.6666666666667,0,84000,690,0.9583333333333334,14.908424377441406
7500,18,416.6666666666667,0,84000,720,1.0,13.688569068908691
7500,18,416.6666666666667,0,84000,750,1.0416666666666667,11.998922348022461
7500,18,416.6666666666667,0,84000,780,1.0833333333333333,10.113374710083008
7500,18,416.6666666666667,0,84000,810,1.125,8.120306968688965
7500,18,416.6666666666667,0,84000,840,1.1666666666666667,6.1177520751953125
7500,18,416.6666666666667,0,84000,870,1.2083333333333333,4.122677803039551
7500,18,416.6666666666667,0,84000,900,1.25,2.367745876312256
7500,18,416.6666666666667,0,84000,930,1.2916666666666667,1.510025143623352
7500,18,416.6666666666667,0,84000,960,1.3333333333333333,1.3455827236175537
7500,18,416.6666666666667,0,84000,990,1.375,1.4296752214431763
7500,18,416.6666666666667,0,84000,1020,1.4166666666666667,1.4732403755187988
7500,18,416.6666666666667,0,84000,1050,1.4583333333333333,1.5019220113754272
7500,18,416.6666666666667,0,84000,1080,1.5,1.5084302425384521
7500,18,416.6666666666667,0,84000,1110,1.5416666666666667,1.4615638256072998
7500,18,416.6666666666667,0,84000,1140,1.5833333333333333,1.4282721281051636
7500,18,416.6666666666667,0,84000,1170,1.625,1.3621562719345093
7500,18,416.6666666666667,0,84000,1200,1.6666666666666667,1.2868584394454956
7500,18,416.6666666666667,0,84000,1230,1.7083333333333333,1.0851023197174072
7500,18,416.6666666666667,0,84000,1260,1.75,0.9698402285575867
7500,18,416.6666666666667,0,84000,1290,1.7916666666666667,0.8923203349113464
7500,18,416.6666666666667,0,84000,1320,1.8333333333333333,0.8186042308807373
7500,18,416.6666666666667,0,84000,1350,1.875,0.8148571252822876
7500,18,416.6666666666667,0,84000,1380,1.9166666666666667,0.814781129360199
7500,18,416.6666666666667,0,84000,1410,1.9583333333333333,0.8233253359794617
7500,18,416.6666666666667,0,84000,1440,2.0,0.8276590704917908
7500,18,416.6666666666667,0,84000,1470,2.0416666666666665,0.8365209698677063
7500,18,416.6666666666667,0,84000,1500,2.0833333333333335,0.8384997248649597
7500,18,416.6666666666667,0,84000,1530,2.125,0.8417421579360962
7500,18,416.6666666666667,0,84000,1560,2.1666666666666665,0.8442480564117432
7500,18,416.6666666666667,0,84000,1590,2.2083333333333335,0.8364061117172241
7500,18,416.6666666666667,0,84000,1620,2.25,0.8264400362968445
7500,18,416.6666666666667,0,84000,1650,2.2916666666666665,0.7895908355712891
7500,18,416.6666666666667,0,84000,1680,2.3333333333333335,0.7682963609695435
7500,18,416.6666666666667,0,84000,1710,2.375,0.7634079456329346
7500,18,416.6666666666667,0,84000,1740,2.4166666666666665,0.71767657995224
7500,18,416.6666666666667,0,84000,1770,2.4583333333333335,0.7013749480247498
7500,18,416.6666666666667,0,84000,1800,2.5,0.7363463640213013
7500,18,416.6666666666667,0,84000,1830,2.5416666666666665,0.7645115256309509
7500,18,416.6666666666667,0,84000,1860,2.5833333333333335,0.7673730254173279
7500,18,416.6666666666667,0,84000,1890,2.625,0.7757871150970459
7500,18,416.6666666666667,0,84000,1920,2.6666666666666665,0.7794868350028992
7500,18,416.6666666666667,0,84000,1950,2.7083333333333335,0.7867381572723389
7500,18,416.6666666666667,0,84000,1980,2.75,0.7820167541503906
7500,18,416.6666666666667,0,84000,2010,2.7916666666666665,0.7827513217926025
7500,18,416.6666666666667,0,84000,2040,2.8333333333333335,0.7888780236244202
7500,18,416.6666666666667,0,84000,2070,2.875,0.7799423933029175
7500,18,416.6666666666667,0,84000,2100,2.9166666666666665,0.7419937252998352
7500,18,416.6666666666667,0,84000,2130,2.9583333333333335,0.7206636667251587
7500,18,416.6666666666667,0,84000,2160,3.0,0.7066229581832886
7500,18,416.6666666666667,0,84000,2190,3.0416666666666665,0.6917550563812256
7500,18,416.6666666666667,0,84000,2220,3.0833333333333335,0.7051361203193665
7500,18,416.6666666666667,0,84000,2250,3.125,0.7275999784469604
7500,18,416.6666666666667,0,84000,2280,3.1666666666666665,0.7470088601112366
7500,18,416.6666666666667,0,84000,2310,3.2083333333333335,0.7564742565155029
7500,18,416.6666666666667,0,84000,2340,3.25,0.7628886103630066
7500,18,416.6666666666667,0,84000,2370,3.2916666666666665,0.763666033744812
7500,18,416.6666666666667,0,84000,2400,3.3333333333333335,0.7699305415153503
7500,18,416.6666666666667,0,84000,2430,3.375,0.7710185050964355
7500,18,416.6666666666667,0,84000,2460,3.4166666666666665,0.7750526070594788
7500,18,416.6666666666667,0,84000,2490,3.4583333333333335,0.774587869644165
7500,18,416.6666666666667,0,84000,2520,3.5,0.7387697696685791
7500,18,416.6666666666667,0,84000,2550,3.5416666666666665,0.7245078682899475
7500,18,416.6666666666667,0,84000,2580,3.5833333333333335,0.7170066237449646
7500,18,416.6666666666667,0,84000,2610,3.625,0.709615170955658
7500,18,416.6666666666667,0,84000,2640,3.6666666666666665,0.6956877708435059
7500,18,416.6666666666667,0,84000,2670,3.7083333333333335,0.7032346725463867
7500,18,416.6666666666667,0,84000,2700,3.75,0.7249184250831604
7500,18,416.6666666666667,0,84000,2730,3.7916666666666665,0.7467648386955261
7500,18,416.6666666666667,0,84000,2760,3.8333333333333335,0.7527962923049927
7500,18,416.6666666666667,0,84000,2790,3.875,0.756032407283783
7500,18,416.6666666666667,0,84000,2820,3.9166666666666665,0.7606533765792847
7500,18,416.6666666666667,0,84000,2850,3.9583333333333335,0.7701535224914551
7500,18,416.6666666666667,0,84000,2880,4.0,0.7543178796768188
7500,18,416.6666666666667,0,84000,2910,4.041666666666667,0.7545961737632751
7500,18,416.6666666666667,0,84000,2940,4.083333333333333,0.7591668367385864
7500,18,416.6666666666667,0,84000,2970,4.125,0.7319952845573425
7500,18,416.6666666666667,0,84000,3000,4.166666666666667,0.7067532539367676
7500,18,416.6666666666667,0,84000,3030,4.208333333333333,0.688126802444458
7500,18,416.6666666666667,0,84000,3060,4.25,0.7097267508506775
7500,18,416.6666666666667,0,84000,3090,4.291666666666667,0.6704537868499756
7500,18,416.6666666666667,0,84000,3120,4.333333333333333,0.7051631808280945
7500,18,416.6666666666667,0,84000,3150,4.375,0.7391958236694336
7500,18,416.6666666666667,0,84000,3180,4.416666666666667,0.7458219528198242
7500,18,416.6666666666667,0,84000,3210,4.458333333333333,0.7471095323562622
7500,18,416.6666666666667,0,84000,3240,4.5,0.7585505247116089
7500,18,416.6666666666667,0,84000,3270,4.541666666666667,0.7568573951721191
7500,18,416.6666666666667,0,84000,3300,4.583333333333333,0.7641546130180359
7500,18,416.6666666666667,0,84000,3330,4.625,0.7630950808525085
7500,18,416.6666666666667,0,84000,3360,4.666666666666667,0.7425975203514099
7500,18,416.6666666666667,0,84000,3390,4.708333333333333,0.7332881689071655
7500,18,416.6666666666667,0,84000,3420,4.75,0.712989330291748
7500,18,416.6666666666667,0,84000,3450,4.791666666666667,0.696365475654602
7500,18,416.6666666666667,0,84000,3480,4.833333333333333,0.704152524471283
7500,18,416.6666666666667,0,84000,3510,4.875,0.7076838612556458
7500,18,416.6666666666667,0,84000,3540,4.916666666666667,0.6990453600883484
7500,18,416.6666666666667,0,84000,3570,4.958333333333333,0.723436176776886
7500,18,416.6666666666667,0,84000,3600,5.0,0.7320141792297363
7500,18,416.6666666666667,1,84000,0,0.0,19.927534103393555
7500,18,416.6666666666667,1,84000,30,0.041666666666666664,18.907020568847656
7500,18,416.6666666666667,1,84000,60,0.08333333333333333,18.013025283813477
7500,18,416.6666666666667,1,84000,90,0.125,16.862651824951172
7500,18,416.6666666666667,1,84000,120,0.16666666666666666,15.536033630371094
7500,18,416.6666666666667,1,84000,150,0.20833333333333334,14.366264343261719
7500,18,416.6666666666667,1,84000,180,0.25,13.777912139892578
7500,18,416.6666666666667,1,84000,210,0.2916666666666667,14.305384635925293
7500,18,416.6666666666667,1,84000,240,0.3333333333333333,15.448216438293457
7500,18,416.6666666666667,1,84000,270,0.375,16.402145385742188
7500,18,416.6666666666667,1,84000,300,0.4166666666666667,16.96246337890625
7500,18,416.6666666666667,1,84000,330,0.4583333333333333,17.165494918823242
7500,18,416.6666666666667,1,84000,360,0.5,17.106678009033203
7500,18,416.6666666666667,1,84000,390,0.5416666666666666,16.539306640625
7500,18,416.6666666666667,1,84000,420,0.5833333333333334,15.798025131225586
7500,18,416.6666666666667,1,84000,450,0.625,15.114997863769531
7500,18,416.6666666666667,1,84000,480,0.6666666666666666,14.96765422821045
7500,18,416.6666666666667,1,84000,510,0.7083333333333334,15.42278003692627
7500,18,416.6666666666667,1,84000,540,0.75,15.835247039794922
7500,18,416.6666666666667,1,84000,570,0.7916666666666666,16.300308227539062
7500,18,416.6666666666667,1,84000,600,0.8333333333333334,16.49042320251465
7500,18,416.6666666666667,1,84000,630,0.875,16.411563873291016
7500,18,416.6666666666667,1,84000,660,0.9166666666666666,15.908519744873047
7500,18,416.6666666666667,1,84000,690,0.9583333333333334,15.052379608154297
7500,18,416.6666666666667,1,84000,720,1.0,13.784664154052734
7500,18,416.6666666666667,1,84000,750,1.0416666666666667,12.162124633789062
7500,18,416.6666666666667,1,84000,780,1.0833333333333333,10.174139976501465
7500,18,416.6666666666667,1,84000,810,1.125,8.072178840637207
7500,18,416.6666666666667,1,84000,840,1.1666666666666667,6.183260917663574
7500,18,416.6666666666667,1,84000,870,1.2083333333333333,4.2168402671813965
7500,18,416.6666666666667,1,84000,900,1.25,2.6688969135284424
7500,18,416.6666666666667,1,84000,930,1.2916666666666667,1.6506620645523071
7500,18,416.6666666666667,1,84000,960,1.3333333333333333,1.360521674156189
7500,18,416.6666666666667,1,84000,990,1.375,1.4096300601959229
7500,18,416.6666666666667,1,84000,1020,1.4166666666666667,1.4324606657028198
7500,18,416.6666666666667,1,84000,1050,1.4583333333333333,1.4731098413467407
7500,18,416.6666666666667,1,84000,1080,1.5,1.4709761142730713
7500,18,416.6666666666667,1,84000,1110,1.5416666666666667,1.461689829826355
7500,18,416.6666666666667,1,84000,1140,1.5833333333333333,1.3936958312988281
7500,18,416.6666666666667,1,84000,1170,1.625,1.2928307056427002
7500,18,416.6666666666667,1,84000,1200,1.6666666666666667,1.2454954385757446
7500,18,416.6666666666667,1,84000,1230,1.7083333333333333,1.1821359395980835
7500,18,416.6666666666667,1,84000,1260,1.75,1.068858027458191
7500,18,416.6666666666667,1,84000,1290,1.7916666666666667,0.9076576828956604
7500,18,416.6666666666667,1,84000,1320,1.8333333333333333,0.8505158424377441
7500,18,416.6666666666667,1,84000,1350,1.875,0.8320094347000122
7500,18,416.6666666666667,1,84000,1380,1.9166666666666667,0.8465996384620667
7500,18,416.6666666666667,1,84000,1410,1.9583333333333333,0.8249281048774719
7500,18,416.6666666666667,1,84000,1440,2.0,0.8350341320037842
7500,18,416.6666666666667,1,84000,1470,2.0416666666666665,0.8411287069320679
7500,18,416.6666666666667,1,84000,1500,2.0833333333333335,0.8479099869728088
7500,18,416.6666666666667,1,84000,1530,2.125,0.8452402353286743
7500,18,416.6666666666667,1,84000,1560,2.1666666666666665,0.8335320353507996
7500,18,416.6666666666667,1,84000,1590,2.2083333333333335,0.8130360841751099
7500,18,416.6666666666667,1,84000,1620,2.25,0.8051328063011169
7500,18,416.6666666666667,1,84000,1650,2.2916666666666665,0.7956817150115967
7500,18,416.6666666666667,1,84000,1680,2.3333333333333335,0.7464374899864197
7500,18,416.6666666666667,1,84000,1710,2.375,0.7341674566268921
7500,18,416.6666666666667,1,84000,1740,2.4166666666666665,0.6715298891067505
7500,18,416.6666666666667,1,84000,1770,2.4583333333333335,0.6721363067626953
7500,18,416.6666666666667,1,84000,1800,2.5,0.7081875205039978
7500,18,416.6666666666667,1,84000,1830,2.5416666666666665,0.7244877815246582
7500,18,416.6666666666667,1,84000,1860,2.5833333333333335,0.737926185131073
7500,18,416.6666666666667,1,84000,1890,2.625,0.7451768517494202
7500,18,416.6666666666667,1,84000,1920,2.6666666666666665,0.749251663684845
7500,18,416.6666666666667,1,84000,1950,2.7083333333333335,0.7453432679176331
7500,18,416.6666666666667,1,84000,1980,2.75,0.7576000094413757
7500,18,416.6666666666667,1,84000,2010,2.7916666666666665,0.7394145727157593
7500,18,416.6666666666667,1,84000,2040,2.8333333333333335,0.7568055987358093
7500,18,416.6666666666667,1,84000,2070,2.875,0.75965815782547
7500,18,416.6666666666667,1,84000,2100,2.9166666666666665,0.7417002320289612
7500,18,416.6666666666667,1,84000,2130,2.9583333333333335,0.7050385475158691
7500,18,416.6666666666667,1,84000,2160,3.0,0.6907423138618469
7500,18,416.6666666666667,1,84000,2190,3.0416666666666665,0.6658744812011719
7500,18,416.6666666666667,1,84000,2220,3.0833333333333335,0.6677197813987732
7500,18,416.6666666666667,1,84000,2250,3.125,0.7062848210334778
7500,18,416.6666666666667,1,84000,2280,3.1666666666666665,0.7188014388084412
7500,18,416.6666666666667,1,84000,2310,3.2083333333333335,0.7261617183685303
7500,18,416.6666666666667,1,84000,2340,3.25,0.7348687648773193
7500,18,416.6666666666667,1,84000,2370,3.2916666666666665,0.7378272414207458
7500,18,416.6666666666667,1,84000,2400,3.3333333333333335,0.7374455332756042
7500,18,416.6666666666667,1,84000,2430,3.375,0.7419611215591431
7500,18,416.6666666666667,1,84000,2460,3.4166666666666665,0.7398887872695923
7500,18,416.6666666666667,1,84000,2490,3.4583333333333335,0.733377993106842
7500,18,416.6666666666667,1,84000,2520,3.5,0.7320421934127808
7500,18,416.6666666666667,1,84000,2550,3.5416666666666665,0.711142897605896
7500,18,416.6666666666667,1,84000,2580,3.5833333333333335,0.6845468878746033
7500,18,416.6666666666667,1,84000,2610,3.625,0.671464741230011
7500,18,416.6666666666667,1,84000,2640,3.6666666666666665,0.6560799479484558
7500,18,416.6666666666667,1,84000,2670,3.7083333333333335,0.6966978907585144
7500,18,416.6666666666667,1,84000,2700,3.75,0.6965251564979553
7500,18,416.6666666666667,1,84000,2730,3.7916666666666665,0.7175265550613403
7500,18,416.6666666666667,1,84000,2760,3.8333333333333335,0.7237597703933716
7500,18,416.6666666666667,1,84000,2790,3.875,0.7269448637962341
7500,18,416.6666666666667,1,84000,2820,3.9166666666666665,0.7346317768096924
7500,18,416.6666666666667,1,84000,2850,3.9583333333333335,0.7266011834144592
7500,18,416.6666666666667,1,84000,2880,4.0,0.7304977178573608
7500,18,416.6666666666667,1,84000,2910,4.041666666666667,0.7291544079780579
7500,18,416.6666666666667,1,84000,2940,4.083333333333333,0.7259947657585144
7500,18,416.6666666666667,1,84000,2970,4.125,0.7169229388237
7500,18,416.6666666666667,1,84000,3000,4.166666666666667,0.6809729337692261
7500,18,416.6666666666667,1,84000,3030,4.208333333333333,0.656741201877594
7500,18,416.6666666666667,1,84000,3060,4.25,0.675230085849762
7500,18,416.6666666666667,1,84000,3090,4.291666666666667,0.6580991148948669
7500,18,416.6666666666667,1,84000,3120,4.333333333333333,0.6987851858139038
7500,18,416.6666666666667,1,84000,3150,4.375,0.7032774686813354
7500,18,416.6666666666667,1,84000,3180,4.416666666666667,0.7195276618003845
7500,18,416.6666666666667,1,84000,3210,4.458333333333333,0.721906840801239
7500,18,416.6666666666667,1,84000,3240,4.5,0.7294889092445374
7500,18,416.6666666666667,1,84000,3270,4.541666666666667,0.7290495038032532
7500,18,416.6666666666667,1,84000,3300,4.583333333333333,0.7238464951515198
7500,18,416.6666666666667,1,84000,3330,4.625,0.7237971425056458
7500,18,416.6666666666667,1,84000,3360,4.666666666666667,0.7272856831550598
7500,18,416.6666666666667,1,84000,3390,4.708333333333333,0.7126187682151794
7500,18,416.6666666666667,1,84000,3420,4.75,0.6970815062522888
7500,18,416.6666666666667,1,84000,3450,4.791666666666667,0.6769824028015137
7500,18,416.6666666666667,1,84000,3480,4.833333333333333,0.6608232855796814
7500,18,416.6666666666667,1,84000,3510,4.875,0.6693228483200073
7500,18,416.6666666666667,1,84000,3540,4.916666666666667,0.6663029789924622
7500,18,416.6666666666667,1,84000,3570,4.958333333333333,0.7024652361869812
7500,18,416.6666666666667,1,84000,3600,5.0,0.7071001529693604
10000,18,555.5555555555555,0,84000,0,0.0,19.96227264404297
10000,18,555.5555555555555,0,84000,30,0.041666666666666664,19.292339324951172
10000,18,555.5555555555555,0,84000,60,0.08333333333333333,18.73959732055664
10000,18,555.5555555555555,0,84000,90,0.125,17.942628860473633
10000,18,555.5555555555555,0,84000,120,0.16666666666666666,16.97847557067871
10000,18,555.5555555555555,0,84000,150,0.20833333333333334,15.974440574645996
10000,18,555.5555555555555,0,84000,180,0.25,15.622014045715332
10000,18,555.5555555555555,0,84000,210,0.2916666666666667,16.65412139892578
10000,18,555.5555555555555,0,84000,240,0.3333333333333333,18.537975311279297
10000,18,555.5555555555555,0,84000,270,0.375,20.45512580871582
10000,18,555.5555555555555,0,84000,300,0.4166666666666667,22.109725952148438
10000,18,555.5555555555555,0,84000,330,0.4583333333333333,23.494665145874023
10000,18,555.5555555555555,0,84000,360,0.5,24.4583740234375
10000,18,555.5555555555555,0,84000,390,0.5416666666666666,25.22296142578125
10000,18,555.5555555555555,0,84000,420,0.5833333333333334,25.672595977783203
10000,18,555.5555555555555,0,84000,450,0.625,25.86415672302246
10000,18,555.5555555555555,0,84000,480,0.6666666666666666,26.106101989746094
10000,18,555.5555555555555,0,84000,510,0.7083333333333334,26.18120002746582
10000,18,555.5555555555555,0,84000,540,0.75,26.27159309387207
10000,18,555.5555555555555,0,84000,570,0.7916666666666666,26.339197158813477
10000,18,555.5555555555555,0,84000,600,0.8333333333333334,26.528127670288086
10000,18,555.5555555555555,0,84000,630,0.875,27.49020004272461
10000,18,555.5555555555555,0,84000,660,0.9166666666666666,28.973875045776367
10000,18,555.5555555555555,0,84000,690,0.9583333333333334,30.669240951538086
10000,18,555.5555555555555,0,84000,720,1.0,32.094032287597656
10000,18,555.5555555555555,0,84000,750,1.0416666666666667,33.21902847290039
10000,18,555.5555555555555,0,84000,780,1.0833333333333333,33.810142517089844
10000,18,555.5555555555555,0,84000,810,1.125,34.202796936035156
10000,18,555.5555555555555,0,84000,840,1.1666666666666667,33.962223052978516
10000,18,555.5555555555555,0,84000,870,1.2083333333333333,33.335731506347656
10000,18,555.5555555555555,0,84000,900,1.25,32.49380874633789
10000,18,555.5555555555555,0,84000,930,1.2916666666666667,31.567644119262695
10000,18,555.5555555555555,0,84000,960,1.3333333333333333,31.056896209716797
10000,18,555.5555555555555,0,84000,990,1.375,30.578397750854492
10000,18,555.5555555555555,0,84000,1020,1.4166666666666667,30.141408920288086
10000,18,555.5555555555555,0,84000,1050,1.4583333333333333,29.567655563354492
10000,18,555.5555555555555,0,84000,1080,1.5,28.92043113708496
10000,18,555.5555555555555,0,84000,1110,1.5416666666666667,28.132762908935547
10000,18,555.5555555555555,0,84000,1140,1.5833333333333333,27.203311920166016
10000,18,555.5555555555555,0,84000,1170,1.625,26.180950164794922
10000,18,555.5555555555555,0,84000,1200,1.6666666666666667,24.8181209564209
10000,18,555.5555555555555,0,84000,1230,1.7083333333333333,23.64921760559082
10000,18,555.5555555555555,0,84000,1260,1.75,23.113786697387695
10000,18,555.5555555555555,0,84000,1290,1.7916666666666667,22.9386043548584
10000,18,555.5555555555555,0,84000,1320,1.8333333333333333,22.771272659301758
10000,18,555.5555555555555,0,84000,1350,1.875,22.267175674438477
10000,18,555.5555555555555,0,84000,1380,1.9166666666666667,21.763731002807617
10000,18,555.5555555555555,0,84000,1410,1.9583333333333333,21.104808807373047
10000,18,555.5555555555555,0,84000,1440,2.0,20.525264739990234
10000,18,555.5555555555555,0,84000,1470,2.0416666666666665,19.831188201904297
10000,18,555.5555555555555,0,84000,1500,2.0833333333333335,19.135953903198242
10000,18,555.5555555555555,0,84000,1530,2.125,18.40191650390625
10000,18,555.5555555555555,0,84000,1560,2.1666666666666665,17.685970306396484
10000,18,555.5555555555555,0,84000,1590,2.2083333333333335,16.937938690185547
10000,18,555.5555555555555,0,84000,1620,2.25,16.106172561645508
10000,18,555.5555555555555,0,84000,1650,2.2916666666666665,15.532671928405762
10000,18,555.5555555555555,0,84000,1680,2.3333333333333335,15.429567337036133
10000,18,555.5555555555555,0,84000,1710,2.375,15.571891784667969
10000,18,555.5555555555555,0,84000,1740,2.4166666666666665,15.776849746704102
10000,18,555.5555555555555,0,84000,1770,2.4583333333333335,15.772639274597168
10000,18,555.5555555555555,0,84000,1800,2.5,15.528033256530762
10000,18,555.5555555555555,0,84000,1830,2.5416666666666665,15.249412536621094
10000,18,555.5555555555555,0,84000,1860,2.5833333333333335,14.85679817199707
10000,18,555.5555555555555,0,84000,1890,2.625,14.401080131530762
10000,18,555.5555555555555,0,84000,1920,2.6666666666666665,13.7969331741333
10000,18,555.5555555555555,0,84000,1950,2.7083333333333335,13.26574420928955
10000,18,555.5555555555555,0,84000,1980,2.75,12.769922256469727
10000,18,555.5555555555555,0,84000,2010,2.7916666666666665,12.701003074645996
10000,18,555.5555555555555,0,84000,2040,2.8333333333333335,12.75052547454834
10000,18,555.5555555555555,0,84000,2070,2.875,12.678182601928711
10000,18,555.5555555555555,0,84000,2100,2.9166666666666665,12.512323379516602
10000,18,555.5555555555555,0,84000,2130,2.9583333333333335,12.294520378112793
10000,18,555.5555555555555,0,84000,2160,3.0,12.086591720581055
10000,18,555.5555555555555,0,84000,2190,3.0416666666666665,11.822691917419434
10000,18,555.5555555555555,0,84000,2220,3.0833333333333335,11.383434295654297
10000,18,555.5555555555555,0,84000,2250,3.125,10.942225456237793
10000,18,555.5555555555555,0,84000,2280,3.1666666666666665,10.599300384521484
10000,18,555.5555555555555,0,84000,2310,3.2083333333333335,10.062385559082031
10000,18,555.5555555555555,0,84000,2340,3.25,9.51065444946289
10000,18,555.5555555555555,0,84000,2370,3.2916666666666665,9.083239555358887
10000,18,555.5555555555555,0,84000,2400,3.3333333333333335,8.595463752746582
10000,18,555.5555555555555,0,84000,2430,3.375,8.495128631591797
10000,18,555.5555555555555,0,84000,2460,3.4166666666666665,8.515826225280762
10000,18,555.5555555555555,0,84000,2490,3.4583333333333335,8.558906555175781
10000,18,555.5555555555555,0,84000,2520,3.5,8.600379943847656
10000,18,555.5555555555555,0,84000,2550,3.5416666666666665,8.613677978515625
10000,18,555.5555555555555,0,84000,2580,3.5833333333333335,8.629725456237793
10000,18,555.5555555555555,0,84000,2610,3.625,8.657622337341309
10000,18,555.5555555555555,0,84000,2640,3.6666666666666665,8.663031578063965
10000,18,555.5555555555555,0,84000,2670,3.7083333333333335,8.641631126403809
10000,18,555.5555555555555,0,84000,2700,3.75,8.655488967895508
10000,18,555.5555555555555,0,84000,2730,3.7916666666666665,8.651127815246582
10000,18,555.5555555555555,0,84000,2760,3.8333333333333335,8.787420272827148
10000,18,555.5555555555555,0,84000,2790,3.875,8.907602310180664
10000,18,555.5555555555555,0,84000,2820,3.9166666666666665,8.92473316192627
10000,18,555.5555555555555,0,84000,2850,3.9583333333333335,8.993785858154297
10000,18,555.5555555555555,0,84000,2880,4.0,9.024675369262695
10000,18,555.5555555555555,0,84000,2910,4.041666666666667,9.087587356567383
10000,18,555.5555555555555,0,84000,2940,4.083333333333333,9.137726783752441
10000,18,555.5555555555555,0,84000,2970,4.125,9.179027557373047
10000,18,555.5555555555555,0,84000,3000,4.166666666666667,9.232728958129883
10000,18,555.5555555555555,0,84000,3030,4.208333333333333,9.273957252502441
10000,18,555.5555555555555,0,84000,3060,4.25,9.282920837402344
10000,18,555.5555555555555,0,84000,3090,4.291666666666667,9.358076095581055
10000,18,555.5555555555555,0,84000,3120,4.333333333333333,9.358724594116211
10000,18,555.5555555555555,0,84000,3150,4.375,9.46328067779541
10000,18,555.5555555555555,0,84000,3180,4.416666666666667,9.597237586975098
10000,18,555.5555555555555,0,84000,3210,4.458333333333333,9.66491413116455
10000,18,555.5555555555555,0,84000,3240,4.5,9.671773910522461
10000,18,555.5555555555555,0,84000,3270,4.541666666666667,9.674806594848633
10000,18,555.5555555555555,0,84000,3300,4.583333333333333,9.640218734741211
10000,18,555.5555555555555,0,84000,3330,4.625,9.631293296813965
10000,18,555.5555555555555,0,84000,3360,4.666666666666667,9.536150932312012
10000,18,555.5555555555555,0,84000,3390,4.708333333333333,9.46365737915039
10000,18,555.5555555555555,0,84000,3420,4.75,9.388068199157715
10000,18,555.5555555555555,0,84000,3450,4.791666666666667,9.320505142211914
10000,18,555.5555555555555,0,84000,3480,4.833333333333333,9.26994514465332
10000,18,555.5555555555555,0,84000,3510,4.875,9.380291938781738
10000,18,555.5555555555555,0,84000,3540,4.916666666666667,9.42408275604248
10000,18,555.5555555555555,0,84000,3570,4.958333333333333,9.478996276855469
10000,18,555.5555555555555,0,84000,3600,5.0,9.457391738891602
10000,18,555.5555555555555,1,84000,0,0.0,19.933378219604492
10000,18,555.5555555555555,1,84000,30,0.041666666666666664,19.23731803894043
10000,18,555.5555555555555,1,84000,60,0.08333333333333333,18.674880981445312
10000,18,555.5555555555555,1,84000,90,0.125,17.909202575683594
10000,18,555.5555555555555,1,84000,120,0.16666666666666666,16.892105102539062
10000,18,555.5555555555555,1,84000,150,0.20833333333333334,15.92171859741211
10000,18,555.5555555555555,1,84000,180,0.25,15.517243385314941
10000,18,555.5555555555555,1,84000,210,0.2916666666666667,16.517316818237305
10000,18,555.5555555555555,1,84000,240,0.3333333333333333,18.296443939208984
10000,18,555.5555555555555,1,84000,270,0.375,20.139245986938477
10000,18,555.5555555555555,1,84000,300,0.4166666666666667,21.718475341796875
10000,18,555.5555555555555,1,84000,330,0.4583333333333333,23.131412506103516
10000,18,555.5555555555555,1,84000,360,0.5,24.07969093322754
10000,18,555.5555555555555,1,84000,390,0.5416666666666666,24.731990814208984
10000,18,555.5555555555555,1,84000,420,0.5833333333333334,25.120393753051758
10000,18,555.5555555555555,1,84000,450,0.625,25.358449935913086
10000,18,555.5555555555555,1,84000,480,0.6666666666666666,25.49549102783203
10000,18,555.5555555555555,1,84000,510,0.7083333333333334,25.756912231445312
10000,18,555.5555555555555,1,84000,540,0.75,25.997913360595703
10000,18,555.5555555555555,1,84000,570,0.7916666666666666,26.062992095947266
10000,18,555.5555555555555,1,84000,600,0.8333333333333334,26.352569580078125
10000,18,555.5555555555555,1,84000,630,0.875,27.28706169128418
10000,18,555.5555555555555,1,84000,660,0.9166666666666666,28.67173194885254
10000,18,555.5555555555555,1,84000,690,0.9583333333333334,30.191993713378906
10000,18,555.5555555555555,1,84000,720,1.0,31.54733657836914
10000,18,555.5555555555555,1,84000,750,1.0416666666666667,32.606910705566406
10000,18,555.5555555555555,1,84000,780,1.0833333333333333,33.327911376953125
10000,18,555.5555555555555,1,84000,810,1.125,33.524051666259766
10000,18,555.5555555555555,1,84000,840,1.1666666666666667,33.205665588378906
10000,18,555.5555555555555,1,84000,870,1.2083333333333333,32.63363265991211
10000,18,555.5555555555555,1,84000,900,1.25,31.77480697631836
10000,18,555.5555555555555,1,84000,930,1.2916666666666667,31.002534866333008
10000,18,555.5555555555555,1,84000,960,1.3333333333333333,30.302852630615234
10000,18,555.5555555555555,1,84000,990,1.375,29.762975692749023
10000,18,555.5555555555555,1,84000,1020,1.4166666666666667,29.31128692626953
10000,18,555.5555555555555,1,84000,1050,1.4583333333333333,28.804731369018555
10000,18,555.5555555555555,1,84000,1080,1.5,27.99667739868164
10000,18,555.5555555555555,1,84000,1110,1.5416666666666667,27.291044235229492
10000,18,555.5555555555555,1,84000,1140,1.5833333333333333,26.296066284179688
10000,18,555.5555555555555,1,84000,1170,1.625,25.26921272277832
10000,18,555.5555555555555,1,84000,1200,1.6666666666666667,23.934587478637695
10000,18,555.5555555555555,1,84000,1230,1.7083333333333333,22.7731876373291
10000,18,555.5555555555555,1,84000,1260,1.75,22.223533630371094
10000,18,555.5555555555555,1,84000,1290,1.7916666666666667,22.2110595703125
10000,18,555.5555555555555,1,84000,1320,1.8333333333333333,22.052196502685547
10000,18,555.5555555555555,1,84000,1350,1.875,21.452957153320312
10000,18,555.5555555555555,1,84000,1380,1.9166666666666667,20.779577255249023
10000,18,555.5555555555555,1,84000,1410,1.9583333333333333,19.93500328063965
10000,18,555.5555555555555,1,84000,1440,2.0,19.215065002441406
10000,18,555.5555555555555,1,84000,1470,2.0416666666666665,18.4705753326416
10000,18,555.5555555555555,1,84000,1500,2.0833333333333335,17.881305694580078
10000,18,555.5555555555555,1,84000,1530,2.125,17.137678146362305
10000,18,555.5555555555555,1,84000,1560,2.1666666666666665,16.104108810424805
10000,18,555.5555555555555,1,84000,1590,2.2083333333333335,15.489607810974121
10000,18,555.5555555555555,1,84000,1620,2.25,14.8631591796875
10000,18,555.5555555555555,1,84000,1650,2.2916666666666665,14.737238883972168
10000,18,555.5555555555555,1,84000,1680,2.3333333333333335,14.927093505859375
10000,18,555.5555555555555,1,84000,1710,2.375,15.110539436340332
10000,18,555.5555555555555,1,84000,1740,2.4166666666666665,15.14831829071045
10000,18,555.5555555555555,1,84000,1770,2.4583333333333335,15.03610610961914
10000,18,555.5555555555555,1,84000,1800,2.5,14.908807754516602
10000,18,555.5555555555555,1,84000,1830,2.5416666666666665,14.4609375
10000,18,555.5555555555555,1,84000,1860,2.5833333333333335,14.104394912719727
10000,18,555.5555555555555,1,84000,1890,2.625,13.613056182861328
10000,18,555.5555555555555,1,84000,1920,2.6666666666666665,13.084518432617188
10000,18,555.5555555555555,1,84000,1950,2.7083333333333335,12.759380340576172
10000,18,555.5555555555555,1,84000,1980,2.75,12.67353343963623
10000,18,555.5555555555555,1,84000,2010,2.7916666666666665,12.745102882385254
10000,18,555.5555555555555,1,84000,2040,2.8333333333333335,12.667537689208984
10000,18,555.5555555555555,1,84000,2070,2.875,12.529940605163574
10000,18,555.5555555555555,1,84000,2100,2.9166666666666665,12.286962509155273
10000,18,555.5555555555555,1,84000,2130,2.9583333333333335,12.027915954589844
10000,18,555.5555555555555,1,84000,2160,3.0,11.723150253295898
10000,18,555.5555555555555,1,84000,2190,3.0416666666666665,11.364715576171875
10000,18,555.5555555555555,1,84000,2220,3.0833333333333335,10.770026206970215
10000,18,555.5555555555555,1,84000,2250,3.125,10.477875709533691
10000,18,555.5555555555555,1,84000,2280,3.1666666666666665,9.955501556396484
10000,18,555.5555555555555,1,84000,2310,3.2083333333333335,9.338908195495605
10000,18,555.5555555555555,1,84000,2340,3.25,8.844159126281738
10000,18,555.5555555555555,1,84000,2370,3.2916666666666665,8.359639167785645
10000,18,555.5555555555555,1,84000,2400,3.3333333333333335,8.322678565979004
10000,18,555.5555555555555,1,84000,2430,3.375,8.295296669006348
10000,18,555.5555555555555,1,84000,2460,3.4166666666666665,8.309736251831055
10000,18,555.5555555555555,1,84000,2490,3.4583333333333335,8.390042304992676
10000,18,555.5555555555555,1,84000,2520,3.5,8.366271018981934
10000,18,555.5555555555555,1,84000,2550,3.5416666666666665,8.391094207763672
10000,18,555.5555555555555,1,84000,2580,3.5833333333333335,8.42850399017334
10000,18,555.5555555555555,1,84000,2610,3.625,8.39452075958252
10000,18,555.5555555555555,1,84000,2640,3.6666666666666665,8.405265808105469
10000,18,555.5555555555555,1,84000,2670,3.7083333333333335,8.428372383117676
10000,18,555.5555555555555,1,84000,2700,3.75,8.404877662658691
10000,18,555.5555555555555,1,84000,2730,3.7916666666666665,8.563579559326172
10000,18,555.5555555555555,1,84000,2760,3.8333333333333335,8.659043312072754
10000,18,555.5555555555555,1,84000,2790,3.875,8.722712516784668
10000,18,555.5555555555555,1,84000,2820,3.9166666666666665,8.74496078491211
10000,18,555.5555555555555,1,84000,2850,3.9583333333333335,8.778362274169922
10000,18,555.5555555555555,1,84000,2880,4.0,8.850401878356934
10000,18,555.5555555555555,1,84000,2910,4.041666666666667,8.875541687011719
10000,18,555.5555555555555,1,84000,2940,4.083333333333333,8.888520240783691
10000,18,555.5555555555555,1,84000,2970,4.125,8.94626522064209
10000,18,555.5555555555555,1,84000,3000,4.166666666666667,9.00893783569336
10000,18,555.5555555555555,1,84000,3030,4.208333333333333,9.02149772644043
10000,18,555.5555555555555,1,84000,3060,4.25,9.005056381225586
10000,18,555.5555555555555,1,84000,3090,4.291666666666667,9.085881233215332
10000,18,555.5555555555555,1,84000,3120,4.333333333333333,9.157515525817871
10000,18,555.5555555555555,1,84000,3150,4.375,9.289445877075195
10000,18,555.5555555555555,1,84000,3180,4.416666666666667,9.366951942443848
10000,18,555.5555555555555,1,84000,3210,4.458333333333333,9.397273063659668
10000,18,555.5555555555555,1,84000,3240,4.5,9.406557083129883
10000,18,555.5555555555555,1,84000,3270,4.541666666666667,9.357865333557129
10000,18,555.5555555555555,1,84000,3300,4.583333333333333,9.363470077514648
10000,18,555.5555555555555,1,84000,3330,4.625,9.328788757324219
10000,18,555.5555555555555,1,84000,3360,4.666666666666667,9.158065795898438
10000,18,555.5555555555555,1,84000,3390,4.708333333333333,9.144182205200195
10000,18,555.5555555555555,1,84000,3420,4.75,9.045573234558105
10000,18,555.5555555555555,1,84000,3450,4.791666666666667,9.02820110321045
10000,18,555.5555555555555,1,84000,3480,4.833333333333333,9.12858772277832
10000,18,555.5555555555555,1,84000,3510,4.875,9.209925651550293
10000,18,555.5555555555555,1,84000,3540,4.916666666666667,9.24483871459961
10000,18,555.5555555555555,1,84000,3570,4.958333333333333,9.216852188110352
10000,18,555.5555555555555,1,84000,3600,5.0,9.180453300476074
10000,24,416.6666666666667,0,84000,0,0.0,19.96227264404297
10000,24,416.6666666666667,0,84000,30,0.041666666666666664,18.969594955444336
10000,24,416.6666666666667,0,84000,60,0.08333333333333333,18.002033233642578
10000,24,416.6666666666667,0,84000,90,0.125,16.941587448120117
10000,24,416.6666666666667,0,84000,120,0.16666666666666666,15.765229225158691
10000,24,416.6666666666667,0,84000,150,0.20833333333333334,14.564277648925781
10000,24,416.6666666666667,0,84000,180,0.25,13.905560493469238
10000,24,416.6666666666667,0,84000,210,0.2916666666666667,14.438987731933594
10000,24,416.6666666666667,0,84000,240,0.3333333333333333,15.533832550048828
10000,24,416.6666666666667,0,84000,270,0.375,16.525501251220703
10000,24,416.6666666666667,0,84000,300,0.4166666666666667,17.215730667114258
10000,24,416.6666666666667,0,84000,330,0.4583333333333333,17.40627670288086
10000,24,416.6666666666667,0,84000,360,0.5,17.203718185424805
10000,24,416.6666666666667,0,84000,390,0.5416666666666666,16.686363220214844
10000,24,416.6666666666667,0,84000,420,0.5833333333333334,15.919638633728027
10000,24,416.6666666666667,0,84000,450,0.625,15.024528503417969
10000,24,416.6666666666667,0,84000,480,0.6666666666666666,14.811802864074707
10000,24,416.6666666666667,0,84000,510,0.7083333333333334,15.237503051757812
10000,24,416.6666666666667,0,84000,540,0.75,15.82916259765625
10000,24,416.6666666666667,0,84000,570,0.7916666666666666,16.34092903137207
10000,24,416.6666666666667,0,84000,600,0.8333333333333334,16.59490394592285
10000,24,416.6666666666667,0,84000,630,0.875,16.53446388244629
10000,24,416.6666666666667,0,84000,660,0.9166666666666666,16.01618003845215
10000,24,416.6666666666667,0,84000,690,0.9583333333333334,15.061460494995117
10000,24,416.6666666666667,0,84000,720,1.0,13.640925407409668
10000,24,416.6666666666667,0,84000,750,1.0416666666666667,11.89081859588623
10000,24,416.6666666666667,0,84000,780,1.0833333333333333,9.945969581604004
10000,24,416.6666666666667,0,84000,810,1.125,7.951235771179199
10000,24,416.6666666666667,0,84000,840,1.1666666666666667,5.896118640899658
10000,24,416.6666666666667,0,84000,870,1.2083333333333333,3.8792762756347656
10000,24,416.6666666666667,0,84000,900,1.25,2.2166717052459717
10000,24,416.6666666666667,0,84000,930,1.2916666666666667,1.1944806575775146
10000,24,416.6666666666667,0,84000,960,1.3333333333333333,1.0316542387008667
10000,24,416.6666666666667,0,84000,990,1.375,1.076796054840088
10000,24,416.6666666666667,0,84000,1020,1.4166666666666667,1.093485951423645
10000,24,416.6666666666667,0,84000,1050,1.4583333333333333,1.0968449115753174
10000,24,416.6666666666667,0,84000,1080,1.5,1.0988411903381348
10000,24,416.6666666666667,0,84000,1110,1.5416666666666667,1.08819580078125
10000,24,416.6666666666667,0,84000,1140,1.5833333333333333,1.063476800918579
10000,24,416.6666666666667,0,84000,1170,1.625,1.007277011871338
10000,24,416.6666666666667,0,84000,1200,1.6666666666666667,0.956663191318512
10000,24,416.6666666666667,0,84000,1230,1.7083333333333333,0.9357336163520813
10000,24,416.6666666666667,0,84000,1260,1.75,0.8346796631813049
10000,24,416.6666666666667,0,84000,1290,1.7916666666666667,0.7285281419754028
10000,24,416.6666666666667,0,84000,1320,1.8333333333333333,0.6119939684867859
10000,24,416.6666666666667,0,84000,1350,1.875,0.6425309181213379
10000,24,416.6666666666667,0,84000,1380,1.9166666666666667,0.6552335023880005
10000,24,416.6666666666667,0,84000,1410,1.9583333333333333,0.6696513295173645
10000,24,416.6666666666667,0,84000,1440,2.0,0.6718823313713074
10000,24,416.6666666666667,0,84000,1470,2.0416666666666665,0.6769176125526428
10000,24,416.6666666666667,0,84000,1500,2.0833333333333335,0.6817010045051575
10000,24,416.6666666666667,0,84000,1530,2.125,0.684762716293335
10000,24,416.6666666666667,0,84000,1560,2.1666666666666665,0.6881820559501648
10000,24,416.6666666666667,0,84000,1590,2.2083333333333335,0.6790735125541687
10000,24,416.6666666666667,0,84000,1620,2.25,0.6853148937225342
10000,24,416.6666666666667,0,84000,1650,2.2916666666666665,0.6874253749847412
10000,24,416.6666666666667,0,84000,1680,2.3333333333333335,0.685615062713623
10000,24,416.6666666666667,0,84000,1710,2.375,0.6210303902626038
10000,24,416.6666666666667,0,84000,1740,2.4166666666666665,0.60872882604599
10000,24,416.6666666666667,0,84000,1770,2.4583333333333335,0.5453653335571289
10000,24,416.6666666666667,0,84000,1800,2.5,0.5918179750442505
10000,24,416.6666666666667,0,84000,1830,2.5416666666666665,0.6132151484489441
10000,24,416.6666666666667,0,84000,1860,2.5833333333333335,0.6222400069236755
10000,24,416.6666666666667,0,84000,1890,2.625,0.626412570476532
10000,24,416.6666666666667,0,84000,1920,2.6666666666666665,0.631223201751709
10000,24,416.6666666666667,0,84000,1950,2.7083333333333335,0.6337350010871887
10000,24,416.6666666666667,0,84000,1980,2.75,0.6395912170410156
10000,24,416.6666666666667,0,84000,2010,2.7916666666666665,0.6365481019020081
10000,24,416.6666666666667,0,84000,2040,2.8333333333333335,0.6380194425582886
10000,24,416.6666666666667,0,84000,2070,2.875,0.6402842998504639
10000,24,416.6666666666667,0,84000,2100,2.9166666666666665,0.6370633840560913
10000,24,416.6666666666667,0,84000,2130,2.9583333333333335,0.6187840104103088
10000,24,416.6666666666667,0,84000,2160,3.0,0.5754663348197937
10000,24,416.6666666666667,0,84000,2190,3.0416666666666665,0.5541841387748718
10000,24,416.6666666666667,0,84000,2220,3.0833333333333335,0.5306838750839233
10000,24,416.6666666666667,0,84000,2250,3.125,0.5799151062965393
10000,24,416.6666666666667,0,84000,2280,3.1666666666666665,0.5947187542915344
10000,24,416.6666666666667,0,84000,2310,3.2083333333333335,0.6056945323944092
10000,24,416.6666666666667,0,84000,2340,3.25,0.611088752746582
10000,24,416.6666666666667,0,84000,2370,3.2916666666666665,0.6163808107376099
10000,24,416.6666666666667,0,84000,2400,3.3333333333333335,0.6206132173538208
10000,24,416.6666666666667,0,84000,2430,3.375,0.6265918016433716
10000,24,416.6666666666667,0,84000,2460,3.4166666666666665,0.6265875697135925
10000,24,416.6666666666667,0,84000,2490,3.4583333333333335,0.6290067434310913
10000,24,416.6666666666667,0,84000,2520,3.5,0.6296418905258179
10000,24,416.6666666666667,0,84000,2550,3.5416666666666665,0.630776584148407
10000,24,416.6666666666667,0,84000,2580,3.5833333333333335,0.5938530564308167
10000,24,416.6666666666667,0,84000,2610,3.625,0.5828453898429871
10000,24,416.6666666666667,0,84000,2640,3.6666666666666665,0.5421897768974304
10000,24,416.6666666666667,0,84000,2670,3.7083333333333335,0.5428351759910583
10000,24,416.6666666666667,0,84000,2700,3.75,0.5847316384315491
10000,24,416.6666666666667,0,84000,2730,3.7916666666666665,0.5967004299163818
10000,24,416.6666666666667,0,84000,2760,3.8333333333333335,0.6045371294021606
10000,24,416.6666666666667,0,84000,2790,3.875,0.6098086833953857
10000,24,416.6666666666667,0,84000,2820,3.9166666666666665,0.6129981279373169
10000,24,416.6666666666667,0,84000,2850,3.9583333333333335,0.6199004054069519
10000,24,416.6666666666667,0,84000,2880,4.0,0.6155260801315308
10000,24,416.6666666666667,0,84000,2910,4.041666666666667,0.6204442381858826
10000,24,416.6666666666667,0,84000,2940,4.083333333333333,0.6286859512329102
10000,24,416.6666666666667,0,84000,2970,4.125,0.6222810745239258
10000,24,416.6666666666667,0,84000,3000,4.166666666666667,0.6074960231781006
10000,24,416.6666666666667,0,84000,3030,4.208333333333333,0.567780077457428
10000,24,416.6666666666667,0,84000,3060,4.25,0.5532845258712769
10000,24,416.6666666666667,0,84000,3090,4.291666666666667,0.5442169308662415
10000,24,416.6666666666667,0,84000,3120,4.333333333333333,0.5394753217697144
10000,24,416.6666666666667,0,84000,3150,4.375,0.5822882652282715
10000,24,416.6666666666667,0,84000,3180,4.416666666666667,0.5961213707923889
10000,24,416.6666666666667,0,84000,3210,4.458333333333333,0.6016874313354492
10000,24,416.6666666666667,0,84000,3240,4.5,0.6072462201118469
10000,24,416.6666666666667,0,84000,3270,4.541666666666667,0.6116968393325806
10000,24,416.6666666666667,0,84000,3300,4.583333333333333,0.61263108253479
10000,24,416.6666666666667,0,84000,3330,4.625,0.6157417893409729
10000,24,416.6666666666667,0,84000,3360,4.666666666666667,0.6188915967941284
10000,24,416.6666666666667,0,84000,3390,4.708333333333333,0.6227003931999207
10000,24,416.6666666666667,0,84000,3420,4.75,0.6186231374740601
10000,24,416.6666666666667,0,84000,3450,4.791666666666667,0.6003286838531494
10000,24,416.6666666666667,0,84000,3480,4.833333333333333,0.5694342255592346
10000,24,416.6666666666667,0,84000,3510,4.875,0.5492078065872192
10000,24,416.6666666666667,0,84000,3540,4.916666666666667,0.5332503318786621
10000,24,416.6666666666667,0,84000,3570,4.958333333333333,0.5488572716712952
10000,24,416.6666666666667,0,84000,3600,5.0,0.5841144919395447
10000,24,416.6666666666667,1,84000,0,0.0,19.933378219604492
10000,24,416.6666666666667,1,84000,30,0.041666666666666664,18.953107833862305
10000,24,416.6666666666667,1,84000,60,0.08333333333333333,18.03224754333496
10000,24,416.6666666666667,1,84000,90,0.125,16.90715217590332
10000,24,416.6666666666667,1,84000,120,0.16666666666666666,15.633040428161621
10000,24,416.6666666666667,1,84000,150,0.20833333333333334,14.454561233520508
10000,24,416.6666666666667,1,84000,180,0.25,13.84887981414795
10000,24,416.6666666666667,1,84000,210,0.2916666666666667,14.353437423706055
10000,24,416.6666666666667,1,84000,240,0.3333333333333333,15.440101623535156
10000,24,416.6666666666667,1,84000,270,0.375,16.413686752319336
10000,24,416.6666666666667,1,84000,300,0.4166666666666667,17.02574920654297
10000,24,416.6666666666667,1,84000,330,0.4583333333333333,17.254472732543945
10000,24,416.6666666666667,1,84000,360,0.5,17.048799514770508
10000,24,416.6666666666667,1,84000,390,0.5416666666666666,16.623783111572266
10000,24,416.6666666666667,1,84000,420,0.5833333333333334,15.763150215148926
10000,24,416.6666666666667,1,84000,450,0.625,14.878140449523926
10000,24,416.6666666666667,1,84000,480,0.6666666666666666,14.729126930236816
10000,24,416.6666666666667,1,84000,510,0.7083333333333334,15.179149627685547
10000,24,416.6666666666667,1,84000,540,0.75,15.745702743530273
10000,24,416.6666666666667,1,84000,570,0.7916666666666666,16.148563385009766
10000,24,416.6666666666667,1,84000,600,0.8333333333333334,16.367164611816406
10000,24,416.6666666666667,1,84000,630,0.875,16.28091812133789
10000,24,416.6666666666667,1,84000,660,0.9166666666666666,15.715360641479492
10000,24,416.6666666666667,1,84000,690,0.9583333333333334,14.903451919555664
10000,24,416.6666666666667,1,84000,720,1.0,13.56107234954834
10000,24,416.6666666666667,1,84000,750,1.0416666666666667,11.79495906829834
10000,24,416.6666666666667,1,84000,780,1.0833333333333333,9.784626960754395
10000,24,416.6666666666667,1,84000,810,1.125,7.753208637237549
10000,24,416.6666666666667,1,84000,840,1.1666666666666667,5.8798699378967285
10000,24,416.6666666666667,1,84000,870,1.2083333333333333,4.0011677742004395
10000,24,416.6666666666667,1,84000,900,1.25,2.361551284790039
10000,24,416.6666666666667,1,84000,930,1.2916666666666667,1.2609622478485107
10000,24,416.6666666666667,1,84000,960,1.3333333333333333,1.063385009765625
10000,24,416.6666666666667,1,84000,990,1.375,1.098083257675171
10000,24,416.6666666666667,1,84000,1020,1.4166666666666667,1.133631706237793
10000,24,416.6666666666667,1,84000,1050,1.4583333333333333,1.145249843597412
10000,24,416.6666666666667,1,84000,1080,1.5,1.1490312814712524
10000,24,416.6666666666667,1,84000,1110,1.5416666666666667,1.1261836290359497
10000,24,416.6666666666667,1,84000,1140,1.5833333333333333,1.0846245288848877
10000,24,416.6666666666667,1,84000,1170,1.625,1.0125503540039062
10000,24,416.6666666666667,1,84000,1200,1.6666666666666667,0.9277599453926086
10000,24,416.6666666666667,1,84000,1230,1.7083333333333333,0.8824841976165771
10000,24,416.6666666666667,1,84000,1260,1.75,0.8316128849983215
10000,24,416.6666666666667,1,84000,1290,1.7916666666666667,0.7485371828079224
10000,24,416.6666666666667,1,84000,1320,1.8333333333333333,0.6578881144523621
10000,24,416.6666666666667,1,84000,1350,1.875,0.6190016269683838
10000,24,416.6666666666667,1,84000,1380,1.9166666666666667,0.6358543634414673
10000,24,416.6666666666667,1,84000,1410,1.9583333333333333,0.6427311301231384
10000,24,416.6666666666667,1,84000,1440,2.0,0.6506730318069458
10000,24,416.6666666666667,1,84000,1470,2.0416666666666665,0.6550744771957397
10000,24,416.6666666666667,1,84000,1500,2.0833333333333335,0.659900963306427
10000,24,416.6666666666667,1,84000,1530,2.125,0.6629937291145325
10000,24,416.6666666666667,1,84000,1560,2.1666666666666665,0.6590431928634644
10000,24,416.6666666666667,1,84000,1590,2.2083333333333335,0.6549831032752991
10000,24,416.6666666666667,1,84000,1620,2.25,0.6528466939926147
10000,24,416.6666666666667,1,84000,1650,2.2916666666666665,0.6529426574707031
10000,24,416.6666666666667,1,84000,1680,2.3333333333333335,0.6502110958099365
10000,24,416.6666666666667,1,84000,1710,2.375,0.6097942590713501
10000,24,416.6666666666667,1,84000,1740,2.4166666666666665,0.5589182376861572
10000,24,416.6666666666667,1,84000,1770,2.4583333333333335,0.5422345399856567
10000,24,416.6666666666667,1,84000,1800,2.5,0.5543941855430603
10000,24,416.6666666666667,1,84000,1830,2.5416666666666665,0.594092845916748
10000,24,416.6666666666667,1,84000,1860,2.5833333333333335,0.5982028245925903
10000,24,416.6666666666667,1,84000,1890,2.625,0.6035621166229248
10000,24,416.6666666666667,1,84000,1920,2.6666666666666665,0.6079295873641968
10000,24,416.6666666666667,1,84000,1950,2.7083333333333335,0.6119559407234192
10000,24,416.6666666666667,1,84000,1980,2.75,0.6101164817810059
10000,24,416.6666666666667,1,84000,2010,2.7916666666666665,0.6068535447120667
10000,24,416.6666666666667,1,84000,2040,2.8333333333333335,0.6087069511413574
10000,24,416.6666666666667,1,84000,2070,2.875,0.6000337600708008
10000,24,416.6666666666667,1,84000,2100,2.9166666666666665,0.6093704700469971
10000,24,416.6666666666667,1,84000,2130,2.9583333333333335,0.5986331105232239
10000,24,416.6666666666667,1,84000,2160,3.0,0.5630455017089844
10000,24,416.6666666666667,1,84000,2190,3.0416666666666665,0.5304690003395081
10000,24,416.6666666666667,1,84000,2220,3.0833333333333335,0.5249680876731873
10000,24,416.6666666666667,1,84000,2250,3.125,0.5549460649490356
10000,24,416.6666666666667,1,84000,2280,3.1666666666666665,0.5725550055503845
10000,24,416.6666666666667,1,84000,2310,3.2083333333333335,0.5810219645500183
10000,24,416.6666666666667,1,84000,2340,3.25,0.58589106798172
10000,24,416.6666666666667,1,84000,2370,3.2916666666666665,0.5908611416816711
10000,24,416.6666666666667,1,84000,2400,3.3333333333333335,0.595733642578125
10000,24,416.6666666666667,1,84000,2430,3.375,0.5886889696121216
10000,24,416.6666666666667,1,84000,2460,3.4166666666666665,0.598084032535553
10000,24,416.6666666666667,1,84000,2490,3.4583333333333335,0.5949602127075195
10000,24,416.6666666666667,1,84000,2520,3.5,0.5908715128898621
10000,24,416.6666666666667,1,84000,2550,3.5416666666666665,0.6004651188850403
10000,24,416.6666666666667,1,84000,2580,3.5833333333333335,0.5790712237358093
10000,24,416.6666666666667,1,84000,2610,3.625,0.5501349568367004
10000,24,416.6666666666667,1,84000,2640,3.6666666666666665,0.5048564672470093
10000,24,416.6666666666667,1,84000,2670,3.7083333333333335,0.5249426960945129
10000,24,416.6666666666667,1,84000,2700,3.75,0.5526886582374573
10000,24,416.6666666666667,1,84000,2730,3.7916666666666665,0.5714284181594849
10000,24,416.6666666666667,1,84000,2760,3.8333333333333335,0.5781869292259216
10000,24,416.6666666666667,1,84000,2790,3.875,0.5831496715545654
10000,24,416.6666666666667,1,84000,2820,3.9166666666666665,0.5881862640380859
10000,24,416.6666666666667,1,84000,2850,3.9583333333333335,0.590614378452301
10000,24,416.6666666666667,1,84000,2880,4.0,0.5896837115287781
10000,24,416.6666666666667,1,84000,2910,4.041666666666667,0.5790082216262817
10000,24,416.6666666666667,1,84000,2940,4.083333333333333,0.5848084688186646
10000,24,416.6666666666667,1,84000,2970,4.125,0.5925112366676331
10000,24,416.6666666666667,1,84000,3000,4.166666666666667,0.5832123160362244
10000,24,416.6666666666667,1,84000,3030,4.208333333333333,0.5677791237831116
10000,24,416.6666666666667,1,84000,3060,4.25,0.5523797869682312
10000,24,416.6666666666667,1,84000,3090,4.291666666666667,0.5181865096092224
10000,24,416.6666666666667,1,84000,3120,4.333333333333333,0.5226374268531799
10000,24,416.6666666666667,1,84000,3150,4.375,0.5550063252449036
10000,24,416.6666666666667,1,84000,3180,4.416666666666667,0.5713850855827332
10000,24,416.6666666666667,1,84000,3210,4.458333333333333,0.5768011808395386
10000,24,416.6666666666667,1,84000,3240,4.5,0.5819467902183533
10000,24,416.6666666666667,1,84000,3270,4.541666666666667,0.5871186256408691
10000,24,416.6666666666667,1,84000,3300,4.583333333333333,0.5846688747406006
10000,24,416.6666666666667,1,84000,3330,4.625,0.5836604833602905
10000,24,416.6666666666667,1,84000,3360,4.666666666666667,0.5819388031959534
10000,24,416.6666666666667,1,84000,3390,4.708333333333333,0.5889338850975037
10000,24,416.6666666666667,1,84000,3420,4.75,0.576630175113678
10000,24,416.6666666666667,1,84000,3450,4.791666666666667,0.5728987455368042
10000,24,416.6666666666667,1,84000,3480,4.833333333333333,0.5513268709182739
10000,24,416.6666666666667,1,84000,3510,4.875,0.528602659702301
10000,24,416.6666666666667,1,84000,3540,4.916666666666667,0.4977990686893463
10000,24,416.6666666666667,1,84000,3570,4.958333333333333,0.5403239130973816
10000,24,416.6666666666667,1,84000,3600,5.0,0.5569355487823486
15000,30,500.0,0,84000,0,0.0,19.91411590576172
15000,30,500.0,0,84000,30,0.041666666666666664,19.163808822631836
15000,30,500.0,0,84000,60,0.08333333333333333,18.51429557800293
15000,30,500.0,0,84000,90,0.125,17.653013229370117
15000,30,500.0,0,84000,120,0.16666666666666666,16.564687728881836
15000,30,500.0,0,84000,150,0.20833333333333334,15.587911605834961
15000,30,500.0,0,84000,180,0.25,15.124591827392578
15000,30,500.0,0,84000,210,0.2916666666666667,15.998770713806152
15000,30,500.0,0,84000,240,0.3333333333333333,17.595935821533203
15000,30,500.0,0,84000,270,0.375,19.207117080688477
15000,30,500.0,0,84000,300,0.4166666666666667,20.58934783935547
15000,30,500.0,0,84000,330,0.4583333333333333,21.589292526245117
15000,30,500.0,0,84000,360,0.5,22.171836853027344
15000,30,500.0,0,84000,390,0.5416666666666666,22.537405014038086
15000,30,500.0,0,84000,420,0.5833333333333334,22.57344627380371
15000,30,500.0,0,84000,450,0.625,22.33698081970215
15000,30,500.0,0,84000,480,0.6666666666666666,22.091049194335938
15000,30,500.0,0,84000,510,0.7083333333333334,21.81110382080078
15000,30,500.0,0,84000,540,0.75,21.426746368408203
15000,30,500.0,0,84000,570,0.7916666666666666,21.738849639892578
15000,30,500.0,0,84000,600,0.8333333333333334,22.768945693969727
15000,30,500.0,0,84000,630,0.875,23.984437942504883
15000,30,500.0,0,84000,660,0.9166666666666666,25.07674217224121
15000,30,500.0,0,84000,690,0.9583333333333334,25.888601303100586
15000,30,500.0,0,84000,720,1.0,26.297758102416992
15000,30,500.0,0,84000,750,1.0416666666666667,26.302560806274414
15000,30,500.0,0,84000,780,1.0833333333333333,25.81224250793457
15000,30,500.0,0,84000,810,1.125,24.710433959960938
15000,30,500.0,0,84000,840,1.1666666666666667,23.51067543029785
15000,30,500.0,0,84000,870,1.2083333333333333,22.053672790527344
15000,30,500.0,0,84000,900,1.25,20.818695068359375
15000,30,500.0,0,84000,930,1.2916666666666667,19.823646545410156
15000,30,500.0,0,84000,960,1.3333333333333333,18.87490463256836
15000,30,500.0,0,84000,990,1.375,17.968050003051758
15000,30,500.0,0,84000,1020,1.4166666666666667,16.891315460205078
15000,30,500.0,0,84000,1050,1.4583333333333333,15.706920623779297
15000,30,500.0,0,84000,1080,1.5,14.43115234375
15000,30,500.0,0,84000,1110,1.5416666666666667,13.140706062316895
15000,30,500.0,0,84000,1140,1.5833333333333333,13.045866012573242
15000,30,500.0,0,84000,1170,1.625,13.501818656921387
15000,30,500.0,0,84000,1200,1.6666666666666667,13.740377426147461
15000,30,500.0,0,84000,1230,1.7083333333333333,13.607985496520996
15000,30,500.0,0,84000,1260,1.75,13.34991455078125
15000,30,500.0,0,84000,1290,1.7916666666666667,12.793723106384277
15000,30,500.0,0,84000,1320,1.8333333333333333,12.10927677154541
15000,30,500.0,0,84000,1350,1.875,11.504097938537598
15000,30,500.0,0,84000,1380,1.9166666666666667,10.594226837158203
15000,30,500.0,0,84000,1410,1.9583333333333333,9.802982330322266
15000,30,500.0,0,84000,1440,2.0,9.233948707580566
15000,30,500.0,0,84000,1470,2.0416666666666665,8.555760383605957
15000,30,500.0,0,84000,1500,2.0833333333333335,8.21930980682373
15000,30,500.0,0,84000,1530,2.125,8.30404281616211
15000,30,500.0,0,84000,1560,2.1666666666666665,8.376220703125
15000,30,500.0,0,84000,1590,2.2083333333333335,8.322013854980469
15000,30,500.0,0,84000,1620,2.25,8.093596458435059
15000,30,500.0,0,84000,1650,2.2916666666666665,7.760103225708008
15000,30,500.0,0,84000,1680,2.3333333333333335,7.284363746643066
15000,30,500.0,0,84000,1710,2.375,6.7129011154174805
15000,30,500.0,0,84000,1740,2.4166666666666665,6.304980278015137
15000,30,500.0,0,84000,1770,2.4583333333333335,6.470013618469238
15000,30,500.0,0,84000,1800,2.5,6.553897380828857
15000,30,500.0,0,84000,1830,2.5416666666666665,6.576505184173584
15000,30,500.0,0,84000,1860,2.5833333333333335,6.5932183265686035
15000,30,500.0,0,84000,1890,2.625,6.524287700653076
15000,30,500.0,0,84000,1920,2.6666666666666665,6.3880696296691895
15000,30,500.0,0,84000,1950,2.7083333333333335,6.269333362579346
15000,30,500.0,0,84000,1980,2.75,6.0459513664245605
15000,30,500.0,0,84000,2010,2.7916666666666665,5.739826202392578
15000,30,500.0,0,84000,2040,2.8333333333333335,5.503451347351074
15000,30,500.0,0,84000,2070,2.875,5.1934051513671875
15000,30,500.0,0,84000,2100,2.9166666666666665,4.969011306762695
15000,30,500.0,0,84000,2130,2.9583333333333335,4.875411033630371
15000,30,500.0,0,84000,2160,3.0,4.890954971313477
15000,30,500.0,0,84000,2190,3.0416666666666665,4.882304668426514
15000,30,500.0,0,84000,2220,3.0833333333333335,4.854307174682617
15000,30,500.0,0,84000,2250,3.125,4.830691337585449
15000,30,500.0,0,84000,2280,3.1666666666666665,4.820316791534424
15000,30,500.0,0,84000,2310,3.2083333333333335,4.805481433868408
15000,30,500.0,0,84000,2340,3.25,4.817287445068359
15000,30,500.0,0,84000,2370,3.2916666666666665,4.805814743041992
15000,30,500.0,0,84000,2400,3.3333333333333335,5.017416477203369
15000,30,500.0,0,84000,2430,3.375,5.120534420013428
15000,30,500.0,0,84000,2460,3.4166666666666665,5.1483354568481445
15000,30,500.0,0,84000,2490,3.4583333333333335,5.1850199699401855
15000,30,500.0,0,84000,2520,3.5,5.1612725257873535
15000,30,500.0,0,84000,2550,3.5416666666666665,5.162001609802246
15000,30,500.0,0,84000,2580,3.5833333333333335,5.170769214630127
15000,30,500.0,0,84000,2610,3.625,5.157883167266846
15000,30,500.0,0,84000,2640,3.6666666666666665,5.136177062988281
15000,30,500.0,0,84000,2670,3.7083333333333335,5.1380438804626465
15000,30,500.0,0,84000,2700,3.75,5.1601104736328125
15000,30,500.0,0,84000,2730,3.7916666666666665,5.176214694976807
15000,30,500.0,0,84000,2760,3.8333333333333335,5.242518901824951
15000,30,500.0,0,84000,2790,3.875,5.344733715057373
15000,30,500.0,0,84000,2820,3.9166666666666665,5.338047027587891
15000,30,500.0,0,84000,2850,3.9583333333333335,5.276983737945557
15000,30,500.0,0,84000,2880,4.0,5.234780311584473
15000,30,500.0,0,84000,2910,4.041666666666667,5.172516822814941
15000,30,500.0,0,84000,2940,4.083333333333333,5.105660915374756
15000,30,500.0,0,84000,2970,4.125,5.025312423706055
15000,30,500.0,0,84000,3000,4.166666666666667,4.927816867828369
15000,30,500.0,0,84000,3030,4.208333333333333,5.0931572914123535
15000,30,500.0,0,84000,3060,4.25,5.197187423706055
15000,30,500.0,0,84000,3090,4.291666666666667,5.223647594451904
15000,30,500.0,0,84000,3120,4.333333333333333,5.249445915222168
15000,30,500.0,0,84000,3150,4.375,5.221342086791992
15000,30,500.0,0,84000,3180,4.416666666666667,5.2047529220581055
15000,30,500.0,0,84000,3210,4.458333333333333,5.17909574508667
15000,30,500.0,0,84000,3240,4.5,5.142360210418701
15000,30,500.0,0,84000,3270,4.541666666666667,5.082642555236816
15000,30,500.0,0,84000,3300,4.583333333333333,5.007352828979492
15000,30,500.0,0,84000,3330,4.625,4.995122909545898
15000,30,500.0,0,84000,3360,4.666666666666667,4.963109016418457
15000,30,500.0,0,84000,3390,4.708333333333333,5.024477005004883
15000,30,500.0,0,84000,3420,4.75,5.1053056716918945
15000,30,500.0,0,84000,3450,4.791666666666667,5.098481178283691
15000,30,500.0,0,84000,3480,4.833333333333333,5.0659918785095215
15000,30,500.0,0,84000,3510,4.875,5.036489009857178
15000,30,500.0,0,84000,3540,4.916666666666667,5.011148929595947
15000,30,500.0,0,84000,3570,4.958333333333333,4.9615797996521
15000,30,500.0,0,84000,3600,5.0,4.9190449714660645
15000,30,500.0,1,84000,0,0.0,19.973691940307617
15000,30,500.0,1,84000,30,0.041666666666666664,19.239574432373047
15000,30,500.0,1,84000,60,0.08333333333333333,18.534481048583984
15000,30,500.0,1,84000,90,0.125,17.68271255493164
15000,30,500.0,1,84000,120,0.16666666666666666,16.595712661743164
15000,30,500.0,1,84000,150,0.20833333333333334,15.544920921325684
15000,30,500.0,1,84000,180,0.25,15.036598205566406
15000,30,500.0,1,84000,210,0.2916666666666667,15.861414909362793
15000,30,500.0,1,84000,240,0.3333333333333333,17.41484260559082
15000,30,500.0,1,84000,270,0.375,19.016220092773438
15000,30,500.0,1,84000,300,0.4166666666666667,20.32622528076172
15000,30,500.0,1,84000,330,0.4583333333333333,21.311582565307617
15000,30,500.0,1,84000,360,0.5,21.942928314208984
15000,30,500.0,1,84000,390,0.5416666666666666,22.24101448059082
15000,30,500.0,1,84000,420,0.5833333333333334,22.312973022460938
15000,30,500.0,1,84000,450,0.625,22.147958755493164
15000,30,500.0,1,84000,480,0.6666666666666666,22.01532745361328
15000,30,500.0,1,84000,510,0.7083333333333334,21.74588966369629
15000,30,500.0,1,84000,540,0.75,21.364099502563477
15000,30,500.0,1,84000,570,0.7916666666666666,21.63858413696289
15000,30,500.0,1,84000,600,0.8333333333333334,22.75490951538086
15000,30,500.0,1,84000,630,0.875,23.88913345336914
15000,30,500.0,1,84000,660,0.9166666666666666,24.86427879333496
15000,30,500.0,1,84000,690,0.9583333333333334,25.53124237060547
15000,30,500.0,1,84000,720,1.0,25.951499938964844
15000,30,500.0,1,84000,750,1.0416666666666667,25.814613342285156
15000,30,500.0,1,84000,780,1.0833333333333333,25.267988204956055
15000,30,500.0,1,84000,810,1.125,24.233850479125977
15000,30,500.0,1,84000,840,1.1666666666666667,22.966283798217773
15000,30,500.0,1,84000,870,1.2083333333333333,21.56522560119629
15000,30,500.0,1,84000,900,1.25,20.394004821777344
15000,30,500.0,1,84000,930,1.2916666666666667,19.345014572143555
15000,30,500.0,1,84000,960,1.3333333333333333,18.364458084106445
15000,30,500.0,1,84000,990,1.375,17.227210998535156
15000,30,500.0,1,84000,1020,1.4166666666666667,16.215700149536133
15000,30,500.0,1,84000,1050,1.4583333333333333,15.019484519958496
15000,30,500.0,1,84000,1080,1.5,13.659588813781738
15000,30,500.0,1,84000,1110,1.5416666666666667,12.47835922241211
15000,30,500.0,1,84000,1140,1.5833333333333333,12.559041976928711
15000,30,500.0,1,84000,1170,1.625,12.95699405670166
15000,30,500.0,1,84000,1200,1.6666666666666667,13.180098533630371
15000,30,500.0,1,84000,1230,1.7083333333333333,13.045578002929688
15000,30,500.0,1,84000,1260,1.75,12.585450172424316
15000,30,500.0,1,84000,1290,1.7916666666666667,11.953206062316895
15000,30,500.0,1,84000,1320,1.8333333333333333,11.27641487121582
15000,30,500.0,1,84000,1350,1.875,10.640714645385742
15000,30,500.0,1,84000,1380,1.9166666666666667,9.996661186218262
15000,30,500.0,1,84000,1410,1.9583333333333333,9.314705848693848
15000,30,500.0,1,84000,1440,2.0,8.599474906921387
15000,30,500.0,1,84000,1470,2.0416666666666665,8.02922248840332
15000,30,500.0,1,84000,1500,2.0833333333333335,7.9095563888549805
15000,30,500.0,1,84000,1530,2.125,7.9448418617248535
15000,30,500.0,1,84000,1560,2.1666666666666665,7.993640422821045
15000,30,500.0,1,84000,1590,2.2083333333333335,7.830845832824707
15000,30,500.0,1,84000,1620,2.25,7.695504188537598
15000,30,500.0,1,84000,1650,2.2916666666666665,7.34133243560791
15000,30,500.0,1,84000,1680,2.3333333333333335,6.9438066482543945
15000,30,500.0,1,84000,1710,2.375,6.392457485198975
15000,30,500.0,1,84000,1740,2.4166666666666665,6.094491481781006
15000,30,500.0,1,84000,1770,2.4583333333333335,6.240551471710205
15000,30,500.0,1,84000,1800,2.5,6.306807518005371
15000,30,500.0,1,84000,1830,2.5416666666666665,6.34312105178833
15000,30,500.0,1,84000,1860,2.5833333333333335,6.327277660369873
15000,30,500.0,1,84000,1890,2.625,6.246942520141602
15000,30,500.0,1,84000,1920,2.6666666666666665,6.121279716491699
15000,30,500.0,1,84000,1950,2.7083333333333335,5.9828290939331055
15000,30,500.0,1,84000,1980,2.75,5.778124809265137
15000,30,500.0,1,84000,2010,2.7916666666666665,5.561947345733643
15000,30,500.0,1,84000,2040,2.8333333333333335,5.283431053161621
15000,30,500.0,1,84000,2070,2.875,5.028409004211426
15000,30,500.0,1,84000,2100,2.9166666666666665,4.78581428527832
15000,30,500.0,1,84000,2130,2.9583333333333335,4.778378486633301
15000,30,500.0,1,84000,2160,3.0,4.789271831512451
15000,30,500.0,1,84000,2190,3.0416666666666665,4.774190425872803
15000,30,500.0,1,84000,2220,3.0833333333333335,4.742251396179199
15000,30,500.0,1,84000,2250,3.125,4.685491561889648
15000,30,500.0,1,84000,2280,3.1666666666666665,4.66898250579834
15000,30,500.0,1,84000,2310,3.2083333333333335,4.680825233459473
15000,30,500.0,1,84000,2340,3.25,4.6730546951293945
15000,30,500.0,1,84000,2370,3.2916666666666665,4.648843765258789
15000,30,500.0,1,84000,2400,3.3333333333333335,4.910911560058594
15000,30,500.0,1,84000,2430,3.375,4.986327171325684
15000,30,500.0,1,84000,2460,3.4166666666666665,5.011307239532471
15000,30,500.0,1,84000,2490,3.4583333333333335,5.017090797424316
15000,30,500.0,1,84000,2520,3.5,5.000166893005371
15000,30,500.0,1,84000,2550,3.5416666666666665,4.9843363761901855
15000,30,500.0,1,84000,2580,3.5833333333333335,4.973577499389648
15000,30,500.0,1,84000,2610,3.625,4.974822998046875
15000,30,500.0,1,84000,2640,3.6666666666666665,4.964521884918213
15000,30,500.0,1,84000,2670,3.7083333333333335,4.992537498474121
15000,30,500.0,1,84000,2700,3.75,4.979267597198486
15000,30,500.0,1,84000,2730,3.7916666666666665,4.983497619628906
15000,30,500.0,1,84000,2760,3.8333333333333335,5.0821003913879395
15000,30,500.0,1,84000,2790,3.875,5.150259971618652
15000,30,500.0,1,84000,2820,3.9166666666666665,5.144571304321289
15000,30,500.0,1,84000,2850,3.9583333333333335,5.121962547302246
15000,30,500.0,1,84000,2880,4.0,5.057971954345703
15000,30,500.0,1,84000,2910,4.041666666666667,4.997374057769775
15000,30,500.0,1,84000,2940,4.083333333333333,4.924302101135254
15000,30,500.0,1,84000,2970,4.125,4.853473663330078
15000,30,500.0,1,84000,3000,4.166666666666667,4.745553970336914
15000,30,500.0,1,84000,3030,4.208333333333333,4.931199550628662
15000,30,500.0,1,84000,3060,4.25,5.030045986175537
15000,30,500.0,1,84000,3090,4.291666666666667,5.0525126457214355
15000,30,500.0,1,84000,3120,4.333333333333333,5.058155059814453
15000,30,500.0,1,84000,3150,4.375,5.025609970092773
15000,30,500.0,1,84000,3180,4.416666666666667,5.021030426025391
15000,30,500.0,1,84000,3210,4.458333333333333,4.982309341430664
15000,30,500.0,1,84000,3240,4.5,4.982017993927002
15000,30,500.0,1,84000,3270,4.541666666666667,4.908289432525635
15000,30,500.0,1,84000,3300,4.583333333333333,4.870779991149902
15000,30,500.0,1,84000,3330,4.625,4.837310314178467
15000,30,500.0,1,84000,3360,4.666666666666667,4.784813404083252
15000,30,500.0,1,84000,3390,4.708333333333333,4.857534885406494
15000,30,500.0,1,84000,3420,4.75,4.907260417938232
15000,30,500.0,1,84000,3450,4.791666666666667,4.925249099731445
15000,30,500.0,1,84000,3480,4.833333333333333,4.902409553527832
15000,30,500.0,1,84000,3510,4.875,4.868100166320801
15000,30,500.0,1,84000,3540,4.916666666666667,4.83146333694458
15000,30,500.0,1,84000,3570,4.958333333333333,4.780017852783203
15000,30,500.0,1,84000,3600,5.0,4.73593807220459
15000,36,416.6666666666667,0,84000,0,0.0,19.91411590576172
15000,36,416.6666666666667,0,84000,30,0.041666666666666664,18.937341690063477
15000,36,416.6666666666667,0,84000,60,0.08333333333333333,18.089330673217773
15000,36,416.6666666666667,0,84000,90,0.125,17.001022338867188
15000,36,416.6666666666667,0,84000,120,0.16666666666666666,15.732095718383789
15000,36,416.6666666666667,0,84000,150,0.20833333333333334,14.581910133361816
15000,36,416.6666666666667,0,84000,180,0.25,13.97502326965332
15000,36,416.6666666666667,0,84000,210,0.2916666666666667,14.526658058166504
15000,36,416.6666666666667,0,84000,240,0.3333333333333333,15.691460609436035
15000,36,416.6666666666667,0,84000,270,0.375,16.69476318359375
15000,36,416.6666666666667,0,84000,300,0.4166666666666667,17.375782012939453
15000,36,416.6666666666667,0,84000,330,0.4583333333333333,17.629465103149414
15000,36,416.6666666666667,0,84000,360,0.5,17.584630966186523
15000,36,416.6666666666667,0,84000,390,0.5416666666666666,17.186298370361328
15000,36,416.6666666666667,0,84000,420,0.5833333333333334,16.380064010620117
15000,36,416.6666666666667,0,84000,450,0.625,15.359062194824219
15000,36,416.6666666666667,0,84000,480,0.6666666666666666,15.003575325012207
15000,36,416.6666666666667,0,84000,510,0.7083333333333334,15.454785346984863
15000,36,416.6666666666667,0,84000,540,0.75,16.155550003051758
15000,36,416.6666666666667,0,84000,570,0.7916666666666666,16.724414825439453
15000,36,416.6666666666667,0,84000,600,0.8333333333333334,17.121652603149414
15000,36,416.6666666666667,0,84000,630,0.875,17.092432022094727
15000,36,416.6666666666667,0,84000,660,0.9166666666666666,16.803064346313477
15000,36,416.6666666666667,0,84000,690,0.9583333333333334,16.00031280517578
15000,36,416.6666666666667,0,84000,720,1.0,14.721963882446289
15000,36,416.6666666666667,0,84000,750,1.0416666666666667,12.97587776184082
15000,36,416.6666666666667,0,84000,780,1.0833333333333333,10.936226844787598
15000,36,416.6666666666667,0,84000,810,1.125,8.845004081726074
15000,36,416.6666666666667,0,84000,840,1.1666666666666667,6.922413349151611
15000,36,416.6666666666667,0,84000,870,1.2083333333333333,4.885502815246582
15000,36,416.6666666666667,0,84000,900,1.25,2.965251922607422
15000,36,416.6666666666667,0,84000,930,1.2916666666666667,1.618171215057373
15000,36,416.6666666666667,0,84000,960,1.3333333333333333,1.1264985799789429
15000,36,416.6666666666667,0,84000,990,1.375,1.185225009918213
15000,36,416.6666666666667,0,84000,1020,1.4166666666666667,1.226606011390686
15000,36,416.6666666666667,0,84000,1050,1.4583333333333333,1.2433885335922241
15000,36,416.6666666666667,0,84000,1080,1.5,1.2471953630447388
15000,36,416.6666666666667,0,84000,1110,1.5416666666666667,1.2461800575256348
15000,36,416.6666666666667,0,84000,1140,1.5833333333333333,1.210127353668213
15000,36,416.6666666666667,0,84000,1170,1.625,1.1101047992706299
15000,36,416.6666666666667,0,84000,1200,1.6666666666666667,1.0658761262893677
15000,36,416.6666666666667,0,84000,1230,1.7083333333333333,1.0353248119354248
15000,36,416.6666666666667,0,84000,1260,1.75,1.0072227716445923
15000,36,416.6666666666667,0,84000,1290,1.7916666666666667,0.924089789390564
15000,36,416.6666666666667,0,84000,1320,1.8333333333333333,0.8059188723564148
15000,36,416.6666666666667,0,84000,1350,1.875,0.7054592967033386
15000,36,416.6666666666667,0,84000,1380,1.9166666666666667,0.6739346981048584
15000,36,416.6666666666667,0,84000,1410,1.9583333333333333,0.7144692540168762
15000,36,416.6666666666667,0,84000,1440,2.0,0.7184863090515137
15000,36,416.6666666666667,0,84000,1470,2.0416666666666665,0.723506510257721
15000,36,416.6666666666667,0,84000,1500,2.0833333333333335,0.7302659749984741
15000,36,416.6666666666667,0,84000,1530,2.125,0.7352913618087769
15000,36,416.6666666666667,0,84000,1560,2.1666666666666665,0.7411606311798096
15000,36,416.6666666666667,0,84000,1590,2.2083333333333335,0.7420681118965149
15000,36,416.6666666666667,0,84000,1620,2.25,0.7390875816345215
15000,36,416.6666666666667,0,84000,1650,2.2916666666666665,0.7516084909439087
15000,36,416.6666666666667,0,84000,1680,2.3333333333333335,0.7537449598312378
15000,36,416.6666666666667,0,84000,1710,2.375,0.7574208974838257
15000,36,416.6666666666667,0,84000,1740,2.4166666666666665,0.7415693998336792
15000,36,416.6666666666667,0,84000,1770,2.4583333333333335,0.687710702419281
15000,36,416.6666666666667,0,84000,1800,2.5,0.626164972782135
15000,36,416.6666666666667,0,84000,1830,2.5416666666666665,0.6096686720848083
15000,36,416.6666666666667,0,84000,1860,2.5833333333333335,0.6705026030540466
15000,36,416.6666666666667,0,84000,1890,2.625,0.6915050148963928
15000,36,416.6666666666667,0,84000,1920,2.6666666666666665,0.69667649269104
15000,36,416.6666666666667,0,84000,1950,2.7083333333333335,0.7023041844367981
15000,36,416.6666666666667,0,84000,1980,2.75,0.7080190181732178
15000,36,416.6666666666667,0,84000,2010,2.7916666666666665,0.7137125134468079
15000,36,416.6666666666667,0,84000,2040,2.8333333333333335,0.7136558890342712
15000,36,416.6666666666667,0,84000,2070,2.875,0.7086533308029175
15000,36,416.6666666666667,0,84000,2100,2.9166666666666665,0.7087486982345581
15000,36,416.6666666666667,0,84000,2130,2.9583333333333335,0.7143838405609131
15000,36,416.6666666666667,0,84000,2160,3.0,0.7207567691802979
15000,36,416.6666666666667,0,84000,2190,3.0416666666666665,0.709364116191864
15000,36,416.6666666666667,0,84000,2220,3.0833333333333335,0.6700080633163452
15000,36,416.6666666666667,0,84000,2250,3.125,0.604947030544281
15000,36,416.6666666666667,0,84000,2280,3.1666666666666665,0.5788854956626892
15000,36,416.6666666666667,0,84000,2310,3.2083333333333335,0.6310433745384216
15000,36,416.6666666666667,0,84000,2340,3.25,0.663668692111969
15000,36,416.6666666666667,0,84000,2370,3.2916666666666665,0.6706915497779846
15000,36,416.6666666666667,0,84000,2400,3.3333333333333335,0.6767471432685852
15000,36,416.6666666666667,0,84000,2430,3.375,0.6828298568725586
15000,36,416.6666666666667,0,84000,2460,3.4166666666666665,0.6889064908027649
15000,36,416.6666666666667,0,84000,2490,3.4583333333333335,0.6896827220916748
15000,36,416.6666666666667,0,84000,2520,3.5,0.6916454434394836
15000,36,416.6666666666667,0,84000,2550,3.5416666666666665,0.6896522045135498
15000,36,416.6666666666667,0,84000,2580,3.5833333333333335,0.7009518146514893
15000,36,416.6666666666667,0,84000,2610,3.625,0.7071089744567871
15000,36,416.6666666666667,0,84000,2640,3.6666666666666665,0.7035194039344788
15000,36,416.6666666666667,0,84000,2670,3.7083333333333335,0.6674866080284119
15000,36,416.6666666666667,0,84000,2700,3.75,0.6276049613952637
15000,36,416.6666666666667,0,84000,2730,3.7916666666666665,0.5973003506660461
15000,36,416.6666666666667,0,84000,2760,3.8333333333333335,0.6077240705490112
15000,36,416.6666666666667,0,84000,2790,3.875,0.6564434766769409
15000,36,416.6666666666667,0,84000,2820,3.9166666666666665,0.666736364364624
15000,36,416.6666666666667,0,84000,2850,3.9583333333333335,0.6727032661437988
15000,36,416.6666666666667,0,84000,2880,4.0,0.6788735389709473
15000,36,416.6666666666667,0,84000,2910,4.041666666666667,0.6850129961967468
15000,36,416.6666666666667,0,84000,2940,4.083333333333333,0.6892603635787964
15000,36,416.6666666666667,0,84000,2970,4.125,0.6881007552146912
15000,36,416.6666666666667,0,84000,3000,4.166666666666667,0.6814119815826416
15000,36,416.6666666666667,0,84000,3030,4.208333333333333,0.6909166574478149
15000,36,416.6666666666667,0,84000,3060,4.25,0.7020498514175415
15000,36,416.6666666666667,0,84000,3090,4.291666666666667,0.6984241604804993
15000,36,416.6666666666667,0,84000,3120,4.333333333333333,0.667193591594696
15000,36,416.6666666666667,0,84000,3150,4.375,0.6315445303916931
15000,36,416.6666666666667,0,84000,3180,4.416666666666667,0.594062864780426
15000,36,416.6666666666667,0,84000,3210,4.458333333333333,0.5858724117279053
15000,36,416.6666666666667,0,84000,3240,4.5,0.6506313681602478
15000,36,416.6666666666667,0,84000,3270,4.541666666666667,0.6621971130371094
15000,36,416.6666666666667,0,84000,3300,4.583333333333333,0.6688022613525391
15000,36,416.6666666666667,0,84000,3330,4.625,0.6749882102012634
15000,36,416.6666666666667,0,84000,3360,4.666666666666667,0.6812495589256287
15000,36,416.6666666666667,0,84000,3390,4.708333333333333,0.6860328316688538
15000,36,416.6666666666667,0,84000,3420,4.75,0.6843557357788086
15000,36,416.6666666666667,0,84000,3450,4.791666666666667,0.6802474856376648
15000,36,416.6666666666667,0,84000,3480,4.833333333333333,0.6895655989646912
15000,36,416.6666666666667,0,84000,3510,4.875,0.697836697101593
15000,36,416.6666666666667,0,84000,3540,4.916666666666667,0.6942670345306396
15000,36,416.6666666666667,0,84000,3570,4.958333333333333,0.6735134124755859
15000,36,416.6666666666667,0,84000,3600,5.0,0.6286962032318115
15000,36,416.6666666666667,1,84000,0,0.0,19.973691940307617
15000,36,416.6666666666667,1,84000,30,0.041666666666666664,18.994041442871094
15000,36,416.6666666666667,1,84000,60,0.08333333333333333,18.12738800048828
15000,36,416.6666666666667,1,84000,90,0.125,17.035476684570312
15000,36,416.6666666666667,1,84000,120,0.16666666666666666,15.710837364196777
15000,36,416.6666666666667,1,84000,150,0.20833333333333334,14.485387802124023
15000,36,416.6666666666667,1,84000,180,0.25,13.879636764526367
15000,36,416.6666666666667,1,84000,210,0.2916666666666667,14.452574729919434
15000,36,416.6666666666667,1,84000,240,0.3333333333333333,15.667718887329102
15000,36,416.6666666666667,1,84000,270,0.375,16.65529441833496
15000,36,416.6666666666667,1,84000,300,0.4166666666666667,17.305042266845703
15000,36,416.6666666666667,1,84000,330,0.4583333333333333,17.541624069213867
15000,36,416.6666666666667,1,84000,360,0.5,17.481542587280273
15000,36,416.6666666666667,1,84000,390,0.5416666666666666,17.106386184692383
15000,36,416.6666666666667,1,84000,420,0.5833333333333334,16.3273868560791
15000,36,416.6666666666667,1,84000,450,0.625,15.31117057800293
15000,36,416.6666666666667,1,84000,480,0.6666666666666666,14.966089248657227
15000,36,416.6666666666667,1,84000,510,0.7083333333333334,15.50578784942627
15000,36,416.6666666666667,1,84000,540,0.75,16.222856521606445
15000,36,416.6666666666667,1,84000,570,0.7916666666666666,16.869115829467773
15000,36,416.6666666666667,1,84000,600,0.8333333333333334,17.16663932800293
15000,36,416.6666666666667,1,84000,630,0.875,17.237520217895508
15000,36,416.6666666666667,1,84000,660,0.9166666666666666,16.845949172973633
15000,36,416.6666666666667,1,84000,690,0.9583333333333334,16.03391456604004
15000,36,416.6666666666667,1,84000,720,1.0,14.82387924194336
15000,36,416.6666666666667,1,84000,750,1.0416666666666667,13.046748161315918
15000,36,416.6666666666667,1,84000,780,1.0833333333333333,11.091300010681152
15000,36,416.6666666666667,1,84000,810,1.125,9.069622993469238
15000,36,416.6666666666667,1,84000,840,1.1666666666666667,7.158695697784424
15000,36,416.6666666666667,1,84000,870,1.2083333333333333,5.266478061676025
15000,36,416.6666666666667,1,84000,900,1.25,3.241506814956665
15000,36,416.6666666666667,1,84000,930,1.2916666666666667,1.862136721611023
15000,36,416.6666666666667,1,84000,960,1.3333333333333333,1.269553303718567
15000,36,416.6666666666667,1,84000,990,1.375,1.3005156517028809
15000,36,416.6666666666667,1,84000,1020,1.4166666666666667,1.3500165939331055
15000,36,416.6666666666667,1,84000,1050,1.4583333333333333,1.374962329864502
15000,36,416.6666666666667,1,84000,1080,1.5,1.3850898742675781
15000,36,416.6666666666667,1,84000,1110,1.5416666666666667,1.351993441581726
15000,36,416.6666666666667,1,84000,1140,1.5833333333333333,1.2987240552902222
15000,36,416.6666666666667,1,84000,1170,1.625,1.209852695465088
15000,36,416.6666666666667,1,84000,1200,1.6666666666666667,1.0926237106323242
15000,36,416.6666666666667,1,84000,1230,1.7083333333333333,1.033094048500061
15000,36,416.6666666666667,1,84000,1260,1.75,1.0069376230239868
15000,36,416.6666666666667,1,84000,1290,1.7916666666666667,0.9448837637901306
15000,36,416.6666666666667,1,84000,1320,1.8333333333333333,0.809215247631073
15000,36,416.6666666666667,1,84000,1350,1.875,0.7212244272232056
15000,36,416.6666666666667,1,84000,1380,1.9166666666666667,0.7174785137176514
15000,36,416.6666666666667,1,84000,1410,1.9583333333333333,0.7625910043716431
15000,36,416.6666666666667,1,84000,1440,2.0,0.7650370597839355
15000,36,416.6666666666667,1,84000,1470,2.0416666666666665,0.7710262537002563
15000,36,416.6666666666667,1,84000,1500,2.0833333333333335,0.7769182920455933
15000,36,416.6666666666667,1,84000,1530,2.125,0.7840607166290283
15000,36,416.6666666666667,1,84000,1560,2.1666666666666665,0.7852057218551636
15000,36,416.6666666666667,1,84000,1590,2.2083333333333335,0.786023736000061
15000,36,416.6666666666667,1,84000,1620,2.25,0.7920438647270203
15000,36,416.6666666666667,1,84000,1650,2.2916666666666665,0.7864289283752441
15000,36,416.6666666666667,1,84000,1680,2.3333333333333335,0.7970017194747925
15000,36,416.6666666666667,1,84000,1710,2.375,0.8002089262008667
15000,36,416.6666666666667,1,84000,1740,2.4166666666666665,0.7894786596298218
15000,36,416.6666666666667,1,84000,1770,2.4583333333333335,0.734992265701294
15000,36,416.6666666666667,1,84000,1800,2.5,0.6736488938331604
15000,36,416.6666666666667,1,84000,1830,2.5416666666666665,0.6403795480728149
15000,36,416.6666666666667,1,84000,1860,2.5833333333333335,0.7077122330665588
15000,36,416.6666666666667,1,84000,1890,2.625,0.7281262874603271
15000,36,416.6666666666667,1,84000,1920,2.6666666666666665,0.7348465919494629
15000,36,416.6666666666667,1,84000,1950,2.7083333333333335,0.7408992648124695
15000,36,416.6666666666667,1,84000,1980,2.75,0.74708491563797
15000,36,416.6666666666667,1,84000,2010,2.7916666666666665,0.7471096515655518
15000,36,416.6666666666667,1,84000,2040,2.8333333333333335,0.7455151081085205
15000,36,416.6666666666667,1,84000,2070,2.875,0.7442930936813354
15000,36,416.6666666666667,1,84000,2100,2.9166666666666665,0.7336629033088684
15000,36,416.6666666666667,1,84000,2130,2.9583333333333335,0.7433382868766785
15000,36,416.6666666666667,1,84000,2160,3.0,0.7512206435203552
15000,36,416.6666666666667,1,84000,2190,3.0416666666666665,0.7433784008026123
15000,36,416.6666666666667,1,84000,2220,3.0833333333333335,0.717048168182373
15000,36,416.6666666666667,1,84000,2250,3.125,0.6512662768363953
15000,36,416.6666666666667,1,84000,2280,3.1666666666666665,0.6091166734695435
15000,36,416.6666666666667,1,84000,2310,3.2083333333333335,0.6616510152816772
15000,36,416.6666666666667,1,84000,2340,3.25,0.7017012238502502
15000,36,416.6666666666667,1,84000,2370,3.2916666666666665,0.7091835737228394
15000,36,416.6666666666667,1,84000,2400,3.3333333333333335,0.7155524492263794
15000,36,416.6666666666667,1,84000,2430,3.375,0.7220360636711121
15000,36,416.6666666666667,1,84000,2460,3.4166666666666665,0.7236025929450989
15000,36,416.6666666666667,1,84000,2490,3.4583333333333335,0.7242541313171387
15000,36,416.6666666666667,1,84000,2520,3.5,0.7311468124389648
15000,36,416.6666666666667,1,84000,2550,3.5416666666666665,0.7195355296134949
15000,36,416.6666666666667,1,84000,2580,3.5833333333333335,0.7301568984985352
15000,36,416.6666666666667,1,84000,2610,3.625,0.7440804839134216
15000,36,416.6666666666667,1,84000,2640,3.6666666666666665,0.738088071346283
15000,36,416.6666666666667,1,84000,2670,3.7083333333333335,0.7138348817825317
15000,36,416.6666666666667,1,84000,2700,3.75,0.6787675023078918
15000,36,416.6666666666667,1,84000,2730,3.7916666666666665,0.6117388010025024
15000,36,416.6666666666667,1,84000,2760,3.8333333333333335,0.6326805353164673
15000,36,416.6666666666667,1,84000,2790,3.875,0.6936346888542175
15000,36,416.6666666666667,1,84000,2820,3.9166666666666665,0.7045320868492126
15000,36,416.6666666666667,1,84000,2850,3.9583333333333335,0.7109204530715942
15000,36,416.6666666666667,1,84000,2880,4.0,0.7175653576850891
15000,36,416.6666666666667,1,84000,2910,4.041666666666667,0.7204798460006714
15000,36,416.6666666666667,1,84000,2940,4.083333333333333,0.7211048603057861
15000,36,416.6666666666667,1,84000,2970,4.125,0.7277524471282959
15000,36,416.6666666666667,1,84000,3000,4.166666666666667,0.7123337984085083
15000,36,416.6666666666667,1,84000,3030,4.208333333333333,0.7264799475669861
15000,36,416.6666666666667,1,84000,3060,4.25,0.7274327874183655
15000,36,416.6666666666667,1,84000,3090,4.291666666666667,0.734470784664154
15000,36,416.6666666666667,1,84000,3120,4.333333333333333,0.7041800618171692
15000,36,416.6666666666667,1,84000,3150,4.375,0.6936085820198059
15000,36,416.6666666666667,1,84000,3180,4.416666666666667,0.6238837838172913
15000,36,416.6666666666667,1,84000,3210,4.458333333333333,0.608841598033905
15000,36,416.6666666666667,1,84000,3240,4.5,0.6783256530761719
15000,36,416.6666666666667,1,84000,3270,4.541666666666667,0.6981664299964905
15000,36,416.6666666666667,1,84000,3300,4.583333333333333,0.7052276134490967
15000,36,416.6666666666667,1,84000,3330,4.625,0.7120136618614197
15000,36,416.6666666666667,1,84000,3360,4.666666666666667,0.7167575359344482
15000,36,416.6666666666667,1,84000,3390,4.708333333333333,0.7152841687202454
15000,36,416.6666666666667,1,84000,3420,4.75,0.721203625202179
15000,36,416.6666666666667,1,84000,3450,4.791666666666667,0.7175772786140442
15000,36,416.6666666666667,1,84000,3480,4.833333333333333,0.7145179510116577
15000,36,416.6666666666667,1,84000,3510,4.875,0.728946328163147
15000,36,416.6666666666667,1,84000,3540,4.916666666666667,0.7317004203796387
15000,36,416.6666666666667,1,84000,3570,4.958333333333333,0.7120987176895142
15000,36,416.6666666666667,1,84000,3600,5.0,0.6902192234992981
20000,12,1666.6666666666667,0,84000,0,0.0,19.948650360107422
20000,12,1666.6666666666667,0,84000,30,0.041666666666666664,20.0279598236084
20000,12,1666.6666666666667,0,84000,60,0.08333333333333333,20.273666381835938
20000,12,1666.6666666666667,0,84000,90,0.125,20.212289810180664
20000,12,1666.6666666666667,0,84000,120,0.16666666666666666,19.787540435791016
20000,12,1666.6666666666667,0,84000,150,0.20833333333333334,19.260833740234375
20000,12,1666.6666666666667,0,84000,180,0.25,19.37741470336914
20000,12,1666.6666666666667,0,84000,210,0.2916666666666667,21.420385360717773
20000,12,1666.6666666666667,0,84000,240,0.3333333333333333,24.909513473510742
20000,12,1666.6666666666667,0,84000,270,0.375,28.80644989013672
20000,12,1666.6666666666667,0,84000,300,0.4166666666666667,32.783626556396484
20000,12,1666.6666666666667,0,84000,330,0.4583333333333333,36.69973373413086
20000,12,1666.6666666666667,0,84000,360,0.5,40.4007682800293
20000,12,1666.6666666666667,0,84000,390,0.5416666666666666,43.8585319519043
20000,12,1666.6666666666667,0,84000,420,0.5833333333333334,46.92551803588867
20000,12,1666.6666666666667,0,84000,450,0.625,49.75739669799805
20000,12,1666.6666666666667,0,84000,480,0.6666666666666666,52.698486328125
20000,12,1666.6666666666667,0,84000,510,0.7083333333333334,55.84024429321289
20000,12,1666.6666666666667,0,84000,540,0.75,59.102718353271484
20000,12,1666.6666666666667,0,84000,570,0.7916666666666666,62.39228820800781
20000,12,1666.6666666666667,0,84000,600,0.8333333333333334,65.46849822998047
20000,12,1666.6666666666667,0,84000,630,0.875,68.29666900634766
20000,12,1666.6666666666667,0,84000,660,0.9166666666666666,70.82199096679688
20000,12,1666.6666666666667,0,84000,690,0.9583333333333334,73.05523681640625
20000,12,1666.6666666666667,0,84000,720,1.0,74.99739837646484
20000,12,1666.6666666666667,0,84000,750,1.0416666666666667,76.66817474365234
20000,12,1666.6666666666667,0,84000,780,1.0833333333333333,78.21321105957031
20000,12,1666.6666666666667,0,84000,810,1.125,79.55796813964844
20000,12,1666.6666666666667,0,84000,840,1.1666666666666667,80.8318099975586
20000,12,1666.6666666666667,0,84000,870,1.2083333333333333,81.93487548828125
20000,12,1666.6666666666667,0,84000,900,1.25,82.89971923828125
20000,12,1666.6666666666667,0,84000,930,1.2916666666666667,83.77195739746094
20000,12,1666.6666666666667,0,84000,960,1.3333333333333333,84.3923568725586
20000,12,1666.6666666666667,0,84000,990,1.375,84.97879028320312
20000,12,1666.6666666666667,0,84000,1020,1.4166666666666667,85.39990234375
20000,12,1666.6666666666667,0,84000,1050,1.4583333333333333,85.7291259765625
20000,12,1666.6666666666667,0,84000,1080,1.5,85.88970184326172
20000,12,1666.6666666666667,0,84000,1110,1.5416666666666667,85.99562072753906
20000,12,1666.6666666666667,0,84000,1140,1.5833333333333333,86.099609375
20000,12,1666.6666666666667,0,84000,1170,1.625,86.17949676513672
20000,12,1666.6666666666667,0,84000,1200,1.6666666666666667,86.1832275390625
20000,12,1666.6666666666667,0,84000,1230,1.7083333333333333,86.17633819580078
20000,12,1666.6666666666667,0,84000,1260,1.75,86.11969757080078
20000,12,1666.6666666666667,0,84000,1290,1.7916666666666667,86.0115966796875
20000,12,1666.6666666666667,0,84000,1320,1.8333333333333333,85.97337341308594
20000,12,1666.6666666666667,0,84000,1350,1.875,85.93048858642578
20000,12,1666.6666666666667,0,84000,1380,1.9166666666666667,85.8180923461914
20000,12,1666.6666666666667,0,84000,1410,1.9583333333333333,85.68278503417969
20000,12,1666.6666666666667,0,84000,1440,2.0,85.60562896728516
20000,12,1666.6666666666667,0,84000,1470,2.0416666666666665,85.50489807128906
20000,12,1666.6666666666667,0,84000,1500,2.0833333333333335,85.42552185058594
20000,12,1666.6666666666667,0,84000,1530,2.125,85.40786743164062
20000,12,1666.6666666666667,0,84000,1560,2.1666666666666665,85.28449249267578
20000,12,1666.6666666666667,0,84000,1590,2.2083333333333335,85.19847869873047
20000,12,1666.6666666666667,0,84000,1620,2.25,85.21622467041016
20000,12,1666.6666666666667,0,84000,1650,2.2916666666666665,85.27970123291016
20000,12,1666.6666666666667,0,84000,1680,2.3333333333333335,85.35308837890625
20000,12,1666.6666666666667,0,84000,1710,2.375,85.4432601928711
20000,12,1666.6666666666667,0,84000,1740,2.4166666666666665,85.55828094482422
20000,12,1666.6666666666667,0,84000,1770,2.4583333333333335,85.72705841064453
20000,12,1666.6666666666667,0,84000,1800,2.5,85.82121276855469
20000,12,1666.6666666666667,0,84000,1830,2.5416666666666665,86.00550079345703
20000,12,1666.6666666666667,0,84000,1860,2.5833333333333335,86.08554077148438
20000,12,1666.6666666666667,0,84000,1890,2.625,86.1386489868164
20000,12,1666.6666666666667,0,84000,1920,2.6666666666666665,86.1794662475586
20000,12,1666.6666666666667,0,84000,1950,2.7083333333333335,86.2094497680664
20000,12,1666.6666666666667,0,84000,1980,2.75,86.22451782226562
20000,12,1666.6666666666667,0,84000,2010,2.7916666666666665,86.2047348022461
20000,12,1666.6666666666667,0,84000,2040,2.8333333333333335,86.07472229003906
20000,12,1666.6666666666667,0,84000,2070,2.875,85.92969512939453
20000,12,1666.6666666666667,0,84000,2100,2.9166666666666665,85.78315734863281
20000,12,1666.6666666666667,0,84000,2130,2.9583333333333335,85.58082580566406
20000,12,1666.6666666666667,0,84000,2160,3.0,85.4329833984375
20000,12,1666.6666666666667,0,84000,2190,3.0416666666666665,85.28755950927734
20000,12,1666.6666666666667,0,84000,2220,3.0833333333333335,85.114013671875
20000,12,1666.6666666666667,0,84000,2250,3.125,84.93328857421875
20000,12,1666.6666666666667,0,84000,2280,3.1666666666666665,84.65127563476562
20000,12,1666.6666666666667,0,84000,2310,3.2083333333333335,84.37116241455078
20000,12,1666.6666666666667,0,84000,2340,3.25,84.07486724853516
20000,12,1666.6666666666667,0,84000,2370,3.2916666666666665,83.59117889404297
20000,12,1666.6666666666667,0,84000,2400,3.3333333333333335,83.0057144165039
20000,12,1666.6666666666667,0,84000,2430,3.375,82.28174591064453
20000,12,1666.6666666666667,0,84000,2460,3.4166666666666665,81.5718765258789
20000,12,1666.6666666666667,0,84000,2490,3.4583333333333335,80.76720428466797
20000,12,1666.6666666666667,0,84000,2520,3.5,79.86750030517578
20000,12,1666.6666666666667,0,84000,2550,3.5416666666666665,78.8993911743164
20000,12,1666.6666666666667,0,84000,2580,3.5833333333333335,77.9459228515625
20000,12,1666.6666666666667,0,84000,2610,3.625,76.85169219970703
20000,12,1666.6666666666667,0,84000,2640,3.6666666666666665,75.8093490600586
20000,12,1666.6666666666667,0,84000,2670,3.7083333333333335,74.71903228759766
20000,12,1666.6666666666667,0,84000,2700,3.75,73.67657470703125
20000,12,1666.6666666666667,0,84000,2730,3.7916666666666665,72.59461212158203
20000,12,1666.6666666666667,0,84000,2760,3.8333333333333335,71.45843505859375
20000,12,1666.6666666666667,0,84000,2790,3.875,70.36544799804688
20000,12,1666.6666666666667,0,84000,2820,3.9166666666666665,69.27237701416016
20000,12,1666.6666666666667,0,84000,2850,3.9583333333333335,68.14258575439453
20000,12,1666.6666666666667,0,84000,2880,4.0,67.03487396240234
20000,12,1666.6666666666667,0,84000,2910,4.041666666666667,65.91712188720703
20000,12,1666.6666666666667,0,84000,2940,4.083333333333333,64.81443786621094
20000,12,1666.6666666666667,0,84000,2970,4.125,63.72603225708008
20000,12,1666.6666666666667,0,84000,3000,4.166666666666667,62.67253875732422
20000,12,1666.6666666666667,0,84000,3030,4.208333333333333,61.57787322998047
20000,12,1666.6666666666667,0,84000,3060,4.25,60.568092346191406
20000,12,1666.6666666666667,0,84000,3090,4.291666666666667,59.487361907958984
20000,12,1666.6666666666667,0,84000,3120,4.333333333333333,58.41608810424805
20000,12,1666.6666666666667,0,84000,3150,4.375,57.35593032836914
20000,12,1666.6666666666667,0,84000,3180,4.416666666666667,56.23907470703125
20000,12,1666.6666666666667,0,84000,3210,4.458333333333333,55.16348648071289
20000,12,1666.6666666666667,0,84000,3240,4.5,54.07898712158203
20000,12,1666.6666666666667,0,84000,3270,4.541666666666667,53.071224212646484
20000,12,1666.6666666666667,0,84000,3300,4.583333333333333,52.052085876464844
20000,12,1666.6666666666667,0,84000,3330,4.625,51.07231140136719
20000,12,1666.6666666666667,0,84000,3360,4.666666666666667,50.0288200378418
20000,12,1666.6666666666667,0,84000,3390,4.708333333333333,49.11014938354492
20000,12,1666.6666666666667,0,84000,3420,4.75,48.049251556396484
20000,12,1666.6666666666667,0,84000,3450,4.791666666666667,47.041988372802734
20000,12,1666.6666666666667,0,84000,3480,4.833333333333333,46.07293701171875
20000,12,1666.6666666666667,0,84000,3510,4.875,45.06668472290039
20000,12,1666.6666666666667,0,84000,3540,4.916666666666667,44.11381530761719
20000,12,1666.6666666666667,0,84000,3570,4.958333333333333,43.153018951416016
20000,12,1666.6666666666667,0,84000,3600,5.0,42.16896057128906
20000,12,1666.6666666666667,1,84000,0,0.0,19.981426239013672
20000,12,1666.6666666666667,1,84000,30,0.041666666666666664,20.05281639099121
20000,12,1666.6666666666667,1,84000,60,0.08333333333333333,20.286741256713867
20000,12,1666.6666666666667,1,84000,90,0.125,20.216224670410156
20000,12,1666.6666666666667,1,84000,120,0.16666666666666666,19.801067352294922
20000,12,1666.6666666666667,1,84000,150,0.20833333333333334,19.278047561645508
20000,12,1666.6666666666667,1,84000,180,0.25,19.38870620727539
20000,12,1666.6666666666667,1,84000,210,0.2916666666666667,21.407812118530273
20000,12,1666.6666666666667,1,84000,240,0.3333333333333333,24.8997802734375
20000,12,1666.6666666666667,1,84000,270,0.375,28.808494567871094
20000,12,1666.6666666666667,1,84000,300,0.4166666666666667,32.805450439453125
20000,12,1666.6666666666667,1,84000,330,0.4583333333333333,36.70277404785156
20000,12,1666.6666666666667,1,84000,360,0.5,40.4041633605957
20000,12,1666.6666666666667,1,84000,390,0.5416666666666666,43.82015609741211
20000,12,1666.6666666666667,1,84000,420,0.5833333333333334,46.83649826049805
20000,12,1666.6666666666667,1,84000,450,0.625,49.69602584838867
20000,12,1666.6666666666667,1,84000,480,0.6666666666666666,52.59158706665039
20000,12,1666.6666666666667,1,84000,510,0.7083333333333334,55.68526077270508
20000,12,1666.6666666666667,1,84000,540,0.75,58.97506332397461
20000,12,1666.6666666666667,1,84000,570,0.7916666666666666,62.21400451660156
20000,12,1666.6666666666667,1,84000,600,0.8333333333333334,65.27442169189453
20000,12,1666.6666666666667,1,84000,630,0.875,68.09928894042969
20000,12,1666.6666666666667,1,84000,660,0.9166666666666666,70.65055084228516
20000,12,1666.6666666666667,1,84000,690,0.9583333333333334,72.81524658203125
20000,12,1666.6666666666667,1,84000,720,1.0,74.78646087646484
20000,12,1666.6666666666667,1,84000,750,1.0416666666666667,76.53067779541016
20000,12,1666.6666666666667,1,84000,780,1.0833333333333333,78.0681381225586
20000,12,1666.6666666666667,1,84000,810,1.125,79.57816314697266
20000,12,1666.6666666666667,1,84000,840,1.1666666666666667,80.83958435058594
20000,12,1666.6666666666667,1,84000,870,1.2083333333333333,81.94287109375
20000,12,1666.6666666666667,1,84000,900,1.25,82.90277862548828
20000,12,1666.6666666666667,1,84000,930,1.2916666666666667,83.74092102050781
20000,12,1666.6666666666667,1,84000,960,1.3333333333333333,84.35399627685547
20000,12,1666.6666666666667,1,84000,990,1.375,84.90084075927734
20000,12,1666.6666666666667,1,84000,1020,1.4166666666666667,85.3390884399414
20000,12,1666.6666666666667,1,84000,1050,1.4583333333333333,85.60257720947266
20000,12,1666.6666666666667,1,84000,1080,1.5,85.86402893066406
20000,12,1666.6666666666667,1,84000,1110,1.5416666666666667,86.03091430664062
20000,12,1666.6666666666667,1,84000,1140,1.5833333333333333,86.06111907958984
20000,12,1666.6666666666667,1,84000,1170,1.625,86.05968475341797
20000,12,1666.6666666666667,1,84000,1200,1.6666666666666667,86.04695892333984
20000,12,1666.6666666666667,1,84000,1230,1.7083333333333333,86.00811004638672
20000,12,1666.6666666666667,1,84000,1260,1.75,85.91200256347656
20000,12,1666.6666666666667,1,84000,1290,1.7916666666666667,85.8546371459961
20000,12,1666.6666666666667,1,84000,1320,1.8333333333333333,85.77831268310547
20000,12,1666.6666666666667,1,84000,1350,1.875,85.75547790527344
20000,12,1666.6666666666667,1,84000,1380,1.9166666666666667,85.63800048828125
20000,12,1666.6666666666667,1,84000,1410,1.9583333333333333,85.48802947998047
20000,12,1666.6666666666667,1,84000,1440,2.0,85.4141616821289
20000,12,1666.6666666666667,1,84000,1470,2.0416666666666665,85.36056518554688
20000,12,1666.6666666666667,1,84000,1500,2.0833333333333335,85.31495666503906
20000,12,1666.6666666666667,1,84000,1530,2.125,85.29609680175781
20000,12,1666.6666666666667,1,84000,1560,2.1666666666666665,85.17925262451172
20000,12,1666.6666666666667,1,84000,1590,2.2083333333333335,85.09459686279297
20000,12,1666.6666666666667,1,84000,1620,2.25,85.10872650146484
20000,12,1666.6666666666667,1,84000,1650,2.2916666666666665,85.2173843383789
20000,12,1666.6666666666667,1,84000,1680,2.3333333333333335,85.2777099609375
20000,12,1666.6666666666667,1,84000,1710,2.375,85.37090301513672
20000,12,1666.6666666666667,1,84000,1740,2.4166666666666665,85.44586944580078
20000,12,1666.6666666666667,1,84000,1770,2.4583333333333335,85.48577880859375
20000,12,1666.6666666666667,1,84000,1800,2.5,85.61758422851562
20000,12,1666.6666666666667,1,84000,1830,2.5416666666666665,85.68917846679688
20000,12,1666.6666666666667,1,84000,1860,2.5833333333333335,85.85484313964844
20000,12,1666.6666666666667,1,84000,1890,2.625,86.03418731689453
20000,12,1666.6666666666667,1,84000,1920,2.6666666666666665,86.11551666259766
20000,12,1666.6666666666667,1,84000,1950,2.7083333333333335,86.18936920166016
20000,12,1666.6666666666667,1,84000,1980,2.75,86.24434661865234
20000,12,1666.6666666666667,1,84000,2010,2.7916666666666665,86.19644927978516
20000,12,1666.6666666666667,1,84000,2040,2.8333333333333335,86.11689758300781
20000,12,1666.6666666666667,1,84000,2070,2.875,85.96896362304688
20000,12,1666.6666666666667,1,84000,2100,2.9166666666666665,85.75489044189453
20000,12,1666.6666666666667,1,84000,2130,2.9583333333333335,85.56382751464844
20000,12,1666.6666666666667,1,84000,2160,3.0,85.40650939941406
20000,12,1666.6666666666667,1,84000,2190,3.0416666666666665,85.26451873779297
20000,12,1666.6666666666667,1,84000,2220,3.0833333333333335,85.15032196044922
20000,12,1666.6666666666667,1,84000,2250,3.125,85.020751953125
20000,12,1666.6666666666667,1,84000,2280,3.1666666666666665,84.80735778808594
20000,12,1666.6666666666667,1,84000,2310,3.2083333333333335,84.49813842773438
20000,12,1666.6666666666667,1,84000,2340,3.25,84.1954345703125
20000,12,1666.6666666666667,1,84000,2370,3.2916666666666665,83.76168823242188
20000,12,1666.6666666666667,1,84000,2400,3.3333333333333335,83.17124938964844
20000,12,1666.6666666666667,1,84000,2430,3.375,82.57212829589844
20000,12,1666.6666666666667,1,84000,2460,3.4166666666666665,81.78959655761719
20000,12,1666.6666666666667,1,84000,2490,3.4583333333333335,81.01104736328125
20000,12,1666.6666666666667,1,84000,2520,3.5,80.07861328125
20000,12,1666.6666666666667,1,84000,2550,3.5416666666666665,79.18565368652344
20000,12,1666.6666666666667,1,84000,2580,3.5833333333333335,78.17707824707031
20000,12,1666.6666666666667,1,84000,2610,3.625,77.12580871582031
20000,12,1666.6666666666667,1,84000,2640,3.6666666666666665,76.06517791748047
20000,12,1666.6666666666667,1,84000,2670,3.7083333333333335,74.98744201660156
20000,12,1666.6666666666667,1,84000,2700,3.75,73.92269897460938
20000,12,1666.6666666666667,1,84000,2730,3.7916666666666665,72.86178588867188
20000,12,1666.6666666666667,1,84000,2760,3.8333333333333335,71.73966979980469
20000,12,1666.6666666666667,1,84000,2790,3.875,70.6424789428711
20000,12,1666.6666666666667,1,84000,2820,3.9166666666666665,69.48501586914062
20000,12,1666.6666666666667,1,84000,2850,3.9583333333333335,68.34944152832031
20000,12,1666.6666666666667,1,84000,2880,4.0,67.24748229980469
20000,12,1666.6666666666667,1,84000,2910,4.041666666666667,66.15730285644531
20000,12,1666.6666666666667,1,84000,2940,4.083333333333333,65.0893783569336
20000,12,1666.6666666666667,1,84000,2970,4.125,64.0972900390625
20000,12,1666.6666666666667,1,84000,3000,4.166666666666667,63.086368560791016
20000,12,1666.6666666666667,1,84000,3030,4.208333333333333,61.973419189453125
20000,12,1666.6666666666667,1,84000,3060,4.25,60.89598846435547
20000,12,1666.6666666666667,1,84000,3090,4.291666666666667,59.811519622802734
20000,12,1666.6666666666667,1,84000,3120,4.333333333333333,58.71742630004883
20000,12,1666.6666666666667,1,84000,3150,4.375,57.668704986572266
20000,12,1666.6666666666667,1,84000,3180,4.416666666666667,56.601924896240234
20000,12,1666.6666666666667,1,84000,3210,4.458333333333333,55.52427673339844
20000,12,1666.6666666666667,1,84000,3240,4.5,54.44004821777344
20000,12,1666.6666666666667,1,84000,3270,4.541666666666667,53.42140579223633
20000,12,1666.6666666666667,1,84000,3300,4.583333333333333,52.36698913574219
20000,12,1666.6666666666667,1,84000,3330,4.625,51.358272552490234
20000,12,1666.6666666666667,1,84000,3360,4.666666666666667,50.29426193237305
20000,12,1666.6666666666667,1,84000,3390,4.708333333333333,49.3411979675293
20000,12,1666.6666666666667,1,84000,3420,4.75,48.3376350402832
20000,12,1666.6666666666667,1,84000,3450,4.791666666666667,47.344398498535156
20000,12,1666.6666666666667,1,84000,3480,4.833333333333333,46.37165069580078
20000,12,1666.6666666666667,1,84000,3510,4.875,45.40217590332031
20000,12,1666.6666666666667,1,84000,3540,4.916666666666667,44.42302322387695
20000,12,1666.6666666666667,1,84000,3570,4.958333333333333,43.39785385131836
20000,12,1666.6666666666667,1,84000,3600,5.0,42.40999221801758
20000,42,476.1904761904762,0,84000,0,0.0,19.948650360107422
20000,42,476.1904761904762,0,84000,30,0.041666666666666664,19.185949325561523
20000,42,476.1904761904762,0,84000,60,0.08333333333333333,18.50490951538086
20000,42,476.1904761904762,0,84000,90,0.125,17.56588363647461
20000,42,476.1904761904762,0,84000,120,0.16666666666666666,16.469234466552734
20000,42,476.1904761904762,0,84000,150,0.20833333333333334,15.389762878417969
20000,42,476.1904761904762,0,84000,180,0.25,14.916984558105469
20000,42,476.1904761904762,0,84000,210,0.2916666666666667,15.739468574523926
20000,42,476.1904761904762,0,84000,240,0.3333333333333333,17.273433685302734
20000,42,476.1904761904762,0,84000,270,0.375,18.810924530029297
20000,42,476.1904761904762,0,84000,300,0.4166666666666667,20.009483337402344
20000,42,476.1904761904762,0,84000,330,0.4583333333333333,20.86847496032715
20000,42,476.1904761904762,0,84000,360,0.5,21.351055145263672
20000,42,476.1904761904762,0,84000,390,0.5416666666666666,21.638824462890625
20000,42,476.1904761904762,0,84000,420,0.5833333333333334,21.600685119628906
20000,42,476.1904761904762,0,84000,450,0.625,21.24284553527832
20000,42,476.1904761904762,0,84000,480,0.6666666666666666,20.78324317932129
20000,42,476.1904761904762,0,84000,510,0.7083333333333334,20.347997665405273
20000,42,476.1904761904762,0,84000,540,0.75,20.076698303222656
20000,42,476.1904761904762,0,84000,570,0.7916666666666666,20.710187911987305
20000,42,476.1904761904762,0,84000,600,0.8333333333333334,21.89055633544922
20000,42,476.1904761904762,0,84000,630,0.875,22.920978546142578
20000,42,476.1904761904762,0,84000,660,0.9166666666666666,23.751995086669922
20000,42,476.1904761904762,0,84000,690,0.9583333333333334,24.35245704650879
20000,42,476.1904761904762,0,84000,720,1.0,24.53806495666504
20000,42,476.1904761904762,0,84000,750,1.0416666666666667,24.19583511352539
20000,42,476.1904761904762,0,84000,780,1.0833333333333333,23.329675674438477
20000,42,476.1904761904762,0,84000,810,1.125,21.94495391845703
20000,42,476.1904761904762,0,84000,840,1.1666666666666667,20.36937141418457
20000,42,476.1904761904762,0,84000,870,1.2083333333333333,18.8369197845459
20000,42,476.1904761904762,0,84000,900,1.25,17.461950302124023
20000,42,476.1904761904762,0,84000,930,1.2916666666666667,16.291522979736328
20000,42,476.1904761904762,0,84000,960,1.3333333333333333,15.124337196350098
20000,42,476.1904761904762,0,84000,990,1.375,13.8500394821167
20000,42,476.1904761904762,0,84000,1020,1.4166666666666667,12.551068305969238
20000,42,476.1904761904762,0,84000,1050,1.4583333333333333,11.184793472290039
20000,42,476.1904761904762,0,84000,1080,1.5,9.858748435974121
20000,42,476.1904761904762,0,84000,1110,1.5416666666666667,9.72832202911377
20000,42,476.1904761904762,0,84000,1140,1.5833333333333333,10.183801651000977
20000,42,476.1904761904762,0,84000,1170,1.625,10.451393127441406
20000,42,476.1904761904762,0,84000,1200,1.6666666666666667,10.466405868530273
20000,42,476.1904761904762,0,84000,1230,1.7083333333333333,10.193504333496094
20000,42,476.1904761904762,0,84000,1260,1.75,9.821892738342285
20000,42,476.1904761904762,0,84000,1290,1.7916666666666667,9.266685485839844
20000,42,476.1904761904762,0,84000,1320,1.8333333333333333,8.64820671081543
20000,42,476.1904761904762,0,84000,1350,1.875,7.9612579345703125
20000,42,476.1904761904762,0,84000,1380,1.9166666666666667,7.266880512237549
20000,42,476.1904761904762,0,84000,1410,1.9583333333333333,6.6775383949279785
20000,42,476.1904761904762,0,84000,1440,2.0,6.190751552581787
20000,42,476.1904761904762,0,84000,1470,2.0416666666666665,6.179922103881836
20000,42,476.1904761904762,0,84000,1500,2.0833333333333335,6.240270137786865
20000,42,476.1904761904762,0,84000,1530,2.125,6.237360954284668
20000,42,476.1904761904762,0,84000,1560,2.1666666666666665,6.09702730178833
20000,42,476.1904761904762,0,84000,1590,2.2083333333333335,5.83022928237915
20000,42,476.1904761904762,0,84000,1620,2.25,5.473819732666016
20000,42,476.1904761904762,0,84000,1650,2.2916666666666665,5.08445930480957
20000,42,476.1904761904762,0,84000,1680,2.3333333333333335,4.619620323181152
20000,42,476.1904761904762,0,84000,1710,2.375,4.721012592315674
20000,42,476.1904761904762,0,84000,1740,2.4166666666666665,4.8066911697387695
20000,42,476.1904761904762,0,84000,1770,2.4583333333333335,4.851815700531006
20000,42,476.1904761904762,0,84000,1800,2.5,4.866190433502197
20000,42,476.1904761904762,0,84000,1830,2.5416666666666665,4.857204914093018
20000,42,476.1904761904762,0,84000,1860,2.5833333333333335,4.801586627960205
20000,42,476.1904761904762,0,84000,1890,2.625,4.7169389724731445
20000,42,476.1904761904762,0,84000,1920,2.6666666666666665,4.5736517906188965
20000,42,476.1904761904762,0,84000,1950,2.7083333333333335,4.374569892883301
20000,42,476.1904761904762,0,84000,1980,2.75,4.212170124053955
20000,42,476.1904761904762,0,84000,2010,2.7916666666666665,4.026238441467285
20000,42,476.1904761904762,0,84000,2040,2.8333333333333335,3.8967504501342773
20000,42,476.1904761904762,0,84000,2070,2.875,3.957697629928589
20000,42,476.1904761904762,0,84000,2100,2.9166666666666665,3.95772385597229
20000,42,476.1904761904762,0,84000,2130,2.9583333333333335,3.9396867752075195
20000,42,476.1904761904762,0,84000,2160,3.0,3.919564962387085
20000,42,476.1904761904762,0,84000,2190,3.0416666666666665,3.8698441982269287
20000,42,476.1904761904762,0,84000,2220,3.0833333333333335,3.8331093788146973
20000,42,476.1904761904762,0,84000,2250,3.125,3.829861640930176
20000,42,476.1904761904762,0,84000,2280,3.1666666666666665,3.8195126056671143
20000,42,476.1904761904762,0,84000,2310,3.2083333333333335,4.046675205230713
20000,42,476.1904761904762,0,84000,2340,3.25,4.118464469909668
20000,42,476.1904761904762,0,84000,2370,3.2916666666666665,4.155365943908691
20000,42,476.1904761904762,0,84000,2400,3.3333333333333335,4.173384189605713
20000,42,476.1904761904762,0,84000,2430,3.375,4.164876461029053
20000,42,476.1904761904762,0,84000,2460,3.4166666666666665,4.150657653808594
20000,42,476.1904761904762,0,84000,2490,3.4583333333333335,4.151409149169922
20000,42,476.1904761904762,0,84000,2520,3.5,4.131775856018066
20000,42,476.1904761904762,0,84000,2550,3.5416666666666665,4.108121395111084
20000,42,476.1904761904762,0,84000,2580,3.5833333333333335,4.083596706390381
20000,42,476.1904761904762,0,84000,2610,3.625,4.09831428527832
20000,42,476.1904761904762,0,84000,2640,3.6666666666666665,4.092845439910889
20000,42,476.1904761904762,0,84000,2670,3.7083333333333335,4.207565784454346
20000,42,476.1904761904762,0,84000,2700,3.75,4.222483158111572
20000,42,476.1904761904762,0,84000,2730,3.7916666666666665,4.198569297790527
20000,42,476.1904761904762,0,84000,2760,3.8333333333333335,4.163888454437256
20000,42,476.1904761904762,0,84000,2790,3.875,4.079726696014404
20000,42,476.1904761904762,0,84000,2820,3.9166666666666665,4.003641605377197
20000,42,476.1904761904762,0,84000,2850,3.9583333333333335,3.925459861755371
20000,42,476.1904761904762,0,84000,2880,4.0,3.8057425022125244
20000,42,476.1904761904762,0,84000,2910,4.041666666666667,3.9687187671661377
20000,42,476.1904761904762,0,84000,2940,4.083333333333333,4.0642313957214355
20000,42,476.1904761904762,0,84000,2970,4.125,4.0994486808776855
20000,42,476.1904761904762,0,84000,3000,4.166666666666667,4.1130805015563965
20000,42,476.1904761904762,0,84000,3030,4.208333333333333,4.108004570007324
20000,42,476.1904761904762,0,84000,3060,4.25,4.100381851196289
20000,42,476.1904761904762,0,84000,3090,4.291666666666667,4.083666801452637
20000,42,476.1904761904762,0,84000,3120,4.333333333333333,4.026872634887695
20000,42,476.1904761904762,0,84000,3150,4.375,3.9913063049316406
20000,42,476.1904761904762,0,84000,3180,4.416666666666667,3.958498477935791
20000,42,476.1904761904762,0,84000,3210,4.458333333333333,3.928680181503296
20000,42,476.1904761904762,0,84000,3240,4.5,3.899162530899048
20000,42,476.1904761904762,0,84000,3270,4.541666666666667,4.020080089569092
20000,42,476.1904761904762,0,84000,3300,4.583333333333333,4.02984619140625
20000,42,476.1904761904762,0,84000,3330,4.625,4.019018173217773
20000,42,476.1904761904762,0,84000,3360,4.666666666666667,3.9797000885009766
20000,42,476.1904761904762,0,84000,3390,4.708333333333333,3.927617073059082
20000,42,476.1904761904762,0,84000,3420,4.75,3.9013891220092773
20000,42,476.1904761904762,0,84000,3450,4.791666666666667,3.7943663597106934
20000,42,476.1904761904762,0,84000,3480,4.833333333333333,3.754578113555908
20000,42,476.1904761904762,0,84000,3510,4.875,3.9239280223846436
20000,42,476.1904761904762,0,84000,3540,4.916666666666667,4.014522075653076
20000,42,476.1904761904762,0,84000,3570,4.958333333333333,4.045374393463135
20000,42,476.1904761904762,0,84000,3600,5.0,4.063488006591797
20000,42,476.1904761904762,1,84000,0,0.0,19.981426239013672
20000,42,476.1904761904762,1,84000,30,0.041666666666666664,19.21404457092285
20000,42,476.1904761904762,1,84000,60,0.08333333333333333,18.495731353759766
20000,42,476.1904761904762,1,84000,90,0.125,17.5489501953125
20000,42,476.1904761904762,1,84000,120,0.16666666666666666,16.480688095092773
20000,42,476.1904761904762,1,84000,150,0.20833333333333334,15.380722045898438
20000,42,476.1904761904762,1,84000,180,0.25,14.90257453918457
20000,42,476.1904761904762,1,84000,210,0.2916666666666667,15.679244041442871
20000,42,476.1904761904762,1,84000,240,0.3333333333333333,17.23704719543457
20000,42,476.1904761904762,1,84000,270,0.375,18.709373474121094
20000,42,476.1904761904762,1,84000,300,0.4166666666666667,19.93587875366211
20000,42,476.1904761904762,1,84000,330,0.4583333333333333,20.889738082885742
20000,42,476.1904761904762,1,84000,360,0.5,21.373796463012695
20000,42,476.1904761904762,1,84000,390,0.5416666666666666,21.549856185913086
20000,42,476.1904761904762,1,84000,420,0.5833333333333334,21.471853256225586
20000,42,476.1904761904762,1,84000,450,0.625,21.211978912353516
20000,42,476.1904761904762,1,84000,480,0.6666666666666666,20.837329864501953
20000,42,476.1904761904762,1,84000,510,0.7083333333333334,20.372831344604492
20000,42,476.1904761904762,1,84000,540,0.75,20.04046630859375
20000,42,476.1904761904762,1,84000,570,0.7916666666666666,20.784893035888672
20000,42,476.1904761904762,1,84000,600,0.8333333333333334,21.91628646850586
20000,42,476.1904761904762,1,84000,630,0.875,22.94904136657715
20000,42,476.1904761904762,1,84000,660,0.9166666666666666,23.852218627929688
20000,42,476.1904761904762,1,84000,690,0.9583333333333334,24.372285842895508
20000,42,476.1904761904762,1,84000,720,1.0,24.496868133544922
20000,42,476.1904761904762,1,84000,750,1.0416666666666667,24.068145751953125
20000,42,476.1904761904762,1,84000,780,1.0833333333333333,23.15009117126465
20000,42,476.1904761904762,1,84000,810,1.125,21.928743362426758
20000,42,476.1904761904762,1,84000,840,1.1666666666666667,20.367935180664062
20000,42,476.1904761904762,1,84000,870,1.2083333333333333,18.6781005859375
20000,42,476.1904761904762,1,84000,900,1.25,17.233247756958008
20000,42,476.1904761904762,1,84000,930,1.2916666666666667,16.05916404724121
20000,42,476.1904761904762,1,84000,960,1.3333333333333333,14.889853477478027
20000,42,476.1904761904762,1,84000,990,1.375,13.729355812072754
20000,42,476.1904761904762,1,84000,1020,1.4166666666666667,12.369379997253418
20000,42,476.1904761904762,1,84000,1050,1.4583333333333333,11.042149543762207
20000,42,476.1904761904762,1,84000,1080,1.5,9.737751960754395
20000,42,476.1904761904762,1,84000,1110,1.5416666666666667,9.77090072631836
20000,42,476.1904761904762,1,84000,1140,1.5833333333333333,10.155840873718262
20000,42,476.1904761904762,1,84000,1170,1.625,10.369806289672852
20000,42,476.1904761904762,1,84000,1200,1.6666666666666667,10.339777946472168
20000,42,476.1904761904762,1,84000,1230,1.7083333333333333,10.051834106445312
20000,42,476.1904761904762,1,84000,1260,1.75,9.668148040771484
20000,42,476.1904761904762,1,84000,1290,1.7916666666666667,9.058571815490723
20000,42,476.1904761904762,1,84000,1320,1.8333333333333333,8.480632781982422
20000,42,476.1904761904762,1,84000,1350,1.875,7.789778709411621
20000,42,476.1904761904762,1,84000,1380,1.9166666666666667,7.132078170776367
20000,42,476.1904761904762,1,84000,1410,1.9583333333333333,6.575295925140381
20000,42,476.1904761904762,1,84000,1440,2.0,6.1102118492126465
20000,42,476.1904761904762,1,84000,1470,2.0416666666666665,6.084439277648926
20000,42,476.1904761904762,1,84000,1500,2.0833333333333335,6.164032936096191
20000,42,476.1904761904762,1,84000,1530,2.125,6.128030300140381
20000,42,476.1904761904762,1,84000,1560,2.1666666666666665,6.01486349105835
20000,42,476.1904761904762,1,84000,1590,2.2083333333333335,5.791488170623779
20000,42,476.1904761904762,1,84000,1620,2.25,5.434086799621582
20000,42,476.1904761904762,1,84000,1650,2.2916666666666665,4.963087558746338
20000,42,476.1904761904762,1,84000,1680,2.3333333333333335,4.638497352600098
20000,42,476.1904761904762,1,84000,1710,2.375,4.778794288635254
20000,42,476.1904761904762,1,84000,1740,2.4166666666666665,4.848358631134033
20000,42,476.1904761904762,1,84000,1770,2.4583333333333335,4.884624004364014
20000,42,476.1904761904762,1,84000,1800,2.5,4.906712532043457
20000,42,476.1904761904762,1,84000,1830,2.5416666666666665,4.879876136779785
20000,42,476.1904761904762,1,84000,1860,2.5833333333333335,4.812704086303711
20000,42,476.1904761904762,1,84000,1890,2.625,4.681145668029785
20000,42,476.1904761904762,1,84000,1920,2.6666666666666665,4.538357257843018
20000,42,476.1904761904762,1,84000,1950,2.7083333333333335,4.331557750701904
20000,42,476.1904761904762,1,84000,1980,2.75,4.134133815765381
20000,42,476.1904761904762,1,84000,2010,2.7916666666666665,3.958728790283203
20000,42,476.1904761904762,1,84000,2040,2.8333333333333335,3.875797748565674
20000,42,476.1904761904762,1,84000,2070,2.875,3.945953130722046
20000,42,476.1904761904762,1,84000,2100,2.9166666666666665,3.9340765476226807
20000,42,476.1904761904762,1,84000,2130,2.9583333333333335,3.911743402481079
20000,42,476.1904761904762,1,84000,2160,3.0,3.885944128036499
20000,42,476.1904761904762,1,84000,2190,3.0416666666666665,3.813973903656006
20000,42,476.1904761904762,1,84000,2220,3.0833333333333335,3.7884225845336914
20000,42,476.1904761904762,1,84000,2250,3.125,3.768319845199585
20000,42,476.1904761904762,1,84000,2280,3.1666666666666665,3.799255132675171
20000,42,476.1904761904762,1,84000,2310,3.2083333333333335,4.025204181671143
20000,42,476.1904761904762,1,84000,2340,3.25,4.082250118255615
20000,42,476.1904761904762,1,84000,2370,3.2916666666666665,4.110339164733887
20000,42,476.1904761904762,1,84000,2400,3.3333333333333335,4.122224807739258
20000,42,476.1904761904762,1,84000,2430,3.375,4.114247798919678
20000,42,476.1904761904762,1,84000,2460,3.4166666666666665,4.097446918487549
20000,42,476.1904761904762,1,84000,2490,3.4583333333333335,4.065227508544922
20000,42,476.1904761904762,1,84000,2520,3.5,4.074367523193359
20000,42,476.1904761904762,1,84000,2550,3.5416666666666665,4.049614429473877
20000,42,476.1904761904762,1,84000,2580,3.5833333333333335,4.034637928009033
20000,42,476.1904761904762,1,84000,2610,3.625,4.048413276672363
20000,42,476.1904761904762,1,84000,2640,3.6666666666666665,4.070919036865234
20000,42,476.1904761904762,1,84000,2670,3.7083333333333335,4.177389144897461
20000,42,476.1904761904762,1,84000,2700,3.75,4.16250467300415
20000,42,476.1904761904762,1,84000,2730,3.7916666666666665,4.135463714599609
20000,42,476.1904761904762,1,84000,2760,3.8333333333333335,4.111904621124268
20000,42,476.1904761904762,1,84000,2790,3.875,4.014594554901123
20000,42,476.1904761904762,1,84000,2820,3.9166666666666665,3.9372057914733887
20000,42,476.1904761904762,1,84000,2850,3.9583333333333335,3.850017547607422
20000,42,476.1904761904762,1,84000,2880,4.0,3.8009023666381836
20000,42,476.1904761904762,1,84000,2910,4.041666666666667,4.002844333648682
20000,42,476.1904761904762,1,84000,2940,4.083333333333333,4.056682586669922
20000,42,476.1904761904762,1,84000,2970,4.125,4.082001686096191
20000,42,476.1904761904762,1,84000,3000,4.166666666666667,4.098438262939453
20000,42,476.1904761904762,1,84000,3030,4.208333333333333,4.077488899230957
20000,42,476.1904761904762,1,84000,3060,4.25,4.059192657470703
20000,42,476.1904761904762,1,84000,3090,4.291666666666667,4.0235700607299805
20000,42,476.1904761904762,1,84000,3120,4.333333333333333,4.010806083679199
20000,42,476.1904761904762,1,84000,3150,4.375,3.935542583465576
20000,42,476.1904761904762,1,84000,3180,4.416666666666667,3.916233539581299
20000,42,476.1904761904762,1,84000,3210,4.458333333333333,3.8687899112701416
20000,42,476.1904761904762,1,84000,3240,4.5,3.908704996109009
20000,42,476.1904761904762,1,84000,3270,4.541666666666667,3.9982144832611084
20000,42,476.1904761904762,1,84000,3300,4.583333333333333,3.984710454940796
20000,42,476.1904761904762,1,84000,3330,4.625,3.9553613662719727
20000,42,476.1904761904762,1,84000,3360,4.666666666666667,3.9200477600097656
20000,42,476.1904761904762,1,84000,3390,4.708333333333333,3.8541457653045654
20000,42,476.1904761904762,1,84000,3420,4.75,3.792449951171875
20000,42,476.1904761904762,1,84000,3450,4.791666666666667,3.7497055530548096
20000,42,476.1904761904762,1,84000,3480,4.833333333333333,3.767873525619507
20000,42,476.1904761904762,1,84000,3510,4.875,3.9604339599609375
20000,42,476.1904761904762,1,84000,3540,4.916666666666667,3.993703842163086
20000,42,476.1904761904762,1,84000,3570,4.958333333333333,4.0183610916137695
20000,42,476.1904761904762,1,84000,3600,5.0,4.022895812988281
2000,9,222.22222222222223,0,84000,0,0.0,19.955968856811523
2000,9,222.22222222222223,0,84000,30,0.041666666666666664,17.662580490112305
2000,9,222.22222222222223,0,84000,60,0.08333333333333333,15.595663070678711
2000,9,222.22222222222223,0,84000,90,0.125,13.414621353149414
2000,9,222.22222222222223,0,84000,120,0.16666666666666666,11.323530197143555
2000,9,222.22222222222223,0,84000,150,0.20833333333333334,9.534435272216797
2000,9,222.22222222222223,0,84000,180,0.25,8.32776927947998
2000,9,222.22222222222223,0,84000,210,0.2916666666666667,7.587803840637207
2000,9,222.22222222222223,0,84000,240,0.3333333333333333,6.9403181076049805
2000,9,222.22222222222223,0,84000,270,0.375,6.18128776550293
2000,9,222.22222222222223,0,84000,300,0.4166666666666667,5.798600673675537
2000,9,222.22222222222223,0,84000,330,0.4583333333333333,5.414378643035889
2000,9,222.22222222222223,0,84000,360,0.5,4.960727691650391
2000,9,222.22222222222223,0,84000,390,0.5416666666666666,4.350883960723877
2000,9,222.22222222222223,0,84000,420,0.5833333333333334,3.6614043712615967
2000,9,222.22222222222223,0,84000,450,0.625,2.723626136779785
2000,9,222.22222222222223,0,84000,480,0.6666666666666666,2.023732900619507
2000,9,222.22222222222223,0,84000,510,0.7083333333333334,1.4574931859970093
2000,9,222.22222222222223,0,84000,540,0.75,1.166408896446228
2000,9,222.22222222222223,0,84000,570,0.7916666666666666,1.0333044528961182
2000,9,222.22222222222223,0,84000,600,0.8333333333333334,0.8592071533203125
2000,9,222.22222222222223,0,84000,630,0.875,0.8192740082740784
2000,9,222.22222222222223,0,84000,660,0.9166666666666666,0.7214975357055664
2000,9,222.22222222222223,0,84000,690,0.9583333333333334,0.6840295195579529
2000,9,222.22222222222223,0,84000,720,1.0,0.6739475131034851
2000,9,222.22222222222223,0,84000,750,1.0416666666666667,0.5566760897636414
2000,9,222.22222222222223,0,84000,780,1.0833333333333333,0.43340378999710083
2000,9,222.22222222222223,0,84000,810,1.125,0.4578569829463959
2000,9,222.22222222222223,0,84000,840,1.1666666666666667,0.4752626419067383
2000,9,222.22222222222223,0,84000,870,1.2083333333333333,0.4501873254776001
2000,9,222.22222222222223,0,84000,900,1.25,0.4440474808216095
2000,9,222.22222222222223,0,84000,930,1.2916666666666667,0.3914570212364197
2000,9,222.22222222222223,0,84000,960,1.3333333333333333,0.4037591218948364
2000,9,222.22222222222223,0,84000,990,1.375,0.2805435359477997
2000,9,222.22222222222223,0,84000,1020,1.4166666666666667,0.2622773051261902
2000,9,222.22222222222223,0,84000,1050,1.4583333333333333,0.2684482932090759
2000,9,222.22222222222223,0,84000,1080,1.5,0.26194384694099426
2000,9,222.22222222222223,0,84000,1110,1.5416666666666667,0.21168522536754608
2000,9,222.22222222222223,0,84000,1140,1.5833333333333333,0.21766501665115356
2000,9,222.22222222222223,0,84000,1170,1.625,0.21559454500675201
2000,9,222.22222222222223,0,84000,1200,1.6666666666666667,0.17332516610622406
2000,9,222.22222222222223,0,84000,1230,1.7083333333333333,0.1748874932527542
2000,9,222.22222222222223,0,84000,1260,1.75,0.1707683801651001
2000,9,222.22222222222223,0,84000,1290,1.7916666666666667,0.1680837720632553
2000,9,222.22222222222223,0,84000,1320,1.8333333333333333,0.16603726148605347
2000,9,222.22222222222223,0,84000,1350,1.875,0.15188904106616974
2000,9,222.22222222222223,0,84000,1380,1.9166666666666667,0.1493072360754013
2000,9,222.22222222222223,0,84000,1410,1.9583333333333333,0.1506790816783905
2000,9,222.22222222222223,0,84000,1440,2.0,0.1497473567724228
2000,9,222.22222222222223,0,84000,1470,2.0416666666666665,0.1398719996213913
2000,9,222.22222222222223,0,84000,1500,2.0833333333333335,0.14171475172042847
2000,9,222.22222222222223,0,84000,1530,2.125,0.15270119905471802
2000,9,222.22222222222223,0,84000,1560,2.1666666666666665,0.15140554308891296
2000,9,222.22222222222223,0,84000,1590,2.2083333333333335,0.150340273976326
2000,9,222.22222222222223,0,84000,1620,2.25,0.14877773821353912
2000,9,222.22222222222223,0,84000,1650,2.2916666666666665,0.1354491412639618
2000,9,222.22222222222223,0,84000,1680,2.3333333333333335,0.1340184360742569
2000,9,222.22222222222223,0,84000,1710,2.375,0.1409449428319931
2000,9,222.22222222222223,0,84000,1740,2.4166666666666665,0.14064891636371613
2000,9,222.22222222222223,0,84000,1770,2.4583333333333335,0.14047016203403473
2000,9,222.22222222222223,0,84000,1800,2.5,0.13064706325531006
2000,9,222.22222222222223,0,84000,1830,2.5416666666666665,0.12986283004283905
2000,9,222.22222222222223,0,84000,1860,2.5833333333333335,0.1300218254327774
2000,9,222.22222222222223,0,84000,1890,2.625,0.13870680332183838
2000,9,222.22222222222223,0,84000,1920,2.6666666666666665,0.13882435858249664
2000,9,222.22222222222223,0,84000,1950,2.7083333333333335,0.1389227956533432
2000,9,222.22222222222223,0,84000,1980,2.75,0.13585397601127625
2000,9,222.22222222222223,0,84000,2010,2.7916666666666665,0.13258828222751617
2000,9,222.22222222222223,0,84000,2040,2.8333333333333335,0.13393987715244293
2000,9,222.22222222222223,0,84000,2070,2.875,0.13768236339092255
2000,9,222.22222222222223,0,84000,2100,2.9166666666666665,0.13829456269741058
2000,9,222.22222222222223,0,84000,2130,2.9583333333333335,0.13859184086322784
2000,9,222.22222222222223,0,84000,2160,3.0,0.12270496040582657
2000,9,222.22222222222223,0,84000,2190,3.0416666666666665,0.1318453997373581
2000,9,222.22222222222223,0,84000,2220,3.0833333333333335,0.13677261769771576
2000,9,222.22222222222223,0,84000,2250,3.125,0.1368904709815979
2000,9,222.22222222222223,0,84000,2280,3.1666666666666665,0.13711032271385193
2000,9,222.22222222222223,0,84000,2310,3.2083333333333335,0.1371994912624359
2000,9,222.22222222222223,0,84000,2340,3.25,0.13709132373332977
2000,9,222.22222222222223,0,84000,2370,3.2916666666666665,0.11320213228464127
2000,9,222.22222222222223,0,84000,2400,3.3333333333333335,0.13354437053203583
2000,9,222.22222222222223,0,84000,2430,3.375,0.13423846662044525
2000,9,222.22222222222223,0,84000,2460,3.4166666666666665,0.13457052409648895
2000,9,222.22222222222223,0,84000,2490,3.4583333333333335,0.13505171239376068
2000,9,222.22222222222223,0,84000,2520,3.5,0.12968561053276062
2000,9,222.22222222222223,0,84000,2550,3.5416666666666665,0.1254773885011673
2000,9,222.22222222222223,0,84000,2580,3.5833333333333335,0.12536540627479553
2000,9,222.22222222222223,0,84000,2610,3.625,0.13352733850479126
2000,9,222.22222222222223,0,84000,2640,3.6666666666666665,0.1338651180267334
2000,9,222.22222222222223,0,84000,2670,3.7083333333333335,0.13435237109661102
2000,9,222.22222222222223,0,84000,2700,3.75,0.12117921561002731
2000,9,222.22222222222223,0,84000,2730,3.7916666666666665,0.10791114717721939
2000,9,222.22222222222223,0,84000,2760,3.8333333333333335,0.1310819387435913
2000,9,222.22222222222223,0,84000,2790,3.875,0.132538303732872
2000,9,222.22222222222223,0,84000,2820,3.9166666666666665,0.13279594480991364
2000,9,222.22222222222223,0,84000,2850,3.9583333333333335,0.1331409066915512
2000,9,222.22222222222223,0,84000,2880,4.0,0.12098712474107742
2000,9,222.22222222222223,0,84000,2910,4.041666666666667,0.12055513262748718
2000,9,222.22222222222223,0,84000,2940,4.083333333333333,0.127286896109581
2000,9,222.22222222222223,0,84000,2970,4.125,0.13175144791603088
2000,9,222.22222222222223,0,84000,3000,4.166666666666667,0.13198888301849365
2000,9,222.22222222222223,0,84000,3030,4.208333333333333,0.13248339295387268
2000,9,222.22222222222223,0,84000,3060,4.25,0.13282132148742676
2000,9,222.22222222222223,0,84000,3090,4.291666666666667,0.1244405061006546
2000,9,222.22222222222223,0,84000,3120,4.333333333333333,0.12424904853105545
2000,9,222.22222222222223,0,84000,3150,4.375,0.1312219202518463
2000,9,222.22222222222223,0,84000,3180,4.416666666666667,0.131599560379982
2000,9,222.22222222222223,0,84000,3210,4.458333333333333,0.13192087411880493
2000,9,222.22222222222223,0,84000,3240,4.5,0.1324683576822281
2000,9,222.22222222222223,0,84000,3270,4.541666666666667,0.12216489762067795
2000,9,222.22222222222223,0,84000,3300,4.583333333333333,0.12860657274723053
2000,9,222.22222222222223,0,84000,3330,4.625,0.13132645189762115
2000,9,222.22222222222223,0,84000,3360,4.666666666666667,0.13156655430793762
2000,9,222.22222222222223,0,84000,3390,4.708333333333333,0.11990980058908463
2000,9,222.22222222222223,0,84000,3420,4.75,0.11826649308204651
2000,9,222.22222222222223,0,84000,3450,4.791666666666667,0.13006991147994995
2000,9,222.22222222222223,0,84000,3480,4.833333333333333,0.12188691645860672
2000,9,222.22222222222223,0,84000,3510,4.875,0.13094063103199005
2000,9,222.22222222222223,0,84000,3540,4.916666666666667,0.13140222430229187
2000,9,222.22222222222223,0,84000,3570,4.958333333333333,0.13165786862373352
2000,9,222.22222222222223,0,84000,3600,5.0,0.12083029747009277
2000,9,222.22222222222223,1,84000,0,0.0,20.10230255126953
2000,9,222.22222222222223,1,84000,30,0.041666666666666664,17.739652633666992
2000,9,222.22222222222223,1,84000,60,0.08333333333333333,15.707501411437988
2000,9,222.22222222222223,1,84000,90,0.125,13.608078002929688
2000,9,222.22222222222223,1,84000,120,0.16666666666666666,11.41787338256836
2000,9,222.22222222222223,1,84000,150,0.20833333333333334,9.709689140319824
2000,9,222.22222222222223,1,84000,180,0.25,8.426647186279297
2000,9,222.22222222222223,1,84000,210,0.2916666666666667,7.627809524536133
2000,9,222.22222222222223,1,84000,240,0.3333333333333333,7.1936845779418945
2000,9,222.22222222222223,1,84000,270,0.375,6.375090599060059
2000,9,222.22222222222223,1,84000,300,0.4166666666666667,5.945459842681885
2000,9,222.22222222222223,1,84000,330,0.4583333333333333,5.547111988067627
2000,9,222.22222222222223,1,84000,360,0.5,5.038979530334473
2000,9,222.22222222222223,1,84000,390,0.5416666666666666,4.417930603027344
2000,9,222.22222222222223,1,84000,420,0.5833333333333334,3.7508814334869385
2000,9,222.22222222222223,1,84000,450,0.625,2.9908058643341064
2000,9,222.22222222222223,1,84000,480,0.6666666666666666,2.3269145488739014
2000,9,222.22222222222223,1,84000,510,0.7083333333333334,1.8203322887420654
2000,9,222.22222222222223,1,84000,540,0.75,1.4485129117965698
2000,9,222.22222222222223,1,84000,570,0.7916666666666666,1.051140546798706
2000,9,222.22222222222223,1,84000,600,0.8333333333333334,1.0464028120040894
2000,9,222.22222222222223,1,84000,630,0.875,1.0105684995651245
2000,9,222.22222222222223,1,84000,660,0.9166666666666666,0.9334980249404907
2000,9,222.22222222222223,1,84000,690,0.9583333333333334,0.893736720085144
2000,9,222.22222222222223,1,84000,720,1.0,0.8118752241134644
2000,9,222.22222222222223,1,84000,750,1.0416666666666667,0.7137709856033325
2000,9,222.22222222222223,1,84000,780,1.0833333333333333,0.7040345668792725
2000,9,222.22222222222223,1,84000,810,1.125,0.6684290766716003
2000,9,222.22222222222223,1,84000,840,1.1666666666666667,0.6588176488876343
2000,9,222.22222222222223,1,84000,870,1.2083333333333333,0.5980284810066223
2000,9,222.22222222222223,1,84000,900,1.25,0.6021078824996948
2000,9,222.22222222222223,1,84000,930,1.2916666666666667,0.6251626014709473
2000,9,222.22222222222223,1,84000,960,1.3333333333333333,0.5403038263320923
2000,9,222.22222222222223,1,84000,990,1.375,0.5111209154129028
2000,9,222.22222222222223,1,84000,1020,1.4166666666666667,0.4911629259586334
2000,9,222.22222222222223,1,84000,1050,1.4583333333333333,0.4403836727142334
2000,9,222.22222222222223,1,84000,1080,1.5,0.4090701639652252
2000,9,222.22222222222223,1,84000,1110,1.5416666666666667,0.4151706397533417
2000,9,222.22222222222223,1,84000,1140,1.5833333333333333,0.31997740268707275
2000,9,222.22222222222223,1,84000,1170,1.625,0.32122838497161865
2000,9,222.22222222222223,1,84000,1200,1.6666666666666667,0.3286515474319458
2000,9,222.22222222222223,1,84000,1230,1.7083333333333333,0.3278416395187378
2000,9,222.22222222222223,1,84000,1260,1.75,0.3283803164958954
2000,9,222.22222222222223,1,84000,1290,1.7916666666666667,0.34309887886047363
2000,9,222.22222222222223,1,84000,1320,1.8333333333333333,0.34383291006088257
2000,9,222.22222222222223,1,84000,1350,1.875,0.34314361214637756
2000,9,222.22222222222223,1,84000,1380,1.9166666666666667,0.31345313787460327
2000,9,222.22222222222223,1,84000,1410,1.9583333333333333,0.31201738119125366
2000,9,222.22222222222223,1,84000,1440,2.0,0.3114381432533264
2000,9,222.22222222222223,1,84000,1470,2.0416666666666665,0.2917446196079254
2000,9,222.22222222222223,1,84000,1500,2.0833333333333335,0.24655872583389282
2000,9,222.22222222222223,1,84000,1530,2.125,0.25776034593582153
2000,9,222.22222222222223,1,84000,1560,2.1666666666666665,0.27996721863746643
2000,9,222.22222222222223,1,84000,1590,2.2083333333333335,0.2526760697364807
2000,9,222.22222222222223,1,84000,1620,2.25,0.256679892539978
2000,9,222.22222222222223,1,84000,1650,2.2916666666666665,0.18868988752365112
2000,9,222.22222222222223,1,84000,1680,2.3333333333333335,0.21502947807312012
2000,9,222.22222222222223,1,84000,1710,2.375,0.2125905454158783
2000,9,222.22222222222223,1,84000,1740,2.4166666666666665,0.20992355048656464
2000,9,222.22222222222223,1,84000,1770,2.4583333333333335,0.2222602218389511
2000,9,222.22222222222223,1,84000,1800,2.5,0.1857273131608963
2000,9,222.22222222222223,1,84000,1830,2.5416666666666665,0.2123095989227295
2000,9,222.22222222222223,1,84000,1860,2.5833333333333335,0.22294186055660248
2000,9,222.22222222222223,1,84000,1890,2.625,0.21906530857086182
2000,9,222.22222222222223,1,84000,1920,2.6666666666666665,0.21317224204540253
2000,9,222.22222222222223,1,84000,1950,2.7083333333333335,0.188628688454628
2000,9,222.22222222222223,1,84000,1980,2.75,0.21564731001853943
2000,9,222.22222222222223,1,84000,2010,2.7916666666666665,0.1881503015756607
2000,9,222.22222222222223,1,84000,2040,2.8333333333333335,0.21260394155979156
2000,9,222.22222222222223,1,84000,2070,2.875,0.21441906690597534
2000,9,222.22222222222223,1,84000,2100,2.9166666666666665,0.18691527843475342
2000,9,222.22222222222223,1,84000,2130,2.9583333333333335,0.20978491008281708
2000,9,222.22222222222223,1,84000,2160,3.0,0.18847376108169556
2000,9,222.22222222222223,1,84000,2190,3.0416666666666665,0.20567317306995392
2000,9,222.22222222222223,1,84000,2220,3.0833333333333335,0.21779093146324158
2000,9,222.22222222222223,1,84000,2250,3.125,0.20912210643291473
2000,9,222.22222222222223,1,84000,2280,3.1666666666666665,0.19288505613803864
2000,9,222.22222222222223,1,84000,2310,3.2083333333333335,0.201602503657341
2000,9,222.22222222222223,1,84000,2340,3.25,0.20622770488262177
2000,9,222.22222222222223,1,84000,2370,3.2916666666666665,0.20698629319667816
2000,9,222.22222222222223,1,84000,2400,3.3333333333333335,0.21521446108818054
2000,9,222.22222222222223,1,84000,2430,3.375,0.216403990983963
2000,9,222.22222222222223,1,84000,2460,3.4166666666666665,0.2029309868812561
2000,9,222.22222222222223,1,84000,2490,3.4583333333333335,0.19032706320285797
2000,9,222.22222222222223,1,84000,2520,3.5,0.1881185621023178
2000,9,222.22222222222223,1,84000,2550,3.5416666666666665,0.21105872094631195
2000,9,222.22222222222223,1,84000,2580,3.5833333333333335,0.21228644251823425
2000,9,222.22222222222223,1,84000,2610,3.625,0.21335256099700928
2000,9,222.22222222222223,1,84000,2640,3.6666666666666665,0.19575801491737366
2000,9,222.22222222222223,1,84000,2670,3.7083333333333335,0.20952145755290985
2000,9,222.22222222222223,1,84000,2700,3.75,0.19881001114845276
2000,9,222.22222222222223,1,84000,2730,3.7916666666666665,0.19047965109348297
2000,9,222.22222222222223,1,84000,2760,3.8333333333333335,0.21153563261032104
2000,9,222.22222222222223,1,84000,2790,3.875,0.19985772669315338
2000,9,222.22222222222223,1,84000,2820,3.9166666666666665,0.2015625238418579
2000,9,222.22222222222223,1,84000,2850,3.9583333333333335,0.1960100531578064
2000,9,222.22222222222223,1,84000,2880,4.0,0.20687896013259888
2000,9,222.22222222222223,1,84000,2910,4.041666666666667,0.19149835407733917
2000,9,222.22222222222223,1,84000,2940,4.083333333333333,0.20574721693992615
2000,9,222.22222222222223,1,84000,2970,4.125,0.19246713817119598
2000,9,222.22222222222223,1,84000,3000,4.166666666666667,0.20868338644504547
2000,9,222.22222222222223,1,84000,3030,4.208333333333333,0.20178179442882538
2000,9,222.22222222222223,1,84000,3060,4.25,0.2041681855916977
2000,9,222.22222222222223,1,84000,3090,4.291666666666667,0.2013903260231018
2000,9,222.22222222222223,1,84000,3120,4.333333333333333,0.18972264230251312
2000,9,222.22222222222223,1,84000,3150,4.375,0.19877594709396362
2000,9,222.22222222222223,1,84000,3180,4.416666666666667,0.18934433162212372
2000,9,222.22222222222223,1,84000,3210,4.458333333333333,0.2059652954339981
2000,9,222.22222222222223,1,84000,3240,4.5,0.20730331540107727
2000,9,222.22222222222223,1,84000,3270,4.541666666666667,0.1912492960691452
2000,9,222.22222222222223,1,84000,3300,4.583333333333333,0.18959033489227295
2000,9,222.22222222222223,1,84000,3330,4.625,0.18752916157245636
2000,9,222.22222222222223,1,84000,3360,4.666666666666667,0.19758588075637817
2000,9,222.22222222222223,1,84000,3390,4.708333333333333,0.2099558264017105
2000,9,222.22222222222223,1,84000,3420,4.75,0.19303037226200104
2000,9,222.22222222222223,1,84000,3450,4.791666666666667,0.1979386955499649
2000,9,222.22222222222223,1,84000,3480,4.833333333333333,0.19459682703018188
2000,9,222.22222222222223,1,84000,3510,4.875,0.19084222614765167
2000,9,222.22222222222223,1,84000,3540,4.916666666666667,0.21032747626304626
2000,9,222.22222222222223,1,84000,3570,4.958333333333333,0.19132378697395325
2000,9,222.22222222222223,1,84000,3600,5.0,0.20003074407577515
2000,9,222.22222222222223,2,84001,0,0.0,20.037609100341797
2000,9,222.22222222222223,2,84001,30,0.041666666666666664,17.77733612060547
2000,9,222.22222222222223,2,84001,60,0.08333333333333333,15.590764999389648
2000,9,222.22222222222223,2,84001,90,0.125,13.43451976776123
2000,9,222.22222222222223,2,84001,120,0.16666666666666666,11.327908515930176
2000,9,222.22222222222223,2,84001,150,0.20833333333333334,9.389431953430176
2000,9,222.22222222222223,2,84001,180,0.25,8.10427188873291
2000,9,222.22222222222223,2,84001,210,0.2916666666666667,7.4707489013671875
2000,9,222.22222222222223,2,84001,240,0.3333333333333333,6.803502082824707
2000,9,222.22222222222223,2,84001,270,0.375,6.249875068664551
2000,9,222.22222222222223,2,84001,300,0.4166666666666667,5.866170883178711
2000,9,222.22222222222223,2,84001,330,0.4583333333333333,5.368300914764404
2000,9,222.22222222222223,2,84001,360,0.5,4.840456962585449
2000,9,222.22222222222223,2,84001,390,0.5416666666666666,4.249406337738037
2000,9,222.22222222222223,2,84001,420,0.5833333333333334,3.586885690689087
2000,9,222.22222222222223,2,84001,450,0.625,2.824380874633789
2000,9,222.22222222222223,2,84001,480,0.6666666666666666,2.1547436714172363
2000,9,222.22222222222223,2,84001,510,0.7083333333333334,1.6116981506347656
2000,9,222.22222222222223,2,84001,540,0.75,1.2247709035873413
2000,9,222.22222222222223,2,84001,570,0.7916666666666666,0.9640357494354248
2000,9,222.22222222222223,2,84001,600,0.8333333333333334,0.8472153544425964
2000,9,222.22222222222223,2,84001,630,0.875,0.8015913367271423
2000,9,222.22222222222223,2,84001,660,0.9166666666666666,0.7464970946311951
2000,9,222.22222222222223,2,84001,690,0.9583333333333334,0.7337678074836731
2000,9,222.22222222222223,2,84001,720,1.0,0.6893315315246582
2000,9,222.22222222222223,2,84001,750,1.0416666666666667,0.6143699884414673
2000,9,222.22222222222223,2,84001,780,1.0833333333333333,0.4832722246646881
2000,9,222.22222222222223,2,84001,810,1.125,0.5140497088432312
2000,9,222.22222222222223,2,84001,840,1.1666666666666667,0.5103281140327454
2000,9,222.22222222222223,2,84001,870,1.2083333333333333,0.4962674379348755
2000,9,222.22222222222223,2,84001,900,1.25,0.5343124866485596
2000,9,222.22222222222223,2,84001,930,1.2916666666666667,0.5173156261444092
2000,9,222.22222222222223,2,84001,960,1.3333333333333333,0.39556941390037537
2000,9,222.22222222222223,2,84001,990,1.375,0.4142759442329407
2000,9,222.22222222222223,2,84001,1020,1.4166666666666667,0.35296422243118286
2000,9,222.22222222222223,2,84001,1050,1.4583333333333333,0.3415168225765228
2000,9,222.22222222222223,2,84001,1080,1.5,0.3366432785987854
2000,9,222.22222222222223,2,84001,1110,1.5416666666666667,0.3321398198604584
2000,9,222.22222222222223,2,84001,1140,1.5833333333333333,0.28177183866500854
2000,9,222.22222222222223,2,84001,1170,1.625,0.2891314625740051
2000,9,222.22222222222223,2,84001,1200,1.6666666666666667,0.21096841990947723
2000,9,222.22222222222223,2,84001,1230,1.7083333333333333,0.23048453032970428
2000,9,222.22222222222223,2,84001,1260,1.75,0.23102501034736633
2000,9,222.22222222222223,2,84001,1290,1.7916666666666667,0.23298560082912445
2000,9,222.22222222222223,2,84001,1320,1.8333333333333333,0.21117784082889557
2000,9,222.22222222222223,2,84001,1350,1.875,0.2000243067741394
2000,9,222.22222222222223,2,84001,1380,1.9166666666666667,0.20531029999256134
2000,9,222.22222222222223,2,84001,1410,1.9583333333333333,0.203721284866333
2000,9,222.22222222222223,2,84001,1440,2.0,0.1864059716463089
2000,9,222.22222222222223,2,84001,1470,2.0416666666666665,0.19693505764007568
2000,9,222.22222222222223,2,84001,1500,2.0833333333333335,0.18572121858596802
2000,9,222.22222222222223,2,84001,1530,2.125,0.185918390750885
2000,9,222.22222222222223,2,84001,1560,2.1666666666666665,0.1862107813358307
2000,9,222.22222222222223,2,84001,1590,2.2083333333333335,0.2004222720861435
2000,9,222.22222222222223,2,84001,1620,2.25,0.20062293112277985
2000,9,222.22222222222223,2,84001,1650,2.2916666666666665,0.20031405985355377
2000,9,222.22222222222223,2,84001,1680,2.3333333333333335,0.14753930270671844
2000,9,222.22222222222223,2,84001,1710,2.375,0.17723652720451355
2000,9,222.22222222222223,2,84001,1740,2.4166666666666665,0.1717578023672104
2000,9,222.22222222222223,2,84001,1770,2.4583333333333335,0.1807340830564499
2000,9,222.22222222222223,2,84001,1800,2.5,0.17638756334781647
2000,9,222.22222222222223,2,84001,1830,2.5416666666666665,0.1797727793455124
2000,9,222.22222222222223,2,84001,1860,2.5833333333333335,0.1547863632440567
2000,9,222.22222222222223,2,84001,1890,2.625,0.17088419198989868
2000,9,222.22222222222223,2,84001,1920,2.6666666666666665,0.18242986500263214
2000,9,222.22222222222223,2,84001,1950,2.7083333333333335,0.1671978384256363
2000,9,222.22222222222223,2,84001,1980,2.75,0.17900632321834564
2000,9,222.22222222222223,2,84001,2010,2.7916666666666665,0.17946186661720276
2000,9,222.22222222222223,2,84001,2040,2.8333333333333335,0.1697913259267807
2000,9,222.22222222222223,2,84001,2070,2.875,0.17510637640953064
2000,9,222.22222222222223,2,84001,2100,2.9166666666666665,0.16539841890335083
2000,9,222.22222222222223,2,84001,2130,2.9583333333333335,0.1782972514629364
2000,9,222.22222222222223,2,84001,2160,3.0,0.17924228310585022
2000,9,222.22222222222223,2,84001,2190,3.0416666666666665,0.1697900891304016
2000,9,222.22222222222223,2,84001,2220,3.0833333333333335,0.167687326669693
2000,9,222.22222222222223,2,84001,2250,3.125,0.16998445987701416
2000,9,222.22222222222223,2,84001,2280,3.1666666666666665,0.17077144980430603
2000,9,222.22222222222223,2,84001,2310,3.2083333333333335,0.17139749228954315
2000,9,222.22222222222223,2,84001,2340,3.25,0.17623084783554077
2000,9,222.22222222222223,2,84001,2370,3.2916666666666665,0.16823039948940277
2000,9,222.22222222222223,2,84001,2400,3.3333333333333335,0.1649831235408783
2000,9,222.22222222222223,2,84001,2430,3.375,0.16289164125919342
2000,9,222.22222222222223,2,84001,2460,3.4166666666666665,0.17444823682308197
2000,9,222.22222222222223,2,84001,2490,3.4583333333333335,0.16733019053936005
2000,9,222.22222222222223,2,84001,2520,3.5,0.17470841109752655
2000,9,222.22222222222223,2,84001,2550,3.5416666666666665,0.16072586178779602
2000,9,222.22222222222223,2,84001,2580,3.5833333333333335,0.16644039750099182
2000,9,222.22222222222223,2,84001,2610,3.625,0.1694960594177246
2000,9,222.22222222222223,2,84001,2640,3.6666666666666665,0.1623365879058838
2000,9,222.22222222222223,2,84001,2670,3.7083333333333335,0.16162210702896118
2000,9,222.22222222222223,2,84001,2700,3.75,0.17026129364967346
2000,9,222.22222222222223,2,84001,2730,3.7916666666666665,0.17398589849472046
2000,9,222.22222222222223,2,84001,2760,3.8333333333333335,0.15910667181015015
2000,9,222.22222222222223,2,84001,2790,3.875,0.173152357339859
2000,9,222.22222222222223,2,84001,2820,3.9166666666666665,0.13980402052402496
2000,9,222.22222222222223,2,84001,2850,3.9583333333333335,0.16298046708106995
2000,9,222.22222222222223,2,84001,2880,4.0,0.17155936360359192
2000,9,222.22222222222223,2,84001,2910,4.041666666666667,0.1723417341709137
2000,9,222.22222222222223,2,84001,2940,4.083333333333333,0.1659732311964035
2000,9,222.22222222222223,2,84001,2970,4.125,0.1581794023513794
2000,9,222.22222222222223,2,84001,3000,4.166666666666667,0.17273060977458954
2000,9,222.22222222222223,2,84001,3030,4.208333333333333,0.15039868652820587
2000,9,222.22222222222223,2,84001,3060,4.25,0.16660837829113007
2000,9,222.22222222222223,2,84001,3090,4.291666666666667,0.1616547554731369
2000,9,222.22222222222223,2,84001,3120,4.333333333333333,0.16312643885612488
2000,9,222.22222222222223,2,84001,3150,4.375,0.16342014074325562
2000,9,222.22222222222223,2,84001,3180,4.416666666666667,0.15915893018245697
2000,9,222.22222222222223,2,84001,3210,4.458333333333333,0.17114365100860596
2000,9,222.22222222222223,2,84001,3240,4.5,0.14060185849666595
2000,9,222.22222222222223,2,84001,3270,4.541666666666667,0.16060960292816162
2000,9,222.22222222222223,2,84001,3300,4.583333333333333,0.1711156666278839
2000,9,222.22222222222223,2,84001,3330,4.625,0.15339991450309753
2000,9,222.22222222222223,2,84001,3360,4.666666666666667,0.17120549082756042
2000,9,222.22222222222223,2,84001,3390,4.708333333333333,0.15760566294193268
2000,9,222.22222222222223,2,84001,3420,4.75,0.17162494361400604
2000,9,222.22222222222223,2,84001,3450,4.791666666666667,0.1584041714668274
2000,9,222.22222222222223,2,84001,3480,4.833333333333333,0.16609983146190643
2000,9,222.22222222222223,2,84001,3510,4.875,0.1658378541469574
2000,9,222.22222222222223,2,84001,3540,4.916666666666667,0.16786053776741028
2000,9,222.22222222222223,2,84001,3570,4.958333333333333,0.16841471195220947
2000,9,222.22222222222223,2,84001,3600,5.0,0.17138800024986267
2000,9,222.22222222222223,3,84001,0,0.0,19.870628356933594
2000,9,222.22222222222223,3,84001,30,0.041666666666666664,17.730852127075195
2000,9,222.22222222222223,3,84001,60,0.08333333333333333,15.7211332321167
2000,9,222.22222222222223,3,84001,90,0.125,13.465641021728516
2000,9,222.22222222222223,3,84001,120,0.16666666666666666,11.3666410446167
2000,9,222.22222222222223,3,84001,150,0.20833333333333334,9.439534187316895
2000,9,222.22222222222223,3,84001,180,0.25,8.127305030822754
2000,9,222.22222222222223,3,84001,210,0.2916666666666667,7.425948143005371
2000,9,222.22222222222223,3,84001,240,0.3333333333333333,6.927841663360596
2000,9,222.22222222222223,3,84001,270,0.375,6.574006080627441
2000,9,222.22222222222223,3,84001,300,0.4166666666666667,5.996453285217285
2000,9,222.22222222222223,3,84001,330,0.4583333333333333,5.5076751708984375
2000,9,222.22222222222223,3,84001,360,0.5,5.080808162689209
2000,9,222.22222222222223,3,84001,390,0.5416666666666666,4.433780193328857
2000,9,222.22222222222223,3,84001,420,0.5833333333333334,3.710293769836426
2000,9,222.22222222222223,3,84001,450,0.625,2.873192310333252
2000,9,222.22222222222223,3,84001,480,0.6666666666666666,2.172422409057617
2000,9,222.22222222222223,3,84001,510,0.7083333333333334,1.8190959692001343
2000,9,222.22222222222223,3,84001,540,0.75,1.3278899192810059
2000,9,222.22222222222223,3,84001,570,0.7916666666666666,1.1055494546890259
2000,9,222.22222222222223,3,84001,600,0.8333333333333334,1.0799490213394165
2000,9,222.22222222222223,3,84001,630,0.875,0.7968432903289795
2000,9,222.22222222222223,3,84001,660,0.9166666666666666,0.7290160059928894
2000,9,222.22222222222223,3,84001,690,0.9583333333333334,0.6696534156799316
2000,9,222.22222222222223,3,84001,720,1.0,0.692855179309845
2000,9,222.22222222222223,3,84001,750,1.0416666666666667,0.6984214186668396
2000,9,222.22222222222223,3,84001,780,1.0833333333333333,0.6201101541519165
2000,9,222.22222222222223,3,84001,810,1.125,0.5647935271263123
2000,9,222.22222222222223,3,84001,840,1.1666666666666667,0.5566353797912598
2000,9,222.22222222222223,3,84001,870,1.2083333333333333,0.5140887498855591
2000,9,222.22222222222223,3,84001,900,1.25,0.4301736652851105
2000,9,222.22222222222223,3,84001,930,1.2916666666666667,0.4466470777988434
2000,9,222.22222222222223,3,84001,960,1.3333333333333333,0.3183678984642029
2000,9,222.22222222222223,3,84001,990,1.375,0.2805144190788269
2000,9,222.22222222222223,3,84001,1020,1.4166666666666667,0.25798866152763367
2000,9,222.22222222222223,3,84001,1050,1.4583333333333333,0.2549552917480469
2000,9,222.22222222222223,3,84001,1080,1.5,0.26803332567214966
2000,9,222.22222222222223,3,84001,1110,1.5416666666666667,0.2636922299861908
2000,9,222.22222222222223,3,84001,1140,1.5833333333333333,0.2573281228542328
2000,9,222.22222222222223,3,84001,1170,1.625,0.25246527791023254
2000,9,222.22222222222223,3,84001,1200,1.6666666666666667,0.2477174699306488
2000,9,222.22222222222223,3,84001,1230,1.7083333333333333,0.24212007224559784
2000,9,222.22222222222223,3,84001,1260,1.75,0.23980595171451569
2000,9,222.22222222222223,3,84001,1290,1.7916666666666667,0.23643256723880768
2000,9,222.22222222222223,3,84001,1320,1.8333333333333333,0.2340313345193863
2000,9,222.22222222222223,3,84001,1350,1.875,0.22537650167942047
2000,9,222.22222222222223,3,84001,1380,1.9166666666666667,0.22630718350410461
2000,9,222.22222222222223,3,84001,1410,1.9583333333333333,0.22475165128707886
2000,9,222.22222222222223,3,84001,1440,2.0,0.21154077351093292
2000,9,222.22222222222223,3,84001,1470,2.0416666666666665,0.21223653852939606
2000,9,222.22222222222223,3,84001,1500,2.0833333333333335,0.21910631656646729
2000,9,222.22222222222223,3,84001,1530,2.125,0.19223998486995697
2000,9,222.22222222222223,3,84001,1560,2.1666666666666665,0.1574801206588745
2000,9,222.22222222222223,3,84001,1590,2.2083333333333335,0.15633751451969147
2000,9,222.22222222222223,3,84001,1620,2.25,0.15157070755958557
2000,9,222.22222222222223,3,84001,1650,2.2916666666666665,0.15506033599376678
2000,9,222.22222222222223,3,84001,1680,2.3333333333333335,0.15497390925884247
2000,9,222.22222222222223,3,84001,1710,2.375,0.13589666783809662
2000,9,222.22222222222223,3,84001,1740,2.4166666666666665,0.15031829476356506
2000,9,222.22222222222223,3,84001,1770,2.4583333333333335,0.1502460390329361
2000,9,222.22222222222223,3,84001,1800,2.5,0.14819201827049255
2000,9,222.22222222222223,3,84001,1830,2.5416666666666665,0.15684662759304047
2000,9,222.22222222222223,3,84001,1860,2.5833333333333335,0.14950548112392426
2000,9,222.22222222222223,3,84001,1890,2.625,0.13831546902656555
2000,9,222.22222222222223,3,84001,1920,2.6666666666666665,0.15418924391269684
2000,9,222.22222222222223,3,84001,1950,2.7083333333333335,0.14799322187900543
2000,9,222.22222222222223,3,84001,1980,2.75,0.1509949117898941
2000,9,222.22222222222223,3,84001,2010,2.7916666666666665,0.13216593861579895
2000,9,222.22222222222223,3,84001,2040,2.8333333333333335,0.14926837384700775
2000,9,222.22222222222223,3,84001,2070,2.875,0.14912062883377075
2000,9,222.22222222222223,3,84001,2100,2.9166666666666665,0.14708979427814484
2000,9,222.22222222222223,3,84001,2130,2.9583333333333335,0.14245948195457458
2000,9,222.22222222222223,3,84001,2160,3.0,0.1467922031879425
2000,9,222.22222222222223,3,84001,2190,3.0416666666666665,0.1399053931236267
2000,9,222.22222222222223,3,84001,2220,3.0833333333333335,0.14979223906993866
2000,9,222.22222222222223,3,84001,2250,3.125,0.1378375142812729
2000,9,222.22222222222223,3,84001,2280,3.1666666666666665,0.1490960717201233
2000,9,222.22222222222223,3,84001,2310,3.2083333333333335,0.1384909600019455
2000,9,222.22222222222223,3,84001,2340,3.25,0.1419685333967209
2000,9,222.22222222222223,3,84001,2370,3.2916666666666665,0.14899060130119324
2000,9,222.22222222222223,3,84001,2400,3.3333333333333335,0.13610635697841644
2000,9,222.22222222222223,3,84001,2430,3.375,0.14744101464748383
2000,9,222.22222222222223,3,84001,2460,3.4166666666666665,0.14828148484230042
2000,9,222.22222222222223,3,84001,2490,3.4583333333333335,0.12394122034311295
2000,9,222.22222222222223,3,84001,2520,3.5,0.13261069357395172
2000,9,222.22222222222223,3,84001,2550,3.5416666666666665,0.14571943879127502
2000,9,222.22222222222223,3,84001,2580,3.5833333333333335,0.14650030434131622
2000,9,222.22222222222223,3,84001,2610,3.625,0.13447289168834686
2000,9,222.22222222222223,3,84001,2640,3.6666666666666665,0.13343699276447296
2000,9,222.22222222222223,3,84001,2670,3.7083333333333335,0.13726916909217834
2000,9,222.22222222222223,3,84001,2700,3.75,0.13987448811531067
2000,9,222.22222222222223,3,84001,2730,3.7916666666666665,0.146211639046669
2000,9,222.22222222222223,3,84001,2760,3.8333333333333335,0.14673535525798798
2000,9,222.22222222222223,3,84001,2790,3.875,0.1470205932855606
2000,9,222.22222222222223,3,84001,2820,3.9166666666666665,0.1249983087182045
2000,9,222.22222222222223,3,84001,2850,3.9583333333333335,0.14486822485923767
2000,9,222.22222222222223,3,84001,2880,4.0,0.1466619223356247
2000,9,222.22222222222223,3,84001,2910,4.041666666666667,0.14213234186172485
2000,9,222.22222222222223,3,84001,2940,4.083333333333333,0.13416500389575958
2000,9,222.22222222222223,3,84001,2970,4.125,0.14460565149784088
2000,9,222.22222222222223,3,84001,3000,4.166666666666667,0.1339661031961441
2000,9,222.22222222222223,3,84001,3030,4.208333333333333,0.14438700675964355
2000,9,222.22222222222223,3,84001,3060,4.25,0.1448269635438919
2000,9,222.22222222222223,3,84001,3090,4.291666666666667,0.1409471035003662
2000,9,222.22222222222223,3,84001,3120,4.333333333333333,0.12671908736228943
2000,9,222.22222222222223,3,84001,3150,4.375,0.1434907764196396
2000,9,222.22222222222223,3,84001,3180,4.416666666666667,0.1401526927947998
2000,9,222.22222222222223,3,84001,3210,4.458333333333333,0.14362746477127075
2000,9,222.22222222222223,3,84001,3240,4.5,0.1441909521818161
2000,9,222.22222222222223,3,84001,3270,4.541666666666667,0.12584152817726135
2000,9,222.22222222222223,3,84001,3300,4.583333333333333,0.13607531785964966
2000,9,222.22222222222223,3,84001,3330,4.625,0.14446130394935608
2000,9,222.22222222222223,3,84001,3360,4.666666666666667,0.14497530460357666
2000,9,222.22222222222223,3,84001,3390,4.708333333333333,0.14557018876075745
2000,9,222.22222222222223,3,84001,3420,4.75,0.14618338644504547
2000,9,222.22222222222223,3,84001,3450,4.791666666666667,0.1428656131029129
2000,9,222.22222222222223,3,84001,3480,4.833333333333333,0.12980195879936218
2000,9,222.22222222222223,3,84001,3510,4.875,0.1382170170545578
2000,9,222.22222222222223,3,84001,3540,4.916666666666667,0.14315949380397797
2000,9,222.22222222222223,3,84001,3570,4.958333333333333,0.1366697996854782
2000,9,222.22222222222223,3,84001,3600,5.0,0.14348788559436798
20000,48,416.6666666666667,0,84000,0,0.0,19.948650360107422
20000,48,416.6666666666667,0,84000,30,0.041666666666666664,19.067508697509766
20000,48,416.6666666666667,0,84000,60,0.08333333333333333,18.194072723388672
20000,48,416.6666666666667,0,84000,90,0.125,17.126110076904297
20000,48,416.6666666666667,0,84000,120,0.16666666666666666,15.919096946716309
20000,48,416.6666666666667,0,84000,150,0.20833333333333334,14.785053253173828
20000,48,416.6666666666667,0,84000,180,0.25,14.197198867797852
20000,48,416.6666666666667,0,84000,210,0.2916666666666667,14.800697326660156
20000,48,416.6666666666667,0,84000,240,0.3333333333333333,16.047231674194336
20000,48,416.6666666666667,0,84000,270,0.375,17.1853084564209
20000,48,416.6666666666667,0,84000,300,0.4166666666666667,18.012048721313477
20000,48,416.6666666666667,0,84000,330,0.4583333333333333,18.383392333984375
20000,48,416.6666666666667,0,84000,360,0.5,18.43247413635254
20000,48,416.6666666666667,0,84000,390,0.5416666666666666,18.125890731811523
20000,48,416.6666666666667,0,84000,420,0.5833333333333334,17.47060203552246
20000,48,416.6666666666667,0,84000,450,0.625,16.538610458374023
20000,48,416.6666666666667,0,84000,480,0.6666666666666666,15.655506134033203
20000,48,416.6666666666667,0,84000,510,0.7083333333333334,15.97948169708252
20000,48,416.6666666666667,0,84000,540,0.75,16.784400939941406
20000,48,416.6666666666667,0,84000,570,0.7916666666666666,17.481876373291016
20000,48,416.6666666666667,0,84000,600,0.8333333333333334,18.010202407836914
20000,48,416.6666666666667,0,84000,630,0.875,18.23011016845703
20000,48,416.6666666666667,0,84000,660,0.9166666666666666,18.094989776611328
20000,48,416.6666666666667,0,84000,690,0.9583333333333334,17.577367782592773
20000,48,416.6666666666667,0,84000,720,1.0,16.41453742980957
20000,48,416.6666666666667,0,84000,750,1.0416666666666667,14.855412483215332
20000,48,416.6666666666667,0,84000,780,1.0833333333333333,12.903887748718262
20000,48,416.6666666666667,0,84000,810,1.125,10.82349681854248
20000,48,416.6666666666667,0,84000,840,1.1666666666666667,8.883028030395508
20000,48,416.6666666666667,0,84000,870,1.2083333333333333,7.022498607635498
20000,48,416.6666666666667,0,84000,900,1.25,4.963204860687256
20000,48,416.6666666666667,0,84000,930,1.2916666666666667,3.0254523754119873
20000,48,416.6666666666667,0,84000,960,1.3333333333333333,1.884839653968811
20000,48,416.6666666666667,0,84000,990,1.375,1.6712621450424194
20000,48,416.6666666666667,0,84000,1020,1.4166666666666667,1.757014274597168
20000,48,416.6666666666667,0,84000,1050,1.4583333333333333,1.794119119644165
20000,48,416.6666666666667,0,84000,1080,1.5,1.802178144454956
20000,48,416.6666666666667,0,84000,1110,1.5416666666666667,1.7939969301223755
20000,48,416.6666666666667,0,84000,1140,1.5833333333333333,1.7202115058898926
20000,48,416.6666666666667,0,84000,1170,1.625,1.633594274520874
20000,48,416.6666666666667,0,84000,1200,1.6666666666666667,1.5011591911315918
20000,48,416.6666666666667,0,84000,1230,1.7083333333333333,1.3605186939239502
20000,48,416.6666666666667,0,84000,1260,1.75,1.3386343717575073
20000,48,416.6666666666667,0,84000,1290,1.7916666666666667,1.3192535638809204
20000,48,416.6666666666667,0,84000,1320,1.8333333333333333,1.265822410583496
20000,48,416.6666666666667,0,84000,1350,1.875,1.0799862146377563
20000,48,416.6666666666667,0,84000,1380,1.9166666666666667,0.951848030090332
20000,48,416.6666666666667,0,84000,1410,1.9583333333333333,0.8346294164657593
20000,48,416.6666666666667,0,84000,1440,2.0,0.9135251045227051
20000,48,416.6666666666667,0,84000,1470,2.0416666666666665,0.9406766891479492
20000,48,416.6666666666667,0,84000,1500,2.0833333333333335,0.9478124976158142
20000,48,416.6666666666667,0,84000,1530,2.125,0.9579793214797974
20000,48,416.6666666666667,0,84000,1560,2.1666666666666665,0.9676588177680969
20000,48,416.6666666666667,0,84000,1590,2.2083333333333335,0.9741213917732239
20000,48,416.6666666666667,0,84000,1620,2.25,0.976733386516571
20000,48,416.6666666666667,0,84000,1650,2.2916666666666665,0.9799128174781799
20000,48,416.6666666666667,0,84000,1680,2.3333333333333335,0.9823770523071289
20000,48,416.6666666666667,0,84000,1710,2.375,1.0010257959365845
20000,48,416.6666666666667,0,84000,1740,2.4166666666666665,1.0189327001571655
20000,48,416.6666666666667,0,84000,1770,2.4583333333333335,1.0208630561828613
20000,48,416.6666666666667,0,84000,1800,2.5,0.9834937453269958
20000,48,416.6666666666667,0,84000,1830,2.5416666666666665,0.9181097745895386
20000,48,416.6666666666667,0,84000,1860,2.5833333333333335,0.8599537014961243
20000,48,416.6666666666667,0,84000,1890,2.625,0.8527716994285583
20000,48,416.6666666666667,0,84000,1920,2.6666666666666665,0.9422667026519775
20000,48,416.6666666666667,0,84000,1950,2.7083333333333335,0.9585028290748596
20000,48,416.6666666666667,0,84000,1980,2.75,0.966971755027771
20000,48,416.6666666666667,0,84000,2010,2.7916666666666665,0.975338876247406
20000,48,416.6666666666667,0,84000,2040,2.8333333333333335,0.9823598861694336
20000,48,416.6666666666667,0,84000,2070,2.875,0.9819871187210083
20000,48,416.6666666666667,0,84000,2100,2.9166666666666665,0.9718884825706482
20000,48,416.6666666666667,0,84000,2130,2.9583333333333335,0.964122474193573
20000,48,416.6666666666667,0,84000,2160,3.0,0.9647923707962036
20000,48,416.6666666666667,0,84000,2190,3.0416666666666665,0.9791790246963501
20000,48,416.6666666666667,0,84000,2220,3.0833333333333335,0.9884646534919739
20000,48,416.6666666666667,0,84000,2250,3.125,0.9858527183532715
20000,48,416.6666666666667,0,84000,2280,3.1666666666666665,0.9411333799362183
20000,48,416.6666666666667,0,84000,2310,3.2083333333333335,0.8728187680244446
20000,48,416.6666666666667,0,84000,2340,3.25,0.798923134803772
20000,48,416.6666666666667,0,84000,2370,3.2916666666666665,0.8087905049324036
20000,48,416.6666666666667,0,84000,2400,3.3333333333333335,0.9031257033348083
20000,48,416.6666666666667,0,84000,2430,3.375,0.9156138896942139
20000,48,416.6666666666667,0,84000,2460,3.4166666666666665,0.9245656132698059
20000,48,416.6666666666667,0,84000,2490,3.4583333333333335,0.9337133765220642
20000,48,416.6666666666667,0,84000,2520,3.5,0.9404905438423157
20000,48,416.6666666666667,0,84000,2550,3.5416666666666665,0.9413031935691833
20000,48,416.6666666666667,0,84000,2580,3.5833333333333335,0.9397448301315308
20000,48,416.6666666666667,0,84000,2610,3.625,0.9365711212158203
20000,48,416.6666666666667,0,84000,2640,3.6666666666666665,0.946397066116333
20000,48,416.6666666666667,0,84000,2670,3.7083333333333335,0.9602194428443909
20000,48,416.6666666666667,0,84000,2700,3.75,0.9772207140922546
20000,48,416.6666666666667,0,84000,2730,3.7916666666666665,0.9585617184638977
20000,48,416.6666666666667,0,84000,2760,3.8333333333333335,0.9198945164680481
20000,48,416.6666666666667,0,84000,2790,3.875,0.8796414136886597
20000,48,416.6666666666667,0,84000,2820,3.9166666666666665,0.8056895732879639
20000,48,416.6666666666667,0,84000,2850,3.9583333333333335,0.8261529207229614
20000,48,416.6666666666667,0,84000,2880,4.0,0.9085667729377747
20000,48,416.6666666666667,0,84000,2910,4.041666666666667,0.9207187294960022
20000,48,416.6666666666667,0,84000,2940,4.083333333333333,0.9296630024909973
20000,48,416.6666666666667,0,84000,2970,4.125,0.9386922121047974
20000,48,416.6666666666667,0,84000,3000,4.166666666666667,0.9454454183578491
20000,48,416.6666666666667,0,84000,3030,4.208333333333333,0.9400271773338318
20000,48,416.6666666666667,0,84000,3060,4.25,0.9458428621292114
20000,48,416.6666666666667,0,84000,3090,4.291666666666667,0.9335490465164185
20000,48,416.6666666666667,0,84000,3120,4.333333333333333,0.9469115138053894
20000,48,416.6666666666667,0,84000,3150,4.375,0.956627368927002
20000,48,416.6666666666667,0,84000,3180,4.416666666666667,0.9709643721580505
20000,48,416.6666666666667,0,84000,3210,4.458333333333333,0.9500240087509155
20000,48,416.6666666666667,0,84000,3240,4.5,0.9022625088691711
20000,48,416.6666666666667,0,84000,3270,4.541666666666667,0.8736733198165894
20000,48,416.6666666666667,0,84000,3300,4.583333333333333,0.8025534749031067
20000,48,416.6666666666667,0,84000,3330,4.625,0.8126150369644165
20000,48,416.6666666666667,0,84000,3360,4.666666666666667,0.9009892344474792
20000,48,416.6666666666667,0,84000,3390,4.708333333333333,0.913203239440918
20000,48,416.6666666666667,0,84000,3420,4.75,0.9225694537162781
20000,48,416.6666666666667,0,84000,3450,4.791666666666667,0.9316999316215515
20000,48,416.6666666666667,0,84000,3480,4.833333333333333,0.9352911114692688
20000,48,416.6666666666667,0,84000,3510,4.875,0.9318001866340637
20000,48,416.6666666666667,0,84000,3540,4.916666666666667,0.938934862613678
20000,48,416.6666666666667,0,84000,3570,4.958333333333333,0.9335291981697083
20000,48,416.6666666666667,0,84000,3600,5.0,0.9459989070892334
20000,48,416.6666666666667,1,84000,0,0.0,19.981426239013672
20000,48,416.6666666666667,1,84000,30,0.041666666666666664,19.068729400634766
20000,48,416.6666666666667,1,84000,60,0.08333333333333333,18.205991744995117
20000,48,416.6666666666667,1,84000,90,0.125,17.186399459838867
20000,48,416.6666666666667,1,84000,120,0.16666666666666666,15.908334732055664
20000,48,416.6666666666667,1,84000,150,0.20833333333333334,14.731837272644043
20000,48,416.6666666666667,1,84000,180,0.25,14.1239652633667
20000,48,416.6666666666667,1,84000,210,0.2916666666666667,14.730706214904785
20000,48,416.6666666666667,1,84000,240,0.3333333333333333,15.995954513549805
20000,48,416.6666666666667,1,84000,270,0.375,17.105628967285156
20000,48,416.6666666666667,1,84000,300,0.4166666666666667,17.879945755004883
20000,48,416.6666666666667,1,84000,330,0.4583333333333333,18.24876594543457
20000,48,416.6666666666667,1,84000,360,0.5,18.25530242919922
20000,48,416.6666666666667,1,84000,390,0.5416666666666666,17.935794830322266
20000,48,416.6666666666667,1,84000,420,0.5833333333333334,17.340660095214844
20000,48,416.6666666666667,1,84000,450,0.625,16.485137939453125
20000,48,416.6666666666667,1,84000,480,0.6666666666666666,15.691545486450195
20000,48,416.6666666666667,1,84000,510,0.7083333333333334,16.06718635559082
20000,48,416.6666666666667,1,84000,540,0.75,16.84442901611328
20000,48,416.6666666666667,1,84000,570,0.7916666666666666,17.561065673828125
20000,48,416.6666666666667,1,84000,600,0.8333333333333334,18.040199279785156
20000,48,416.6666666666667,1,84000,630,0.875,18.11861801147461
20000,48,416.6666666666667,1,84000,660,0.9166666666666666,17.888172149658203
20000,48,416.6666666666667,1,84000,690,0.9583333333333334,17.27911376953125
20000,48,416.6666666666667,1,84000,720,1.0,16.24468421936035
20000,48,416.6666666666667,1,84000,750,1.0416666666666667,14.657793998718262
20000,48,416.6666666666667,1,84000,780,1.0833333333333333,12.711831092834473
20000,48,416.6666666666667,1,84000,810,1.125,10.632699966430664
20000,48,416.6666666666667,1,84000,840,1.1666666666666667,8.707840919494629
20000,48,416.6666666666667,1,84000,870,1.2083333333333333,6.843765735626221
20000,48,416.6666666666667,1,84000,900,1.25,4.82878303527832
20000,48,416.6666666666667,1,84000,930,1.2916666666666667,3.004159450531006
20000,48,416.6666666666667,1,84000,960,1.3333333333333333,1.830796241760254
20000,48,416.6666666666667,1,84000,990,1.375,1.6829431056976318
20000,48,416.6666666666667,1,84000,1020,1.4166666666666667,1.7727445363998413
20000,48,416.6666666666667,1,84000,1050,1.4583333333333333,1.8065377473831177
20000,48,416.6666666666667,1,84000,1080,1.5,1.8158518075942993
20000,48,416.6666666666667,1,84000,1110,1.5416666666666667,1.8091875314712524
20000,48,416.6666666666667,1,84000,1140,1.5833333333333333,1.7183667421340942
20000,48,416.6666666666667,1,84000,1170,1.625,1.6218841075897217
20000,48,416.6666666666667,1,84000,1200,1.6666666666666667,1.4718161821365356
20000,48,416.6666666666667,1,84000,1230,1.7083333333333333,1.3270677328109741
20000,48,416.6666666666667,1,84000,1260,1.75,1.3125982284545898
20000,48,416.6666666666667,1,84000,1290,1.7916666666666667,1.2977747917175293
20000,48,416.6666666666667,1,84000,1320,1.8333333333333333,1.2442338466644287
20000,48,416.6666666666667,1,84000,1350,1.875,1.0955653190612793
20000,48,416.6666666666667,1,84000,1380,1.9166666666666667,0.9434856176376343
20000,48,416.6666666666667,1,84000,1410,1.9583333333333333,0.8419285416603088
20000,48,416.6666666666667,1,84000,1440,2.0,0.9289798140525818
20000,48,416.6666666666667,1,84000,1470,2.0416666666666665,0.9490460157394409
20000,48,416.6666666666667,1,84000,1500,2.0833333333333335,0.9578502178192139
20000,48,416.6666666666667,1,84000,1530,2.125,0.9679751992225647
20000,48,416.6666666666667,1,84000,1560,2.1666666666666665,0.9770928621292114
20000,48,416.6666666666667,1,84000,1590,2.2083333333333335,0.9827175736427307
20000,48,416.6666666666667,1,84000,1620,2.25,0.9811828136444092
20000,48,416.6666666666667,1,84000,1650,2.2916666666666665,0.9845096468925476
20000,48,416.6666666666667,1,84000,1680,2.3333333333333335,0.9789282083511353
20000,48,416.6666666666667,1,84000,1710,2.375,0.9951146245002747
20000,48,416.6666666666667,1,84000,1740,2.4166666666666665,1.0115824937820435
20000,48,416.6666666666667,1,84000,1770,2.4583333333333335,1.0071685314178467
20000,48,416.6666666666667,1,84000,1800,2.5,0.9693304896354675
20000,48,416.6666666666667,1,84000,1830,2.5416666666666665,0.9164402484893799
20000,48,416.6666666666667,1,84000,1860,2.5833333333333335,0.8507894277572632
20000,48,416.6666666666667,1,84000,1890,2.625,0.8384027481079102
20000,48,416.6666666666667,1,84000,1920,2.6666666666666665,0.9279003143310547
20000,48,416.6666666666667,1,84000,1950,2.7083333333333335,0.9448341727256775
20000,48,416.6666666666667,1,84000,1980,2.75,0.9532418251037598
20000,48,416.6666666666667,1,84000,2010,2.7916666666666665,0.9618517756462097
20000,48,416.6666666666667,1,84000,2040,2.8333333333333335,0.9698342084884644
20000,48,416.6666666666667,1,84000,2070,2.875,0.9619684815406799
20000,48,416.6666666666667,1,84000,2100,2.9166666666666665,0.9605246782302856
20000,48,416.6666666666667,1,84000,2130,2.9583333333333335,0.9573668837547302
20000,48,416.6666666666667,1,84000,2160,3.0,0.9410945177078247
20000,48,416.6666666666667,1,84000,2190,3.0416666666666665,0.9672736525535583
20000,48,416.6666666666667,1,84000,2220,3.0833333333333335,0.9754037857055664
20000,48,416.6666666666667,1,84000,2250,3.125,0.9703349471092224
20000,48,416.6666666666667,1,84000,2280,3.1666666666666665,0.9350579977035522
20000,48,416.6666666666667,1,84000,2310,3.2083333333333335,0.8728225827217102
20000,48,416.6666666666667,1,84000,2340,3.25,0.8108264207839966
20000,48,416.6666666666667,1,84000,2370,3.2916666666666665,0.8108699917793274
20000,48,416.6666666666667,1,84000,2400,3.3333333333333335,0.8984121084213257
20000,48,416.6666666666667,1,84000,2430,3.375,0.9103136658668518
20000,48,416.6666666666667,1,84000,2460,3.4166666666666665,0.919161319732666
20000,48,416.6666666666667,1,84000,2490,3.4583333333333335,0.9282441139221191
20000,48,416.6666666666667,1,84000,2520,3.5,0.932120680809021
20000,48,416.6666666666667,1,84000,2550,3.5416666666666665,0.9334707260131836
20000,48,416.6666666666667,1,84000,2580,3.5833333333333335,0.9315161108970642
20000,48,416.6666666666667,1,84000,2610,3.625,0.9274938702583313
20000,48,416.6666666666667,1,84000,2640,3.6666666666666665,0.9274724721908569
20000,48,416.6666666666667,1,84000,2670,3.7083333333333335,0.9562267661094666
20000,48,416.6666666666667,1,84000,2700,3.75,0.9639685750007629
20000,48,416.6666666666667,1,84000,2730,3.7916666666666665,0.9526021480560303
20000,48,416.6666666666667,1,84000,2760,3.8333333333333335,0.9214136004447937
20000,48,416.6666666666667,1,84000,2790,3.875,0.8603842854499817
20000,48,416.6666666666667,1,84000,2820,3.9166666666666665,0.8118539452552795
20000,48,416.6666666666667,1,84000,2850,3.9583333333333335,0.8156443238258362
20000,48,416.6666666666667,1,84000,2880,4.0,0.9003562331199646
20000,48,416.6666666666667,1,84000,2910,4.041666666666667,0.911796510219574
20000,48,416.6666666666667,1,84000,2940,4.083333333333333,0.9206503629684448
20000,48,416.6666666666667,1,84000,2970,4.125,0.9269410967826843
20000,48,416.6666666666667,1,84000,3000,4.166666666666667,0.9319924116134644
20000,48,416.6666666666667,1,84000,3030,4.208333333333333,0.9298034310340881
20000,48,416.6666666666667,1,84000,3060,4.25,0.9289703965187073
20000,48,416.6666666666667,1,84000,3090,4.291666666666667,0.9311810731887817
20000,48,416.6666666666667,1,84000,3120,4.333333333333333,0.9246587753295898
20000,48,416.6666666666667,1,84000,3150,4.375,0.9511837959289551
20000,48,416.6666666666667,1,84000,3180,4.416666666666667,0.9550210237503052
20000,48,416.6666666666667,1,84000,3210,4.458333333333333,0.9419963955879211
20000,48,416.6666666666667,1,84000,3240,4.5,0.899878740310669
20000,48,416.6666666666667,1,84000,3270,4.541666666666667,0.8437457084655762
20000,48,416.6666666666667,1,84000,3300,4.583333333333333,0.8092823028564453
20000,48,416.6666666666667,1,84000,3330,4.625,0.8143861293792725
20000,48,416.6666666666667,1,84000,3360,4.666666666666667,0.8963366150856018
20000,48,416.6666666666667,1,84000,3390,4.708333333333333,0.9061606526374817
20000,48,416.6666666666667,1,84000,3420,4.75,0.9153759479522705
20000,48,416.6666666666667,1,84000,3450,4.791666666666667,0.9209652543067932
20000,48,416.6666666666667,1,84000,3480,4.833333333333333,0.9274277091026306
20000,48,416.6666666666667,1,84000,3510,4.875,0.9249168038368225
20000,48,416.6666666666667,1,84000,3540,4.916666666666667,0.919145405292511
20000,48,416.6666666666667,1,84000,3570,4.958333333333333,0.9222164750099182
20000,48,416.6666666666667,1,84000,3600,5.0,0.9281083941459656
20000,48,416.6666666666667,2,84001,0,0.0,19.959041595458984
20000,48,416.6666666666667,2,84001,30,0.041666666666666664,18.98084831237793
20000,48,416.6666666666667,2,84001,60,0.08333333333333333,18.123247146606445
20000,48,416.6666666666667,2,84001,90,0.125,17.05023193359375
20000,48,416.6666666666667,2,84001,120,0.16666666666666666,15.831216812133789
20000,48,416.6666666666667,2,84001,150,0.20833333333333334,14.651653289794922
20000,48,416.6666666666667,2,84001,180,0.25,14.090536117553711
20000,48,416.6666666666667,2,84001,210,0.2916666666666667,14.702495574951172
20000,48,416.6666666666667,2,84001,240,0.3333333333333333,15.904176712036133
20000,48,416.6666666666667,2,84001,270,0.375,17.003053665161133
20000,48,416.6666666666667,2,84001,300,0.4166666666666667,17.764894485473633
20000,48,416.6666666666667,2,84001,330,0.4583333333333333,18.05322265625
20000,48,416.6666666666667,2,84001,360,0.5,18.011268615722656
20000,48,416.6666666666667,2,84001,390,0.5416666666666666,17.7560977935791
20000,48,416.6666666666667,2,84001,420,0.5833333333333334,17.135549545288086
20000,48,416.6666666666667,2,84001,450,0.625,16.322757720947266
20000,48,416.6666666666667,2,84001,480,0.6666666666666666,15.625232696533203
20000,48,416.6666666666667,2,84001,510,0.7083333333333334,15.959006309509277
20000,48,416.6666666666667,2,84001,540,0.75,16.731849670410156
20000,48,416.6666666666667,2,84001,570,0.7916666666666666,17.40605926513672
20000,48,416.6666666666667,2,84001,600,0.8333333333333334,17.871614456176758
20000,48,416.6666666666667,2,84001,630,0.875,17.985239028930664
20000,48,416.6666666666667,2,84001,660,0.9166666666666666,17.785621643066406
20000,48,416.6666666666667,2,84001,690,0.9583333333333334,17.192935943603516
20000,48,416.6666666666667,2,84001,720,1.0,16.090761184692383
20000,48,416.6666666666667,2,84001,750,1.0416666666666667,14.44575023651123
20000,48,416.6666666666667,2,84001,780,1.0833333333333333,12.517794609069824
20000,48,416.6666666666667,2,84001,810,1.125,10.474766731262207
20000,48,416.6666666666667,2,84001,840,1.1666666666666667,8.532275199890137
20000,48,416.6666666666667,2,84001,870,1.2083333333333333,6.633771896362305
20000,48,416.6666666666667,2,84001,900,1.25,4.744392395019531
20000,48,416.6666666666667,2,84001,930,1.2916666666666667,2.9087228775024414
20000,48,416.6666666666667,2,84001,960,1.3333333333333333,1.8024516105651855
20000,48,416.6666666666667,2,84001,990,1.375,1.6915078163146973
20000,48,416.6666666666667,2,84001,1020,1.4166666666666667,1.7939441204071045
20000,48,416.6666666666667,2,84001,1050,1.4583333333333333,1.8322898149490356
20000,48,416.6666666666667,2,84001,1080,1.5,1.840201735496521
20000,48,416.6666666666667,2,84001,1110,1.5416666666666667,1.841415286064148
20000,48,416.6666666666667,2,84001,1140,1.5833333333333333,1.7869956493377686
20000,48,416.6666666666667,2,84001,1170,1.625,1.6495964527130127
20000,48,416.6666666666667,2,84001,1200,1.6666666666666667,1.4730257987976074
20000,48,416.6666666666667,2,84001,1230,1.7083333333333333,1.3278073072433472
20000,48,416.6666666666667,2,84001,1260,1.75,1.255268931388855
20000,48,416.6666666666667,2,84001,1290,1.7916666666666667,1.2409884929656982
20000,48,416.6666666666667,2,84001,1320,1.8333333333333333,1.1874229907989502
20000,48,416.6666666666667,2,84001,1350,1.875,1.0950400829315186
20000,48,416.6666666666667,2,84001,1380,1.9166666666666667,0.9120838046073914
20000,48,416.6666666666667,2,84001,1410,1.9583333333333333,0.8276887536048889
20000,48,416.6666666666667,2,84001,1440,2.0,0.8941690325737
20000,48,416.6666666666667,2,84001,1470,2.0416666666666665,0.9190817475318909
20000,48,416.6666666666667,2,84001,1500,2.0833333333333335,0.9278454780578613
20000,48,416.6666666666667,2,84001,1530,2.125,0.9375178813934326
20000,48,416.6666666666667,2,84001,1560,2.1666666666666665,0.9463401436805725
20000,48,416.6666666666667,2,84001,1590,2.2083333333333335,0.9543653130531311
20000,48,416.6666666666667,2,84001,1620,2.25,0.9483933448791504
20000,48,416.6666666666667,2,84001,1650,2.2916666666666665,0.9428094625473022
20000,48,416.6666666666667,2,84001,1680,2.3333333333333335,0.9564640522003174
20000,48,416.6666666666667,2,84001,1710,2.375,0.9594818353652954
20000,48,416.6666666666667,2,84001,1740,2.4166666666666665,0.9744027256965637
20000,48,416.6666666666667,2,84001,1770,2.4583333333333335,0.9839194416999817
20000,48,416.6666666666667,2,84001,1800,2.5,0.9570159912109375
20000,48,416.6666666666667,2,84001,1830,2.5416666666666665,0.9222095608711243
20000,48,416.6666666666667,2,84001,1860,2.5833333333333335,0.8441466689109802
20000,48,416.6666666666667,2,84001,1890,2.625,0.8195353746414185
20000,48,416.6666666666667,2,84001,1920,2.6666666666666665,0.887582540512085
20000,48,416.6666666666667,2,84001,1950,2.7083333333333335,0.9212115406990051
20000,48,416.6666666666667,2,84001,1980,2.75,0.9292542934417725
20000,48,416.6666666666667,2,84001,2010,2.7916666666666665,0.9372419714927673
20000,48,416.6666666666667,2,84001,2040,2.8333333333333335,0.9455519318580627
20000,48,416.6666666666667,2,84001,2070,2.875,0.9498007893562317
20000,48,416.6666666666667,2,84001,2100,2.9166666666666665,0.9428002238273621
20000,48,416.6666666666667,2,84001,2130,2.9583333333333335,0.9266799092292786
20000,48,416.6666666666667,2,84001,2160,3.0,0.9227365255355835
20000,48,416.6666666666667,2,84001,2190,3.0416666666666665,0.9233395457267761
20000,48,416.6666666666667,2,84001,2220,3.0833333333333335,0.9361613988876343
20000,48,416.6666666666667,2,84001,2250,3.125,0.9421238303184509
20000,48,416.6666666666667,2,84001,2280,3.1666666666666665,0.9217956066131592
20000,48,416.6666666666667,2,84001,2310,3.2083333333333335,0.8890009522438049
20000,48,416.6666666666667,2,84001,2340,3.25,0.8128637075424194
20000,48,416.6666666666667,2,84001,2370,3.2916666666666665,0.7659236788749695
20000,48,416.6666666666667,2,84001,2400,3.3333333333333335,0.8469461798667908
20000,48,416.6666666666667,2,84001,2430,3.375,0.881441593170166
20000,48,416.6666666666667,2,84001,2460,3.4166666666666665,0.8898529410362244
20000,48,416.6666666666667,2,84001,2490,3.4583333333333335,0.8984947204589844
20000,48,416.6666666666667,2,84001,2520,3.5,0.9071364998817444
20000,48,416.6666666666667,2,84001,2550,3.5416666666666665,0.9093470573425293
20000,48,416.6666666666667,2,84001,2580,3.5833333333333335,0.9072072505950928
20000,48,416.6666666666667,2,84001,2610,3.625,0.9016222953796387
20000,48,416.6666666666667,2,84001,2640,3.6666666666666665,0.9003880620002747
20000,48,416.6666666666667,2,84001,2670,3.7083333333333335,0.903366208076477
20000,48,416.6666666666667,2,84001,2700,3.75,0.9285302758216858
20000,48,416.6666666666667,2,84001,2730,3.7916666666666665,0.9312717914581299
20000,48,416.6666666666667,2,84001,2760,3.8333333333333335,0.9069443345069885
20000,48,416.6666666666667,2,84001,2790,3.875,0.8548524379730225
20000,48,416.6666666666667,2,84001,2820,3.9166666666666665,0.8227942585945129
20000,48,416.6666666666667,2,84001,2850,3.9583333333333335,0.7782122492790222
20000,48,416.6666666666667,2,84001,2880,4.0,0.863419234752655
20000,48,416.6666666666667,2,84001,2910,4.041666666666667,0.883668065071106
20000,48,416.6666666666667,2,84001,2940,4.083333333333333,0.8922498822212219
20000,48,416.6666666666667,2,84001,2970,4.125,0.9007883667945862
20000,48,416.6666666666667,2,84001,3000,4.166666666666667,0.9093915820121765
20000,48,416.6666666666667,2,84001,3030,4.208333333333333,0.9077186584472656
20000,48,416.6666666666667,2,84001,3060,4.25,0.9001492261886597
20000,48,416.6666666666667,2,84001,3090,4.291666666666667,0.8958724737167358
20000,48,416.6666666666667,2,84001,3120,4.333333333333333,0.8972394466400146
20000,48,416.6666666666667,2,84001,3150,4.375,0.9004530310630798
20000,48,416.6666666666667,2,84001,3180,4.416666666666667,0.9195987582206726
20000,48,416.6666666666667,2,84001,3210,4.458333333333333,0.9219661951065063
20000,48,416.6666666666667,2,84001,3240,4.5,0.890679121017456
20000,48,416.6666666666667,2,84001,3270,4.541666666666667,0.835041880607605
20000,48,416.6666666666667,2,84001,3300,4.583333333333333,0.7956339716911316
20000,48,416.6666666666667,2,84001,3330,4.625,0.7706350088119507
20000,48,416.6666666666667,2,84001,3360,4.666666666666667,0.8681235313415527
20000,48,416.6666666666667,2,84001,3390,4.708333333333333,0.8805416822433472
20000,48,416.6666666666667,2,84001,3420,4.75,0.889259934425354
20000,48,416.6666666666667,2,84001,3450,4.791666666666667,0.8980039358139038
20000,48,416.6666666666667,2,84001,3480,4.833333333333333,0.9020229578018188
20000,48,416.6666666666667,2,84001,3510,4.875,0.9033694267272949
20000,48,416.6666666666667,2,84001,3540,4.916666666666667,0.8986142873764038
20000,48,416.6666666666667,2,84001,3570,4.958333333333333,0.8949007987976074
20000,48,416.6666666666667,2,84001,3600,5.0,0.8936253190040588
20000,48,416.6666666666667,3,84001,0,0.0,19.877965927124023
20000,48,416.6666666666667,3,84001,30,0.041666666666666664,18.937192916870117
20000,48,416.6666666666667,3,84001,60,0.08333333333333333,18.088075637817383
20000,48,416.6666666666667,3,84001,90,0.125,17.059152603149414
20000,48,416.6666666666667,3,84001,120,0.16666666666666666,15.823073387145996
20000,48,416.6666666666667,3,84001,150,0.20833333333333334,14.693148612976074
20000,48,416.6666666666667,3,84001,180,0.25,14.10540771484375
20000,48,416.6666666666667,3,84001,210,0.2916666666666667,14.719351768493652
20000,48,416.6666666666667,3,84001,240,0.3333333333333333,15.893948554992676
20000,48,416.6666666666667,3,84001,270,0.375,16.974815368652344
20000,48,416.6666666666667,3,84001,300,0.4166666666666667,17.773813247680664
20000,48,416.6666666666667,3,84001,330,0.4583333333333333,18.129732131958008
20000,48,416.6666666666667,3,84001,360,0.5,17.990081787109375
20000,48,416.6666666666667,3,84001,390,0.5416666666666666,17.583419799804688
20000,48,416.6666666666667,3,84001,420,0.5833333333333334,16.94915771484375
20000,48,416.6666666666667,3,84001,450,0.625,15.977287292480469
20000,48,416.6666666666667,3,84001,480,0.6666666666666666,15.239005088806152
20000,48,416.6666666666667,3,84001,510,0.7083333333333334,15.712137222290039
20000,48,416.6666666666667,3,84001,540,0.75,16.480981826782227
20000,48,416.6666666666667,3,84001,570,0.7916666666666666,17.15637969970703
20000,48,416.6666666666667,3,84001,600,0.8333333333333334,17.625539779663086
20000,48,416.6666666666667,3,84001,630,0.875,17.802738189697266
20000,48,416.6666666666667,3,84001,660,0.9166666666666666,17.56714630126953
20000,48,416.6666666666667,3,84001,690,0.9583333333333334,16.936492919921875
20000,48,416.6666666666667,3,84001,720,1.0,15.83743953704834
20000,48,416.6666666666667,3,84001,750,1.0416666666666667,14.241345405578613
20000,48,416.6666666666667,3,84001,780,1.0833333333333333,12.203450202941895
20000,48,416.6666666666667,3,84001,810,1.125,10.196516036987305
20000,48,416.6666666666667,3,84001,840,1.1666666666666667,8.340715408325195
20000,48,416.6666666666667,3,84001,870,1.2083333333333333,6.459145545959473
20000,48,416.6666666666667,3,84001,900,1.25,4.462421417236328
20000,48,416.6666666666667,3,84001,930,1.2916666666666667,2.6916286945343018
20000,48,416.6666666666667,3,84001,960,1.3333333333333333,1.7199716567993164
20000,48,416.6666666666667,3,84001,990,1.375,1.6316554546356201
20000,48,416.6666666666667,3,84001,1020,1.4166666666666667,1.7040363550186157
20000,48,416.6666666666667,3,84001,1050,1.4583333333333333,1.727641224861145
20000,48,416.6666666666667,3,84001,1080,1.5,1.7320623397827148
20000,48,416.6666666666667,3,84001,1110,1.5416666666666667,1.7330827713012695
20000,48,416.6666666666667,3,84001,1140,1.5833333333333333,1.6826428174972534
20000,48,416.6666666666667,3,84001,1170,1.625,1.559899926185608
20000,48,416.6666666666667,3,84001,1200,1.6666666666666667,1.4057369232177734
20000,48,416.6666666666667,3,84001,1230,1.7083333333333333,1.2991316318511963
20000,48,416.6666666666667,3,84001,1260,1.75,1.2454490661621094
20000,48,416.6666666666667,3,84001,1290,1.7916666666666667,1.2354495525360107
20000,48,416.6666666666667,3,84001,1320,1.8333333333333333,1.1650804281234741
20000,48,416.6666666666667,3,84001,1350,1.875,1.009547233581543
20000,48,416.6666666666667,3,84001,1380,1.9166666666666667,0.838534951210022
20000,48,416.6666666666667,3,84001,1410,1.9583333333333333,0.808534562587738
20000,48,416.6666666666667,3,84001,1440,2.0,0.8776161074638367
20000,48,416.6666666666667,3,84001,1470,2.0416666666666665,0.8921983242034912
20000,48,416.6666666666667,3,84001,1500,2.0833333333333335,0.90017169713974
20000,48,416.6666666666667,3,84001,1530,2.125,0.9088524580001831
20000,48,416.6666666666667,3,84001,1560,2.1666666666666665,0.9178740382194519
20000,48,416.6666666666667,3,84001,1590,2.2083333333333335,0.9255715608596802
20000,48,416.6666666666667,3,84001,1620,2.25,0.9254258871078491
20000,48,416.6666666666667,3,84001,1650,2.2916666666666665,0.9188169240951538
20000,48,416.6666666666667,3,84001,1680,2.3333333333333335,0.9243523478507996
20000,48,416.6666666666667,3,84001,1710,2.375,0.93422931432724
20000,48,416.6666666666667,3,84001,1740,2.4166666666666665,0.949905276298523
20000,48,416.6666666666667,3,84001,1770,2.4583333333333335,0.9560297131538391
20000,48,416.6666666666667,3,84001,1800,2.5,0.9212300777435303
20000,48,416.6666666666667,3,84001,1830,2.5416666666666665,0.8774190545082092
20000,48,416.6666666666667,3,84001,1860,2.5833333333333335,0.7977383732795715
20000,48,416.6666666666667,3,84001,1890,2.625,0.8053610324859619
20000,48,416.6666666666667,3,84001,1920,2.6666666666666665,0.8859413266181946
20000,48,416.6666666666667,3,84001,1950,2.7083333333333335,0.8985244035720825
20000,48,416.6666666666667,3,84001,1980,2.75,0.9063165783882141
20000,48,416.6666666666667,3,84001,2010,2.7916666666666665,0.9142306447029114
20000,48,416.6666666666667,3,84001,2040,2.8333333333333335,0.9221001863479614
20000,48,416.6666666666667,3,84001,2070,2.875,0.9232586026191711
20000,48,416.6666666666667,3,84001,2100,2.9166666666666665,0.9238518476486206
20000,48,416.6666666666667,3,84001,2130,2.9583333333333335,0.9090381860733032
20000,48,416.6666666666667,3,84001,2160,3.0,0.9006777405738831
20000,48,416.6666666666667,3,84001,2190,3.0416666666666665,0.9079843759536743
20000,48,416.6666666666667,3,84001,2220,3.0833333333333335,0.9231276512145996
20000,48,416.6666666666667,3,84001,2250,3.125,0.9201669096946716
20000,48,416.6666666666667,3,84001,2280,3.1666666666666665,0.8897960782051086
20000,48,416.6666666666667,3,84001,2310,3.2083333333333335,0.825979471206665
20000,48,416.6666666666667,3,84001,2340,3.25,0.745134174823761
20000,48,416.6666666666667,3,84001,2370,3.2916666666666665,0.7784215807914734
20000,48,416.6666666666667,3,84001,2400,3.3333333333333335,0.8495706915855408
20000,48,416.6666666666667,3,84001,2430,3.375,0.8603160381317139
20000,48,416.6666666666667,3,84001,2460,3.4166666666666665,0.8687437772750854
20000,48,416.6666666666667,3,84001,2490,3.4583333333333335,0.8771939277648926
20000,48,416.6666666666667,3,84001,2520,3.5,0.8856925964355469
20000,48,416.6666666666667,3,84001,2550,3.5416666666666665,0.8864315152168274
20000,48,416.6666666666667,3,84001,2580,3.5833333333333335,0.8824135661125183
20000,48,416.6666666666667,3,84001,2610,3.625,0.8790909051895142
20000,48,416.6666666666667,3,84001,2640,3.6666666666666665,0.8823843598365784
20000,48,416.6666666666667,3,84001,2670,3.7083333333333335,0.8932033181190491
20000,48,416.6666666666667,3,84001,2700,3.75,0.9092058539390564
20000,48,416.6666666666667,3,84001,2730,3.7916666666666665,0.8997837901115417
20000,48,416.6666666666667,3,84001,2760,3.8333333333333335,0.8721703290939331
20000,48,416.6666666666667,3,84001,2790,3.875,0.8209370374679565
20000,48,416.6666666666667,3,84001,2820,3.9166666666666665,0.7456808686256409
20000,48,416.6666666666667,3,84001,2850,3.9583333333333335,0.7841630578041077
20000,48,416.6666666666667,3,84001,2880,4.0,0.8527904152870178
20000,48,416.6666666666667,3,84001,2910,4.041666666666667,0.8633915781974792
20000,48,416.6666666666667,3,84001,2940,4.083333333333333,0.871516227722168
20000,48,416.6666666666667,3,84001,2970,4.125,0.8798566460609436
20000,48,416.6666666666667,3,84001,3000,4.166666666666667,0.8880511522293091
20000,48,416.6666666666667,3,84001,3030,4.208333333333333,0.8889604210853577
20000,48,416.6666666666667,3,84001,3060,4.25,0.8827012777328491
20000,48,416.6666666666667,3,84001,3090,4.291666666666667,0.8787164092063904
20000,48,416.6666666666667,3,84001,3120,4.333333333333333,0.8796133995056152
20000,48,416.6666666666667,3,84001,3150,4.375,0.8933330178260803
20000,48,416.6666666666667,3,84001,3180,4.416666666666667,0.9016697406768799
20000,48,416.6666666666667,3,84001,3210,4.458333333333333,0.885993242263794
20000,48,416.6666666666667,3,84001,3240,4.5,0.8590371012687683
20000,48,416.6666666666667,3,84001,3270,4.541666666666667,0.8047194480895996
20000,48,416.6666666666667,3,84001,3300,4.583333333333333,0.7329329252243042
20000,48,416.6666666666667,3,84001,3330,4.625,0.7856457233428955
20000,48,416.6666666666667,3,84001,3360,4.666666666666667,0.8481779098510742
20000,48,416.6666666666667,3,84001,3390,4.708333333333333,0.8571391701698303
20000,48,416.6666666666667,3,84001,3420,4.75,0.8657544851303101
20000,48,416.6666666666667,3,84001,3450,4.791666666666667,0.8742863535881042
20000,48,416.6666666666667,3,84001,3480,4.833333333333333,0.8812972903251648
20000,48,416.6666666666667,3,84001,3510,4.875,0.8803796172142029
20000,48,416.6666666666667,3,84001,3540,4.916666666666667,0.8650779128074646
20000,48,416.6666666666667,3,84001,3570,4.958333333333333,0.8732114434242249
20000,48,416.6666666666667,3,84001,3600,5.0,0.8735470771789551
