family,family_label,x_label,x_value,point_label,is_id,method,method_label,episode_id,reset_seed,vector_env_index,num_rso,mean_uncertainty,max_uncertainty,p95_uncertainty,fine_custody
catalogue_size,Catalogue size,Number of RSOs,30.0,30,1,expected_info_gain,Expected information gain,0,41000,0,30,0.88933265209198,2.8182387351989746,2.5746898293495173,0.06666666666666667
catalogue_size,Catalogue size,Number of RSOs,30.0,30,1,expected_info_gain,Expected information gain,1,41000,1,30,0.4364413917064667,0.9071905612945557,0.8825337797403334,0.03333333333333333
catalogue_size,Catalogue size,Number of RSOs,30.0,30,1,expected_info_gain,Expected information gain,2,41000,2,30,3.388972520828247,42.18659210205078,17.672280502319268,0.13333333333333333
catalogue_size,Catalogue size,Number of RSOs,30.0,30,1,expected_info_gain,Expected information gain,3,41000,3,30,0.6651638150215149,2.4598774909973145,1.957763087749479,0.2
catalogue_size,Catalogue size,Number of RSOs,30.0,30,1,expected_info_gain,Expected information gain,4,41000,4,30,0.7778584957122803,2.090914487838745,1.8680544435977924,0.06666666666666667
catalogue_size,Catalogue size,Number of RSOs,30.0,30,1,expected_info_gain,Expected information gain,5,41000,5,30,0.6013795137405396,3.0197882652282715,1.3968838155269596,0.1
catalogue_size,Catalogue size,Number of RSOs,30.0,30,1,expected_info_gain,Expected information gain,6,41000,6,30,0.5012767910957336,1.2260682582855225,1.1372012794017787,0.16666666666666666
catalogue_size,Catalogue size,Number of RSOs,30.0,30,1,expected_info_gain,Expected information gain,7,41000,7,30,0.627172589302063,2.7701022624969482,1.131330984830856,0.16666666666666666
catalogue_size,Catalogue size,Number of RSOs,30.0,30,1,expected_info_gain,Expected information gain,8,41000,8,30,0.5038450360298157,0.9940693378448486,0.9326257556676862,0.13333333333333333
catalogue_size,Catalogue size,Number of RSOs,30.0,30,1,expected_info_gain,Expected information gain,9,41000,9,30,0.4691925644874573,1.9379180669784546,1.0185003280639646,0.23333333333333334
catalogue_size,Catalogue size,Number of RSOs,30.0,30,1,expected_info_gain,Expected information gain,10,41000,10,30,0.5276930928230286,1.3533055782318115,1.2393265902996056,0.13333333333333333
catalogue_size,Catalogue size,Number of RSOs,30.0,30,1,expected_info_gain,Expected information gain,11,41000,11,30,0.5357144474983215,1.0502103567123413,0.8856424063444137,0.06666666666666667
catalogue_size,Catalogue size,Number of RSOs,30.0,30,1,expected_info_gain,Expected information gain,12,41001,0,30,0.7072227001190186,1.4592335224151611,1.386705762147903,0.2
catalogue_size,Catalogue size,Number of RSOs,30.0,30,1,expected_info_gain,Expected information gain,13,41001,1,30,0.833732008934021,3.914825916290283,2.81807652711868,0.16666666666666666
catalogue_size,Catalogue size,Number of RSOs,30.0,30,1,expected_info_gain,Expected information gain,14,41001,2,30,0.604419469833374,1.3315902948379517,1.2281229019165039,0.06666666666666667
catalogue_size,Catalogue size,Number of RSOs,30.0,30,1,expected_info_gain,Expected information gain,15,41001,3,30,1.0484193563461304,4.195164680480957,2.5826500535011268,0.1
catalogue_size,Catalogue size,Number of RSOs,30.0,30,1,expected_info_gain,Expected information gain,16,41001,4,30,0.7000675797462463,4.064257621765137,1.404124402999877,0.06666666666666667
catalogue_size,Catalogue size,Number of RSOs,30.0,30,1,expected_info_gain,Expected information gain,17,41001,5,30,0.5484256744384766,1.7157927751541138,1.2823491394519795,0.23333333333333334
catalogue_size,Catalogue size,Number of RSOs,30.0,30,1,expected_info_gain,Expected information gain,18,41001,6,30,1.642101764678955,14.227099418640137,6.699669337272642,0.06666666666666667
catalogue_size,Catalogue size,Number of RSOs,30.0,30,1,expected_info_gain,Expected information gain,19,41001,7,30,0.6591709852218628,2.061505079269409,1.5758298277854914,0.13333333333333333
catalogue_size,Catalogue size,Number of RSOs,30.0,30,1,expected_info_gain,Expected information gain,20,41001,8,30,0.5894886255264282,1.491870403289795,1.1051654040813441,0.16666666666666666
catalogue_size,Catalogue size,Number of RSOs,30.0,30,1,expected_info_gain,Expected information gain,21,41001,9,30,2.9468753337860107,41.19865798950195,6.3975422143936145,0.2
catalogue_size,Catalogue size,Number of RSOs,30.0,30,1,expected_info_gain,Expected information gain,22,41001,10,30,0.5739468932151794,2.10353684425354,1.260304546356201,0.06666666666666667
catalogue_size,Catalogue size,Number of RSOs,30.0,30,1,expected_info_gain,Expected information gain,23,41001,11,30,0.6473436951637268,1.8137253522872925,1.7733720600605012,0.1
catalogue_size,Catalogue size,Number of RSOs,30.0,30,1,flat_lstm,Flat LSTM,0,41000,0,30,1.5591681003570557,10.863590240478516,5.481977653503416,0.1
catalogue_size,Catalogue size,Number of RSOs,30.0,30,1,flat_lstm,Flat LSTM,1,41000,1,30,0.6076990365982056,2.7040247917175293,1.8901262938976258,0.13333333333333333
catalogue_size,Catalogue size,Number of RSOs,30.0,30,1,flat_lstm,Flat LSTM,2,41000,2,30,1.0475397109985352,3.84989333152771,3.0553035259246815,0.13333333333333333
catalogue_size,Catalogue size,Number of RSOs,30.0,30,1,flat_lstm,Flat LSTM,3,41000,3,30,0.6828124523162842,2.2376842498779297,1.9808942735195152,0.23333333333333334
catalogue_size,Catalogue size,Number of RSOs,30.0,30,1,flat_lstm,Flat LSTM,4,41000,4,30,0.7596394419670105,2.5200932025909424,1.9270347774028775,0.1
catalogue_size,Catalogue size,Number of RSOs,30.0,30,1,flat_lstm,Flat LSTM,5,41000,5,30,0.7018646001815796,2.0357909202575684,1.93680585026741,0.1
catalogue_size,Catalogue size,Number of RSOs,30.0,30,1,flat_lstm,Flat LSTM,6,41000,6,30,0.7624981999397278,4.247733116149902,2.0520945310592635,0.2
catalogue_size,Catalogue size,Number of RSOs,30.0,30,1,flat_lstm,Flat LSTM,7,41000,7,30,0.6589504480361938,2.152179002761841,1.9533274114131924,0.13333333333333333
catalogue_size,Catalogue size,Number of RSOs,30.0,30,1,flat_lstm,Flat LSTM,8,41000,8,30,0.7553113102912903,2.7540504932403564,2.263793945312499,0.13333333333333333
catalogue_size,Catalogue size,Number of RSOs,30.0,30,1,flat_lstm,Flat LSTM,9,41000,9,30,0.636222779750824,3.609217643737793,2.1316152691841097,0.23333333333333334
catalogue_size,Catalogue size,Number of RSOs,30.0,30,1,flat_lstm,Flat LSTM,10,41000,10,30,1.3979185819625854,10.114509582519531,5.837766098976118,0.13333333333333333
catalogue_size,Catalogue size,Number of RSOs,30.0,30,1,flat_lstm,Flat LSTM,11,41000,11,30,0.45983824133872986,1.8292917013168335,1.2871246933937062,0.23333333333333334
catalogue_size,Catalogue size,Number of RSOs,30.0,30,1,flat_lstm,Flat LSTM,12,41001,0,30,0.912102460861206,3.004215717315674,2.573337233066558,0.16666666666666666
catalogue_size,Catalogue size,Number of RSOs,30.0,30,1,flat_lstm,Flat LSTM,13,41001,1,30,0.882773220539093,3.201726198196411,2.6365779042243935,0.13333333333333333
catalogue_size,Catalogue size,Number of RSOs,30.0,30,1,flat_lstm,Flat LSTM,14,41001,2,30,0.8709851503372192,4.027813911437988,2.891664838790887,0.06666666666666667
catalogue_size,Catalogue size,Number of RSOs,30.0,30,1,flat_lstm,Flat LSTM,15,41001,3,30,0.8792780041694641,5.41661262512207,2.5612649679183948,0.16666666666666666
catalogue_size,Catalogue size,Number of RSOs,30.0,30,1,flat_lstm,Flat LSTM,16,41001,4,30,0.7454552054405212,3.380619525909424,2.192505526542663,0.2
catalogue_size,Catalogue size,Number of RSOs,30.0,30,1,flat_lstm,Flat LSTM,17,41001,5,30,0.688373327255249,2.2856709957122803,1.9849045932292937,0.2
catalogue_size,Catalogue size,Number of RSOs,30.0,30,1,flat_lstm,Flat LSTM,18,41001,6,30,0.6883108615875244,2.744328022003174,2.532711946964264,0.2
catalogue_size,Catalogue size,Number of RSOs,30.0,30,1,flat_lstm,Flat LSTM,19,41001,7,30,0.8131343126296997,4.575910568237305,2.7354378104209878,0.13333333333333333
catalogue_size,Catalogue size,Number of RSOs,30.0,30,1,flat_lstm,Flat LSTM,20,41001,8,30,0.595333456993103,3.1928749084472656,1.4463220417499538,0.13333333333333333
catalogue_size,Catalogue size,Number of RSOs,30.0,30,1,flat_lstm,Flat LSTM,21,41001,9,30,0.7123822569847107,3.149289846420288,2.5504507780075047,0.13333333333333333
catalogue_size,Catalogue size,Number of RSOs,30.0,30,1,flat_lstm,Flat LSTM,22,41001,10,30,0.5165109634399414,1.8990838527679443,1.3360384702682486,0.16666666666666666
catalogue_size,Catalogue size,Number of RSOs,30.0,30,1,flat_lstm,Flat LSTM,23,41001,11,30,0.6315031051635742,3.5186798572540283,1.5845452904701232,0.13333333333333333
catalogue_size,Catalogue size,Number of RSOs,30.0,30,1,pointer_lstm,Attention-LSTM pointer,0,41000,0,30,0.5745923519134521,2.6904773712158203,1.7631370663642847,0.16666666666666666
catalogue_size,Catalogue size,Number of RSOs,30.0,30,1,pointer_lstm,Attention-LSTM pointer,1,41000,1,30,0.42686188220977783,1.2532575130462646,0.953091350197791,0.13333333333333333
catalogue_size,Catalogue size,Number of RSOs,30.0,30,1,pointer_lstm,Attention-LSTM pointer,2,41000,2,30,0.4754529893398285,2.599048137664795,1.0193147659301756,0.23333333333333334
catalogue_size,Catalogue size,Number of RSOs,30.0,30,1,pointer_lstm,Attention-LSTM pointer,3,41000,3,30,0.4328922629356384,2.222836971282959,1.2719942390918721,0.26666666666666666
catalogue_size,Catalogue size,Number of RSOs,30.0,30,1,pointer_lstm,Attention-LSTM pointer,4,41000,4,30,0.40217331051826477,1.514832615852356,0.8164203137159339,0.1
catalogue_size,Catalogue size,Number of RSOs,30.0,30,1,pointer_lstm,Attention-LSTM pointer,5,41000,5,30,0.2788352370262146,0.6167962551116943,0.5083265632390974,0.36666666666666664
catalogue_size,Catalogue size,Number of RSOs,30.0,30,1,pointer_lstm,Attention-LSTM pointer,6,41000,6,30,0.3811430037021637,1.9601657390594482,0.8175405442714686,0.26666666666666666
catalogue_size,Catalogue size,Number of RSOs,30.0,30,1,pointer_lstm,Attention-LSTM pointer,7,41000,7,30,0.4220600426197052,1.236633539199829,0.8988598406314848,0.2
catalogue_size,Catalogue size,Number of RSOs,30.0,30,1,pointer_lstm,Attention-LSTM pointer,8,41000,8,30,0.4088744819164276,1.3546098470687866,1.1221335023641577,0.23333333333333334
catalogue_size,Catalogue size,Number of RSOs,30.0,30,1,pointer_lstm,Attention-LSTM pointer,9,41000,9,30,0.35560116171836853,0.9167998433113098,0.7388087689876555,0.3333333333333333
catalogue_size,Catalogue size,Number of RSOs,30.0,30,1,pointer_lstm,Attention-LSTM pointer,10,41000,10,30,0.4688921570777893,1.0504677295684814,0.98805376291275,0.16666666666666666
catalogue_size,Catalogue size,Number of RSOs,30.0,30,1,pointer_lstm,Attention-LSTM pointer,11,41000,11,30,0.31141892075538635,0.6049116849899292,0.5776414960622787,0.23333333333333334
catalogue_size,Catalogue size,Number of RSOs,30.0,30,1,pointer_lstm,Attention-LSTM pointer,12,41001,0,30,0.4326367974281311,1.489823579788208,1.3065423488616932,0.2
catalogue_size,Catalogue size,Number of RSOs,30.0,30,1,pointer_lstm,Attention-LSTM pointer,13,41001,1,30,0.4140162467956543,1.0364046096801758,0.8722803473472592,0.13333333333333333
catalogue_size,Catalogue size,Number of RSOs,30.0,30,1,pointer_lstm,Attention-LSTM pointer,14,41001,2,30,0.3775832951068878,0.8654903769493103,0.7364336997270583,0.26666666666666666
catalogue_size,Catalogue size,Number of RSOs,30.0,30,1,pointer_lstm,Attention-LSTM pointer,15,41001,3,30,0.5283119082450867,2.975306272506714,1.3293003559112546,0.16666666666666666
catalogue_size,Catalogue size,Number of RSOs,30.0,30,1,pointer_lstm,Attention-LSTM pointer,16,41001,4,30,0.2961934804916382,0.5278434157371521,0.48502267301082597,0.16666666666666666
catalogue_size,Catalogue size,Number of RSOs,30.0,30,1,pointer_lstm,Attention-LSTM pointer,17,41001,5,30,0.4415367543697357,1.2733500003814697,0.905996939539909,0.26666666666666666
catalogue_size,Catalogue size,Number of RSOs,30.0,30,1,pointer_lstm,Attention-LSTM pointer,18,41001,6,30,0.3455788791179657,0.7042900919914246,0.6778794348239897,0.3
catalogue_size,Catalogue size,Number of RSOs,30.0,30,1,pointer_lstm,Attention-LSTM pointer,19,41001,7,30,0.3712347149848938,1.5123635530471802,0.7075507342815399,0.2
catalogue_size,Catalogue size,Number of RSOs,30.0,30,1,pointer_lstm,Attention-LSTM pointer,20,41001,8,30,0.4091784656047821,1.4908933639526367,1.098244670033453,0.2
catalogue_size,Catalogue size,Number of RSOs,30.0,30,1,pointer_lstm,Attention-LSTM pointer,21,41001,9,30,0.4529096484184265,1.0656689405441284,0.9803973793983454,0.2
catalogue_size,Catalogue size,Number of RSOs,30.0,30,1,pointer_lstm,Attention-LSTM pointer,22,41001,10,30,0.3865141272544861,1.3171706199645996,0.7846894949674604,0.23333333333333334
catalogue_size,Catalogue size,Number of RSOs,30.0,30,1,pointer_lstm,Attention-LSTM pointer,23,41001,11,30,0.5260925889015198,2.27292799949646,1.2202054500579829,0.23333333333333334
catalogue_size,Catalogue size,Number of RSOs,45.0,45,0,expected_info_gain,Expected information gain,0,41000,0,45,3.7208120822906494,101.98115539550781,5.303460311889647,0.022222222222222223
catalogue_size,Catalogue size,Number of RSOs,45.0,45,0,expected_info_gain,Expected information gain,1,41000,1,45,0.7490324378013611,2.513277530670166,1.5183249711990352,0.044444444444444446
catalogue_size,Catalogue size,Number of RSOs,45.0,45,0,expected_info_gain,Expected information gain,2,41000,2,45,1.0235016345977783,4.317827224731445,2.5451770305633534,0.06666666666666667
catalogue_size,Catalogue size,Number of RSOs,45.0,45,0,expected_info_gain,Expected information gain,3,41000,3,45,0.7571566104888916,2.1883060932159424,1.9088547706603995,0.15555555555555556
catalogue_size,Catalogue size,Number of RSOs,45.0,45,0,expected_info_gain,Expected information gain,4,41000,4,45,1.7517598867416382,6.610299587249756,4.764381122589111,0.08888888888888889
catalogue_size,Catalogue size,Number of RSOs,45.0,45,0,expected_info_gain,Expected information gain,5,41000,5,45,0.6198564171791077,2.4579319953918457,1.48134889602661,0.044444444444444446
catalogue_size,Catalogue size,Number of RSOs,45.0,45,0,expected_info_gain,Expected information gain,6,41000,6,45,1.4875379800796509,32.00937271118164,3.0757598876953103,0.08888888888888889
catalogue_size,Catalogue size,Number of RSOs,45.0,45,0,expected_info_gain,Expected information gain,7,41000,7,45,2.4466874599456787,29.84185791015625,7.157199287414544,0.06666666666666667
catalogue_size,Catalogue size,Number of RSOs,45.0,45,0,expected_info_gain,Expected information gain,8,41000,8,45,0.8151640892028809,4.457747936248779,1.7194740056991569,0.17777777777777778
catalogue_size,Catalogue size,Number of RSOs,45.0,45,0,expected_info_gain,Expected information gain,9,41000,9,45,1.5616555213928223,18.149734497070312,4.475609207153319,0.022222222222222223
catalogue_size,Catalogue size,Number of RSOs,45.0,45,0,expected_info_gain,Expected information gain,10,41000,10,45,0.7540171146392822,2.6172945499420166,1.8498859167098998,0.1111111111111111
catalogue_size,Catalogue size,Number of RSOs,45.0,45,0,expected_info_gain,Expected information gain,11,41000,11,45,1.1989319324493408,7.245038986206055,2.9938000202178934,0.06666666666666667
catalogue_size,Catalogue size,Number of RSOs,45.0,45,0,expected_info_gain,Expected information gain,12,41001,0,45,0.764778733253479,2.8758959770202637,2.123965072631835,0.08888888888888889
catalogue_size,Catalogue size,Number of RSOs,45.0,45,0,expected_info_gain,Expected information gain,13,41001,1,45,1.1290745735168457,3.922250986099243,3.5712390899658186,0.08888888888888889
catalogue_size,Catalogue size,Number of RSOs,45.0,45,0,expected_info_gain,Expected information gain,14,41001,2,45,2.377368450164795,17.316959381103516,7.513462066650389,0.0
catalogue_size,Catalogue size,Number of RSOs,45.0,45,0,expected_info_gain,Expected information gain,15,41001,3,45,1.435996174812317,5.772495269775391,4.369237613677975,0.1111111111111111
catalogue_size,Catalogue size,Number of RSOs,45.0,45,0,expected_info_gain,Expected information gain,16,41001,4,45,0.7111081480979919,1.4196919202804565,1.3494566440582272,0.044444444444444446
catalogue_size,Catalogue size,Number of RSOs,45.0,45,0,expected_info_gain,Expected information gain,17,41001,5,45,1.5575432777404785,31.30092430114746,2.58173632621765,0.08888888888888889
catalogue_size,Catalogue size,Number of RSOs,45.0,45,0,expected_info_gain,Expected information gain,18,41001,6,45,0.9237156510353088,3.253201484680176,2.4370766639709465,0.06666666666666667
catalogue_size,Catalogue size,Number of RSOs,45.0,45,0,expected_info_gain,Expected information gain,19,41001,7,45,1.941990852355957,7.950264930725098,5.327221393585202,0.06666666666666667
catalogue_size,Catalogue size,Number of RSOs,45.0,45,0,expected_info_gain,Expected information gain,20,41001,8,45,0.8442938923835754,3.124333143234253,2.0787961483001705,0.08888888888888889
catalogue_size,Catalogue size,Number of RSOs,45.0,45,0,expected_info_gain,Expected information gain,21,41001,9,45,1.1372414827346802,5.745338439941406,3.06646614074707,0.08888888888888889
catalogue_size,Catalogue size,Number of RSOs,45.0,45,0,expected_info_gain,Expected information gain,22,41001,10,45,4.962585926055908,39.68886947631836,19.72196807861328,0.044444444444444446
catalogue_size,Catalogue size,Number of RSOs,45.0,45,0,expected_info_gain,Expected information gain,23,41001,11,45,1.9328134059906006,10.06758975982666,6.223391342163086,0.06666666666666667
catalogue_size,Catalogue size,Number of RSOs,45.0,45,0,flat_lstm,Flat LSTM,0,41000,0,45,2.011993169784546,6.221225261688232,3.976422023773193,0.022222222222222223
catalogue_size,Catalogue size,Number of RSOs,45.0,45,0,flat_lstm,Flat LSTM,1,41000,1,45,1.4840365648269653,5.408140659332275,3.8585648536682116,0.06666666666666667
catalogue_size,Catalogue size,Number of RSOs,45.0,45,0,flat_lstm,Flat LSTM,2,41000,2,45,13.359320640563965,119.58334350585938,33.3515399932861,0.022222222222222223
catalogue_size,Catalogue size,Number of RSOs,45.0,45,0,flat_lstm,Flat LSTM,3,41000,3,45,1.0219244956970215,2.5996365547180176,2.261909532546997,0.06666666666666667
catalogue_size,Catalogue size,Number of RSOs,45.0,45,0,flat_lstm,Flat LSTM,4,41000,4,45,3.4822418689727783,18.298370361328125,11.412196731567377,0.022222222222222223
catalogue_size,Catalogue size,Number of RSOs,45.0,45,0,flat_lstm,Flat LSTM,5,41000,5,45,1.564584732055664,9.245552062988281,4.308618640899657,0.0
catalogue_size,Catalogue size,Number of RSOs,45.0,45,0,flat_lstm,Flat LSTM,6,41000,6,45,1.6483042240142822,10.364416122436523,3.830755043029785,0.06666666666666667
catalogue_size,Catalogue size,Number of RSOs,45.0,45,0,flat_lstm,Flat LSTM,7,41000,7,45,1.6308516263961792,3.6675801277160645,3.0735262870788573,0.022222222222222223
catalogue_size,Catalogue size,Number of RSOs,45.0,45,0,flat_lstm,Flat LSTM,8,41000,8,45,1.5812482833862305,5.617002964019775,4.710739994049069,0.08888888888888889
catalogue_size,Catalogue size,Number of RSOs,45.0,45,0,flat_lstm,Flat LSTM,9,41000,9,45,1.2481310367584229,6.641176700592041,2.8536287307739245,0.08888888888888889
catalogue_size,Catalogue size,Number of RSOs,45.0,45,0,flat_lstm,Flat LSTM,10,41000,10,45,1.1543240547180176,4.5241546630859375,2.5921196460723874,0.06666666666666667
catalogue_size,Catalogue size,Number of RSOs,45.0,45,0,flat_lstm,Flat LSTM,11,41000,11,45,2.9787254333496094,12.990727424621582,12.103010749816894,0.08888888888888889
catalogue_size,Catalogue size,Number of RSOs,45.0,45,0,flat_lstm,Flat LSTM,12,41001,0,45,1.3646444082260132,6.060678482055664,3.1439554691314697,0.08888888888888889
catalogue_size,Catalogue size,Number of RSOs,45.0,45,0,flat_lstm,Flat LSTM,13,41001,1,45,1.2744872570037842,3.9305529594421387,2.9805031776428215,0.06666666666666667
catalogue_size,Catalogue size,Number of RSOs,45.0,45,0,flat_lstm,Flat LSTM,14,41001,2,45,5.419079780578613,95.29378509521484,24.481983184814432,0.044444444444444446
catalogue_size,Catalogue size,Number of RSOs,45.0,45,0,flat_lstm,Flat LSTM,15,41001,3,45,3.711357593536377,31.636577606201172,12.54403076171875,0.06666666666666667
catalogue_size,Catalogue size,Number of RSOs,45.0,45,0,flat_lstm,Flat LSTM,16,41001,4,45,3.558539867401123,24.239227294921875,15.77594928741454,0.044444444444444446
catalogue_size,Catalogue size,Number of RSOs,45.0,45,0,flat_lstm,Flat LSTM,17,41001,5,45,1.6596482992172241,8.192784309387207,3.5865000724792475,0.022222222222222223
catalogue_size,Catalogue size,Number of RSOs,45.0,45,0,flat_lstm,Flat LSTM,18,41001,6,45,1.1413872241973877,3.0930306911468506,2.575945043563842,0.06666666666666667
catalogue_size,Catalogue size,Number of RSOs,45.0,45,0,flat_lstm,Flat LSTM,19,41001,7,45,2.0417227745056152,48.92112350463867,2.615161609649658,0.13333333333333333
catalogue_size,Catalogue size,Number of RSOs,45.0,45,0,flat_lstm,Flat LSTM,20,41001,8,45,1.1600874662399292,3.8793563842773438,3.4416492462158197,0.06666666666666667
catalogue_size,Catalogue size,Number of RSOs,45.0,45,0,flat_lstm,Flat LSTM,21,41001,9,45,1.3054190874099731,3.3904314041137695,2.749457120895385,0.08888888888888889
catalogue_size,Catalogue size,Number of RSOs,45.0,45,0,flat_lstm,Flat LSTM,22,41001,10,45,1.407297968864441,4.163353443145752,3.3439913749694825,0.044444444444444446
catalogue_size,Catalogue size,Number of RSOs,45.0,45,0,flat_lstm,Flat LSTM,23,41001,11,45,1.5575737953186035,8.259598731994629,3.4630865097045893,0.022222222222222223
catalogue_size,Catalogue size,Number of RSOs,45.0,45,0,pointer_lstm,Attention-LSTM pointer,0,41000,0,45,0.4884240925312042,1.1375845670700073,1.0319943428039549,0.13333333333333333
catalogue_size,Catalogue size,Number of RSOs,45.0,45,0,pointer_lstm,Attention-LSTM pointer,1,41000,1,45,0.49443867802619934,1.4438773393630981,0.9109274983406066,0.17777777777777778
catalogue_size,Catalogue size,Number of RSOs,45.0,45,0,pointer_lstm,Attention-LSTM pointer,2,41000,2,45,0.43554309010505676,1.6260597705841064,1.1846052289009081,0.2222222222222222
catalogue_size,Catalogue size,Number of RSOs,45.0,45,0,pointer_lstm,Attention-LSTM pointer,3,41000,3,45,0.3744767904281616,1.5342373847961426,0.8160569190979002,0.24444444444444444
catalogue_size,Catalogue size,Number of RSOs,45.0,45,0,pointer_lstm,Attention-LSTM pointer,4,41000,4,45,0.545353889465332,1.4591838121414185,1.1383434295654293,0.15555555555555556
catalogue_size,Catalogue size,Number of RSOs,45.0,45,0,pointer_lstm,Attention-LSTM pointer,5,41000,5,45,0.3719971477985382,1.0474072694778442,0.8378673911094657,0.2
catalogue_size,Catalogue size,Number of RSOs,45.0,45,0,pointer_lstm,Attention-LSTM pointer,6,41000,6,45,0.5680485367774963,1.7368265390396118,1.2390230417251582,0.08888888888888889
catalogue_size,Catalogue size,Number of RSOs,45.0,45,0,pointer_lstm,Attention-LSTM pointer,7,41000,7,45,0.6090527176856995,2.1231088638305664,1.5152166843414294,0.15555555555555556
catalogue_size,Catalogue size,Number of RSOs,45.0,45,0,pointer_lstm,Attention-LSTM pointer,8,41000,8,45,0.5592390894889832,2.348196268081665,1.1700642347335815,0.17777777777777778
catalogue_size,Catalogue size,Number of RSOs,45.0,45,0,pointer_lstm,Attention-LSTM pointer,9,41000,9,45,0.3882584571838379,1.3061330318450928,1.155405211448668,0.26666666666666666
catalogue_size,Catalogue size,Number of RSOs,45.0,45,0,pointer_lstm,Attention-LSTM pointer,10,41000,10,45,1.0558480024337769,21.913986206054688,1.4308947086334225,0.15555555555555556
catalogue_size,Catalogue size,Number of RSOs,45.0,45,0,pointer_lstm,Attention-LSTM pointer,11,41000,11,45,0.43701231479644775,1.711503505706787,1.1011865139007564,0.17777777777777778
catalogue_size,Catalogue size,Number of RSOs,45.0,45,0,pointer_lstm,Attention-LSTM pointer,12,41001,0,45,0.49862849712371826,2.4778902530670166,0.9260506868362423,0.13333333333333333
catalogue_size,Catalogue size,Number of RSOs,45.0,45,0,pointer_lstm,Attention-LSTM pointer,13,41001,1,45,0.46507716178894043,1.272365927696228,1.0019407510757445,0.13333333333333333
catalogue_size,Catalogue size,Number of RSOs,45.0,45,0,pointer_lstm,Attention-LSTM pointer,14,41001,2,45,0.57215416431427,2.689680576324463,1.802066755294799,0.2
catalogue_size,Catalogue size,Number of RSOs,45.0,45,0,pointer_lstm,Attention-LSTM pointer,15,41001,3,45,0.5695029497146606,1.7482810020446777,1.3612285852432249,0.17777777777777778
catalogue_size,Catalogue size,Number of RSOs,45.0,45,0,pointer_lstm,Attention-LSTM pointer,16,41001,4,45,0.49907249212265015,3.3895187377929688,1.13465484380722,0.13333333333333333
catalogue_size,Catalogue size,Number of RSOs,45.0,45,0,pointer_lstm,Attention-LSTM pointer,17,41001,5,45,0.5447526574134827,2.9892516136169434,1.4780621767044062,0.2
catalogue_size,Catalogue size,Number of RSOs,45.0,45,0,pointer_lstm,Attention-LSTM pointer,18,41001,6,45,0.4452745318412781,1.0388091802597046,0.910708200931549,0.17777777777777778
catalogue_size,Catalogue size,Number of RSOs,45.0,45,0,pointer_lstm,Attention-LSTM pointer,19,41001,7,45,0.571107804775238,4.404654502868652,1.112829327583313,0.17777777777777778
catalogue_size,Catalogue size,Number of RSOs,45.0,45,0,pointer_lstm,Attention-LSTM pointer,20,41001,8,45,0.44472983479499817,1.5281795263290405,1.2953342556953416,0.13333333333333333
catalogue_size,Catalogue size,Number of RSOs,45.0,45,0,pointer_lstm,Attention-LSTM pointer,21,41001,9,45,0.7762858271598816,4.554737567901611,1.7562113761901847,0.17777777777777778
catalogue_size,Catalogue size,Number of RSOs,45.0,45,0,pointer_lstm,Attention-LSTM pointer,22,41001,10,45,1.0270565748214722,12.19540023803711,2.261406135559082,0.2
catalogue_size,Catalogue size,Number of RSOs,45.0,45,0,pointer_lstm,Attention-LSTM pointer,23,41001,11,45,0.5572690963745117,2.162058115005493,1.2194777727127073,0.08888888888888889
catalogue_size,Catalogue size,Number of RSOs,60.0,60,0,expected_info_gain,Expected information gain,0,41000,0,60,1.6948975324630737,8.449861526489258,4.56945600509643,0.016666666666666666
catalogue_size,Catalogue size,Number of RSOs,60.0,60,0,expected_info_gain,Expected information gain,1,41000,1,60,0.810481607913971,3.0982375144958496,1.651518529653549,0.016666666666666666
catalogue_size,Catalogue size,Number of RSOs,60.0,60,0,expected_info_gain,Expected information gain,2,41000,2,60,5.707852363586426,116.61063385009766,8.927762937545772,0.05
catalogue_size,Catalogue size,Number of RSOs,60.0,60,0,expected_info_gain,Expected information gain,3,41000,3,60,1.0194952487945557,2.950540781021118,2.115843105316162,0.016666666666666666
catalogue_size,Catalogue size,Number of RSOs,60.0,60,0,expected_info_gain,Expected information gain,4,41000,4,60,1.542673945426941,7.651841640472412,5.1577504634857165,0.1
catalogue_size,Catalogue size,Number of RSOs,60.0,60,0,expected_info_gain,Expected information gain,5,41000,5,60,3.959746837615967,38.61606979370117,14.662562513351407,0.0
catalogue_size,Catalogue size,Number of RSOs,60.0,60,0,expected_info_gain,Expected information gain,6,41000,6,60,1.5914660692214966,14.3759765625,4.204186367988586,0.08333333333333333
catalogue_size,Catalogue size,Number of RSOs,60.0,60,0,expected_info_gain,Expected information gain,7,41000,7,60,10.748316764831543,113.48199462890625,39.54570236206036,0.03333333333333333
catalogue_size,Catalogue size,Number of RSOs,60.0,60,0,expected_info_gain,Expected information gain,8,41000,8,60,1.371290683746338,4.84445858001709,3.2558809280395495,0.0
catalogue_size,Catalogue size,Number of RSOs,60.0,60,0,expected_info_gain,Expected information gain,9,41000,9,60,6.212666034698486,70.37899017333984,27.11009063720703,0.06666666666666667
catalogue_size,Catalogue size,Number of RSOs,60.0,60,0,expected_info_gain,Expected information gain,10,41000,10,60,2.3394010066986084,8.161287307739258,5.828835678100583,0.016666666666666666
catalogue_size,Catalogue size,Number of RSOs,60.0,60,0,expected_info_gain,Expected information gain,11,41000,11,60,1.618873119354248,11.019102096557617,3.543761301040646,0.016666666666666666
catalogue_size,Catalogue size,Number of RSOs,60.0,60,0,expected_info_gain,Expected information gain,12,41001,0,60,1.3531328439712524,6.123708724975586,4.007329249382017,0.05
catalogue_size,Catalogue size,Number of RSOs,60.0,60,0,expected_info_gain,Expected information gain,13,41001,1,60,1.3747485876083374,5.244899749755859,3.476153564453123,0.1
catalogue_size,Catalogue size,Number of RSOs,60.0,60,0,expected_info_gain,Expected information gain,14,41001,2,60,2.2519590854644775,28.04928207397461,5.185895276069624,0.03333333333333333
catalogue_size,Catalogue size,Number of RSOs,60.0,60,0,expected_info_gain,Expected information gain,15,41001,3,60,5.122725963592529,88.00489807128906,7.588938999175945,0.03333333333333333
catalogue_size,Catalogue size,Number of RSOs,60.0,60,0,expected_info_gain,Expected information gain,16,41001,4,60,1.5134608745574951,8.30717945098877,7.139117646217346,0.06666666666666667
catalogue_size,Catalogue size,Number of RSOs,60.0,60,0,expected_info_gain,Expected information gain,17,41001,5,60,1.8915438652038574,15.316357612609863,4.3101687669754,0.06666666666666667
catalogue_size,Catalogue size,Number of RSOs,60.0,60,0,expected_info_gain,Expected information gain,18,41001,6,60,1.8480931520462036,8.682717323303223,4.276586008071892,0.03333333333333333
catalogue_size,Catalogue size,Number of RSOs,60.0,60,0,expected_info_gain,Expected information gain,19,41001,7,60,1.479337215423584,7.717964172363281,3.336544084548949,0.03333333333333333
catalogue_size,Catalogue size,Number of RSOs,60.0,60,0,expected_info_gain,Expected information gain,20,41001,8,60,0.9956563711166382,4.743000507354736,3.8084766507148737,0.08333333333333333
catalogue_size,Catalogue size,Number of RSOs,60.0,60,0,expected_info_gain,Expected information gain,21,41001,9,60,3.155271053314209,18.937999725341797,16.552440834045406,0.08333333333333333
catalogue_size,Catalogue size,Number of RSOs,60.0,60,0,expected_info_gain,Expected information gain,22,41001,10,60,4.4642839431762695,42.38452911376953,29.563805866241452,0.0
catalogue_size,Catalogue size,Number of RSOs,60.0,60,0,expected_info_gain,Expected information gain,23,41001,11,60,3.457688808441162,20.2845401763916,12.071786022186279,0.03333333333333333
catalogue_size,Catalogue size,Number of RSOs,60.0,60,0,flat_lstm,Flat LSTM,0,41000,0,60,1.4508250951766968,3.9743144512176514,3.11675454378128,0.03333333333333333
catalogue_size,Catalogue size,Number of RSOs,60.0,60,0,flat_lstm,Flat LSTM,1,41000,1,60,4.3715739250183105,43.77308654785156,14.041863584518428,0.03333333333333333
catalogue_size,Catalogue size,Number of RSOs,60.0,60,0,flat_lstm,Flat LSTM,2,41000,2,60,16.240697860717773,108.2616958618164,89.20491981506346,0.0
catalogue_size,Catalogue size,Number of RSOs,60.0,60,0,flat_lstm,Flat LSTM,3,41000,3,60,1.4675579071044922,13.216571807861328,3.7109258055686944,0.03333333333333333
catalogue_size,Catalogue size,Number of RSOs,60.0,60,0,flat_lstm,Flat LSTM,4,41000,4,60,1.5323030948638916,6.743418216705322,4.008888411521911,0.1
catalogue_size,Catalogue size,Number of RSOs,60.0,60,0,flat_lstm,Flat LSTM,5,41000,5,60,1.7946809530258179,11.426709175109863,5.093039250373828,0.016666666666666666
catalogue_size,Catalogue size,Number of RSOs,60.0,60,0,flat_lstm,Flat LSTM,6,41000,6,60,2.0320661067962646,17.454303741455078,4.609125185012816,0.05
catalogue_size,Catalogue size,Number of RSOs,60.0,60,0,flat_lstm,Flat LSTM,7,41000,7,60,1.4717217683792114,4.386261463165283,3.7581386804580688,0.016666666666666666
catalogue_size,Catalogue size,Number of RSOs,60.0,60,0,flat_lstm,Flat LSTM,8,41000,8,60,5.049441337585449,35.36370086669922,16.88713903427122,0.016666666666666666
catalogue_size,Catalogue size,Number of RSOs,60.0,60,0,flat_lstm,Flat LSTM,9,41000,9,60,18.109764099121094,89.6902084350586,81.9018741607666,0.0
catalogue_size,Catalogue size,Number of RSOs,60.0,60,0,flat_lstm,Flat LSTM,10,41000,10,60,4.006387233734131,21.49941062927246,14.350226926803588,0.03333333333333333
catalogue_size,Catalogue size,Number of RSOs,60.0,60,0,flat_lstm,Flat LSTM,11,41000,11,60,1.5153523683547974,3.988898515701294,3.7524701356887813,0.06666666666666667
catalogue_size,Catalogue size,Number of RSOs,60.0,60,0,flat_lstm,Flat LSTM,12,41001,0,60,2.388392925262451,11.100568771362305,8.737161302566527,0.03333333333333333
catalogue_size,Catalogue size,Number of RSOs,60.0,60,0,flat_lstm,Flat LSTM,13,41001,1,60,1.4418026208877563,4.175197124481201,3.6254838824272158,0.06666666666666667
catalogue_size,Catalogue size,Number of RSOs,60.0,60,0,flat_lstm,Flat LSTM,14,41001,2,60,2.0599472522735596,13.310043334960938,4.0822296619415255,0.05
catalogue_size,Catalogue size,Number of RSOs,60.0,60,0,flat_lstm,Flat LSTM,15,41001,3,60,3.9964137077331543,26.9248046875,18.225465488433837,0.03333333333333333
catalogue_size,Catalogue size,Number of RSOs,60.0,60,0,flat_lstm,Flat LSTM,16,41001,4,60,1.44465172290802,4.8296098709106445,3.682286465167999,0.0
catalogue_size,Catalogue size,Number of RSOs,60.0,60,0,flat_lstm,Flat LSTM,17,41001,5,60,6.80946159362793,117.95235443115234,17.816768836975093,0.03333333333333333
catalogue_size,Catalogue size,Number of RSOs,60.0,60,0,flat_lstm,Flat LSTM,18,41001,6,60,4.440842151641846,17.98468017578125,12.960916137695312,0.0
catalogue_size,Catalogue size,Number of RSOs,60.0,60,0,flat_lstm,Flat LSTM,19,41001,7,60,17.5646915435791,119.21893310546875,92.14651832580566,0.0
catalogue_size,Catalogue size,Number of RSOs,60.0,60,0,flat_lstm,Flat LSTM,20,41001,8,60,1.3583519458770752,4.241793632507324,3.6037632822990413,0.06666666666666667
catalogue_size,Catalogue size,Number of RSOs,60.0,60,0,flat_lstm,Flat LSTM,21,41001,9,60,1.5657498836517334,5.811375141143799,3.6083471298217766,0.06666666666666667
catalogue_size,Catalogue size,Number of RSOs,60.0,60,0,flat_lstm,Flat LSTM,22,41001,10,60,2.7874770164489746,45.300743103027344,4.5672981977462745,0.03333333333333333
catalogue_size,Catalogue size,Number of RSOs,60.0,60,0,flat_lstm,Flat LSTM,23,41001,11,60,1.99148690700531,9.073579788208008,4.9016798496246325,0.05
catalogue_size,Catalogue size,Number of RSOs,60.0,60,0,pointer_lstm,Attention-LSTM pointer,0,41000,0,60,0.8339313268661499,3.979581594467163,2.2010250449180586,0.05
catalogue_size,Catalogue size,Number of RSOs,60.0,60,0,pointer_lstm,Attention-LSTM pointer,1,41000,1,60,0.565075695514679,2.0952138900756836,1.0670828759670257,0.1
catalogue_size,Catalogue size,Number of RSOs,60.0,60,0,pointer_lstm,Attention-LSTM pointer,2,41000,2,60,0.6513335108757019,2.6496593952178955,1.3810612440109251,0.1
catalogue_size,Catalogue size,Number of RSOs,60.0,60,0,pointer_lstm,Attention-LSTM pointer,3,41000,3,60,0.5879973769187927,1.8755958080291748,1.432969731092453,0.15
catalogue_size,Catalogue size,Number of RSOs,60.0,60,0,pointer_lstm,Attention-LSTM pointer,4,41000,4,60,0.663700520992279,2.2468278408050537,1.3990260779857633,0.1
catalogue_size,Catalogue size,Number of RSOs,60.0,60,0,pointer_lstm,Attention-LSTM pointer,5,41000,5,60,0.5625394582748413,2.3580079078674316,1.0797897398471832,0.18333333333333332
catalogue_size,Catalogue size,Number of RSOs,60.0,60,0,pointer_lstm,Attention-LSTM pointer,6,41000,6,60,0.6917632818222046,3.5289411544799805,1.6188706278800957,0.13333333333333333
catalogue_size,Catalogue size,Number of RSOs,60.0,60,0,pointer_lstm,Attention-LSTM pointer,7,41000,7,60,0.6221733093261719,1.7087535858154297,1.5951337575912474,0.11666666666666667
catalogue_size,Catalogue size,Number of RSOs,60.0,60,0,pointer_lstm,Attention-LSTM pointer,8,41000,8,60,0.5252582430839539,1.4362088441848755,1.1640683829784388,0.13333333333333333
catalogue_size,Catalogue size,Number of RSOs,60.0,60,0,pointer_lstm,Attention-LSTM pointer,9,41000,9,60,0.6191359162330627,2.221595525741577,1.9930978119373322,0.11666666666666667
catalogue_size,Catalogue size,Number of RSOs,60.0,60,0,pointer_lstm,Attention-LSTM pointer,10,41000,10,60,0.6917925477027893,2.12618350982666,1.7529158532619475,0.08333333333333333
catalogue_size,Catalogue size,Number of RSOs,60.0,60,0,pointer_lstm,Attention-LSTM pointer,11,41000,11,60,0.5347389578819275,1.7688595056533813,1.2914606750011441,0.18333333333333332
catalogue_size,Catalogue size,Number of RSOs,60.0,60,0,pointer_lstm,Attention-LSTM pointer,12,41001,0,60,1.6243363618850708,32.86444854736328,3.2261294603347674,0.08333333333333333
catalogue_size,Catalogue size,Number of RSOs,60.0,60,0,pointer_lstm,Attention-LSTM pointer,13,41001,1,60,0.9020718932151794,10.301200866699219,1.80112624168396,0.13333333333333333
catalogue_size,Catalogue size,Number of RSOs,60.0,60,0,pointer_lstm,Attention-LSTM pointer,14,41001,2,60,0.5478101968765259,1.5040409564971924,1.10628622174263,0.1
catalogue_size,Catalogue size,Number of RSOs,60.0,60,0,pointer_lstm,Attention-LSTM pointer,15,41001,3,60,0.5754746198654175,1.791968584060669,1.298386639356613,0.18333333333333332
catalogue_size,Catalogue size,Number of RSOs,60.0,60,0,pointer_lstm,Attention-LSTM pointer,16,41001,4,60,0.6623386144638062,3.4038257598876953,1.6014997005462628,0.16666666666666666
catalogue_size,Catalogue size,Number of RSOs,60.0,60,0,pointer_lstm,Attention-LSTM pointer,17,41001,5,60,0.78395015001297,2.7297677993774414,2.3849307060241696,0.13333333333333333
catalogue_size,Catalogue size,Number of RSOs,60.0,60,0,pointer_lstm,Attention-LSTM pointer,18,41001,6,60,0.5805273652076721,1.6676843166351318,1.1096322596073138,0.1
catalogue_size,Catalogue size,Number of RSOs,60.0,60,0,pointer_lstm,Attention-LSTM pointer,19,41001,7,60,0.608603298664093,1.6953493356704712,1.3927271127700802,0.13333333333333333
catalogue_size,Catalogue size,Number of RSOs,60.0,60,0,pointer_lstm,Attention-LSTM pointer,20,41001,8,60,0.5574139356613159,1.548046588897705,1.3594960689544673,0.13333333333333333
catalogue_size,Catalogue size,Number of RSOs,60.0,60,0,pointer_lstm,Attention-LSTM pointer,21,41001,9,60,0.7793101668357849,5.453771114349365,1.8848237633705114,0.18333333333333332
catalogue_size,Catalogue size,Number of RSOs,60.0,60,0,pointer_lstm,Attention-LSTM pointer,22,41001,10,60,0.8575183153152466,12.442974090576172,1.575689613819121,0.1
catalogue_size,Catalogue size,Number of RSOs,60.0,60,0,pointer_lstm,Attention-LSTM pointer,23,41001,11,60,0.7634897232055664,3.610517978668213,1.9720047533512086,0.1
catalogue_size,Catalogue size,Number of RSOs,75.0,75,0,expected_info_gain,Expected information gain,0,41000,0,75,2.314577341079712,24.106109619140625,6.836884021759032,0.0
catalogue_size,Catalogue size,Number of RSOs,75.0,75,0,expected_info_gain,Expected information gain,1,41000,1,75,1.026801347732544,7.126437187194824,1.8262325048446635,0.05333333333333334
catalogue_size,Catalogue size,Number of RSOs,75.0,75,0,expected_info_gain,Expected information gain,2,41000,2,75,1.3334096670150757,3.530519485473633,3.0099538803100585,0.02666666666666667
catalogue_size,Catalogue size,Number of RSOs,75.0,75,0,expected_info_gain,Expected information gain,3,41000,3,75,3.0108513832092285,34.16773223876953,8.724884986877436,0.0
catalogue_size,Catalogue size,Number of RSOs,75.0,75,0,expected_info_gain,Expected information gain,4,41000,4,75,5.870643615722656,53.116981506347656,23.043612289428708,0.05333333333333334
catalogue_size,Catalogue size,Number of RSOs,75.0,75,0,expected_info_gain,Expected information gain,5,41000,5,75,1.76825749874115,12.95288372039795,4.403636598587036,0.04
catalogue_size,Catalogue size,Number of RSOs,75.0,75,0,expected_info_gain,Expected information gain,6,41000,6,75,1.4790241718292236,8.962920188903809,5.091702127456664,0.05333333333333334
catalogue_size,Catalogue size,Number of RSOs,75.0,75,0,expected_info_gain,Expected information gain,7,41000,7,75,8.723461151123047,93.32676696777344,46.43655242919921,0.02666666666666667
catalogue_size,Catalogue size,Number of RSOs,75.0,75,0,expected_info_gain,Expected information gain,8,41000,8,75,2.9117965698242188,18.631160736083984,9.395077896118162,0.0
catalogue_size,Catalogue size,Number of RSOs,75.0,75,0,expected_info_gain,Expected information gain,9,41000,9,75,10.261493682861328,87.16287231445312,45.89486618041991,0.0
catalogue_size,Catalogue size,Number of RSOs,75.0,75,0,expected_info_gain,Expected information gain,10,41000,10,75,16.97028350830078,100.05769348144531,96.14912490844726,0.04
catalogue_size,Catalogue size,Number of RSOs,75.0,75,0,expected_info_gain,Expected information gain,11,41000,11,75,3.2418527603149414,65.06879425048828,5.643951797485344,0.02666666666666667
catalogue_size,Catalogue size,Number of RSOs,75.0,75,0,expected_info_gain,Expected information gain,12,41001,0,75,2.0370233058929443,9.654688835144043,5.641262626647936,0.06666666666666667
catalogue_size,Catalogue size,Number of RSOs,75.0,75,0,expected_info_gain,Expected information gain,13,41001,1,75,2.1082603931427,12.84780216217041,8.290225791931146,0.013333333333333334
catalogue_size,Catalogue size,Number of RSOs,75.0,75,0,expected_info_gain,Expected information gain,14,41001,2,75,8.8535795211792,92.29728698730469,27.20543670654296,0.05333333333333334
catalogue_size,Catalogue size,Number of RSOs,75.0,75,0,expected_info_gain,Expected information gain,15,41001,3,75,11.659071922302246,106.92193603515625,56.623246002197206,0.013333333333333334
catalogue_size,Catalogue size,Number of RSOs,75.0,75,0,expected_info_gain,Expected information gain,16,41001,4,75,1.3169039487838745,6.586367607116699,4.084639453887936,0.04
catalogue_size,Catalogue size,Number of RSOs,75.0,75,0,expected_info_gain,Expected information gain,17,41001,5,75,15.192841529846191,102.74314880371094,56.85976486206041,0.02666666666666667
catalogue_size,Catalogue size,Number of RSOs,75.0,75,0,expected_info_gain,Expected information gain,18,41001,6,75,1.3175857067108154,7.695337772369385,3.0724355697631838,0.0
catalogue_size,Catalogue size,Number of RSOs,75.0,75,0,expected_info_gain,Expected information gain,19,41001,7,75,1.3501015901565552,4.153390407562256,3.196756839752197,0.04
catalogue_size,Catalogue size,Number of RSOs,75.0,75,0,expected_info_gain,Expected information gain,20,41001,8,75,1.1839874982833862,3.4327375888824463,2.436316609382628,0.05333333333333334
catalogue_size,Catalogue size,Number of RSOs,75.0,75,0,expected_info_gain,Expected information gain,21,41001,9,75,9.227133750915527,90.95405578613281,30.132104110717766,0.04
catalogue_size,Catalogue size,Number of RSOs,75.0,75,0,expected_info_gain,Expected information gain,22,41001,10,75,1.3004541397094727,4.940352439880371,3.243268013000487,0.013333333333333334
catalogue_size,Catalogue size,Number of RSOs,75.0,75,0,expected_info_gain,Expected information gain,23,41001,11,75,1.5415838956832886,7.822232723236084,4.552488040924071,0.04
catalogue_size,Catalogue size,Number of RSOs,75.0,75,0,flat_lstm,Flat LSTM,0,41000,0,75,4.529423236846924,23.434856414794922,12.167654705047607,0.02666666666666667
catalogue_size,Catalogue size,Number of RSOs,75.0,75,0,flat_lstm,Flat LSTM,1,41000,1,75,1.7837644815444946,7.139537811279297,5.465641546249389,0.04
catalogue_size,Catalogue size,Number of RSOs,75.0,75,0,flat_lstm,Flat LSTM,2,41000,2,75,10.117860794067383,116.24542236328125,27.779845428466764,0.013333333333333334
catalogue_size,Catalogue size,Number of RSOs,75.0,75,0,flat_lstm,Flat LSTM,3,41000,3,75,22.86257553100586,102.79256439208984,90.68656158447266,0.0
catalogue_size,Catalogue size,Number of RSOs,75.0,75,0,flat_lstm,Flat LSTM,4,41000,4,75,12.271937370300293,112.9079360961914,35.78596801757813,0.0
catalogue_size,Catalogue size,Number of RSOs,75.0,75,0,flat_lstm,Flat LSTM,5,41000,5,75,2.195113182067871,19.482643127441406,5.897560596466061,0.013333333333333334
catalogue_size,Catalogue size,Number of RSOs,75.0,75,0,flat_lstm,Flat LSTM,6,41000,6,75,1.419750690460205,5.189510345458984,3.2682380676269527,0.04
catalogue_size,Catalogue size,Number of RSOs,75.0,75,0,flat_lstm,Flat LSTM,7,41000,7,75,5.613793849945068,36.719871520996094,18.309457206726073,0.02666666666666667
catalogue_size,Catalogue size,Number of RSOs,75.0,75,0,flat_lstm,Flat LSTM,8,41000,8,75,6.960986137390137,45.67110824584961,24.391830444335927,0.04
catalogue_size,Catalogue size,Number of RSOs,75.0,75,0,flat_lstm,Flat LSTM,9,41000,9,75,20.48322868347168,120.16492462158203,90.08495635986326,0.0
catalogue_size,Catalogue size,Number of RSOs,75.0,75,0,flat_lstm,Flat LSTM,10,41000,10,75,4.865374565124512,26.889354705810547,14.665079879760741,0.0
catalogue_size,Catalogue size,Number of RSOs,75.0,75,0,flat_lstm,Flat LSTM,11,41000,11,75,3.6169111728668213,113.51190948486328,7.131856918334948,0.04
catalogue_size,Catalogue size,Number of RSOs,75.0,75,0,flat_lstm,Flat LSTM,12,41001,0,75,8.645636558532715,69.95626068115234,25.93547973632812,0.0
catalogue_size,Catalogue size,Number of RSOs,75.0,75,0,flat_lstm,Flat LSTM,13,41001,1,75,28.01715087890625,103.61357116699219,97.9826789855957,0.0
catalogue_size,Catalogue size,Number of RSOs,75.0,75,0,flat_lstm,Flat LSTM,14,41001,2,75,2.0199711322784424,13.117256164550781,4.368193721771239,0.013333333333333334
catalogue_size,Catalogue size,Number of RSOs,75.0,75,0,flat_lstm,Flat LSTM,15,41001,3,75,6.589720249176025,39.13582229614258,18.37019023895263,0.0
catalogue_size,Catalogue size,Number of RSOs,75.0,75,0,flat_lstm,Flat LSTM,16,41001,4,75,20.16682243347168,104.76924896240234,66.56342468261715,0.0
catalogue_size,Catalogue size,Number of RSOs,75.0,75,0,flat_lstm,Flat LSTM,17,41001,5,75,5.891631603240967,92.48786926269531,20.041533470153805,0.02666666666666667
catalogue_size,Catalogue size,Number of RSOs,75.0,75,0,flat_lstm,Flat LSTM,18,41001,6,75,22.278076171875,118.62136840820312,92.29362640380857,0.0
catalogue_size,Catalogue size,Number of RSOs,75.0,75,0,flat_lstm,Flat LSTM,19,41001,7,75,3.529503107070923,29.151275634765625,9.289112854003905,0.04
catalogue_size,Catalogue size,Number of RSOs,75.0,75,0,flat_lstm,Flat LSTM,20,41001,8,75,1.951933741569519,5.2225823402404785,4.076238203048705,0.02666666666666667
catalogue_size,Catalogue size,Number of RSOs,75.0,75,0,flat_lstm,Flat LSTM,21,41001,9,75,6.09304666519165,31.910968780517578,18.657207870483393,0.013333333333333334
catalogue_size,Catalogue size,Number of RSOs,75.0,75,0,flat_lstm,Flat LSTM,22,41001,10,75,17.436481475830078,99.26512908935547,62.94589767456045,0.0
catalogue_size,Catalogue size,Number of RSOs,75.0,75,0,flat_lstm,Flat LSTM,23,41001,11,75,5.937549114227295,99.55317687988281,18.646178054809553,0.013333333333333334
catalogue_size,Catalogue size,Number of RSOs,75.0,75,0,pointer_lstm,Attention-LSTM pointer,0,41000,0,75,0.6972432732582092,3.7391300201416016,1.5468956112861632,0.06666666666666667
catalogue_size,Catalogue size,Number of RSOs,75.0,75,0,pointer_lstm,Attention-LSTM pointer,1,41000,1,75,0.6810706257820129,2.800319194793701,1.57303010225296,0.12
catalogue_size,Catalogue size,Number of RSOs,75.0,75,0,pointer_lstm,Attention-LSTM pointer,2,41000,2,75,0.6457928419113159,2.5614190101623535,1.4449677944183343,0.09333333333333334
catalogue_size,Catalogue size,Number of RSOs,75.0,75,0,pointer_lstm,Attention-LSTM pointer,3,41000,3,75,0.632780134677887,2.86836314201355,1.4573884844779965,0.13333333333333333
catalogue_size,Catalogue size,Number of RSOs,75.0,75,0,pointer_lstm,Attention-LSTM pointer,4,41000,4,75,2.153738498687744,51.80775451660156,3.7876294851303096,0.16
catalogue_size,Catalogue size,Number of RSOs,75.0,75,0,pointer_lstm,Attention-LSTM pointer,5,41000,5,75,0.631314218044281,3.331326484680176,1.39517558813095,0.10666666666666667
catalogue_size,Catalogue size,Number of RSOs,75.0,75,0,pointer_lstm,Attention-LSTM pointer,6,41000,6,75,0.7951511740684509,3.3676064014434814,2.293142247200012,0.06666666666666667
catalogue_size,Catalogue size,Number of RSOs,75.0,75,0,pointer_lstm,Attention-LSTM pointer,7,41000,7,75,1.1333856582641602,12.83366584777832,3.0919606447219765,0.12
catalogue_size,Catalogue size,Number of RSOs,75.0,75,0,pointer_lstm,Attention-LSTM pointer,8,41000,8,75,0.7325106859207153,2.404937744140625,1.9212990283966063,0.13333333333333333
catalogue_size,Catalogue size,Number of RSOs,75.0,75,0,pointer_lstm,Attention-LSTM pointer,9,41000,9,75,0.6299323439598083,2.167219877243042,1.2600179910659788,0.09333333333333334
catalogue_size,Catalogue size,Number of RSOs,75.0,75,0,pointer_lstm,Attention-LSTM pointer,10,41000,10,75,0.7843296527862549,2.241507053375244,1.9680358886718747,0.06666666666666667
catalogue_size,Catalogue size,Number of RSOs,75.0,75,0,pointer_lstm,Attention-LSTM pointer,11,41000,11,75,0.6524392366409302,2.061964273452759,1.4530703663825988,0.14666666666666667
catalogue_size,Catalogue size,Number of RSOs,75.0,75,0,pointer_lstm,Attention-LSTM pointer,12,41001,0,75,0.7912597060203552,3.0958211421966553,1.9545217037200926,0.10666666666666667
catalogue_size,Catalogue size,Number of RSOs,75.0,75,0,pointer_lstm,Attention-LSTM pointer,13,41001,1,75,0.7100070714950562,1.9952948093414307,1.6018841505050654,0.08
catalogue_size,Catalogue size,Number of RSOs,75.0,75,0,pointer_lstm,Attention-LSTM pointer,14,41001,2,75,0.7105613946914673,2.187399387359619,1.7673903107643125,0.08
catalogue_size,Catalogue size,Number of RSOs,75.0,75,0,pointer_lstm,Attention-LSTM pointer,15,41001,3,75,1.0174905061721802,4.793407917022705,3.8640196561813354,0.12
catalogue_size,Catalogue size,Number of RSOs,75.0,75,0,pointer_lstm,Attention-LSTM pointer,16,41001,4,75,0.6809796094894409,2.428952932357788,1.665277087688446,0.08
catalogue_size,Catalogue size,Number of RSOs,75.0,75,0,pointer_lstm,Attention-LSTM pointer,17,41001,5,75,0.6898874640464783,2.2533771991729736,1.6299859285354614,0.14666666666666667
catalogue_size,Catalogue size,Number of RSOs,75.0,75,0,pointer_lstm,Attention-LSTM pointer,18,41001,6,75,0.6046081781387329,1.7517449855804443,1.2777846336364747,0.10666666666666667
catalogue_size,Catalogue size,Number of RSOs,75.0,75,0,pointer_lstm,Attention-LSTM pointer,19,41001,7,75,1.1022757291793823,17.251039505004883,2.8917765855789184,0.12
catalogue_size,Catalogue size,Number of RSOs,75.0,75,0,pointer_lstm,Attention-LSTM pointer,20,41001,8,75,0.8542631268501282,2.8228981494903564,2.572559857368469,0.14666666666666667
catalogue_size,Catalogue size,Number of RSOs,75.0,75,0,pointer_lstm,Attention-LSTM pointer,21,41001,9,75,0.8119603991508484,4.342192649841309,1.803566837310791,0.12
catalogue_size,Catalogue size,Number of RSOs,75.0,75,0,pointer_lstm,Attention-LSTM pointer,22,41001,10,75,0.6230228543281555,2.5874171257019043,1.6635880231857296,0.08
catalogue_size,Catalogue size,Number of RSOs,75.0,75,0,pointer_lstm,Attention-LSTM pointer,23,41001,11,75,0.9613323211669922,5.197013854980469,2.918888068199157,0.05333333333333334
catalogue_size,Catalogue size,Number of RSOs,90.0,90,0,expected_info_gain,Expected information gain,0,41000,0,90,2.6160147190093994,17.301374435424805,9.702679347991937,0.0
catalogue_size,Catalogue size,Number of RSOs,90.0,90,0,expected_info_gain,Expected information gain,1,41000,1,90,2.757263422012329,26.742168426513672,13.458166122436522,0.0
catalogue_size,Catalogue size,Number of RSOs,90.0,90,0,expected_info_gain,Expected information gain,2,41000,2,90,2.288891315460205,20.5501708984375,8.105362224578855,0.022222222222222223
catalogue_size,Catalogue size,Number of RSOs,90.0,90,0,expected_info_gain,Expected information gain,3,41000,3,90,13.3006010055542,93.49275970458984,52.455621147155725,0.0
catalogue_size,Catalogue size,Number of RSOs,90.0,90,0,expected_info_gain,Expected information gain,4,41000,4,90,5.19636344909668,78.35630798339844,17.07367076873779,0.03333333333333333
catalogue_size,Catalogue size,Number of RSOs,90.0,90,0,expected_info_gain,Expected information gain,5,41000,5,90,4.205183506011963,28.931705474853516,11.643211555480953,0.0
catalogue_size,Catalogue size,Number of RSOs,90.0,90,0,expected_info_gain,Expected information gain,6,41000,6,90,3.557746648788452,67.68663024902344,8.723314332962035,0.022222222222222223
catalogue_size,Catalogue size,Number of RSOs,90.0,90,0,expected_info_gain,Expected information gain,7,41000,7,90,8.881787300109863,92.23013305664062,23.470147323608398,0.03333333333333333
catalogue_size,Catalogue size,Number of RSOs,90.0,90,0,expected_info_gain,Expected information gain,8,41000,8,90,2.328691005706787,6.36925745010376,4.705653452873229,0.011111111111111112
catalogue_size,Catalogue size,Number of RSOs,90.0,90,0,expected_info_gain,Expected information gain,9,41000,9,90,18.21257209777832,103.9156723022461,88.21469993591309,0.0
catalogue_size,Catalogue size,Number of RSOs,90.0,90,0,expected_info_gain,Expected information gain,10,41000,10,90,18.154048919677734,98.4261703491211,95.18838653564453,0.011111111111111112
catalogue_size,Catalogue size,Number of RSOs,90.0,90,0,expected_info_gain,Expected information gain,11,41000,11,90,4.923347473144531,94.63592529296875,20.041182422637938,0.011111111111111112
catalogue_size,Catalogue size,Number of RSOs,90.0,90,0,expected_info_gain,Expected information gain,12,41001,0,90,4.635294437408447,38.01934051513672,23.742237281799245,0.011111111111111112
catalogue_size,Catalogue size,Number of RSOs,90.0,90,0,expected_info_gain,Expected information gain,13,41001,1,90,11.031279563903809,112.08912658691406,36.73847694396973,0.044444444444444446
catalogue_size,Catalogue size,Number of RSOs,90.0,90,0,expected_info_gain,Expected information gain,14,41001,2,90,9.875842094421387,84.56497955322266,33.48775100708007,0.0
catalogue_size,Catalogue size,Number of RSOs,90.0,90,0,expected_info_gain,Expected information gain,15,41001,3,90,15.191926956176758,106.12288665771484,47.61783390045164,0.022222222222222223
catalogue_size,Catalogue size,Number of RSOs,90.0,90,0,expected_info_gain,Expected information gain,16,41001,4,90,1.4936000108718872,7.069807529449463,3.495616006851196,0.011111111111111112
catalogue_size,Catalogue size,Number of RSOs,90.0,90,0,expected_info_gain,Expected information gain,17,41001,5,90,28.619544982910156,102.74809265136719,95.61803588867187,0.0
catalogue_size,Catalogue size,Number of RSOs,90.0,90,0,expected_info_gain,Expected information gain,18,41001,6,90,8.922598838806152,110.07017517089844,38.89285945892333,0.0
catalogue_size,Catalogue size,Number of RSOs,90.0,90,0,expected_info_gain,Expected information gain,19,41001,7,90,2.798698902130127,33.904258728027344,5.847075200080871,0.03333333333333333
catalogue_size,Catalogue size,Number of RSOs,90.0,90,0,expected_info_gain,Expected information gain,20,41001,8,90,1.6562979221343994,8.44160270690918,4.627666592597959,0.011111111111111112
catalogue_size,Catalogue size,Number of RSOs,90.0,90,0,expected_info_gain,Expected information gain,21,41001,9,90,3.915670394897461,35.9564094543457,14.220321321487424,0.08888888888888889
catalogue_size,Catalogue size,Number of RSOs,90.0,90,0,expected_info_gain,Expected information gain,22,41001,10,90,17.335872650146484,89.97645568847656,78.06941719055175,0.0
catalogue_size,Catalogue size,Number of RSOs,90.0,90,0,expected_info_gain,Expected information gain,23,41001,11,90,9.86937427520752,99.56759643554688,57.518668746948094,0.0
catalogue_size,Catalogue size,Number of RSOs,90.0,90,0,flat_lstm,Flat LSTM,0,41000,0,90,1.8627960681915283,4.449721336364746,3.913135492801666,0.044444444444444446
catalogue_size,Catalogue size,Number of RSOs,90.0,90,0,flat_lstm,Flat LSTM,1,41000,1,90,22.970176696777344,116.1788558959961,86.8222026824951,0.0
catalogue_size,Catalogue size,Number of RSOs,90.0,90,0,flat_lstm,Flat LSTM,2,41000,2,90,4.276493549346924,20.068387985229492,13.070855188369748,0.044444444444444446
catalogue_size,Catalogue size,Number of RSOs,90.0,90,0,flat_lstm,Flat LSTM,3,41000,3,90,19.792743682861328,102.80282592773438,85.86581687927246,0.0
catalogue_size,Catalogue size,Number of RSOs,90.0,90,0,flat_lstm,Flat LSTM,4,41000,4,90,13.755315780639648,99.65480041503906,46.273400878906216,0.0
catalogue_size,Catalogue size,Number of RSOs,90.0,90,0,flat_lstm,Flat LSTM,5,41000,5,90,30.82139015197754,120.1170883178711,105.27304916381836,0.0
catalogue_size,Catalogue size,Number of RSOs,90.0,90,0,flat_lstm,Flat LSTM,6,41000,6,90,28.390941619873047,108.02051544189453,103.25395240783692,0.0
catalogue_size,Catalogue size,Number of RSOs,90.0,90,0,flat_lstm,Flat LSTM,7,41000,7,90,36.61773681640625,105.79983520507812,100.06020965576171,0.0
catalogue_size,Catalogue size,Number of RSOs,90.0,90,0,flat_lstm,Flat LSTM,8,41000,8,90,34.767478942871094,109.22409057617188,102.56726455688477,0.0
catalogue_size,Catalogue size,Number of RSOs,90.0,90,0,flat_lstm,Flat LSTM,9,41000,9,90,3.2978522777557373,17.82868194580078,10.39923214912414,0.011111111111111112
catalogue_size,Catalogue size,Number of RSOs,90.0,90,0,flat_lstm,Flat LSTM,10,41000,10,90,37.8190803527832,106.04603576660156,103.6670913696289,0.0
catalogue_size,Catalogue size,Number of RSOs,90.0,90,0,flat_lstm,Flat LSTM,11,41000,11,90,17.71089744567871,104.46635437011719,38.080275917053214,0.0
catalogue_size,Catalogue size,Number of RSOs,90.0,90,0,flat_lstm,Flat LSTM,12,41001,0,90,13.87924575805664,98.61831665039062,37.90830020904539,0.011111111111111112
catalogue_size,Catalogue size,Number of RSOs,90.0,90,0,flat_lstm,Flat LSTM,13,41001,1,90,10.066163063049316,85.02921295166016,25.36452522277831,0.022222222222222223
catalogue_size,Catalogue size,Number of RSOs,90.0,90,0,flat_lstm,Flat LSTM,14,41001,2,90,21.36998748779297,101.84144592285156,71.56875686645495,0.0
catalogue_size,Catalogue size,Number of RSOs,90.0,90,0,flat_lstm,Flat LSTM,15,41001,3,90,29.393796920776367,104.08517456054688,96.06112861633301,0.0
catalogue_size,Catalogue size,Number of RSOs,90.0,90,0,flat_lstm,Flat LSTM,16,41001,4,90,16.997699737548828,93.34370422363281,38.6225959777832,0.011111111111111112
catalogue_size,Catalogue size,Number of RSOs,90.0,90,0,flat_lstm,Flat LSTM,17,41001,5,90,18.51688575744629,117.3705825805664,92.83620223999023,0.0
catalogue_size,Catalogue size,Number of RSOs,90.0,90,0,flat_lstm,Flat LSTM,18,41001,6,90,1.72819185256958,4.922446250915527,3.3788614034652706,0.011111111111111112
catalogue_size,Catalogue size,Number of RSOs,90.0,90,0,flat_lstm,Flat LSTM,19,41001,7,90,5.003533840179443,37.63825988769531,14.841133308410644,0.011111111111111112
catalogue_size,Catalogue size,Number of RSOs,90.0,90,0,flat_lstm,Flat LSTM,20,41001,8,90,29.07350730895996,105.45764923095703,96.72095222473145,0.022222222222222223
catalogue_size,Catalogue size,Number of RSOs,90.0,90,0,flat_lstm,Flat LSTM,21,41001,9,90,35.512840270996094,108.38300323486328,99.08608055114746,0.0
catalogue_size,Catalogue size,Number of RSOs,90.0,90,0,flat_lstm,Flat LSTM,22,41001,10,90,20.61054229736328,100.38056945800781,61.37142601013174,0.011111111111111112
catalogue_size,Catalogue size,Number of RSOs,90.0,90,0,flat_lstm,Flat LSTM,23,41001,11,90,4.484694004058838,32.51475524902344,13.279326915740965,0.0
catalogue_size,Catalogue size,Number of RSOs,90.0,90,0,pointer_lstm,Attention-LSTM pointer,0,41000,0,90,1.8364081382751465,76.9119873046875,2.8913859486579883,0.06666666666666667
catalogue_size,Catalogue size,Number of RSOs,90.0,90,0,pointer_lstm,Attention-LSTM pointer,1,41000,1,90,0.7142571210861206,2.9215826988220215,1.6314788818359374,0.08888888888888889
catalogue_size,Catalogue size,Number of RSOs,90.0,90,0,pointer_lstm,Attention-LSTM pointer,2,41000,2,90,0.6856550574302673,2.241950035095215,1.6908613204956053,0.08888888888888889
catalogue_size,Catalogue size,Number of RSOs,90.0,90,0,pointer_lstm,Attention-LSTM pointer,3,41000,3,90,1.1377595663070679,10.029007911682129,2.124669337272644,0.06666666666666667
catalogue_size,Catalogue size,Number of RSOs,90.0,90,0,pointer_lstm,Attention-LSTM pointer,4,41000,4,90,1.7018070220947266,11.4063138961792,8.710643625259399,0.1
catalogue_size,Catalogue size,Number of RSOs,90.0,90,0,pointer_lstm,Attention-LSTM pointer,5,41000,5,90,2.8818912506103516,114.15377044677734,7.807063674926749,0.05555555555555555
catalogue_size,Catalogue size,Number of RSOs,90.0,90,0,pointer_lstm,Attention-LSTM pointer,6,41000,6,90,0.9050973057746887,3.5892257690429688,2.5829759836196895,0.06666666666666667
catalogue_size,Catalogue size,Number of RSOs,90.0,90,0,pointer_lstm,Attention-LSTM pointer,7,41000,7,90,0.916938841342926,4.603352069854736,2.5687316536903375,0.1
catalogue_size,Catalogue size,Number of RSOs,90.0,90,0,pointer_lstm,Attention-LSTM pointer,8,41000,8,90,1.1030339002609253,3.9676311016082764,3.0944969892501826,0.08888888888888889
catalogue_size,Catalogue size,Number of RSOs,90.0,90,0,pointer_lstm,Attention-LSTM pointer,9,41000,9,90,0.6861295104026794,2.578697443008423,1.8118983209133146,0.1
catalogue_size,Catalogue size,Number of RSOs,90.0,90,0,pointer_lstm,Attention-LSTM pointer,10,41000,10,90,0.7767120599746704,2.318480968475342,1.92461324930191,0.05555555555555555
catalogue_size,Catalogue size,Number of RSOs,90.0,90,0,pointer_lstm,Attention-LSTM pointer,11,41000,11,90,0.9205712080001831,4.145326137542725,2.416617393493652,0.03333333333333333
catalogue_size,Catalogue size,Number of RSOs,90.0,90,0,pointer_lstm,Attention-LSTM pointer,12,41001,0,90,3.316054582595825,104.95231628417969,9.909151363372802,0.05555555555555555
catalogue_size,Catalogue size,Number of RSOs,90.0,90,0,pointer_lstm,Attention-LSTM pointer,13,41001,1,90,1.139841914176941,4.66388463973999,3.6661617159843445,0.08888888888888889
catalogue_size,Catalogue size,Number of RSOs,90.0,90,0,pointer_lstm,Attention-LSTM pointer,14,41001,2,90,0.7052295207977295,2.624457836151123,1.5858893394470213,0.044444444444444446
catalogue_size,Catalogue size,Number of RSOs,90.0,90,0,pointer_lstm,Attention-LSTM pointer,15,41001,3,90,0.7124049067497253,2.1977477073669434,1.65273465514183,0.08888888888888889
catalogue_size,Catalogue size,Number of RSOs,90.0,90,0,pointer_lstm,Attention-LSTM pointer,16,41001,4,90,1.0064531564712524,7.799289226531982,2.6717171430587765,0.044444444444444446
catalogue_size,Catalogue size,Number of RSOs,90.0,90,0,pointer_lstm,Attention-LSTM pointer,17,41001,5,90,0.9598391056060791,5.225677967071533,2.756268215179443,0.06666666666666667
catalogue_size,Catalogue size,Number of RSOs,90.0,90,0,pointer_lstm,Attention-LSTM pointer,18,41001,6,90,0.8792463541030884,4.000302314758301,2.036605310440063,0.05555555555555555
catalogue_size,Catalogue size,Number of RSOs,90.0,90,0,pointer_lstm,Attention-LSTM pointer,19,41001,7,90,0.8153100609779358,4.174582004547119,1.7826260089874268,0.08888888888888889
catalogue_size,Catalogue size,Number of RSOs,90.0,90,0,pointer_lstm,Attention-LSTM pointer,20,41001,8,90,0.7657321691513062,2.505430221557617,1.7216209650039669,0.07777777777777778
catalogue_size,Catalogue size,Number of RSOs,90.0,90,0,pointer_lstm,Attention-LSTM pointer,21,41001,9,90,1.4731675386428833,11.853041648864746,5.134329748153684,0.05555555555555555
catalogue_size,Catalogue size,Number of RSOs,90.0,90,0,pointer_lstm,Attention-LSTM pointer,22,41001,10,90,1.0217982530593872,21.82122039794922,2.7929958462715145,0.12222222222222222
catalogue_size,Catalogue size,Number of RSOs,90.0,90,0,pointer_lstm,Attention-LSTM pointer,23,41001,11,90,0.8034999370574951,2.349534749984741,1.9880732774734495,0.08888888888888889
catalogue_size,Catalogue size,Number of RSOs,105.0,105,0,expected_info_gain,Expected information gain,0,41000,0,105,2.8842270374298096,32.579280853271484,10.353225708007809,0.0
catalogue_size,Catalogue size,Number of RSOs,105.0,105,0,expected_info_gain,Expected information gain,1,41000,1,105,1.662483811378479,7.541132926940918,4.215113258361816,0.0
catalogue_size,Catalogue size,Number of RSOs,105.0,105,0,expected_info_gain,Expected information gain,2,41000,2,105,13.462026596069336,81.93252563476562,31.88021850585936,0.0
catalogue_size,Catalogue size,Number of RSOs,105.0,105,0,expected_info_gain,Expected information gain,3,41000,3,105,14.045677185058594,98.77449798583984,63.535695648193276,0.009523809523809525
catalogue_size,Catalogue size,Number of RSOs,105.0,105,0,expected_info_gain,Expected information gain,4,41000,4,105,7.801790714263916,39.92551803588867,26.10225715637207,0.009523809523809525
catalogue_size,Catalogue size,Number of RSOs,105.0,105,0,expected_info_gain,Expected information gain,5,41000,5,105,9.705464363098145,74.08111572265625,37.739524078369136,0.0
catalogue_size,Catalogue size,Number of RSOs,105.0,105,0,expected_info_gain,Expected information gain,6,41000,6,105,2.078303098678589,13.8020658493042,6.041277122497559,0.047619047619047616
catalogue_size,Catalogue size,Number of RSOs,105.0,105,0,expected_info_gain,Expected information gain,7,41000,7,105,16.26043128967285,102.28870391845703,95.36235961914062,0.009523809523809525
catalogue_size,Catalogue size,Number of RSOs,105.0,105,0,expected_info_gain,Expected information gain,8,41000,8,105,18.632291793823242,103.30949401855469,56.26593017578124,0.0
catalogue_size,Catalogue size,Number of RSOs,105.0,105,0,expected_info_gain,Expected information gain,9,41000,9,105,21.051761627197266,104.61460876464844,86.59514465332032,0.0
catalogue_size,Catalogue size,Number of RSOs,105.0,105,0,expected_info_gain,Expected information gain,10,41000,10,105,29.671653747558594,100.05724334716797,95.94357604980469,0.0
catalogue_size,Catalogue size,Number of RSOs,105.0,105,0,expected_info_gain,Expected information gain,11,41000,11,105,9.359230041503906,115.08857727050781,40.443817138671875,0.0380952380952381
catalogue_size,Catalogue size,Number of RSOs,105.0,105,0,expected_info_gain,Expected information gain,12,41001,0,105,15.906042098999023,99.2218017578125,91.04758148193358,0.0
catalogue_size,Catalogue size,Number of RSOs,105.0,105,0,expected_info_gain,Expected information gain,13,41001,1,105,10.293813705444336,96.31458282470703,25.43835296630859,0.0380952380952381
catalogue_size,Catalogue size,Number of RSOs,105.0,105,0,expected_info_gain,Expected information gain,14,41001,2,105,12.448806762695312,112.01034545898438,36.248343658447254,0.0
catalogue_size,Catalogue size,Number of RSOs,105.0,105,0,expected_info_gain,Expected information gain,15,41001,3,105,22.825185775756836,97.25462341308594,70.13948211669917,0.0
catalogue_size,Catalogue size,Number of RSOs,105.0,105,0,expected_info_gain,Expected information gain,16,41001,4,105,2.063277244567871,18.77325439453125,4.455398178100586,0.009523809523809525
catalogue_size,Catalogue size,Number of RSOs,105.0,105,0,expected_info_gain,Expected information gain,17,41001,5,105,8.850886344909668,84.70249938964844,30.776737213134727,0.0
catalogue_size,Catalogue size,Number of RSOs,105.0,105,0,expected_info_gain,Expected information gain,18,41001,6,105,16.782466888427734,104.69505310058594,91.25431823730467,0.01904761904761905
catalogue_size,Catalogue size,Number of RSOs,105.0,105,0,expected_info_gain,Expected information gain,19,41001,7,105,4.980796813964844,36.960201263427734,14.137794303894042,0.0
catalogue_size,Catalogue size,Number of RSOs,105.0,105,0,expected_info_gain,Expected information gain,20,41001,8,105,21.67516326904297,99.89872741699219,64.83651962280267,0.0
catalogue_size,Catalogue size,Number of RSOs,105.0,105,0,expected_info_gain,Expected information gain,21,41001,9,105,10.205754280090332,102.69117736816406,36.63717575073241,0.009523809523809525
catalogue_size,Catalogue size,Number of RSOs,105.0,105,0,expected_info_gain,Expected information gain,22,41001,10,105,6.062434673309326,44.18581771850586,30.339236068725583,0.0
catalogue_size,Catalogue size,Number of RSOs,105.0,105,0,expected_info_gain,Expected information gain,23,41001,11,105,18.32942771911621,101.63262176513672,92.62665710449218,0.0
catalogue_size,Catalogue size,Number of RSOs,105.0,105,0,flat_lstm,Flat LSTM,0,41000,0,105,23.091665267944336,109.97991943359375,85.75390167236328,0.0
catalogue_size,Catalogue size,Number of RSOs,105.0,105,0,flat_lstm,Flat LSTM,1,41000,1,105,48.065486907958984,107.98695373535156,103.23968048095703,0.0
catalogue_size,Catalogue size,Number of RSOs,105.0,105,0,flat_lstm,Flat LSTM,2,41000,2,105,46.131202697753906,118.07637786865234,105.1800552368164,0.0
catalogue_size,Catalogue size,Number of RSOs,105.0,105,0,flat_lstm,Flat LSTM,3,41000,3,105,24.82311248779297,119.73280334472656,103.9448272705078,0.009523809523809525
catalogue_size,Catalogue size,Number of RSOs,105.0,105,0,flat_lstm,Flat LSTM,4,41000,4,105,38.91472625732422,111.16928100585938,99.2524932861328,0.0
catalogue_size,Catalogue size,Number of RSOs,105.0,105,0,flat_lstm,Flat LSTM,5,41000,5,105,42.70714569091797,119.5703125,104.14176330566406,0.0
catalogue_size,Catalogue size,Number of RSOs,105.0,105,0,flat_lstm,Flat LSTM,6,41000,6,105,5.109395503997803,46.55329895019531,16.82431373596191,0.02857142857142857
catalogue_size,Catalogue size,Number of RSOs,105.0,105,0,flat_lstm,Flat LSTM,7,41000,7,105,33.411380767822266,118.64315795898438,102.19739227294922,0.0
catalogue_size,Catalogue size,Number of RSOs,105.0,105,0,flat_lstm,Flat LSTM,8,41000,8,105,32.02421951293945,119.19075775146484,103.61377868652343,0.0
catalogue_size,Catalogue size,Number of RSOs,105.0,105,0,flat_lstm,Flat LSTM,9,41000,9,105,20.9227237701416,106.13572692871094,92.13813781738281,0.0
catalogue_size,Catalogue size,Number of RSOs,105.0,105,0,flat_lstm,Flat LSTM,10,41000,10,105,43.44184875488281,104.6875,100.74935455322266,0.0
catalogue_size,Catalogue size,Number of RSOs,105.0,105,0,flat_lstm,Flat LSTM,11,41000,11,105,42.70789337158203,108.2111587524414,104.88456573486329,0.0
catalogue_size,Catalogue size,Number of RSOs,105.0,105,0,flat_lstm,Flat LSTM,12,41001,0,105,49.624061584472656,108.66926574707031,105.45234069824218,0.0
catalogue_size,Catalogue size,Number of RSOs,105.0,105,0,flat_lstm,Flat LSTM,13,41001,1,105,10.138473510742188,103.42292785644531,24.186391448974607,0.0
catalogue_size,Catalogue size,Number of RSOs,105.0,105,0,flat_lstm,Flat LSTM,14,41001,2,105,52.43656921386719,108.29341125488281,105.85848999023438,0.0
catalogue_size,Catalogue size,Number of RSOs,105.0,105,0,flat_lstm,Flat LSTM,15,41001,3,105,34.5648078918457,104.26716613769531,99.0806167602539,0.0
catalogue_size,Catalogue size,Number of RSOs,105.0,105,0,flat_lstm,Flat LSTM,16,41001,4,105,38.93701171875,121.31825256347656,104.21214141845704,0.0
catalogue_size,Catalogue size,Number of RSOs,105.0,105,0,flat_lstm,Flat LSTM,17,41001,5,105,45.39584732055664,111.49108123779297,106.45444946289062,0.01904761904761905
catalogue_size,Catalogue size,Number of RSOs,105.0,105,0,flat_lstm,Flat LSTM,18,41001,6,105,1.831520915031433,11.243170738220215,3.5414034843444817,0.0
catalogue_size,Catalogue size,Number of RSOs,105.0,105,0,flat_lstm,Flat LSTM,19,41001,7,105,28.369016647338867,119.22634887695312,97.3947036743164,0.009523809523809525
catalogue_size,Catalogue size,Number of RSOs,105.0,105,0,flat_lstm,Flat LSTM,20,41001,8,105,24.974206924438477,120.59495544433594,82.27340087890623,0.0
catalogue_size,Catalogue size,Number of RSOs,105.0,105,0,flat_lstm,Flat LSTM,21,41001,9,105,40.335350036621094,109.64982604980469,106.1180404663086,0.0
catalogue_size,Catalogue size,Number of RSOs,105.0,105,0,flat_lstm,Flat LSTM,22,41001,10,105,34.16623306274414,102.86322021484375,95.17615814208983,0.0
catalogue_size,Catalogue size,Number of RSOs,105.0,105,0,flat_lstm,Flat LSTM,23,41001,11,105,15.512110710144043,110.06532287597656,44.3807189941406,0.009523809523809525
catalogue_size,Catalogue size,Number of RSOs,105.0,105,0,pointer_lstm,Attention-LSTM pointer,0,41000,0,105,1.0442168712615967,4.00356388092041,2.6491983413696287,0.05714285714285714
catalogue_size,Catalogue size,Number of RSOs,105.0,105,0,pointer_lstm,Attention-LSTM pointer,1,41000,1,105,1.1355457305908203,7.290226936340332,3.06339054107666,0.08571428571428572
catalogue_size,Catalogue size,Number of RSOs,105.0,105,0,pointer_lstm,Attention-LSTM pointer,2,41000,2,105,1.1006498336791992,7.710781097412109,3.341770362854004,0.0761904761904762
catalogue_size,Catalogue size,Number of RSOs,105.0,105,0,pointer_lstm,Attention-LSTM pointer,3,41000,3,105,0.8785045146942139,4.2413763999938965,2.3190684795379632,0.08571428571428572
catalogue_size,Catalogue size,Number of RSOs,105.0,105,0,pointer_lstm,Attention-LSTM pointer,4,41000,4,105,2.95723557472229,115.47615051269531,7.999059867858886,0.01904761904761905
catalogue_size,Catalogue size,Number of RSOs,105.0,105,0,pointer_lstm,Attention-LSTM pointer,5,41000,5,105,1.6277908086776733,14.041935920715332,6.836661815643306,0.01904761904761905
catalogue_size,Catalogue size,Number of RSOs,105.0,105,0,pointer_lstm,Attention-LSTM pointer,6,41000,6,105,1.1845542192459106,9.546043395996094,2.4160027503967285,0.01904761904761905
catalogue_size,Catalogue size,Number of RSOs,105.0,105,0,pointer_lstm,Attention-LSTM pointer,7,41000,7,105,0.9946684241294861,4.836357116699219,2.546770906448364,0.047619047619047616
catalogue_size,Catalogue size,Number of RSOs,105.0,105,0,pointer_lstm,Attention-LSTM pointer,8,41000,8,105,0.9354841709136963,3.9999794960021973,2.370164346694946,0.06666666666666667
catalogue_size,Catalogue size,Number of RSOs,105.0,105,0,pointer_lstm,Attention-LSTM pointer,9,41000,9,105,1.922813892364502,25.543716430664062,4.638443470001221,0.0380952380952381
catalogue_size,Catalogue size,Number of RSOs,105.0,105,0,pointer_lstm,Attention-LSTM pointer,10,41000,10,105,1.9299442768096924,37.91661834716797,4.37832679748535,0.047619047619047616
catalogue_size,Catalogue size,Number of RSOs,105.0,105,0,pointer_lstm,Attention-LSTM pointer,11,41000,11,105,1.1072649955749512,4.7307891845703125,2.8018218040466305,0.06666666666666667
catalogue_size,Catalogue size,Number of RSOs,105.0,105,0,pointer_lstm,Attention-LSTM pointer,12,41001,0,105,0.9200047254562378,3.5503108501434326,2.660853862762451,0.10476190476190476
catalogue_size,Catalogue size,Number of RSOs,105.0,105,0,pointer_lstm,Attention-LSTM pointer,13,41001,1,105,2.4189212322235107,24.273719787597656,8.322473335266112,0.047619047619047616
catalogue_size,Catalogue size,Number of RSOs,105.0,105,0,pointer_lstm,Attention-LSTM pointer,14,41001,2,105,3.6473114490509033,105.80663299560547,5.8941842079162585,0.02857142857142857
catalogue_size,Catalogue size,Number of RSOs,105.0,105,0,pointer_lstm,Attention-LSTM pointer,15,41001,3,105,1.6344425678253174,40.936946868896484,3.3179069519042965,0.0761904761904762
catalogue_size,Catalogue size,Number of RSOs,105.0,105,0,pointer_lstm,Attention-LSTM pointer,16,41001,4,105,1.3860108852386475,9.303034782409668,3.4290445327758787,0.01904761904761905
catalogue_size,Catalogue size,Number of RSOs,105.0,105,0,pointer_lstm,Attention-LSTM pointer,17,41001,5,105,1.1680916547775269,9.854161262512207,2.673105239868164,0.05714285714285714
catalogue_size,Catalogue size,Number of RSOs,105.0,105,0,pointer_lstm,Attention-LSTM pointer,18,41001,6,105,1.299865961074829,10.7923002243042,3.8822298526763914,0.06666666666666667
catalogue_size,Catalogue size,Number of RSOs,105.0,105,0,pointer_lstm,Attention-LSTM pointer,19,41001,7,105,1.4280543327331543,6.514101982116699,4.152522182464599,0.0380952380952381
catalogue_size,Catalogue size,Number of RSOs,105.0,105,0,pointer_lstm,Attention-LSTM pointer,20,41001,8,105,0.9011247158050537,4.163050651550293,2.167539882659912,0.06666666666666667
catalogue_size,Catalogue size,Number of RSOs,105.0,105,0,pointer_lstm,Attention-LSTM pointer,21,41001,9,105,1.4086079597473145,16.309757232666016,3.871358489990233,0.08571428571428572
catalogue_size,Catalogue size,Number of RSOs,105.0,105,0,pointer_lstm,Attention-LSTM pointer,22,41001,10,105,1.0701088905334473,4.7607622146606445,2.9839947700500487,0.10476190476190476
catalogue_size,Catalogue size,Number of RSOs,105.0,105,0,pointer_lstm,Attention-LSTM pointer,23,41001,11,105,2.818713665008545,72.0238265991211,7.431506538391113,0.05714285714285714
catalogue_size,Catalogue size,Number of RSOs,120.0,120,0,expected_info_gain,Expected information gain,0,41000,0,120,16.176467895507812,96.08819580078125,39.754107284545896,0.008333333333333333
catalogue_size,Catalogue size,Number of RSOs,120.0,120,0,expected_info_gain,Expected information gain,1,41000,1,120,19.4943904876709,104.18719482421875,85.79005737304686,0.0
catalogue_size,Catalogue size,Number of RSOs,120.0,120,0,expected_info_gain,Expected information gain,2,41000,2,120,16.77495765686035,100.13555908203125,49.6488386154174,0.008333333333333333
catalogue_size,Catalogue size,Number of RSOs,120.0,120,0,expected_info_gain,Expected information gain,3,41000,3,120,28.223243713378906,104.50674438476562,98.88579216003417,0.0
catalogue_size,Catalogue size,Number of RSOs,120.0,120,0,expected_info_gain,Expected information gain,4,41000,4,120,36.677513122558594,99.65753936767578,95.7822322845459,0.0
catalogue_size,Catalogue size,Number of RSOs,120.0,120,0,expected_info_gain,Expected information gain,5,41000,5,120,28.0950927734375,103.53587341308594,96.80543823242188,0.0
catalogue_size,Catalogue size,Number of RSOs,120.0,120,0,expected_info_gain,Expected information gain,6,41000,6,120,5.413789749145508,38.034706115722656,25.789520549774142,0.016666666666666666
catalogue_size,Catalogue size,Number of RSOs,120.0,120,0,expected_info_gain,Expected information gain,7,41000,7,120,10.329130172729492,96.61463165283203,30.064690971374493,0.016666666666666666
catalogue_size,Catalogue size,Number of RSOs,120.0,120,0,expected_info_gain,Expected information gain,8,41000,8,120,13.81572437286377,101.63215637207031,87.04768447875975,0.016666666666666666
catalogue_size,Catalogue size,Number of RSOs,120.0,120,0,expected_info_gain,Expected information gain,9,41000,9,120,30.47887420654297,104.61495971679688,96.4896083831787,0.0
catalogue_size,Catalogue size,Number of RSOs,120.0,120,0,expected_info_gain,Expected information gain,10,41000,10,120,35.64545822143555,101.41523742675781,97.65952682495117,0.0
catalogue_size,Catalogue size,Number of RSOs,120.0,120,0,expected_info_gain,Expected information gain,11,41000,11,120,4.513882637023926,106.75233459472656,12.828280305862426,0.03333333333333333
catalogue_size,Catalogue size,Number of RSOs,120.0,120,0,expected_info_gain,Expected information gain,12,41001,0,120,19.035152435302734,102.2219009399414,85.35224227905273,0.0
catalogue_size,Catalogue size,Number of RSOs,120.0,120,0,expected_info_gain,Expected information gain,13,41001,1,120,10.451354026794434,95.25456237792969,26.987788200378414,0.016666666666666666
catalogue_size,Catalogue size,Number of RSOs,120.0,120,0,expected_info_gain,Expected information gain,14,41001,2,120,14.141658782958984,99.14939880371094,89.60799026489258,0.008333333333333333
catalogue_size,Catalogue size,Number of RSOs,120.0,120,0,expected_info_gain,Expected information gain,15,41001,3,120,15.708632469177246,101.39214324951172,73.98328552246092,0.0
catalogue_size,Catalogue size,Number of RSOs,120.0,120,0,expected_info_gain,Expected information gain,16,41001,4,120,7.111871719360352,46.95647430419922,21.236284160614,0.008333333333333333
catalogue_size,Catalogue size,Number of RSOs,120.0,120,0,expected_info_gain,Expected information gain,17,41001,5,120,3.771514892578125,33.43175506591797,12.537057256698608,0.016666666666666666
catalogue_size,Catalogue size,Number of RSOs,120.0,120,0,expected_info_gain,Expected information gain,18,41001,6,120,14.460997581481934,92.62022399902344,33.67680130004882,0.0
catalogue_size,Catalogue size,Number of RSOs,120.0,120,0,expected_info_gain,Expected information gain,19,41001,7,120,24.557994842529297,100.73153686523438,96.52523193359374,0.0
catalogue_size,Catalogue size,Number of RSOs,120.0,120,0,expected_info_gain,Expected information gain,20,41001,8,120,6.699545860290527,93.70722961425781,30.07944908142087,0.0
catalogue_size,Catalogue size,Number of RSOs,120.0,120,0,expected_info_gain,Expected information gain,21,41001,9,120,23.373456954956055,103.91156005859375,99.69552917480469,0.0
catalogue_size,Catalogue size,Number of RSOs,120.0,120,0,expected_info_gain,Expected information gain,22,41001,10,120,5.783945560455322,101.89456939697266,20.690116977691645,0.041666666666666664
catalogue_size,Catalogue size,Number of RSOs,120.0,120,0,expected_info_gain,Expected information gain,23,41001,11,120,20.116918563842773,107.83960723876953,90.38793983459472,0.0
catalogue_size,Catalogue size,Number of RSOs,120.0,120,0,flat_lstm,Flat LSTM,0,41000,0,120,28.04616928100586,120.46809387207031,92.52388954162596,0.0
catalogue_size,Catalogue size,Number of RSOs,120.0,120,0,flat_lstm,Flat LSTM,1,41000,1,120,16.000364303588867,114.15753936767578,32.124011135101306,0.008333333333333333
catalogue_size,Catalogue size,Number of RSOs,120.0,120,0,flat_lstm,Flat LSTM,2,41000,2,120,22.27760887145996,119.10440063476562,87.89374732971191,0.0
catalogue_size,Catalogue size,Number of RSOs,120.0,120,0,flat_lstm,Flat LSTM,3,41000,3,120,21.07019805908203,120.44220733642578,92.18065338134765,0.0
catalogue_size,Catalogue size,Number of RSOs,120.0,120,0,flat_lstm,Flat LSTM,4,41000,4,120,25.84232521057129,108.10769653320312,94.75392532348633,0.0
catalogue_size,Catalogue size,Number of RSOs,120.0,120,0,flat_lstm,Flat LSTM,5,41000,5,120,43.274436950683594,116.73873901367188,104.74735565185547,0.0
catalogue_size,Catalogue size,Number of RSOs,120.0,120,0,flat_lstm,Flat LSTM,6,41000,6,120,41.85191345214844,111.70132446289062,104.96715126037597,0.0
catalogue_size,Catalogue size,Number of RSOs,120.0,120,0,flat_lstm,Flat LSTM,7,41000,7,120,38.52439498901367,108.87793731689453,97.51918144226073,0.008333333333333333
catalogue_size,Catalogue size,Number of RSOs,120.0,120,0,flat_lstm,Flat LSTM,8,41000,8,120,25.85836410522461,109.61779022216797,96.22508392333984,0.0
catalogue_size,Catalogue size,Number of RSOs,120.0,120,0,flat_lstm,Flat LSTM,9,41000,9,120,57.13446044921875,108.44264221191406,104.6441104888916,0.0
catalogue_size,Catalogue size,Number of RSOs,120.0,120,0,flat_lstm,Flat LSTM,10,41000,10,120,49.26601028442383,107.50875854492188,104.49754943847655,0.0
catalogue_size,Catalogue size,Number of RSOs,120.0,120,0,flat_lstm,Flat LSTM,11,41000,11,120,23.917499542236328,101.31730651855469,91.69626922607422,0.0
catalogue_size,Catalogue size,Number of RSOs,120.0,120,0,flat_lstm,Flat LSTM,12,41001,0,120,19.758731842041016,104.50767517089844,83.02787704467771,0.0
catalogue_size,Catalogue size,Number of RSOs,120.0,120,0,flat_lstm,Flat LSTM,13,41001,1,120,58.14598846435547,109.05294799804688,107.16193962097168,0.0
catalogue_size,Catalogue size,Number of RSOs,120.0,120,0,flat_lstm,Flat LSTM,14,41001,2,120,57.34843063354492,109.3734130859375,107.21224975585938,0.0
catalogue_size,Catalogue size,Number of RSOs,120.0,120,0,flat_lstm,Flat LSTM,15,41001,3,120,46.44021987915039,114.39208984375,103.8795066833496,0.0
catalogue_size,Catalogue size,Number of RSOs,120.0,120,0,flat_lstm,Flat LSTM,16,41001,4,120,54.52222442626953,112.01371765136719,106.58114509582519,0.0
catalogue_size,Catalogue size,Number of RSOs,120.0,120,0,flat_lstm,Flat LSTM,17,41001,5,120,31.40937042236328,109.10143280029297,101.63027420043946,0.0
catalogue_size,Catalogue size,Number of RSOs,120.0,120,0,flat_lstm,Flat LSTM,18,41001,6,120,13.523177146911621,85.94629669189453,42.001147460937496,0.0
catalogue_size,Catalogue size,Number of RSOs,120.0,120,0,flat_lstm,Flat LSTM,19,41001,7,120,54.761474609375,109.4899673461914,105.93896598815918,0.0
catalogue_size,Catalogue size,Number of RSOs,120.0,120,0,flat_lstm,Flat LSTM,20,41001,8,120,29.897769927978516,119.11463928222656,98.84814262390137,0.008333333333333333
catalogue_size,Catalogue size,Number of RSOs,120.0,120,0,flat_lstm,Flat LSTM,21,41001,9,120,46.27595138549805,118.43517303466797,106.13109016418457,0.0
catalogue_size,Catalogue size,Number of RSOs,120.0,120,0,flat_lstm,Flat LSTM,22,41001,10,120,52.009315490722656,108.63219451904297,104.20733795166015,0.0
catalogue_size,Catalogue size,Number of RSOs,120.0,120,0,flat_lstm,Flat LSTM,23,41001,11,120,50.278629302978516,118.96304321289062,106.13917121887206,0.0
catalogue_size,Catalogue size,Number of RSOs,120.0,120,0,pointer_lstm,Attention-LSTM pointer,0,41000,0,120,0.9626131653785706,3.858360528945923,2.5531137824058527,0.05
catalogue_size,Catalogue size,Number of RSOs,120.0,120,0,pointer_lstm,Attention-LSTM pointer,1,41000,1,120,0.9674716591835022,4.178842544555664,2.7755423069000242,0.08333333333333333
catalogue_size,Catalogue size,Number of RSOs,120.0,120,0,pointer_lstm,Attention-LSTM pointer,2,41000,2,120,1.3077560663223267,8.595037460327148,3.216146993637084,0.10833333333333334
catalogue_size,Catalogue size,Number of RSOs,120.0,120,0,pointer_lstm,Attention-LSTM pointer,3,41000,3,120,2.7118122577667236,107.45148468017578,5.481775760650616,0.025
catalogue_size,Catalogue size,Number of RSOs,120.0,120,0,pointer_lstm,Attention-LSTM pointer,4,41000,4,120,3.609935998916626,77.19188690185547,9.13141627311706,0.08333333333333333
catalogue_size,Catalogue size,Number of RSOs,120.0,120,0,pointer_lstm,Attention-LSTM pointer,5,41000,5,120,1.1646708250045776,9.539270401000977,2.683795273303985,0.05
catalogue_size,Catalogue size,Number of RSOs,120.0,120,0,pointer_lstm,Attention-LSTM pointer,6,41000,6,120,0.9923062920570374,4.045922756195068,3.239596772193908,0.06666666666666667
catalogue_size,Catalogue size,Number of RSOs,120.0,120,0,pointer_lstm,Attention-LSTM pointer,7,41000,7,120,1.0667718648910522,3.9873781204223633,2.985489547252655,0.05
catalogue_size,Catalogue size,Number of RSOs,120.0,120,0,pointer_lstm,Attention-LSTM pointer,8,41000,8,120,1.1431902647018433,4.862149715423584,3.1115134596824645,0.058333333333333334
catalogue_size,Catalogue size,Number of RSOs,120.0,120,0,pointer_lstm,Attention-LSTM pointer,9,41000,9,120,1.2374664545059204,23.615184783935547,2.709221124649048,0.03333333333333333
catalogue_size,Catalogue size,Number of RSOs,120.0,120,0,pointer_lstm,Attention-LSTM pointer,10,41000,10,120,2.903010606765747,22.042884826660156,15.209196138381957,0.025
catalogue_size,Catalogue size,Number of RSOs,120.0,120,0,pointer_lstm,Attention-LSTM pointer,11,41000,11,120,3.2721970081329346,89.01178741455078,14.597569227218624,0.05
catalogue_size,Catalogue size,Number of RSOs,120.0,120,0,pointer_lstm,Attention-LSTM pointer,12,41001,0,120,0.9858666062355042,3.817610502243042,2.635285460948944,0.058333333333333334
catalogue_size,Catalogue size,Number of RSOs,120.0,120,0,pointer_lstm,Attention-LSTM pointer,13,41001,1,120,1.4715802669525146,11.746996879577637,3.569059479236602,0.03333333333333333
catalogue_size,Catalogue size,Number of RSOs,120.0,120,0,pointer_lstm,Attention-LSTM pointer,14,41001,2,120,1.7639034986495972,31.89821434020996,4.9331405401229835,0.075
catalogue_size,Catalogue size,Number of RSOs,120.0,120,0,pointer_lstm,Attention-LSTM pointer,15,41001,3,120,1.9314560890197754,26.726947784423828,4.440014934539787,0.041666666666666664
catalogue_size,Catalogue size,Number of RSOs,120.0,120,0,pointer_lstm,Attention-LSTM pointer,16,41001,4,120,2.419466972351074,97.26779174804688,3.9462326407432546,0.016666666666666666
catalogue_size,Catalogue size,Number of RSOs,120.0,120,0,pointer_lstm,Attention-LSTM pointer,17,41001,5,120,6.473591327667236,111.5810317993164,20.549041652679428,0.03333333333333333
catalogue_size,Catalogue size,Number of RSOs,120.0,120,0,pointer_lstm,Attention-LSTM pointer,18,41001,6,120,1.2301502227783203,10.187792778015137,3.670473265647888,0.06666666666666667
catalogue_size,Catalogue size,Number of RSOs,120.0,120,0,pointer_lstm,Attention-LSTM pointer,19,41001,7,120,1.649544358253479,19.50121307373047,4.1940642356872555,0.058333333333333334
catalogue_size,Catalogue size,Number of RSOs,120.0,120,0,pointer_lstm,Attention-LSTM pointer,20,41001,8,120,1.2340956926345825,15.442657470703125,3.57457081079483,0.05
catalogue_size,Catalogue size,Number of RSOs,120.0,120,0,pointer_lstm,Attention-LSTM pointer,21,41001,9,120,1.3597019910812378,14.23619270324707,3.5972159624099724,0.058333333333333334
catalogue_size,Catalogue size,Number of RSOs,120.0,120,0,pointer_lstm,Attention-LSTM pointer,22,41001,10,120,1.249247670173645,5.140343189239502,2.8232190370559693,0.03333333333333333
catalogue_size,Catalogue size,Number of RSOs,120.0,120,0,pointer_lstm,Attention-LSTM pointer,23,41001,11,120,2.137831211090088,19.422130584716797,11.362049961090083,0.041666666666666664
inclination_shift,Inclination shift,Shift of training band (deg),-30.0,5-55,0,expected_info_gain,Expected information gain,0,41000,0,30,0.59694504737854,2.8242855072021484,1.1321886777877808,0.1
inclination_shift,Inclination shift,Shift of training band (deg),-30.0,5-55,0,expected_info_gain,Expected information gain,1,41000,1,30,0.3740931451320648,0.8105788230895996,0.7438624471426006,0.06666666666666667
inclination_shift,Inclination shift,Shift of training band (deg),-30.0,5-55,0,expected_info_gain,Expected information gain,2,41000,2,30,3.391652822494507,42.185611724853516,17.035809326171808,0.1
inclination_shift,Inclination shift,Shift of training band (deg),-30.0,5-55,0,expected_info_gain,Expected information gain,3,41000,3,30,0.6587435603141785,3.662853717803955,2.2416335403919208,0.2
inclination_shift,Inclination shift,Shift of training band (deg),-30.0,5-55,0,expected_info_gain,Expected information gain,4,41000,4,30,0.9786838889122009,4.448225975036621,2.907110476493835,0.13333333333333333
inclination_shift,Inclination shift,Shift of training band (deg),-30.0,5-55,0,expected_info_gain,Expected information gain,5,41000,5,30,0.5992863774299622,2.6680781841278076,1.5526965260505672,0.1
inclination_shift,Inclination shift,Shift of training band (deg),-30.0,5-55,0,expected_info_gain,Expected information gain,6,41000,6,30,0.45917144417762756,1.2338850498199463,0.919269824028015,0.13333333333333333
inclination_shift,Inclination shift,Shift of training band (deg),-30.0,5-55,0,expected_info_gain,Expected information gain,7,41000,7,30,0.5044271945953369,1.0050206184387207,0.9350119769573211,0.13333333333333333
inclination_shift,Inclination shift,Shift of training band (deg),-30.0,5-55,0,expected_info_gain,Expected information gain,8,41000,8,30,0.48406344652175903,1.0292961597442627,0.9949068546295164,0.16666666666666666
inclination_shift,Inclination shift,Shift of training band (deg),-30.0,5-55,0,expected_info_gain,Expected information gain,9,41000,9,30,0.5625185370445251,1.9687941074371338,1.0867601871490475,0.2
inclination_shift,Inclination shift,Shift of training band (deg),-30.0,5-55,0,expected_info_gain,Expected information gain,10,41000,10,30,0.6299079656600952,2.83732271194458,1.6325942397117599,0.06666666666666667
inclination_shift,Inclination shift,Shift of training band (deg),-30.0,5-55,0,expected_info_gain,Expected information gain,11,41000,11,30,0.48524799942970276,1.0801362991333008,1.0061380386352539,0.13333333333333333
inclination_shift,Inclination shift,Shift of training band (deg),-30.0,5-55,0,expected_info_gain,Expected information gain,12,41001,0,30,0.6412726044654846,1.4464164972305298,1.2799573302268976,0.13333333333333333
inclination_shift,Inclination shift,Shift of training band (deg),-30.0,5-55,0,expected_info_gain,Expected information gain,13,41001,1,30,0.8858934640884399,7.510341644287109,1.8518690407276148,0.16666666666666666
inclination_shift,Inclination shift,Shift of training band (deg),-30.0,5-55,0,expected_info_gain,Expected information gain,14,41001,2,30,0.6577284932136536,2.397191286087036,1.2931233882904047,0.0
inclination_shift,Inclination shift,Shift of training band (deg),-30.0,5-55,0,expected_info_gain,Expected information gain,15,41001,3,30,0.9194832444190979,4.402332305908203,2.0301277697086313,0.13333333333333333
inclination_shift,Inclination shift,Shift of training band (deg),-30.0,5-55,0,expected_info_gain,Expected information gain,16,41001,4,30,0.7784534096717834,1.972027063369751,1.88641237616539,0.16666666666666666
inclination_shift,Inclination shift,Shift of training band (deg),-30.0,5-55,0,expected_info_gain,Expected information gain,17,41001,5,30,0.4953683912754059,1.2764339447021484,1.0128503948450083,0.16666666666666666
inclination_shift,Inclination shift,Shift of training band (deg),-30.0,5-55,0,expected_info_gain,Expected information gain,18,41001,6,30,0.5538674592971802,1.4533882141113281,1.350375473499298,0.06666666666666667
inclination_shift,Inclination shift,Shift of training band (deg),-30.0,5-55,0,expected_info_gain,Expected information gain,19,41001,7,30,0.5940118432044983,1.3983436822891235,1.3044000267982478,0.16666666666666666
inclination_shift,Inclination shift,Shift of training band (deg),-30.0,5-55,0,expected_info_gain,Expected information gain,20,41001,8,30,1.1760010719299316,7.961796283721924,3.1676149368286115,0.1
inclination_shift,Inclination shift,Shift of training band (deg),-30.0,5-55,0,expected_info_gain,Expected information gain,21,41001,9,30,3.3239798545837402,67.84564971923828,5.616102933883666,0.13333333333333333
inclination_shift,Inclination shift,Shift of training band (deg),-30.0,5-55,0,expected_info_gain,Expected information gain,22,41001,10,30,0.46373164653778076,1.1818008422851562,1.0601824402809141,0.13333333333333333
inclination_shift,Inclination shift,Shift of training band (deg),-30.0,5-55,0,expected_info_gain,Expected information gain,23,41001,11,30,0.5230286121368408,1.4710731506347656,0.9925186038017266,0.1
inclination_shift,Inclination shift,Shift of training band (deg),-30.0,5-55,0,flat_lstm,Flat LSTM,0,41000,0,30,0.6993149518966675,2.580951690673828,1.9525496959686266,0.2
inclination_shift,Inclination shift,Shift of training band (deg),-30.0,5-55,0,flat_lstm,Flat LSTM,1,41000,1,30,0.7872283458709717,5.111227512359619,2.220445787906646,0.06666666666666667
inclination_shift,Inclination shift,Shift of training band (deg),-30.0,5-55,0,flat_lstm,Flat LSTM,2,41000,2,30,0.9920417070388794,4.26181173324585,3.2614453554153386,0.1
inclination_shift,Inclination shift,Shift of training band (deg),-30.0,5-55,0,flat_lstm,Flat LSTM,3,41000,3,30,0.5821343064308167,2.876394271850586,1.4053645908832548,0.2
inclination_shift,Inclination shift,Shift of training band (deg),-30.0,5-55,0,flat_lstm,Flat LSTM,4,41000,4,30,0.719261884689331,2.537381887435913,2.3541026711463924,0.13333333333333333
inclination_shift,Inclination shift,Shift of training band (deg),-30.0,5-55,0,flat_lstm,Flat LSTM,5,41000,5,30,0.64615398645401,2.2227230072021484,1.752658641338348,0.2
inclination_shift,Inclination shift,Shift of training band (deg),-30.0,5-55,0,flat_lstm,Flat LSTM,6,41000,6,30,0.6169670224189758,2.792398452758789,1.8506427288055387,0.23333333333333334
inclination_shift,Inclination shift,Shift of training band (deg),-30.0,5-55,0,flat_lstm,Flat LSTM,7,41000,7,30,0.51466965675354,1.7582865953445435,1.4335209846496573,0.2
inclination_shift,Inclination shift,Shift of training band (deg),-30.0,5-55,0,flat_lstm,Flat LSTM,8,41000,8,30,0.8079219460487366,4.7830071449279785,1.8657367289066316,0.13333333333333333
inclination_shift,Inclination shift,Shift of training band (deg),-30.0,5-55,0,flat_lstm,Flat LSTM,9,41000,9,30,0.857237696647644,5.18828010559082,2.635382258892057,0.13333333333333333
inclination_shift,Inclination shift,Shift of training band (deg),-30.0,5-55,0,flat_lstm,Flat LSTM,10,41000,10,30,0.6631596684455872,1.8140301704406738,1.6784403741359706,0.2
inclination_shift,Inclination shift,Shift of training band (deg),-30.0,5-55,0,flat_lstm,Flat LSTM,11,41000,11,30,0.48245328664779663,1.9518022537231445,1.2481741786003104,0.2
inclination_shift,Inclination shift,Shift of training band (deg),-30.0,5-55,0,flat_lstm,Flat LSTM,12,41001,0,30,0.9762676358222961,3.5629162788391113,2.354822206497192,0.06666666666666667
inclination_shift,Inclination shift,Shift of training band (deg),-30.0,5-55,0,flat_lstm,Flat LSTM,13,41001,1,30,0.8826151490211487,3.642683506011963,3.6320853948593137,0.2
inclination_shift,Inclination shift,Shift of training band (deg),-30.0,5-55,0,flat_lstm,Flat LSTM,14,41001,2,30,0.8034033179283142,2.53031587600708,2.1190952301025385,0.1
inclination_shift,Inclination shift,Shift of training band (deg),-30.0,5-55,0,flat_lstm,Flat LSTM,15,41001,3,30,0.6852625608444214,3.6975531578063965,2.1537846207618694,0.2
inclination_shift,Inclination shift,Shift of training band (deg),-30.0,5-55,0,flat_lstm,Flat LSTM,16,41001,4,30,0.6529274582862854,2.1070241928100586,1.9051534295082089,0.1
inclination_shift,Inclination shift,Shift of training band (deg),-30.0,5-55,0,flat_lstm,Flat LSTM,17,41001,5,30,0.673998236656189,2.223865509033203,2.0899587273597713,0.1
inclination_shift,Inclination shift,Shift of training band (deg),-30.0,5-55,0,flat_lstm,Flat LSTM,18,41001,6,30,0.8882044553756714,4.932401180267334,2.538194191455841,0.16666666666666666
inclination_shift,Inclination shift,Shift of training band (deg),-30.0,5-55,0,flat_lstm,Flat LSTM,19,41001,7,30,0.8123401999473572,4.748420238494873,2.0655945658683765,0.23333333333333334
inclination_shift,Inclination shift,Shift of training band (deg),-30.0,5-55,0,flat_lstm,Flat LSTM,20,41001,8,30,0.954569935798645,4.5621657371521,3.300624740123746,0.2
inclination_shift,Inclination shift,Shift of training band (deg),-30.0,5-55,0,flat_lstm,Flat LSTM,21,41001,9,30,0.8890964984893799,2.8444325923919678,2.298604226112366,0.16666666666666666
inclination_shift,Inclination shift,Shift of training band (deg),-30.0,5-55,0,flat_lstm,Flat LSTM,22,41001,10,30,0.7550439238548279,3.2778916358947754,2.225927007198333,0.13333333333333333
inclination_shift,Inclination shift,Shift of training band (deg),-30.0,5-55,0,flat_lstm,Flat LSTM,23,41001,11,30,0.7966517806053162,5.345495700836182,2.4216455578804013,0.16666666666666666
inclination_shift,Inclination shift,Shift of training band (deg),-30.0,5-55,0,pointer_lstm,Attention-LSTM pointer,0,41000,0,30,0.5413001775741577,2.0679616928100586,1.4925208449363705,0.1
inclination_shift,Inclination shift,Shift of training band (deg),-30.0,5-55,0,pointer_lstm,Attention-LSTM pointer,1,41000,1,30,0.3962157964706421,0.9387049674987793,0.8382662028074263,0.16666666666666666
inclination_shift,Inclination shift,Shift of training band (deg),-30.0,5-55,0,pointer_lstm,Attention-LSTM pointer,2,41000,2,30,0.42430269718170166,0.9489936232566833,0.8716356217861174,0.16666666666666666
inclination_shift,Inclination shift,Shift of training band (deg),-30.0,5-55,0,pointer_lstm,Attention-LSTM pointer,3,41000,3,30,0.5796206593513489,5.266261577606201,1.3155524075031273,0.26666666666666666
inclination_shift,Inclination shift,Shift of training band (deg),-30.0,5-55,0,pointer_lstm,Attention-LSTM pointer,4,41000,4,30,0.5404341816902161,2.6993231773376465,1.2425710618495935,0.23333333333333334
inclination_shift,Inclination shift,Shift of training band (deg),-30.0,5-55,0,pointer_lstm,Attention-LSTM pointer,5,41000,5,30,0.4013197124004364,0.9754981398582458,0.9220858126878738,0.2
inclination_shift,Inclination shift,Shift of training band (deg),-30.0,5-55,0,pointer_lstm,Attention-LSTM pointer,6,41000,6,30,0.3746592104434967,1.0755724906921387,0.9332587987184521,0.2
inclination_shift,Inclination shift,Shift of training band (deg),-30.0,5-55,0,pointer_lstm,Attention-LSTM pointer,7,41000,7,30,0.39195582270622253,1.155539631843567,0.8439487695693961,0.2
inclination_shift,Inclination shift,Shift of training band (deg),-30.0,5-55,0,pointer_lstm,Attention-LSTM pointer,8,41000,8,30,0.3263151943683624,1.0662221908569336,0.7863799154758446,0.4
inclination_shift,Inclination shift,Shift of training band (deg),-30.0,5-55,0,pointer_lstm,Attention-LSTM pointer,9,41000,9,30,0.44067904353141785,1.6289719343185425,1.1770336598157871,0.26666666666666666
inclination_shift,Inclination shift,Shift of training band (deg),-30.0,5-55,0,pointer_lstm,Attention-LSTM pointer,10,41000,10,30,0.44683414697647095,1.079545021057129,1.0112087607383724,0.23333333333333334
inclination_shift,Inclination shift,Shift of training band (deg),-30.0,5-55,0,pointer_lstm,Attention-LSTM pointer,11,41000,11,30,0.3650546669960022,0.8846878409385681,0.6998895496129989,0.2
inclination_shift,Inclination shift,Shift of training band (deg),-30.0,5-55,0,pointer_lstm,Attention-LSTM pointer,12,41001,0,30,0.49198266863822937,1.534574031829834,1.047128790616989,0.16666666666666666
inclination_shift,Inclination shift,Shift of training band (deg),-30.0,5-55,0,pointer_lstm,Attention-LSTM pointer,13,41001,1,30,0.4176660180091858,1.786015272140503,0.8140813201665873,0.13333333333333333
inclination_shift,Inclination shift,Shift of training band (deg),-30.0,5-55,0,pointer_lstm,Attention-LSTM pointer,14,41001,2,30,0.516771137714386,2.6314759254455566,1.9788375794887516,0.23333333333333334
inclination_shift,Inclination shift,Shift of training band (deg),-30.0,5-55,0,pointer_lstm,Attention-LSTM pointer,15,41001,3,30,0.5295912623405457,2.241335868835449,1.0509345799684522,0.16666666666666666
inclination_shift,Inclination shift,Shift of training band (deg),-30.0,5-55,0,pointer_lstm,Attention-LSTM pointer,16,41001,4,30,0.3384641110897064,0.8844378590583801,0.6041069626808167,0.16666666666666666
inclination_shift,Inclination shift,Shift of training band (deg),-30.0,5-55,0,pointer_lstm,Attention-LSTM pointer,17,41001,5,30,1.5055902004241943,20.034582138061523,4.884630870819077,0.2
inclination_shift,Inclination shift,Shift of training band (deg),-30.0,5-55,0,pointer_lstm,Attention-LSTM pointer,18,41001,6,30,0.4337337613105774,2.3693270683288574,1.1352344393730163,0.26666666666666666
inclination_shift,Inclination shift,Shift of training band (deg),-30.0,5-55,0,pointer_lstm,Attention-LSTM pointer,19,41001,7,30,0.37138625979423523,1.4832268953323364,0.7828598856925965,0.13333333333333333
inclination_shift,Inclination shift,Shift of training band (deg),-30.0,5-55,0,pointer_lstm,Attention-LSTM pointer,20,41001,8,30,0.4212872087955475,1.5098636150360107,1.2114416539669024,0.16666666666666666
inclination_shift,Inclination shift,Shift of training band (deg),-30.0,5-55,0,pointer_lstm,Attention-LSTM pointer,21,41001,9,30,1.9327021837234497,10.120343208312988,7.118024086952207,0.06666666666666667
inclination_shift,Inclination shift,Shift of training band (deg),-30.0,5-55,0,pointer_lstm,Attention-LSTM pointer,22,41001,10,30,4.270345211029053,34.77280044555664,31.37747917175292,0.03333333333333333
inclination_shift,Inclination shift,Shift of training band (deg),-30.0,5-55,0,pointer_lstm,Attention-LSTM pointer,23,41001,11,30,0.6714204549789429,6.709946155548096,1.6152666509151423,0.13333333333333333
inclination_shift,Inclination shift,Shift of training band (deg),-20.0,15-65,0,expected_info_gain,Expected information gain,0,41000,0,30,0.8612892031669617,3.190155029296875,2.0197837591171264,0.1
inclination_shift,Inclination shift,Shift of training band (deg),-20.0,15-65,0,expected_info_gain,Expected information gain,1,41000,1,30,0.37870997190475464,1.1325618028640747,0.7119745820760723,0.06666666666666667
inclination_shift,Inclination shift,Shift of training band (deg),-20.0,15-65,0,expected_info_gain,Expected information gain,2,41000,2,30,1.7801376581192017,22.69647216796875,3.8179377198219298,0.1
inclination_shift,Inclination shift,Shift of training band (deg),-20.0,15-65,0,expected_info_gain,Expected information gain,3,41000,3,30,0.7064753770828247,3.0233733654022217,2.4992525577545135,0.2
inclination_shift,Inclination shift,Shift of training band (deg),-20.0,15-65,0,expected_info_gain,Expected information gain,4,41000,4,30,0.765728771686554,2.748065710067749,2.084737455844877,0.13333333333333333
inclination_shift,Inclination shift,Shift of training band (deg),-20.0,15-65,0,expected_info_gain,Expected information gain,5,41000,5,30,0.7775050401687622,2.3595476150512695,1.9676002383232114,0.03333333333333333
inclination_shift,Inclination shift,Shift of training band (deg),-20.0,15-65,0,expected_info_gain,Expected information gain,6,41000,6,30,0.48062971234321594,1.2353098392486572,0.9350596308708191,0.13333333333333333
inclination_shift,Inclination shift,Shift of training band (deg),-20.0,15-65,0,expected_info_gain,Expected information gain,7,41000,7,30,0.550018846988678,1.2042274475097656,1.095077040791511,0.16666666666666666
inclination_shift,Inclination shift,Shift of training band (deg),-20.0,15-65,0,expected_info_gain,Expected information gain,8,41000,8,30,0.5277501940727234,1.5494030714035034,1.0381982326507568,0.06666666666666667
inclination_shift,Inclination shift,Shift of training band (deg),-20.0,15-65,0,expected_info_gain,Expected information gain,9,41000,9,30,0.449075311422348,1.208762764930725,1.0457948505878445,0.23333333333333334
inclination_shift,Inclination shift,Shift of training band (deg),-20.0,15-65,0,expected_info_gain,Expected information gain,10,41000,10,30,0.5427137613296509,2.0022172927856445,1.3018215298652647,0.1
inclination_shift,Inclination shift,Shift of training band (deg),-20.0,15-65,0,expected_info_gain,Expected information gain,11,41000,11,30,0.4958783984184265,0.8972137570381165,0.8478352725505828,0.03333333333333333
inclination_shift,Inclination shift,Shift of training band (deg),-20.0,15-65,0,expected_info_gain,Expected information gain,12,41001,0,30,0.6606972217559814,1.4975003004074097,1.4182471454143522,0.16666666666666666
inclination_shift,Inclination shift,Shift of training band (deg),-20.0,15-65,0,expected_info_gain,Expected information gain,13,41001,1,30,1.0602456331253052,10.091690063476562,2.32209860086441,0.1
inclination_shift,Inclination shift,Shift of training band (deg),-20.0,15-65,0,expected_info_gain,Expected information gain,14,41001,2,30,0.5363359451293945,1.3272268772125244,1.109477871656417,0.03333333333333333
inclination_shift,Inclination shift,Shift of training band (deg),-20.0,15-65,0,expected_info_gain,Expected information gain,15,41001,3,30,0.8356792330741882,4.044246196746826,1.7226330637931815,0.06666666666666667
inclination_shift,Inclination shift,Shift of training band (deg),-20.0,15-65,0,expected_info_gain,Expected information gain,16,41001,4,30,1.5427563190460205,29.108564376831055,1.5499575972557056,0.03333333333333333
inclination_shift,Inclination shift,Shift of training band (deg),-20.0,15-65,0,expected_info_gain,Expected information gain,17,41001,5,30,0.5450093150138855,1.7194979190826416,1.3245965480804434,0.26666666666666666
inclination_shift,Inclination shift,Shift of training band (deg),-20.0,15-65,0,expected_info_gain,Expected information gain,18,41001,6,30,0.6701557040214539,2.3787431716918945,1.7725478112697584,0.06666666666666667
inclination_shift,Inclination shift,Shift of training band (deg),-20.0,15-65,0,expected_info_gain,Expected information gain,19,41001,7,30,0.5948089957237244,1.4152354001998901,1.3692628264427185,0.13333333333333333
inclination_shift,Inclination shift,Shift of training band (deg),-20.0,15-65,0,expected_info_gain,Expected information gain,20,41001,8,30,1.4481086730957031,19.37200927734375,2.9025112152099606,0.1
inclination_shift,Inclination shift,Shift of training band (deg),-20.0,15-65,0,expected_info_gain,Expected information gain,21,41001,9,30,3.524024486541748,67.84648895263672,5.736375164985652,0.2
inclination_shift,Inclination shift,Shift of training band (deg),-20.0,15-65,0,expected_info_gain,Expected information gain,22,41001,10,30,0.5709478259086609,1.724429726600647,1.2658890664577482,0.06666666666666667
inclination_shift,Inclination shift,Shift of training band (deg),-20.0,15-65,0,expected_info_gain,Expected information gain,23,41001,11,30,0.5636387467384338,1.7243778705596924,1.0114239633083342,0.16666666666666666
inclination_shift,Inclination shift,Shift of training band (deg),-20.0,15-65,0,flat_lstm,Flat LSTM,0,41000,0,30,0.8829495906829834,5.939505577087402,2.516457843780516,0.1
inclination_shift,Inclination shift,Shift of training band (deg),-20.0,15-65,0,flat_lstm,Flat LSTM,1,41000,1,30,0.6081669926643372,2.588610887527466,2.0050934195518475,0.13333333333333333
inclination_shift,Inclination shift,Shift of training band (deg),-20.0,15-65,0,flat_lstm,Flat LSTM,2,41000,2,30,1.4154560565948486,8.082503318786621,6.324168157577506,0.13333333333333333
inclination_shift,Inclination shift,Shift of training band (deg),-20.0,15-65,0,flat_lstm,Flat LSTM,3,41000,3,30,0.8421350121498108,6.326581001281738,1.9592766404151913,0.2
inclination_shift,Inclination shift,Shift of training band (deg),-20.0,15-65,0,flat_lstm,Flat LSTM,4,41000,4,30,0.8734496235847473,3.168301820755005,2.439881372451781,0.1
inclination_shift,Inclination shift,Shift of training band (deg),-20.0,15-65,0,flat_lstm,Flat LSTM,5,41000,5,30,0.5540226101875305,1.7474037408828735,1.652272272109985,0.13333333333333333
inclination_shift,Inclination shift,Shift of training band (deg),-20.0,15-65,0,flat_lstm,Flat LSTM,6,41000,6,30,0.6206865906715393,3.0849740505218506,1.8161189496517154,0.2
inclination_shift,Inclination shift,Shift of training band (deg),-20.0,15-65,0,flat_lstm,Flat LSTM,7,41000,7,30,0.6009278893470764,2.53826642036438,1.577710831165313,0.1
inclination_shift,Inclination shift,Shift of training band (deg),-20.0,15-65,0,flat_lstm,Flat LSTM,8,41000,8,30,0.7443431615829468,3.2109525203704834,2.117854630947112,0.13333333333333333
inclination_shift,Inclination shift,Shift of training band (deg),-20.0,15-65,0,flat_lstm,Flat LSTM,9,41000,9,30,0.6209633946418762,2.5214898586273193,1.6745271980762482,0.16666666666666666
inclination_shift,Inclination shift,Shift of training band (deg),-20.0,15-65,0,flat_lstm,Flat LSTM,10,41000,10,30,0.725631058216095,2.226545810699463,1.8130874812602988,0.13333333333333333
inclination_shift,Inclination shift,Shift of training band (deg),-20.0,15-65,0,flat_lstm,Flat LSTM,11,41000,11,30,0.5985954999923706,4.019260883331299,1.0839732795953745,0.2
inclination_shift,Inclination shift,Shift of training band (deg),-20.0,15-65,0,flat_lstm,Flat LSTM,12,41001,0,30,0.8312124609947205,3.2897403240203857,1.522586631774902,0.1
inclination_shift,Inclination shift,Shift of training band (deg),-20.0,15-65,0,flat_lstm,Flat LSTM,13,41001,1,30,0.8217090368270874,3.124363899230957,1.996478760242461,0.2
inclination_shift,Inclination shift,Shift of training band (deg),-20.0,15-65,0,flat_lstm,Flat LSTM,14,41001,2,30,0.969016432762146,3.176252841949463,2.7580769062042214,0.16666666666666666
inclination_shift,Inclination shift,Shift of training band (deg),-20.0,15-65,0,flat_lstm,Flat LSTM,15,41001,3,30,0.8578324913978577,3.8290278911590576,2.674646067619323,0.13333333333333333
inclination_shift,Inclination shift,Shift of training band (deg),-20.0,15-65,0,flat_lstm,Flat LSTM,16,41001,4,30,0.5569950342178345,1.7159680128097534,1.5959119558334347,0.13333333333333333
inclination_shift,Inclination shift,Shift of training band (deg),-20.0,15-65,0,flat_lstm,Flat LSTM,17,41001,5,30,0.7244016528129578,2.4587857723236084,1.9873942136764524,0.2
inclination_shift,Inclination shift,Shift of training band (deg),-20.0,15-65,0,flat_lstm,Flat LSTM,18,41001,6,30,1.0676926374435425,8.947185516357422,3.8967526435851987,0.16666666666666666
inclination_shift,Inclination shift,Shift of training band (deg),-20.0,15-65,0,flat_lstm,Flat LSTM,19,41001,7,30,0.8304423093795776,4.456326007843018,2.1044602453708636,0.16666666666666666
inclination_shift,Inclination shift,Shift of training band (deg),-20.0,15-65,0,flat_lstm,Flat LSTM,20,41001,8,30,0.8522742390632629,2.58148455619812,2.4063479661941525,0.16666666666666666
inclination_shift,Inclination shift,Shift of training band (deg),-20.0,15-65,0,flat_lstm,Flat LSTM,21,41001,9,30,0.8952761292457581,3.0367016792297363,2.1958957672119137,0.16666666666666666
inclination_shift,Inclination shift,Shift of training band (deg),-20.0,15-65,0,flat_lstm,Flat LSTM,22,41001,10,30,0.6063669323921204,2.2467665672302246,1.525037652254104,0.1
inclination_shift,Inclination shift,Shift of training band (deg),-20.0,15-65,0,flat_lstm,Flat LSTM,23,41001,11,30,0.7324752807617188,2.571603536605835,2.3407129645347595,0.13333333333333333
inclination_shift,Inclination shift,Shift of training band (deg),-20.0,15-65,0,pointer_lstm,Attention-LSTM pointer,0,41000,0,30,0.6331099271774292,4.365535736083984,1.637683367729184,0.13333333333333333
inclination_shift,Inclination shift,Shift of training band (deg),-20.0,15-65,0,pointer_lstm,Attention-LSTM pointer,1,41000,1,30,0.6987035870552063,9.220122337341309,0.9674187719821924,0.13333333333333333
inclination_shift,Inclination shift,Shift of training band (deg),-20.0,15-65,0,pointer_lstm,Attention-LSTM pointer,2,41000,2,30,0.4021100401878357,0.9167441129684448,0.8543307185173035,0.23333333333333334
inclination_shift,Inclination shift,Shift of training band (deg),-20.0,15-65,0,pointer_lstm,Attention-LSTM pointer,3,41000,3,30,0.4338861107826233,1.5484046936035156,1.3800296664237972,0.26666666666666666
inclination_shift,Inclination shift,Shift of training band (deg),-20.0,15-65,0,pointer_lstm,Attention-LSTM pointer,4,41000,4,30,0.35260334610939026,0.9086025953292847,0.65989750623703,0.26666666666666666
inclination_shift,Inclination shift,Shift of training band (deg),-20.0,15-65,0,pointer_lstm,Attention-LSTM pointer,5,41000,5,30,0.43707141280174255,2.8697376251220703,0.7504831939935683,0.3333333333333333
inclination_shift,Inclination shift,Shift of training band (deg),-20.0,15-65,0,pointer_lstm,Attention-LSTM pointer,6,41000,6,30,0.49671268463134766,2.4220011234283447,1.4761039733886703,0.23333333333333334
inclination_shift,Inclination shift,Shift of training band (deg),-20.0,15-65,0,pointer_lstm,Attention-LSTM pointer,7,41000,7,30,0.39693784713745117,1.067083716392517,0.8503211259841912,0.2
inclination_shift,Inclination shift,Shift of training band (deg),-20.0,15-65,0,pointer_lstm,Attention-LSTM pointer,8,41000,8,30,0.30509069561958313,1.0750517845153809,0.5176824301481245,0.3
inclination_shift,Inclination shift,Shift of training band (deg),-20.0,15-65,0,pointer_lstm,Attention-LSTM pointer,9,41000,9,30,0.38877174258232117,1.3140754699707031,0.8399775952100752,0.23333333333333334
inclination_shift,Inclination shift,Shift of training band (deg),-20.0,15-65,0,pointer_lstm,Attention-LSTM pointer,10,41000,10,30,0.43792226910591125,1.0103603601455688,0.9201560139656065,0.23333333333333334
inclination_shift,Inclination shift,Shift of training band (deg),-20.0,15-65,0,pointer_lstm,Attention-LSTM pointer,11,41000,11,30,0.3064517378807068,0.6527886390686035,0.6258752077817915,0.23333333333333334
inclination_shift,Inclination shift,Shift of training band (deg),-20.0,15-65,0,pointer_lstm,Attention-LSTM pointer,12,41001,0,30,0.4332466125488281,2.055999279022217,1.4472446680068958,0.23333333333333334
inclination_shift,Inclination shift,Shift of training band (deg),-20.0,15-65,0,pointer_lstm,Attention-LSTM pointer,13,41001,1,30,0.3815591633319855,1.1580485105514526,0.9397710859775542,0.2
inclination_shift,Inclination shift,Shift of training band (deg),-20.0,15-65,0,pointer_lstm,Attention-LSTM pointer,14,41001,2,30,0.40257886052131653,1.4227889776229858,0.8622092723846435,0.26666666666666666
inclination_shift,Inclination shift,Shift of training band (deg),-20.0,15-65,0,pointer_lstm,Attention-LSTM pointer,15,41001,3,30,0.7004349827766418,7.497875213623047,1.0959938049316402,0.23333333333333334
inclination_shift,Inclination shift,Shift of training band (deg),-20.0,15-65,0,pointer_lstm,Attention-LSTM pointer,16,41001,4,30,0.3498862385749817,1.432816743850708,0.8092685401439663,0.16666666666666666
inclination_shift,Inclination shift,Shift of training band (deg),-20.0,15-65,0,pointer_lstm,Attention-LSTM pointer,17,41001,5,30,0.4370163381099701,1.2855005264282227,0.7915813028812407,0.23333333333333334
inclination_shift,Inclination shift,Shift of training band (deg),-20.0,15-65,0,pointer_lstm,Attention-LSTM pointer,18,41001,6,30,0.48721158504486084,2.4047458171844482,1.8129099965095494,0.2
inclination_shift,Inclination shift,Shift of training band (deg),-20.0,15-65,0,pointer_lstm,Attention-LSTM pointer,19,41001,7,30,0.3610760271549225,1.4490790367126465,0.9447075009346,0.2
inclination_shift,Inclination shift,Shift of training band (deg),-20.0,15-65,0,pointer_lstm,Attention-LSTM pointer,20,41001,8,30,0.41158485412597656,1.5205564498901367,1.1303227305412276,0.16666666666666666
inclination_shift,Inclination shift,Shift of training band (deg),-20.0,15-65,0,pointer_lstm,Attention-LSTM pointer,21,41001,9,30,1.7242869138717651,17.856292724609375,5.91038267612456,0.23333333333333334
inclination_shift,Inclination shift,Shift of training band (deg),-20.0,15-65,0,pointer_lstm,Attention-LSTM pointer,22,41001,10,30,0.5022777318954468,1.5555016994476318,1.037934291362762,0.06666666666666667
inclination_shift,Inclination shift,Shift of training band (deg),-20.0,15-65,0,pointer_lstm,Attention-LSTM pointer,23,41001,11,30,0.4891144335269928,2.206561803817749,1.234674113988875,0.16666666666666666
inclination_shift,Inclination shift,Shift of training band (deg),-10.0,25-75,0,expected_info_gain,Expected information gain,0,41000,0,30,1.0462532043457031,3.4118363857269287,2.9749521493911724,0.03333333333333333
inclination_shift,Inclination shift,Shift of training band (deg),-10.0,25-75,0,expected_info_gain,Expected information gain,1,41000,1,30,0.4188316762447357,1.186149001121521,0.9802605271339407,0.16666666666666666
inclination_shift,Inclination shift,Shift of training band (deg),-10.0,25-75,0,expected_info_gain,Expected information gain,2,41000,2,30,3.1721537113189697,31.013587951660156,18.161532402038503,0.1
inclination_shift,Inclination shift,Shift of training band (deg),-10.0,25-75,0,expected_info_gain,Expected information gain,3,41000,3,30,0.8206718564033508,2.7068331241607666,2.24985817670822,0.2
inclination_shift,Inclination shift,Shift of training band (deg),-10.0,25-75,0,expected_info_gain,Expected information gain,4,41000,4,30,0.6979666352272034,2.4352307319641113,1.5413289070129388,0.06666666666666667
inclination_shift,Inclination shift,Shift of training band (deg),-10.0,25-75,0,expected_info_gain,Expected information gain,5,41000,5,30,1.4678679704666138,28.833959579467773,1.6167579293251024,0.13333333333333333
inclination_shift,Inclination shift,Shift of training band (deg),-10.0,25-75,0,expected_info_gain,Expected information gain,6,41000,6,30,0.4899579882621765,1.2585375308990479,0.933034735918045,0.23333333333333334
inclination_shift,Inclination shift,Shift of training band (deg),-10.0,25-75,0,expected_info_gain,Expected information gain,7,41000,7,30,0.5866259336471558,1.5719504356384277,1.1107860326766965,0.1
inclination_shift,Inclination shift,Shift of training band (deg),-10.0,25-75,0,expected_info_gain,Expected information gain,8,41000,8,30,0.45879414677619934,1.0349233150482178,0.9692877978086472,0.23333333333333334
inclination_shift,Inclination shift,Shift of training band (deg),-10.0,25-75,0,expected_info_gain,Expected information gain,9,41000,9,30,0.5809991955757141,1.9571168422698975,1.222478526830673,0.16666666666666666
inclination_shift,Inclination shift,Shift of training band (deg),-10.0,25-75,0,expected_info_gain,Expected information gain,10,41000,10,30,0.7085082530975342,3.815812110900879,1.4042197525501248,0.03333333333333333
inclination_shift,Inclination shift,Shift of training band (deg),-10.0,25-75,0,expected_info_gain,Expected information gain,11,41000,11,30,0.5497855544090271,1.1833288669586182,1.0700621366500849,0.13333333333333333
inclination_shift,Inclination shift,Shift of training band (deg),-10.0,25-75,0,expected_info_gain,Expected information gain,12,41001,0,30,0.7624415755271912,1.6826660633087158,1.4346803784370419,0.2
inclination_shift,Inclination shift,Shift of training band (deg),-10.0,25-75,0,expected_info_gain,Expected information gain,13,41001,1,30,0.7244123220443726,2.38840651512146,1.9170142114162432,0.1
inclination_shift,Inclination shift,Shift of training band (deg),-10.0,25-75,0,expected_info_gain,Expected information gain,14,41001,2,30,0.6037205457687378,1.3567259311676025,1.1974986135959624,0.1
inclination_shift,Inclination shift,Shift of training band (deg),-10.0,25-75,0,expected_info_gain,Expected information gain,15,41001,3,30,1.2966639995574951,4.047712326049805,3.9336625456809995,0.13333333333333333
inclination_shift,Inclination shift,Shift of training band (deg),-10.0,25-75,0,expected_info_gain,Expected information gain,16,41001,4,30,0.6878868937492371,2.372995138168335,1.472376936674117,0.1
inclination_shift,Inclination shift,Shift of training band (deg),-10.0,25-75,0,expected_info_gain,Expected information gain,17,41001,5,30,0.538987934589386,1.6836981773376465,1.3141304612159717,0.3
inclination_shift,Inclination shift,Shift of training band (deg),-10.0,25-75,0,expected_info_gain,Expected information gain,18,41001,6,30,0.6299903392791748,1.618901252746582,1.302719265222549,0.1
inclination_shift,Inclination shift,Shift of training band (deg),-10.0,25-75,0,expected_info_gain,Expected information gain,19,41001,7,30,0.6197683215141296,2.1681160926818848,1.4063924252986906,0.13333333333333333
inclination_shift,Inclination shift,Shift of training band (deg),-10.0,25-75,0,expected_info_gain,Expected information gain,20,41001,8,30,0.6899425983428955,2.9685940742492676,1.5815656244754777,0.13333333333333333
inclination_shift,Inclination shift,Shift of training band (deg),-10.0,25-75,0,expected_info_gain,Expected information gain,21,41001,9,30,3.489041328430176,67.84626770019531,5.305740189552301,0.2
inclination_shift,Inclination shift,Shift of training band (deg),-10.0,25-75,0,expected_info_gain,Expected information gain,22,41001,10,30,0.49483731389045715,1.175940990447998,1.0007652163505547,0.06666666666666667
inclination_shift,Inclination shift,Shift of training band (deg),-10.0,25-75,0,expected_info_gain,Expected information gain,23,41001,11,30,0.6495181918144226,2.794739246368408,1.0917314767837525,0.16666666666666666
inclination_shift,Inclination shift,Shift of training band (deg),-10.0,25-75,0,flat_lstm,Flat LSTM,0,41000,0,30,0.9504812359809875,3.3696393966674805,2.938910734653472,0.1
inclination_shift,Inclination shift,Shift of training band (deg),-10.0,25-75,0,flat_lstm,Flat LSTM,1,41000,1,30,0.7648038268089294,3.5145788192749023,2.3387252449989315,0.2
inclination_shift,Inclination shift,Shift of training band (deg),-10.0,25-75,0,flat_lstm,Flat LSTM,2,41000,2,30,0.8688595294952393,3.9605424404144287,2.8880511999130225,0.1
inclination_shift,Inclination shift,Shift of training band (deg),-10.0,25-75,0,flat_lstm,Flat LSTM,3,41000,3,30,0.8072851896286011,4.206567287445068,2.8447088837623573,0.26666666666666666
inclination_shift,Inclination shift,Shift of training band (deg),-10.0,25-75,0,flat_lstm,Flat LSTM,4,41000,4,30,0.8262661099433899,4.005289554595947,2.6144720911979666,0.1
inclination_shift,Inclination shift,Shift of training band (deg),-10.0,25-75,0,flat_lstm,Flat LSTM,5,41000,5,30,1.0164521932601929,3.702385902404785,2.70222806930542,0.13333333333333333
inclination_shift,Inclination shift,Shift of training band (deg),-10.0,25-75,0,flat_lstm,Flat LSTM,6,41000,6,30,0.7140675783157349,4.096830368041992,2.232685720920562,0.23333333333333334
inclination_shift,Inclination shift,Shift of training band (deg),-10.0,25-75,0,flat_lstm,Flat LSTM,7,41000,7,30,0.5931147336959839,2.9897849559783936,1.906411945819854,0.13333333333333333
inclination_shift,Inclination shift,Shift of training band (deg),-10.0,25-75,0,flat_lstm,Flat LSTM,8,41000,8,30,0.7242202758789062,2.3918871879577637,2.1358871161937705,0.16666666666666666
inclination_shift,Inclination shift,Shift of training band (deg),-10.0,25-75,0,flat_lstm,Flat LSTM,9,41000,9,30,0.5448450446128845,1.7517590522766113,1.5297047495841978,0.1
inclination_shift,Inclination shift,Shift of training band (deg),-10.0,25-75,0,flat_lstm,Flat LSTM,10,41000,10,30,1.2034677267074585,10.055838584899902,2.886297428607938,0.16666666666666666
inclination_shift,Inclination shift,Shift of training band (deg),-10.0,25-75,0,flat_lstm,Flat LSTM,11,41000,11,30,0.5554296970367432,1.9593640565872192,1.4986117184162129,0.16666666666666666
inclination_shift,Inclination shift,Shift of training band (deg),-10.0,25-75,0,flat_lstm,Flat LSTM,12,41001,0,30,0.8441932201385498,3.328434467315674,2.6444950819015487,0.16666666666666666
inclination_shift,Inclination shift,Shift of training band (deg),-10.0,25-75,0,flat_lstm,Flat LSTM,13,41001,1,30,0.8524386286735535,3.237929344177246,2.821483874320983,0.2
inclination_shift,Inclination shift,Shift of training band (deg),-10.0,25-75,0,flat_lstm,Flat LSTM,14,41001,2,30,0.6558915972709656,2.7535760402679443,2.1868369817733764,0.16666666666666666
inclination_shift,Inclination shift,Shift of training band (deg),-10.0,25-75,0,flat_lstm,Flat LSTM,15,41001,3,30,1.211168646812439,5.4644246101379395,4.44126337766647,0.2
inclination_shift,Inclination shift,Shift of training band (deg),-10.0,25-75,0,flat_lstm,Flat LSTM,16,41001,4,30,0.4749285578727722,1.9003639221191406,1.2324577569961541,0.26666666666666666
inclination_shift,Inclination shift,Shift of training band (deg),-10.0,25-75,0,flat_lstm,Flat LSTM,17,41001,5,30,0.9520203471183777,5.260972499847412,4.070420050621026,0.13333333333333333
inclination_shift,Inclination shift,Shift of training band (deg),-10.0,25-75,0,flat_lstm,Flat LSTM,18,41001,6,30,0.5847349166870117,1.9872663021087646,1.7205977261066434,0.1
inclination_shift,Inclination shift,Shift of training band (deg),-10.0,25-75,0,flat_lstm,Flat LSTM,19,41001,7,30,0.8906696438789368,4.565408706665039,2.3620576620101916,0.16666666666666666
inclination_shift,Inclination shift,Shift of training band (deg),-10.0,25-75,0,flat_lstm,Flat LSTM,20,41001,8,30,0.5944990515708923,2.250410556793213,1.6218723654747,0.13333333333333333
inclination_shift,Inclination shift,Shift of training band (deg),-10.0,25-75,0,flat_lstm,Flat LSTM,21,41001,9,30,0.6360148787498474,2.042048931121826,1.8926325440406795,0.13333333333333333
inclination_shift,Inclination shift,Shift of training band (deg),-10.0,25-75,0,flat_lstm,Flat LSTM,22,41001,10,30,0.5636548399925232,1.8322314023971558,1.677551567554473,0.16666666666666666
inclination_shift,Inclination shift,Shift of training band (deg),-10.0,25-75,0,flat_lstm,Flat LSTM,23,41001,11,30,0.8267538547515869,2.9620437622070312,2.0626427948474877,0.13333333333333333
inclination_shift,Inclination shift,Shift of training band (deg),-10.0,25-75,0,pointer_lstm,Attention-LSTM pointer,0,41000,0,30,0.4850417375564575,2.9479591846466064,0.9708360344171523,0.16666666666666666
inclination_shift,Inclination shift,Shift of training band (deg),-10.0,25-75,0,pointer_lstm,Attention-LSTM pointer,1,41000,1,30,0.4150463044643402,1.174865484237671,0.858271420001983,0.16666666666666666
inclination_shift,Inclination shift,Shift of training band (deg),-10.0,25-75,0,pointer_lstm,Attention-LSTM pointer,2,41000,2,30,0.42384693026542664,0.9317970275878906,0.8628909736871718,0.23333333333333334
inclination_shift,Inclination shift,Shift of training band (deg),-10.0,25-75,0,pointer_lstm,Attention-LSTM pointer,3,41000,3,30,0.3395874798297882,0.9079337120056152,0.8640770226716994,0.36666666666666664
inclination_shift,Inclination shift,Shift of training band (deg),-10.0,25-75,0,pointer_lstm,Attention-LSTM pointer,4,41000,4,30,0.42429319024086,2.027099132537842,0.8434362590312953,0.16666666666666666
inclination_shift,Inclination shift,Shift of training band (deg),-10.0,25-75,0,pointer_lstm,Attention-LSTM pointer,5,41000,5,30,0.33505305647850037,1.3966429233551025,0.868009719252586,0.36666666666666664
inclination_shift,Inclination shift,Shift of training band (deg),-10.0,25-75,0,pointer_lstm,Attention-LSTM pointer,6,41000,6,30,0.35589587688446045,0.84233158826828,0.7462616503238673,0.16666666666666666
inclination_shift,Inclination shift,Shift of training band (deg),-10.0,25-75,0,pointer_lstm,Attention-LSTM pointer,7,41000,7,30,0.4009675085544586,0.9725008010864258,0.8340189903974533,0.2
inclination_shift,Inclination shift,Shift of training band (deg),-10.0,25-75,0,pointer_lstm,Attention-LSTM pointer,8,41000,8,30,0.32796424627304077,1.0729622840881348,0.7061753422021866,0.3
inclination_shift,Inclination shift,Shift of training band (deg),-10.0,25-75,0,pointer_lstm,Attention-LSTM pointer,9,41000,9,30,0.3898429274559021,0.8389522433280945,0.7416315883398056,0.23333333333333334
inclination_shift,Inclination shift,Shift of training band (deg),-10.0,25-75,0,pointer_lstm,Attention-LSTM pointer,10,41000,10,30,0.4262866675853729,1.0220887660980225,0.7460879385471343,0.2
inclination_shift,Inclination shift,Shift of training band (deg),-10.0,25-75,0,pointer_lstm,Attention-LSTM pointer,11,41000,11,30,0.29468509554862976,0.6379549503326416,0.5700241386890409,0.23333333333333334
inclination_shift,Inclination shift,Shift of training band (deg),-10.0,25-75,0,pointer_lstm,Attention-LSTM pointer,12,41001,0,30,0.4297415018081665,1.5550048351287842,1.3360720157623285,0.23333333333333334
inclination_shift,Inclination shift,Shift of training band (deg),-10.0,25-75,0,pointer_lstm,Attention-LSTM pointer,13,41001,1,30,0.4651746451854706,1.1758264303207397,1.0324647665023796,0.16666666666666666
inclination_shift,Inclination shift,Shift of training band (deg),-10.0,25-75,0,pointer_lstm,Attention-LSTM pointer,14,41001,2,30,0.4133632779121399,2.0846571922302246,0.6775301992893218,0.23333333333333334
inclination_shift,Inclination shift,Shift of training band (deg),-10.0,25-75,0,pointer_lstm,Attention-LSTM pointer,15,41001,3,30,0.5818945169448853,2.0318830013275146,1.5872405350208272,0.16666666666666666
inclination_shift,Inclination shift,Shift of training band (deg),-10.0,25-75,0,pointer_lstm,Attention-LSTM pointer,16,41001,4,30,0.3282524049282074,0.8224600553512573,0.794760352373123,0.26666666666666666
inclination_shift,Inclination shift,Shift of training band (deg),-10.0,25-75,0,pointer_lstm,Attention-LSTM pointer,17,41001,5,30,1.0526021718978882,17.16680145263672,1.0849765241146083,0.1
inclination_shift,Inclination shift,Shift of training band (deg),-10.0,25-75,0,pointer_lstm,Attention-LSTM pointer,18,41001,6,30,0.33518266677856445,0.8201558589935303,0.6104703933000563,0.16666666666666666
inclination_shift,Inclination shift,Shift of training band (deg),-10.0,25-75,0,pointer_lstm,Attention-LSTM pointer,19,41001,7,30,0.37834349274635315,1.5388755798339844,0.7967189490795127,0.13333333333333333
inclination_shift,Inclination shift,Shift of training band (deg),-10.0,25-75,0,pointer_lstm,Attention-LSTM pointer,20,41001,8,30,0.414845734834671,1.6541426181793213,1.1597852289676651,0.16666666666666666
inclination_shift,Inclination shift,Shift of training band (deg),-10.0,25-75,0,pointer_lstm,Attention-LSTM pointer,21,41001,9,30,0.6030742526054382,1.9846646785736084,1.8067495107650753,0.23333333333333334
inclination_shift,Inclination shift,Shift of training band (deg),-10.0,25-75,0,pointer_lstm,Attention-LSTM pointer,22,41001,10,30,0.6476477980613708,4.194113731384277,2.5728305935859663,0.13333333333333333
inclination_shift,Inclination shift,Shift of training band (deg),-10.0,25-75,0,pointer_lstm,Attention-LSTM pointer,23,41001,11,30,0.40661734342575073,1.8729979991912842,0.6787079900503158,0.16666666666666666
inclination_shift,Inclination shift,Shift of training band (deg),0.0,35-85,1,expected_info_gain,Expected information gain,0,41000,0,30,0.88933265209198,2.8182387351989746,2.5746898293495173,0.06666666666666667
inclination_shift,Inclination shift,Shift of training band (deg),0.0,35-85,1,expected_info_gain,Expected information gain,1,41000,1,30,0.4364413917064667,0.9071905612945557,0.8825337797403334,0.03333333333333333
inclination_shift,Inclination shift,Shift of training band (deg),0.0,35-85,1,expected_info_gain,Expected information gain,2,41000,2,30,3.388972520828247,42.18659210205078,17.672280502319268,0.13333333333333333
inclination_shift,Inclination shift,Shift of training band (deg),0.0,35-85,1,expected_info_gain,Expected information gain,3,41000,3,30,0.6651638150215149,2.4598774909973145,1.957763087749479,0.2
inclination_shift,Inclination shift,Shift of training band (deg),0.0,35-85,1,expected_info_gain,Expected information gain,4,41000,4,30,0.7778584957122803,2.090914487838745,1.8680544435977924,0.06666666666666667
inclination_shift,Inclination shift,Shift of training band (deg),0.0,35-85,1,expected_info_gain,Expected information gain,5,41000,5,30,0.6013795137405396,3.0197882652282715,1.3968838155269596,0.1
inclination_shift,Inclination shift,Shift of training band (deg),0.0,35-85,1,expected_info_gain,Expected information gain,6,41000,6,30,0.5012767910957336,1.2260682582855225,1.1372012794017787,0.16666666666666666
inclination_shift,Inclination shift,Shift of training band (deg),0.0,35-85,1,expected_info_gain,Expected information gain,7,41000,7,30,0.627172589302063,2.7701022624969482,1.131330984830856,0.16666666666666666
inclination_shift,Inclination shift,Shift of training band (deg),0.0,35-85,1,expected_info_gain,Expected information gain,8,41000,8,30,0.5038450360298157,0.9940693378448486,0.9326257556676862,0.13333333333333333
inclination_shift,Inclination shift,Shift of training band (deg),0.0,35-85,1,expected_info_gain,Expected information gain,9,41000,9,30,0.4691925644874573,1.9379180669784546,1.0185003280639646,0.23333333333333334
inclination_shift,Inclination shift,Shift of training band (deg),0.0,35-85,1,expected_info_gain,Expected information gain,10,41000,10,30,0.5276930928230286,1.3533055782318115,1.2393265902996056,0.13333333333333333
inclination_shift,Inclination shift,Shift of training band (deg),0.0,35-85,1,expected_info_gain,Expected information gain,11,41000,11,30,0.5357144474983215,1.0502103567123413,0.8856424063444137,0.06666666666666667
inclination_shift,Inclination shift,Shift of training band (deg),0.0,35-85,1,expected_info_gain,Expected information gain,12,41001,0,30,0.7072227001190186,1.4592335224151611,1.386705762147903,0.2
inclination_shift,Inclination shift,Shift of training band (deg),0.0,35-85,1,expected_info_gain,Expected information gain,13,41001,1,30,0.833732008934021,3.914825916290283,2.81807652711868,0.16666666666666666
inclination_shift,Inclination shift,Shift of training band (deg),0.0,35-85,1,expected_info_gain,Expected information gain,14,41001,2,30,0.604419469833374,1.3315902948379517,1.2281229019165039,0.06666666666666667
inclination_shift,Inclination shift,Shift of training band (deg),0.0,35-85,1,expected_info_gain,Expected information gain,15,41001,3,30,1.0484193563461304,4.195164680480957,2.5826500535011268,0.1
inclination_shift,Inclination shift,Shift of training band (deg),0.0,35-85,1,expected_info_gain,Expected information gain,16,41001,4,30,0.7000675797462463,4.064257621765137,1.404124402999877,0.06666666666666667
inclination_shift,Inclination shift,Shift of training band (deg),0.0,35-85,1,expected_info_gain,Expected information gain,17,41001,5,30,0.5484256744384766,1.7157927751541138,1.2823491394519795,0.23333333333333334
inclination_shift,Inclination shift,Shift of training band (deg),0.0,35-85,1,expected_info_gain,Expected information gain,18,41001,6,30,1.642101764678955,14.227099418640137,6.699669337272642,0.06666666666666667
inclination_shift,Inclination shift,Shift of training band (deg),0.0,35-85,1,expected_info_gain,Expected information gain,19,41001,7,30,0.6591709852218628,2.061505079269409,1.5758298277854914,0.13333333333333333
inclination_shift,Inclination shift,Shift of training band (deg),0.0,35-85,1,expected_info_gain,Expected information gain,20,41001,8,30,0.5894886255264282,1.491870403289795,1.1051654040813441,0.16666666666666666
inclination_shift,Inclination shift,Shift of training band (deg),0.0,35-85,1,expected_info_gain,Expected information gain,21,41001,9,30,2.9468753337860107,41.19865798950195,6.3975422143936145,0.2
inclination_shift,Inclination shift,Shift of training band (deg),0.0,35-85,1,expected_info_gain,Expected information gain,22,41001,10,30,0.5739468932151794,2.10353684425354,1.260304546356201,0.06666666666666667
inclination_shift,Inclination shift,Shift of training band (deg),0.0,35-85,1,expected_info_gain,Expected information gain,23,41001,11,30,0.6473436951637268,1.8137253522872925,1.7733720600605012,0.1
inclination_shift,Inclination shift,Shift of training band (deg),0.0,35-85,1,flat_lstm,Flat LSTM,0,41000,0,30,1.5591681003570557,10.863590240478516,5.481977653503416,0.1
inclination_shift,Inclination shift,Shift of training band (deg),0.0,35-85,1,flat_lstm,Flat LSTM,1,41000,1,30,0.6076990365982056,2.7040247917175293,1.8901262938976258,0.13333333333333333
inclination_shift,Inclination shift,Shift of training band (deg),0.0,35-85,1,flat_lstm,Flat LSTM,2,41000,2,30,1.0475397109985352,3.84989333152771,3.0553035259246815,0.13333333333333333
inclination_shift,Inclination shift,Shift of training band (deg),0.0,35-85,1,flat_lstm,Flat LSTM,3,41000,3,30,0.6828124523162842,2.2376842498779297,1.9808942735195152,0.23333333333333334
inclination_shift,Inclination shift,Shift of training band (deg),0.0,35-85,1,flat_lstm,Flat LSTM,4,41000,4,30,0.7596394419670105,2.5200932025909424,1.9270347774028775,0.1
inclination_shift,Inclination shift,Shift of training band (deg),0.0,35-85,1,flat_lstm,Flat LSTM,5,41000,5,30,0.7018646001815796,2.0357909202575684,1.93680585026741,0.1
inclination_shift,Inclination shift,Shift of training band (deg),0.0,35-85,1,flat_lstm,Flat LSTM,6,41000,6,30,0.7624981999397278,4.247733116149902,2.0520945310592635,0.2
inclination_shift,Inclination shift,Shift of training band (deg),0.0,35-85,1,flat_lstm,Flat LSTM,7,41000,7,30,0.6589504480361938,2.152179002761841,1.9533274114131924,0.13333333333333333
inclination_shift,Inclination shift,Shift of training band (deg),0.0,35-85,1,flat_lstm,Flat LSTM,8,41000,8,30,0.7553113102912903,2.7540504932403564,2.263793945312499,0.13333333333333333
inclination_shift,Inclination shift,Shift of training band (deg),0.0,35-85,1,flat_lstm,Flat LSTM,9,41000,9,30,0.636222779750824,3.609217643737793,2.1316152691841097,0.23333333333333334
inclination_shift,Inclination shift,Shift of training band (deg),0.0,35-85,1,flat_lstm,Flat LSTM,10,41000,10,30,1.3979185819625854,10.114509582519531,5.837766098976118,0.13333333333333333
inclination_shift,Inclination shift,Shift of training band (deg),0.0,35-85,1,flat_lstm,Flat LSTM,11,41000,11,30,0.45983824133872986,1.8292917013168335,1.2871246933937062,0.23333333333333334
inclination_shift,Inclination shift,Shift of training band (deg),0.0,35-85,1,flat_lstm,Flat LSTM,12,41001,0,30,0.912102460861206,3.004215717315674,2.573337233066558,0.16666666666666666
inclination_shift,Inclination shift,Shift of training band (deg),0.0,35-85,1,flat_lstm,Flat LSTM,13,41001,1,30,0.882773220539093,3.201726198196411,2.6365779042243935,0.13333333333333333
inclination_shift,Inclination shift,Shift of training band (deg),0.0,35-85,1,flat_lstm,Flat LSTM,14,41001,2,30,0.8709851503372192,4.027813911437988,2.891664838790887,0.06666666666666667
inclination_shift,Inclination shift,Shift of training band (deg),0.0,35-85,1,flat_lstm,Flat LSTM,15,41001,3,30,0.8792780041694641,5.41661262512207,2.5612649679183948,0.16666666666666666
inclination_shift,Inclination shift,Shift of training band (deg),0.0,35-85,1,flat_lstm,Flat LSTM,16,41001,4,30,0.7454552054405212,3.380619525909424,2.192505526542663,0.2
inclination_shift,Inclination shift,Shift of training band (deg),0.0,35-85,1,flat_lstm,Flat LSTM,17,41001,5,30,0.688373327255249,2.2856709957122803,1.9849045932292937,0.2
inclination_shift,Inclination shift,Shift of training band (deg),0.0,35-85,1,flat_lstm,Flat LSTM,18,41001,6,30,0.6883108615875244,2.744328022003174,2.532711946964264,0.2
inclination_shift,Inclination shift,Shift of training band (deg),0.0,35-85,1,flat_lstm,Flat LSTM,19,41001,7,30,0.8131343126296997,4.575910568237305,2.7354378104209878,0.13333333333333333
inclination_shift,Inclination shift,Shift of training band (deg),0.0,35-85,1,flat_lstm,Flat LSTM,20,41001,8,30,0.595333456993103,3.1928749084472656,1.4463220417499538,0.13333333333333333
inclination_shift,Inclination shift,Shift of training band (deg),0.0,35-85,1,flat_lstm,Flat LSTM,21,41001,9,30,0.7123822569847107,3.149289846420288,2.5504507780075047,0.13333333333333333
inclination_shift,Inclination shift,Shift of training band (deg),0.0,35-85,1,flat_lstm,Flat LSTM,22,41001,10,30,0.5165109634399414,1.8990838527679443,1.3360384702682486,0.16666666666666666
inclination_shift,Inclination shift,Shift of training band (deg),0.0,35-85,1,flat_lstm,Flat LSTM,23,41001,11,30,0.6315031051635742,3.5186798572540283,1.5845452904701232,0.13333333333333333
inclination_shift,Inclination shift,Shift of training band (deg),0.0,35-85,1,pointer_lstm,Attention-LSTM pointer,0,41000,0,30,0.5745923519134521,2.6904773712158203,1.7631370663642847,0.16666666666666666
inclination_shift,Inclination shift,Shift of training band (deg),0.0,35-85,1,pointer_lstm,Attention-LSTM pointer,1,41000,1,30,0.42686188220977783,1.2532575130462646,0.953091350197791,0.13333333333333333
inclination_shift,Inclination shift,Shift of training band (deg),0.0,35-85,1,pointer_lstm,Attention-LSTM pointer,2,41000,2,30,0.4754529893398285,2.599048137664795,1.0193147659301756,0.23333333333333334
inclination_shift,Inclination shift,Shift of training band (deg),0.0,35-85,1,pointer_lstm,Attention-LSTM pointer,3,41000,3,30,0.4328922629356384,2.222836971282959,1.2719942390918721,0.26666666666666666
inclination_shift,Inclination shift,Shift of training band (deg),0.0,35-85,1,pointer_lstm,Attention-LSTM pointer,4,41000,4,30,0.40217331051826477,1.514832615852356,0.8164203137159339,0.1
inclination_shift,Inclination shift,Shift of training band (deg),0.0,35-85,1,pointer_lstm,Attention-LSTM pointer,5,41000,5,30,0.2788352370262146,0.6167962551116943,0.5083265632390974,0.36666666666666664
inclination_shift,Inclination shift,Shift of training band (deg),0.0,35-85,1,pointer_lstm,Attention-LSTM pointer,6,41000,6,30,0.3811430037021637,1.9601657390594482,0.8175405442714686,0.26666666666666666
inclination_shift,Inclination shift,Shift of training band (deg),0.0,35-85,1,pointer_lstm,Attention-LSTM pointer,7,41000,7,30,0.4220600426197052,1.236633539199829,0.8988598406314848,0.2
inclination_shift,Inclination shift,Shift of training band (deg),0.0,35-85,1,pointer_lstm,Attention-LSTM pointer,8,41000,8,30,0.4088744819164276,1.3546098470687866,1.1221335023641577,0.23333333333333334
inclination_shift,Inclination shift,Shift of training band (deg),0.0,35-85,1,pointer_lstm,Attention-LSTM pointer,9,41000,9,30,0.35560116171836853,0.9167998433113098,0.7388087689876555,0.3333333333333333
inclination_shift,Inclination shift,Shift of training band (deg),0.0,35-85,1,pointer_lstm,Attention-LSTM pointer,10,41000,10,30,0.4688921570777893,1.0504677295684814,0.98805376291275,0.16666666666666666
inclination_shift,Inclination shift,Shift of training band (deg),0.0,35-85,1,pointer_lstm,Attention-LSTM pointer,11,41000,11,30,0.31141892075538635,0.6049116849899292,0.5776414960622787,0.23333333333333334
inclination_shift,Inclination shift,Shift of training band (deg),0.0,35-85,1,pointer_lstm,Attention-LSTM pointer,12,41001,0,30,0.4326367974281311,1.489823579788208,1.3065423488616932,0.2
inclination_shift,Inclination shift,Shift of training band (deg),0.0,35-85,1,pointer_lstm,Attention-LSTM pointer,13,41001,1,30,0.4140162467956543,1.0364046096801758,0.8722803473472592,0.13333333333333333
inclination_shift,Inclination shift,Shift of training band (deg),0.0,35-85,1,pointer_lstm,Attention-LSTM pointer,14,41001,2,30,0.3775832951068878,0.8654903769493103,0.7364336997270583,0.26666666666666666
inclination_shift,Inclination shift,Shift of training band (deg),0.0,35-85,1,pointer_lstm,Attention-LSTM pointer,15,41001,3,30,0.5283119082450867,2.975306272506714,1.3293003559112546,0.16666666666666666
inclination_shift,Inclination shift,Shift of training band (deg),0.0,35-85,1,pointer_lstm,Attention-LSTM pointer,16,41001,4,30,0.2961934804916382,0.5278434157371521,0.48502267301082597,0.16666666666666666
inclination_shift,Inclination shift,Shift of training band (deg),0.0,35-85,1,pointer_lstm,Attention-LSTM pointer,17,41001,5,30,0.4415367543697357,1.2733500003814697,0.905996939539909,0.26666666666666666
inclination_shift,Inclination shift,Shift of training band (deg),0.0,35-85,1,pointer_lstm,Attention-LSTM pointer,18,41001,6,30,0.3455788791179657,0.7042900919914246,0.6778794348239897,0.3
inclination_shift,Inclination shift,Shift of training band (deg),0.0,35-85,1,pointer_lstm,Attention-LSTM pointer,19,41001,7,30,0.3712347149848938,1.5123635530471802,0.7075507342815399,0.2
inclination_shift,Inclination shift,Shift of training band (deg),0.0,35-85,1,pointer_lstm,Attention-LSTM pointer,20,41001,8,30,0.4091784656047821,1.4908933639526367,1.098244670033453,0.2
inclination_shift,Inclination shift,Shift of training band (deg),0.0,35-85,1,pointer_lstm,Attention-LSTM pointer,21,41001,9,30,0.4529096484184265,1.0656689405441284,0.9803973793983454,0.2
inclination_shift,Inclination shift,Shift of training band (deg),0.0,35-85,1,pointer_lstm,Attention-LSTM pointer,22,41001,10,30,0.3865141272544861,1.3171706199645996,0.7846894949674604,0.23333333333333334
inclination_shift,Inclination shift,Shift of training band (deg),0.0,35-85,1,pointer_lstm,Attention-LSTM pointer,23,41001,11,30,0.5260925889015198,2.27292799949646,1.2202054500579829,0.23333333333333334
inclination_shift,Inclination shift,Shift of training band (deg),10.0,45-95,0,expected_info_gain,Expected information gain,0,41000,0,30,0.8301409482955933,3.415397882461548,1.8966616332530974,0.1
inclination_shift,Inclination shift,Shift of training band (deg),10.0,45-95,0,expected_info_gain,Expected information gain,1,41000,1,30,0.4011519253253937,0.8167641758918762,0.638503697514534,0.1
inclination_shift,Inclination shift,Shift of training band (deg),10.0,45-95,0,expected_info_gain,Expected information gain,2,41000,2,30,1.7192625999450684,18.884723663330078,4.475056242942807,0.16666666666666666
inclination_shift,Inclination shift,Shift of training band (deg),10.0,45-95,0,expected_info_gain,Expected information gain,3,41000,3,30,0.6326720714569092,2.11257266998291,1.3310186088085167,0.06666666666666667
inclination_shift,Inclination shift,Shift of training band (deg),10.0,45-95,0,expected_info_gain,Expected information gain,4,41000,4,30,0.7525113224983215,2.3921782970428467,2.013846433162687,0.1
inclination_shift,Inclination shift,Shift of training band (deg),10.0,45-95,0,expected_info_gain,Expected information gain,5,41000,5,30,0.4746122658252716,2.060089588165283,0.8554190188646313,0.13333333333333333
inclination_shift,Inclination shift,Shift of training band (deg),10.0,45-95,0,expected_info_gain,Expected information gain,6,41000,6,30,0.4696303904056549,1.2108845710754395,0.9576205790042875,0.26666666666666666
inclination_shift,Inclination shift,Shift of training band (deg),10.0,45-95,0,expected_info_gain,Expected information gain,7,41000,7,30,0.6560034155845642,2.120100498199463,1.384625929594039,0.1
inclination_shift,Inclination shift,Shift of training band (deg),10.0,45-95,0,expected_info_gain,Expected information gain,8,41000,8,30,0.4405461251735687,1.0064404010772705,0.9265130579471585,0.23333333333333334
inclination_shift,Inclination shift,Shift of training band (deg),10.0,45-95,0,expected_info_gain,Expected information gain,9,41000,9,30,0.5440896153450012,1.951960563659668,1.3744381248950943,0.2
inclination_shift,Inclination shift,Shift of training band (deg),10.0,45-95,0,expected_info_gain,Expected information gain,10,41000,10,30,0.6043684482574463,2.7088584899902344,1.594114291667937,0.03333333333333333
inclination_shift,Inclination shift,Shift of training band (deg),10.0,45-95,0,expected_info_gain,Expected information gain,11,41000,11,30,0.5120664834976196,1.6240999698638916,1.1171435713768,0.13333333333333333
inclination_shift,Inclination shift,Shift of training band (deg),10.0,45-95,0,expected_info_gain,Expected information gain,12,41001,0,30,0.675586998462677,1.4983359575271606,1.3065206468105313,0.13333333333333333
inclination_shift,Inclination shift,Shift of training band (deg),10.0,45-95,0,expected_info_gain,Expected information gain,13,41001,1,30,0.9185751080513,7.127099990844727,1.8438524425029745,0.1
inclination_shift,Inclination shift,Shift of training band (deg),10.0,45-95,0,expected_info_gain,Expected information gain,14,41001,2,30,0.5865244269371033,1.3370000123977661,1.1416589260101313,0.06666666666666667
inclination_shift,Inclination shift,Shift of training band (deg),10.0,45-95,0,expected_info_gain,Expected information gain,15,41001,3,30,0.9198074340820312,4.361170291900635,1.7441823482513414,0.16666666666666666
inclination_shift,Inclination shift,Shift of training band (deg),10.0,45-95,0,expected_info_gain,Expected information gain,16,41001,4,30,0.631016194820404,1.623078465461731,1.2331558704376218,0.06666666666666667
inclination_shift,Inclination shift,Shift of training band (deg),10.0,45-95,0,expected_info_gain,Expected information gain,17,41001,5,30,0.5462787747383118,1.6939425468444824,1.3435898780822744,0.2
inclination_shift,Inclination shift,Shift of training band (deg),10.0,45-95,0,expected_info_gain,Expected information gain,18,41001,6,30,0.6269211173057556,2.8150222301483154,1.4328880310058585,0.13333333333333333
inclination_shift,Inclination shift,Shift of training band (deg),10.0,45-95,0,expected_info_gain,Expected information gain,19,41001,7,30,0.6507831811904907,1.4434245824813843,1.3186719775199887,0.06666666666666667
inclination_shift,Inclination shift,Shift of training band (deg),10.0,45-95,0,expected_info_gain,Expected information gain,20,41001,8,30,0.6604400277137756,1.3889060020446777,1.3565223693847654,0.06666666666666667
inclination_shift,Inclination shift,Shift of training band (deg),10.0,45-95,0,expected_info_gain,Expected information gain,21,41001,9,30,2.9649035930633545,51.75342559814453,5.995162177085868,0.2
inclination_shift,Inclination shift,Shift of training band (deg),10.0,45-95,0,expected_info_gain,Expected information gain,22,41001,10,30,0.6121886968612671,2.074507713317871,1.2927584767341613,0.06666666666666667
inclination_shift,Inclination shift,Shift of training band (deg),10.0,45-95,0,expected_info_gain,Expected information gain,23,41001,11,30,0.5302107334136963,1.7304846048355103,1.025394928455352,0.13333333333333333
inclination_shift,Inclination shift,Shift of training band (deg),10.0,45-95,0,flat_lstm,Flat LSTM,0,41000,0,30,0.942129909992218,5.96550178527832,3.565251624584195,0.13333333333333333
inclination_shift,Inclination shift,Shift of training band (deg),10.0,45-95,0,flat_lstm,Flat LSTM,1,41000,1,30,0.47374406456947327,1.280104160308838,0.9864488780498496,0.1
inclination_shift,Inclination shift,Shift of training band (deg),10.0,45-95,0,flat_lstm,Flat LSTM,2,41000,2,30,0.8059543371200562,3.9845001697540283,1.5833214342594144,0.1
inclination_shift,Inclination shift,Shift of training band (deg),10.0,45-95,0,flat_lstm,Flat LSTM,3,41000,3,30,0.5647026896476746,2.204468250274658,1.5922667980194074,0.23333333333333334
inclination_shift,Inclination shift,Shift of training band (deg),10.0,45-95,0,flat_lstm,Flat LSTM,4,41000,4,30,0.721474289894104,3.232834577560425,2.1987601995468107,0.1
inclination_shift,Inclination shift,Shift of training band (deg),10.0,45-95,0,flat_lstm,Flat LSTM,5,41000,5,30,0.8326500058174133,3.045383930206299,2.8161247372627245,0.2
inclination_shift,Inclination shift,Shift of training band (deg),10.0,45-95,0,flat_lstm,Flat LSTM,6,41000,6,30,0.5335981845855713,1.6339850425720215,1.2928143620491015,0.23333333333333334
inclination_shift,Inclination shift,Shift of training band (deg),10.0,45-95,0,flat_lstm,Flat LSTM,7,41000,7,30,0.5927711725234985,2.930664539337158,1.7831648886203746,0.06666666666666667
inclination_shift,Inclination shift,Shift of training band (deg),10.0,45-95,0,flat_lstm,Flat LSTM,8,41000,8,30,0.9924503564834595,3.851832628250122,3.124863505363462,0.1
inclination_shift,Inclination shift,Shift of training band (deg),10.0,45-95,0,flat_lstm,Flat LSTM,9,41000,9,30,0.8518314361572266,3.742361068725586,2.7027798175811766,0.13333333333333333
inclination_shift,Inclination shift,Shift of training band (deg),10.0,45-95,0,flat_lstm,Flat LSTM,10,41000,10,30,0.6163639426231384,2.2917613983154297,1.3311775088310234,0.16666666666666666
inclination_shift,Inclination shift,Shift of training band (deg),10.0,45-95,0,flat_lstm,Flat LSTM,11,41000,11,30,0.5161550641059875,2.2482504844665527,1.0034204512834546,0.2
inclination_shift,Inclination shift,Shift of training band (deg),10.0,45-95,0,flat_lstm,Flat LSTM,12,41001,0,30,0.7685592770576477,2.971452236175537,2.3379991888999916,0.13333333333333333
inclination_shift,Inclination shift,Shift of training band (deg),10.0,45-95,0,flat_lstm,Flat LSTM,13,41001,1,30,0.7101497650146484,2.2905306816101074,1.645526546239853,0.13333333333333333
inclination_shift,Inclination shift,Shift of training band (deg),10.0,45-95,0,flat_lstm,Flat LSTM,14,41001,2,30,0.7251516580581665,3.7216763496398926,1.563831347227096,0.16666666666666666
inclination_shift,Inclination shift,Shift of training band (deg),10.0,45-95,0,flat_lstm,Flat LSTM,15,41001,3,30,1.054649829864502,5.587216377258301,3.970113456249236,0.16666666666666666
inclination_shift,Inclination shift,Shift of training band (deg),10.0,45-95,0,flat_lstm,Flat LSTM,16,41001,4,30,0.5289701223373413,1.6497867107391357,1.3643134593963606,0.2
inclination_shift,Inclination shift,Shift of training band (deg),10.0,45-95,0,flat_lstm,Flat LSTM,17,41001,5,30,0.6133369207382202,2.38059139251709,1.5725355565547943,0.2
inclination_shift,Inclination shift,Shift of training band (deg),10.0,45-95,0,flat_lstm,Flat LSTM,18,41001,6,30,0.6687839031219482,2.307417631149292,2.072380232810973,0.13333333333333333
inclination_shift,Inclination shift,Shift of training band (deg),10.0,45-95,0,flat_lstm,Flat LSTM,19,41001,7,30,0.7780985236167908,3.8266968727111816,2.1736788511276237,0.13333333333333333
inclination_shift,Inclination shift,Shift of training band (deg),10.0,45-95,0,flat_lstm,Flat LSTM,20,41001,8,30,0.6833161115646362,4.042793273925781,2.6390701472759197,0.2
inclination_shift,Inclination shift,Shift of training band (deg),10.0,45-95,0,flat_lstm,Flat LSTM,21,41001,9,30,0.7440366744995117,3.260272979736328,2.281174767017364,0.26666666666666666
inclination_shift,Inclination shift,Shift of training band (deg),10.0,45-95,0,flat_lstm,Flat LSTM,22,41001,10,30,0.6166784167289734,2.7194137573242188,1.5481781423091885,0.13333333333333333
inclination_shift,Inclination shift,Shift of training band (deg),10.0,45-95,0,flat_lstm,Flat LSTM,23,41001,11,30,0.6722719669342041,3.1118924617767334,2.1805243968963586,0.13333333333333333
inclination_shift,Inclination shift,Shift of training band (deg),10.0,45-95,0,pointer_lstm,Attention-LSTM pointer,0,41000,0,30,0.46949639916419983,1.2828905582427979,0.935544443130493,0.23333333333333334
inclination_shift,Inclination shift,Shift of training band (deg),10.0,45-95,0,pointer_lstm,Attention-LSTM pointer,1,41000,1,30,0.41419926285743713,1.2954199314117432,0.7899526208639144,0.2
inclination_shift,Inclination shift,Shift of training band (deg),10.0,45-95,0,pointer_lstm,Attention-LSTM pointer,2,41000,2,30,0.4226270616054535,0.9143065810203552,0.8958414494991301,0.23333333333333334
inclination_shift,Inclination shift,Shift of training band (deg),10.0,45-95,0,pointer_lstm,Attention-LSTM pointer,3,41000,3,30,0.3298792243003845,1.4508382081985474,0.8135103553533549,0.3333333333333333
inclination_shift,Inclination shift,Shift of training band (deg),10.0,45-95,0,pointer_lstm,Attention-LSTM pointer,4,41000,4,30,0.5235497355461121,4.3093767166137695,1.079449462890624,0.1
inclination_shift,Inclination shift,Shift of training band (deg),10.0,45-95,0,pointer_lstm,Attention-LSTM pointer,5,41000,5,30,0.34667858481407166,1.2734417915344238,0.7124368160963057,0.23333333333333334
inclination_shift,Inclination shift,Shift of training band (deg),10.0,45-95,0,pointer_lstm,Attention-LSTM pointer,6,41000,6,30,0.45107051730155945,2.7131054401397705,0.8641826033592221,0.26666666666666666
inclination_shift,Inclination shift,Shift of training band (deg),10.0,45-95,0,pointer_lstm,Attention-LSTM pointer,7,41000,7,30,0.40872082114219666,1.1806201934814453,0.9122440367937088,0.23333333333333334
inclination_shift,Inclination shift,Shift of training band (deg),10.0,45-95,0,pointer_lstm,Attention-LSTM pointer,8,41000,8,30,0.37955349683761597,1.1501967906951904,0.9621166586875911,0.23333333333333334
inclination_shift,Inclination shift,Shift of training band (deg),10.0,45-95,0,pointer_lstm,Attention-LSTM pointer,9,41000,9,30,0.34069231152534485,0.873151421546936,0.721730229258537,0.3333333333333333
inclination_shift,Inclination shift,Shift of training band (deg),10.0,45-95,0,pointer_lstm,Attention-LSTM pointer,10,41000,10,30,0.5294617414474487,4.751237392425537,1.266971260309217,0.26666666666666666
inclination_shift,Inclination shift,Shift of training band (deg),10.0,45-95,0,pointer_lstm,Attention-LSTM pointer,11,41000,11,30,0.31037941575050354,0.6099264025688171,0.5959393888711929,0.23333333333333334
inclination_shift,Inclination shift,Shift of training band (deg),10.0,45-95,0,pointer_lstm,Attention-LSTM pointer,12,41001,0,30,0.48328572511672974,1.778364658355713,1.4637415468692774,0.3
inclination_shift,Inclination shift,Shift of training band (deg),10.0,45-95,0,pointer_lstm,Attention-LSTM pointer,13,41001,1,30,0.45591750741004944,0.9574740529060364,0.889728370308876,0.16666666666666666
inclination_shift,Inclination shift,Shift of training band (deg),10.0,45-95,0,pointer_lstm,Attention-LSTM pointer,14,41001,2,30,0.45811179280281067,1.2567318677902222,0.9098564833402631,0.16666666666666666
inclination_shift,Inclination shift,Shift of training band (deg),10.0,45-95,0,pointer_lstm,Attention-LSTM pointer,15,41001,3,30,0.5893139243125916,3.9572086334228516,1.3414579927921289,0.13333333333333333
inclination_shift,Inclination shift,Shift of training band (deg),10.0,45-95,0,pointer_lstm,Attention-LSTM pointer,16,41001,4,30,0.317661315202713,0.7827236652374268,0.5613391935825347,0.13333333333333333
inclination_shift,Inclination shift,Shift of training band (deg),10.0,45-95,0,pointer_lstm,Attention-LSTM pointer,17,41001,5,30,0.5498724579811096,3.813826084136963,1.216938483715057,0.2
inclination_shift,Inclination shift,Shift of training band (deg),10.0,45-95,0,pointer_lstm,Attention-LSTM pointer,18,41001,6,30,0.3825674057006836,0.9926609396934509,0.8544575303792951,0.2
inclination_shift,Inclination shift,Shift of training band (deg),10.0,45-95,0,pointer_lstm,Attention-LSTM pointer,19,41001,7,30,0.4294581115245819,1.5734370946884155,1.1749980837106695,0.16666666666666666
inclination_shift,Inclination shift,Shift of training band (deg),10.0,45-95,0,pointer_lstm,Attention-LSTM pointer,20,41001,8,30,0.5984342098236084,6.476984977722168,1.0557759165763838,0.2
inclination_shift,Inclination shift,Shift of training band (deg),10.0,45-95,0,pointer_lstm,Attention-LSTM pointer,21,41001,9,30,0.6753126382827759,3.194002866744995,2.2147056996822343,0.16666666666666666
inclination_shift,Inclination shift,Shift of training band (deg),10.0,45-95,0,pointer_lstm,Attention-LSTM pointer,22,41001,10,30,0.4891805648803711,2.881150722503662,1.1183516681194297,0.13333333333333333
inclination_shift,Inclination shift,Shift of training band (deg),10.0,45-95,0,pointer_lstm,Attention-LSTM pointer,23,41001,11,30,0.5392360687255859,2.0269076824188232,1.5689672052860248,0.2
inclination_shift,Inclination shift,Shift of training band (deg),20.0,55-105,0,expected_info_gain,Expected information gain,0,41000,0,30,0.8545246720314026,3.762557029724121,2.6693003535270656,0.03333333333333333
inclination_shift,Inclination shift,Shift of training band (deg),20.0,55-105,0,expected_info_gain,Expected information gain,1,41000,1,30,0.3716994524002075,0.8186923265457153,0.6638752698898313,0.1
inclination_shift,Inclination shift,Shift of training band (deg),20.0,55-105,0,expected_info_gain,Expected information gain,2,41000,2,30,1.5009788274765015,10.23746395111084,4.439101839065551,0.13333333333333333
inclination_shift,Inclination shift,Shift of training band (deg),20.0,55-105,0,expected_info_gain,Expected information gain,3,41000,3,30,0.6028583645820618,2.531853199005127,1.691345989704131,0.16666666666666666
inclination_shift,Inclination shift,Shift of training band (deg),20.0,55-105,0,expected_info_gain,Expected information gain,4,41000,4,30,0.794026792049408,2.432058572769165,1.9405913352966306,0.1
inclination_shift,Inclination shift,Shift of training band (deg),20.0,55-105,0,expected_info_gain,Expected information gain,5,41000,5,30,0.6259765028953552,1.8097150325775146,1.308278429508209,0.0
inclination_shift,Inclination shift,Shift of training band (deg),20.0,55-105,0,expected_info_gain,Expected information gain,6,41000,6,30,0.5130727291107178,1.239091157913208,1.1443766534328454,0.16666666666666666
inclination_shift,Inclination shift,Shift of training band (deg),20.0,55-105,0,expected_info_gain,Expected information gain,7,41000,7,30,0.5676239132881165,2.628725051879883,0.9359617143869399,0.1
inclination_shift,Inclination shift,Shift of training band (deg),20.0,55-105,0,expected_info_gain,Expected information gain,8,41000,8,30,0.4597708582878113,1.0912666320800781,1.0084829509258268,0.1
inclination_shift,Inclination shift,Shift of training band (deg),20.0,55-105,0,expected_info_gain,Expected information gain,9,41000,9,30,0.4079939126968384,1.046876311302185,0.9075026422739025,0.26666666666666666
inclination_shift,Inclination shift,Shift of training band (deg),20.0,55-105,0,expected_info_gain,Expected information gain,10,41000,10,30,0.5274059176445007,1.3582078218460083,1.2071205854415887,0.16666666666666666
inclination_shift,Inclination shift,Shift of training band (deg),20.0,55-105,0,expected_info_gain,Expected information gain,11,41000,11,30,0.44931191205978394,1.0394057035446167,0.8433129668235778,0.16666666666666666
inclination_shift,Inclination shift,Shift of training band (deg),20.0,55-105,0,expected_info_gain,Expected information gain,12,41001,0,30,0.6825459003448486,1.3703532218933105,1.3039473474025725,0.13333333333333333
inclination_shift,Inclination shift,Shift of training band (deg),20.0,55-105,0,expected_info_gain,Expected information gain,13,41001,1,30,0.9006040096282959,7.269347190856934,2.1594395697116835,0.23333333333333334
inclination_shift,Inclination shift,Shift of training band (deg),20.0,55-105,0,expected_info_gain,Expected information gain,14,41001,2,30,0.6423949599266052,2.0548627376556396,1.2883318901062009,0.06666666666666667
inclination_shift,Inclination shift,Shift of training band (deg),20.0,55-105,0,expected_info_gain,Expected information gain,15,41001,3,30,0.8886767029762268,4.383678913116455,1.8840988278388966,0.1
inclination_shift,Inclination shift,Shift of training band (deg),20.0,55-105,0,expected_info_gain,Expected information gain,16,41001,4,30,0.6488766074180603,1.9213697910308838,1.5300689756870263,0.13333333333333333
inclination_shift,Inclination shift,Shift of training band (deg),20.0,55-105,0,expected_info_gain,Expected information gain,17,41001,5,30,0.5423648953437805,1.7024410963058472,1.3264519929885854,0.16666666666666666
inclination_shift,Inclination shift,Shift of training band (deg),20.0,55-105,0,expected_info_gain,Expected information gain,18,41001,6,30,0.672347903251648,1.9392670392990112,1.584992051124571,0.03333333333333333
inclination_shift,Inclination shift,Shift of training band (deg),20.0,55-105,0,expected_info_gain,Expected information gain,19,41001,7,30,0.6109281778335571,1.4417940378189087,1.3329908490180964,0.16666666666666666
inclination_shift,Inclination shift,Shift of training band (deg),20.0,55-105,0,expected_info_gain,Expected information gain,20,41001,8,30,0.7218711376190186,2.6656949520111084,1.9366267681121823,0.06666666666666667
inclination_shift,Inclination shift,Shift of training band (deg),20.0,55-105,0,expected_info_gain,Expected information gain,21,41001,9,30,2.9800117015838623,51.77759552001953,5.9405323982238745,0.13333333333333333
inclination_shift,Inclination shift,Shift of training band (deg),20.0,55-105,0,expected_info_gain,Expected information gain,22,41001,10,30,0.5491132736206055,1.7340492010116577,1.2999590218067165,0.06666666666666667
inclination_shift,Inclination shift,Shift of training band (deg),20.0,55-105,0,expected_info_gain,Expected information gain,23,41001,11,30,0.5951035618782043,1.7428697347640991,1.5412811040878296,0.06666666666666667
inclination_shift,Inclination shift,Shift of training band (deg),20.0,55-105,0,flat_lstm,Flat LSTM,0,41000,0,30,0.6546869874000549,4.66068172454834,1.2733218669891349,0.13333333333333333
inclination_shift,Inclination shift,Shift of training band (deg),20.0,55-105,0,flat_lstm,Flat LSTM,1,41000,1,30,0.6312728524208069,2.208097457885742,1.6195428907871243,0.1
inclination_shift,Inclination shift,Shift of training band (deg),20.0,55-105,0,flat_lstm,Flat LSTM,2,41000,2,30,0.8981406092643738,3.9934959411621094,2.2416871190071106,0.23333333333333334
inclination_shift,Inclination shift,Shift of training band (deg),20.0,55-105,0,flat_lstm,Flat LSTM,3,41000,3,30,0.8270397186279297,3.4470279216766357,2.380026829242705,0.13333333333333333
inclination_shift,Inclination shift,Shift of training band (deg),20.0,55-105,0,flat_lstm,Flat LSTM,4,41000,4,30,0.8760358095169067,3.0936331748962402,2.5467609524726837,0.16666666666666666
inclination_shift,Inclination shift,Shift of training band (deg),20.0,55-105,0,flat_lstm,Flat LSTM,5,41000,5,30,0.6504331231117249,2.937185525894165,1.495547741651535,0.13333333333333333
inclination_shift,Inclination shift,Shift of training band (deg),20.0,55-105,0,flat_lstm,Flat LSTM,6,41000,6,30,0.599745512008667,1.9991891384124756,1.8673290014266968,0.13333333333333333
inclination_shift,Inclination shift,Shift of training band (deg),20.0,55-105,0,flat_lstm,Flat LSTM,7,41000,7,30,0.7251461148262024,5.192590236663818,2.2767357170581786,0.16666666666666666
inclination_shift,Inclination shift,Shift of training band (deg),20.0,55-105,0,flat_lstm,Flat LSTM,8,41000,8,30,0.877310574054718,2.583883285522461,2.331708979606628,0.13333333333333333
inclination_shift,Inclination shift,Shift of training band (deg),20.0,55-105,0,flat_lstm,Flat LSTM,9,41000,9,30,0.5921686291694641,2.4132657051086426,1.893972331285476,0.26666666666666666
inclination_shift,Inclination shift,Shift of training band (deg),20.0,55-105,0,flat_lstm,Flat LSTM,10,41000,10,30,0.5454866290092468,1.3161364793777466,1.2653668999671934,0.13333333333333333
inclination_shift,Inclination shift,Shift of training band (deg),20.0,55-105,0,flat_lstm,Flat LSTM,11,41000,11,30,0.6804236769676208,3.463810443878174,2.3312712430953955,0.2
inclination_shift,Inclination shift,Shift of training band (deg),20.0,55-105,0,flat_lstm,Flat LSTM,12,41001,0,30,0.6839078068733215,2.0827414989471436,1.8084810793399797,0.13333333333333333
inclination_shift,Inclination shift,Shift of training band (deg),20.0,55-105,0,flat_lstm,Flat LSTM,13,41001,1,30,0.993156373500824,2.9738857746124268,2.807398760318756,0.13333333333333333
inclination_shift,Inclination shift,Shift of training band (deg),20.0,55-105,0,flat_lstm,Flat LSTM,14,41001,2,30,0.6493479609489441,2.4411680698394775,1.7702871084213252,0.13333333333333333
inclination_shift,Inclination shift,Shift of training band (deg),20.0,55-105,0,flat_lstm,Flat LSTM,15,41001,3,30,0.7828207015991211,2.3856396675109863,2.2581684112548825,0.13333333333333333
inclination_shift,Inclination shift,Shift of training band (deg),20.0,55-105,0,flat_lstm,Flat LSTM,16,41001,4,30,0.4502110779285431,1.2429596185684204,1.0746324628591526,0.13333333333333333
inclination_shift,Inclination shift,Shift of training band (deg),20.0,55-105,0,flat_lstm,Flat LSTM,17,41001,5,30,0.7608144283294678,4.4449896812438965,2.7887856125831587,0.2
inclination_shift,Inclination shift,Shift of training band (deg),20.0,55-105,0,flat_lstm,Flat LSTM,18,41001,6,30,0.6479948163032532,2.6921069622039795,2.2068926930427546,0.1
inclination_shift,Inclination shift,Shift of training band (deg),20.0,55-105,0,flat_lstm,Flat LSTM,19,41001,7,30,0.811799943447113,4.6227922439575195,2.10530068874359,0.13333333333333333
inclination_shift,Inclination shift,Shift of training band (deg),20.0,55-105,0,flat_lstm,Flat LSTM,20,41001,8,30,0.813346266746521,3.664313316345215,2.8218286871910094,0.16666666666666666
inclination_shift,Inclination shift,Shift of training band (deg),20.0,55-105,0,flat_lstm,Flat LSTM,21,41001,9,30,0.7348328232765198,2.723752975463867,2.0031116187572464,0.13333333333333333
inclination_shift,Inclination shift,Shift of training band (deg),20.0,55-105,0,flat_lstm,Flat LSTM,22,41001,10,30,0.7451702952384949,2.52736234664917,2.2515713572502123,0.1
inclination_shift,Inclination shift,Shift of training band (deg),20.0,55-105,0,flat_lstm,Flat LSTM,23,41001,11,30,0.5918062925338745,1.9042398929595947,1.3775265812873834,0.2
inclination_shift,Inclination shift,Shift of training band (deg),20.0,55-105,0,pointer_lstm,Attention-LSTM pointer,0,41000,0,30,0.47873252630233765,0.9065248966217041,0.8785865247249601,0.1
inclination_shift,Inclination shift,Shift of training band (deg),20.0,55-105,0,pointer_lstm,Attention-LSTM pointer,1,41000,1,30,0.44391632080078125,1.0657356977462769,0.8337277501821516,0.13333333333333333
inclination_shift,Inclination shift,Shift of training band (deg),20.0,55-105,0,pointer_lstm,Attention-LSTM pointer,2,41000,2,30,0.47304069995880127,0.946997344493866,0.744129341840744,0.2
inclination_shift,Inclination shift,Shift of training band (deg),20.0,55-105,0,pointer_lstm,Attention-LSTM pointer,3,41000,3,30,0.3010776937007904,0.9122650623321533,0.531795510649681,0.26666666666666666
inclination_shift,Inclination shift,Shift of training band (deg),20.0,55-105,0,pointer_lstm,Attention-LSTM pointer,4,41000,4,30,0.6027756929397583,1.727084755897522,1.3891976952552794,0.1
inclination_shift,Inclination shift,Shift of training band (deg),20.0,55-105,0,pointer_lstm,Attention-LSTM pointer,5,41000,5,30,0.34778326749801636,1.234559416770935,0.6369050055742264,0.26666666666666666
inclination_shift,Inclination shift,Shift of training band (deg),20.0,55-105,0,pointer_lstm,Attention-LSTM pointer,6,41000,6,30,0.49401146173477173,2.702669858932495,0.8447851151227951,0.13333333333333333
inclination_shift,Inclination shift,Shift of training band (deg),20.0,55-105,0,pointer_lstm,Attention-LSTM pointer,7,41000,7,30,0.4537423849105835,1.349972128868103,1.0433674454689021,0.23333333333333334
inclination_shift,Inclination shift,Shift of training band (deg),20.0,55-105,0,pointer_lstm,Attention-LSTM pointer,8,41000,8,30,0.3583419919013977,1.3052568435668945,0.796055850386619,0.23333333333333334
inclination_shift,Inclination shift,Shift of training band (deg),20.0,55-105,0,pointer_lstm,Attention-LSTM pointer,9,41000,9,30,0.4213792085647583,1.2124302387237549,0.887945008277893,0.26666666666666666
inclination_shift,Inclination shift,Shift of training band (deg),20.0,55-105,0,pointer_lstm,Attention-LSTM pointer,10,41000,10,30,0.5019010305404663,1.817997694015503,1.2336701750755303,0.1
inclination_shift,Inclination shift,Shift of training band (deg),20.0,55-105,0,pointer_lstm,Attention-LSTM pointer,11,41000,11,30,0.402827650308609,1.000198245048523,0.7243548452854155,0.16666666666666666
inclination_shift,Inclination shift,Shift of training band (deg),20.0,55-105,0,pointer_lstm,Attention-LSTM pointer,12,41001,0,30,0.45227038860321045,1.3792182207107544,1.077458265423774,0.16666666666666666
inclination_shift,Inclination shift,Shift of training band (deg),20.0,55-105,0,pointer_lstm,Attention-LSTM pointer,13,41001,1,30,0.8505980968475342,5.678771495819092,3.3715029358863777,0.13333333333333333
inclination_shift,Inclination shift,Shift of training band (deg),20.0,55-105,0,pointer_lstm,Attention-LSTM pointer,14,41001,2,30,0.4849499762058258,1.4429962635040283,1.0957918494939798,0.2
inclination_shift,Inclination shift,Shift of training band (deg),20.0,55-105,0,pointer_lstm,Attention-LSTM pointer,15,41001,3,30,0.5274779796600342,1.5224413871765137,1.1144481480121604,0.13333333333333333
inclination_shift,Inclination shift,Shift of training band (deg),20.0,55-105,0,pointer_lstm,Attention-LSTM pointer,16,41001,4,30,0.30713415145874023,0.6329970955848694,0.5299023896455765,0.16666666666666666
inclination_shift,Inclination shift,Shift of training band (deg),20.0,55-105,0,pointer_lstm,Attention-LSTM pointer,17,41001,5,30,0.5395881533622742,2.1187005043029785,1.256799244880676,0.2
inclination_shift,Inclination shift,Shift of training band (deg),20.0,55-105,0,pointer_lstm,Attention-LSTM pointer,18,41001,6,30,0.35158392786979675,0.8522771596908569,0.7163210064172744,0.23333333333333334
inclination_shift,Inclination shift,Shift of training band (deg),20.0,55-105,0,pointer_lstm,Attention-LSTM pointer,19,41001,7,30,0.33349454402923584,0.6087755560874939,0.578300666809082,0.23333333333333334
inclination_shift,Inclination shift,Shift of training band (deg),20.0,55-105,0,pointer_lstm,Attention-LSTM pointer,20,41001,8,30,0.4588042199611664,1.4661357402801514,0.9021606862545012,0.16666666666666666
inclination_shift,Inclination shift,Shift of training band (deg),20.0,55-105,0,pointer_lstm,Attention-LSTM pointer,21,41001,9,30,0.5835443139076233,3.349449634552002,1.2118643879890432,0.16666666666666666
inclination_shift,Inclination shift,Shift of training band (deg),20.0,55-105,0,pointer_lstm,Attention-LSTM pointer,22,41001,10,30,0.4887940287590027,1.3085557222366333,1.0721275568008422,0.13333333333333333
inclination_shift,Inclination shift,Shift of training band (deg),20.0,55-105,0,pointer_lstm,Attention-LSTM pointer,23,41001,11,30,0.4555952250957489,1.2319475412368774,0.894464150071144,0.16666666666666666
inclination_shift,Inclination shift,Shift of training band (deg),30.0,65-115,0,expected_info_gain,Expected information gain,0,41000,0,30,0.7390973567962646,3.504322052001953,1.8738863945007318,0.06666666666666667
inclination_shift,Inclination shift,Shift of training band (deg),30.0,65-115,0,expected_info_gain,Expected information gain,1,41000,1,30,0.4441489577293396,1.1794191598892212,0.9438267230987542,0.1
inclination_shift,Inclination shift,Shift of training band (deg),30.0,65-115,0,expected_info_gain,Expected information gain,2,41000,2,30,1.791357398033142,21.336374282836914,4.450665855407712,0.1
inclination_shift,Inclination shift,Shift of training band (deg),30.0,65-115,0,expected_info_gain,Expected information gain,3,41000,3,30,0.6167576313018799,1.9393996000289917,1.4157735168933867,0.16666666666666666
inclination_shift,Inclination shift,Shift of training band (deg),30.0,65-115,0,expected_info_gain,Expected information gain,4,41000,4,30,1.2184275388717651,7.087465286254883,3.5364450573921156,0.13333333333333333
inclination_shift,Inclination shift,Shift of training band (deg),30.0,65-115,0,expected_info_gain,Expected information gain,5,41000,5,30,0.5639957189559937,1.794783592224121,1.188340187072754,0.06666666666666667
inclination_shift,Inclination shift,Shift of training band (deg),30.0,65-115,0,expected_info_gain,Expected information gain,6,41000,6,30,0.48712050914764404,1.2153491973876953,0.921484476327896,0.2
inclination_shift,Inclination shift,Shift of training band (deg),30.0,65-115,0,expected_info_gain,Expected information gain,7,41000,7,30,0.6056226491928101,1.8697929382324219,1.2718411564826952,0.13333333333333333
inclination_shift,Inclination shift,Shift of training band (deg),30.0,65-115,0,expected_info_gain,Expected information gain,8,41000,8,30,0.47244158387184143,0.9737125039100647,0.8497133940458295,0.06666666666666667
inclination_shift,Inclination shift,Shift of training band (deg),30.0,65-115,0,expected_info_gain,Expected information gain,9,41000,9,30,0.4115408957004547,1.0311810970306396,0.9533605873584744,0.23333333333333334
inclination_shift,Inclination shift,Shift of training band (deg),30.0,65-115,0,expected_info_gain,Expected information gain,10,41000,10,30,0.4744953513145447,1.4238874912261963,0.9278955191373822,0.1
inclination_shift,Inclination shift,Shift of training band (deg),30.0,65-115,0,expected_info_gain,Expected information gain,11,41000,11,30,0.5507182478904724,2.2970731258392334,1.082322549819946,0.16666666666666666
inclination_shift,Inclination shift,Shift of training band (deg),30.0,65-115,0,expected_info_gain,Expected information gain,12,41001,0,30,0.7334794998168945,1.7415999174118042,1.418667477369308,0.1
inclination_shift,Inclination shift,Shift of training band (deg),30.0,65-115,0,expected_info_gain,Expected information gain,13,41001,1,30,0.900029182434082,7.127105236053467,1.8373533487319933,0.13333333333333333
inclination_shift,Inclination shift,Shift of training band (deg),30.0,65-115,0,expected_info_gain,Expected information gain,14,41001,2,30,0.6635000109672546,1.5584890842437744,1.3041614234447478,0.03333333333333333
inclination_shift,Inclination shift,Shift of training band (deg),30.0,65-115,0,expected_info_gain,Expected information gain,15,41001,3,30,0.7783411741256714,3.954155683517456,1.4805608034133897,0.13333333333333333
inclination_shift,Inclination shift,Shift of training band (deg),30.0,65-115,0,expected_info_gain,Expected information gain,16,41001,4,30,0.6010206937789917,1.2533692121505737,1.2286264181137083,0.16666666666666666
inclination_shift,Inclination shift,Shift of training band (deg),30.0,65-115,0,expected_info_gain,Expected information gain,17,41001,5,30,0.5826989412307739,1.4324147701263428,1.3448787152767177,0.2
inclination_shift,Inclination shift,Shift of training band (deg),30.0,65-115,0,expected_info_gain,Expected information gain,18,41001,6,30,0.4942608177661896,1.2527945041656494,1.127713251113891,0.16666666666666666
inclination_shift,Inclination shift,Shift of training band (deg),30.0,65-115,0,expected_info_gain,Expected information gain,19,41001,7,30,0.6536967158317566,1.6155730485916138,1.2369393348693847,0.1
inclination_shift,Inclination shift,Shift of training band (deg),30.0,65-115,0,expected_info_gain,Expected information gain,20,41001,8,30,0.7621849775314331,3.6318440437316895,1.9056915879249559,0.13333333333333333
inclination_shift,Inclination shift,Shift of training band (deg),30.0,65-115,0,expected_info_gain,Expected information gain,21,41001,9,30,1.9014761447906494,14.06148910522461,7.746178150176992,0.16666666666666666
inclination_shift,Inclination shift,Shift of training band (deg),30.0,65-115,0,expected_info_gain,Expected information gain,22,41001,10,30,0.522956132888794,1.8955998420715332,1.0948228418827053,0.06666666666666667
inclination_shift,Inclination shift,Shift of training band (deg),30.0,65-115,0,expected_info_gain,Expected information gain,23,41001,11,30,0.5412905216217041,1.6465506553649902,1.059394371509552,0.13333333333333333
inclination_shift,Inclination shift,Shift of training band (deg),30.0,65-115,0,flat_lstm,Flat LSTM,0,41000,0,30,0.6532062292098999,2.267362117767334,1.7470775306224813,0.16666666666666666
inclination_shift,Inclination shift,Shift of training band (deg),30.0,65-115,0,flat_lstm,Flat LSTM,1,41000,1,30,0.8687030673027039,6.1202850341796875,2.519084858894347,0.13333333333333333
inclination_shift,Inclination shift,Shift of training band (deg),30.0,65-115,0,flat_lstm,Flat LSTM,2,41000,2,30,1.0514143705368042,4.215271472930908,3.2739587783813473,0.13333333333333333
inclination_shift,Inclination shift,Shift of training band (deg),30.0,65-115,0,flat_lstm,Flat LSTM,3,41000,3,30,0.6059411764144897,2.371703624725342,1.7795350492000572,0.16666666666666666
inclination_shift,Inclination shift,Shift of training band (deg),30.0,65-115,0,flat_lstm,Flat LSTM,4,41000,4,30,0.8250748515129089,2.868088960647583,2.5880061268806447,0.1
inclination_shift,Inclination shift,Shift of training band (deg),30.0,65-115,0,flat_lstm,Flat LSTM,5,41000,5,30,0.6695920825004578,2.885920763015747,1.8727207422256456,0.13333333333333333
inclination_shift,Inclination shift,Shift of training band (deg),30.0,65-115,0,flat_lstm,Flat LSTM,6,41000,6,30,0.65607750415802,1.768509864807129,1.675829869508743,0.23333333333333334
inclination_shift,Inclination shift,Shift of training band (deg),30.0,65-115,0,flat_lstm,Flat LSTM,7,41000,7,30,0.6848987340927124,4.882128715515137,2.089334493875501,0.23333333333333334
inclination_shift,Inclination shift,Shift of training band (deg),30.0,65-115,0,flat_lstm,Flat LSTM,8,41000,8,30,0.8538284301757812,5.5784759521484375,3.853194165229794,0.26666666666666666
inclination_shift,Inclination shift,Shift of training band (deg),30.0,65-115,0,flat_lstm,Flat LSTM,9,41000,9,30,0.861665666103363,5.305728912353516,2.6831433534622167,0.2
inclination_shift,Inclination shift,Shift of training band (deg),30.0,65-115,0,flat_lstm,Flat LSTM,10,41000,10,30,0.6965205073356628,2.727217674255371,1.742175185680388,0.1
inclination_shift,Inclination shift,Shift of training band (deg),30.0,65-115,0,flat_lstm,Flat LSTM,11,41000,11,30,0.7627934813499451,2.948808431625366,2.0999291539192195,0.23333333333333334
inclination_shift,Inclination shift,Shift of training band (deg),30.0,65-115,0,flat_lstm,Flat LSTM,12,41001,0,30,0.7303617000579834,4.445705413818359,1.7667264699935892,0.23333333333333334
inclination_shift,Inclination shift,Shift of training band (deg),30.0,65-115,0,flat_lstm,Flat LSTM,13,41001,1,30,0.8987568020820618,3.2851381301879883,2.671967720985412,0.16666666666666666
inclination_shift,Inclination shift,Shift of training band (deg),30.0,65-115,0,flat_lstm,Flat LSTM,14,41001,2,30,0.7737732529640198,2.867094039916992,2.243461501598355,0.23333333333333334
inclination_shift,Inclination shift,Shift of training band (deg),30.0,65-115,0,flat_lstm,Flat LSTM,15,41001,3,30,0.9606176614761353,4.002512454986572,2.7279709815979003,0.13333333333333333
inclination_shift,Inclination shift,Shift of training band (deg),30.0,65-115,0,flat_lstm,Flat LSTM,16,41001,4,30,0.5131094455718994,1.471131443977356,1.239142024517059,0.23333333333333334
inclination_shift,Inclination shift,Shift of training band (deg),30.0,65-115,0,flat_lstm,Flat LSTM,17,41001,5,30,0.5951460003852844,2.7738280296325684,1.3825654864311216,0.1
inclination_shift,Inclination shift,Shift of training band (deg),30.0,65-115,0,flat_lstm,Flat LSTM,18,41001,6,30,0.6964922547340393,3.0699167251586914,2.100785547494887,0.23333333333333334
inclination_shift,Inclination shift,Shift of training band (deg),30.0,65-115,0,flat_lstm,Flat LSTM,19,41001,7,30,0.9172260761260986,4.710514068603516,2.4965106964111308,0.2
inclination_shift,Inclination shift,Shift of training band (deg),30.0,65-115,0,flat_lstm,Flat LSTM,20,41001,8,30,0.5250404477119446,1.866692304611206,1.2707981526851653,0.16666666666666666
inclination_shift,Inclination shift,Shift of training band (deg),30.0,65-115,0,flat_lstm,Flat LSTM,21,41001,9,30,0.9712372422218323,2.8678061962127686,2.46233764886856,0.06666666666666667
inclination_shift,Inclination shift,Shift of training band (deg),30.0,65-115,0,flat_lstm,Flat LSTM,22,41001,10,30,0.7593814134597778,4.172097206115723,1.6088236272335046,0.16666666666666666
inclination_shift,Inclination shift,Shift of training band (deg),30.0,65-115,0,flat_lstm,Flat LSTM,23,41001,11,30,0.8260862827301025,3.807100772857666,2.7956243157386735,0.16666666666666666
inclination_shift,Inclination shift,Shift of training band (deg),30.0,65-115,0,pointer_lstm,Attention-LSTM pointer,0,41000,0,30,0.49646660685539246,1.1003007888793945,0.8518855631351471,0.13333333333333333
inclination_shift,Inclination shift,Shift of training band (deg),30.0,65-115,0,pointer_lstm,Attention-LSTM pointer,1,41000,1,30,0.5171817541122437,1.6389175653457642,1.073094493150711,0.23333333333333334
inclination_shift,Inclination shift,Shift of training band (deg),30.0,65-115,0,pointer_lstm,Attention-LSTM pointer,2,41000,2,30,0.6034667491912842,1.7830427885055542,1.4068124473094938,0.16666666666666666
inclination_shift,Inclination shift,Shift of training band (deg),30.0,65-115,0,pointer_lstm,Attention-LSTM pointer,3,41000,3,30,0.3896408677101135,1.0072481632232666,0.7446210354566573,0.13333333333333333
inclination_shift,Inclination shift,Shift of training band (deg),30.0,65-115,0,pointer_lstm,Attention-LSTM pointer,4,41000,4,30,0.8626310229301453,5.032525539398193,2.050457453727722,0.1
inclination_shift,Inclination shift,Shift of training band (deg),30.0,65-115,0,pointer_lstm,Attention-LSTM pointer,5,41000,5,30,0.3248010277748108,0.7382931709289551,0.640639945864677,0.2
inclination_shift,Inclination shift,Shift of training band (deg),30.0,65-115,0,pointer_lstm,Attention-LSTM pointer,6,41000,6,30,0.8432292342185974,5.206537246704102,3.263714087009424,0.16666666666666666
inclination_shift,Inclination shift,Shift of training band (deg),30.0,65-115,0,pointer_lstm,Attention-LSTM pointer,7,41000,7,30,0.5109794735908508,1.9945225715637207,1.2726515948772419,0.2
inclination_shift,Inclination shift,Shift of training band (deg),30.0,65-115,0,pointer_lstm,Attention-LSTM pointer,8,41000,8,30,0.5372080206871033,2.7546308040618896,1.0680474460124965,0.2
inclination_shift,Inclination shift,Shift of training band (deg),30.0,65-115,0,pointer_lstm,Attention-LSTM pointer,9,41000,9,30,0.6650645732879639,1.9971543550491333,1.5364291071891782,0.13333333333333333
inclination_shift,Inclination shift,Shift of training band (deg),30.0,65-115,0,pointer_lstm,Attention-LSTM pointer,10,41000,10,30,0.5940849781036377,1.5898525714874268,1.4892065227031708,0.13333333333333333
inclination_shift,Inclination shift,Shift of training band (deg),30.0,65-115,0,pointer_lstm,Attention-LSTM pointer,11,41000,11,30,0.5373345017433167,1.273665189743042,1.0681758344173424,0.16666666666666666
inclination_shift,Inclination shift,Shift of training band (deg),30.0,65-115,0,pointer_lstm,Attention-LSTM pointer,12,41001,0,30,0.6053445339202881,2.610153913497925,1.9177801012992828,0.23333333333333334
inclination_shift,Inclination shift,Shift of training band (deg),30.0,65-115,0,pointer_lstm,Attention-LSTM pointer,13,41001,1,30,0.4704878032207489,1.3275309801101685,0.9729810684919356,0.13333333333333333
inclination_shift,Inclination shift,Shift of training band (deg),30.0,65-115,0,pointer_lstm,Attention-LSTM pointer,14,41001,2,30,0.5096469521522522,1.6375094652175903,1.1460889756679526,0.16666666666666666
inclination_shift,Inclination shift,Shift of training band (deg),30.0,65-115,0,pointer_lstm,Attention-LSTM pointer,15,41001,3,30,0.9166736006736755,12.963401794433594,0.8953616499900816,0.1
inclination_shift,Inclination shift,Shift of training band (deg),30.0,65-115,0,pointer_lstm,Attention-LSTM pointer,16,41001,4,30,0.505993664264679,1.7171809673309326,1.0720697253942484,0.06666666666666667
inclination_shift,Inclination shift,Shift of training band (deg),30.0,65-115,0,pointer_lstm,Attention-LSTM pointer,17,41001,5,30,0.5936845541000366,1.8735032081604004,1.500460153818129,0.16666666666666666
inclination_shift,Inclination shift,Shift of training band (deg),30.0,65-115,0,pointer_lstm,Attention-LSTM pointer,18,41001,6,30,0.519241988658905,2.345550537109375,0.9503818601369857,0.06666666666666667
inclination_shift,Inclination shift,Shift of training band (deg),30.0,65-115,0,pointer_lstm,Attention-LSTM pointer,19,41001,7,30,0.5407395958900452,1.244455099105835,1.0628550767898557,0.06666666666666667
inclination_shift,Inclination shift,Shift of training band (deg),30.0,65-115,0,pointer_lstm,Attention-LSTM pointer,20,41001,8,30,0.6934229135513306,2.4813411235809326,1.5838870644569396,0.13333333333333333
inclination_shift,Inclination shift,Shift of training band (deg),30.0,65-115,0,pointer_lstm,Attention-LSTM pointer,21,41001,9,30,0.7802461981773376,6.449378967285156,1.701939153671264,0.23333333333333334
inclination_shift,Inclination shift,Shift of training band (deg),30.0,65-115,0,pointer_lstm,Attention-LSTM pointer,22,41001,10,30,0.5567474365234375,1.3844108581542969,1.1010816514492032,0.1
inclination_shift,Inclination shift,Shift of training band (deg),30.0,65-115,0,pointer_lstm,Attention-LSTM pointer,23,41001,11,30,0.6628573536872864,1.411007046699524,1.2681029081344604,0.13333333333333333
inclination_shift,Inclination shift,Shift of training band (deg),40.0,75-125,0,expected_info_gain,Expected information gain,0,41000,0,30,0.9456061124801636,3.8220629692077637,2.9070933341979965,0.03333333333333333
inclination_shift,Inclination shift,Shift of training band (deg),40.0,75-125,0,expected_info_gain,Expected information gain,1,41000,1,30,0.37264880537986755,1.2433818578720093,0.677785530686378,0.2
inclination_shift,Inclination shift,Shift of training band (deg),40.0,75-125,0,expected_info_gain,Expected information gain,2,41000,2,30,1.7762972116470337,20.82855987548828,4.299169266223905,0.13333333333333333
inclination_shift,Inclination shift,Shift of training band (deg),40.0,75-125,0,expected_info_gain,Expected information gain,3,41000,3,30,1.4887906312942505,22.61619758605957,3.4096350073814334,0.1
inclination_shift,Inclination shift,Shift of training band (deg),40.0,75-125,0,expected_info_gain,Expected information gain,4,41000,4,30,0.6311298608779907,1.6450083255767822,1.3497119605541223,0.13333333333333333
inclination_shift,Inclination shift,Shift of training band (deg),40.0,75-125,0,expected_info_gain,Expected information gain,5,41000,5,30,0.6749505996704102,1.8405100107192993,1.7093514263629912,0.1
inclination_shift,Inclination shift,Shift of training band (deg),40.0,75-125,0,expected_info_gain,Expected information gain,6,41000,6,30,0.48918992280960083,1.2471071481704712,0.9292225241661072,0.13333333333333333
inclination_shift,Inclination shift,Shift of training band (deg),40.0,75-125,0,expected_info_gain,Expected information gain,7,41000,7,30,0.47977134585380554,1.049988031387329,0.8670831590890882,0.1
inclination_shift,Inclination shift,Shift of training band (deg),40.0,75-125,0,expected_info_gain,Expected information gain,8,41000,8,30,0.4926542639732361,1.4533822536468506,1.014306342601776,0.13333333333333333
inclination_shift,Inclination shift,Shift of training band (deg),40.0,75-125,0,expected_info_gain,Expected information gain,9,41000,9,30,0.5110567212104797,1.2969897985458374,1.1238048315048212,0.16666666666666666
inclination_shift,Inclination shift,Shift of training band (deg),40.0,75-125,0,expected_info_gain,Expected information gain,10,41000,10,30,0.5079454183578491,1.3639552593231201,0.9385488957166669,0.1
inclination_shift,Inclination shift,Shift of training band (deg),40.0,75-125,0,expected_info_gain,Expected information gain,11,41000,11,30,0.5035496950149536,1.5078206062316895,0.9466575264930726,0.13333333333333333
inclination_shift,Inclination shift,Shift of training band (deg),40.0,75-125,0,expected_info_gain,Expected information gain,12,41001,0,30,0.8299631476402283,2.794708013534546,1.4542447507381435,0.1
inclination_shift,Inclination shift,Shift of training band (deg),40.0,75-125,0,expected_info_gain,Expected information gain,13,41001,1,30,0.6572864651679993,1.7607632875442505,1.5900337994098654,0.13333333333333333
inclination_shift,Inclination shift,Shift of training band (deg),40.0,75-125,0,expected_info_gain,Expected information gain,14,41001,2,30,0.6978055834770203,1.8348766565322876,1.6753511607646936,0.06666666666666667
inclination_shift,Inclination shift,Shift of training band (deg),40.0,75-125,0,expected_info_gain,Expected information gain,15,41001,3,30,0.8821067810058594,4.3835320472717285,1.9801280915737118,0.1
inclination_shift,Inclination shift,Shift of training band (deg),40.0,75-125,0,expected_info_gain,Expected information gain,16,41001,4,30,0.8769245743751526,4.348718166351318,2.26588433384895,0.03333333333333333
inclination_shift,Inclination shift,Shift of training band (deg),40.0,75-125,0,expected_info_gain,Expected information gain,17,41001,5,30,0.5233362317085266,1.6689801216125488,1.3013228476047505,0.2
inclination_shift,Inclination shift,Shift of training band (deg),40.0,75-125,0,expected_info_gain,Expected information gain,18,41001,6,30,0.459054559469223,1.2636642456054688,1.076020848751068,0.23333333333333334
inclination_shift,Inclination shift,Shift of training band (deg),40.0,75-125,0,expected_info_gain,Expected information gain,19,41001,7,30,0.6730799078941345,2.11295223236084,1.4272852778434753,0.06666666666666667
inclination_shift,Inclination shift,Shift of training band (deg),40.0,75-125,0,expected_info_gain,Expected information gain,20,41001,8,30,0.8292861580848694,2.967588424682617,2.0555238902568806,0.1
inclination_shift,Inclination shift,Shift of training band (deg),40.0,75-125,0,expected_info_gain,Expected information gain,21,41001,9,30,4.451969623565674,98.451171875,5.9545882225036575,0.16666666666666666
inclination_shift,Inclination shift,Shift of training band (deg),40.0,75-125,0,expected_info_gain,Expected information gain,22,41001,10,30,0.4857145845890045,1.1729533672332764,0.9831992954015724,0.1
inclination_shift,Inclination shift,Shift of training band (deg),40.0,75-125,0,expected_info_gain,Expected information gain,23,41001,11,30,0.5402412414550781,1.1157913208007812,1.0815888106822966,0.06666666666666667
inclination_shift,Inclination shift,Shift of training band (deg),40.0,75-125,0,flat_lstm,Flat LSTM,0,41000,0,30,0.8301639556884766,6.242475509643555,2.1826799392700176,0.13333333333333333
inclination_shift,Inclination shift,Shift of training band (deg),40.0,75-125,0,flat_lstm,Flat LSTM,1,41000,1,30,0.7448514699935913,3.6454317569732666,2.8423253893852225,0.23333333333333334
inclination_shift,Inclination shift,Shift of training band (deg),40.0,75-125,0,flat_lstm,Flat LSTM,2,41000,2,30,1.395413875579834,7.387672424316406,3.6346457719802827,0.16666666666666666
inclination_shift,Inclination shift,Shift of training band (deg),40.0,75-125,0,flat_lstm,Flat LSTM,3,41000,3,30,0.8295313715934753,3.8179709911346436,3.4122862219810477,0.16666666666666666
inclination_shift,Inclination shift,Shift of training band (deg),40.0,75-125,0,flat_lstm,Flat LSTM,4,41000,4,30,0.8436694741249084,2.9530835151672363,2.6194622159004193,0.16666666666666666
inclination_shift,Inclination shift,Shift of training band (deg),40.0,75-125,0,flat_lstm,Flat LSTM,5,41000,5,30,0.8191908001899719,2.3697240352630615,2.2794628977775573,0.2
inclination_shift,Inclination shift,Shift of training band (deg),40.0,75-125,0,flat_lstm,Flat LSTM,6,41000,6,30,1.075056791305542,6.833512783050537,3.822128820419311,0.1
inclination_shift,Inclination shift,Shift of training band (deg),40.0,75-125,0,flat_lstm,Flat LSTM,7,41000,7,30,0.7870399951934814,3.065945625305176,2.493855988979338,0.13333333333333333
inclination_shift,Inclination shift,Shift of training band (deg),40.0,75-125,0,flat_lstm,Flat LSTM,8,41000,8,30,0.6238495111465454,2.5482518672943115,1.346071469783783,0.16666666666666666
inclination_shift,Inclination shift,Shift of training band (deg),40.0,75-125,0,flat_lstm,Flat LSTM,9,41000,9,30,0.7212597131729126,2.188741445541382,1.938142329454421,0.3
inclination_shift,Inclination shift,Shift of training band (deg),40.0,75-125,0,flat_lstm,Flat LSTM,10,41000,10,30,0.7962934970855713,2.922346353530884,2.1877342700958247,0.1
inclination_shift,Inclination shift,Shift of training band (deg),40.0,75-125,0,flat_lstm,Flat LSTM,11,41000,11,30,0.6910947561264038,2.485086679458618,2.1481283903121935,0.2
inclination_shift,Inclination shift,Shift of training band (deg),40.0,75-125,0,flat_lstm,Flat LSTM,12,41001,0,30,0.6133519411087036,3.033552408218384,1.6358344912528981,0.2
inclination_shift,Inclination shift,Shift of training band (deg),40.0,75-125,0,flat_lstm,Flat LSTM,13,41001,1,30,0.9921939373016357,3.1202049255371094,2.925737047195434,0.1
inclination_shift,Inclination shift,Shift of training band (deg),40.0,75-125,0,flat_lstm,Flat LSTM,14,41001,2,30,0.7194489240646362,1.964728593826294,1.7331979393959043,0.2
inclination_shift,Inclination shift,Shift of training band (deg),40.0,75-125,0,flat_lstm,Flat LSTM,15,41001,3,30,0.8247073292732239,4.591516494750977,2.0794729173183413,0.23333333333333334
inclination_shift,Inclination shift,Shift of training band (deg),40.0,75-125,0,flat_lstm,Flat LSTM,16,41001,4,30,0.7348240613937378,2.6726107597351074,2.4601091980934138,0.2
inclination_shift,Inclination shift,Shift of training band (deg),40.0,75-125,0,flat_lstm,Flat LSTM,17,41001,5,30,0.5795119404792786,2.3228471279144287,1.3173490226268767,0.26666666666666666
inclination_shift,Inclination shift,Shift of training band (deg),40.0,75-125,0,flat_lstm,Flat LSTM,18,41001,6,30,0.8222137689590454,3.3743491172790527,2.5431322693824767,0.23333333333333334
inclination_shift,Inclination shift,Shift of training band (deg),40.0,75-125,0,flat_lstm,Flat LSTM,19,41001,7,30,0.994691789150238,4.118602275848389,3.4500618100166287,0.16666666666666666
inclination_shift,Inclination shift,Shift of training band (deg),40.0,75-125,0,flat_lstm,Flat LSTM,20,41001,8,30,0.8794902563095093,5.812013626098633,2.4099245548248263,0.13333333333333333
inclination_shift,Inclination shift,Shift of training band (deg),40.0,75-125,0,flat_lstm,Flat LSTM,21,41001,9,30,2.595289468765259,12.654626846313477,11.349813747406005,0.26666666666666666
inclination_shift,Inclination shift,Shift of training band (deg),40.0,75-125,0,flat_lstm,Flat LSTM,22,41001,10,30,1.144798755645752,15.798477172851562,2.645507001876825,0.23333333333333334
inclination_shift,Inclination shift,Shift of training band (deg),40.0,75-125,0,flat_lstm,Flat LSTM,23,41001,11,30,3.5134787559509277,13.462481498718262,13.040212154388426,0.06666666666666667
inclination_shift,Inclination shift,Shift of training band (deg),40.0,75-125,0,pointer_lstm,Attention-LSTM pointer,0,41000,0,30,0.6489793062210083,2.4265689849853516,1.4891366362571699,0.1
inclination_shift,Inclination shift,Shift of training band (deg),40.0,75-125,0,pointer_lstm,Attention-LSTM pointer,1,41000,1,30,0.7084487676620483,2.862016439437866,1.6137604117393491,0.13333333333333333
inclination_shift,Inclination shift,Shift of training band (deg),40.0,75-125,0,pointer_lstm,Attention-LSTM pointer,2,41000,2,30,0.789462685585022,1.9765596389770508,1.6507698833942408,0.06666666666666667
inclination_shift,Inclination shift,Shift of training band (deg),40.0,75-125,0,pointer_lstm,Attention-LSTM pointer,3,41000,3,30,0.6052904725074768,1.465678334236145,1.4090535819530485,0.13333333333333333
inclination_shift,Inclination shift,Shift of training band (deg),40.0,75-125,0,pointer_lstm,Attention-LSTM pointer,4,41000,4,30,0.8838961124420166,3.187399387359619,2.221864235401153,0.1
inclination_shift,Inclination shift,Shift of training band (deg),40.0,75-125,0,pointer_lstm,Attention-LSTM pointer,5,41000,5,30,0.4298178255558014,1.020163655281067,0.8156229674816131,0.13333333333333333
inclination_shift,Inclination shift,Shift of training band (deg),40.0,75-125,0,pointer_lstm,Attention-LSTM pointer,6,41000,6,30,0.8245105743408203,3.0786969661712646,2.181567132472992,0.06666666666666667
inclination_shift,Inclination shift,Shift of training band (deg),40.0,75-125,0,pointer_lstm,Attention-LSTM pointer,7,41000,7,30,0.720771849155426,2.424565076828003,1.9097796857357012,0.1
inclination_shift,Inclination shift,Shift of training band (deg),40.0,75-125,0,pointer_lstm,Attention-LSTM pointer,8,41000,8,30,0.5646435022354126,2.2648966312408447,1.6747856080532055,0.16666666666666666
inclination_shift,Inclination shift,Shift of training band (deg),40.0,75-125,0,pointer_lstm,Attention-LSTM pointer,9,41000,9,30,0.7222533822059631,1.9388442039489746,1.8851083874702452,0.06666666666666667
inclination_shift,Inclination shift,Shift of training band (deg),40.0,75-125,0,pointer_lstm,Attention-LSTM pointer,10,41000,10,30,0.6380165815353394,1.7108252048492432,1.516722220182418,0.16666666666666666
inclination_shift,Inclination shift,Shift of training band (deg),40.0,75-125,0,pointer_lstm,Attention-LSTM pointer,11,41000,11,30,0.6283634901046753,1.7091320753097534,1.1759797334671018,0.16666666666666666
inclination_shift,Inclination shift,Shift of training band (deg),40.0,75-125,0,pointer_lstm,Attention-LSTM pointer,12,41001,0,30,0.7716583609580994,3.9883787631988525,3.200010859966275,0.2
inclination_shift,Inclination shift,Shift of training band (deg),40.0,75-125,0,pointer_lstm,Attention-LSTM pointer,13,41001,1,30,0.7565615177154541,2.9962499141693115,2.1612095952033976,0.16666666666666666
inclination_shift,Inclination shift,Shift of training band (deg),40.0,75-125,0,pointer_lstm,Attention-LSTM pointer,14,41001,2,30,0.6141901612281799,1.746726393699646,1.209216845035553,0.16666666666666666
inclination_shift,Inclination shift,Shift of training band (deg),40.0,75-125,0,pointer_lstm,Attention-LSTM pointer,15,41001,3,30,0.6676557064056396,1.6267805099487305,1.2759362161159515,0.13333333333333333
inclination_shift,Inclination shift,Shift of training band (deg),40.0,75-125,0,pointer_lstm,Attention-LSTM pointer,16,41001,4,30,0.5681473612785339,1.9418542385101318,1.3159738123416878,0.06666666666666667
inclination_shift,Inclination shift,Shift of training band (deg),40.0,75-125,0,pointer_lstm,Attention-LSTM pointer,17,41001,5,30,0.7129022479057312,1.9700303077697754,1.698814404010772,0.16666666666666666
inclination_shift,Inclination shift,Shift of training band (deg),40.0,75-125,0,pointer_lstm,Attention-LSTM pointer,18,41001,6,30,0.6308337450027466,3.866670608520508,1.426850891113281,0.1
inclination_shift,Inclination shift,Shift of training band (deg),40.0,75-125,0,pointer_lstm,Attention-LSTM pointer,19,41001,7,30,0.772429883480072,2.5502965450286865,1.6555073142051695,0.13333333333333333
inclination_shift,Inclination shift,Shift of training band (deg),40.0,75-125,0,pointer_lstm,Attention-LSTM pointer,20,41001,8,30,0.8291688561439514,2.279359817504883,1.5063277602195737,0.03333333333333333
inclination_shift,Inclination shift,Shift of training band (deg),40.0,75-125,0,pointer_lstm,Attention-LSTM pointer,21,41001,9,30,0.865405261516571,2.74654221534729,1.8784097373485553,0.1
inclination_shift,Inclination shift,Shift of training band (deg),40.0,75-125,0,pointer_lstm,Attention-LSTM pointer,22,41001,10,30,0.6889912486076355,1.850452184677124,1.3869974315166471,0.06666666666666667
inclination_shift,Inclination shift,Shift of training band (deg),40.0,75-125,0,pointer_lstm,Attention-LSTM pointer,23,41001,11,30,0.8044584393501282,2.720851421356201,1.9243499159812927,0.06666666666666667
inclination_shift,Inclination shift,Shift of training band (deg),50.0,85-135,0,expected_info_gain,Expected information gain,0,41000,0,30,1.068703532218933,3.9307215213775635,3.200827980041504,0.06666666666666667
inclination_shift,Inclination shift,Shift of training band (deg),50.0,85-135,0,expected_info_gain,Expected information gain,1,41000,1,30,0.33759406208992004,0.7769505977630615,0.6225037187337872,0.03333333333333333
inclination_shift,Inclination shift,Shift of training band (deg),50.0,85-135,0,expected_info_gain,Expected information gain,2,41000,2,30,1.7845121622085571,21.33927345275879,4.496160578727719,0.1
inclination_shift,Inclination shift,Shift of training band (deg),50.0,85-135,0,expected_info_gain,Expected information gain,3,41000,3,30,0.557953953742981,1.757424235343933,1.2538036286830894,0.16666666666666666
inclination_shift,Inclination shift,Shift of training band (deg),50.0,85-135,0,expected_info_gain,Expected information gain,4,41000,4,30,0.6683531999588013,2.3527238368988037,1.5833236753940576,0.1
inclination_shift,Inclination shift,Shift of training band (deg),50.0,85-135,0,expected_info_gain,Expected information gain,5,41000,5,30,0.6508702039718628,1.7673527002334595,1.5303565979003897,0.0
inclination_shift,Inclination shift,Shift of training band (deg),50.0,85-135,0,expected_info_gain,Expected information gain,6,41000,6,30,0.5075806379318237,1.2281222343444824,0.9142470061779021,0.1
inclination_shift,Inclination shift,Shift of training band (deg),50.0,85-135,0,expected_info_gain,Expected information gain,7,41000,7,30,0.6511802673339844,4.124101638793945,1.422077721357344,0.1
inclination_shift,Inclination shift,Shift of training band (deg),50.0,85-135,0,expected_info_gain,Expected information gain,8,41000,8,30,0.49397704005241394,1.4087121486663818,1.0176908791065213,0.2
inclination_shift,Inclination shift,Shift of training band (deg),50.0,85-135,0,expected_info_gain,Expected information gain,9,41000,9,30,0.6229447722434998,1.969422459602356,1.4499165594577772,0.13333333333333333
inclination_shift,Inclination shift,Shift of training band (deg),50.0,85-135,0,expected_info_gain,Expected information gain,10,41000,10,30,0.4970656931400299,1.4261703491210938,0.932382175326347,0.03333333333333333
inclination_shift,Inclination shift,Shift of training band (deg),50.0,85-135,0,expected_info_gain,Expected information gain,11,41000,11,30,0.5220054388046265,1.0951712131500244,0.9330210536718367,0.1
inclination_shift,Inclination shift,Shift of training band (deg),50.0,85-135,0,expected_info_gain,Expected information gain,12,41001,0,30,0.6495773196220398,1.4042613506317139,1.308623594045639,0.16666666666666666
inclination_shift,Inclination shift,Shift of training band (deg),50.0,85-135,0,expected_info_gain,Expected information gain,13,41001,1,30,0.8614040017127991,7.17149019241333,1.5811975955963133,0.1
inclination_shift,Inclination shift,Shift of training band (deg),50.0,85-135,0,expected_info_gain,Expected information gain,14,41001,2,30,0.7083179354667664,2.8078293800354004,1.8019926130771635,0.03333333333333333
inclination_shift,Inclination shift,Shift of training band (deg),50.0,85-135,0,expected_info_gain,Expected information gain,15,41001,3,30,1.1667003631591797,6.451748847961426,3.4399065971374463,0.1
inclination_shift,Inclination shift,Shift of training band (deg),50.0,85-135,0,expected_info_gain,Expected information gain,16,41001,4,30,0.8819876909255981,3.533573865890503,2.1938818454742424,0.03333333333333333
inclination_shift,Inclination shift,Shift of training band (deg),50.0,85-135,0,expected_info_gain,Expected information gain,17,41001,5,30,0.5503356456756592,1.6577763557434082,1.168565684556961,0.2
inclination_shift,Inclination shift,Shift of training band (deg),50.0,85-135,0,expected_info_gain,Expected information gain,18,41001,6,30,0.6911169290542603,2.0491156578063965,1.8846186339855187,0.03333333333333333
inclination_shift,Inclination shift,Shift of training band (deg),50.0,85-135,0,expected_info_gain,Expected information gain,19,41001,7,30,0.6606956124305725,2.296175956726074,1.3572718322277069,0.1
inclination_shift,Inclination shift,Shift of training band (deg),50.0,85-135,0,expected_info_gain,Expected information gain,20,41001,8,30,0.8330538868904114,2.6711888313293457,2.487801706790923,0.1
inclination_shift,Inclination shift,Shift of training band (deg),50.0,85-135,0,expected_info_gain,Expected information gain,21,41001,9,30,2.782839059829712,51.7536506652832,4.852509880065911,0.16666666666666666
inclination_shift,Inclination shift,Shift of training band (deg),50.0,85-135,0,expected_info_gain,Expected information gain,22,41001,10,30,0.4891146421432495,1.2099385261535645,1.0430769294500342,0.06666666666666667
inclination_shift,Inclination shift,Shift of training band (deg),50.0,85-135,0,expected_info_gain,Expected information gain,23,41001,11,30,0.5577852129936218,1.6743111610412598,1.5103147506713868,0.06666666666666667
inclination_shift,Inclination shift,Shift of training band (deg),50.0,85-135,0,flat_lstm,Flat LSTM,0,41000,0,30,0.7982703447341919,5.509884834289551,2.3500799179077143,0.1
inclination_shift,Inclination shift,Shift of training band (deg),50.0,85-135,0,flat_lstm,Flat LSTM,1,41000,1,30,0.5703992247581482,1.9629640579223633,1.4048980414867396,0.13333333333333333
inclination_shift,Inclination shift,Shift of training band (deg),50.0,85-135,0,flat_lstm,Flat LSTM,2,41000,2,30,1.5111216306686401,10.38154411315918,5.382571339607233,0.16666666666666666
inclination_shift,Inclination shift,Shift of training band (deg),50.0,85-135,0,flat_lstm,Flat LSTM,3,41000,3,30,0.5152018666267395,1.5834956169128418,1.3112783133983612,0.16666666666666666
inclination_shift,Inclination shift,Shift of training band (deg),50.0,85-135,0,flat_lstm,Flat LSTM,4,41000,4,30,0.8206797242164612,2.300546407699585,1.7039488911628722,0.06666666666666667
inclination_shift,Inclination shift,Shift of training band (deg),50.0,85-135,0,flat_lstm,Flat LSTM,5,41000,5,30,0.7016299366950989,4.066810131072998,1.5995070338249202,0.16666666666666666
inclination_shift,Inclination shift,Shift of training band (deg),50.0,85-135,0,flat_lstm,Flat LSTM,6,41000,6,30,0.7748944759368896,4.250578880310059,1.6329417705535887,0.13333333333333333
inclination_shift,Inclination shift,Shift of training band (deg),50.0,85-135,0,flat_lstm,Flat LSTM,7,41000,7,30,0.7953587174415588,2.920714855194092,2.731088256835937,0.13333333333333333
inclination_shift,Inclination shift,Shift of training band (deg),50.0,85-135,0,flat_lstm,Flat LSTM,8,41000,8,30,0.6901127099990845,3.417776346206665,1.777154999971389,0.06666666666666667
inclination_shift,Inclination shift,Shift of training band (deg),50.0,85-135,0,flat_lstm,Flat LSTM,9,41000,9,30,1.233140230178833,8.7159423828125,3.4623592376708983,0.2
inclination_shift,Inclination shift,Shift of training band (deg),50.0,85-135,0,flat_lstm,Flat LSTM,10,41000,10,30,0.581061065196991,1.527402400970459,1.436907005310058,0.1
inclination_shift,Inclination shift,Shift of training band (deg),50.0,85-135,0,flat_lstm,Flat LSTM,11,41000,11,30,1.6453453302383423,12.678081512451172,8.770680499076834,0.2
inclination_shift,Inclination shift,Shift of training band (deg),50.0,85-135,0,flat_lstm,Flat LSTM,12,41001,0,30,0.6841787099838257,3.2314062118530273,1.8477185726165763,0.2
inclination_shift,Inclination shift,Shift of training band (deg),50.0,85-135,0,flat_lstm,Flat LSTM,13,41001,1,30,0.8023964166641235,3.6921544075012207,3.0051671624183625,0.16666666666666666
inclination_shift,Inclination shift,Shift of training band (deg),50.0,85-135,0,flat_lstm,Flat LSTM,14,41001,2,30,0.9986087083816528,4.271668910980225,2.4932197928428628,0.16666666666666666
inclination_shift,Inclination shift,Shift of training band (deg),50.0,85-135,0,flat_lstm,Flat LSTM,15,41001,3,30,0.7553943395614624,3.343081474304199,1.8411681830883002,0.26666666666666666
inclination_shift,Inclination shift,Shift of training band (deg),50.0,85-135,0,flat_lstm,Flat LSTM,16,41001,4,30,0.7759952545166016,2.1420788764953613,1.9388512730598442,0.16666666666666666
inclination_shift,Inclination shift,Shift of training band (deg),50.0,85-135,0,flat_lstm,Flat LSTM,17,41001,5,30,0.6859960556030273,2.9228782653808594,1.3775774955749505,0.1
inclination_shift,Inclination shift,Shift of training band (deg),50.0,85-135,0,flat_lstm,Flat LSTM,18,41001,6,30,0.9107726812362671,3.859829902648926,2.5287799835205074,0.2
inclination_shift,Inclination shift,Shift of training band (deg),50.0,85-135,0,flat_lstm,Flat LSTM,19,41001,7,30,1.0376696586608887,4.856943607330322,3.069279181957243,0.13333333333333333
inclination_shift,Inclination shift,Shift of training band (deg),50.0,85-135,0,flat_lstm,Flat LSTM,20,41001,8,30,0.8531333804130554,2.8775758743286133,2.189099967479705,0.23333333333333334
inclination_shift,Inclination shift,Shift of training band (deg),50.0,85-135,0,flat_lstm,Flat LSTM,21,41001,9,30,0.7555233836174011,2.688166618347168,2.094025123119354,0.2
inclination_shift,Inclination shift,Shift of training band (deg),50.0,85-135,0,flat_lstm,Flat LSTM,22,41001,10,30,1.8034719228744507,12.471036911010742,10.024376440048206,0.16666666666666666
inclination_shift,Inclination shift,Shift of training band (deg),50.0,85-135,0,flat_lstm,Flat LSTM,23,41001,11,30,0.8703940510749817,3.0802667140960693,2.368260753154754,0.2
inclination_shift,Inclination shift,Shift of training band (deg),50.0,85-135,0,pointer_lstm,Attention-LSTM pointer,0,41000,0,30,0.9506018757820129,6.852919578552246,1.6961181282997129,0.06666666666666667
inclination_shift,Inclination shift,Shift of training band (deg),50.0,85-135,0,pointer_lstm,Attention-LSTM pointer,1,41000,1,30,0.7410706281661987,1.8363673686981201,1.611400407552719,0.2
inclination_shift,Inclination shift,Shift of training band (deg),50.0,85-135,0,pointer_lstm,Attention-LSTM pointer,2,41000,2,30,0.8674772381782532,4.562612056732178,1.5717358231544487,0.1
inclination_shift,Inclination shift,Shift of training band (deg),50.0,85-135,0,pointer_lstm,Attention-LSTM pointer,3,41000,3,30,0.9395039677619934,7.101853847503662,2.132037746906279,0.1
inclination_shift,Inclination shift,Shift of training band (deg),50.0,85-135,0,pointer_lstm,Attention-LSTM pointer,4,41000,4,30,1.0433628559112549,3.289233922958374,2.7204176306724532,0.06666666666666667
inclination_shift,Inclination shift,Shift of training band (deg),50.0,85-135,0,pointer_lstm,Attention-LSTM pointer,5,41000,5,30,0.5130330920219421,1.1309155225753784,0.9810815840959545,0.16666666666666666
inclination_shift,Inclination shift,Shift of training band (deg),50.0,85-135,0,pointer_lstm,Attention-LSTM pointer,6,41000,6,30,1.1573508977890015,7.728096961975098,3.3670762062072717,0.06666666666666667
inclination_shift,Inclination shift,Shift of training band (deg),50.0,85-135,0,pointer_lstm,Attention-LSTM pointer,7,41000,7,30,0.809505820274353,2.2022976875305176,1.6376808345317841,0.06666666666666667
inclination_shift,Inclination shift,Shift of training band (deg),50.0,85-135,0,pointer_lstm,Attention-LSTM pointer,8,41000,8,30,0.8415981531143188,3.91188907623291,2.1028040885925288,0.1
inclination_shift,Inclination shift,Shift of training band (deg),50.0,85-135,0,pointer_lstm,Attention-LSTM pointer,9,41000,9,30,0.7631333470344543,2.1738476753234863,1.8737360596656791,0.06666666666666667
inclination_shift,Inclination shift,Shift of training band (deg),50.0,85-135,0,pointer_lstm,Attention-LSTM pointer,10,41000,10,30,0.6896682977676392,1.9271862506866455,1.6403506278991689,0.16666666666666666
inclination_shift,Inclination shift,Shift of training band (deg),50.0,85-135,0,pointer_lstm,Attention-LSTM pointer,11,41000,11,30,0.6440736055374146,1.6968035697937012,1.1624306321144104,0.2
inclination_shift,Inclination shift,Shift of training band (deg),50.0,85-135,0,pointer_lstm,Attention-LSTM pointer,12,41001,0,30,0.7943942546844482,3.013078212738037,1.9027523756027191,0.06666666666666667
inclination_shift,Inclination shift,Shift of training band (deg),50.0,85-135,0,pointer_lstm,Attention-LSTM pointer,13,41001,1,30,1.1611593961715698,6.626967906951904,2.434068644046782,0.1
inclination_shift,Inclination shift,Shift of training band (deg),50.0,85-135,0,pointer_lstm,Attention-LSTM pointer,14,41001,2,30,0.7548611164093018,2.014481544494629,1.3825361490249626,0.1
inclination_shift,Inclination shift,Shift of training band (deg),50.0,85-135,0,pointer_lstm,Attention-LSTM pointer,15,41001,3,30,0.8117701411247253,1.6365890502929688,1.579844731092453,0.1
inclination_shift,Inclination shift,Shift of training band (deg),50.0,85-135,0,pointer_lstm,Attention-LSTM pointer,16,41001,4,30,0.8343551754951477,3.280926465988159,2.10219908952713,0.0
inclination_shift,Inclination shift,Shift of training band (deg),50.0,85-135,0,pointer_lstm,Attention-LSTM pointer,17,41001,5,30,1.09284245967865,6.1051812171936035,3.8113751411437953,0.03333333333333333
inclination_shift,Inclination shift,Shift of training band (deg),50.0,85-135,0,pointer_lstm,Attention-LSTM pointer,18,41001,6,30,0.6079873442649841,2.0051493644714355,1.368994879722595,0.06666666666666667
inclination_shift,Inclination shift,Shift of training band (deg),50.0,85-135,0,pointer_lstm,Attention-LSTM pointer,19,41001,7,30,0.9396400451660156,2.027926206588745,1.737155473232269,0.0
inclination_shift,Inclination shift,Shift of training band (deg),50.0,85-135,0,pointer_lstm,Attention-LSTM pointer,20,41001,8,30,0.9343954920768738,2.421809196472168,1.7880790829658508,0.03333333333333333
inclination_shift,Inclination shift,Shift of training band (deg),50.0,85-135,0,pointer_lstm,Attention-LSTM pointer,21,41001,9,30,0.9603755474090576,2.330929756164551,2.03281641602516,0.06666666666666667
inclination_shift,Inclination shift,Shift of training band (deg),50.0,85-135,0,pointer_lstm,Attention-LSTM pointer,22,41001,10,30,0.969260573387146,6.138595104217529,1.9573976755142208,0.03333333333333333
inclination_shift,Inclination shift,Shift of training band (deg),50.0,85-135,0,pointer_lstm,Attention-LSTM pointer,23,41001,11,30,1.0600708723068237,4.896813869476318,2.7990646839141813,0.0
inclination_shift,Inclination shift,Shift of training band (deg),60.0,95-145,0,expected_info_gain,Expected information gain,0,41000,0,30,1.2000731229782104,4.689130783081055,3.1639404416084282,0.1
inclination_shift,Inclination shift,Shift of training band (deg),60.0,95-145,0,expected_info_gain,Expected information gain,1,41000,1,30,0.4243251085281372,1.2250975370407104,0.8481795966625214,0.1
inclination_shift,Inclination shift,Shift of training band (deg),60.0,95-145,0,expected_info_gain,Expected information gain,2,41000,2,30,1.7853699922561646,17.63360023498535,3.6797275543212877,0.1
inclination_shift,Inclination shift,Shift of training band (deg),60.0,95-145,0,expected_info_gain,Expected information gain,3,41000,3,30,0.6679325699806213,2.255735397338867,2.126419842243194,0.2
inclination_shift,Inclination shift,Shift of training band (deg),60.0,95-145,0,expected_info_gain,Expected information gain,4,41000,4,30,0.9695777893066406,4.696000576019287,2.45812339186668,0.13333333333333333
inclination_shift,Inclination shift,Shift of training band (deg),60.0,95-145,0,expected_info_gain,Expected information gain,5,41000,5,30,0.7093098759651184,2.562483072280884,1.7730766415596007,0.06666666666666667
inclination_shift,Inclination shift,Shift of training band (deg),60.0,95-145,0,expected_info_gain,Expected information gain,6,41000,6,30,0.5117319226264954,1.2216476202011108,0.922966319322586,0.13333333333333333
inclination_shift,Inclination shift,Shift of training band (deg),60.0,95-145,0,expected_info_gain,Expected information gain,7,41000,7,30,0.6494758129119873,1.5963339805603027,1.4126891911029813,0.1
inclination_shift,Inclination shift,Shift of training band (deg),60.0,95-145,0,expected_info_gain,Expected information gain,8,41000,8,30,0.4663599729537964,1.0350934267044067,0.9289213478565215,0.13333333333333333
inclination_shift,Inclination shift,Shift of training band (deg),60.0,95-145,0,expected_info_gain,Expected information gain,9,41000,9,30,0.5503985285758972,1.9619715213775635,1.1609755039215086,0.2
inclination_shift,Inclination shift,Shift of training band (deg),60.0,95-145,0,expected_info_gain,Expected information gain,10,41000,10,30,0.5676749348640442,1.7821075916290283,1.5514264822006214,0.13333333333333333
inclination_shift,Inclination shift,Shift of training band (deg),60.0,95-145,0,expected_info_gain,Expected information gain,11,41000,11,30,0.4829433262348175,1.1790878772735596,0.9004814416170119,0.06666666666666667
inclination_shift,Inclination shift,Shift of training band (deg),60.0,95-145,0,expected_info_gain,Expected information gain,12,41001,0,30,0.634776771068573,1.4874441623687744,1.3298700213432308,0.16666666666666666
inclination_shift,Inclination shift,Shift of training band (deg),60.0,95-145,0,expected_info_gain,Expected information gain,13,41001,1,30,0.8841410875320435,7.2692975997924805,2.1503237426280957,0.16666666666666666
inclination_shift,Inclination shift,Shift of training band (deg),60.0,95-145,0,expected_info_gain,Expected information gain,14,41001,2,30,0.6461973190307617,1.7890849113464355,1.5241731524467457,0.1
inclination_shift,Inclination shift,Shift of training band (deg),60.0,95-145,0,expected_info_gain,Expected information gain,15,41001,3,30,1.5390387773513794,16.20479965209961,6.1678760528564345,0.1
inclination_shift,Inclination shift,Shift of training band (deg),60.0,95-145,0,expected_info_gain,Expected information gain,16,41001,4,30,0.6850470304489136,1.9741065502166748,1.308444237709044,0.0
inclination_shift,Inclination shift,Shift of training band (deg),60.0,95-145,0,expected_info_gain,Expected information gain,17,41001,5,30,0.5219886898994446,1.6578845977783203,1.2946841061115255,0.23333333333333334
inclination_shift,Inclination shift,Shift of training band (deg),60.0,95-145,0,expected_info_gain,Expected information gain,18,41001,6,30,0.6537454724311829,2.172873020172119,1.9035590708255765,0.16666666666666666
inclination_shift,Inclination shift,Shift of training band (deg),60.0,95-145,0,expected_info_gain,Expected information gain,19,41001,7,30,0.623174786567688,2.2186331748962402,1.3663924813270567,0.13333333333333333
inclination_shift,Inclination shift,Shift of training band (deg),60.0,95-145,0,expected_info_gain,Expected information gain,20,41001,8,30,1.2279274463653564,12.62527847290039,2.5198541879653913,0.1
inclination_shift,Inclination shift,Shift of training band (deg),60.0,95-145,0,expected_info_gain,Expected information gain,21,41001,9,30,2.8746495246887207,51.77714157104492,5.841308617591855,0.2
inclination_shift,Inclination shift,Shift of training band (deg),60.0,95-145,0,expected_info_gain,Expected information gain,22,41001,10,30,0.5657827258110046,1.5507153272628784,1.3112418532371517,0.1
inclination_shift,Inclination shift,Shift of training band (deg),60.0,95-145,0,expected_info_gain,Expected information gain,23,41001,11,30,0.5812699198722839,1.9655752182006836,1.0971387386322016,0.16666666666666666
inclination_shift,Inclination shift,Shift of training band (deg),60.0,95-145,0,flat_lstm,Flat LSTM,0,41000,0,30,2.249272346496582,13.943265914916992,11.236618995666499,0.13333333333333333
inclination_shift,Inclination shift,Shift of training band (deg),60.0,95-145,0,flat_lstm,Flat LSTM,1,41000,1,30,0.7665041089057922,3.334190607070923,2.228358650207517,0.1
inclination_shift,Inclination shift,Shift of training band (deg),60.0,95-145,0,flat_lstm,Flat LSTM,2,41000,2,30,2.32606840133667,10.283316612243652,9.60746669769287,0.1
inclination_shift,Inclination shift,Shift of training band (deg),60.0,95-145,0,flat_lstm,Flat LSTM,3,41000,3,30,0.8859529495239258,3.8475441932678223,2.9447860717773424,0.06666666666666667
inclination_shift,Inclination shift,Shift of training band (deg),60.0,95-145,0,flat_lstm,Flat LSTM,4,41000,4,30,0.9252965450286865,3.5241658687591553,2.2949838042259203,0.06666666666666667
inclination_shift,Inclination shift,Shift of training band (deg),60.0,95-145,0,flat_lstm,Flat LSTM,5,41000,5,30,1.0424091815948486,3.1349539756774902,2.4014297366142268,0.16666666666666666
inclination_shift,Inclination shift,Shift of training band (deg),60.0,95-145,0,flat_lstm,Flat LSTM,6,41000,6,30,0.9083499312400818,4.024307727813721,2.4615226030349704,0.13333333333333333
inclination_shift,Inclination shift,Shift of training band (deg),60.0,95-145,0,flat_lstm,Flat LSTM,7,41000,7,30,0.7559143304824829,2.3124709129333496,1.642940437793731,0.23333333333333334
inclination_shift,Inclination shift,Shift of training band (deg),60.0,95-145,0,flat_lstm,Flat LSTM,8,41000,8,30,0.7069071531295776,4.379327297210693,2.2221385836601235,0.16666666666666666
inclination_shift,Inclination shift,Shift of training band (deg),60.0,95-145,0,flat_lstm,Flat LSTM,9,41000,9,30,0.9973552227020264,3.416597843170166,2.862634956836699,0.13333333333333333
inclination_shift,Inclination shift,Shift of training band (deg),60.0,95-145,0,flat_lstm,Flat LSTM,10,41000,10,30,0.8185216188430786,2.659040689468384,2.104497772455213,0.06666666666666667
inclination_shift,Inclination shift,Shift of training band (deg),60.0,95-145,0,flat_lstm,Flat LSTM,11,41000,11,30,1.1038235425949097,7.154811382293701,4.2272180795669545,0.13333333333333333
inclination_shift,Inclination shift,Shift of training band (deg),60.0,95-145,0,flat_lstm,Flat LSTM,12,41001,0,30,0.8491324782371521,3.6274518966674805,2.8336528539657566,0.16666666666666666
inclination_shift,Inclination shift,Shift of training band (deg),60.0,95-145,0,flat_lstm,Flat LSTM,13,41001,1,30,0.916508674621582,3.6332969665527344,3.176129019260406,0.1
inclination_shift,Inclination shift,Shift of training band (deg),60.0,95-145,0,flat_lstm,Flat LSTM,14,41001,2,30,0.8823168277740479,3.088341236114502,2.118731796741484,0.16666666666666666
inclination_shift,Inclination shift,Shift of training band (deg),60.0,95-145,0,flat_lstm,Flat LSTM,15,41001,3,30,0.7551138401031494,2.3169164657592773,2.0681712865829454,0.13333333333333333
inclination_shift,Inclination shift,Shift of training band (deg),60.0,95-145,0,flat_lstm,Flat LSTM,16,41001,4,30,0.6611112356185913,1.8554240465164185,1.7864751935005185,0.13333333333333333
inclination_shift,Inclination shift,Shift of training band (deg),60.0,95-145,0,flat_lstm,Flat LSTM,17,41001,5,30,0.6316006779670715,2.792133331298828,1.5360572814941402,0.1
inclination_shift,Inclination shift,Shift of training band (deg),60.0,95-145,0,flat_lstm,Flat LSTM,18,41001,6,30,0.7277415990829468,2.6466224193573,2.1613871097564683,0.1
inclination_shift,Inclination shift,Shift of training band (deg),60.0,95-145,0,flat_lstm,Flat LSTM,19,41001,7,30,0.8683998584747314,4.490903377532959,2.329415941238402,0.1
inclination_shift,Inclination shift,Shift of training band (deg),60.0,95-145,0,flat_lstm,Flat LSTM,20,41001,8,30,1.2234094142913818,6.949361324310303,4.277698540687556,0.16666666666666666
inclination_shift,Inclination shift,Shift of training band (deg),60.0,95-145,0,flat_lstm,Flat LSTM,21,41001,9,30,0.8694955706596375,2.8224527835845947,2.1439939379692077,0.2
inclination_shift,Inclination shift,Shift of training band (deg),60.0,95-145,0,flat_lstm,Flat LSTM,22,41001,10,30,0.5531244874000549,1.8522124290466309,1.7104983091354369,0.13333333333333333
inclination_shift,Inclination shift,Shift of training band (deg),60.0,95-145,0,flat_lstm,Flat LSTM,23,41001,11,30,0.9867063164710999,2.8399455547332764,2.600064063072204,0.13333333333333333
inclination_shift,Inclination shift,Shift of training band (deg),60.0,95-145,0,pointer_lstm,Attention-LSTM pointer,0,41000,0,30,0.916784942150116,6.094857215881348,1.842633062601089,0.03333333333333333
inclination_shift,Inclination shift,Shift of training band (deg),60.0,95-145,0,pointer_lstm,Attention-LSTM pointer,1,41000,1,30,0.9492629170417786,3.147862195968628,2.098576676845549,0.1
inclination_shift,Inclination shift,Shift of training band (deg),60.0,95-145,0,pointer_lstm,Attention-LSTM pointer,2,41000,2,30,1.124265432357788,3.0919742584228516,2.9548557996749873,0.03333333333333333
inclination_shift,Inclination shift,Shift of training band (deg),60.0,95-145,0,pointer_lstm,Attention-LSTM pointer,3,41000,3,30,1.066750407218933,9.673578262329102,2.291061210632324,0.06666666666666667
inclination_shift,Inclination shift,Shift of training band (deg),60.0,95-145,0,pointer_lstm,Attention-LSTM pointer,4,41000,4,30,0.9343752264976501,2.363802909851074,2.186870920658111,0.13333333333333333
inclination_shift,Inclination shift,Shift of training band (deg),60.0,95-145,0,pointer_lstm,Attention-LSTM pointer,5,41000,5,30,0.699927031993866,2.630324602127075,1.2856626272201537,0.06666666666666667
inclination_shift,Inclination shift,Shift of training band (deg),60.0,95-145,0,pointer_lstm,Attention-LSTM pointer,6,41000,6,30,1.3471693992614746,6.540355205535889,3.705242240428923,0.06666666666666667
inclination_shift,Inclination shift,Shift of training band (deg),60.0,95-145,0,pointer_lstm,Attention-LSTM pointer,7,41000,7,30,0.9852705001831055,2.3648838996887207,2.0538572669029223,0.06666666666666667
inclination_shift,Inclination shift,Shift of training band (deg),60.0,95-145,0,pointer_lstm,Attention-LSTM pointer,8,41000,8,30,0.800980806350708,4.392454624176025,1.8975488781929009,0.16666666666666666
inclination_shift,Inclination shift,Shift of training band (deg),60.0,95-145,0,pointer_lstm,Attention-LSTM pointer,9,41000,9,30,1.001172661781311,5.341543674468994,2.4807893693447087,0.06666666666666667
inclination_shift,Inclination shift,Shift of training band (deg),60.0,95-145,0,pointer_lstm,Attention-LSTM pointer,10,41000,10,30,1.02805495262146,4.026582717895508,2.4221790313720697,0.0
inclination_shift,Inclination shift,Shift of training band (deg),60.0,95-145,0,pointer_lstm,Attention-LSTM pointer,11,41000,11,30,0.7368318438529968,1.7677719593048096,1.4826727628707883,0.13333333333333333
inclination_shift,Inclination shift,Shift of training band (deg),60.0,95-145,0,pointer_lstm,Attention-LSTM pointer,12,41001,0,30,0.9239162802696228,3.883723258972168,2.8886641979217482,0.03333333333333333
inclination_shift,Inclination shift,Shift of training band (deg),60.0,95-145,0,pointer_lstm,Attention-LSTM pointer,13,41001,1,30,1.6360918283462524,12.62549114227295,2.6242994427680966,0.0
inclination_shift,Inclination shift,Shift of training band (deg),60.0,95-145,0,pointer_lstm,Attention-LSTM pointer,14,41001,2,30,0.9999399781227112,2.5390501022338867,2.069574570655822,0.06666666666666667
inclination_shift,Inclination shift,Shift of training band (deg),60.0,95-145,0,pointer_lstm,Attention-LSTM pointer,15,41001,3,30,0.8719841837882996,1.838465929031372,1.6467270851135247,0.0
inclination_shift,Inclination shift,Shift of training band (deg),60.0,95-145,0,pointer_lstm,Attention-LSTM pointer,16,41001,4,30,0.8272565603256226,3.0819504261016846,1.7445948898792254,0.0
inclination_shift,Inclination shift,Shift of training band (deg),60.0,95-145,0,pointer_lstm,Attention-LSTM pointer,17,41001,5,30,0.8812407851219177,2.9723470211029053,1.6356450498104094,0.1
inclination_shift,Inclination shift,Shift of training band (deg),60.0,95-145,0,pointer_lstm,Attention-LSTM pointer,18,41001,6,30,0.8450511693954468,5.281948566436768,2.099184435606002,0.06666666666666667
inclination_shift,Inclination shift,Shift of training band (deg),60.0,95-145,0,pointer_lstm,Attention-LSTM pointer,19,41001,7,30,1.1120470762252808,2.5678982734680176,2.219132554531097,0.03333333333333333
inclination_shift,Inclination shift,Shift of training band (deg),60.0,95-145,0,pointer_lstm,Attention-LSTM pointer,20,41001,8,30,1.211194634437561,3.076800584793091,2.742479133605955,0.0
inclination_shift,Inclination shift,Shift of training band (deg),60.0,95-145,0,pointer_lstm,Attention-LSTM pointer,21,41001,9,30,1.2449920177459717,4.26214599609375,3.8783227324485763,0.03333333333333333
inclination_shift,Inclination shift,Shift of training band (deg),60.0,95-145,0,pointer_lstm,Attention-LSTM pointer,22,41001,10,30,1.0101330280303955,3.007361650466919,2.792566394805908,0.03333333333333333
inclination_shift,Inclination shift,Shift of training band (deg),60.0,95-145,0,pointer_lstm,Attention-LSTM pointer,23,41001,11,30,0.9944485425949097,2.821786642074585,1.9294670283794393,0.1
eccentricity,Eccentricity,Maximum eccentricity,0.005,0.005,1,expected_info_gain,Expected information gain,0,41000,0,30,0.88933265209198,2.8182387351989746,2.5746898293495173,0.06666666666666667
eccentricity,Eccentricity,Maximum eccentricity,0.005,0.005,1,expected_info_gain,Expected information gain,1,41000,1,30,0.4364413917064667,0.9071905612945557,0.8825337797403334,0.03333333333333333
eccentricity,Eccentricity,Maximum eccentricity,0.005,0.005,1,expected_info_gain,Expected information gain,2,41000,2,30,3.388972520828247,42.18659210205078,17.672280502319268,0.13333333333333333
eccentricity,Eccentricity,Maximum eccentricity,0.005,0.005,1,expected_info_gain,Expected information gain,3,41000,3,30,0.6651638150215149,2.4598774909973145,1.957763087749479,0.2
eccentricity,Eccentricity,Maximum eccentricity,0.005,0.005,1,expected_info_gain,Expected information gain,4,41000,4,30,0.7778584957122803,2.090914487838745,1.8680544435977924,0.06666666666666667
eccentricity,Eccentricity,Maximum eccentricity,0.005,0.005,1,expected_info_gain,Expected information gain,5,41000,5,30,0.6013795137405396,3.0197882652282715,1.3968838155269596,0.1
eccentricity,Eccentricity,Maximum eccentricity,0.005,0.005,1,expected_info_gain,Expected information gain,6,41000,6,30,0.5012767910957336,1.2260682582855225,1.1372012794017787,0.16666666666666666
eccentricity,Eccentricity,Maximum eccentricity,0.005,0.005,1,expected_info_gain,Expected information gain,7,41000,7,30,0.627172589302063,2.7701022624969482,1.131330984830856,0.16666666666666666
eccentricity,Eccentricity,Maximum eccentricity,0.005,0.005,1,expected_info_gain,Expected information gain,8,41000,8,30,0.5038450360298157,0.9940693378448486,0.9326257556676862,0.13333333333333333
eccentricity,Eccentricity,Maximum eccentricity,0.005,0.005,1,expected_info_gain,Expected information gain,9,41000,9,30,0.4691925644874573,1.9379180669784546,1.0185003280639646,0.23333333333333334
eccentricity,Eccentricity,Maximum eccentricity,0.005,0.005,1,expected_info_gain,Expected information gain,10,41000,10,30,0.5276930928230286,1.3533055782318115,1.2393265902996056,0.13333333333333333
eccentricity,Eccentricity,Maximum eccentricity,0.005,0.005,1,expected_info_gain,Expected information gain,11,41000,11,30,0.5357144474983215,1.0502103567123413,0.8856424063444137,0.06666666666666667
eccentricity,Eccentricity,Maximum eccentricity,0.005,0.005,1,expected_info_gain,Expected information gain,12,41001,0,30,0.7072227001190186,1.4592335224151611,1.386705762147903,0.2
eccentricity,Eccentricity,Maximum eccentricity,0.005,0.005,1,expected_info_gain,Expected information gain,13,41001,1,30,0.833732008934021,3.914825916290283,2.81807652711868,0.16666666666666666
eccentricity,Eccentricity,Maximum eccentricity,0.005,0.005,1,expected_info_gain,Expected information gain,14,41001,2,30,0.604419469833374,1.3315902948379517,1.2281229019165039,0.06666666666666667
eccentricity,Eccentricity,Maximum eccentricity,0.005,0.005,1,expected_info_gain,Expected information gain,15,41001,3,30,1.0484193563461304,4.195164680480957,2.5826500535011268,0.1
eccentricity,Eccentricity,Maximum eccentricity,0.005,0.005,1,expected_info_gain,Expected information gain,16,41001,4,30,0.7000675797462463,4.064257621765137,1.404124402999877,0.06666666666666667
eccentricity,Eccentricity,Maximum eccentricity,0.005,0.005,1,expected_info_gain,Expected information gain,17,41001,5,30,0.5484256744384766,1.7157927751541138,1.2823491394519795,0.23333333333333334
eccentricity,Eccentricity,Maximum eccentricity,0.005,0.005,1,expected_info_gain,Expected information gain,18,41001,6,30,1.642101764678955,14.227099418640137,6.699669337272642,0.06666666666666667
eccentricity,Eccentricity,Maximum eccentricity,0.005,0.005,1,expected_info_gain,Expected information gain,19,41001,7,30,0.6591709852218628,2.061505079269409,1.5758298277854914,0.13333333333333333
eccentricity,Eccentricity,Maximum eccentricity,0.005,0.005,1,expected_info_gain,Expected information gain,20,41001,8,30,0.5894886255264282,1.491870403289795,1.1051654040813441,0.16666666666666666
eccentricity,Eccentricity,Maximum eccentricity,0.005,0.005,1,expected_info_gain,Expected information gain,21,41001,9,30,2.9468753337860107,41.19865798950195,6.3975422143936145,0.2
eccentricity,Eccentricity,Maximum eccentricity,0.005,0.005,1,expected_info_gain,Expected information gain,22,41001,10,30,0.5739468932151794,2.10353684425354,1.260304546356201,0.06666666666666667
eccentricity,Eccentricity,Maximum eccentricity,0.005,0.005,1,expected_info_gain,Expected information gain,23,41001,11,30,0.6473436951637268,1.8137253522872925,1.7733720600605012,0.1
eccentricity,Eccentricity,Maximum eccentricity,0.005,0.005,1,flat_lstm,Flat LSTM,0,41000,0,30,1.5591681003570557,10.863590240478516,5.481977653503416,0.1
eccentricity,Eccentricity,Maximum eccentricity,0.005,0.005,1,flat_lstm,Flat LSTM,1,41000,1,30,0.6076990365982056,2.7040247917175293,1.8901262938976258,0.13333333333333333
eccentricity,Eccentricity,Maximum eccentricity,0.005,0.005,1,flat_lstm,Flat LSTM,2,41000,2,30,1.0475397109985352,3.84989333152771,3.0553035259246815,0.13333333333333333
eccentricity,Eccentricity,Maximum eccentricity,0.005,0.005,1,flat_lstm,Flat LSTM,3,41000,3,30,0.6828124523162842,2.2376842498779297,1.9808942735195152,0.23333333333333334
eccentricity,Eccentricity,Maximum eccentricity,0.005,0.005,1,flat_lstm,Flat LSTM,4,41000,4,30,0.7596394419670105,2.5200932025909424,1.9270347774028775,0.1
eccentricity,Eccentricity,Maximum eccentricity,0.005,0.005,1,flat_lstm,Flat LSTM,5,41000,5,30,0.7018646001815796,2.0357909202575684,1.93680585026741,0.1
eccentricity,Eccentricity,Maximum eccentricity,0.005,0.005,1,flat_lstm,Flat LSTM,6,41000,6,30,0.7624981999397278,4.247733116149902,2.0520945310592635,0.2
eccentricity,Eccentricity,Maximum eccentricity,0.005,0.005,1,flat_lstm,Flat LSTM,7,41000,7,30,0.6589504480361938,2.152179002761841,1.9533274114131924,0.13333333333333333
eccentricity,Eccentricity,Maximum eccentricity,0.005,0.005,1,flat_lstm,Flat LSTM,8,41000,8,30,0.7553113102912903,2.7540504932403564,2.263793945312499,0.13333333333333333
eccentricity,Eccentricity,Maximum eccentricity,0.005,0.005,1,flat_lstm,Flat LSTM,9,41000,9,30,0.636222779750824,3.609217643737793,2.1316152691841097,0.23333333333333334
eccentricity,Eccentricity,Maximum eccentricity,0.005,0.005,1,flat_lstm,Flat LSTM,10,41000,10,30,1.3979185819625854,10.114509582519531,5.837766098976118,0.13333333333333333
eccentricity,Eccentricity,Maximum eccentricity,0.005,0.005,1,flat_lstm,Flat LSTM,11,41000,11,30,0.45983824133872986,1.8292917013168335,1.2871246933937062,0.23333333333333334
eccentricity,Eccentricity,Maximum eccentricity,0.005,0.005,1,flat_lstm,Flat LSTM,12,41001,0,30,0.912102460861206,3.004215717315674,2.573337233066558,0.16666666666666666
eccentricity,Eccentricity,Maximum eccentricity,0.005,0.005,1,flat_lstm,Flat LSTM,13,41001,1,30,0.882773220539093,3.201726198196411,2.6365779042243935,0.13333333333333333
eccentricity,Eccentricity,Maximum eccentricity,0.005,0.005,1,flat_lstm,Flat LSTM,14,41001,2,30,0.8709851503372192,4.027813911437988,2.891664838790887,0.06666666666666667
eccentricity,Eccentricity,Maximum eccentricity,0.005,0.005,1,flat_lstm,Flat LSTM,15,41001,3,30,0.8792780041694641,5.41661262512207,2.5612649679183948,0.16666666666666666
eccentricity,Eccentricity,Maximum eccentricity,0.005,0.005,1,flat_lstm,Flat LSTM,16,41001,4,30,0.7454552054405212,3.380619525909424,2.192505526542663,0.2
eccentricity,Eccentricity,Maximum eccentricity,0.005,0.005,1,flat_lstm,Flat LSTM,17,41001,5,30,0.688373327255249,2.2856709957122803,1.9849045932292937,0.2
eccentricity,Eccentricity,Maximum eccentricity,0.005,0.005,1,flat_lstm,Flat LSTM,18,41001,6,30,0.6883108615875244,2.744328022003174,2.532711946964264,0.2
eccentricity,Eccentricity,Maximum eccentricity,0.005,0.005,1,flat_lstm,Flat LSTM,19,41001,7,30,0.8131343126296997,4.575910568237305,2.7354378104209878,0.13333333333333333
eccentricity,Eccentricity,Maximum eccentricity,0.005,0.005,1,flat_lstm,Flat LSTM,20,41001,8,30,0.595333456993103,3.1928749084472656,1.4463220417499538,0.13333333333333333
eccentricity,Eccentricity,Maximum eccentricity,0.005,0.005,1,flat_lstm,Flat LSTM,21,41001,9,30,0.7123822569847107,3.149289846420288,2.5504507780075047,0.13333333333333333
eccentricity,Eccentricity,Maximum eccentricity,0.005,0.005,1,flat_lstm,Flat LSTM,22,41001,10,30,0.5165109634399414,1.8990838527679443,1.3360384702682486,0.16666666666666666
eccentricity,Eccentricity,Maximum eccentricity,0.005,0.005,1,flat_lstm,Flat LSTM,23,41001,11,30,0.6315031051635742,3.5186798572540283,1.5845452904701232,0.13333333333333333
eccentricity,Eccentricity,Maximum eccentricity,0.005,0.005,1,pointer_lstm,Attention-LSTM pointer,0,41000,0,30,0.5745923519134521,2.6904773712158203,1.7631370663642847,0.16666666666666666
eccentricity,Eccentricity,Maximum eccentricity,0.005,0.005,1,pointer_lstm,Attention-LSTM pointer,1,41000,1,30,0.42686188220977783,1.2532575130462646,0.953091350197791,0.13333333333333333
eccentricity,Eccentricity,Maximum eccentricity,0.005,0.005,1,pointer_lstm,Attention-LSTM pointer,2,41000,2,30,0.4754529893398285,2.599048137664795,1.0193147659301756,0.23333333333333334
eccentricity,Eccentricity,Maximum eccentricity,0.005,0.005,1,pointer_lstm,Attention-LSTM pointer,3,41000,3,30,0.4328922629356384,2.222836971282959,1.2719942390918721,0.26666666666666666
eccentricity,Eccentricity,Maximum eccentricity,0.005,0.005,1,pointer_lstm,Attention-LSTM pointer,4,41000,4,30,0.40217331051826477,1.514832615852356,0.8164203137159339,0.1
eccentricity,Eccentricity,Maximum eccentricity,0.005,0.005,1,pointer_lstm,Attention-LSTM pointer,5,41000,5,30,0.2788352370262146,0.6167962551116943,0.5083265632390974,0.36666666666666664
eccentricity,Eccentricity,Maximum eccentricity,0.005,0.005,1,pointer_lstm,Attention-LSTM pointer,6,41000,6,30,0.3811430037021637,1.9601657390594482,0.8175405442714686,0.26666666666666666
eccentricity,Eccentricity,Maximum eccentricity,0.005,0.005,1,pointer_lstm,Attention-LSTM pointer,7,41000,7,30,0.4220600426197052,1.236633539199829,0.8988598406314848,0.2
eccentricity,Eccentricity,Maximum eccentricity,0.005,0.005,1,pointer_lstm,Attention-LSTM pointer,8,41000,8,30,0.4088744819164276,1.3546098470687866,1.1221335023641577,0.23333333333333334
eccentricity,Eccentricity,Maximum eccentricity,0.005,0.005,1,pointer_lstm,Attention-LSTM pointer,9,41000,9,30,0.35560116171836853,0.9167998433113098,0.7388087689876555,0.3333333333333333
eccentricity,Eccentricity,Maximum eccentricity,0.005,0.005,1,pointer_lstm,Attention-LSTM pointer,10,41000,10,30,0.4688921570777893,1.0504677295684814,0.98805376291275,0.16666666666666666
eccentricity,Eccentricity,Maximum eccentricity,0.005,0.005,1,pointer_lstm,Attention-LSTM pointer,11,41000,11,30,0.31141892075538635,0.6049116849899292,0.5776414960622787,0.23333333333333334
eccentricity,Eccentricity,Maximum eccentricity,0.005,0.005,1,pointer_lstm,Attention-LSTM pointer,12,41001,0,30,0.4326367974281311,1.489823579788208,1.3065423488616932,0.2
eccentricity,Eccentricity,Maximum eccentricity,0.005,0.005,1,pointer_lstm,Attention-LSTM pointer,13,41001,1,30,0.4140162467956543,1.0364046096801758,0.8722803473472592,0.13333333333333333
eccentricity,Eccentricity,Maximum eccentricity,0.005,0.005,1,pointer_lstm,Attention-LSTM pointer,14,41001,2,30,0.3775832951068878,0.8654903769493103,0.7364336997270583,0.26666666666666666
eccentricity,Eccentricity,Maximum eccentricity,0.005,0.005,1,pointer_lstm,Attention-LSTM pointer,15,41001,3,30,0.5283119082450867,2.975306272506714,1.3293003559112546,0.16666666666666666
eccentricity,Eccentricity,Maximum eccentricity,0.005,0.005,1,pointer_lstm,Attention-LSTM pointer,16,41001,4,30,0.2961934804916382,0.5278434157371521,0.48502267301082597,0.16666666666666666
eccentricity,Eccentricity,Maximum eccentricity,0.005,0.005,1,pointer_lstm,Attention-LSTM pointer,17,41001,5,30,0.4415367543697357,1.2733500003814697,0.905996939539909,0.26666666666666666
eccentricity,Eccentricity,Maximum eccentricity,0.005,0.005,1,pointer_lstm,Attention-LSTM pointer,18,41001,6,30,0.3455788791179657,0.7042900919914246,0.6778794348239897,0.3
eccentricity,Eccentricity,Maximum eccentricity,0.005,0.005,1,pointer_lstm,Attention-LSTM pointer,19,41001,7,30,0.3712347149848938,1.5123635530471802,0.7075507342815399,0.2
eccentricity,Eccentricity,Maximum eccentricity,0.005,0.005,1,pointer_lstm,Attention-LSTM pointer,20,41001,8,30,0.4091784656047821,1.4908933639526367,1.098244670033453,0.2
eccentricity,Eccentricity,Maximum eccentricity,0.005,0.005,1,pointer_lstm,Attention-LSTM pointer,21,41001,9,30,0.4529096484184265,1.0656689405441284,0.9803973793983454,0.2
eccentricity,Eccentricity,Maximum eccentricity,0.005,0.005,1,pointer_lstm,Attention-LSTM pointer,22,41001,10,30,0.3865141272544861,1.3171706199645996,0.7846894949674604,0.23333333333333334
eccentricity,Eccentricity,Maximum eccentricity,0.005,0.005,1,pointer_lstm,Attention-LSTM pointer,23,41001,11,30,0.5260925889015198,2.27292799949646,1.2202054500579829,0.23333333333333334
eccentricity,Eccentricity,Maximum eccentricity,0.01,0.010,0,expected_info_gain,Expected information gain,0,41000,0,30,0.6447910666465759,2.0681304931640625,1.6826335132122023,0.13333333333333333
eccentricity,Eccentricity,Maximum eccentricity,0.01,0.010,0,expected_info_gain,Expected information gain,1,41000,1,30,0.39446723461151123,1.1729393005371094,0.7474147498607634,0.13333333333333333
eccentricity,Eccentricity,Maximum eccentricity,0.01,0.010,0,expected_info_gain,Expected information gain,2,41000,2,30,0.6051287055015564,1.7856329679489136,1.2669660449028013,0.13333333333333333
eccentricity,Eccentricity,Maximum eccentricity,0.01,0.010,0,expected_info_gain,Expected information gain,3,41000,3,30,0.5958613753318787,2.3516428470611572,1.545384675264358,0.26666666666666666
eccentricity,Eccentricity,Maximum eccentricity,0.01,0.010,0,expected_info_gain,Expected information gain,4,41000,4,30,0.9069469571113586,7.670458793640137,2.2203466594219163,0.1
eccentricity,Eccentricity,Maximum eccentricity,0.01,0.010,0,expected_info_gain,Expected information gain,5,41000,5,30,0.7144483327865601,3.3777780532836914,2.733147001266479,0.13333333333333333
eccentricity,Eccentricity,Maximum eccentricity,0.01,0.010,0,expected_info_gain,Expected information gain,6,41000,6,30,0.5070798397064209,1.195412278175354,0.9300807535648343,0.13333333333333333
eccentricity,Eccentricity,Maximum eccentricity,0.01,0.010,0,expected_info_gain,Expected information gain,7,41000,7,30,0.5711802244186401,1.3299142122268677,0.9057366102933884,0.13333333333333333
eccentricity,Eccentricity,Maximum eccentricity,0.01,0.010,0,expected_info_gain,Expected information gain,8,41000,8,30,0.5008845925331116,1.1746728420257568,1.0592403352260589,0.06666666666666667
eccentricity,Eccentricity,Maximum eccentricity,0.01,0.010,0,expected_info_gain,Expected information gain,9,41000,9,30,0.5486162304878235,1.8835885524749756,1.0561400294303893,0.16666666666666666
eccentricity,Eccentricity,Maximum eccentricity,0.01,0.010,0,expected_info_gain,Expected information gain,10,41000,10,30,2.3853955268859863,25.220979690551758,12.52237648963925,0.1
eccentricity,Eccentricity,Maximum eccentricity,0.01,0.010,0,expected_info_gain,Expected information gain,11,41000,11,30,0.4633081555366516,0.9791219234466553,0.8555369049310682,0.16666666666666666
eccentricity,Eccentricity,Maximum eccentricity,0.01,0.010,0,expected_info_gain,Expected information gain,12,41001,0,30,0.8016025424003601,1.7175369262695312,1.5192064881324758,0.1
eccentricity,Eccentricity,Maximum eccentricity,0.01,0.010,0,expected_info_gain,Expected information gain,13,41001,1,30,1.047587513923645,9.157015800476074,2.0315341234207143,0.1
eccentricity,Eccentricity,Maximum eccentricity,0.01,0.010,0,expected_info_gain,Expected information gain,14,41001,2,30,0.5633016228675842,1.3365414142608643,1.1987521409988404,0.1
eccentricity,Eccentricity,Maximum eccentricity,0.01,0.010,0,expected_info_gain,Expected information gain,15,41001,3,30,0.9922710657119751,4.353449821472168,2.354694187641143,0.1
eccentricity,Eccentricity,Maximum eccentricity,0.01,0.010,0,expected_info_gain,Expected information gain,16,41001,4,30,0.6563600897789001,3.519918441772461,1.143815541267395,0.1
eccentricity,Eccentricity,Maximum eccentricity,0.01,0.010,0,expected_info_gain,Expected information gain,17,41001,5,30,0.5366982817649841,1.9070024490356445,1.3430719256401054,0.2
eccentricity,Eccentricity,Maximum eccentricity,0.01,0.010,0,expected_info_gain,Expected information gain,18,41001,6,30,0.5340304970741272,2.5433900356292725,1.2462621450424185,0.16666666666666666
eccentricity,Eccentricity,Maximum eccentricity,0.01,0.010,0,expected_info_gain,Expected information gain,19,41001,7,30,0.7490981817245483,2.1467392444610596,2.0120154857635497,0.1
eccentricity,Eccentricity,Maximum eccentricity,0.01,0.010,0,expected_info_gain,Expected information gain,20,41001,8,30,0.682114839553833,2.6532809734344482,1.6543337047100062,0.1
eccentricity,Eccentricity,Maximum eccentricity,0.01,0.010,0,expected_info_gain,Expected information gain,21,41001,9,30,2.8314223289489746,15.919936180114746,11.542851543426513,0.16666666666666666
eccentricity,Eccentricity,Maximum eccentricity,0.01,0.010,0,expected_info_gain,Expected information gain,22,41001,10,30,0.6167832612991333,1.91713547706604,1.4631841123104092,0.06666666666666667
eccentricity,Eccentricity,Maximum eccentricity,0.01,0.010,0,expected_info_gain,Expected information gain,23,41001,11,30,0.594774603843689,1.7982985973358154,1.190063369274139,0.1
eccentricity,Eccentricity,Maximum eccentricity,0.01,0.010,0,flat_lstm,Flat LSTM,0,41000,0,30,0.8643867373466492,6.024444103240967,2.6932466268539392,0.13333333333333333
eccentricity,Eccentricity,Maximum eccentricity,0.01,0.010,0,flat_lstm,Flat LSTM,1,41000,1,30,0.4955454468727112,1.5365506410598755,1.4339556753635405,0.13333333333333333
eccentricity,Eccentricity,Maximum eccentricity,0.01,0.010,0,flat_lstm,Flat LSTM,2,41000,2,30,0.7005835175514221,3.8497354984283447,1.527093189954757,0.1
eccentricity,Eccentricity,Maximum eccentricity,0.01,0.010,0,flat_lstm,Flat LSTM,3,41000,3,30,0.6821062564849854,3.2458231449127197,1.9401675164699552,0.23333333333333334
eccentricity,Eccentricity,Maximum eccentricity,0.01,0.010,0,flat_lstm,Flat LSTM,4,41000,4,30,0.7401360273361206,3.1170506477355957,2.088012498617171,0.06666666666666667
eccentricity,Eccentricity,Maximum eccentricity,0.01,0.010,0,flat_lstm,Flat LSTM,5,41000,5,30,0.6978780031204224,2.542912721633911,2.0305174469947813,0.2
eccentricity,Eccentricity,Maximum eccentricity,0.01,0.010,0,flat_lstm,Flat LSTM,6,41000,6,30,0.8686797022819519,3.8681681156158447,3.5043024420738216,0.16666666666666666
eccentricity,Eccentricity,Maximum eccentricity,0.01,0.010,0,flat_lstm,Flat LSTM,7,41000,7,30,0.8076494932174683,5.090923309326172,2.5186193525791136,0.26666666666666666
eccentricity,Eccentricity,Maximum eccentricity,0.01,0.010,0,flat_lstm,Flat LSTM,8,41000,8,30,0.6642876267433167,2.10982346534729,1.7228866517543784,0.13333333333333333
eccentricity,Eccentricity,Maximum eccentricity,0.01,0.010,0,flat_lstm,Flat LSTM,9,41000,9,30,0.6667386293411255,2.8985533714294434,2.0702120244503015,0.2
eccentricity,Eccentricity,Maximum eccentricity,0.01,0.010,0,flat_lstm,Flat LSTM,10,41000,10,30,0.7863829135894775,2.932607889175415,2.283988070487975,0.1
eccentricity,Eccentricity,Maximum eccentricity,0.01,0.010,0,flat_lstm,Flat LSTM,11,41000,11,30,0.5164305567741394,1.4999531507492065,1.2810876846313473,0.13333333333333333
eccentricity,Eccentricity,Maximum eccentricity,0.01,0.010,0,flat_lstm,Flat LSTM,12,41001,0,30,0.6919978857040405,2.7215027809143066,1.8544148564338667,0.13333333333333333
eccentricity,Eccentricity,Maximum eccentricity,0.01,0.010,0,flat_lstm,Flat LSTM,13,41001,1,30,0.809248685836792,3.2916462421417236,2.522083306312558,0.13333333333333333
eccentricity,Eccentricity,Maximum eccentricity,0.01,0.010,0,flat_lstm,Flat LSTM,14,41001,2,30,0.8153288960456848,3.9459567070007324,1.923656582832336,0.2
eccentricity,Eccentricity,Maximum eccentricity,0.01,0.010,0,flat_lstm,Flat LSTM,15,41001,3,30,0.7949701547622681,3.229773998260498,2.4228627562522855,0.16666666666666666
eccentricity,Eccentricity,Maximum eccentricity,0.01,0.010,0,flat_lstm,Flat LSTM,16,41001,4,30,0.8188453316688538,7.1858296394348145,2.021448570489883,0.2
eccentricity,Eccentricity,Maximum eccentricity,0.01,0.010,0,flat_lstm,Flat LSTM,17,41001,5,30,0.5413065552711487,2.725405216217041,1.3496462583541855,0.23333333333333334
eccentricity,Eccentricity,Maximum eccentricity,0.01,0.010,0,flat_lstm,Flat LSTM,18,41001,6,30,0.7296355366706848,2.5537831783294678,2.202121460437774,0.16666666666666666
eccentricity,Eccentricity,Maximum eccentricity,0.01,0.010,0,flat_lstm,Flat LSTM,19,41001,7,30,0.9055736660957336,4.414773941040039,2.420795679092406,0.13333333333333333
eccentricity,Eccentricity,Maximum eccentricity,0.01,0.010,0,flat_lstm,Flat LSTM,20,41001,8,30,0.6946981549263,2.9043493270874023,2.0376176178455347,0.16666666666666666
eccentricity,Eccentricity,Maximum eccentricity,0.01,0.010,0,flat_lstm,Flat LSTM,21,41001,9,30,0.821290910243988,3.8581018447875977,2.2655215978622434,0.2
eccentricity,Eccentricity,Maximum eccentricity,0.01,0.010,0,flat_lstm,Flat LSTM,22,41001,10,30,0.5075168609619141,1.588573932647705,1.2484819412231445,0.1
eccentricity,Eccentricity,Maximum eccentricity,0.01,0.010,0,flat_lstm,Flat LSTM,23,41001,11,30,0.5785542726516724,2.3165438175201416,1.4104139387607573,0.2
eccentricity,Eccentricity,Maximum eccentricity,0.01,0.010,0,pointer_lstm,Attention-LSTM pointer,0,41000,0,30,0.49528583884239197,2.749354124069214,0.8979709923267362,0.2
eccentricity,Eccentricity,Maximum eccentricity,0.01,0.010,0,pointer_lstm,Attention-LSTM pointer,1,41000,1,30,0.38043534755706787,0.748717188835144,0.7105434954166412,0.2
eccentricity,Eccentricity,Maximum eccentricity,0.01,0.010,0,pointer_lstm,Attention-LSTM pointer,2,41000,2,30,0.4094023108482361,1.0149691104888916,0.8617899984121321,0.2
eccentricity,Eccentricity,Maximum eccentricity,0.01,0.010,0,pointer_lstm,Attention-LSTM pointer,3,41000,3,30,0.40763142704963684,1.9885774850845337,1.2426239371299737,0.26666666666666666
eccentricity,Eccentricity,Maximum eccentricity,0.01,0.010,0,pointer_lstm,Attention-LSTM pointer,4,41000,4,30,0.3673001527786255,1.0529344081878662,0.6326897084712981,0.13333333333333333
eccentricity,Eccentricity,Maximum eccentricity,0.01,0.010,0,pointer_lstm,Attention-LSTM pointer,5,41000,5,30,0.38810646533966064,2.0542845726013184,1.1998217999935143,0.3333333333333333
eccentricity,Eccentricity,Maximum eccentricity,0.01,0.010,0,pointer_lstm,Attention-LSTM pointer,6,41000,6,30,0.3920535147190094,2.0199530124664307,0.9993644267320609,0.3
eccentricity,Eccentricity,Maximum eccentricity,0.01,0.010,0,pointer_lstm,Attention-LSTM pointer,7,41000,7,30,0.41273123025894165,1.2614216804504395,0.879434150457382,0.16666666666666666
eccentricity,Eccentricity,Maximum eccentricity,0.01,0.010,0,pointer_lstm,Attention-LSTM pointer,8,41000,8,30,0.35848599672317505,0.9558139443397522,0.7515538096427913,0.23333333333333334
eccentricity,Eccentricity,Maximum eccentricity,0.01,0.010,0,pointer_lstm,Attention-LSTM pointer,9,41000,9,30,0.36274343729019165,0.883678674697876,0.8671300500631332,0.3333333333333333
eccentricity,Eccentricity,Maximum eccentricity,0.01,0.010,0,pointer_lstm,Attention-LSTM pointer,10,41000,10,30,0.4115539789199829,1.0826973915100098,0.8366886824369429,0.3
eccentricity,Eccentricity,Maximum eccentricity,0.01,0.010,0,pointer_lstm,Attention-LSTM pointer,11,41000,11,30,0.3421533405780792,0.8394386768341064,0.6185178607702254,0.16666666666666666
eccentricity,Eccentricity,Maximum eccentricity,0.01,0.010,0,pointer_lstm,Attention-LSTM pointer,12,41001,0,30,0.37393924593925476,1.5377600193023682,0.7806585788726805,0.23333333333333334
eccentricity,Eccentricity,Maximum eccentricity,0.01,0.010,0,pointer_lstm,Attention-LSTM pointer,13,41001,1,30,0.3738749623298645,0.9173040390014648,0.8200156062841414,0.16666666666666666
eccentricity,Eccentricity,Maximum eccentricity,0.01,0.010,0,pointer_lstm,Attention-LSTM pointer,14,41001,2,30,0.395070880651474,0.9107877612113953,0.7181439280509948,0.26666666666666666
eccentricity,Eccentricity,Maximum eccentricity,0.01,0.010,0,pointer_lstm,Attention-LSTM pointer,15,41001,3,30,0.6659597754478455,5.086981773376465,1.5002476990222928,0.2
eccentricity,Eccentricity,Maximum eccentricity,0.01,0.010,0,pointer_lstm,Attention-LSTM pointer,16,41001,4,30,0.3128109574317932,0.8086667656898499,0.5389432549476622,0.2
eccentricity,Eccentricity,Maximum eccentricity,0.01,0.010,0,pointer_lstm,Attention-LSTM pointer,17,41001,5,30,0.42826926708221436,1.2936503887176514,0.841878533363342,0.26666666666666666
eccentricity,Eccentricity,Maximum eccentricity,0.01,0.010,0,pointer_lstm,Attention-LSTM pointer,18,41001,6,30,0.3050585389137268,0.6745955944061279,0.55264253616333,0.3333333333333333
eccentricity,Eccentricity,Maximum eccentricity,0.01,0.010,0,pointer_lstm,Attention-LSTM pointer,19,41001,7,30,0.38827887177467346,1.4804761409759521,0.9588997155427927,0.16666666666666666
eccentricity,Eccentricity,Maximum eccentricity,0.01,0.010,0,pointer_lstm,Attention-LSTM pointer,20,41001,8,30,0.4164641499519348,1.4880107641220093,1.1405755996704086,0.2
eccentricity,Eccentricity,Maximum eccentricity,0.01,0.010,0,pointer_lstm,Attention-LSTM pointer,21,41001,9,30,0.4528016448020935,1.8435490131378174,1.0440148591995233,0.2
eccentricity,Eccentricity,Maximum eccentricity,0.01,0.010,0,pointer_lstm,Attention-LSTM pointer,22,41001,10,30,0.32405269145965576,0.7204056978225708,0.587736803293228,0.26666666666666666
eccentricity,Eccentricity,Maximum eccentricity,0.01,0.010,0,pointer_lstm,Attention-LSTM pointer,23,41001,11,30,0.5960389971733093,2.659888505935669,1.7095937550067895,0.16666666666666666
eccentricity,Eccentricity,Maximum eccentricity,0.02,0.020,0,expected_info_gain,Expected information gain,0,41000,0,30,4.291616916656494,83.14346313476562,8.934780740737901,0.06666666666666667
eccentricity,Eccentricity,Maximum eccentricity,0.02,0.020,0,expected_info_gain,Expected information gain,1,41000,1,30,0.38367989659309387,1.0168263912200928,0.8597630769014358,0.16666666666666666
eccentricity,Eccentricity,Maximum eccentricity,0.02,0.020,0,expected_info_gain,Expected information gain,2,41000,2,30,1.3370888233184814,10.59451961517334,3.786559987068172,0.16666666666666666
eccentricity,Eccentricity,Maximum eccentricity,0.02,0.020,0,expected_info_gain,Expected information gain,3,41000,3,30,0.6429757475852966,1.7984898090362549,1.7100677073001858,0.2
eccentricity,Eccentricity,Maximum eccentricity,0.02,0.020,0,expected_info_gain,Expected information gain,4,41000,4,30,0.7885341644287109,3.849937915802002,2.0704713046550722,0.13333333333333333
eccentricity,Eccentricity,Maximum eccentricity,0.02,0.020,0,expected_info_gain,Expected information gain,5,41000,5,30,0.5402762293815613,1.4170222282409668,1.1796162009239193,0.06666666666666667
eccentricity,Eccentricity,Maximum eccentricity,0.02,0.020,0,expected_info_gain,Expected information gain,6,41000,6,30,0.4455944001674652,1.230224370956421,1.0122029960155485,0.23333333333333334
eccentricity,Eccentricity,Maximum eccentricity,0.02,0.020,0,expected_info_gain,Expected information gain,7,41000,7,30,0.553737223148346,1.278417944908142,1.0934118598699565,0.13333333333333333
eccentricity,Eccentricity,Maximum eccentricity,0.02,0.020,0,expected_info_gain,Expected information gain,8,41000,8,30,0.5939525961875916,2.420776128768921,1.373927068710327,0.16666666666666666
eccentricity,Eccentricity,Maximum eccentricity,0.02,0.020,0,expected_info_gain,Expected information gain,9,41000,9,30,0.5732559561729431,1.923241138458252,1.4553689658641813,0.16666666666666666
eccentricity,Eccentricity,Maximum eccentricity,0.02,0.020,0,expected_info_gain,Expected information gain,10,41000,10,30,4.892675399780273,84.77922821044922,17.696199655532826,0.1
eccentricity,Eccentricity,Maximum eccentricity,0.02,0.020,0,expected_info_gain,Expected information gain,11,41000,11,30,0.4984652101993561,1.5475023984909058,0.8249084711074827,0.1
eccentricity,Eccentricity,Maximum eccentricity,0.02,0.020,0,expected_info_gain,Expected information gain,12,41001,0,30,0.7514542937278748,1.5544583797454834,1.4845575511455535,0.16666666666666666
eccentricity,Eccentricity,Maximum eccentricity,0.02,0.020,0,expected_info_gain,Expected information gain,13,41001,1,30,0.5994560122489929,1.5265262126922607,1.0900106698274605,0.1
eccentricity,Eccentricity,Maximum eccentricity,0.02,0.020,0,expected_info_gain,Expected information gain,14,41001,2,30,0.6041625142097473,1.9277666807174683,1.2300277173519134,0.1
eccentricity,Eccentricity,Maximum eccentricity,0.02,0.020,0,expected_info_gain,Expected information gain,15,41001,3,30,0.7169254422187805,2.0516974925994873,1.3674336254596704,0.1
eccentricity,Eccentricity,Maximum eccentricity,0.02,0.020,0,expected_info_gain,Expected information gain,16,41001,4,30,0.7761486172676086,2.3439576625823975,1.8183868169784523,0.13333333333333333
eccentricity,Eccentricity,Maximum eccentricity,0.02,0.020,0,expected_info_gain,Expected information gain,17,41001,5,30,0.502663791179657,1.223078966140747,1.0424219727516169,0.13333333333333333
eccentricity,Eccentricity,Maximum eccentricity,0.02,0.020,0,expected_info_gain,Expected information gain,18,41001,6,30,0.573075532913208,2.236820936203003,1.3234392762184128,0.13333333333333333
eccentricity,Eccentricity,Maximum eccentricity,0.02,0.020,0,expected_info_gain,Expected information gain,19,41001,7,30,0.6431111097335815,1.5444954633712769,1.1623758792877195,0.1
eccentricity,Eccentricity,Maximum eccentricity,0.02,0.020,0,expected_info_gain,Expected information gain,20,41001,8,30,0.689142644405365,2.587996006011963,1.8652580976486193,0.1
eccentricity,Eccentricity,Maximum eccentricity,0.02,0.020,0,expected_info_gain,Expected information gain,21,41001,9,30,1.006042718887329,4.759831428527832,2.9205100059509244,0.13333333333333333
eccentricity,Eccentricity,Maximum eccentricity,0.02,0.020,0,expected_info_gain,Expected information gain,22,41001,10,30,0.5364273190498352,1.6876718997955322,1.0613847196102142,0.03333333333333333
eccentricity,Eccentricity,Maximum eccentricity,0.02,0.020,0,expected_info_gain,Expected information gain,23,41001,11,30,0.5939890742301941,1.9805443286895752,1.424082928895949,0.06666666666666667
eccentricity,Eccentricity,Maximum eccentricity,0.02,0.020,0,flat_lstm,Flat LSTM,0,41000,0,30,4.547105312347412,18.414073944091797,12.898116350173947,0.03333333333333333
eccentricity,Eccentricity,Maximum eccentricity,0.02,0.020,0,flat_lstm,Flat LSTM,1,41000,1,30,0.6736285090446472,3.858332633972168,2.1912688136100766,0.16666666666666666
eccentricity,Eccentricity,Maximum eccentricity,0.02,0.020,0,flat_lstm,Flat LSTM,2,41000,2,30,0.8700138926506042,3.5576133728027344,2.727105283737179,0.13333333333333333
eccentricity,Eccentricity,Maximum eccentricity,0.02,0.020,0,flat_lstm,Flat LSTM,3,41000,3,30,0.5637515783309937,2.247725486755371,1.756322997808454,0.2
eccentricity,Eccentricity,Maximum eccentricity,0.02,0.020,0,flat_lstm,Flat LSTM,4,41000,4,30,0.7262037992477417,3.1923696994781494,2.117824149131774,0.1
eccentricity,Eccentricity,Maximum eccentricity,0.02,0.020,0,flat_lstm,Flat LSTM,5,41000,5,30,0.6278900504112244,3.6563191413879395,2.313804829120634,0.13333333333333333
eccentricity,Eccentricity,Maximum eccentricity,0.02,0.020,0,flat_lstm,Flat LSTM,6,41000,6,30,0.6137629747390747,2.704838752746582,1.3560566306114195,0.13333333333333333
eccentricity,Eccentricity,Maximum eccentricity,0.02,0.020,0,flat_lstm,Flat LSTM,7,41000,7,30,0.5988979935646057,2.050081729888916,1.460381984710693,0.06666666666666667
eccentricity,Eccentricity,Maximum eccentricity,0.02,0.020,0,flat_lstm,Flat LSTM,8,41000,8,30,0.6522653102874756,3.0241167545318604,1.2828177750110625,0.03333333333333333
eccentricity,Eccentricity,Maximum eccentricity,0.02,0.020,0,flat_lstm,Flat LSTM,9,41000,9,30,1.1464890241622925,4.8140740394592285,4.188993036746977,0.13333333333333333
eccentricity,Eccentricity,Maximum eccentricity,0.02,0.020,0,flat_lstm,Flat LSTM,10,41000,10,30,0.835853636264801,3.3154006004333496,2.4478339433670038,0.06666666666666667
eccentricity,Eccentricity,Maximum eccentricity,0.02,0.020,0,flat_lstm,Flat LSTM,11,41000,11,30,0.5790536403656006,1.8989444971084595,1.882373684644699,0.13333333333333333
eccentricity,Eccentricity,Maximum eccentricity,0.02,0.020,0,flat_lstm,Flat LSTM,12,41001,0,30,0.831638514995575,3.2383718490600586,2.574164795875549,0.3
eccentricity,Eccentricity,Maximum eccentricity,0.02,0.020,0,flat_lstm,Flat LSTM,13,41001,1,30,0.9488592743873596,4.154618740081787,2.68396006822586,0.16666666666666666
eccentricity,Eccentricity,Maximum eccentricity,0.02,0.020,0,flat_lstm,Flat LSTM,14,41001,2,30,0.7619127631187439,2.4261655807495117,2.2554372787475585,0.23333333333333334
eccentricity,Eccentricity,Maximum eccentricity,0.02,0.020,0,flat_lstm,Flat LSTM,15,41001,3,30,0.6346909403800964,2.497453212738037,2.230177140235901,0.2
eccentricity,Eccentricity,Maximum eccentricity,0.02,0.020,0,flat_lstm,Flat LSTM,16,41001,4,30,0.8256664872169495,7.288880825042725,1.9387385368347156,0.16666666666666666
eccentricity,Eccentricity,Maximum eccentricity,0.02,0.020,0,flat_lstm,Flat LSTM,17,41001,5,30,0.7449532151222229,5.066129684448242,2.4115793943405137,0.16666666666666666
eccentricity,Eccentricity,Maximum eccentricity,0.02,0.020,0,flat_lstm,Flat LSTM,18,41001,6,30,0.7749398946762085,3.200995683670044,2.6238133311271663,0.16666666666666666
eccentricity,Eccentricity,Maximum eccentricity,0.02,0.020,0,flat_lstm,Flat LSTM,19,41001,7,30,0.8905226588249207,4.610925197601318,2.659431278705595,0.13333333333333333
eccentricity,Eccentricity,Maximum eccentricity,0.02,0.020,0,flat_lstm,Flat LSTM,20,41001,8,30,0.5901870131492615,2.1466426849365234,1.8664272844791405,0.16666666666666666
eccentricity,Eccentricity,Maximum eccentricity,0.02,0.020,0,flat_lstm,Flat LSTM,21,41001,9,30,0.905142605304718,3.2163078784942627,2.4504921197891223,0.23333333333333334
eccentricity,Eccentricity,Maximum eccentricity,0.02,0.020,0,flat_lstm,Flat LSTM,22,41001,10,30,0.7277782559394836,2.09513258934021,1.8140910387039175,0.2
eccentricity,Eccentricity,Maximum eccentricity,0.02,0.020,0,flat_lstm,Flat LSTM,23,41001,11,30,0.633750319480896,3.1047565937042236,1.8515782237052911,0.2
eccentricity,Eccentricity,Maximum eccentricity,0.02,0.020,0,pointer_lstm,Attention-LSTM pointer,0,41000,0,30,0.6263871788978577,5.195930480957031,1.6383222997188547,0.13333333333333333
eccentricity,Eccentricity,Maximum eccentricity,0.02,0.020,0,pointer_lstm,Attention-LSTM pointer,1,41000,1,30,0.44085898995399475,1.2126984596252441,1.1598751127719877,0.2
eccentricity,Eccentricity,Maximum eccentricity,0.02,0.020,0,pointer_lstm,Attention-LSTM pointer,2,41000,2,30,0.384539395570755,0.9152611494064331,0.8223275035619736,0.2
eccentricity,Eccentricity,Maximum eccentricity,0.02,0.020,0,pointer_lstm,Attention-LSTM pointer,3,41000,3,30,0.42032891511917114,1.9640936851501465,1.258869075775145,0.16666666666666666
eccentricity,Eccentricity,Maximum eccentricity,0.02,0.020,0,pointer_lstm,Attention-LSTM pointer,4,41000,4,30,0.45679178833961487,2.343510627746582,0.868003737926483,0.13333333333333333
eccentricity,Eccentricity,Maximum eccentricity,0.02,0.020,0,pointer_lstm,Attention-LSTM pointer,5,41000,5,30,0.4441717565059662,2.0864503383636475,1.2075309574604025,0.3
eccentricity,Eccentricity,Maximum eccentricity,0.02,0.020,0,pointer_lstm,Attention-LSTM pointer,6,41000,6,30,0.3636668026447296,3.1109726428985596,0.5006540149450301,0.3333333333333333
eccentricity,Eccentricity,Maximum eccentricity,0.02,0.020,0,pointer_lstm,Attention-LSTM pointer,7,41000,7,30,0.4081149101257324,0.841666579246521,0.8063720196485519,0.2
eccentricity,Eccentricity,Maximum eccentricity,0.02,0.020,0,pointer_lstm,Attention-LSTM pointer,8,41000,8,30,0.41680362820625305,1.3200591802597046,1.0277325719594947,0.26666666666666666
eccentricity,Eccentricity,Maximum eccentricity,0.02,0.020,0,pointer_lstm,Attention-LSTM pointer,9,41000,9,30,0.35098713636398315,0.9423140287399292,0.7906113415956496,0.26666666666666666
eccentricity,Eccentricity,Maximum eccentricity,0.02,0.020,0,pointer_lstm,Attention-LSTM pointer,10,41000,10,30,0.3408973813056946,1.0119836330413818,0.8279566764831541,0.26666666666666666
eccentricity,Eccentricity,Maximum eccentricity,0.02,0.020,0,pointer_lstm,Attention-LSTM pointer,11,41000,11,30,0.33239251375198364,0.9880287051200867,0.6278807044029234,0.16666666666666666
eccentricity,Eccentricity,Maximum eccentricity,0.02,0.020,0,pointer_lstm,Attention-LSTM pointer,12,41001,0,30,0.48170289397239685,1.511025071144104,1.318901306390761,0.13333333333333333
eccentricity,Eccentricity,Maximum eccentricity,0.02,0.020,0,pointer_lstm,Attention-LSTM pointer,13,41001,1,30,0.3986619710922241,0.9902283549308777,0.8469966143369673,0.2
eccentricity,Eccentricity,Maximum eccentricity,0.02,0.020,0,pointer_lstm,Attention-LSTM pointer,14,41001,2,30,0.37829044461250305,0.9247212409973145,0.689411723613739,0.26666666666666666
eccentricity,Eccentricity,Maximum eccentricity,0.02,0.020,0,pointer_lstm,Attention-LSTM pointer,15,41001,3,30,0.4071582555770874,1.4347596168518066,0.7737582087516777,0.1
eccentricity,Eccentricity,Maximum eccentricity,0.02,0.020,0,pointer_lstm,Attention-LSTM pointer,16,41001,4,30,0.37594687938690186,1.8928654193878174,0.7086463481187817,0.16666666666666666
eccentricity,Eccentricity,Maximum eccentricity,0.02,0.020,0,pointer_lstm,Attention-LSTM pointer,17,41001,5,30,0.5609384775161743,4.4479475021362305,0.9153628706932068,0.26666666666666666
eccentricity,Eccentricity,Maximum eccentricity,0.02,0.020,0,pointer_lstm,Attention-LSTM pointer,18,41001,6,30,0.3449627161026001,0.9282237887382507,0.9016259312629699,0.23333333333333334
eccentricity,Eccentricity,Maximum eccentricity,0.02,0.020,0,pointer_lstm,Attention-LSTM pointer,19,41001,7,30,0.34920743107795715,1.42490553855896,0.7836683630943293,0.2
eccentricity,Eccentricity,Maximum eccentricity,0.02,0.020,0,pointer_lstm,Attention-LSTM pointer,20,41001,8,30,0.4108468294143677,1.5173465013504028,1.1490498811006529,0.16666666666666666
eccentricity,Eccentricity,Maximum eccentricity,0.02,0.020,0,pointer_lstm,Attention-LSTM pointer,21,41001,9,30,0.6177874803543091,2.5080931186676025,1.6871220767498007,0.16666666666666666
eccentricity,Eccentricity,Maximum eccentricity,0.02,0.020,0,pointer_lstm,Attention-LSTM pointer,22,41001,10,30,0.36772844195365906,0.7386245727539062,0.7194255679845809,0.23333333333333334
eccentricity,Eccentricity,Maximum eccentricity,0.02,0.020,0,pointer_lstm,Attention-LSTM pointer,23,41001,11,30,0.49346914887428284,1.5701799392700195,1.2458845317363738,0.2
eccentricity,Eccentricity,Maximum eccentricity,0.03,0.030,0,expected_info_gain,Expected information gain,0,41000,0,30,0.7887439727783203,2.588808536529541,2.0597340583801267,0.06666666666666667
eccentricity,Eccentricity,Maximum eccentricity,0.03,0.030,0,expected_info_gain,Expected information gain,1,41000,1,30,0.4221697747707367,0.958141565322876,0.9006140053272247,0.06666666666666667
eccentricity,Eccentricity,Maximum eccentricity,0.03,0.030,0,expected_info_gain,Expected information gain,2,41000,2,30,1.3401343822479248,10.964620590209961,3.6513421058654725,0.16666666666666666
eccentricity,Eccentricity,Maximum eccentricity,0.03,0.030,0,expected_info_gain,Expected information gain,3,41000,3,30,0.7789391279220581,2.65918231010437,2.460970616340637,0.2
eccentricity,Eccentricity,Maximum eccentricity,0.03,0.030,0,expected_info_gain,Expected information gain,4,41000,4,30,0.58206707239151,1.574608564376831,1.2141275942325591,0.13333333333333333
eccentricity,Eccentricity,Maximum eccentricity,0.03,0.030,0,expected_info_gain,Expected information gain,5,41000,5,30,0.4053031802177429,1.2975600957870483,0.7862198799848553,0.2
eccentricity,Eccentricity,Maximum eccentricity,0.03,0.030,0,expected_info_gain,Expected information gain,6,41000,6,30,0.4683007597923279,1.221875548362732,1.0328015059232702,0.1
eccentricity,Eccentricity,Maximum eccentricity,0.03,0.030,0,expected_info_gain,Expected information gain,7,41000,7,30,0.6667646169662476,3.2685561180114746,1.7360099852085074,0.06666666666666667
eccentricity,Eccentricity,Maximum eccentricity,0.03,0.030,0,expected_info_gain,Expected information gain,8,41000,8,30,0.5405901074409485,1.7891039848327637,1.10391047000885,0.13333333333333333
eccentricity,Eccentricity,Maximum eccentricity,0.03,0.030,0,expected_info_gain,Expected information gain,9,41000,9,30,0.4754280149936676,1.6529940366744995,0.9701684266328808,0.23333333333333334
eccentricity,Eccentricity,Maximum eccentricity,0.03,0.030,0,expected_info_gain,Expected information gain,10,41000,10,30,1.3595945835113525,12.620046615600586,7.645186710357661,0.1
eccentricity,Eccentricity,Maximum eccentricity,0.03,0.030,0,expected_info_gain,Expected information gain,11,41000,11,30,0.6217234134674072,1.9864871501922607,1.1128591746091834,0.1
eccentricity,Eccentricity,Maximum eccentricity,0.03,0.030,0,expected_info_gain,Expected information gain,12,41001,0,30,0.7059485912322998,2.5726253986358643,1.4309470534324642,0.16666666666666666
eccentricity,Eccentricity,Maximum eccentricity,0.03,0.030,0,expected_info_gain,Expected information gain,13,41001,1,30,0.5953191518783569,1.5610554218292236,1.043280804157257,0.06666666666666667
eccentricity,Eccentricity,Maximum eccentricity,0.03,0.030,0,expected_info_gain,Expected information gain,14,41001,2,30,0.6118534207344055,1.3046789169311523,1.099880540370941,0.26666666666666666
eccentricity,Eccentricity,Maximum eccentricity,0.03,0.030,0,expected_info_gain,Expected information gain,15,41001,3,30,0.8515695929527283,4.566380977630615,1.5605868220329275,0.1
eccentricity,Eccentricity,Maximum eccentricity,0.03,0.030,0,expected_info_gain,Expected information gain,16,41001,4,30,0.7859869599342346,3.5611977577209473,2.5295199036598177,0.06666666666666667
eccentricity,Eccentricity,Maximum eccentricity,0.03,0.030,0,expected_info_gain,Expected information gain,17,41001,5,30,0.5780541300773621,1.557800054550171,1.2858690798282622,0.16666666666666666
eccentricity,Eccentricity,Maximum eccentricity,0.03,0.030,0,expected_info_gain,Expected information gain,18,41001,6,30,0.4755130708217621,1.4038755893707275,1.0200426608324045,0.16666666666666666
eccentricity,Eccentricity,Maximum eccentricity,0.03,0.030,0,expected_info_gain,Expected information gain,19,41001,7,30,0.7302331924438477,2.360428810119629,1.8901416182517976,0.1
eccentricity,Eccentricity,Maximum eccentricity,0.03,0.030,0,expected_info_gain,Expected information gain,20,41001,8,30,0.753033459186554,3.283597230911255,2.0191664099693276,0.16666666666666666
eccentricity,Eccentricity,Maximum eccentricity,0.03,0.030,0,expected_info_gain,Expected information gain,21,41001,9,30,3.3403022289276123,38.87715530395508,10.584312486648557,0.16666666666666666
eccentricity,Eccentricity,Maximum eccentricity,0.03,0.030,0,expected_info_gain,Expected information gain,22,41001,10,30,0.4547824561595917,1.3336141109466553,1.146823406219482,0.16666666666666666
eccentricity,Eccentricity,Maximum eccentricity,0.03,0.030,0,expected_info_gain,Expected information gain,23,41001,11,30,0.6655260324478149,2.1449408531188965,1.4322433888912198,0.1
eccentricity,Eccentricity,Maximum eccentricity,0.03,0.030,0,flat_lstm,Flat LSTM,0,41000,0,30,0.8257982134819031,4.634486675262451,2.523950111865995,0.13333333333333333
eccentricity,Eccentricity,Maximum eccentricity,0.03,0.030,0,flat_lstm,Flat LSTM,1,41000,1,30,0.4671458601951599,2.012150287628174,1.3936977982521053,0.26666666666666666
eccentricity,Eccentricity,Maximum eccentricity,0.03,0.030,0,flat_lstm,Flat LSTM,2,41000,2,30,0.869658350944519,4.165741443634033,3.1121820330619783,0.16666666666666666
eccentricity,Eccentricity,Maximum eccentricity,0.03,0.030,0,flat_lstm,Flat LSTM,3,41000,3,30,0.647161602973938,3.1627695560455322,2.093828767538069,0.2
eccentricity,Eccentricity,Maximum eccentricity,0.03,0.030,0,flat_lstm,Flat LSTM,4,41000,4,30,0.6530020833015442,2.6046605110168457,1.810001456737517,0.16666666666666666
eccentricity,Eccentricity,Maximum eccentricity,0.03,0.030,0,flat_lstm,Flat LSTM,5,41000,5,30,0.6759986281394958,3.40474796295166,2.572195279598235,0.23333333333333334
eccentricity,Eccentricity,Maximum eccentricity,0.03,0.030,0,flat_lstm,Flat LSTM,6,41000,6,30,0.6846994161605835,3.383531332015991,2.398833954334259,0.16666666666666666
eccentricity,Eccentricity,Maximum eccentricity,0.03,0.030,0,flat_lstm,Flat LSTM,7,41000,7,30,0.5831972360610962,2.252359390258789,1.831593567132948,0.23333333333333334
eccentricity,Eccentricity,Maximum eccentricity,0.03,0.030,0,flat_lstm,Flat LSTM,8,41000,8,30,1.0522435903549194,6.842764377593994,3.0494786977767943,0.2
eccentricity,Eccentricity,Maximum eccentricity,0.03,0.030,0,flat_lstm,Flat LSTM,9,41000,9,30,0.7001994252204895,3.9546217918395996,1.9140060663223262,0.13333333333333333
eccentricity,Eccentricity,Maximum eccentricity,0.03,0.030,0,flat_lstm,Flat LSTM,10,41000,10,30,0.719294011592865,2.5895872116088867,2.2604728460311874,0.1
eccentricity,Eccentricity,Maximum eccentricity,0.03,0.030,0,flat_lstm,Flat LSTM,11,41000,11,30,0.5804351568222046,1.8278182744979858,1.60034509897232,0.1
eccentricity,Eccentricity,Maximum eccentricity,0.03,0.030,0,flat_lstm,Flat LSTM,12,41001,0,30,0.8832150101661682,3.690504312515259,2.537570858001706,0.16666666666666666
eccentricity,Eccentricity,Maximum eccentricity,0.03,0.030,0,flat_lstm,Flat LSTM,13,41001,1,30,0.902320921421051,4.046021938323975,2.5086002469062794,0.16666666666666666
eccentricity,Eccentricity,Maximum eccentricity,0.03,0.030,0,flat_lstm,Flat LSTM,14,41001,2,30,0.6598162055015564,3.528585910797119,1.9980631351470945,0.2
eccentricity,Eccentricity,Maximum eccentricity,0.03,0.030,0,flat_lstm,Flat LSTM,15,41001,3,30,0.8057963252067566,3.592123508453369,2.668027019500731,0.16666666666666666
eccentricity,Eccentricity,Maximum eccentricity,0.03,0.030,0,flat_lstm,Flat LSTM,16,41001,4,30,0.5924627780914307,1.7558510303497314,1.65831606388092,0.2
eccentricity,Eccentricity,Maximum eccentricity,0.03,0.030,0,flat_lstm,Flat LSTM,17,41001,5,30,0.6300894021987915,3.431281566619873,1.9399597287178034,0.2
eccentricity,Eccentricity,Maximum eccentricity,0.03,0.030,0,flat_lstm,Flat LSTM,18,41001,6,30,0.6987156271934509,3.1625611782073975,2.7260152220726015,0.2
eccentricity,Eccentricity,Maximum eccentricity,0.03,0.030,0,flat_lstm,Flat LSTM,19,41001,7,30,0.8774162530899048,4.45054817199707,3.834579849243161,0.13333333333333333
eccentricity,Eccentricity,Maximum eccentricity,0.03,0.030,0,flat_lstm,Flat LSTM,20,41001,8,30,0.686068594455719,2.177509307861328,1.7615220785140981,0.1
eccentricity,Eccentricity,Maximum eccentricity,0.03,0.030,0,flat_lstm,Flat LSTM,21,41001,9,30,1.0229390859603882,4.5392560958862305,3.643476271629329,0.16666666666666666
eccentricity,Eccentricity,Maximum eccentricity,0.03,0.030,0,flat_lstm,Flat LSTM,22,41001,10,30,0.6706980466842651,4.6958394050598145,2.2584580361843063,0.16666666666666666
eccentricity,Eccentricity,Maximum eccentricity,0.03,0.030,0,flat_lstm,Flat LSTM,23,41001,11,30,0.6963897347450256,3.171123504638672,2.0866947293281553,0.16666666666666666
eccentricity,Eccentricity,Maximum eccentricity,0.03,0.030,0,pointer_lstm,Attention-LSTM pointer,0,41000,0,30,0.4314371943473816,1.5586882829666138,0.8938298553228374,0.16666666666666666
eccentricity,Eccentricity,Maximum eccentricity,0.03,0.030,0,pointer_lstm,Attention-LSTM pointer,1,41000,1,30,0.33023449778556824,0.8588548302650452,0.5905043989419936,0.23333333333333334
eccentricity,Eccentricity,Maximum eccentricity,0.03,0.030,0,pointer_lstm,Attention-LSTM pointer,2,41000,2,30,0.4203447103500366,0.988991916179657,0.8497570037841796,0.23333333333333334
eccentricity,Eccentricity,Maximum eccentricity,0.03,0.030,0,pointer_lstm,Attention-LSTM pointer,3,41000,3,30,0.342680960893631,1.5034096240997314,0.9149853408336636,0.36666666666666664
eccentricity,Eccentricity,Maximum eccentricity,0.03,0.030,0,pointer_lstm,Attention-LSTM pointer,4,41000,4,30,0.3580685555934906,0.9071574211120605,0.7718145757913586,0.2
eccentricity,Eccentricity,Maximum eccentricity,0.03,0.030,0,pointer_lstm,Attention-LSTM pointer,5,41000,5,30,0.4392622411251068,2.155587673187256,1.1081409662961945,0.26666666666666666
eccentricity,Eccentricity,Maximum eccentricity,0.03,0.030,0,pointer_lstm,Attention-LSTM pointer,6,41000,6,30,0.4646100699901581,3.6723759174346924,1.3905821084976169,0.26666666666666666
eccentricity,Eccentricity,Maximum eccentricity,0.03,0.030,0,pointer_lstm,Attention-LSTM pointer,7,41000,7,30,0.4144634008407593,0.8914757370948792,0.8036107718944547,0.13333333333333333
eccentricity,Eccentricity,Maximum eccentricity,0.03,0.030,0,pointer_lstm,Attention-LSTM pointer,8,41000,8,30,0.38687044382095337,1.1743059158325195,0.9023955732583996,0.23333333333333334
eccentricity,Eccentricity,Maximum eccentricity,0.03,0.030,0,pointer_lstm,Attention-LSTM pointer,9,41000,9,30,0.3797854781150818,0.9216045141220093,0.80939964056015,0.23333333333333334
eccentricity,Eccentricity,Maximum eccentricity,0.03,0.030,0,pointer_lstm,Attention-LSTM pointer,10,41000,10,30,0.39744406938552856,1.3599414825439453,0.9953337490558616,0.26666666666666666
eccentricity,Eccentricity,Maximum eccentricity,0.03,0.030,0,pointer_lstm,Attention-LSTM pointer,11,41000,11,30,0.3411603271961212,0.6610692143440247,0.6139411866664884,0.13333333333333333
eccentricity,Eccentricity,Maximum eccentricity,0.03,0.030,0,pointer_lstm,Attention-LSTM pointer,12,41001,0,30,0.4803120195865631,1.7008514404296875,1.208716356754303,0.2
eccentricity,Eccentricity,Maximum eccentricity,0.03,0.030,0,pointer_lstm,Attention-LSTM pointer,13,41001,1,30,0.39803844690322876,0.9836731553077698,0.8056661278009409,0.16666666666666666
eccentricity,Eccentricity,Maximum eccentricity,0.03,0.030,0,pointer_lstm,Attention-LSTM pointer,14,41001,2,30,0.5150231719017029,1.7087109088897705,1.3919652581214903,0.2
eccentricity,Eccentricity,Maximum eccentricity,0.03,0.030,0,pointer_lstm,Attention-LSTM pointer,15,41001,3,30,0.5474363565444946,2.188112497329712,1.4006449103355407,0.16666666666666666
eccentricity,Eccentricity,Maximum eccentricity,0.03,0.030,0,pointer_lstm,Attention-LSTM pointer,16,41001,4,30,0.32151827216148376,1.0391502380371094,0.5179484471678731,0.13333333333333333
eccentricity,Eccentricity,Maximum eccentricity,0.03,0.030,0,pointer_lstm,Attention-LSTM pointer,17,41001,5,30,0.40840914845466614,0.9859654903411865,0.8898251861333847,0.26666666666666666
eccentricity,Eccentricity,Maximum eccentricity,0.03,0.030,0,pointer_lstm,Attention-LSTM pointer,18,41001,6,30,0.296895295381546,1.0190815925598145,0.6076415777206418,0.36666666666666664
eccentricity,Eccentricity,Maximum eccentricity,0.03,0.030,0,pointer_lstm,Attention-LSTM pointer,19,41001,7,30,0.4015890061855316,1.3883633613586426,0.6568442612886428,0.13333333333333333
eccentricity,Eccentricity,Maximum eccentricity,0.03,0.030,0,pointer_lstm,Attention-LSTM pointer,20,41001,8,30,0.4109824299812317,1.43831467628479,0.9710445433855046,0.2
eccentricity,Eccentricity,Maximum eccentricity,0.03,0.030,0,pointer_lstm,Attention-LSTM pointer,21,41001,9,30,0.6277000308036804,2.6180925369262695,1.8867729306221002,0.2
eccentricity,Eccentricity,Maximum eccentricity,0.03,0.030,0,pointer_lstm,Attention-LSTM pointer,22,41001,10,30,0.500591516494751,2.7208073139190674,0.7926767557859419,0.2
eccentricity,Eccentricity,Maximum eccentricity,0.03,0.030,0,pointer_lstm,Attention-LSTM pointer,23,41001,11,30,0.4844118058681488,2.57305645942688,1.176455634832381,0.2
eccentricity,Eccentricity,Maximum eccentricity,0.04,0.040,0,expected_info_gain,Expected information gain,0,41000,0,30,0.6635995507240295,2.362813949584961,1.252198207378387,0.06666666666666667
eccentricity,Eccentricity,Maximum eccentricity,0.04,0.040,0,expected_info_gain,Expected information gain,1,41000,1,30,0.4309275448322296,1.3091074228286743,1.0369746834039677,0.1
eccentricity,Eccentricity,Maximum eccentricity,0.04,0.040,0,expected_info_gain,Expected information gain,2,41000,2,30,1.192171573638916,4.81715202331543,3.3032387018203684,0.13333333333333333
eccentricity,Eccentricity,Maximum eccentricity,0.04,0.040,0,expected_info_gain,Expected information gain,3,41000,3,30,0.5566398501396179,1.6404063701629639,1.4072080075740803,0.1
eccentricity,Eccentricity,Maximum eccentricity,0.04,0.040,0,expected_info_gain,Expected information gain,4,41000,4,30,0.8643349409103394,4.947041988372803,1.9692024767398826,0.13333333333333333
eccentricity,Eccentricity,Maximum eccentricity,0.04,0.040,0,expected_info_gain,Expected information gain,5,41000,5,30,0.471987247467041,1.9002923965454102,1.102906027436255,0.03333333333333333
eccentricity,Eccentricity,Maximum eccentricity,0.04,0.040,0,expected_info_gain,Expected information gain,6,41000,6,30,0.4992717206478119,1.258299708366394,1.2385138273239136,0.1
eccentricity,Eccentricity,Maximum eccentricity,0.04,0.040,0,expected_info_gain,Expected information gain,7,41000,7,30,0.7028449773788452,2.0420114994049072,1.5823638796806334,0.13333333333333333
eccentricity,Eccentricity,Maximum eccentricity,0.04,0.040,0,expected_info_gain,Expected information gain,8,41000,8,30,0.675573468208313,2.294961929321289,1.8767121791839596,0.2
eccentricity,Eccentricity,Maximum eccentricity,0.04,0.040,0,expected_info_gain,Expected information gain,9,41000,9,30,0.414894163608551,1.0490667819976807,0.8771186381578443,0.2
eccentricity,Eccentricity,Maximum eccentricity,0.04,0.040,0,expected_info_gain,Expected information gain,10,41000,10,30,0.7242740988731384,3.96287202835083,2.383469581604001,0.1
eccentricity,Eccentricity,Maximum eccentricity,0.04,0.040,0,expected_info_gain,Expected information gain,11,41000,11,30,0.5186250805854797,1.3400156497955322,1.0081193089485163,0.03333333333333333
eccentricity,Eccentricity,Maximum eccentricity,0.04,0.040,0,expected_info_gain,Expected information gain,12,41001,0,30,0.8290975093841553,2.579739570617676,1.9976374506950352,0.13333333333333333
eccentricity,Eccentricity,Maximum eccentricity,0.04,0.040,0,expected_info_gain,Expected information gain,13,41001,1,30,0.5590627789497375,1.6066532135009766,1.012305840849876,0.06666666666666667
eccentricity,Eccentricity,Maximum eccentricity,0.04,0.040,0,expected_info_gain,Expected information gain,14,41001,2,30,0.6766520142555237,1.6555678844451904,1.5449010789394375,0.13333333333333333
eccentricity,Eccentricity,Maximum eccentricity,0.04,0.040,0,expected_info_gain,Expected information gain,15,41001,3,30,0.9918705224990845,7.0032243728637695,2.2285695433616626,0.1
eccentricity,Eccentricity,Maximum eccentricity,0.04,0.040,0,expected_info_gain,Expected information gain,16,41001,4,30,0.6725333333015442,1.9169825315475464,1.1680899798870086,0.1
eccentricity,Eccentricity,Maximum eccentricity,0.04,0.040,0,expected_info_gain,Expected information gain,17,41001,5,30,0.492442786693573,0.8970307111740112,0.8656405568122864,0.1
eccentricity,Eccentricity,Maximum eccentricity,0.04,0.040,0,expected_info_gain,Expected information gain,18,41001,6,30,0.5841470956802368,1.8606574535369873,1.264412212371826,0.1
eccentricity,Eccentricity,Maximum eccentricity,0.04,0.040,0,expected_info_gain,Expected information gain,19,41001,7,30,0.7400023937225342,1.7400469779968262,1.648461091518402,0.13333333333333333
eccentricity,Eccentricity,Maximum eccentricity,0.04,0.040,0,expected_info_gain,Expected information gain,20,41001,8,30,0.7829628586769104,2.8214685916900635,1.8926540791988349,0.13333333333333333
eccentricity,Eccentricity,Maximum eccentricity,0.04,0.040,0,expected_info_gain,Expected information gain,21,41001,9,30,3.0232505798339844,23.113956451416016,16.483595275878887,0.16666666666666666
eccentricity,Eccentricity,Maximum eccentricity,0.04,0.040,0,expected_info_gain,Expected information gain,22,41001,10,30,0.49670881032943726,1.2008938789367676,1.0253004670143122,0.06666666666666667
eccentricity,Eccentricity,Maximum eccentricity,0.04,0.040,0,expected_info_gain,Expected information gain,23,41001,11,30,0.8205010890960693,3.750074625015259,2.6757971286773663,0.1
eccentricity,Eccentricity,Maximum eccentricity,0.04,0.040,0,flat_lstm,Flat LSTM,0,41000,0,30,0.9286438822746277,7.730436325073242,2.474092245101927,0.1
eccentricity,Eccentricity,Maximum eccentricity,0.04,0.040,0,flat_lstm,Flat LSTM,1,41000,1,30,0.5786917805671692,2.787088394165039,1.4036269247531887,0.2
eccentricity,Eccentricity,Maximum eccentricity,0.04,0.040,0,flat_lstm,Flat LSTM,2,41000,2,30,0.8921934962272644,4.05096960067749,3.320110023021697,0.13333333333333333
eccentricity,Eccentricity,Maximum eccentricity,0.04,0.040,0,flat_lstm,Flat LSTM,3,41000,3,30,0.6247057318687439,3.8076767921447754,2.4118516802787777,0.23333333333333334
eccentricity,Eccentricity,Maximum eccentricity,0.04,0.040,0,flat_lstm,Flat LSTM,4,41000,4,30,0.6578617095947266,1.784021258354187,1.6540017843246457,0.13333333333333333
eccentricity,Eccentricity,Maximum eccentricity,0.04,0.040,0,flat_lstm,Flat LSTM,5,41000,5,30,0.6698071360588074,2.837277412414551,2.3801803886890385,0.16666666666666666
eccentricity,Eccentricity,Maximum eccentricity,0.04,0.040,0,flat_lstm,Flat LSTM,6,41000,6,30,0.5383754968643188,2.030313730239868,1.6956538975238784,0.2
eccentricity,Eccentricity,Maximum eccentricity,0.04,0.040,0,flat_lstm,Flat LSTM,7,41000,7,30,0.6973674893379211,3.036393642425537,1.385469615459442,0.16666666666666666
eccentricity,Eccentricity,Maximum eccentricity,0.04,0.040,0,flat_lstm,Flat LSTM,8,41000,8,30,0.8312963247299194,4.107943058013916,2.075611048936842,0.1
eccentricity,Eccentricity,Maximum eccentricity,0.04,0.040,0,flat_lstm,Flat LSTM,9,41000,9,30,0.5662363171577454,1.8419606685638428,1.412481874227523,0.16666666666666666
eccentricity,Eccentricity,Maximum eccentricity,0.04,0.040,0,flat_lstm,Flat LSTM,10,41000,10,30,0.7604815363883972,3.3100385665893555,1.9685981512069701,0.13333333333333333
eccentricity,Eccentricity,Maximum eccentricity,0.04,0.040,0,flat_lstm,Flat LSTM,11,41000,11,30,0.4917311370372772,1.5283247232437134,1.2749954283237444,0.13333333333333333
eccentricity,Eccentricity,Maximum eccentricity,0.04,0.040,0,flat_lstm,Flat LSTM,12,41001,0,30,0.6234716176986694,1.786816120147705,1.297148025035858,0.13333333333333333
eccentricity,Eccentricity,Maximum eccentricity,0.04,0.040,0,flat_lstm,Flat LSTM,13,41001,1,30,0.9377355575561523,3.2778496742248535,2.574477386474609,0.13333333333333333
eccentricity,Eccentricity,Maximum eccentricity,0.04,0.040,0,flat_lstm,Flat LSTM,14,41001,2,30,0.8445085883140564,3.584796190261841,2.4613713741302483,0.16666666666666666
eccentricity,Eccentricity,Maximum eccentricity,0.04,0.040,0,flat_lstm,Flat LSTM,15,41001,3,30,0.8285995721817017,5.141134262084961,3.2012771844863837,0.23333333333333334
eccentricity,Eccentricity,Maximum eccentricity,0.04,0.040,0,flat_lstm,Flat LSTM,16,41001,4,30,0.5322837829589844,2.183445453643799,1.4340481638908382,0.2
eccentricity,Eccentricity,Maximum eccentricity,0.04,0.040,0,flat_lstm,Flat LSTM,17,41001,5,30,0.5673361420631409,1.5770677328109741,1.4534084439277648,0.26666666666666666
eccentricity,Eccentricity,Maximum eccentricity,0.04,0.040,0,flat_lstm,Flat LSTM,18,41001,6,30,0.6426275968551636,2.9138405323028564,1.9228354930877676,0.16666666666666666
eccentricity,Eccentricity,Maximum eccentricity,0.04,0.040,0,flat_lstm,Flat LSTM,19,41001,7,30,0.9962577819824219,4.485151290893555,2.9703696608543377,0.16666666666666666
eccentricity,Eccentricity,Maximum eccentricity,0.04,0.040,0,flat_lstm,Flat LSTM,20,41001,8,30,0.7218093276023865,4.8178300857543945,2.006906688213347,0.2
eccentricity,Eccentricity,Maximum eccentricity,0.04,0.040,0,flat_lstm,Flat LSTM,21,41001,9,30,2.292327642440796,12.050985336303711,9.499575614929197,0.1
eccentricity,Eccentricity,Maximum eccentricity,0.04,0.040,0,flat_lstm,Flat LSTM,22,41001,10,30,0.6537361741065979,3.1430602073669434,1.7487064123153666,0.2
eccentricity,Eccentricity,Maximum eccentricity,0.04,0.040,0,flat_lstm,Flat LSTM,23,41001,11,30,0.7398657202720642,3.204892635345459,2.0465858697891233,0.2
eccentricity,Eccentricity,Maximum eccentricity,0.04,0.040,0,pointer_lstm,Attention-LSTM pointer,0,41000,0,30,0.6117557287216187,2.3384692668914795,1.582542407512664,0.13333333333333333
eccentricity,Eccentricity,Maximum eccentricity,0.04,0.040,0,pointer_lstm,Attention-LSTM pointer,1,41000,1,30,0.35007840394973755,1.3728245496749878,0.7349516093730926,0.3
eccentricity,Eccentricity,Maximum eccentricity,0.04,0.040,0,pointer_lstm,Attention-LSTM pointer,2,41000,2,30,0.37702879309654236,0.8990363478660583,0.7879087060689925,0.2
eccentricity,Eccentricity,Maximum eccentricity,0.04,0.040,0,pointer_lstm,Attention-LSTM pointer,3,41000,3,30,0.3821130692958832,1.5264991521835327,1.1777260065078723,0.3333333333333333
eccentricity,Eccentricity,Maximum eccentricity,0.04,0.040,0,pointer_lstm,Attention-LSTM pointer,4,41000,4,30,0.5021587014198303,2.271894693374634,1.8015259981155372,0.16666666666666666
eccentricity,Eccentricity,Maximum eccentricity,0.04,0.040,0,pointer_lstm,Attention-LSTM pointer,5,41000,5,30,0.27000877261161804,0.6730314493179321,0.4800562381744383,0.3333333333333333
eccentricity,Eccentricity,Maximum eccentricity,0.04,0.040,0,pointer_lstm,Attention-LSTM pointer,6,41000,6,30,0.39542993903160095,3.0989303588867188,0.6609637171030043,0.3
eccentricity,Eccentricity,Maximum eccentricity,0.04,0.040,0,pointer_lstm,Attention-LSTM pointer,7,41000,7,30,0.41941317915916443,1.3290783166885376,0.8213132202625271,0.16666666666666666
eccentricity,Eccentricity,Maximum eccentricity,0.04,0.040,0,pointer_lstm,Attention-LSTM pointer,8,41000,8,30,0.35326412320137024,0.929972767829895,0.7088774532079694,0.26666666666666666
eccentricity,Eccentricity,Maximum eccentricity,0.04,0.040,0,pointer_lstm,Attention-LSTM pointer,9,41000,9,30,0.41115838289260864,1.0650172233581543,0.9716138780117031,0.2
eccentricity,Eccentricity,Maximum eccentricity,0.04,0.040,0,pointer_lstm,Attention-LSTM pointer,10,41000,10,30,0.3723732829093933,1.0877952575683594,0.8378726243972777,0.2
eccentricity,Eccentricity,Maximum eccentricity,0.04,0.040,0,pointer_lstm,Attention-LSTM pointer,11,41000,11,30,0.31975656747817993,0.9192813634872437,0.5518745675683018,0.16666666666666666
eccentricity,Eccentricity,Maximum eccentricity,0.04,0.040,0,pointer_lstm,Attention-LSTM pointer,12,41001,0,30,0.5042963027954102,1.7584233283996582,1.3103046923875792,0.2
eccentricity,Eccentricity,Maximum eccentricity,0.04,0.040,0,pointer_lstm,Attention-LSTM pointer,13,41001,1,30,0.4856252670288086,1.631968379020691,1.153140461444854,0.13333333333333333
eccentricity,Eccentricity,Maximum eccentricity,0.04,0.040,0,pointer_lstm,Attention-LSTM pointer,14,41001,2,30,0.4575730264186859,1.7078189849853516,1.0304456710815424,0.2
eccentricity,Eccentricity,Maximum eccentricity,0.04,0.040,0,pointer_lstm,Attention-LSTM pointer,15,41001,3,30,0.4118972420692444,0.9359390735626221,0.8691600024700162,0.16666666666666666
eccentricity,Eccentricity,Maximum eccentricity,0.04,0.040,0,pointer_lstm,Attention-LSTM pointer,16,41001,4,30,0.3198322355747223,0.9880227446556091,0.48880545049905777,0.13333333333333333
eccentricity,Eccentricity,Maximum eccentricity,0.04,0.040,0,pointer_lstm,Attention-LSTM pointer,17,41001,5,30,0.4067375957965851,0.9437518119812012,0.860629254579544,0.23333333333333334
eccentricity,Eccentricity,Maximum eccentricity,0.04,0.040,0,pointer_lstm,Attention-LSTM pointer,18,41001,6,30,0.35074886679649353,1.2658413648605347,0.9053054690361009,0.3
eccentricity,Eccentricity,Maximum eccentricity,0.04,0.040,0,pointer_lstm,Attention-LSTM pointer,19,41001,7,30,0.37941208481788635,1.414099931716919,0.6814355313777921,0.16666666666666666
eccentricity,Eccentricity,Maximum eccentricity,0.04,0.040,0,pointer_lstm,Attention-LSTM pointer,20,41001,8,30,0.39723214507102966,1.4556632041931152,0.8976209789514539,0.23333333333333334
eccentricity,Eccentricity,Maximum eccentricity,0.04,0.040,0,pointer_lstm,Attention-LSTM pointer,21,41001,9,30,0.4788110852241516,1.683046579360962,1.167861169576644,0.23333333333333334
eccentricity,Eccentricity,Maximum eccentricity,0.04,0.040,0,pointer_lstm,Attention-LSTM pointer,22,41001,10,30,0.4023878872394562,0.8804000616073608,0.7721239328384398,0.13333333333333333
eccentricity,Eccentricity,Maximum eccentricity,0.04,0.040,0,pointer_lstm,Attention-LSTM pointer,23,41001,11,30,0.5030179619789124,2.2549843788146973,1.4018656253814676,0.16666666666666666
eccentricity,Eccentricity,Maximum eccentricity,0.05,0.050,0,expected_info_gain,Expected information gain,0,41000,0,30,0.7546029686927795,1.9400933980941772,1.726602739095687,0.0
eccentricity,Eccentricity,Maximum eccentricity,0.05,0.050,0,expected_info_gain,Expected information gain,1,41000,1,30,0.4638449549674988,1.5134559869766235,1.2048182100057583,0.1
eccentricity,Eccentricity,Maximum eccentricity,0.05,0.050,0,expected_info_gain,Expected information gain,2,41000,2,30,0.9245981574058533,2.456677198410034,2.2972460150718685,0.13333333333333333
eccentricity,Eccentricity,Maximum eccentricity,0.05,0.050,0,expected_info_gain,Expected information gain,3,41000,3,30,0.889672040939331,3.822305679321289,2.777344322204588,0.16666666666666666
eccentricity,Eccentricity,Maximum eccentricity,0.05,0.050,0,expected_info_gain,Expected information gain,4,41000,4,30,0.7262877225875854,2.4044275283813477,1.907986766099929,0.13333333333333333
eccentricity,Eccentricity,Maximum eccentricity,0.05,0.050,0,expected_info_gain,Expected information gain,5,41000,5,30,0.6205398440361023,2.2545554637908936,1.9401386380195615,0.2
eccentricity,Eccentricity,Maximum eccentricity,0.05,0.050,0,expected_info_gain,Expected information gain,6,41000,6,30,0.4897609353065491,1.3452398777008057,1.248446810245514,0.1
eccentricity,Eccentricity,Maximum eccentricity,0.05,0.050,0,expected_info_gain,Expected information gain,7,41000,7,30,0.7513856291770935,2.9919562339782715,1.9754670381546011,0.1
eccentricity,Eccentricity,Maximum eccentricity,0.05,0.050,0,expected_info_gain,Expected information gain,8,41000,8,30,0.6755940914154053,2.559872627258301,1.6020544350147232,0.13333333333333333
eccentricity,Eccentricity,Maximum eccentricity,0.05,0.050,0,expected_info_gain,Expected information gain,9,41000,9,30,0.5387850403785706,1.5737783908843994,1.2761571764945983,0.23333333333333334
eccentricity,Eccentricity,Maximum eccentricity,0.05,0.050,0,expected_info_gain,Expected information gain,10,41000,10,30,1.4807687997817993,10.993799209594727,7.7932784795760925,0.1
eccentricity,Eccentricity,Maximum eccentricity,0.05,0.050,0,expected_info_gain,Expected information gain,11,41000,11,30,0.5279833078384399,1.0595037937164307,0.981355509161949,0.13333333333333333
eccentricity,Eccentricity,Maximum eccentricity,0.05,0.050,0,expected_info_gain,Expected information gain,12,41001,0,30,0.7802527546882629,2.0567409992218018,1.9075892984867093,0.16666666666666666
eccentricity,Eccentricity,Maximum eccentricity,0.05,0.050,0,expected_info_gain,Expected information gain,13,41001,1,30,0.6097711324691772,2.328775405883789,1.1380536496639246,0.06666666666666667
eccentricity,Eccentricity,Maximum eccentricity,0.05,0.050,0,expected_info_gain,Expected information gain,14,41001,2,30,0.5403431057929993,1.1626720428466797,1.020729392766952,0.16666666666666666
eccentricity,Eccentricity,Maximum eccentricity,0.05,0.050,0,expected_info_gain,Expected information gain,15,41001,3,30,0.784075915813446,1.8783115148544312,1.6350323915481564,0.1
eccentricity,Eccentricity,Maximum eccentricity,0.05,0.050,0,expected_info_gain,Expected information gain,16,41001,4,30,0.7445005774497986,2.14591383934021,1.9753825902938842,0.13333333333333333
eccentricity,Eccentricity,Maximum eccentricity,0.05,0.050,0,expected_info_gain,Expected information gain,17,41001,5,30,0.5623301267623901,1.300258994102478,1.1137515991926186,0.16666666666666666
eccentricity,Eccentricity,Maximum eccentricity,0.05,0.050,0,expected_info_gain,Expected information gain,18,41001,6,30,0.6696860790252686,1.9383807182312012,1.7413657248020167,0.13333333333333333
eccentricity,Eccentricity,Maximum eccentricity,0.05,0.050,0,expected_info_gain,Expected information gain,19,41001,7,30,0.6353779435157776,1.9730322360992432,1.495667845010757,0.1
eccentricity,Eccentricity,Maximum eccentricity,0.05,0.050,0,expected_info_gain,Expected information gain,20,41001,8,30,0.8112320303916931,2.381474018096924,2.043321323394774,0.2
eccentricity,Eccentricity,Maximum eccentricity,0.05,0.050,0,expected_info_gain,Expected information gain,21,41001,9,30,1.9889178276062012,12.837655067443848,9.060924339294417,0.16666666666666666
eccentricity,Eccentricity,Maximum eccentricity,0.05,0.050,0,expected_info_gain,Expected information gain,22,41001,10,30,0.5106187462806702,1.7538682222366333,0.9913814604282379,0.06666666666666667
eccentricity,Eccentricity,Maximum eccentricity,0.05,0.050,0,expected_info_gain,Expected information gain,23,41001,11,30,0.6135056614875793,2.0705008506774902,1.3660853683948515,0.2
eccentricity,Eccentricity,Maximum eccentricity,0.05,0.050,0,flat_lstm,Flat LSTM,0,41000,0,30,1.3280138969421387,8.458346366882324,3.9128676414489716,0.1
eccentricity,Eccentricity,Maximum eccentricity,0.05,0.050,0,flat_lstm,Flat LSTM,1,41000,1,30,0.48931950330734253,1.9713234901428223,1.4566961050033556,0.1
eccentricity,Eccentricity,Maximum eccentricity,0.05,0.050,0,flat_lstm,Flat LSTM,2,41000,2,30,0.7475006580352783,3.755955219268799,2.44244998693466,0.13333333333333333
eccentricity,Eccentricity,Maximum eccentricity,0.05,0.050,0,flat_lstm,Flat LSTM,3,41000,3,30,0.7659565210342407,3.546530246734619,2.1391478538513167,0.13333333333333333
eccentricity,Eccentricity,Maximum eccentricity,0.05,0.050,0,flat_lstm,Flat LSTM,4,41000,4,30,0.807620644569397,2.7752246856689453,2.283565831184387,0.1
eccentricity,Eccentricity,Maximum eccentricity,0.05,0.050,0,flat_lstm,Flat LSTM,5,41000,5,30,0.542271614074707,2.2689199447631836,1.7666777908802012,0.16666666666666666
eccentricity,Eccentricity,Maximum eccentricity,0.05,0.050,0,flat_lstm,Flat LSTM,6,41000,6,30,0.5658763647079468,1.9219722747802734,1.6396097421646112,0.1
eccentricity,Eccentricity,Maximum eccentricity,0.05,0.050,0,flat_lstm,Flat LSTM,7,41000,7,30,0.7331470251083374,5.4893622398376465,1.4467144489288326,0.16666666666666666
eccentricity,Eccentricity,Maximum eccentricity,0.05,0.050,0,flat_lstm,Flat LSTM,8,41000,8,30,1.0184757709503174,10.047905921936035,2.9484076261520364,0.16666666666666666
eccentricity,Eccentricity,Maximum eccentricity,0.05,0.050,0,flat_lstm,Flat LSTM,9,41000,9,30,0.8429980874061584,3.3966636657714844,3.154272460937499,0.13333333333333333
eccentricity,Eccentricity,Maximum eccentricity,0.05,0.050,0,flat_lstm,Flat LSTM,10,41000,10,30,0.5713527798652649,1.4972333908081055,1.187992453575134,0.16666666666666666
eccentricity,Eccentricity,Maximum eccentricity,0.05,0.050,0,flat_lstm,Flat LSTM,11,41000,11,30,0.5818703174591064,2.644179344177246,1.393416547775268,0.06666666666666667
eccentricity,Eccentricity,Maximum eccentricity,0.05,0.050,0,flat_lstm,Flat LSTM,12,41001,0,30,0.7579081058502197,2.6771678924560547,2.092368292808531,0.2
eccentricity,Eccentricity,Maximum eccentricity,0.05,0.050,0,flat_lstm,Flat LSTM,13,41001,1,30,0.8917847275733948,3.6602203845977783,2.9680331707000716,0.1
eccentricity,Eccentricity,Maximum eccentricity,0.05,0.050,0,flat_lstm,Flat LSTM,14,41001,2,30,0.8112499117851257,2.782090425491333,2.3155580759048457,0.23333333333333334
eccentricity,Eccentricity,Maximum eccentricity,0.05,0.050,0,flat_lstm,Flat LSTM,15,41001,3,30,0.7371271848678589,3.012101173400879,2.238694077730177,0.23333333333333334
eccentricity,Eccentricity,Maximum eccentricity,0.05,0.050,0,flat_lstm,Flat LSTM,16,41001,4,30,0.5973578095436096,2.904984951019287,1.6421094834804528,0.23333333333333334
eccentricity,Eccentricity,Maximum eccentricity,0.05,0.050,0,flat_lstm,Flat LSTM,17,41001,5,30,0.5640100836753845,2.748971939086914,1.4875271141529083,0.16666666666666666
eccentricity,Eccentricity,Maximum eccentricity,0.05,0.050,0,flat_lstm,Flat LSTM,18,41001,6,30,0.897596001625061,4.181998252868652,3.419039916992184,0.16666666666666666
eccentricity,Eccentricity,Maximum eccentricity,0.05,0.050,0,flat_lstm,Flat LSTM,19,41001,7,30,0.6227105855941772,2.227613925933838,1.9722946047782886,0.16666666666666666
eccentricity,Eccentricity,Maximum eccentricity,0.05,0.050,0,flat_lstm,Flat LSTM,20,41001,8,30,0.8605757355690002,5.335104942321777,2.580825638771052,0.13333333333333333
eccentricity,Eccentricity,Maximum eccentricity,0.05,0.050,0,flat_lstm,Flat LSTM,21,41001,9,30,0.8867467045783997,4.061897277832031,2.117200112342834,0.23333333333333334
eccentricity,Eccentricity,Maximum eccentricity,0.05,0.050,0,flat_lstm,Flat LSTM,22,41001,10,30,0.5869823694229126,1.8954083919525146,1.282543724775314,0.16666666666666666
eccentricity,Eccentricity,Maximum eccentricity,0.05,0.050,0,flat_lstm,Flat LSTM,23,41001,11,30,0.6382209658622742,3.175959348678589,1.562774002552032,0.23333333333333334
eccentricity,Eccentricity,Maximum eccentricity,0.05,0.050,0,pointer_lstm,Attention-LSTM pointer,0,41000,0,30,1.9048858880996704,42.62260437011719,1.396983194351194,0.13333333333333333
eccentricity,Eccentricity,Maximum eccentricity,0.05,0.050,0,pointer_lstm,Attention-LSTM pointer,1,41000,1,30,0.4184233844280243,1.288733720779419,1.0477267026901234,0.13333333333333333
eccentricity,Eccentricity,Maximum eccentricity,0.05,0.050,0,pointer_lstm,Attention-LSTM pointer,2,41000,2,30,0.3745807111263275,0.9109219908714294,0.7894603073596952,0.23333333333333334
eccentricity,Eccentricity,Maximum eccentricity,0.05,0.050,0,pointer_lstm,Attention-LSTM pointer,3,41000,3,30,0.3589078485965729,1.5415420532226562,1.178009572625159,0.4
eccentricity,Eccentricity,Maximum eccentricity,0.05,0.050,0,pointer_lstm,Attention-LSTM pointer,4,41000,4,30,0.410390704870224,1.0712335109710693,0.8018460154533383,0.16666666666666666
eccentricity,Eccentricity,Maximum eccentricity,0.05,0.050,0,pointer_lstm,Attention-LSTM pointer,5,41000,5,30,0.3108736574649811,0.981927216053009,0.6230467349290842,0.26666666666666666
eccentricity,Eccentricity,Maximum eccentricity,0.05,0.050,0,pointer_lstm,Attention-LSTM pointer,6,41000,6,30,0.3295171856880188,0.9781640768051147,0.5715396195650099,0.23333333333333334
eccentricity,Eccentricity,Maximum eccentricity,0.05,0.050,0,pointer_lstm,Attention-LSTM pointer,7,41000,7,30,0.4244384765625,1.2568615674972534,0.85611455142498,0.13333333333333333
eccentricity,Eccentricity,Maximum eccentricity,0.05,0.050,0,pointer_lstm,Attention-LSTM pointer,8,41000,8,30,0.3516656458377838,0.9115129113197327,0.7317293733358379,0.23333333333333334
eccentricity,Eccentricity,Maximum eccentricity,0.05,0.050,0,pointer_lstm,Attention-LSTM pointer,9,41000,9,30,0.4167705774307251,1.2112641334533691,0.8141528487205503,0.23333333333333334
eccentricity,Eccentricity,Maximum eccentricity,0.05,0.050,0,pointer_lstm,Attention-LSTM pointer,10,41000,10,30,0.4546784460544586,1.789181113243103,1.1989085137844082,0.26666666666666666
eccentricity,Eccentricity,Maximum eccentricity,0.05,0.050,0,pointer_lstm,Attention-LSTM pointer,11,41000,11,30,0.35338667035102844,1.0999611616134644,0.7645268797874438,0.16666666666666666
eccentricity,Eccentricity,Maximum eccentricity,0.05,0.050,0,pointer_lstm,Attention-LSTM pointer,12,41001,0,30,0.37137508392333984,1.0153088569641113,0.8316656231880185,0.23333333333333334
eccentricity,Eccentricity,Maximum eccentricity,0.05,0.050,0,pointer_lstm,Attention-LSTM pointer,13,41001,1,30,0.5090028047561646,1.1006582975387573,0.9566929936408997,0.1
eccentricity,Eccentricity,Maximum eccentricity,0.05,0.050,0,pointer_lstm,Attention-LSTM pointer,14,41001,2,30,0.4233703017234802,1.379729151725769,0.7008743464946746,0.2
eccentricity,Eccentricity,Maximum eccentricity,0.05,0.050,0,pointer_lstm,Attention-LSTM pointer,15,41001,3,30,0.8119249939918518,8.23216438293457,2.459793353080743,0.2
eccentricity,Eccentricity,Maximum eccentricity,0.05,0.050,0,pointer_lstm,Attention-LSTM pointer,16,41001,4,30,0.31679433584213257,0.5338722467422485,0.5132558822631835,0.2
eccentricity,Eccentricity,Maximum eccentricity,0.05,0.050,0,pointer_lstm,Attention-LSTM pointer,17,41001,5,30,0.38434311747550964,1.0024080276489258,0.7726679325103758,0.23333333333333334
eccentricity,Eccentricity,Maximum eccentricity,0.05,0.050,0,pointer_lstm,Attention-LSTM pointer,18,41001,6,30,0.3575052320957184,1.2106822729110718,0.7782145202159878,0.26666666666666666
eccentricity,Eccentricity,Maximum eccentricity,0.05,0.050,0,pointer_lstm,Attention-LSTM pointer,19,41001,7,30,0.3991738259792328,1.3671398162841797,0.8369956851005549,0.2
eccentricity,Eccentricity,Maximum eccentricity,0.05,0.050,0,pointer_lstm,Attention-LSTM pointer,20,41001,8,30,0.40240079164505005,1.461459994316101,0.8742765843868251,0.2
eccentricity,Eccentricity,Maximum eccentricity,0.05,0.050,0,pointer_lstm,Attention-LSTM pointer,21,41001,9,30,0.4876211881637573,2.556305170059204,1.2252630412578576,0.26666666666666666
eccentricity,Eccentricity,Maximum eccentricity,0.05,0.050,0,pointer_lstm,Attention-LSTM pointer,22,41001,10,30,0.401972234249115,1.1546076536178589,0.7089422285556792,0.1
eccentricity,Eccentricity,Maximum eccentricity,0.05,0.050,0,pointer_lstm,Attention-LSTM pointer,23,41001,11,30,0.476620614528656,1.7335847616195679,1.0273075938224792,0.2
sensor_degradation,Sensor degradation,Degradation severity (%),0.0,0,1,expected_info_gain,Expected information gain,0,41000,0,30,0.88933265209198,2.8182387351989746,2.5746898293495173,0.06666666666666667
sensor_degradation,Sensor degradation,Degradation severity (%),0.0,0,1,expected_info_gain,Expected information gain,1,41000,1,30,0.4364413917064667,0.9071905612945557,0.8825337797403334,0.03333333333333333
sensor_degradation,Sensor degradation,Degradation severity (%),0.0,0,1,expected_info_gain,Expected information gain,2,41000,2,30,3.388972520828247,42.18659210205078,17.672280502319268,0.13333333333333333
sensor_degradation,Sensor degradation,Degradation severity (%),0.0,0,1,expected_info_gain,Expected information gain,3,41000,3,30,0.6651638150215149,2.4598774909973145,1.957763087749479,0.2
sensor_degradation,Sensor degradation,Degradation severity (%),0.0,0,1,expected_info_gain,Expected information gain,4,41000,4,30,0.7778584957122803,2.090914487838745,1.8680544435977924,0.06666666666666667
sensor_degradation,Sensor degradation,Degradation severity (%),0.0,0,1,expected_info_gain,Expected information gain,5,41000,5,30,0.6013795137405396,3.0197882652282715,1.3968838155269596,0.1
sensor_degradation,Sensor degradation,Degradation severity (%),0.0,0,1,expected_info_gain,Expected information gain,6,41000,6,30,0.5012767910957336,1.2260682582855225,1.1372012794017787,0.16666666666666666
sensor_degradation,Sensor degradation,Degradation severity (%),0.0,0,1,expected_info_gain,Expected information gain,7,41000,7,30,0.627172589302063,2.7701022624969482,1.131330984830856,0.16666666666666666
sensor_degradation,Sensor degradation,Degradation severity (%),0.0,0,1,expected_info_gain,Expected information gain,8,41000,8,30,0.5038450360298157,0.9940693378448486,0.9326257556676862,0.13333333333333333
sensor_degradation,Sensor degradation,Degradation severity (%),0.0,0,1,expected_info_gain,Expected information gain,9,41000,9,30,0.4691925644874573,1.9379180669784546,1.0185003280639646,0.23333333333333334
sensor_degradation,Sensor degradation,Degradation severity (%),0.0,0,1,expected_info_gain,Expected information gain,10,41000,10,30,0.5276930928230286,1.3533055782318115,1.2393265902996056,0.13333333333333333
sensor_degradation,Sensor degradation,Degradation severity (%),0.0,0,1,expected_info_gain,Expected information gain,11,41000,11,30,0.5357144474983215,1.0502103567123413,0.8856424063444137,0.06666666666666667
sensor_degradation,Sensor degradation,Degradation severity (%),0.0,0,1,expected_info_gain,Expected information gain,12,41001,0,30,0.7072227001190186,1.4592335224151611,1.386705762147903,0.2
sensor_degradation,Sensor degradation,Degradation severity (%),0.0,0,1,expected_info_gain,Expected information gain,13,41001,1,30,0.833732008934021,3.914825916290283,2.81807652711868,0.16666666666666666
sensor_degradation,Sensor degradation,Degradation severity (%),0.0,0,1,expected_info_gain,Expected information gain,14,41001,2,30,0.604419469833374,1.3315902948379517,1.2281229019165039,0.06666666666666667
sensor_degradation,Sensor degradation,Degradation severity (%),0.0,0,1,expected_info_gain,Expected information gain,15,41001,3,30,1.0484193563461304,4.195164680480957,2.5826500535011268,0.1
sensor_degradation,Sensor degradation,Degradation severity (%),0.0,0,1,expected_info_gain,Expected information gain,16,41001,4,30,0.7000675797462463,4.064257621765137,1.404124402999877,0.06666666666666667
sensor_degradation,Sensor degradation,Degradation severity (%),0.0,0,1,expected_info_gain,Expected information gain,17,41001,5,30,0.5484256744384766,1.7157927751541138,1.2823491394519795,0.23333333333333334
sensor_degradation,Sensor degradation,Degradation severity (%),0.0,0,1,expected_info_gain,Expected information gain,18,41001,6,30,1.642101764678955,14.227099418640137,6.699669337272642,0.06666666666666667
sensor_degradation,Sensor degradation,Degradation severity (%),0.0,0,1,expected_info_gain,Expected information gain,19,41001,7,30,0.6591709852218628,2.061505079269409,1.5758298277854914,0.13333333333333333
sensor_degradation,Sensor degradation,Degradation severity (%),0.0,0,1,expected_info_gain,Expected information gain,20,41001,8,30,0.5894886255264282,1.491870403289795,1.1051654040813441,0.16666666666666666
sensor_degradation,Sensor degradation,Degradation severity (%),0.0,0,1,expected_info_gain,Expected information gain,21,41001,9,30,2.9468753337860107,41.19865798950195,6.3975422143936145,0.2
sensor_degradation,Sensor degradation,Degradation severity (%),0.0,0,1,expected_info_gain,Expected information gain,22,41001,10,30,0.5739468932151794,2.10353684425354,1.260304546356201,0.06666666666666667
sensor_degradation,Sensor degradation,Degradation severity (%),0.0,0,1,expected_info_gain,Expected information gain,23,41001,11,30,0.6473436951637268,1.8137253522872925,1.7733720600605012,0.1
sensor_degradation,Sensor degradation,Degradation severity (%),0.0,0,1,flat_lstm,Flat LSTM,0,41000,0,30,1.5591681003570557,10.863590240478516,5.481977653503416,0.1
sensor_degradation,Sensor degradation,Degradation severity (%),0.0,0,1,flat_lstm,Flat LSTM,1,41000,1,30,0.6076990365982056,2.7040247917175293,1.8901262938976258,0.13333333333333333
sensor_degradation,Sensor degradation,Degradation severity (%),0.0,0,1,flat_lstm,Flat LSTM,2,41000,2,30,1.0475397109985352,3.84989333152771,3.0553035259246815,0.13333333333333333
sensor_degradation,Sensor degradation,Degradation severity (%),0.0,0,1,flat_lstm,Flat LSTM,3,41000,3,30,0.6828124523162842,2.2376842498779297,1.9808942735195152,0.23333333333333334
sensor_degradation,Sensor degradation,Degradation severity (%),0.0,0,1,flat_lstm,Flat LSTM,4,41000,4,30,0.7596394419670105,2.5200932025909424,1.9270347774028775,0.1
sensor_degradation,Sensor degradation,Degradation severity (%),0.0,0,1,flat_lstm,Flat LSTM,5,41000,5,30,0.7018646001815796,2.0357909202575684,1.93680585026741,0.1
sensor_degradation,Sensor degradation,Degradation severity (%),0.0,0,1,flat_lstm,Flat LSTM,6,41000,6,30,0.7624981999397278,4.247733116149902,2.0520945310592635,0.2
sensor_degradation,Sensor degradation,Degradation severity (%),0.0,0,1,flat_lstm,Flat LSTM,7,41000,7,30,0.6589504480361938,2.152179002761841,1.9533274114131924,0.13333333333333333
sensor_degradation,Sensor degradation,Degradation severity (%),0.0,0,1,flat_lstm,Flat LSTM,8,41000,8,30,0.7553113102912903,2.7540504932403564,2.263793945312499,0.13333333333333333
sensor_degradation,Sensor degradation,Degradation severity (%),0.0,0,1,flat_lstm,Flat LSTM,9,41000,9,30,0.636222779750824,3.609217643737793,2.1316152691841097,0.23333333333333334
sensor_degradation,Sensor degradation,Degradation severity (%),0.0,0,1,flat_lstm,Flat LSTM,10,41000,10,30,1.3979185819625854,10.114509582519531,5.837766098976118,0.13333333333333333
sensor_degradation,Sensor degradation,Degradation severity (%),0.0,0,1,flat_lstm,Flat LSTM,11,41000,11,30,0.45983824133872986,1.8292917013168335,1.2871246933937062,0.23333333333333334
sensor_degradation,Sensor degradation,Degradation severity (%),0.0,0,1,flat_lstm,Flat LSTM,12,41001,0,30,0.912102460861206,3.004215717315674,2.573337233066558,0.16666666666666666
sensor_degradation,Sensor degradation,Degradation severity (%),0.0,0,1,flat_lstm,Flat LSTM,13,41001,1,30,0.882773220539093,3.201726198196411,2.6365779042243935,0.13333333333333333
sensor_degradation,Sensor degradation,Degradation severity (%),0.0,0,1,flat_lstm,Flat LSTM,14,41001,2,30,0.8709851503372192,4.027813911437988,2.891664838790887,0.06666666666666667
sensor_degradation,Sensor degradation,Degradation severity (%),0.0,0,1,flat_lstm,Flat LSTM,15,41001,3,30,0.8792780041694641,5.41661262512207,2.5612649679183948,0.16666666666666666
sensor_degradation,Sensor degradation,Degradation severity (%),0.0,0,1,flat_lstm,Flat LSTM,16,41001,4,30,0.7454552054405212,3.380619525909424,2.192505526542663,0.2
sensor_degradation,Sensor degradation,Degradation severity (%),0.0,0,1,flat_lstm,Flat LSTM,17,41001,5,30,0.688373327255249,2.2856709957122803,1.9849045932292937,0.2
sensor_degradation,Sensor degradation,Degradation severity (%),0.0,0,1,flat_lstm,Flat LSTM,18,41001,6,30,0.6883108615875244,2.744328022003174,2.532711946964264,0.2
sensor_degradation,Sensor degradation,Degradation severity (%),0.0,0,1,flat_lstm,Flat LSTM,19,41001,7,30,0.8131343126296997,4.575910568237305,2.7354378104209878,0.13333333333333333
sensor_degradation,Sensor degradation,Degradation severity (%),0.0,0,1,flat_lstm,Flat LSTM,20,41001,8,30,0.595333456993103,3.1928749084472656,1.4463220417499538,0.13333333333333333
sensor_degradation,Sensor degradation,Degradation severity (%),0.0,0,1,flat_lstm,Flat LSTM,21,41001,9,30,0.7123822569847107,3.149289846420288,2.5504507780075047,0.13333333333333333
sensor_degradation,Sensor degradation,Degradation severity (%),0.0,0,1,flat_lstm,Flat LSTM,22,41001,10,30,0.5165109634399414,1.8990838527679443,1.3360384702682486,0.16666666666666666
sensor_degradation,Sensor degradation,Degradation severity (%),0.0,0,1,flat_lstm,Flat LSTM,23,41001,11,30,0.6315031051635742,3.5186798572540283,1.5845452904701232,0.13333333333333333
sensor_degradation,Sensor degradation,Degradation severity (%),0.0,0,1,pointer_lstm,Attention-LSTM pointer,0,41000,0,30,0.5745923519134521,2.6904773712158203,1.7631370663642847,0.16666666666666666
sensor_degradation,Sensor degradation,Degradation severity (%),0.0,0,1,pointer_lstm,Attention-LSTM pointer,1,41000,1,30,0.42686188220977783,1.2532575130462646,0.953091350197791,0.13333333333333333
sensor_degradation,Sensor degradation,Degradation severity (%),0.0,0,1,pointer_lstm,Attention-LSTM pointer,2,41000,2,30,0.4754529893398285,2.599048137664795,1.0193147659301756,0.23333333333333334
sensor_degradation,Sensor degradation,Degradation severity (%),0.0,0,1,pointer_lstm,Attention-LSTM pointer,3,41000,3,30,0.4328922629356384,2.222836971282959,1.2719942390918721,0.26666666666666666
sensor_degradation,Sensor degradation,Degradation severity (%),0.0,0,1,pointer_lstm,Attention-LSTM pointer,4,41000,4,30,0.40217331051826477,1.514832615852356,0.8164203137159339,0.1
sensor_degradation,Sensor degradation,Degradation severity (%),0.0,0,1,pointer_lstm,Attention-LSTM pointer,5,41000,5,30,0.2788352370262146,0.6167962551116943,0.5083265632390974,0.36666666666666664
sensor_degradation,Sensor degradation,Degradation severity (%),0.0,0,1,pointer_lstm,Attention-LSTM pointer,6,41000,6,30,0.3811430037021637,1.9601657390594482,0.8175405442714686,0.26666666666666666
sensor_degradation,Sensor degradation,Degradation severity (%),0.0,0,1,pointer_lstm,Attention-LSTM pointer,7,41000,7,30,0.4220600426197052,1.236633539199829,0.8988598406314848,0.2
sensor_degradation,Sensor degradation,Degradation severity (%),0.0,0,1,pointer_lstm,Attention-LSTM pointer,8,41000,8,30,0.4088744819164276,1.3546098470687866,1.1221335023641577,0.23333333333333334
sensor_degradation,Sensor degradation,Degradation severity (%),0.0,0,1,pointer_lstm,Attention-LSTM pointer,9,41000,9,30,0.35560116171836853,0.9167998433113098,0.7388087689876555,0.3333333333333333
sensor_degradation,Sensor degradation,Degradation severity (%),0.0,0,1,pointer_lstm,Attention-LSTM pointer,10,41000,10,30,0.4688921570777893,1.0504677295684814,0.98805376291275,0.16666666666666666
sensor_degradation,Sensor degradation,Degradation severity (%),0.0,0,1,pointer_lstm,Attention-LSTM pointer,11,41000,11,30,0.31141892075538635,0.6049116849899292,0.5776414960622787,0.23333333333333334
sensor_degradation,Sensor degradation,Degradation severity (%),0.0,0,1,pointer_lstm,Attention-LSTM pointer,12,41001,0,30,0.4326367974281311,1.489823579788208,1.3065423488616932,0.2
sensor_degradation,Sensor degradation,Degradation severity (%),0.0,0,1,pointer_lstm,Attention-LSTM pointer,13,41001,1,30,0.4140162467956543,1.0364046096801758,0.8722803473472592,0.13333333333333333
sensor_degradation,Sensor degradation,Degradation severity (%),0.0,0,1,pointer_lstm,Attention-LSTM pointer,14,41001,2,30,0.3775832951068878,0.8654903769493103,0.7364336997270583,0.26666666666666666
sensor_degradation,Sensor degradation,Degradation severity (%),0.0,0,1,pointer_lstm,Attention-LSTM pointer,15,41001,3,30,0.5283119082450867,2.975306272506714,1.3293003559112546,0.16666666666666666
sensor_degradation,Sensor degradation,Degradation severity (%),0.0,0,1,pointer_lstm,Attention-LSTM pointer,16,41001,4,30,0.2961934804916382,0.5278434157371521,0.48502267301082597,0.16666666666666666
sensor_degradation,Sensor degradation,Degradation severity (%),0.0,0,1,pointer_lstm,Attention-LSTM pointer,17,41001,5,30,0.4415367543697357,1.2733500003814697,0.905996939539909,0.26666666666666666
sensor_degradation,Sensor degradation,Degradation severity (%),0.0,0,1,pointer_lstm,Attention-LSTM pointer,18,41001,6,30,0.3455788791179657,0.7042900919914246,0.6778794348239897,0.3
sensor_degradation,Sensor degradation,Degradation severity (%),0.0,0,1,pointer_lstm,Attention-LSTM pointer,19,41001,7,30,0.3712347149848938,1.5123635530471802,0.7075507342815399,0.2
sensor_degradation,Sensor degradation,Degradation severity (%),0.0,0,1,pointer_lstm,Attention-LSTM pointer,20,41001,8,30,0.4091784656047821,1.4908933639526367,1.098244670033453,0.2
sensor_degradation,Sensor degradation,Degradation severity (%),0.0,0,1,pointer_lstm,Attention-LSTM pointer,21,41001,9,30,0.4529096484184265,1.0656689405441284,0.9803973793983454,0.2
sensor_degradation,Sensor degradation,Degradation severity (%),0.0,0,1,pointer_lstm,Attention-LSTM pointer,22,41001,10,30,0.3865141272544861,1.3171706199645996,0.7846894949674604,0.23333333333333334
sensor_degradation,Sensor degradation,Degradation severity (%),0.0,0,1,pointer_lstm,Attention-LSTM pointer,23,41001,11,30,0.5260925889015198,2.27292799949646,1.2202054500579829,0.23333333333333334
sensor_degradation,Sensor degradation,Degradation severity (%),20.0,20,0,expected_info_gain,Expected information gain,0,41000,0,30,1.309175729751587,9.93596363067627,3.9601955413818355,0.03333333333333333
sensor_degradation,Sensor degradation,Degradation severity (%),20.0,20,0,expected_info_gain,Expected information gain,1,41000,1,30,0.5855607986450195,1.4779565334320068,1.2523146927356719,0.03333333333333333
sensor_degradation,Sensor degradation,Degradation severity (%),20.0,20,0,expected_info_gain,Expected information gain,2,41000,2,30,1.081827998161316,2.8309030532836914,2.6727746009826654,0.1
sensor_degradation,Sensor degradation,Degradation severity (%),20.0,20,0,expected_info_gain,Expected information gain,3,41000,3,30,0.9005081057548523,3.69938588142395,3.129994630813596,0.06666666666666667
sensor_degradation,Sensor degradation,Degradation severity (%),20.0,20,0,expected_info_gain,Expected information gain,4,41000,4,30,1.0634742975234985,4.383810043334961,2.696857023239133,0.06666666666666667
sensor_degradation,Sensor degradation,Degradation severity (%),20.0,20,0,expected_info_gain,Expected information gain,5,41000,5,30,0.8068295121192932,9.140393257141113,1.5490254759788502,0.1
sensor_degradation,Sensor degradation,Degradation severity (%),20.0,20,0,expected_info_gain,Expected information gain,6,41000,6,30,0.9572587609291077,11.094413757324219,1.332991623878479,0.2
sensor_degradation,Sensor degradation,Degradation severity (%),20.0,20,0,expected_info_gain,Expected information gain,7,41000,7,30,0.7018800377845764,1.9455845355987549,1.3055454134941098,0.1
sensor_degradation,Sensor degradation,Degradation severity (%),20.0,20,0,expected_info_gain,Expected information gain,8,41000,8,30,0.726212203502655,3.8927061557769775,1.2155988574028016,0.1
sensor_degradation,Sensor degradation,Degradation severity (%),20.0,20,0,expected_info_gain,Expected information gain,9,41000,9,30,0.6931772828102112,1.8397806882858276,1.2946399033069607,0.06666666666666667
sensor_degradation,Sensor degradation,Degradation severity (%),20.0,20,0,expected_info_gain,Expected information gain,10,41000,10,30,1.7010619640350342,19.58795738220215,4.899060630798337,0.06666666666666667
sensor_degradation,Sensor degradation,Degradation severity (%),20.0,20,0,expected_info_gain,Expected information gain,11,41000,11,30,0.5659929513931274,0.9954866766929626,0.9380732446908949,0.06666666666666667
sensor_degradation,Sensor degradation,Degradation severity (%),20.0,20,0,expected_info_gain,Expected information gain,12,41001,0,30,1.101169466972351,3.1595563888549805,2.3797376513481137,0.1
sensor_degradation,Sensor degradation,Degradation severity (%),20.0,20,0,expected_info_gain,Expected information gain,13,41001,1,30,1.1822599172592163,10.954486846923828,3.491848111152642,0.1
sensor_degradation,Sensor degradation,Degradation severity (%),20.0,20,0,expected_info_gain,Expected information gain,14,41001,2,30,2.1693577766418457,28.569469451904297,7.502908849716162,0.0
sensor_degradation,Sensor degradation,Degradation severity (%),20.0,20,0,expected_info_gain,Expected information gain,15,41001,3,30,1.6041961908340454,11.91523265838623,6.1870984077453475,0.1
sensor_degradation,Sensor degradation,Degradation severity (%),20.0,20,0,expected_info_gain,Expected information gain,16,41001,4,30,1.5350161790847778,28.60405731201172,1.5216456532478313,0.1
sensor_degradation,Sensor degradation,Degradation severity (%),20.0,20,0,expected_info_gain,Expected information gain,17,41001,5,30,0.6518420577049255,1.571239948272705,1.4077527046203608,0.16666666666666666
sensor_degradation,Sensor degradation,Degradation severity (%),20.0,20,0,expected_info_gain,Expected information gain,18,41001,6,30,1.2976346015930176,15.614959716796875,4.918145084381086,0.2
sensor_degradation,Sensor degradation,Degradation severity (%),20.0,20,0,expected_info_gain,Expected information gain,19,41001,7,30,1.1267446279525757,12.769525527954102,2.3883343935012777,0.13333333333333333
sensor_degradation,Sensor degradation,Degradation severity (%),20.0,20,0,expected_info_gain,Expected information gain,20,41001,8,30,1.0369975566864014,4.495325565338135,2.955384266376491,0.06666666666666667
sensor_degradation,Sensor degradation,Degradation severity (%),20.0,20,0,expected_info_gain,Expected information gain,21,41001,9,30,1.4231337308883667,6.204519748687744,4.727153825759882,0.23333333333333334
sensor_degradation,Sensor degradation,Degradation severity (%),20.0,20,0,expected_info_gain,Expected information gain,22,41001,10,30,2.092480421066284,10.938982009887695,10.278795719146727,0.0
sensor_degradation,Sensor degradation,Degradation severity (%),20.0,20,0,expected_info_gain,Expected information gain,23,41001,11,30,2.474377393722534,24.682809829711914,13.601097249984742,0.06666666666666667
sensor_degradation,Sensor degradation,Degradation severity (%),20.0,20,0,flat_lstm,Flat LSTM,0,41000,0,30,1.127408504486084,5.800814151763916,3.2006929993629427,0.06666666666666667
sensor_degradation,Sensor degradation,Degradation severity (%),20.0,20,0,flat_lstm,Flat LSTM,1,41000,1,30,0.6452434659004211,3.384777307510376,1.970035570859906,0.16666666666666666
sensor_degradation,Sensor degradation,Degradation severity (%),20.0,20,0,flat_lstm,Flat LSTM,2,41000,2,30,0.9345765709877014,3.2898764610290527,2.6973601102828955,0.13333333333333333
sensor_degradation,Sensor degradation,Degradation severity (%),20.0,20,0,flat_lstm,Flat LSTM,3,41000,3,30,0.6266708970069885,1.9641549587249756,1.7857113957405084,0.16666666666666666
sensor_degradation,Sensor degradation,Degradation severity (%),20.0,20,0,flat_lstm,Flat LSTM,4,41000,4,30,0.7346974015235901,3.200848340988159,1.800061124563217,0.16666666666666666
sensor_degradation,Sensor degradation,Degradation severity (%),20.0,20,0,flat_lstm,Flat LSTM,5,41000,5,30,0.8919807076454163,3.966184377670288,3.157285547256469,0.16666666666666666
sensor_degradation,Sensor degradation,Degradation severity (%),20.0,20,0,flat_lstm,Flat LSTM,6,41000,6,30,0.6157005429267883,2.201167583465576,1.5409563899040213,0.06666666666666667
sensor_degradation,Sensor degradation,Degradation severity (%),20.0,20,0,flat_lstm,Flat LSTM,7,41000,7,30,0.8137229681015015,4.356926918029785,2.069985616207121,0.13333333333333333
sensor_degradation,Sensor degradation,Degradation severity (%),20.0,20,0,flat_lstm,Flat LSTM,8,41000,8,30,0.7162320017814636,3.5573792457580566,1.6340958297252635,0.1
sensor_degradation,Sensor degradation,Degradation severity (%),20.0,20,0,flat_lstm,Flat LSTM,9,41000,9,30,0.7723252177238464,3.952103853225708,2.092735028266905,0.1
sensor_degradation,Sensor degradation,Degradation severity (%),20.0,20,0,flat_lstm,Flat LSTM,10,41000,10,30,0.5899779796600342,1.5418692827224731,1.3149335384368894,0.16666666666666666
sensor_degradation,Sensor degradation,Degradation severity (%),20.0,20,0,flat_lstm,Flat LSTM,11,41000,11,30,0.5484400987625122,2.877573251724243,1.6733478605747196,0.2
sensor_degradation,Sensor degradation,Degradation severity (%),20.0,20,0,flat_lstm,Flat LSTM,12,41001,0,30,0.7603753209114075,4.706450462341309,2.5363669753074594,0.2
sensor_degradation,Sensor degradation,Degradation severity (%),20.0,20,0,flat_lstm,Flat LSTM,13,41001,1,30,0.7235084176063538,2.621534585952759,1.637079918384551,0.13333333333333333
sensor_degradation,Sensor degradation,Degradation severity (%),20.0,20,0,flat_lstm,Flat LSTM,14,41001,2,30,0.8991004228591919,3.58071231842041,2.347724354267117,0.13333333333333333
sensor_degradation,Sensor degradation,Degradation severity (%),20.0,20,0,flat_lstm,Flat LSTM,15,41001,3,30,0.9533411860466003,3.136869430541992,2.804415357112884,0.06666666666666667
sensor_degradation,Sensor degradation,Degradation severity (%),20.0,20,0,flat_lstm,Flat LSTM,16,41001,4,30,0.8121309876441956,5.339582920074463,3.5482285857200564,0.13333333333333333
sensor_degradation,Sensor degradation,Degradation severity (%),20.0,20,0,flat_lstm,Flat LSTM,17,41001,5,30,0.7802476286888123,4.633438587188721,2.5523378551006286,0.06666666666666667
sensor_degradation,Sensor degradation,Degradation severity (%),20.0,20,0,flat_lstm,Flat LSTM,18,41001,6,30,0.5886824131011963,3.5372891426086426,1.8551034152507755,0.2
sensor_degradation,Sensor degradation,Degradation severity (%),20.0,20,0,flat_lstm,Flat LSTM,19,41001,7,30,0.7487977743148804,2.6679680347442627,1.8385959029197692,0.13333333333333333
sensor_degradation,Sensor degradation,Degradation severity (%),20.0,20,0,flat_lstm,Flat LSTM,20,41001,8,30,0.9341253638267517,4.530107021331787,2.957412815093994,0.1
sensor_degradation,Sensor degradation,Degradation severity (%),20.0,20,0,flat_lstm,Flat LSTM,21,41001,9,30,1.170635461807251,4.79821252822876,3.873567557334899,0.16666666666666666
sensor_degradation,Sensor degradation,Degradation severity (%),20.0,20,0,flat_lstm,Flat LSTM,22,41001,10,30,0.6973161697387695,2.5574440956115723,1.9569847047328937,0.1
sensor_degradation,Sensor degradation,Degradation severity (%),20.0,20,0,flat_lstm,Flat LSTM,23,41001,11,30,0.9720884561538696,3.7398219108581543,2.8337755084037775,0.13333333333333333
sensor_degradation,Sensor degradation,Degradation severity (%),20.0,20,0,pointer_lstm,Attention-LSTM pointer,0,41000,0,30,0.4410918951034546,1.1035687923431396,0.9576954632997513,0.13333333333333333
sensor_degradation,Sensor degradation,Degradation severity (%),20.0,20,0,pointer_lstm,Attention-LSTM pointer,1,41000,1,30,0.4350341260433197,2.1296958923339844,1.0235493421554558,0.2
sensor_degradation,Sensor degradation,Degradation severity (%),20.0,20,0,pointer_lstm,Attention-LSTM pointer,2,41000,2,30,0.4714038074016571,2.1547157764434814,0.9918693572282785,0.2
sensor_degradation,Sensor degradation,Degradation severity (%),20.0,20,0,pointer_lstm,Attention-LSTM pointer,3,41000,3,30,0.38052093982696533,1.4627996683120728,0.8738137662410737,0.2
sensor_degradation,Sensor degradation,Degradation severity (%),20.0,20,0,pointer_lstm,Attention-LSTM pointer,4,41000,4,30,0.7734560370445251,5.654031753540039,3.479815769195547,0.1
sensor_degradation,Sensor degradation,Degradation severity (%),20.0,20,0,pointer_lstm,Attention-LSTM pointer,5,41000,5,30,0.4067656695842743,1.102950096130371,0.9682594716548919,0.26666666666666666
sensor_degradation,Sensor degradation,Degradation severity (%),20.0,20,0,pointer_lstm,Attention-LSTM pointer,6,41000,6,30,0.42438024282455444,2.9715371131896973,0.997646003961563,0.2
sensor_degradation,Sensor degradation,Degradation severity (%),20.0,20,0,pointer_lstm,Attention-LSTM pointer,7,41000,7,30,0.43593424558639526,0.9528742432594299,0.864876589179039,0.13333333333333333
sensor_degradation,Sensor degradation,Degradation severity (%),20.0,20,0,pointer_lstm,Attention-LSTM pointer,8,41000,8,30,0.3630833625793457,0.9973779320716858,0.7861171871423719,0.3
sensor_degradation,Sensor degradation,Degradation severity (%),20.0,20,0,pointer_lstm,Attention-LSTM pointer,9,41000,9,30,0.4063061475753784,1.0642461776733398,0.8742706835269921,0.3
sensor_degradation,Sensor degradation,Degradation severity (%),20.0,20,0,pointer_lstm,Attention-LSTM pointer,10,41000,10,30,0.4139212667942047,1.0240237712860107,0.9337326735258098,0.23333333333333334
sensor_degradation,Sensor degradation,Degradation severity (%),20.0,20,0,pointer_lstm,Attention-LSTM pointer,11,41000,11,30,0.3385466933250427,0.8073800802230835,0.6829394847154616,0.2
sensor_degradation,Sensor degradation,Degradation severity (%),20.0,20,0,pointer_lstm,Attention-LSTM pointer,12,41001,0,30,0.6765792369842529,2.370363473892212,2.037253546714781,0.26666666666666666
sensor_degradation,Sensor degradation,Degradation severity (%),20.0,20,0,pointer_lstm,Attention-LSTM pointer,13,41001,1,30,0.44378381967544556,0.9785031676292419,0.8490482032299042,0.16666666666666666
sensor_degradation,Sensor degradation,Degradation severity (%),20.0,20,0,pointer_lstm,Attention-LSTM pointer,14,41001,2,30,0.43756210803985596,0.942273736000061,0.8820692360401152,0.23333333333333334
sensor_degradation,Sensor degradation,Degradation severity (%),20.0,20,0,pointer_lstm,Attention-LSTM pointer,15,41001,3,30,0.6585492491722107,2.5038061141967773,1.8112713992595648,0.13333333333333333
sensor_degradation,Sensor degradation,Degradation severity (%),20.0,20,0,pointer_lstm,Attention-LSTM pointer,16,41001,4,30,0.34471946954727173,1.045815110206604,0.5402420267462728,0.2
sensor_degradation,Sensor degradation,Degradation severity (%),20.0,20,0,pointer_lstm,Attention-LSTM pointer,17,41001,5,30,0.43706077337265015,1.402268886566162,0.8948286116123199,0.3
sensor_degradation,Sensor degradation,Degradation severity (%),20.0,20,0,pointer_lstm,Attention-LSTM pointer,18,41001,6,30,0.3243926167488098,0.9415866136550903,0.7889065265655513,0.36666666666666664
sensor_degradation,Sensor degradation,Degradation severity (%),20.0,20,0,pointer_lstm,Attention-LSTM pointer,19,41001,7,30,0.397815078496933,1.5942195653915405,0.8066888242959972,0.06666666666666667
sensor_degradation,Sensor degradation,Degradation severity (%),20.0,20,0,pointer_lstm,Attention-LSTM pointer,20,41001,8,30,0.46583691239356995,1.983774185180664,1.4812182605266568,0.2
sensor_degradation,Sensor degradation,Degradation severity (%),20.0,20,0,pointer_lstm,Attention-LSTM pointer,21,41001,9,30,0.6787222623825073,2.045233726501465,1.7002090096473685,0.16666666666666666
sensor_degradation,Sensor degradation,Degradation severity (%),20.0,20,0,pointer_lstm,Attention-LSTM pointer,22,41001,10,30,0.5570423603057861,2.4725778102874756,1.2777169227600078,0.1
sensor_degradation,Sensor degradation,Degradation severity (%),20.0,20,0,pointer_lstm,Attention-LSTM pointer,23,41001,11,30,0.542445957660675,2.004096508026123,1.5055785000324244,0.13333333333333333
sensor_degradation,Sensor degradation,Degradation severity (%),40.0,40,0,expected_info_gain,Expected information gain,0,41000,0,30,5.259223937988281,112.78401184082031,11.537776374816886,0.1
sensor_degradation,Sensor degradation,Degradation severity (%),40.0,40,0,expected_info_gain,Expected information gain,1,41000,1,30,1.3770689964294434,19.902503967285156,1.3712529361248016,0.06666666666666667
sensor_degradation,Sensor degradation,Degradation severity (%),40.0,40,0,expected_info_gain,Expected information gain,2,41000,2,30,1.899383544921875,8.357505798339844,5.900026059150692,0.06666666666666667
sensor_degradation,Sensor degradation,Degradation severity (%),40.0,40,0,expected_info_gain,Expected information gain,3,41000,3,30,3.419133186340332,30.92806053161621,19.633934545516947,0.1
sensor_degradation,Sensor degradation,Degradation severity (%),40.0,40,0,expected_info_gain,Expected information gain,4,41000,4,30,1.716721773147583,7.11503267288208,5.724423980712885,0.1
sensor_degradation,Sensor degradation,Degradation severity (%),40.0,40,0,expected_info_gain,Expected information gain,5,41000,5,30,2.2280895709991455,22.935047149658203,10.073830461502045,0.06666666666666667
sensor_degradation,Sensor degradation,Degradation severity (%),40.0,40,0,expected_info_gain,Expected information gain,6,41000,6,30,2.4275670051574707,39.177452087402344,7.661765527725192,0.1
sensor_degradation,Sensor degradation,Degradation severity (%),40.0,40,0,expected_info_gain,Expected information gain,7,41000,7,30,2.8159801959991455,16.13148307800293,14.334660863876334,0.1
sensor_degradation,Sensor degradation,Degradation severity (%),40.0,40,0,expected_info_gain,Expected information gain,8,41000,8,30,3.749027729034424,38.936161041259766,18.103329944610564,0.03333333333333333
sensor_degradation,Sensor degradation,Degradation severity (%),40.0,40,0,expected_info_gain,Expected information gain,9,41000,9,30,7.040075302124023,96.95747375488281,43.698952865600404,0.13333333333333333
sensor_degradation,Sensor degradation,Degradation severity (%),40.0,40,0,expected_info_gain,Expected information gain,10,41000,10,30,0.980910062789917,3.6292977333068848,2.741372954845426,0.13333333333333333
sensor_degradation,Sensor degradation,Degradation severity (%),40.0,40,0,expected_info_gain,Expected information gain,11,41000,11,30,2.1927380561828613,37.52067947387695,4.906855440139754,0.0
sensor_degradation,Sensor degradation,Degradation severity (%),40.0,40,0,expected_info_gain,Expected information gain,12,41001,0,30,4.735420227050781,26.318954467773438,21.190442657470687,0.13333333333333333
sensor_degradation,Sensor degradation,Degradation severity (%),40.0,40,0,expected_info_gain,Expected information gain,13,41001,1,30,2.172178030014038,32.46136474609375,3.419269561767574,0.03333333333333333
sensor_degradation,Sensor degradation,Degradation severity (%),40.0,40,0,expected_info_gain,Expected information gain,14,41001,2,30,7.519541263580322,106.30430603027344,26.938960456848143,0.06666666666666667
sensor_degradation,Sensor degradation,Degradation severity (%),40.0,40,0,expected_info_gain,Expected information gain,15,41001,3,30,10.839253425598145,93.81344604492188,60.82682361602768,0.06666666666666667
sensor_degradation,Sensor degradation,Degradation severity (%),40.0,40,0,expected_info_gain,Expected information gain,16,41001,4,30,6.440721035003662,88.12039184570312,32.28106327056882,0.06666666666666667
sensor_degradation,Sensor degradation,Degradation severity (%),40.0,40,0,expected_info_gain,Expected information gain,17,41001,5,30,1.0417070388793945,7.103296279907227,2.3936151981353757,0.16666666666666666
sensor_degradation,Sensor degradation,Degradation severity (%),40.0,40,0,expected_info_gain,Expected information gain,18,41001,6,30,6.369408130645752,88.09446716308594,32.29275465011591,0.06666666666666667
sensor_degradation,Sensor degradation,Degradation severity (%),40.0,40,0,expected_info_gain,Expected information gain,19,41001,7,30,1.2243168354034424,10.84313678741455,2.6351170301437374,0.1
sensor_degradation,Sensor degradation,Degradation severity (%),40.0,40,0,expected_info_gain,Expected information gain,20,41001,8,30,1.345874547958374,8.352076530456543,3.453926789760588,0.03333333333333333
sensor_degradation,Sensor degradation,Degradation severity (%),40.0,40,0,expected_info_gain,Expected information gain,21,41001,9,30,8.27846908569336,31.738811492919922,26.563065338134756,0.03333333333333333
sensor_degradation,Sensor degradation,Degradation severity (%),40.0,40,0,expected_info_gain,Expected information gain,22,41001,10,30,4.6861653327941895,33.56385040283203,23.88415727615352,0.0
sensor_degradation,Sensor degradation,Degradation severity (%),40.0,40,0,expected_info_gain,Expected information gain,23,41001,11,30,7.90127420425415,93.52690124511719,27.705811119079566,0.06666666666666667
sensor_degradation,Sensor degradation,Degradation severity (%),40.0,40,0,flat_lstm,Flat LSTM,0,41000,0,30,0.9839063882827759,5.031100749969482,3.6285060763359,0.13333333333333333
sensor_degradation,Sensor degradation,Degradation severity (%),40.0,40,0,flat_lstm,Flat LSTM,1,41000,1,30,0.5606285333633423,2.1664741039276123,1.3297722578048696,0.06666666666666667
sensor_degradation,Sensor degradation,Degradation severity (%),40.0,40,0,flat_lstm,Flat LSTM,2,41000,2,30,1.0308014154434204,5.5743865966796875,2.816672515869137,0.06666666666666667
sensor_degradation,Sensor degradation,Degradation severity (%),40.0,40,0,flat_lstm,Flat LSTM,3,41000,3,30,0.7091491222381592,2.712078332901001,1.935073244571684,0.16666666666666666
sensor_degradation,Sensor degradation,Degradation severity (%),40.0,40,0,flat_lstm,Flat LSTM,4,41000,4,30,1.5305159091949463,9.33720874786377,6.2767821788787685,0.06666666666666667
sensor_degradation,Sensor degradation,Degradation severity (%),40.0,40,0,flat_lstm,Flat LSTM,5,41000,5,30,0.7345074415206909,3.5502188205718994,2.5885507762432054,0.06666666666666667
sensor_degradation,Sensor degradation,Degradation severity (%),40.0,40,0,flat_lstm,Flat LSTM,6,41000,6,30,0.8174404501914978,3.035109758377075,2.518620944023132,0.06666666666666667
sensor_degradation,Sensor degradation,Degradation severity (%),40.0,40,0,flat_lstm,Flat LSTM,7,41000,7,30,0.8487846851348877,2.4806032180786133,2.0672347903251644,0.1
sensor_degradation,Sensor degradation,Degradation severity (%),40.0,40,0,flat_lstm,Flat LSTM,8,41000,8,30,0.8112602829933167,2.3642725944519043,2.0955003917217243,0.2
sensor_degradation,Sensor degradation,Degradation severity (%),40.0,40,0,flat_lstm,Flat LSTM,9,41000,9,30,1.016132116317749,3.461894989013672,2.8659104943275437,0.13333333333333333
sensor_degradation,Sensor degradation,Degradation severity (%),40.0,40,0,flat_lstm,Flat LSTM,10,41000,10,30,0.6178211569786072,1.6739431619644165,1.4801879346370694,0.13333333333333333
sensor_degradation,Sensor degradation,Degradation severity (%),40.0,40,0,flat_lstm,Flat LSTM,11,41000,11,30,1.8294193744659424,21.808046340942383,6.8438882112502855,0.1
sensor_degradation,Sensor degradation,Degradation severity (%),40.0,40,0,flat_lstm,Flat LSTM,12,41001,0,30,9.651862144470215,118.08639526367188,30.97465133666992,0.06666666666666667
sensor_degradation,Sensor degradation,Degradation severity (%),40.0,40,0,flat_lstm,Flat LSTM,13,41001,1,30,19.83061981201172,120.38725280761719,119.111279296875,0.03333333333333333
sensor_degradation,Sensor degradation,Degradation severity (%),40.0,40,0,flat_lstm,Flat LSTM,14,41001,2,30,0.814886748790741,2.779820442199707,2.1763612270355193,0.1
sensor_degradation,Sensor degradation,Degradation severity (%),40.0,40,0,flat_lstm,Flat LSTM,15,41001,3,30,4.01228141784668,34.72216033935547,11.566576814651485,0.03333333333333333
sensor_degradation,Sensor degradation,Degradation severity (%),40.0,40,0,flat_lstm,Flat LSTM,16,41001,4,30,0.9263367056846619,5.689589023590088,2.1089241027832024,0.13333333333333333
sensor_degradation,Sensor degradation,Degradation severity (%),40.0,40,0,flat_lstm,Flat LSTM,17,41001,5,30,0.7613016366958618,2.8078551292419434,1.4929432272911067,0.1
sensor_degradation,Sensor degradation,Degradation severity (%),40.0,40,0,flat_lstm,Flat LSTM,18,41001,6,30,6.334678649902344,92.43133544921875,17.561190271377534,0.1
sensor_degradation,Sensor degradation,Degradation severity (%),40.0,40,0,flat_lstm,Flat LSTM,19,41001,7,30,0.8009924292564392,4.5864033699035645,1.7858522236347194,0.13333333333333333
sensor_degradation,Sensor degradation,Degradation severity (%),40.0,40,0,flat_lstm,Flat LSTM,20,41001,8,30,0.9522018432617188,5.932460308074951,3.004891335964203,0.06666666666666667
sensor_degradation,Sensor degradation,Degradation severity (%),40.0,40,0,flat_lstm,Flat LSTM,21,41001,9,30,1.4741345643997192,8.498395919799805,5.929773020744319,0.06666666666666667
sensor_degradation,Sensor degradation,Degradation severity (%),40.0,40,0,flat_lstm,Flat LSTM,22,41001,10,30,7.220774173736572,115.35128784179688,23.183048820495554,0.03333333333333333
sensor_degradation,Sensor degradation,Degradation severity (%),40.0,40,0,flat_lstm,Flat LSTM,23,41001,11,30,0.8453179001808167,3.8075571060180664,2.1043748080730404,0.06666666666666667
sensor_degradation,Sensor degradation,Degradation severity (%),40.0,40,0,pointer_lstm,Attention-LSTM pointer,0,41000,0,30,0.8425243496894836,2.2220146656036377,2.080454802513122,0.1
sensor_degradation,Sensor degradation,Degradation severity (%),40.0,40,0,pointer_lstm,Attention-LSTM pointer,1,41000,1,30,0.4523133933544159,2.8719749450683594,1.2578623831272113,0.16666666666666666
sensor_degradation,Sensor degradation,Degradation severity (%),40.0,40,0,pointer_lstm,Attention-LSTM pointer,2,41000,2,30,0.5260615944862366,1.5868812799453735,1.3193547546863547,0.1
sensor_degradation,Sensor degradation,Degradation severity (%),40.0,40,0,pointer_lstm,Attention-LSTM pointer,3,41000,3,30,0.3888818025588989,1.6533689498901367,0.838695657253265,0.3
sensor_degradation,Sensor degradation,Degradation severity (%),40.0,40,0,pointer_lstm,Attention-LSTM pointer,4,41000,4,30,0.5575286746025085,3.3229730129241943,1.020054292678833,0.13333333333333333
sensor_degradation,Sensor degradation,Degradation severity (%),40.0,40,0,pointer_lstm,Attention-LSTM pointer,5,41000,5,30,0.4929211437702179,2.8635833263397217,1.3787672698497746,0.16666666666666666
sensor_degradation,Sensor degradation,Degradation severity (%),40.0,40,0,pointer_lstm,Attention-LSTM pointer,6,41000,6,30,0.6584791541099548,4.094778537750244,2.173611748218535,0.16666666666666666
sensor_degradation,Sensor degradation,Degradation severity (%),40.0,40,0,pointer_lstm,Attention-LSTM pointer,7,41000,7,30,0.5149862170219421,1.4015731811523438,0.9069920599460601,0.13333333333333333
sensor_degradation,Sensor degradation,Degradation severity (%),40.0,40,0,pointer_lstm,Attention-LSTM pointer,8,41000,8,30,0.4144364893436432,1.1052172183990479,0.9131729304790493,0.23333333333333334
sensor_degradation,Sensor degradation,Degradation severity (%),40.0,40,0,pointer_lstm,Attention-LSTM pointer,9,41000,9,30,0.8402674794197083,10.70849609375,1.6327111363410949,0.3
sensor_degradation,Sensor degradation,Degradation severity (%),40.0,40,0,pointer_lstm,Attention-LSTM pointer,10,41000,10,30,0.5070443153381348,1.1926525831222534,1.065885782241821,0.13333333333333333
sensor_degradation,Sensor degradation,Degradation severity (%),40.0,40,0,pointer_lstm,Attention-LSTM pointer,11,41000,11,30,0.3543391227722168,0.871152400970459,0.7664374113082882,0.23333333333333334
sensor_degradation,Sensor degradation,Degradation severity (%),40.0,40,0,pointer_lstm,Attention-LSTM pointer,12,41001,0,30,1.2709728479385376,14.54916763305664,3.549900746345511,0.2
sensor_degradation,Sensor degradation,Degradation severity (%),40.0,40,0,pointer_lstm,Attention-LSTM pointer,13,41001,1,30,3.651134967803955,40.56385040283203,28.75358505249022,0.1
sensor_degradation,Sensor degradation,Degradation severity (%),40.0,40,0,pointer_lstm,Attention-LSTM pointer,14,41001,2,30,0.5220955014228821,1.6400806903839111,0.9162288457155225,0.23333333333333334
sensor_degradation,Sensor degradation,Degradation severity (%),40.0,40,0,pointer_lstm,Attention-LSTM pointer,15,41001,3,30,0.6140264868736267,1.5403774976730347,1.447148740291595,0.1
sensor_degradation,Sensor degradation,Degradation severity (%),40.0,40,0,pointer_lstm,Attention-LSTM pointer,16,41001,4,30,1.0478931665420532,18.63092803955078,2.0670574665069514,0.2
sensor_degradation,Sensor degradation,Degradation severity (%),40.0,40,0,pointer_lstm,Attention-LSTM pointer,17,41001,5,30,1.1329749822616577,12.987432479858398,4.3760259389877225,0.23333333333333334
sensor_degradation,Sensor degradation,Degradation severity (%),40.0,40,0,pointer_lstm,Attention-LSTM pointer,18,41001,6,30,0.38293102383613586,0.8848745226860046,0.8391871631145477,0.3
sensor_degradation,Sensor degradation,Degradation severity (%),40.0,40,0,pointer_lstm,Attention-LSTM pointer,19,41001,7,30,0.4335484504699707,1.5858384370803833,0.8466621965169904,0.13333333333333333
sensor_degradation,Sensor degradation,Degradation severity (%),40.0,40,0,pointer_lstm,Attention-LSTM pointer,20,41001,8,30,0.43089526891708374,1.2631886005401611,0.9959538519382476,0.2
sensor_degradation,Sensor degradation,Degradation severity (%),40.0,40,0,pointer_lstm,Attention-LSTM pointer,21,41001,9,30,1.2694021463394165,8.377711296081543,3.681201577186582,0.16666666666666666
sensor_degradation,Sensor degradation,Degradation severity (%),40.0,40,0,pointer_lstm,Attention-LSTM pointer,22,41001,10,30,0.8885353803634644,11.035928726196289,2.246837902069089,0.2
sensor_degradation,Sensor degradation,Degradation severity (%),40.0,40,0,pointer_lstm,Attention-LSTM pointer,23,41001,11,30,1.6106150150299072,31.655536651611328,1.4128781437873839,0.13333333333333333
sensor_degradation,Sensor degradation,Degradation severity (%),60.0,60,0,expected_info_gain,Expected information gain,0,41000,0,30,2.8560562133789062,24.741334915161133,11.492032384872427,0.06666666666666667
sensor_degradation,Sensor degradation,Degradation severity (%),60.0,60,0,expected_info_gain,Expected information gain,1,41000,1,30,7.66413688659668,85.95388793945312,56.26703987121568,0.06666666666666667
sensor_degradation,Sensor degradation,Degradation severity (%),60.0,60,0,expected_info_gain,Expected information gain,2,41000,2,30,7.934487819671631,99.7201156616211,24.180168819427482,0.03333333333333333
sensor_degradation,Sensor degradation,Degradation severity (%),60.0,60,0,expected_info_gain,Expected information gain,3,41000,3,30,15.800641059875488,115.0351333618164,82.62797584533688,0.06666666666666667
sensor_degradation,Sensor degradation,Degradation severity (%),60.0,60,0,expected_info_gain,Expected information gain,4,41000,4,30,8.318438529968262,96.01063537597656,30.294101047515824,0.06666666666666667
sensor_degradation,Sensor degradation,Degradation severity (%),60.0,60,0,expected_info_gain,Expected information gain,5,41000,5,30,9.146819114685059,109.82164001464844,58.45037193298319,0.06666666666666667
sensor_degradation,Sensor degradation,Degradation severity (%),60.0,60,0,expected_info_gain,Expected information gain,6,41000,6,30,10.244705200195312,94.4557876586914,78.31173248291009,0.03333333333333333
sensor_degradation,Sensor degradation,Degradation severity (%),60.0,60,0,expected_info_gain,Expected information gain,7,41000,7,30,4.250250816345215,79.48643493652344,6.585592842102038,0.0
sensor_degradation,Sensor degradation,Degradation severity (%),60.0,60,0,expected_info_gain,Expected information gain,8,41000,8,30,11.288558959960938,84.0986557006836,43.509679794311495,0.0
sensor_degradation,Sensor degradation,Degradation severity (%),60.0,60,0,expected_info_gain,Expected information gain,9,41000,9,30,11.009543418884277,115.74540710449219,65.37723808288554,0.1
sensor_degradation,Sensor degradation,Degradation severity (%),60.0,60,0,expected_info_gain,Expected information gain,10,41000,10,30,10.182208061218262,94.88166809082031,60.54378738403302,0.06666666666666667
sensor_degradation,Sensor degradation,Degradation severity (%),60.0,60,0,expected_info_gain,Expected information gain,11,41000,11,30,6.971466064453125,44.33909225463867,24.361397647857647,0.0
sensor_degradation,Sensor degradation,Degradation severity (%),60.0,60,0,expected_info_gain,Expected information gain,12,41001,0,30,21.069276809692383,102.0170669555664,97.5264320373535,0.06666666666666667
sensor_degradation,Sensor degradation,Degradation severity (%),60.0,60,0,expected_info_gain,Expected information gain,13,41001,1,30,7.531533241271973,100.49646759033203,32.87585754394527,0.13333333333333333
sensor_degradation,Sensor degradation,Degradation severity (%),60.0,60,0,expected_info_gain,Expected information gain,14,41001,2,30,9.283835411071777,73.4505844116211,39.611108779907156,0.0
sensor_degradation,Sensor degradation,Degradation severity (%),60.0,60,0,expected_info_gain,Expected information gain,15,41001,3,30,26.939130783081055,101.12084197998047,96.35594787597655,0.06666666666666667
sensor_degradation,Sensor degradation,Degradation severity (%),60.0,60,0,expected_info_gain,Expected information gain,16,41001,4,30,5.684606075286865,93.4120101928711,18.921032238006593,0.03333333333333333
sensor_degradation,Sensor degradation,Degradation severity (%),60.0,60,0,expected_info_gain,Expected information gain,17,41001,5,30,7.453896522521973,96.54794311523438,25.59439182281494,0.03333333333333333
sensor_degradation,Sensor degradation,Degradation severity (%),60.0,60,0,expected_info_gain,Expected information gain,18,41001,6,30,2.9171993732452393,22.226802825927734,9.948508834838863,0.03333333333333333
sensor_degradation,Sensor degradation,Degradation severity (%),60.0,60,0,expected_info_gain,Expected information gain,19,41001,7,30,7.691353797912598,98.9046630859375,27.449643421173093,0.0
sensor_degradation,Sensor degradation,Degradation severity (%),60.0,60,0,expected_info_gain,Expected information gain,20,41001,8,30,5.339812278747559,109.16017150878906,4.32169783115387,0.03333333333333333
sensor_degradation,Sensor degradation,Degradation severity (%),60.0,60,0,expected_info_gain,Expected information gain,21,41001,9,30,18.2091064453125,101.43022155761719,71.55966014862048,0.03333333333333333
sensor_degradation,Sensor degradation,Degradation severity (%),60.0,60,0,expected_info_gain,Expected information gain,22,41001,10,30,13.788802146911621,88.51393127441406,65.83453140258776,0.0
sensor_degradation,Sensor degradation,Degradation severity (%),60.0,60,0,expected_info_gain,Expected information gain,23,41001,11,30,24.011594772338867,99.3101806640625,91.76171112060545,0.03333333333333333
sensor_degradation,Sensor degradation,Degradation severity (%),60.0,60,0,flat_lstm,Flat LSTM,0,41000,0,30,18.31722068786621,101.0057373046875,69.80210723876947,0.0
sensor_degradation,Sensor degradation,Degradation severity (%),60.0,60,0,flat_lstm,Flat LSTM,1,41000,1,30,1.452644944190979,10.755879402160645,4.721127533912654,0.1
sensor_degradation,Sensor degradation,Degradation severity (%),60.0,60,0,flat_lstm,Flat LSTM,2,41000,2,30,21.296247482299805,118.29808807373047,75.18855094909652,0.0
sensor_degradation,Sensor degradation,Degradation severity (%),60.0,60,0,flat_lstm,Flat LSTM,3,41000,3,30,0.913288414478302,3.0660276412963867,2.757193493843078,0.06666666666666667
sensor_degradation,Sensor degradation,Degradation severity (%),60.0,60,0,flat_lstm,Flat LSTM,4,41000,4,30,2.5254135131835938,13.860918998718262,11.339699935913083,0.1
sensor_degradation,Sensor degradation,Degradation severity (%),60.0,60,0,flat_lstm,Flat LSTM,5,41000,5,30,25.607398986816406,119.6474380493164,110.14764709472651,0.03333333333333333
sensor_degradation,Sensor degradation,Degradation severity (%),60.0,60,0,flat_lstm,Flat LSTM,6,41000,6,30,3.9827001094818115,16.308061599731445,14.029557943344113,0.03333333333333333
sensor_degradation,Sensor degradation,Degradation severity (%),60.0,60,0,flat_lstm,Flat LSTM,7,41000,7,30,8.458422660827637,78.23322296142578,37.74971017837521,0.0
sensor_degradation,Sensor degradation,Degradation severity (%),60.0,60,0,flat_lstm,Flat LSTM,8,41000,8,30,2.15893292427063,10.761164665222168,9.539426136016843,0.1
sensor_degradation,Sensor degradation,Degradation severity (%),60.0,60,0,flat_lstm,Flat LSTM,9,41000,9,30,0.8302081823348999,2.672154188156128,2.147018611431121,0.06666666666666667
sensor_degradation,Sensor degradation,Degradation severity (%),60.0,60,0,flat_lstm,Flat LSTM,10,41000,10,30,12.755203247070312,86.75872802734375,38.8308629035949,0.03333333333333333
sensor_degradation,Sensor degradation,Degradation severity (%),60.0,60,0,flat_lstm,Flat LSTM,11,41000,11,30,7.519040107727051,84.41455078125,26.46407966613767,0.03333333333333333
sensor_degradation,Sensor degradation,Degradation severity (%),60.0,60,0,flat_lstm,Flat LSTM,12,41001,0,30,15.251981735229492,104.62406158447266,76.19566993713379,0.03333333333333333
sensor_degradation,Sensor degradation,Degradation severity (%),60.0,60,0,flat_lstm,Flat LSTM,13,41001,1,30,12.630990028381348,119.62406921386719,61.394700241088714,0.03333333333333333
sensor_degradation,Sensor degradation,Degradation severity (%),60.0,60,0,flat_lstm,Flat LSTM,14,41001,2,30,2.123095750808716,11.096835136413574,9.351719522476195,0.06666666666666667
sensor_degradation,Sensor degradation,Degradation severity (%),60.0,60,0,flat_lstm,Flat LSTM,15,41001,3,30,15.973871231079102,119.9405517578125,60.70692005157462,0.03333333333333333
sensor_degradation,Sensor degradation,Degradation severity (%),60.0,60,0,flat_lstm,Flat LSTM,16,41001,4,30,0.8035934567451477,2.85516095161438,1.849979913234709,0.03333333333333333
sensor_degradation,Sensor degradation,Degradation severity (%),60.0,60,0,flat_lstm,Flat LSTM,17,41001,5,30,0.7051951289176941,2.16625714302063,1.5338061213493344,0.16666666666666666
sensor_degradation,Sensor degradation,Degradation severity (%),60.0,60,0,flat_lstm,Flat LSTM,18,41001,6,30,5.69732666015625,32.87401580810547,18.950516796112048,0.06666666666666667
sensor_degradation,Sensor degradation,Degradation severity (%),60.0,60,0,flat_lstm,Flat LSTM,19,41001,7,30,2.576413631439209,37.899925231933594,7.2559342384338255,0.0
sensor_degradation,Sensor degradation,Degradation severity (%),60.0,60,0,flat_lstm,Flat LSTM,20,41001,8,30,3.6859068870544434,47.63175964355469,12.951344108581539,0.06666666666666667
sensor_degradation,Sensor degradation,Degradation severity (%),60.0,60,0,flat_lstm,Flat LSTM,21,41001,9,30,21.507638931274414,119.55523681640625,103.74077224731442,0.06666666666666667
sensor_degradation,Sensor degradation,Degradation severity (%),60.0,60,0,flat_lstm,Flat LSTM,22,41001,10,30,11.708547592163086,110.1273193359375,31.324232864379876,0.0
sensor_degradation,Sensor degradation,Degradation severity (%),60.0,60,0,flat_lstm,Flat LSTM,23,41001,11,30,18.816986083984375,120.02363586425781,89.4289398193359,0.0
sensor_degradation,Sensor degradation,Degradation severity (%),60.0,60,0,pointer_lstm,Attention-LSTM pointer,0,41000,0,30,7.679348468780518,120.82057189941406,48.96183967590313,0.13333333333333333
sensor_degradation,Sensor degradation,Degradation severity (%),60.0,60,0,pointer_lstm,Attention-LSTM pointer,1,41000,1,30,1.1933574676513672,12.054389953613281,3.6203945755958538,0.06666666666666667
sensor_degradation,Sensor degradation,Degradation severity (%),60.0,60,0,pointer_lstm,Attention-LSTM pointer,2,41000,2,30,0.7047427892684937,2.137969970703125,1.7380450189113616,0.06666666666666667
sensor_degradation,Sensor degradation,Degradation severity (%),60.0,60,0,pointer_lstm,Attention-LSTM pointer,3,41000,3,30,0.5982103943824768,2.688344717025757,1.6469843745231623,0.26666666666666666
sensor_degradation,Sensor degradation,Degradation severity (%),60.0,60,0,pointer_lstm,Attention-LSTM pointer,4,41000,4,30,0.5685850381851196,3.346102476119995,1.097744795680045,0.06666666666666667
sensor_degradation,Sensor degradation,Degradation severity (%),60.0,60,0,pointer_lstm,Attention-LSTM pointer,5,41000,5,30,0.46026816964149475,1.7255182266235352,1.3589623510837545,0.2
sensor_degradation,Sensor degradation,Degradation severity (%),60.0,60,0,pointer_lstm,Attention-LSTM pointer,6,41000,6,30,0.7341128587722778,4.248872756958008,1.7352105915546399,0.1
sensor_degradation,Sensor degradation,Degradation severity (%),60.0,60,0,pointer_lstm,Attention-LSTM pointer,7,41000,7,30,1.1919885873794556,17.974109649658203,2.2017241060733763,0.13333333333333333
sensor_degradation,Sensor degradation,Degradation severity (%),60.0,60,0,pointer_lstm,Attention-LSTM pointer,8,41000,8,30,1.3852540254592896,25.707815170288086,1.2444779872894276,0.13333333333333333
sensor_degradation,Sensor degradation,Degradation severity (%),60.0,60,0,pointer_lstm,Attention-LSTM pointer,9,41000,9,30,2.0069544315338135,41.1347770690918,2.77641414403915,0.2
sensor_degradation,Sensor degradation,Degradation severity (%),60.0,60,0,pointer_lstm,Attention-LSTM pointer,10,41000,10,30,3.4518444538116455,22.891582489013672,20.793598365783687,0.13333333333333333
sensor_degradation,Sensor degradation,Degradation severity (%),60.0,60,0,pointer_lstm,Attention-LSTM pointer,11,41000,11,30,0.3937101364135742,0.9231379628181458,0.7669694542884826,0.16666666666666666
sensor_degradation,Sensor degradation,Degradation severity (%),60.0,60,0,pointer_lstm,Attention-LSTM pointer,12,41001,0,30,2.2979774475097656,26.234779357910156,12.421019315719589,0.13333333333333333
sensor_degradation,Sensor degradation,Degradation severity (%),60.0,60,0,pointer_lstm,Attention-LSTM pointer,13,41001,1,30,0.5344864726066589,1.348525047302246,1.0996683150529853,0.06666666666666667
sensor_degradation,Sensor degradation,Degradation severity (%),60.0,60,0,pointer_lstm,Attention-LSTM pointer,14,41001,2,30,2.030235767364502,12.63650894165039,8.386377573013288,0.16666666666666666
sensor_degradation,Sensor degradation,Degradation severity (%),60.0,60,0,pointer_lstm,Attention-LSTM pointer,15,41001,3,30,3.1240792274475098,35.528377532958984,15.586776494979848,0.03333333333333333
sensor_degradation,Sensor degradation,Degradation severity (%),60.0,60,0,pointer_lstm,Attention-LSTM pointer,16,41001,4,30,0.4300498068332672,1.1136143207550049,0.9017611622810361,0.06666666666666667
sensor_degradation,Sensor degradation,Degradation severity (%),60.0,60,0,pointer_lstm,Attention-LSTM pointer,17,41001,5,30,3.574885368347168,58.25898361206055,11.657920408248897,0.16666666666666666
sensor_degradation,Sensor degradation,Degradation severity (%),60.0,60,0,pointer_lstm,Attention-LSTM pointer,18,41001,6,30,0.5339215397834778,2.2026686668395996,1.2594689369201657,0.23333333333333334
sensor_degradation,Sensor degradation,Degradation severity (%),60.0,60,0,pointer_lstm,Attention-LSTM pointer,19,41001,7,30,0.4539104104042053,1.6191060543060303,0.9853101372718809,0.06666666666666667
sensor_degradation,Sensor degradation,Degradation severity (%),60.0,60,0,pointer_lstm,Attention-LSTM pointer,20,41001,8,30,0.49635061621665955,1.1886931657791138,1.0651701569557188,0.16666666666666666
sensor_degradation,Sensor degradation,Degradation severity (%),60.0,60,0,pointer_lstm,Attention-LSTM pointer,21,41001,9,30,0.7869104743003845,3.9081478118896484,2.5520260930061336,0.1
sensor_degradation,Sensor degradation,Degradation severity (%),60.0,60,0,pointer_lstm,Attention-LSTM pointer,22,41001,10,30,4.493295669555664,33.10021209716797,26.473865795135463,0.03333333333333333
sensor_degradation,Sensor degradation,Degradation severity (%),60.0,60,0,pointer_lstm,Attention-LSTM pointer,23,41001,11,30,5.150787830352783,109.78543090820312,14.169753837585398,0.13333333333333333
sensor_degradation,Sensor degradation,Degradation severity (%),80.0,80,0,expected_info_gain,Expected information gain,0,41000,0,30,25.036840438842773,108.93759155273438,104.79735832214354,0.06666666666666667
sensor_degradation,Sensor degradation,Degradation severity (%),80.0,80,0,expected_info_gain,Expected information gain,1,41000,1,30,29.843175888061523,103.31619262695312,101.24701309204102,0.06666666666666667
sensor_degradation,Sensor degradation,Degradation severity (%),80.0,80,0,expected_info_gain,Expected information gain,2,41000,2,30,51.87946701049805,108.11075592041016,107.37733345031738,0.03333333333333333
sensor_degradation,Sensor degradation,Degradation severity (%),80.0,80,0,expected_info_gain,Expected information gain,3,41000,3,30,10.959539413452148,93.34007263183594,59.811443710326984,0.03333333333333333
sensor_degradation,Sensor degradation,Degradation severity (%),80.0,80,0,expected_info_gain,Expected information gain,4,41000,4,30,35.25362777709961,107.03101348876953,103.53678016662597,0.0
sensor_degradation,Sensor degradation,Degradation severity (%),80.0,80,0,expected_info_gain,Expected information gain,5,41000,5,30,44.76339340209961,108.8243179321289,107.48450622558593,0.0
sensor_degradation,Sensor degradation,Degradation severity (%),80.0,80,0,expected_info_gain,Expected information gain,6,41000,6,30,30.08693504333496,115.01768493652344,103.6802993774414,0.0
sensor_degradation,Sensor degradation,Degradation severity (%),80.0,80,0,expected_info_gain,Expected information gain,7,41000,7,30,25.720203399658203,105.54820251464844,103.7312759399414,0.1
sensor_degradation,Sensor degradation,Degradation severity (%),80.0,80,0,expected_info_gain,Expected information gain,8,41000,8,30,28.490163803100586,108.34799194335938,95.99383964538573,0.0
sensor_degradation,Sensor degradation,Degradation severity (%),80.0,80,0,expected_info_gain,Expected information gain,9,41000,9,30,25.019773483276367,107.1116943359375,105.29432716369628,0.1
sensor_degradation,Sensor degradation,Degradation severity (%),80.0,80,0,expected_info_gain,Expected information gain,10,41000,10,30,30.150026321411133,121.31721496582031,101.28952140808103,0.0
sensor_degradation,Sensor degradation,Degradation severity (%),80.0,80,0,expected_info_gain,Expected information gain,11,41000,11,30,13.637990951538086,103.46308898925781,96.54768714904782,0.03333333333333333
sensor_degradation,Sensor degradation,Degradation severity (%),80.0,80,0,expected_info_gain,Expected information gain,12,41001,0,30,29.134687423706055,108.34803009033203,103.6887783050537,0.0
sensor_degradation,Sensor degradation,Degradation severity (%),80.0,80,0,expected_info_gain,Expected information gain,13,41001,1,30,18.19171142578125,110.11868286132812,96.31690635681149,0.0
sensor_degradation,Sensor degradation,Degradation severity (%),80.0,80,0,expected_info_gain,Expected information gain,14,41001,2,30,24.933326721191406,108.14834594726562,101.507608795166,0.0
sensor_degradation,Sensor degradation,Degradation severity (%),80.0,80,0,expected_info_gain,Expected information gain,15,41001,3,30,52.78717041015625,105.8978042602539,104.92385368347168,0.03333333333333333
sensor_degradation,Sensor degradation,Degradation severity (%),80.0,80,0,expected_info_gain,Expected information gain,16,41001,4,30,33.203102111816406,118.18191528320312,101.89598426818844,0.0
sensor_degradation,Sensor degradation,Degradation severity (%),80.0,80,0,expected_info_gain,Expected information gain,17,41001,5,30,17.530820846557617,98.21334838867188,89.28017005920405,0.03333333333333333
sensor_degradation,Sensor degradation,Degradation severity (%),80.0,80,0,expected_info_gain,Expected information gain,18,41001,6,30,23.096921920776367,120.18521118164062,112.4742710113525,0.03333333333333333
sensor_degradation,Sensor degradation,Degradation severity (%),80.0,80,0,expected_info_gain,Expected information gain,19,41001,7,30,27.45999526977539,114.55973052978516,97.06253662109374,0.06666666666666667
sensor_degradation,Sensor degradation,Degradation severity (%),80.0,80,0,expected_info_gain,Expected information gain,20,41001,8,30,15.020812034606934,105.45742797851562,83.49850578308104,0.06666666666666667
sensor_degradation,Sensor degradation,Degradation severity (%),80.0,80,0,expected_info_gain,Expected information gain,21,41001,9,30,37.42008590698242,113.92131805419922,103.23758239746093,0.0
sensor_degradation,Sensor degradation,Degradation severity (%),80.0,80,0,expected_info_gain,Expected information gain,22,41001,10,30,39.411685943603516,107.21253967285156,106.35007553100586,0.0
sensor_degradation,Sensor degradation,Degradation severity (%),80.0,80,0,expected_info_gain,Expected information gain,23,41001,11,30,33.063232421875,108.67770385742188,104.40048141479492,0.06666666666666667
sensor_degradation,Sensor degradation,Degradation severity (%),80.0,80,0,flat_lstm,Flat LSTM,0,41000,0,30,14.229716300964355,79.26815795898438,42.791478729248006,0.0
sensor_degradation,Sensor degradation,Degradation severity (%),80.0,80,0,flat_lstm,Flat LSTM,1,41000,1,30,25.081348419189453,120.2274169921875,108.88887672424313,0.0
sensor_degradation,Sensor degradation,Degradation severity (%),80.0,80,0,flat_lstm,Flat LSTM,2,41000,2,30,5.36945104598999,20.019044876098633,17.09817676544189,0.03333333333333333
sensor_degradation,Sensor degradation,Degradation severity (%),80.0,80,0,flat_lstm,Flat LSTM,3,41000,3,30,6.453271389007568,116.61895751953125,13.525682926177971,0.0
sensor_degradation,Sensor degradation,Degradation severity (%),80.0,80,0,flat_lstm,Flat LSTM,4,41000,4,30,19.765777587890625,119.524169921875,116.10417327880859,0.03333333333333333
sensor_degradation,Sensor degradation,Degradation severity (%),80.0,80,0,flat_lstm,Flat LSTM,5,41000,5,30,28.084367752075195,99.80364990234375,94.92775230407713,0.0
sensor_degradation,Sensor degradation,Degradation severity (%),80.0,80,0,flat_lstm,Flat LSTM,6,41000,6,30,16.973691940307617,120.21784973144531,76.27017211914057,0.03333333333333333
sensor_degradation,Sensor degradation,Degradation severity (%),80.0,80,0,flat_lstm,Flat LSTM,7,41000,7,30,1.6578272581100464,10.424712181091309,6.446350622177109,0.03333333333333333
sensor_degradation,Sensor degradation,Degradation severity (%),80.0,80,0,flat_lstm,Flat LSTM,8,41000,8,30,41.40032958984375,119.18769073486328,114.56258354187008,0.0
sensor_degradation,Sensor degradation,Degradation severity (%),80.0,80,0,flat_lstm,Flat LSTM,9,41000,9,30,15.733933448791504,102.82980346679688,84.73753776550284,0.03333333333333333
sensor_degradation,Sensor degradation,Degradation severity (%),80.0,80,0,flat_lstm,Flat LSTM,10,41000,10,30,31.05031967163086,119.98552703857422,111.27343254089352,0.0
sensor_degradation,Sensor degradation,Degradation severity (%),80.0,80,0,flat_lstm,Flat LSTM,11,41000,11,30,10.603352546691895,120.46368408203125,75.51582107543916,0.06666666666666667
sensor_degradation,Sensor degradation,Degradation severity (%),80.0,80,0,flat_lstm,Flat LSTM,12,41001,0,30,28.038938522338867,107.39122009277344,102.81279830932615,0.03333333333333333
sensor_degradation,Sensor degradation,Degradation severity (%),80.0,80,0,flat_lstm,Flat LSTM,13,41001,1,30,34.188743591308594,119.70397186279297,117.10299072265624,0.0
sensor_degradation,Sensor degradation,Degradation severity (%),80.0,80,0,flat_lstm,Flat LSTM,14,41001,2,30,13.876673698425293,116.30419921875,55.093648910522354,0.0
sensor_degradation,Sensor degradation,Degradation severity (%),80.0,80,0,flat_lstm,Flat LSTM,15,41001,3,30,30.67556381225586,102.36079406738281,88.76693077087403,0.03333333333333333
sensor_degradation,Sensor degradation,Degradation severity (%),80.0,80,0,flat_lstm,Flat LSTM,16,41001,4,30,18.15907859802246,90.26617431640625,62.21319065093978,0.0
sensor_degradation,Sensor degradation,Degradation severity (%),80.0,80,0,flat_lstm,Flat LSTM,17,41001,5,30,17.890735626220703,119.18167114257812,72.5080287933348,0.0
sensor_degradation,Sensor degradation,Degradation severity (%),80.0,80,0,flat_lstm,Flat LSTM,18,41001,6,30,20.86211585998535,118.5390625,110.521312713623,0.03333333333333333
sensor_degradation,Sensor degradation,Degradation severity (%),80.0,80,0,flat_lstm,Flat LSTM,19,41001,7,30,6.9371113777160645,87.89246368408203,18.52279219627377,0.0
sensor_degradation,Sensor degradation,Degradation severity (%),80.0,80,0,flat_lstm,Flat LSTM,20,41001,8,30,2.451244831085205,18.355520248413086,11.940899515151976,0.03333333333333333
sensor_degradation,Sensor degradation,Degradation severity (%),80.0,80,0,flat_lstm,Flat LSTM,21,41001,9,30,16.294553756713867,115.59461975097656,64.05219650268543,0.03333333333333333
sensor_degradation,Sensor degradation,Degradation severity (%),80.0,80,0,flat_lstm,Flat LSTM,22,41001,10,30,33.742069244384766,119.79475402832031,114.6678241729736,0.0
sensor_degradation,Sensor degradation,Degradation severity (%),80.0,80,0,flat_lstm,Flat LSTM,23,41001,11,30,16.797609329223633,119.96907043457031,112.97661666870115,0.0
sensor_degradation,Sensor degradation,Degradation severity (%),80.0,80,0,pointer_lstm,Attention-LSTM pointer,0,41000,0,30,15.688403129577637,113.0635986328125,102.10894889831539,0.03333333333333333
sensor_degradation,Sensor degradation,Degradation severity (%),80.0,80,0,pointer_lstm,Attention-LSTM pointer,1,41000,1,30,5.1271467208862305,85.85071563720703,27.27614307403552,0.06666666666666667
sensor_degradation,Sensor degradation,Degradation severity (%),80.0,80,0,pointer_lstm,Attention-LSTM pointer,2,41000,2,30,6.122302055358887,84.51025390625,35.25090961456287,0.06666666666666667
sensor_degradation,Sensor degradation,Degradation severity (%),80.0,80,0,pointer_lstm,Attention-LSTM pointer,3,41000,3,30,0.8465347290039062,5.616799354553223,1.9766903758049004,0.2
sensor_degradation,Sensor degradation,Degradation severity (%),80.0,80,0,pointer_lstm,Attention-LSTM pointer,4,41000,4,30,5.6577606201171875,106.27044677734375,11.036736774444577,0.1
sensor_degradation,Sensor degradation,Degradation severity (%),80.0,80,0,pointer_lstm,Attention-LSTM pointer,5,41000,5,30,3.560931444168091,23.766651153564453,17.56429119110104,0.06666666666666667
sensor_degradation,Sensor degradation,Degradation severity (%),80.0,80,0,pointer_lstm,Attention-LSTM pointer,6,41000,6,30,3.495286226272583,28.75989532470703,12.921576261520377,0.06666666666666667
sensor_degradation,Sensor degradation,Degradation severity (%),80.0,80,0,pointer_lstm,Attention-LSTM pointer,7,41000,7,30,2.111220121383667,15.316990852355957,5.730874705314633,0.06666666666666667
sensor_degradation,Sensor degradation,Degradation severity (%),80.0,80,0,pointer_lstm,Attention-LSTM pointer,8,41000,8,30,10.03246784210205,108.34799194335938,59.04059162139875,0.06666666666666667
sensor_degradation,Sensor degradation,Degradation severity (%),80.0,80,0,pointer_lstm,Attention-LSTM pointer,9,41000,9,30,3.1997649669647217,61.77482986450195,5.962397146224964,0.06666666666666667
sensor_degradation,Sensor degradation,Degradation severity (%),80.0,80,0,pointer_lstm,Attention-LSTM pointer,10,41000,10,30,5.374831676483154,48.623199462890625,24.71161918640134,0.1
sensor_degradation,Sensor degradation,Degradation severity (%),80.0,80,0,pointer_lstm,Attention-LSTM pointer,11,41000,11,30,1.9390854835510254,34.76826477050781,6.881748199462861,0.16666666666666666
sensor_degradation,Sensor degradation,Degradation severity (%),80.0,80,0,pointer_lstm,Attention-LSTM pointer,12,41001,0,30,20.811092376708984,105.54595947265625,97.54141616821285,0.03333333333333333
sensor_degradation,Sensor degradation,Degradation severity (%),80.0,80,0,pointer_lstm,Attention-LSTM pointer,13,41001,1,30,8.750922203063965,107.4018325805664,61.23193778991681,0.1
sensor_degradation,Sensor degradation,Degradation severity (%),80.0,80,0,pointer_lstm,Attention-LSTM pointer,14,41001,2,30,10.916508674621582,65.91279602050781,57.6290161132812,0.0
sensor_degradation,Sensor degradation,Degradation severity (%),80.0,80,0,pointer_lstm,Attention-LSTM pointer,15,41001,3,30,15.375779151916504,115.47103118896484,99.39407119750973,0.03333333333333333
sensor_degradation,Sensor degradation,Degradation severity (%),80.0,80,0,pointer_lstm,Attention-LSTM pointer,16,41001,4,30,1.560545802116394,19.03412628173828,5.464362299442283,0.06666666666666667
sensor_degradation,Sensor degradation,Degradation severity (%),80.0,80,0,pointer_lstm,Attention-LSTM pointer,17,41001,5,30,10.39343547821045,108.59423828125,68.7630218505857,0.16666666666666666
sensor_degradation,Sensor degradation,Degradation severity (%),80.0,80,0,pointer_lstm,Attention-LSTM pointer,18,41001,6,30,1.2243711948394775,8.143915176391602,5.275623321533189,0.1
sensor_degradation,Sensor degradation,Degradation severity (%),80.0,80,0,pointer_lstm,Attention-LSTM pointer,19,41001,7,30,0.6073310971260071,1.4474067687988281,1.318629074096679,0.03333333333333333
sensor_degradation,Sensor degradation,Degradation severity (%),80.0,80,0,pointer_lstm,Attention-LSTM pointer,20,41001,8,30,5.137701034545898,115.60983276367188,10.438403749465934,0.06666666666666667
sensor_degradation,Sensor degradation,Degradation severity (%),80.0,80,0,pointer_lstm,Attention-LSTM pointer,21,41001,9,30,5.695481300354004,117.05693817138672,17.550163459777757,0.03333333333333333
sensor_degradation,Sensor degradation,Degradation severity (%),80.0,80,0,pointer_lstm,Attention-LSTM pointer,22,41001,10,30,14.048023223876953,104.20176696777344,73.29722537994377,0.03333333333333333
sensor_degradation,Sensor degradation,Degradation severity (%),80.0,80,0,pointer_lstm,Attention-LSTM pointer,23,41001,11,30,19.303621292114258,108.73933410644531,91.9525726318359,0.03333333333333333
sensor_degradation,Sensor degradation,Degradation severity (%),100.0,100,0,expected_info_gain,Expected information gain,0,41000,0,30,32.008670806884766,108.93759155273438,104.7958786010742,0.0
sensor_degradation,Sensor degradation,Degradation severity (%),100.0,100,0,expected_info_gain,Expected information gain,1,41000,1,30,44.59364318847656,108.59745025634766,102.61110305786133,0.0
sensor_degradation,Sensor degradation,Degradation severity (%),100.0,100,0,expected_info_gain,Expected information gain,2,41000,2,30,62.317691802978516,108.11075592041016,107.60578384399415,0.0
sensor_degradation,Sensor degradation,Degradation severity (%),100.0,100,0,expected_info_gain,Expected information gain,3,41000,3,30,34.5476188659668,107.64008331298828,104.84492454528807,0.0
sensor_degradation,Sensor degradation,Degradation severity (%),100.0,100,0,expected_info_gain,Expected information gain,4,41000,4,30,46.89986801147461,105.07073211669922,101.94154052734375,0.0
sensor_degradation,Sensor degradation,Degradation severity (%),100.0,100,0,expected_info_gain,Expected information gain,5,41000,5,30,47.29661178588867,108.8243179321289,107.45287590026855,0.0
sensor_degradation,Sensor degradation,Degradation severity (%),100.0,100,0,expected_info_gain,Expected information gain,6,41000,6,30,40.26466369628906,107.78108978271484,105.33913803100586,0.0
sensor_degradation,Sensor degradation,Degradation severity (%),100.0,100,0,expected_info_gain,Expected information gain,7,41000,7,30,21.022851943969727,89.19654846191406,78.87386169433593,0.0
sensor_degradation,Sensor degradation,Degradation severity (%),100.0,100,0,expected_info_gain,Expected information gain,8,41000,8,30,36.44297790527344,108.34799194335938,104.64605979919433,0.0
sensor_degradation,Sensor degradation,Degradation severity (%),100.0,100,0,expected_info_gain,Expected information gain,9,41000,9,30,42.45140838623047,110.21481323242188,108.0126953125,0.0
sensor_degradation,Sensor degradation,Degradation severity (%),100.0,100,0,expected_info_gain,Expected information gain,10,41000,10,30,42.40147018432617,104.3922348022461,101.52854728698729,0.0
sensor_degradation,Sensor degradation,Degradation severity (%),100.0,100,0,expected_info_gain,Expected information gain,11,41000,11,30,26.028125762939453,102.18053436279297,96.47977867126464,0.0
sensor_degradation,Sensor degradation,Degradation severity (%),100.0,100,0,expected_info_gain,Expected information gain,12,41001,0,30,46.87735366821289,108.34803009033203,105.39818267822265,0.0
sensor_degradation,Sensor degradation,Degradation severity (%),100.0,100,0,expected_info_gain,Expected information gain,13,41001,1,30,54.58533477783203,108.84840393066406,107.50259399414062,0.0
sensor_degradation,Sensor degradation,Degradation severity (%),100.0,100,0,expected_info_gain,Expected information gain,14,41001,2,30,31.18659019470215,106.38421630859375,104.77228507995605,0.0
sensor_degradation,Sensor degradation,Degradation severity (%),100.0,100,0,expected_info_gain,Expected information gain,15,41001,3,30,58.440738677978516,108.5318374633789,107.11444931030273,0.0
sensor_degradation,Sensor degradation,Degradation severity (%),100.0,100,0,expected_info_gain,Expected information gain,16,41001,4,30,37.72232437133789,108.2085189819336,107.79176864624023,0.0
sensor_degradation,Sensor degradation,Degradation severity (%),100.0,100,0,expected_info_gain,Expected information gain,17,41001,5,30,39.63169479370117,115.08767700195312,110.59411315917966,0.0
sensor_degradation,Sensor degradation,Degradation severity (%),100.0,100,0,expected_info_gain,Expected information gain,18,41001,6,30,47.25303649902344,116.73764038085938,106.56532707214355,0.0
sensor_degradation,Sensor degradation,Degradation severity (%),100.0,100,0,expected_info_gain,Expected information gain,19,41001,7,30,59.46294021606445,118.74613189697266,112.59466247558592,0.0
sensor_degradation,Sensor degradation,Degradation severity (%),100.0,100,0,expected_info_gain,Expected information gain,20,41001,8,30,15.200215339660645,85.25608825683594,68.80070686340322,0.03333333333333333
sensor_degradation,Sensor degradation,Degradation severity (%),100.0,100,0,expected_info_gain,Expected information gain,21,41001,9,30,50.57179641723633,117.70083618164062,112.18997497558591,0.0
sensor_degradation,Sensor degradation,Degradation severity (%),100.0,100,0,expected_info_gain,Expected information gain,22,41001,10,30,48.49099349975586,107.12806701660156,105.25869178771973,0.0
sensor_degradation,Sensor degradation,Degradation severity (%),100.0,100,0,expected_info_gain,Expected information gain,23,41001,11,30,63.7325553894043,108.73933410644531,108.52048606872559,0.0
sensor_degradation,Sensor degradation,Degradation severity (%),100.0,100,0,flat_lstm,Flat LSTM,0,41000,0,30,49.45804214477539,119.66068267822266,108.44000778198242,0.0
sensor_degradation,Sensor degradation,Degradation severity (%),100.0,100,0,flat_lstm,Flat LSTM,1,41000,1,30,27.199657440185547,120.53458404541016,114.76250991821286,0.0
sensor_degradation,Sensor degradation,Degradation severity (%),100.0,100,0,flat_lstm,Flat LSTM,2,41000,2,30,60.733158111572266,108.52742004394531,107.94399719238281,0.0
sensor_degradation,Sensor degradation,Degradation severity (%),100.0,100,0,flat_lstm,Flat LSTM,3,41000,3,30,14.339750289916992,115.91590881347656,71.76829147338847,0.0
sensor_degradation,Sensor degradation,Degradation severity (%),100.0,100,0,flat_lstm,Flat LSTM,4,41000,4,30,40.429832458496094,121.22721862792969,112.09519271850583,0.0
sensor_degradation,Sensor degradation,Degradation severity (%),100.0,100,0,flat_lstm,Flat LSTM,5,41000,5,30,47.72491455078125,121.70596313476562,107.3749828338623,0.0
sensor_degradation,Sensor degradation,Degradation severity (%),100.0,100,0,flat_lstm,Flat LSTM,6,41000,6,30,26.010934829711914,108.9849853515625,99.79731864929195,0.0
sensor_degradation,Sensor degradation,Degradation severity (%),100.0,100,0,flat_lstm,Flat LSTM,7,41000,7,30,21.667659759521484,117.2987060546875,88.18712997436518,0.0
sensor_degradation,Sensor degradation,Degradation severity (%),100.0,100,0,flat_lstm,Flat LSTM,8,41000,8,30,41.63169860839844,120.67039489746094,119.71444282531738,0.0
sensor_degradation,Sensor degradation,Degradation severity (%),100.0,100,0,flat_lstm,Flat LSTM,9,41000,9,30,24.186901092529297,105.93912506103516,104.33611755371093,0.0
sensor_degradation,Sensor degradation,Degradation severity (%),100.0,100,0,flat_lstm,Flat LSTM,10,41000,10,30,59.345821380615234,114.6213150024414,108.9428581237793,0.0
sensor_degradation,Sensor degradation,Degradation severity (%),100.0,100,0,flat_lstm,Flat LSTM,11,41000,11,30,12.16147232055664,115.37869262695312,48.732578277587734,0.0
sensor_degradation,Sensor degradation,Degradation severity (%),100.0,100,0,flat_lstm,Flat LSTM,12,41001,0,30,55.560096740722656,118.65185546875,107.84562492370605,0.0
sensor_degradation,Sensor degradation,Degradation severity (%),100.0,100,0,flat_lstm,Flat LSTM,13,41001,1,30,47.2905158996582,118.18522644042969,112.32152519226072,0.0
sensor_degradation,Sensor degradation,Degradation severity (%),100.0,100,0,flat_lstm,Flat LSTM,14,41001,2,30,33.38422775268555,120.14920806884766,111.84571151733395,0.0
sensor_degradation,Sensor degradation,Degradation severity (%),100.0,100,0,flat_lstm,Flat LSTM,15,41001,3,30,51.86509704589844,117.76317596435547,108.29939842224121,0.0
sensor_degradation,Sensor degradation,Degradation severity (%),100.0,100,0,flat_lstm,Flat LSTM,16,41001,4,30,25.292442321777344,107.42878723144531,97.14100532531737,0.0
sensor_degradation,Sensor degradation,Degradation severity (%),100.0,100,0,flat_lstm,Flat LSTM,17,41001,5,30,40.04397964477539,120.46054077148438,115.16044120788573,0.0
sensor_degradation,Sensor degradation,Degradation severity (%),100.0,100,0,flat_lstm,Flat LSTM,18,41001,6,30,34.5545539855957,108.73558807373047,105.05070838928222,0.0
sensor_degradation,Sensor degradation,Degradation severity (%),100.0,100,0,flat_lstm,Flat LSTM,19,41001,7,30,44.75029373168945,121.20796203613281,120.39974365234374,0.0
sensor_degradation,Sensor degradation,Degradation severity (%),100.0,100,0,flat_lstm,Flat LSTM,20,41001,8,30,12.982940673828125,115.3466567993164,73.2143951416013,0.0
sensor_degradation,Sensor degradation,Degradation severity (%),100.0,100,0,flat_lstm,Flat LSTM,21,41001,9,30,63.18489456176758,121.9061279296875,113.71508216857909,0.0
sensor_degradation,Sensor degradation,Degradation severity (%),100.0,100,0,flat_lstm,Flat LSTM,22,41001,10,30,56.3087158203125,109.17871856689453,108.25173225402833,0.0
sensor_degradation,Sensor degradation,Degradation severity (%),100.0,100,0,flat_lstm,Flat LSTM,23,41001,11,30,49.81999206542969,108.73933410644531,108.24084205627442,0.0
sensor_degradation,Sensor degradation,Degradation severity (%),100.0,100,0,pointer_lstm,Attention-LSTM pointer,0,41000,0,30,30.29490089416504,119.26995849609375,107.02050819396968,0.0
sensor_degradation,Sensor degradation,Degradation severity (%),100.0,100,0,pointer_lstm,Attention-LSTM pointer,1,41000,1,30,6.563370704650879,85.76651763916016,25.71825103759764,0.03333333333333333
sensor_degradation,Sensor degradation,Degradation severity (%),100.0,100,0,pointer_lstm,Attention-LSTM pointer,2,41000,2,30,14.061043739318848,114.66197967529297,102.29907150268552,0.0
sensor_degradation,Sensor degradation,Degradation severity (%),100.0,100,0,pointer_lstm,Attention-LSTM pointer,3,41000,3,30,20.247060775756836,119.90059661865234,113.8418964385986,0.03333333333333333
sensor_degradation,Sensor degradation,Degradation severity (%),100.0,100,0,pointer_lstm,Attention-LSTM pointer,4,41000,4,30,16.28521156311035,115.47917175292969,102.82698783874511,0.0
sensor_degradation,Sensor degradation,Degradation severity (%),100.0,100,0,pointer_lstm,Attention-LSTM pointer,5,41000,5,30,9.607830047607422,115.19747924804688,31.441781997680657,0.03333333333333333
sensor_degradation,Sensor degradation,Degradation severity (%),100.0,100,0,pointer_lstm,Attention-LSTM pointer,6,41000,6,30,10.152457237243652,107.78108978271484,48.99122428894033,0.03333333333333333
sensor_degradation,Sensor degradation,Degradation severity (%),100.0,100,0,pointer_lstm,Attention-LSTM pointer,7,41000,7,30,20.30500602722168,118.88306427001953,98.78555488586423,0.03333333333333333
sensor_degradation,Sensor degradation,Degradation severity (%),100.0,100,0,pointer_lstm,Attention-LSTM pointer,8,41000,8,30,28.26441764831543,108.58628845214844,101.82336921691893,0.0
sensor_degradation,Sensor degradation,Degradation severity (%),100.0,100,0,pointer_lstm,Attention-LSTM pointer,9,41000,9,30,9.096348762512207,118.50047302246094,63.03791961669896,0.0
sensor_degradation,Sensor degradation,Degradation severity (%),100.0,100,0,pointer_lstm,Attention-LSTM pointer,10,41000,10,30,29.347164154052734,119.52330017089844,107.84654617309569,0.0
sensor_degradation,Sensor degradation,Degradation severity (%),100.0,100,0,pointer_lstm,Attention-LSTM pointer,11,41000,11,30,7.812713623046875,37.44337844848633,30.485003471374505,0.06666666666666667
sensor_degradation,Sensor degradation,Degradation severity (%),100.0,100,0,pointer_lstm,Attention-LSTM pointer,12,41001,0,30,35.653804779052734,114.51628112792969,109.64941482543945,0.0
sensor_degradation,Sensor degradation,Degradation severity (%),100.0,100,0,pointer_lstm,Attention-LSTM pointer,13,41001,1,30,28.64969253540039,106.24824523925781,102.55756072998047,0.0
sensor_degradation,Sensor degradation,Degradation severity (%),100.0,100,0,pointer_lstm,Attention-LSTM pointer,14,41001,2,30,16.04346466064453,119.13882446289062,71.62328224182107,0.0
sensor_degradation,Sensor degradation,Degradation severity (%),100.0,100,0,pointer_lstm,Attention-LSTM pointer,15,41001,3,30,22.100788116455078,113.6960220336914,101.99383506774899,0.03333333333333333
sensor_degradation,Sensor degradation,Degradation severity (%),100.0,100,0,pointer_lstm,Attention-LSTM pointer,16,41001,4,30,4.931711196899414,21.188243865966797,19.776268863677977,0.03333333333333333
sensor_degradation,Sensor degradation,Degradation severity (%),100.0,100,0,pointer_lstm,Attention-LSTM pointer,17,41001,5,30,16.605430603027344,110.20868682861328,100.73712120056148,0.06666666666666667
sensor_degradation,Sensor degradation,Degradation severity (%),100.0,100,0,pointer_lstm,Attention-LSTM pointer,18,41001,6,30,25.40247917175293,117.40145874023438,109.49544372558593,0.0
sensor_degradation,Sensor degradation,Degradation severity (%),100.0,100,0,pointer_lstm,Attention-LSTM pointer,19,41001,7,30,14.981478691101074,116.2198486328125,94.2701595306396,0.03333333333333333
sensor_degradation,Sensor degradation,Degradation severity (%),100.0,100,0,pointer_lstm,Attention-LSTM pointer,20,41001,8,30,13.92602825164795,119.61982727050781,77.6337141036986,0.06666666666666667
sensor_degradation,Sensor degradation,Degradation severity (%),100.0,100,0,pointer_lstm,Attention-LSTM pointer,21,41001,9,30,25.101158142089844,116.94510650634766,114.48986206054687,0.0
sensor_degradation,Sensor degradation,Degradation severity (%),100.0,100,0,pointer_lstm,Attention-LSTM pointer,22,41001,10,30,21.58525276184082,115.7315673828125,111.44725265502927,0.03333333333333333
sensor_degradation,Sensor degradation,Degradation severity (%),100.0,100,0,pointer_lstm,Attention-LSTM pointer,23,41001,11,30,20.17962074279785,108.73933410644531,103.80049095153805,0.0
measurement_noise,Measurement noise,Measurement noise (m),50.0,50,1,expected_info_gain,Expected information gain,0,41000,0,30,0.88933265209198,2.8182387351989746,2.5746898293495173,0.06666666666666667
measurement_noise,Measurement noise,Measurement noise (m),50.0,50,1,expected_info_gain,Expected information gain,1,41000,1,30,0.4364413917064667,0.9071905612945557,0.8825337797403334,0.03333333333333333
measurement_noise,Measurement noise,Measurement noise (m),50.0,50,1,expected_info_gain,Expected information gain,2,41000,2,30,3.388972520828247,42.18659210205078,17.672280502319268,0.13333333333333333
measurement_noise,Measurement noise,Measurement noise (m),50.0,50,1,expected_info_gain,Expected information gain,3,41000,3,30,0.6651638150215149,2.4598774909973145,1.957763087749479,0.2
measurement_noise,Measurement noise,Measurement noise (m),50.0,50,1,expected_info_gain,Expected information gain,4,41000,4,30,0.7778584957122803,2.090914487838745,1.8680544435977924,0.06666666666666667
measurement_noise,Measurement noise,Measurement noise (m),50.0,50,1,expected_info_gain,Expected information gain,5,41000,5,30,0.6013795137405396,3.0197882652282715,1.3968838155269596,0.1
measurement_noise,Measurement noise,Measurement noise (m),50.0,50,1,expected_info_gain,Expected information gain,6,41000,6,30,0.5012767910957336,1.2260682582855225,1.1372012794017787,0.16666666666666666
measurement_noise,Measurement noise,Measurement noise (m),50.0,50,1,expected_info_gain,Expected information gain,7,41000,7,30,0.627172589302063,2.7701022624969482,1.131330984830856,0.16666666666666666
measurement_noise,Measurement noise,Measurement noise (m),50.0,50,1,expected_info_gain,Expected information gain,8,41000,8,30,0.5038450360298157,0.9940693378448486,0.9326257556676862,0.13333333333333333
measurement_noise,Measurement noise,Measurement noise (m),50.0,50,1,expected_info_gain,Expected information gain,9,41000,9,30,0.4691925644874573,1.9379180669784546,1.0185003280639646,0.23333333333333334
measurement_noise,Measurement noise,Measurement noise (m),50.0,50,1,expected_info_gain,Expected information gain,10,41000,10,30,0.5276930928230286,1.3533055782318115,1.2393265902996056,0.13333333333333333
measurement_noise,Measurement noise,Measurement noise (m),50.0,50,1,expected_info_gain,Expected information gain,11,41000,11,30,0.5357144474983215,1.0502103567123413,0.8856424063444137,0.06666666666666667
measurement_noise,Measurement noise,Measurement noise (m),50.0,50,1,expected_info_gain,Expected information gain,12,41001,0,30,0.7072227001190186,1.4592335224151611,1.386705762147903,0.2
measurement_noise,Measurement noise,Measurement noise (m),50.0,50,1,expected_info_gain,Expected information gain,13,41001,1,30,0.833732008934021,3.914825916290283,2.81807652711868,0.16666666666666666
measurement_noise,Measurement noise,Measurement noise (m),50.0,50,1,expected_info_gain,Expected information gain,14,41001,2,30,0.604419469833374,1.3315902948379517,1.2281229019165039,0.06666666666666667
measurement_noise,Measurement noise,Measurement noise (m),50.0,50,1,expected_info_gain,Expected information gain,15,41001,3,30,1.0484193563461304,4.195164680480957,2.5826500535011268,0.1
measurement_noise,Measurement noise,Measurement noise (m),50.0,50,1,expected_info_gain,Expected information gain,16,41001,4,30,0.7000675797462463,4.064257621765137,1.404124402999877,0.06666666666666667
measurement_noise,Measurement noise,Measurement noise (m),50.0,50,1,expected_info_gain,Expected information gain,17,41001,5,30,0.5484256744384766,1.7157927751541138,1.2823491394519795,0.23333333333333334
measurement_noise,Measurement noise,Measurement noise (m),50.0,50,1,expected_info_gain,Expected information gain,18,41001,6,30,1.642101764678955,14.227099418640137,6.699669337272642,0.06666666666666667
measurement_noise,Measurement noise,Measurement noise (m),50.0,50,1,expected_info_gain,Expected information gain,19,41001,7,30,0.6591709852218628,2.061505079269409,1.5758298277854914,0.13333333333333333
measurement_noise,Measurement noise,Measurement noise (m),50.0,50,1,expected_info_gain,Expected information gain,20,41001,8,30,0.5894886255264282,1.491870403289795,1.1051654040813441,0.16666666666666666
measurement_noise,Measurement noise,Measurement noise (m),50.0,50,1,expected_info_gain,Expected information gain,21,41001,9,30,2.9468753337860107,41.19865798950195,6.3975422143936145,0.2
measurement_noise,Measurement noise,Measurement noise (m),50.0,50,1,expected_info_gain,Expected information gain,22,41001,10,30,0.5739468932151794,2.10353684425354,1.260304546356201,0.06666666666666667
measurement_noise,Measurement noise,Measurement noise (m),50.0,50,1,expected_info_gain,Expected information gain,23,41001,11,30,0.6473436951637268,1.8137253522872925,1.7733720600605012,0.1
measurement_noise,Measurement noise,Measurement noise (m),50.0,50,1,flat_lstm,Flat LSTM,0,41000,0,30,1.5591681003570557,10.863590240478516,5.481977653503416,0.1
measurement_noise,Measurement noise,Measurement noise (m),50.0,50,1,flat_lstm,Flat LSTM,1,41000,1,30,0.6076990365982056,2.7040247917175293,1.8901262938976258,0.13333333333333333
measurement_noise,Measurement noise,Measurement noise (m),50.0,50,1,flat_lstm,Flat LSTM,2,41000,2,30,1.0475397109985352,3.84989333152771,3.0553035259246815,0.13333333333333333
measurement_noise,Measurement noise,Measurement noise (m),50.0,50,1,flat_lstm,Flat LSTM,3,41000,3,30,0.6828124523162842,2.2376842498779297,1.9808942735195152,0.23333333333333334
measurement_noise,Measurement noise,Measurement noise (m),50.0,50,1,flat_lstm,Flat LSTM,4,41000,4,30,0.7596394419670105,2.5200932025909424,1.9270347774028775,0.1
measurement_noise,Measurement noise,Measurement noise (m),50.0,50,1,flat_lstm,Flat LSTM,5,41000,5,30,0.7018646001815796,2.0357909202575684,1.93680585026741,0.1
measurement_noise,Measurement noise,Measurement noise (m),50.0,50,1,flat_lstm,Flat LSTM,6,41000,6,30,0.7624981999397278,4.247733116149902,2.0520945310592635,0.2
measurement_noise,Measurement noise,Measurement noise (m),50.0,50,1,flat_lstm,Flat LSTM,7,41000,7,30,0.6589504480361938,2.152179002761841,1.9533274114131924,0.13333333333333333
measurement_noise,Measurement noise,Measurement noise (m),50.0,50,1,flat_lstm,Flat LSTM,8,41000,8,30,0.7553113102912903,2.7540504932403564,2.263793945312499,0.13333333333333333
measurement_noise,Measurement noise,Measurement noise (m),50.0,50,1,flat_lstm,Flat LSTM,9,41000,9,30,0.636222779750824,3.609217643737793,2.1316152691841097,0.23333333333333334
measurement_noise,Measurement noise,Measurement noise (m),50.0,50,1,flat_lstm,Flat LSTM,10,41000,10,30,1.3979185819625854,10.114509582519531,5.837766098976118,0.13333333333333333
measurement_noise,Measurement noise,Measurement noise (m),50.0,50,1,flat_lstm,Flat LSTM,11,41000,11,30,0.45983824133872986,1.8292917013168335,1.2871246933937062,0.23333333333333334
measurement_noise,Measurement noise,Measurement noise (m),50.0,50,1,flat_lstm,Flat LSTM,12,41001,0,30,0.912102460861206,3.004215717315674,2.573337233066558,0.16666666666666666
measurement_noise,Measurement noise,Measurement noise (m),50.0,50,1,flat_lstm,Flat LSTM,13,41001,1,30,0.882773220539093,3.201726198196411,2.6365779042243935,0.13333333333333333
measurement_noise,Measurement noise,Measurement noise (m),50.0,50,1,flat_lstm,Flat LSTM,14,41001,2,30,0.8709851503372192,4.027813911437988,2.891664838790887,0.06666666666666667
measurement_noise,Measurement noise,Measurement noise (m),50.0,50,1,flat_lstm,Flat LSTM,15,41001,3,30,0.8792780041694641,5.41661262512207,2.5612649679183948,0.16666666666666666
measurement_noise,Measurement noise,Measurement noise (m),50.0,50,1,flat_lstm,Flat LSTM,16,41001,4,30,0.7454552054405212,3.380619525909424,2.192505526542663,0.2
measurement_noise,Measurement noise,Measurement noise (m),50.0,50,1,flat_lstm,Flat LSTM,17,41001,5,30,0.688373327255249,2.2856709957122803,1.9849045932292937,0.2
measurement_noise,Measurement noise,Measurement noise (m),50.0,50,1,flat_lstm,Flat LSTM,18,41001,6,30,0.6883108615875244,2.744328022003174,2.532711946964264,0.2
measurement_noise,Measurement noise,Measurement noise (m),50.0,50,1,flat_lstm,Flat LSTM,19,41001,7,30,0.8131343126296997,4.575910568237305,2.7354378104209878,0.13333333333333333
measurement_noise,Measurement noise,Measurement noise (m),50.0,50,1,flat_lstm,Flat LSTM,20,41001,8,30,0.595333456993103,3.1928749084472656,1.4463220417499538,0.13333333333333333
measurement_noise,Measurement noise,Measurement noise (m),50.0,50,1,flat_lstm,Flat LSTM,21,41001,9,30,0.7123822569847107,3.149289846420288,2.5504507780075047,0.13333333333333333
measurement_noise,Measurement noise,Measurement noise (m),50.0,50,1,flat_lstm,Flat LSTM,22,41001,10,30,0.5165109634399414,1.8990838527679443,1.3360384702682486,0.16666666666666666
measurement_noise,Measurement noise,Measurement noise (m),50.0,50,1,flat_lstm,Flat LSTM,23,41001,11,30,0.6315031051635742,3.5186798572540283,1.5845452904701232,0.13333333333333333
measurement_noise,Measurement noise,Measurement noise (m),50.0,50,1,pointer_lstm,Attention-LSTM pointer,0,41000,0,30,0.5745923519134521,2.6904773712158203,1.7631370663642847,0.16666666666666666
measurement_noise,Measurement noise,Measurement noise (m),50.0,50,1,pointer_lstm,Attention-LSTM pointer,1,41000,1,30,0.42686188220977783,1.2532575130462646,0.953091350197791,0.13333333333333333
measurement_noise,Measurement noise,Measurement noise (m),50.0,50,1,pointer_lstm,Attention-LSTM pointer,2,41000,2,30,0.4754529893398285,2.599048137664795,1.0193147659301756,0.23333333333333334
measurement_noise,Measurement noise,Measurement noise (m),50.0,50,1,pointer_lstm,Attention-LSTM pointer,3,41000,3,30,0.4328922629356384,2.222836971282959,1.2719942390918721,0.26666666666666666
measurement_noise,Measurement noise,Measurement noise (m),50.0,50,1,pointer_lstm,Attention-LSTM pointer,4,41000,4,30,0.40217331051826477,1.514832615852356,0.8164203137159339,0.1
measurement_noise,Measurement noise,Measurement noise (m),50.0,50,1,pointer_lstm,Attention-LSTM pointer,5,41000,5,30,0.2788352370262146,0.6167962551116943,0.5083265632390974,0.36666666666666664
measurement_noise,Measurement noise,Measurement noise (m),50.0,50,1,pointer_lstm,Attention-LSTM pointer,6,41000,6,30,0.3811430037021637,1.9601657390594482,0.8175405442714686,0.26666666666666666
measurement_noise,Measurement noise,Measurement noise (m),50.0,50,1,pointer_lstm,Attention-LSTM pointer,7,41000,7,30,0.4220600426197052,1.236633539199829,0.8988598406314848,0.2
measurement_noise,Measurement noise,Measurement noise (m),50.0,50,1,pointer_lstm,Attention-LSTM pointer,8,41000,8,30,0.4088744819164276,1.3546098470687866,1.1221335023641577,0.23333333333333334
measurement_noise,Measurement noise,Measurement noise (m),50.0,50,1,pointer_lstm,Attention-LSTM pointer,9,41000,9,30,0.35560116171836853,0.9167998433113098,0.7388087689876555,0.3333333333333333
measurement_noise,Measurement noise,Measurement noise (m),50.0,50,1,pointer_lstm,Attention-LSTM pointer,10,41000,10,30,0.4688921570777893,1.0504677295684814,0.98805376291275,0.16666666666666666
measurement_noise,Measurement noise,Measurement noise (m),50.0,50,1,pointer_lstm,Attention-LSTM pointer,11,41000,11,30,0.31141892075538635,0.6049116849899292,0.5776414960622787,0.23333333333333334
measurement_noise,Measurement noise,Measurement noise (m),50.0,50,1,pointer_lstm,Attention-LSTM pointer,12,41001,0,30,0.4326367974281311,1.489823579788208,1.3065423488616932,0.2
measurement_noise,Measurement noise,Measurement noise (m),50.0,50,1,pointer_lstm,Attention-LSTM pointer,13,41001,1,30,0.4140162467956543,1.0364046096801758,0.8722803473472592,0.13333333333333333
measurement_noise,Measurement noise,Measurement noise (m),50.0,50,1,pointer_lstm,Attention-LSTM pointer,14,41001,2,30,0.3775832951068878,0.8654903769493103,0.7364336997270583,0.26666666666666666
measurement_noise,Measurement noise,Measurement noise (m),50.0,50,1,pointer_lstm,Attention-LSTM pointer,15,41001,3,30,0.5283119082450867,2.975306272506714,1.3293003559112546,0.16666666666666666
measurement_noise,Measurement noise,Measurement noise (m),50.0,50,1,pointer_lstm,Attention-LSTM pointer,16,41001,4,30,0.2961934804916382,0.5278434157371521,0.48502267301082597,0.16666666666666666
measurement_noise,Measurement noise,Measurement noise (m),50.0,50,1,pointer_lstm,Attention-LSTM pointer,17,41001,5,30,0.4415367543697357,1.2733500003814697,0.905996939539909,0.26666666666666666
measurement_noise,Measurement noise,Measurement noise (m),50.0,50,1,pointer_lstm,Attention-LSTM pointer,18,41001,6,30,0.3455788791179657,0.7042900919914246,0.6778794348239897,0.3
measurement_noise,Measurement noise,Measurement noise (m),50.0,50,1,pointer_lstm,Attention-LSTM pointer,19,41001,7,30,0.3712347149848938,1.5123635530471802,0.7075507342815399,0.2
measurement_noise,Measurement noise,Measurement noise (m),50.0,50,1,pointer_lstm,Attention-LSTM pointer,20,41001,8,30,0.4091784656047821,1.4908933639526367,1.098244670033453,0.2
measurement_noise,Measurement noise,Measurement noise (m),50.0,50,1,pointer_lstm,Attention-LSTM pointer,21,41001,9,30,0.4529096484184265,1.0656689405441284,0.9803973793983454,0.2
measurement_noise,Measurement noise,Measurement noise (m),50.0,50,1,pointer_lstm,Attention-LSTM pointer,22,41001,10,30,0.3865141272544861,1.3171706199645996,0.7846894949674604,0.23333333333333334
measurement_noise,Measurement noise,Measurement noise (m),50.0,50,1,pointer_lstm,Attention-LSTM pointer,23,41001,11,30,0.5260925889015198,2.27292799949646,1.2202054500579829,0.23333333333333334
measurement_noise,Measurement noise,Measurement noise (m),60.0,60,0,expected_info_gain,Expected information gain,0,41000,0,30,0.853781521320343,4.180454254150391,2.087209701538085,0.06666666666666667
measurement_noise,Measurement noise,Measurement noise (m),60.0,60,0,expected_info_gain,Expected information gain,1,41000,1,30,0.40756532549858093,0.7994071245193481,0.7478570282459258,0.03333333333333333
measurement_noise,Measurement noise,Measurement noise (m),60.0,60,0,expected_info_gain,Expected information gain,2,41000,2,30,1.5339707136154175,11.192140579223633,4.590329790115353,0.13333333333333333
measurement_noise,Measurement noise,Measurement noise (m),60.0,60,0,expected_info_gain,Expected information gain,3,41000,3,30,0.6866784691810608,1.779193639755249,1.3115436494350425,0.1
measurement_noise,Measurement noise,Measurement noise (m),60.0,60,0,expected_info_gain,Expected information gain,4,41000,4,30,0.9262785315513611,3.896635055541992,2.6420539200305897,0.13333333333333333
measurement_noise,Measurement noise,Measurement noise (m),60.0,60,0,expected_info_gain,Expected information gain,5,41000,5,30,0.8048772811889648,2.0175728797912598,1.9030354321002958,0.0
measurement_noise,Measurement noise,Measurement noise (m),60.0,60,0,expected_info_gain,Expected information gain,6,41000,6,30,0.5868528485298157,1.4601916074752808,1.0654546618461607,0.13333333333333333
measurement_noise,Measurement noise,Measurement noise (m),60.0,60,0,expected_info_gain,Expected information gain,7,41000,7,30,0.583709716796875,1.1710443496704102,1.0202282875776287,0.06666666666666667
measurement_noise,Measurement noise,Measurement noise (m),60.0,60,0,expected_info_gain,Expected information gain,8,41000,8,30,0.6627072095870972,2.7062387466430664,1.6049062013626074,0.13333333333333333
measurement_noise,Measurement noise,Measurement noise (m),60.0,60,0,expected_info_gain,Expected information gain,9,41000,9,30,0.5201296210289001,1.8783955574035645,1.2025783598423003,0.13333333333333333
measurement_noise,Measurement noise,Measurement noise (m),60.0,60,0,expected_info_gain,Expected information gain,10,41000,10,30,0.49628743529319763,1.1595170497894287,1.1010370433330534,0.13333333333333333
measurement_noise,Measurement noise,Measurement noise (m),60.0,60,0,expected_info_gain,Expected information gain,11,41000,11,30,0.6213714480400085,1.52666437625885,1.1777931213378905,0.06666666666666667
measurement_noise,Measurement noise,Measurement noise (m),60.0,60,0,expected_info_gain,Expected information gain,12,41001,0,30,0.8963829874992371,1.5906281471252441,1.3572949588298797,0.06666666666666667
measurement_noise,Measurement noise,Measurement noise (m),60.0,60,0,expected_info_gain,Expected information gain,13,41001,1,30,0.7082896828651428,2.6754908561706543,1.7347760617732988,0.13333333333333333
measurement_noise,Measurement noise,Measurement noise (m),60.0,60,0,expected_info_gain,Expected information gain,14,41001,2,30,0.622109055519104,1.5484282970428467,1.2589255034923545,0.06666666666666667
measurement_noise,Measurement noise,Measurement noise (m),60.0,60,0,expected_info_gain,Expected information gain,15,41001,3,30,1.0935884714126587,4.8871073722839355,2.2509708642959585,0.13333333333333333
measurement_noise,Measurement noise,Measurement noise (m),60.0,60,0,expected_info_gain,Expected information gain,16,41001,4,30,0.620320200920105,2.111077070236206,1.385990673303603,0.1
measurement_noise,Measurement noise,Measurement noise (m),60.0,60,0,expected_info_gain,Expected information gain,17,41001,5,30,0.6150566339492798,1.7514383792877197,1.4133926272392268,0.13333333333333333
measurement_noise,Measurement noise,Measurement noise (m),60.0,60,0,expected_info_gain,Expected information gain,18,41001,6,30,0.7918939590454102,1.9461601972579956,1.758086937665939,0.16666666666666666
measurement_noise,Measurement noise,Measurement noise (m),60.0,60,0,expected_info_gain,Expected information gain,19,41001,7,30,0.7448719143867493,2.143484354019165,1.9064472973346709,0.06666666666666667
measurement_noise,Measurement noise,Measurement noise (m),60.0,60,0,expected_info_gain,Expected information gain,20,41001,8,30,0.7641697525978088,1.8252936601638794,1.5318176090717313,0.06666666666666667
measurement_noise,Measurement noise,Measurement noise (m),60.0,60,0,expected_info_gain,Expected information gain,21,41001,9,30,1.3452837467193604,6.350705623626709,5.26446781158447,0.1
measurement_noise,Measurement noise,Measurement noise (m),60.0,60,0,expected_info_gain,Expected information gain,22,41001,10,30,0.6317955255508423,2.0200703144073486,1.3600163400173184,0.03333333333333333
measurement_noise,Measurement noise,Measurement noise (m),60.0,60,0,expected_info_gain,Expected information gain,23,41001,11,30,0.5970247983932495,1.5881764888763428,1.1177809357643125,0.16666666666666666
measurement_noise,Measurement noise,Measurement noise (m),60.0,60,0,flat_lstm,Flat LSTM,0,41000,0,30,0.8203920722007751,2.7796294689178467,2.517547214031218,0.06666666666666667
measurement_noise,Measurement noise,Measurement noise (m),60.0,60,0,flat_lstm,Flat LSTM,1,41000,1,30,0.793448805809021,2.656658411026001,2.0382448792457577,0.13333333333333333
measurement_noise,Measurement noise,Measurement noise (m),60.0,60,0,flat_lstm,Flat LSTM,2,41000,2,30,0.78983473777771,3.511575937271118,2.3390816569328297,0.13333333333333333
measurement_noise,Measurement noise,Measurement noise (m),60.0,60,0,flat_lstm,Flat LSTM,3,41000,3,30,0.6728566288948059,2.539374828338623,2.130506736040114,0.1
measurement_noise,Measurement noise,Measurement noise (m),60.0,60,0,flat_lstm,Flat LSTM,4,41000,4,30,0.9400803446769714,3.312201499938965,2.7698408961296077,0.1
measurement_noise,Measurement noise,Measurement noise (m),60.0,60,0,flat_lstm,Flat LSTM,5,41000,5,30,0.6879956126213074,2.601647138595581,2.1962453603744496,0.1
measurement_noise,Measurement noise,Measurement noise (m),60.0,60,0,flat_lstm,Flat LSTM,6,41000,6,30,0.7224598526954651,3.8547582626342773,1.9672441065311417,0.13333333333333333
measurement_noise,Measurement noise,Measurement noise (m),60.0,60,0,flat_lstm,Flat LSTM,7,41000,7,30,0.7664108872413635,2.991673707962036,2.254663085937499,0.13333333333333333
measurement_noise,Measurement noise,Measurement noise (m),60.0,60,0,flat_lstm,Flat LSTM,8,41000,8,30,0.8025192022323608,3.2034997940063477,2.273933321237562,0.06666666666666667
measurement_noise,Measurement noise,Measurement noise (m),60.0,60,0,flat_lstm,Flat LSTM,9,41000,9,30,0.6978699564933777,3.8130290508270264,1.9662173628807058,0.13333333333333333
measurement_noise,Measurement noise,Measurement noise (m),60.0,60,0,flat_lstm,Flat LSTM,10,41000,10,30,0.7139198184013367,2.466867208480835,1.3702717423439026,0.1
measurement_noise,Measurement noise,Measurement noise (m),60.0,60,0,flat_lstm,Flat LSTM,11,41000,11,30,0.572672426700592,2.1220414638519287,1.094363445043563,0.1
measurement_noise,Measurement noise,Measurement noise (m),60.0,60,0,flat_lstm,Flat LSTM,12,41001,0,30,0.9183799028396606,3.5065255165100098,2.8011852741241454,0.13333333333333333
measurement_noise,Measurement noise,Measurement noise (m),60.0,60,0,flat_lstm,Flat LSTM,13,41001,1,30,0.8544453382492065,3.071974515914917,2.210168761014936,0.13333333333333333
measurement_noise,Measurement noise,Measurement noise (m),60.0,60,0,flat_lstm,Flat LSTM,14,41001,2,30,0.986223578453064,4.641676425933838,3.1926157474517787,0.13333333333333333
measurement_noise,Measurement noise,Measurement noise (m),60.0,60,0,flat_lstm,Flat LSTM,15,41001,3,30,1.0303491353988647,4.485848426818848,4.187924289703369,0.2
measurement_noise,Measurement noise,Measurement noise (m),60.0,60,0,flat_lstm,Flat LSTM,16,41001,4,30,0.6864672899246216,2.399965763092041,1.92392138838768,0.13333333333333333
measurement_noise,Measurement noise,Measurement noise (m),60.0,60,0,flat_lstm,Flat LSTM,17,41001,5,30,0.7435983419418335,2.919867515563965,2.2172371029853775,0.16666666666666666
measurement_noise,Measurement noise,Measurement noise (m),60.0,60,0,flat_lstm,Flat LSTM,18,41001,6,30,0.7677619457244873,2.613004446029663,2.358279967308044,0.1
measurement_noise,Measurement noise,Measurement noise (m),60.0,60,0,flat_lstm,Flat LSTM,19,41001,7,30,0.953231692314148,4.602565765380859,2.5879531264305107,0.13333333333333333
measurement_noise,Measurement noise,Measurement noise (m),60.0,60,0,flat_lstm,Flat LSTM,20,41001,8,30,0.6441476941108704,1.5762290954589844,1.401101583242416,0.16666666666666666
measurement_noise,Measurement noise,Measurement noise (m),60.0,60,0,flat_lstm,Flat LSTM,21,41001,9,30,0.8834530115127563,3.9550108909606934,2.6886812925338734,0.16666666666666666
measurement_noise,Measurement noise,Measurement noise (m),60.0,60,0,flat_lstm,Flat LSTM,22,41001,10,30,0.6919386386871338,3.1292028427124023,1.7002847850322722,0.2
measurement_noise,Measurement noise,Measurement noise (m),60.0,60,0,flat_lstm,Flat LSTM,23,41001,11,30,0.46442410349845886,1.0039640665054321,0.9313488841056821,0.1
measurement_noise,Measurement noise,Measurement noise (m),60.0,60,0,pointer_lstm,Attention-LSTM pointer,0,41000,0,30,0.5712565183639526,2.9189834594726562,1.1852420985698697,0.13333333333333333
measurement_noise,Measurement noise,Measurement noise (m),60.0,60,0,pointer_lstm,Attention-LSTM pointer,1,41000,1,30,0.4830000698566437,1.3432341814041138,0.9069323986768721,0.1
measurement_noise,Measurement noise,Measurement noise (m),60.0,60,0,pointer_lstm,Attention-LSTM pointer,2,41000,2,30,0.500225841999054,1.5822854042053223,1.0416752040386197,0.16666666666666666
measurement_noise,Measurement noise,Measurement noise (m),60.0,60,0,pointer_lstm,Attention-LSTM pointer,3,41000,3,30,0.48544740676879883,2.5475049018859863,1.5084105908870684,0.23333333333333334
measurement_noise,Measurement noise,Measurement noise (m),60.0,60,0,pointer_lstm,Attention-LSTM pointer,4,41000,4,30,0.5009233355522156,2.679980993270874,1.169354322552679,0.16666666666666666
measurement_noise,Measurement noise,Measurement noise (m),60.0,60,0,pointer_lstm,Attention-LSTM pointer,5,41000,5,30,0.3806580901145935,2.0270936489105225,0.9260460793972002,0.3
measurement_noise,Measurement noise,Measurement noise (m),60.0,60,0,pointer_lstm,Attention-LSTM pointer,6,41000,6,30,0.4288821816444397,2.225294351577759,0.9066585183143603,0.13333333333333333
measurement_noise,Measurement noise,Measurement noise (m),60.0,60,0,pointer_lstm,Attention-LSTM pointer,7,41000,7,30,0.4406837224960327,1.0766698122024536,0.9457453697919842,0.23333333333333334
measurement_noise,Measurement noise,Measurement noise (m),60.0,60,0,pointer_lstm,Attention-LSTM pointer,8,41000,8,30,0.36698463559150696,0.9612240195274353,0.7095144540071482,0.26666666666666666
measurement_noise,Measurement noise,Measurement noise (m),60.0,60,0,pointer_lstm,Attention-LSTM pointer,9,41000,9,30,0.4104379415512085,0.9428001642227173,0.9284296423196793,0.26666666666666666
measurement_noise,Measurement noise,Measurement noise (m),60.0,60,0,pointer_lstm,Attention-LSTM pointer,10,41000,10,30,0.5042959451675415,1.2135834693908691,1.059264427423477,0.16666666666666666
measurement_noise,Measurement noise,Measurement noise (m),60.0,60,0,pointer_lstm,Attention-LSTM pointer,11,41000,11,30,0.3917185068130493,1.0001237392425537,0.7870622724294662,0.2
measurement_noise,Measurement noise,Measurement noise (m),60.0,60,0,pointer_lstm,Attention-LSTM pointer,12,41001,0,30,0.5064131021499634,1.7818629741668701,1.545273292064666,0.16666666666666666
measurement_noise,Measurement noise,Measurement noise (m),60.0,60,0,pointer_lstm,Attention-LSTM pointer,13,41001,1,30,0.45550981163978577,1.2178421020507812,1.0736287891864775,0.13333333333333333
measurement_noise,Measurement noise,Measurement noise (m),60.0,60,0,pointer_lstm,Attention-LSTM pointer,14,41001,2,30,0.4526200294494629,2.276412010192871,0.9710000008344648,0.3333333333333333
measurement_noise,Measurement noise,Measurement noise (m),60.0,60,0,pointer_lstm,Attention-LSTM pointer,15,41001,3,30,0.6403515338897705,2.4878625869750977,1.977814936637876,0.2
measurement_noise,Measurement noise,Measurement noise (m),60.0,60,0,pointer_lstm,Attention-LSTM pointer,16,41001,4,30,0.33399227261543274,0.610914945602417,0.5717606395483015,0.13333333333333333
measurement_noise,Measurement noise,Measurement noise (m),60.0,60,0,pointer_lstm,Attention-LSTM pointer,17,41001,5,30,0.4773750305175781,1.1236999034881592,1.057678002119064,0.26666666666666666
measurement_noise,Measurement noise,Measurement noise (m),60.0,60,0,pointer_lstm,Attention-LSTM pointer,18,41001,6,30,0.4158225357532501,0.9075088500976562,0.8107637822628019,0.2
measurement_noise,Measurement noise,Measurement noise (m),60.0,60,0,pointer_lstm,Attention-LSTM pointer,19,41001,7,30,0.4284956753253937,1.7738083600997925,0.8882300317287442,0.06666666666666667
measurement_noise,Measurement noise,Measurement noise (m),60.0,60,0,pointer_lstm,Attention-LSTM pointer,20,41001,8,30,0.42871421575546265,1.6655635833740234,0.8972987204790108,0.16666666666666666
measurement_noise,Measurement noise,Measurement noise (m),60.0,60,0,pointer_lstm,Attention-LSTM pointer,21,41001,9,30,0.5155914425849915,1.3387572765350342,1.0904450833797448,0.16666666666666666
measurement_noise,Measurement noise,Measurement noise (m),60.0,60,0,pointer_lstm,Attention-LSTM pointer,22,41001,10,30,0.4825459122657776,1.4959920644760132,1.1136984378099433,0.06666666666666667
measurement_noise,Measurement noise,Measurement noise (m),60.0,60,0,pointer_lstm,Attention-LSTM pointer,23,41001,11,30,0.4638388454914093,1.0665850639343262,0.9786663085222241,0.16666666666666666
measurement_noise,Measurement noise,Measurement noise (m),70.0,70,0,expected_info_gain,Expected information gain,0,41000,0,30,1.0720707178115845,4.764901161193848,3.1042078495025613,0.1
measurement_noise,Measurement noise,Measurement noise (m),70.0,70,0,expected_info_gain,Expected information gain,1,41000,1,30,0.413327693939209,1.2118126153945923,0.7982574403285976,0.13333333333333333
measurement_noise,Measurement noise,Measurement noise (m),70.0,70,0,expected_info_gain,Expected information gain,2,41000,2,30,1.7867939472198486,14.941380500793457,4.534718823432922,0.13333333333333333
measurement_noise,Measurement noise,Measurement noise (m),70.0,70,0,expected_info_gain,Expected information gain,3,41000,3,30,0.7759200930595398,2.636040449142456,2.177695667743682,0.06666666666666667
measurement_noise,Measurement noise,Measurement noise (m),70.0,70,0,expected_info_gain,Expected information gain,4,41000,4,30,1.0274722576141357,3.4811344146728516,2.511391818523406,0.1
measurement_noise,Measurement noise,Measurement noise (m),70.0,70,0,expected_info_gain,Expected information gain,5,41000,5,30,0.6473949551582336,2.604966878890991,1.790753340721128,0.13333333333333333
measurement_noise,Measurement noise,Measurement noise (m),70.0,70,0,expected_info_gain,Expected information gain,6,41000,6,30,0.6181568503379822,1.6625696420669556,1.210276913642883,0.13333333333333333
measurement_noise,Measurement noise,Measurement noise (m),70.0,70,0,expected_info_gain,Expected information gain,7,41000,7,30,0.6732482314109802,1.619694709777832,1.2585404932498925,0.1
measurement_noise,Measurement noise,Measurement noise (m),70.0,70,0,expected_info_gain,Expected information gain,8,41000,8,30,0.6689669489860535,2.6464176177978516,1.5641850650310505,0.06666666666666667
measurement_noise,Measurement noise,Measurement noise (m),70.0,70,0,expected_info_gain,Expected information gain,9,41000,9,30,0.5849989652633667,1.7012473344802856,1.2633292913436887,0.13333333333333333
measurement_noise,Measurement noise,Measurement noise (m),70.0,70,0,expected_info_gain,Expected information gain,10,41000,10,30,0.6249028444290161,1.5091404914855957,1.4513502955436706,0.06666666666666667
measurement_noise,Measurement noise,Measurement noise (m),70.0,70,0,expected_info_gain,Expected information gain,11,41000,11,30,0.5272746682167053,1.3727185726165771,1.0290041744709013,0.13333333333333333
measurement_noise,Measurement noise,Measurement noise (m),70.0,70,0,expected_info_gain,Expected information gain,12,41001,0,30,0.9202712774276733,1.8616578578948975,1.5395676434040069,0.1
measurement_noise,Measurement noise,Measurement noise (m),70.0,70,0,expected_info_gain,Expected information gain,13,41001,1,30,0.9657627940177917,3.1587347984313965,2.8547036647796618,0.1
measurement_noise,Measurement noise,Measurement noise (m),70.0,70,0,expected_info_gain,Expected information gain,14,41001,2,30,0.8849286437034607,2.75675106048584,2.514441132545471,0.06666666666666667
measurement_noise,Measurement noise,Measurement noise (m),70.0,70,0,expected_info_gain,Expected information gain,15,41001,3,30,1.107515811920166,6.059596538543701,2.779261052608487,0.1
measurement_noise,Measurement noise,Measurement noise (m),70.0,70,0,expected_info_gain,Expected information gain,16,41001,4,30,0.7976290583610535,2.0589804649353027,1.7518822491168973,0.06666666666666667
measurement_noise,Measurement noise,Measurement noise (m),70.0,70,0,expected_info_gain,Expected information gain,17,41001,5,30,0.7506989240646362,1.900948405265808,1.5633603692054745,0.16666666666666666
measurement_noise,Measurement noise,Measurement noise (m),70.0,70,0,expected_info_gain,Expected information gain,18,41001,6,30,0.6595110297203064,3.5395731925964355,1.1588893890380856,0.06666666666666667
measurement_noise,Measurement noise,Measurement noise (m),70.0,70,0,expected_info_gain,Expected information gain,19,41001,7,30,0.8994864225387573,3.159111976623535,2.339769995212555,0.06666666666666667
measurement_noise,Measurement noise,Measurement noise (m),70.0,70,0,expected_info_gain,Expected information gain,20,41001,8,30,0.9025630354881287,2.615532159805298,1.801146960258483,0.1
measurement_noise,Measurement noise,Measurement noise (m),70.0,70,0,expected_info_gain,Expected information gain,21,41001,9,30,3.9663567543029785,38.39415740966797,13.085775518417352,0.1
measurement_noise,Measurement noise,Measurement noise (m),70.0,70,0,expected_info_gain,Expected information gain,22,41001,10,30,0.652866005897522,1.8784143924713135,1.4795642673969265,0.03333333333333333
measurement_noise,Measurement noise,Measurement noise (m),70.0,70,0,expected_info_gain,Expected information gain,23,41001,11,30,0.6871894598007202,1.625157356262207,1.3430047810077668,0.06666666666666667
measurement_noise,Measurement noise,Measurement noise (m),70.0,70,0,flat_lstm,Flat LSTM,0,41000,0,30,1.147477626800537,6.698982238769531,3.9728763341903623,0.06666666666666667
measurement_noise,Measurement noise,Measurement noise (m),70.0,70,0,flat_lstm,Flat LSTM,1,41000,1,30,0.9703750014305115,4.170088768005371,2.8334513425827024,0.03333333333333333
measurement_noise,Measurement noise,Measurement noise (m),70.0,70,0,flat_lstm,Flat LSTM,2,41000,2,30,1.0882004499435425,4.035888671875,2.4835092306137065,0.06666666666666667
measurement_noise,Measurement noise,Measurement noise (m),70.0,70,0,flat_lstm,Flat LSTM,3,41000,3,30,0.7060717940330505,2.62540864944458,1.9584751546382897,0.06666666666666667
measurement_noise,Measurement noise,Measurement noise (m),70.0,70,0,flat_lstm,Flat LSTM,4,41000,4,30,1.0517503023147583,3.292339324951172,2.908708631992339,0.06666666666666667
measurement_noise,Measurement noise,Measurement noise (m),70.0,70,0,flat_lstm,Flat LSTM,5,41000,5,30,0.8642776608467102,2.793179988861084,2.3388468623161294,0.1
measurement_noise,Measurement noise,Measurement noise (m),70.0,70,0,flat_lstm,Flat LSTM,6,41000,6,30,0.6549866795539856,2.4801769256591797,1.6901643335819234,0.1
measurement_noise,Measurement noise,Measurement noise (m),70.0,70,0,flat_lstm,Flat LSTM,7,41000,7,30,0.7196311950683594,3.279489040374756,1.9266618132591242,0.03333333333333333
measurement_noise,Measurement noise,Measurement noise (m),70.0,70,0,flat_lstm,Flat LSTM,8,41000,8,30,0.7633318305015564,2.535600423812866,1.9442509293556207,0.16666666666666666
measurement_noise,Measurement noise,Measurement noise (m),70.0,70,0,flat_lstm,Flat LSTM,9,41000,9,30,0.850387454032898,3.447545289993286,2.7253510475158658,0.06666666666666667
measurement_noise,Measurement noise,Measurement noise (m),70.0,70,0,flat_lstm,Flat LSTM,10,41000,10,30,0.9900017976760864,4.164400577545166,2.26372617483139,0.06666666666666667
measurement_noise,Measurement noise,Measurement noise (m),70.0,70,0,flat_lstm,Flat LSTM,11,41000,11,30,0.6418256759643555,1.5094302892684937,1.3532748401165007,0.13333333333333333
measurement_noise,Measurement noise,Measurement noise (m),70.0,70,0,flat_lstm,Flat LSTM,12,41001,0,30,1.07330322265625,3.744356632232666,3.32793273925781,0.06666666666666667
measurement_noise,Measurement noise,Measurement noise (m),70.0,70,0,flat_lstm,Flat LSTM,13,41001,1,30,1.1292345523834229,3.982478618621826,3.4808606624603255,0.13333333333333333
measurement_noise,Measurement noise,Measurement noise (m),70.0,70,0,flat_lstm,Flat LSTM,14,41001,2,30,0.9878997206687927,3.013843297958374,2.0982534170150755,0.06666666666666667
measurement_noise,Measurement noise,Measurement noise (m),70.0,70,0,flat_lstm,Flat LSTM,15,41001,3,30,0.78005450963974,2.7869606018066406,1.9681403756141662,0.2
measurement_noise,Measurement noise,Measurement noise (m),70.0,70,0,flat_lstm,Flat LSTM,16,41001,4,30,0.9709888696670532,3.767418622970581,2.8474386215209933,0.1
measurement_noise,Measurement noise,Measurement noise (m),70.0,70,0,flat_lstm,Flat LSTM,17,41001,5,30,0.7455369830131531,3.0684621334075928,2.402284359931942,0.16666666666666666
measurement_noise,Measurement noise,Measurement noise (m),70.0,70,0,flat_lstm,Flat LSTM,18,41001,6,30,0.6373443007469177,2.884796619415283,2.175965082645412,0.13333333333333333
measurement_noise,Measurement noise,Measurement noise (m),70.0,70,0,flat_lstm,Flat LSTM,19,41001,7,30,0.937491774559021,4.851162910461426,2.2732673048973076,0.13333333333333333
measurement_noise,Measurement noise,Measurement noise (m),70.0,70,0,flat_lstm,Flat LSTM,20,41001,8,30,0.8396287560462952,2.9702978134155273,2.1354490458965287,0.13333333333333333
measurement_noise,Measurement noise,Measurement noise (m),70.0,70,0,flat_lstm,Flat LSTM,21,41001,9,30,0.8639276623725891,2.4757535457611084,2.3825519561767576,0.1
measurement_noise,Measurement noise,Measurement noise (m),70.0,70,0,flat_lstm,Flat LSTM,22,41001,10,30,0.7200378179550171,2.6924123764038086,1.9414084434509276,0.16666666666666666
measurement_noise,Measurement noise,Measurement noise (m),70.0,70,0,flat_lstm,Flat LSTM,23,41001,11,30,0.8176138997077942,2.651822805404663,2.4819702029228203,0.13333333333333333
measurement_noise,Measurement noise,Measurement noise (m),70.0,70,0,pointer_lstm,Attention-LSTM pointer,0,41000,0,30,0.6065104007720947,3.1065242290496826,1.3117191374301904,0.13333333333333333
measurement_noise,Measurement noise,Measurement noise (m),70.0,70,0,pointer_lstm,Attention-LSTM pointer,1,41000,1,30,0.5221758484840393,1.2695693969726562,1.0102758973836896,0.1
measurement_noise,Measurement noise,Measurement noise (m),70.0,70,0,pointer_lstm,Attention-LSTM pointer,2,41000,2,30,0.5615378022193909,1.3799362182617188,1.1866242408752439,0.13333333333333333
measurement_noise,Measurement noise,Measurement noise (m),70.0,70,0,pointer_lstm,Attention-LSTM pointer,3,41000,3,30,0.5465152263641357,2.5643503665924072,1.6902108192443837,0.16666666666666666
measurement_noise,Measurement noise,Measurement noise (m),70.0,70,0,pointer_lstm,Attention-LSTM pointer,4,41000,4,30,0.5583723187446594,2.3716073036193848,1.1578996419906609,0.06666666666666667
measurement_noise,Measurement noise,Measurement noise (m),70.0,70,0,pointer_lstm,Attention-LSTM pointer,5,41000,5,30,0.37290099263191223,0.8676459789276123,0.8051067233085629,0.13333333333333333
measurement_noise,Measurement noise,Measurement noise (m),70.0,70,0,pointer_lstm,Attention-LSTM pointer,6,41000,6,30,0.6186538338661194,3.4408795833587646,1.612473839521408,0.1
measurement_noise,Measurement noise,Measurement noise (m),70.0,70,0,pointer_lstm,Attention-LSTM pointer,7,41000,7,30,0.511125922203064,1.2362114191055298,1.0975465118885035,0.1
measurement_noise,Measurement noise,Measurement noise (m),70.0,70,0,pointer_lstm,Attention-LSTM pointer,8,41000,8,30,0.4611354470252991,1.3104374408721924,1.0319818615913385,0.1
measurement_noise,Measurement noise,Measurement noise (m),70.0,70,0,pointer_lstm,Attention-LSTM pointer,9,41000,9,30,0.493625670671463,1.1826343536376953,1.1543537735939027,0.16666666666666666
measurement_noise,Measurement noise,Measurement noise (m),70.0,70,0,pointer_lstm,Attention-LSTM pointer,10,41000,10,30,0.5512565970420837,1.2864501476287842,1.1638888776302336,0.13333333333333333
measurement_noise,Measurement noise,Measurement noise (m),70.0,70,0,pointer_lstm,Attention-LSTM pointer,11,41000,11,30,0.42433440685272217,0.8898316025733948,0.793509417772293,0.1
measurement_noise,Measurement noise,Measurement noise (m),70.0,70,0,pointer_lstm,Attention-LSTM pointer,12,41001,0,30,0.524332582950592,2.0086464881896973,1.202567636966705,0.13333333333333333
measurement_noise,Measurement noise,Measurement noise (m),70.0,70,0,pointer_lstm,Attention-LSTM pointer,13,41001,1,30,0.6557320356369019,1.965651035308838,1.6623458921909327,0.13333333333333333
measurement_noise,Measurement noise,Measurement noise (m),70.0,70,0,pointer_lstm,Attention-LSTM pointer,14,41001,2,30,0.4779242277145386,1.1519330739974976,1.0608119457960123,0.2
measurement_noise,Measurement noise,Measurement noise (m),70.0,70,0,pointer_lstm,Attention-LSTM pointer,15,41001,3,30,0.6166288256645203,2.645378828048706,1.2441311120986933,0.06666666666666667
measurement_noise,Measurement noise,Measurement noise (m),70.0,70,0,pointer_lstm,Attention-LSTM pointer,16,41001,4,30,0.3748745322227478,0.7066810131072998,0.6004683166742324,0.13333333333333333
measurement_noise,Measurement noise,Measurement noise (m),70.0,70,0,pointer_lstm,Attention-LSTM pointer,17,41001,5,30,0.5619269013404846,1.3191783428192139,1.2070222854614252,0.1
measurement_noise,Measurement noise,Measurement noise (m),70.0,70,0,pointer_lstm,Attention-LSTM pointer,18,41001,6,30,0.46448561549186707,0.9488393664360046,0.9020768493413925,0.1
measurement_noise,Measurement noise,Measurement noise (m),70.0,70,0,pointer_lstm,Attention-LSTM pointer,19,41001,7,30,0.5217272043228149,2.019146680831909,1.1438329696655263,0.06666666666666667
measurement_noise,Measurement noise,Measurement noise (m),70.0,70,0,pointer_lstm,Attention-LSTM pointer,20,41001,8,30,0.4869554340839386,1.9342899322509766,1.0479019433259955,0.1
measurement_noise,Measurement noise,Measurement noise (m),70.0,70,0,pointer_lstm,Attention-LSTM pointer,21,41001,9,30,0.5609627366065979,1.4215387105941772,1.2818933427333827,0.16666666666666666
measurement_noise,Measurement noise,Measurement noise (m),70.0,70,0,pointer_lstm,Attention-LSTM pointer,22,41001,10,30,0.5227343440055847,1.5447248220443726,0.9892821609973906,0.06666666666666667
measurement_noise,Measurement noise,Measurement noise (m),70.0,70,0,pointer_lstm,Attention-LSTM pointer,23,41001,11,30,0.5407764315605164,1.2412251234054565,1.0680589795112607,0.13333333333333333
measurement_noise,Measurement noise,Measurement noise (m),80.0,80,0,expected_info_gain,Expected information gain,0,41000,0,30,1.1378294229507446,5.553806304931641,2.561125624179838,0.03333333333333333
measurement_noise,Measurement noise,Measurement noise (m),80.0,80,0,expected_info_gain,Expected information gain,1,41000,1,30,0.5142281651496887,1.5563328266143799,1.1152379482984536,0.03333333333333333
measurement_noise,Measurement noise,Measurement noise (m),80.0,80,0,expected_info_gain,Expected information gain,2,41000,2,30,0.8931936621665955,2.717862606048584,2.237586039304732,0.1
measurement_noise,Measurement noise,Measurement noise (m),80.0,80,0,expected_info_gain,Expected information gain,3,41000,3,30,0.890362024307251,3.2873854637145996,2.6829335093498203,0.06666666666666667
measurement_noise,Measurement noise,Measurement noise (m),80.0,80,0,expected_info_gain,Expected information gain,4,41000,4,30,1.0290453433990479,3.0457763671875,2.1581323027610773,0.06666666666666667
measurement_noise,Measurement noise,Measurement noise (m),80.0,80,0,expected_info_gain,Expected information gain,5,41000,5,30,0.651261568069458,1.9312701225280762,1.1522305667400359,0.0
measurement_noise,Measurement noise,Measurement noise (m),80.0,80,0,expected_info_gain,Expected information gain,6,41000,6,30,0.6565440893173218,1.884879231452942,1.3250815272331231,0.06666666666666667
measurement_noise,Measurement noise,Measurement noise (m),80.0,80,0,expected_info_gain,Expected information gain,7,41000,7,30,0.6219126582145691,1.0836756229400635,1.0689426243305207,0.06666666666666667
measurement_noise,Measurement noise,Measurement noise (m),80.0,80,0,expected_info_gain,Expected information gain,8,41000,8,30,0.8148272037506104,2.3483235836029053,1.8584401965141273,0.1
measurement_noise,Measurement noise,Measurement noise (m),80.0,80,0,expected_info_gain,Expected information gain,9,41000,9,30,0.736583411693573,2.592813730239868,1.622697860002516,0.13333333333333333
measurement_noise,Measurement noise,Measurement noise (m),80.0,80,0,expected_info_gain,Expected information gain,10,41000,10,30,0.6556664109230042,1.6316925287246704,1.380994516611099,0.03333333333333333
measurement_noise,Measurement noise,Measurement noise (m),80.0,80,0,expected_info_gain,Expected information gain,11,41000,11,30,0.5889086127281189,1.6262563467025757,1.004881608486175,0.03333333333333333
measurement_noise,Measurement noise,Measurement noise (m),80.0,80,0,expected_info_gain,Expected information gain,12,41001,0,30,0.9271417260169983,2.069631576538086,1.6041214048862455,0.1
measurement_noise,Measurement noise,Measurement noise (m),80.0,80,0,expected_info_gain,Expected information gain,13,41001,1,30,1.1158357858657837,3.378080368041992,3.1060374021530133,0.06666666666666667
measurement_noise,Measurement noise,Measurement noise (m),80.0,80,0,expected_info_gain,Expected information gain,14,41001,2,30,0.8815475702285767,2.6993296146392822,2.356809151172636,0.1
measurement_noise,Measurement noise,Measurement noise (m),80.0,80,0,expected_info_gain,Expected information gain,15,41001,3,30,1.3598802089691162,6.354891300201416,4.550963044166554,0.1
measurement_noise,Measurement noise,Measurement noise (m),80.0,80,0,expected_info_gain,Expected information gain,16,41001,4,30,1.014688491821289,7.851131916046143,2.0683803200721727,0.06666666666666667
measurement_noise,Measurement noise,Measurement noise (m),80.0,80,0,expected_info_gain,Expected information gain,17,41001,5,30,0.689853310585022,1.9138338565826416,1.6356527328491204,0.1
measurement_noise,Measurement noise,Measurement noise (m),80.0,80,0,expected_info_gain,Expected information gain,18,41001,6,30,0.8204173445701599,2.6119041442871094,1.848054140806198,0.13333333333333333
measurement_noise,Measurement noise,Measurement noise (m),80.0,80,0,expected_info_gain,Expected information gain,19,41001,7,30,0.8787765502929688,2.689371109008789,2.1706995248794545,0.1
measurement_noise,Measurement noise,Measurement noise (m),80.0,80,0,expected_info_gain,Expected information gain,20,41001,8,30,0.8554773926734924,2.1150009632110596,1.8244800209999084,0.03333333333333333
measurement_noise,Measurement noise,Measurement noise (m),80.0,80,0,expected_info_gain,Expected information gain,21,41001,9,30,5.026665210723877,38.37357711791992,22.79110488891597,0.06666666666666667
measurement_noise,Measurement noise,Measurement noise (m),80.0,80,0,expected_info_gain,Expected information gain,22,41001,10,30,0.6729763746261597,1.9911898374557495,1.4864325463771804,0.03333333333333333
measurement_noise,Measurement noise,Measurement noise (m),80.0,80,0,expected_info_gain,Expected information gain,23,41001,11,30,0.7314954996109009,1.66750967502594,1.2300400376319884,0.06666666666666667
measurement_noise,Measurement noise,Measurement noise (m),80.0,80,0,flat_lstm,Flat LSTM,0,41000,0,30,1.0078091621398926,2.947284698486328,2.5850093245506276,0.03333333333333333
measurement_noise,Measurement noise,Measurement noise (m),80.0,80,0,flat_lstm,Flat LSTM,1,41000,1,30,0.9458596706390381,3.1137917041778564,2.534155035018921,0.1
measurement_noise,Measurement noise,Measurement noise (m),80.0,80,0,flat_lstm,Flat LSTM,2,41000,2,30,0.923754096031189,2.753511428833008,1.8246721148490899,0.06666666666666667
measurement_noise,Measurement noise,Measurement noise (m),80.0,80,0,flat_lstm,Flat LSTM,3,41000,3,30,0.9031200408935547,3.296203851699829,2.6491662621498104,0.06666666666666667
measurement_noise,Measurement noise,Measurement noise (m),80.0,80,0,flat_lstm,Flat LSTM,4,41000,4,30,1.1994819641113281,6.516706943511963,3.177163410186766,0.06666666666666667
measurement_noise,Measurement noise,Measurement noise (m),80.0,80,0,flat_lstm,Flat LSTM,5,41000,5,30,0.7175288796424866,2.072469472885132,1.7606559634208674,0.1
measurement_noise,Measurement noise,Measurement noise (m),80.0,80,0,flat_lstm,Flat LSTM,6,41000,6,30,0.7450076937675476,2.306556224822998,1.8566053807735434,0.1
measurement_noise,Measurement noise,Measurement noise (m),80.0,80,0,flat_lstm,Flat LSTM,7,41000,7,30,0.9112687706947327,3.197944164276123,2.686677134037016,0.1
measurement_noise,Measurement noise,Measurement noise (m),80.0,80,0,flat_lstm,Flat LSTM,8,41000,8,30,0.8946587443351746,3.4234139919281006,2.322304797172545,0.1
measurement_noise,Measurement noise,Measurement noise (m),80.0,80,0,flat_lstm,Flat LSTM,9,41000,9,30,0.8364044427871704,2.639749050140381,2.0271597146987914,0.06666666666666667
measurement_noise,Measurement noise,Measurement noise (m),80.0,80,0,flat_lstm,Flat LSTM,10,41000,10,30,0.8699480891227722,2.475449323654175,2.2222351908683766,0.1
measurement_noise,Measurement noise,Measurement noise (m),80.0,80,0,flat_lstm,Flat LSTM,11,41000,11,30,0.59889817237854,1.5414619445800781,1.3268740117549884,0.06666666666666667
measurement_noise,Measurement noise,Measurement noise (m),80.0,80,0,flat_lstm,Flat LSTM,12,41001,0,30,1.0037769079208374,2.7097549438476562,2.3792602062225336,0.03333333333333333
measurement_noise,Measurement noise,Measurement noise (m),80.0,80,0,flat_lstm,Flat LSTM,13,41001,1,30,1.205060362815857,3.825010299682617,3.076500797271728,0.06666666666666667
measurement_noise,Measurement noise,Measurement noise (m),80.0,80,0,flat_lstm,Flat LSTM,14,41001,2,30,0.9752569794654846,3.8693699836730957,2.4666234493255605,0.06666666666666667
measurement_noise,Measurement noise,Measurement noise (m),80.0,80,0,flat_lstm,Flat LSTM,15,41001,3,30,1.2325950860977173,4.6028313636779785,4.2780994892120345,0.1
measurement_noise,Measurement noise,Measurement noise (m),80.0,80,0,flat_lstm,Flat LSTM,16,41001,4,30,0.6676338315010071,2.2910428047180176,1.5778094828128808,0.1
measurement_noise,Measurement noise,Measurement noise (m),80.0,80,0,flat_lstm,Flat LSTM,17,41001,5,30,0.9196197390556335,3.1642682552337646,2.491005951166149,0.1
measurement_noise,Measurement noise,Measurement noise (m),80.0,80,0,flat_lstm,Flat LSTM,18,41001,6,30,0.708652138710022,2.5465428829193115,1.5947416901588438,0.06666666666666667
measurement_noise,Measurement noise,Measurement noise (m),80.0,80,0,flat_lstm,Flat LSTM,19,41001,7,30,0.9952258467674255,4.94008207321167,2.332349574565887,0.16666666666666666
measurement_noise,Measurement noise,Measurement noise (m),80.0,80,0,flat_lstm,Flat LSTM,20,41001,8,30,0.9847186207771301,3.8363451957702637,2.9589068770408593,0.1
measurement_noise,Measurement noise,Measurement noise (m),80.0,80,0,flat_lstm,Flat LSTM,21,41001,9,30,1.0734975337982178,4.6468424797058105,3.0335566282272315,0.13333333333333333
measurement_noise,Measurement noise,Measurement noise (m),80.0,80,0,flat_lstm,Flat LSTM,22,41001,10,30,0.7787714004516602,2.807307720184326,2.0821341633796693,0.03333333333333333
measurement_noise,Measurement noise,Measurement noise (m),80.0,80,0,flat_lstm,Flat LSTM,23,41001,11,30,0.7683371901512146,2.3213844299316406,1.7656410336494446,0.03333333333333333
measurement_noise,Measurement noise,Measurement noise (m),80.0,80,0,pointer_lstm,Attention-LSTM pointer,0,41000,0,30,0.6989898085594177,3.828815460205078,1.5485527515411368,0.1
measurement_noise,Measurement noise,Measurement noise (m),80.0,80,0,pointer_lstm,Attention-LSTM pointer,1,41000,1,30,0.5703983902931213,1.393827199935913,1.1390495002269743,0.13333333333333333
measurement_noise,Measurement noise,Measurement noise (m),80.0,80,0,pointer_lstm,Attention-LSTM pointer,2,41000,2,30,0.6117662191390991,1.512483835220337,1.3414539515972133,0.1
measurement_noise,Measurement noise,Measurement noise (m),80.0,80,0,pointer_lstm,Attention-LSTM pointer,3,41000,3,30,0.6022017598152161,2.809236764907837,1.896597236394881,0.06666666666666667
measurement_noise,Measurement noise,Measurement noise (m),80.0,80,0,pointer_lstm,Attention-LSTM pointer,4,41000,4,30,0.5293534398078918,1.185380220413208,0.9266754180192946,0.06666666666666667
measurement_noise,Measurement noise,Measurement noise (m),80.0,80,0,pointer_lstm,Attention-LSTM pointer,5,41000,5,30,0.4141899049282074,0.9520206451416016,0.805913147330284,0.1
measurement_noise,Measurement noise,Measurement noise (m),80.0,80,0,pointer_lstm,Attention-LSTM pointer,6,41000,6,30,0.613897979259491,2.068690776824951,1.7245316684246061,0.06666666666666667
measurement_noise,Measurement noise,Measurement noise (m),80.0,80,0,pointer_lstm,Attention-LSTM pointer,7,41000,7,30,0.5790050625801086,1.3546321392059326,1.281668573617935,0.13333333333333333
measurement_noise,Measurement noise,Measurement noise (m),80.0,80,0,pointer_lstm,Attention-LSTM pointer,8,41000,8,30,0.48979872465133667,1.4844921827316284,1.0365588426589951,0.1
measurement_noise,Measurement noise,Measurement noise (m),80.0,80,0,pointer_lstm,Attention-LSTM pointer,9,41000,9,30,0.5518178343772888,1.479843258857727,1.227081632614135,0.1
measurement_noise,Measurement noise,Measurement noise (m),80.0,80,0,pointer_lstm,Attention-LSTM pointer,10,41000,10,30,0.5792945623397827,1.3676955699920654,1.3533977568149567,0.13333333333333333
measurement_noise,Measurement noise,Measurement noise (m),80.0,80,0,pointer_lstm,Attention-LSTM pointer,11,41000,11,30,0.4555414021015167,0.9818939566612244,0.8775150060653686,0.1
measurement_noise,Measurement noise,Measurement noise (m),80.0,80,0,pointer_lstm,Attention-LSTM pointer,12,41001,0,30,0.6205931305885315,2.306539535522461,1.8375541567802403,0.06666666666666667
measurement_noise,Measurement noise,Measurement noise (m),80.0,80,0,pointer_lstm,Attention-LSTM pointer,13,41001,1,30,0.7536872625350952,2.0115597248077393,1.8624818325042716,0.1
measurement_noise,Measurement noise,Measurement noise (m),80.0,80,0,pointer_lstm,Attention-LSTM pointer,14,41001,2,30,0.5892541408538818,1.8848421573638916,1.3457162261009215,0.16666666666666666
measurement_noise,Measurement noise,Measurement noise (m),80.0,80,0,pointer_lstm,Attention-LSTM pointer,15,41001,3,30,0.7029048800468445,2.6136772632598877,1.3881892025470728,0.03333333333333333
measurement_noise,Measurement noise,Measurement noise (m),80.0,80,0,pointer_lstm,Attention-LSTM pointer,16,41001,4,30,0.4089512228965759,0.8043825030326843,0.7032432764768599,0.1
measurement_noise,Measurement noise,Measurement noise (m),80.0,80,0,pointer_lstm,Attention-LSTM pointer,17,41001,5,30,0.6273877620697021,1.523718237876892,1.3549079716205592,0.13333333333333333
measurement_noise,Measurement noise,Measurement noise (m),80.0,80,0,pointer_lstm,Attention-LSTM pointer,18,41001,6,30,0.5310613512992859,1.3208433389663696,1.0880480051040649,0.13333333333333333
measurement_noise,Measurement noise,Measurement noise (m),80.0,80,0,pointer_lstm,Attention-LSTM pointer,19,41001,7,30,0.5793837308883667,2.2550387382507324,1.2343038976192466,0.06666666666666667
measurement_noise,Measurement noise,Measurement noise (m),80.0,80,0,pointer_lstm,Attention-LSTM pointer,20,41001,8,30,0.5561937093734741,2.1993558406829834,1.177130004763602,0.1
measurement_noise,Measurement noise,Measurement noise (m),80.0,80,0,pointer_lstm,Attention-LSTM pointer,21,41001,9,30,0.6854075193405151,1.9121218919754028,1.654426026344299,0.13333333333333333
measurement_noise,Measurement noise,Measurement noise (m),80.0,80,0,pointer_lstm,Attention-LSTM pointer,22,41001,10,30,0.5965973138809204,1.6990649700164795,1.2386974096298213,0.06666666666666667
measurement_noise,Measurement noise,Measurement noise (m),80.0,80,0,pointer_lstm,Attention-LSTM pointer,23,41001,11,30,0.692452609539032,3.880256414413452,1.3780339658260339,0.1
measurement_noise,Measurement noise,Measurement noise (m),90.0,90,0,expected_info_gain,Expected information gain,0,41000,0,30,2.1720683574676514,10.040574073791504,7.186352539062494,0.03333333333333333
measurement_noise,Measurement noise,Measurement noise (m),90.0,90,0,expected_info_gain,Expected information gain,1,41000,1,30,0.5808283090591431,1.6506059169769287,0.9868689358234403,0.06666666666666667
measurement_noise,Measurement noise,Measurement noise (m),90.0,90,0,expected_info_gain,Expected information gain,2,41000,2,30,0.9292008280754089,2.6602025032043457,1.800324231386183,0.06666666666666667
measurement_noise,Measurement noise,Measurement noise (m),90.0,90,0,expected_info_gain,Expected information gain,3,41000,3,30,0.9480839967727661,3.421057939529419,2.7422989249229404,0.03333333333333333
measurement_noise,Measurement noise,Measurement noise (m),90.0,90,0,expected_info_gain,Expected information gain,4,41000,4,30,0.9051883220672607,2.5435876846313477,1.9682987809181203,0.1
measurement_noise,Measurement noise,Measurement noise (m),90.0,90,0,expected_info_gain,Expected information gain,5,41000,5,30,0.8546403646469116,1.8827152252197266,1.5291846036911008,0.0
measurement_noise,Measurement noise,Measurement noise (m),90.0,90,0,expected_info_gain,Expected information gain,6,41000,6,30,0.6882598400115967,2.1690256595611572,1.4881674647331231,0.06666666666666667
measurement_noise,Measurement noise,Measurement noise (m),90.0,90,0,expected_info_gain,Expected information gain,7,41000,7,30,0.7522127628326416,2.0493216514587402,1.4154417574405669,0.06666666666666667
measurement_noise,Measurement noise,Measurement noise (m),90.0,90,0,expected_info_gain,Expected information gain,8,41000,8,30,0.811339795589447,2.4784436225891113,1.9663897812366458,0.06666666666666667
measurement_noise,Measurement noise,Measurement noise (m),90.0,90,0,expected_info_gain,Expected information gain,9,41000,9,30,0.9036573767662048,2.7893402576446533,2.7028151750564575,0.03333333333333333
measurement_noise,Measurement noise,Measurement noise (m),90.0,90,0,expected_info_gain,Expected information gain,10,41000,10,30,0.7972456812858582,1.981400966644287,1.7994952857494355,0.03333333333333333
measurement_noise,Measurement noise,Measurement noise (m),90.0,90,0,expected_info_gain,Expected information gain,11,41000,11,30,0.6133078932762146,1.3808414936065674,1.0696118116378783,0.1
measurement_noise,Measurement noise,Measurement noise (m),90.0,90,0,expected_info_gain,Expected information gain,12,41001,0,30,0.9589546918869019,1.797646164894104,1.7740255177021025,0.1
measurement_noise,Measurement noise,Measurement noise (m),90.0,90,0,expected_info_gain,Expected information gain,13,41001,1,30,1.232714056968689,3.599752187728882,3.2727563381195055,0.13333333333333333
measurement_noise,Measurement noise,Measurement noise (m),90.0,90,0,expected_info_gain,Expected information gain,14,41001,2,30,1.0320547819137573,2.87544322013855,2.8459184527397157,0.06666666666666667
measurement_noise,Measurement noise,Measurement noise (m),90.0,90,0,expected_info_gain,Expected information gain,15,41001,3,30,1.451098918914795,6.498941898345947,3.8818473935127216,0.03333333333333333
measurement_noise,Measurement noise,Measurement noise (m),90.0,90,0,expected_info_gain,Expected information gain,16,41001,4,30,0.9310330748558044,1.792525053024292,1.4218189418315883,0.03333333333333333
measurement_noise,Measurement noise,Measurement noise (m),90.0,90,0,expected_info_gain,Expected information gain,17,41001,5,30,0.7655503749847412,2.171785593032837,1.8613788306713095,0.06666666666666667
measurement_noise,Measurement noise,Measurement noise (m),90.0,90,0,expected_info_gain,Expected information gain,18,41001,6,30,0.7036123871803284,1.998142123222351,1.617991095781326,0.1
measurement_noise,Measurement noise,Measurement noise (m),90.0,90,0,expected_info_gain,Expected information gain,19,41001,7,30,0.9723280072212219,2.807215690612793,2.239881682395934,0.06666666666666667
measurement_noise,Measurement noise,Measurement noise (m),90.0,90,0,expected_info_gain,Expected information gain,20,41001,8,30,0.9747950434684753,2.270277976989746,1.7917172312736511,0.03333333333333333
measurement_noise,Measurement noise,Measurement noise (m),90.0,90,0,expected_info_gain,Expected information gain,21,41001,9,30,1.1783881187438965,3.1909685134887695,2.5146329164504984,0.03333333333333333
measurement_noise,Measurement noise,Measurement noise (m),90.0,90,0,expected_info_gain,Expected information gain,22,41001,10,30,0.7863031625747681,3.771059036254883,1.8575060486793487,0.03333333333333333
measurement_noise,Measurement noise,Measurement noise (m),90.0,90,0,expected_info_gain,Expected information gain,23,41001,11,30,0.8791946768760681,2.146449565887451,1.568863505125045,0.06666666666666667
measurement_noise,Measurement noise,Measurement noise (m),90.0,90,0,flat_lstm,Flat LSTM,0,41000,0,30,1.0757306814193726,5.337157249450684,3.161497104167937,0.06666666666666667
measurement_noise,Measurement noise,Measurement noise (m),90.0,90,0,flat_lstm,Flat LSTM,1,41000,1,30,1.0008059740066528,3.3077619075775146,2.6707425355911254,0.1
measurement_noise,Measurement noise,Measurement noise (m),90.0,90,0,flat_lstm,Flat LSTM,2,41000,2,30,1.7158591747283936,19.129806518554688,3.4001583933830237,0.06666666666666667
measurement_noise,Measurement noise,Measurement noise (m),90.0,90,0,flat_lstm,Flat LSTM,3,41000,3,30,0.9084405899047852,3.1658153533935547,2.686613869667053,0.13333333333333333
measurement_noise,Measurement noise,Measurement noise (m),90.0,90,0,flat_lstm,Flat LSTM,4,41000,4,30,1.048757553100586,3.5766873359680176,2.95772647857666,0.06666666666666667
measurement_noise,Measurement noise,Measurement noise (m),90.0,90,0,flat_lstm,Flat LSTM,5,41000,5,30,0.7891425490379333,3.0695810317993164,2.1868663907051067,0.1
measurement_noise,Measurement noise,Measurement noise (m),90.0,90,0,flat_lstm,Flat LSTM,6,41000,6,30,0.9271422624588013,3.6200132369995117,2.45575884580612,0.03333333333333333
measurement_noise,Measurement noise,Measurement noise (m),90.0,90,0,flat_lstm,Flat LSTM,7,41000,7,30,0.7666501998901367,2.571432113647461,2.31953101158142,0.06666666666666667
measurement_noise,Measurement noise,Measurement noise (m),90.0,90,0,flat_lstm,Flat LSTM,8,41000,8,30,1.236580729484558,4.682721138000488,2.6272414326667786,0.06666666666666667
measurement_noise,Measurement noise,Measurement noise (m),90.0,90,0,flat_lstm,Flat LSTM,9,41000,9,30,0.9460558295249939,4.310818672180176,2.400335109233855,0.03333333333333333
measurement_noise,Measurement noise,Measurement noise (m),90.0,90,0,flat_lstm,Flat LSTM,10,41000,10,30,0.9068304300308228,2.436802387237549,2.312215149402618,0.03333333333333333
measurement_noise,Measurement noise,Measurement noise (m),90.0,90,0,flat_lstm,Flat LSTM,11,41000,11,30,0.7288094758987427,2.8737125396728516,1.6970265865325922,0.1
measurement_noise,Measurement noise,Measurement noise (m),90.0,90,0,flat_lstm,Flat LSTM,12,41001,0,30,1.1961963176727295,4.406190872192383,3.247058129310605,0.06666666666666667
measurement_noise,Measurement noise,Measurement noise (m),90.0,90,0,flat_lstm,Flat LSTM,13,41001,1,30,2.0202925205230713,11.521801948547363,5.780177474021908,0.06666666666666667
measurement_noise,Measurement noise,Measurement noise (m),90.0,90,0,flat_lstm,Flat LSTM,14,41001,2,30,1.17603600025177,3.8668878078460693,3.257475912570951,0.1
measurement_noise,Measurement noise,Measurement noise (m),90.0,90,0,flat_lstm,Flat LSTM,15,41001,3,30,1.072590947151184,4.161497116088867,2.49754045009613,0.06666666666666667
measurement_noise,Measurement noise,Measurement noise (m),90.0,90,0,flat_lstm,Flat LSTM,16,41001,4,30,0.76950603723526,2.560763359069824,1.7185436844825743,0.06666666666666667
measurement_noise,Measurement noise,Measurement noise (m),90.0,90,0,flat_lstm,Flat LSTM,17,41001,5,30,0.8966647982597351,3.253962516784668,1.97931643128395,0.16666666666666666
measurement_noise,Measurement noise,Measurement noise (m),90.0,90,0,flat_lstm,Flat LSTM,18,41001,6,30,0.865032970905304,3.234166145324707,2.436000275611876,0.06666666666666667
measurement_noise,Measurement noise,Measurement noise (m),90.0,90,0,flat_lstm,Flat LSTM,19,41001,7,30,1.1051712036132812,5.116840362548828,2.4943776130676265,0.13333333333333333
measurement_noise,Measurement noise,Measurement noise (m),90.0,90,0,flat_lstm,Flat LSTM,20,41001,8,30,1.0007703304290771,3.414494276046753,2.040532702207565,0.1
measurement_noise,Measurement noise,Measurement noise (m),90.0,90,0,flat_lstm,Flat LSTM,21,41001,9,30,1.0564109086990356,3.3176891803741455,2.3977634429931634,0.1
measurement_noise,Measurement noise,Measurement noise (m),90.0,90,0,flat_lstm,Flat LSTM,22,41001,10,30,0.909364640712738,2.9093034267425537,2.207875406742096,0.03333333333333333
measurement_noise,Measurement noise,Measurement noise (m),90.0,90,0,flat_lstm,Flat LSTM,23,41001,11,30,0.9505398273468018,3.2323954105377197,2.8644706010818464,0.06666666666666667
measurement_noise,Measurement noise,Measurement noise (m),90.0,90,0,pointer_lstm,Attention-LSTM pointer,0,41000,0,30,0.7273743152618408,3.984266757965088,1.6658869504928573,0.1
measurement_noise,Measurement noise,Measurement noise (m),90.0,90,0,pointer_lstm,Attention-LSTM pointer,1,41000,1,30,0.6311364769935608,1.556268334388733,1.319447898864746,0.1
measurement_noise,Measurement noise,Measurement noise (m),90.0,90,0,pointer_lstm,Attention-LSTM pointer,2,41000,2,30,0.6481284499168396,1.8883521556854248,1.4737938165664668,0.1
measurement_noise,Measurement noise,Measurement noise (m),90.0,90,0,pointer_lstm,Attention-LSTM pointer,3,41000,3,30,0.6459594368934631,3.028376817703247,2.10215064883232,0.06666666666666667
measurement_noise,Measurement noise,Measurement noise (m),90.0,90,0,pointer_lstm,Attention-LSTM pointer,4,41000,4,30,0.678966760635376,3.4209086894989014,1.2558142840862272,0.06666666666666667
measurement_noise,Measurement noise,Measurement noise (m),90.0,90,0,pointer_lstm,Attention-LSTM pointer,5,41000,5,30,0.49127355217933655,1.7058019638061523,1.326870250701903,0.06666666666666667
measurement_noise,Measurement noise,Measurement noise (m),90.0,90,0,pointer_lstm,Attention-LSTM pointer,6,41000,6,30,0.6310856938362122,1.9469071626663208,1.7919241070747371,0.1
measurement_noise,Measurement noise,Measurement noise (m),90.0,90,0,pointer_lstm,Attention-LSTM pointer,7,41000,7,30,0.5952385663986206,1.494961142539978,1.3892865002155301,0.16666666666666666
measurement_noise,Measurement noise,Measurement noise (m),90.0,90,0,pointer_lstm,Attention-LSTM pointer,8,41000,8,30,0.5234159827232361,1.3851056098937988,0.9906153738498684,0.1
measurement_noise,Measurement noise,Measurement noise (m),90.0,90,0,pointer_lstm,Attention-LSTM pointer,9,41000,9,30,0.6005095839500427,1.5458087921142578,1.3348587691783893,0.13333333333333333
measurement_noise,Measurement noise,Measurement noise (m),90.0,90,0,pointer_lstm,Attention-LSTM pointer,10,41000,10,30,0.7446948289871216,4.281813144683838,1.6484651207923884,0.13333333333333333
measurement_noise,Measurement noise,Measurement noise (m),90.0,90,0,pointer_lstm,Attention-LSTM pointer,11,41000,11,30,0.4962204098701477,1.106980800628662,0.9389522135257721,0.1
measurement_noise,Measurement noise,Measurement noise (m),90.0,90,0,pointer_lstm,Attention-LSTM pointer,12,41001,0,30,0.6377288699150085,2.4825234413146973,1.7560533225536332,0.1
measurement_noise,Measurement noise,Measurement noise (m),90.0,90,0,pointer_lstm,Attention-LSTM pointer,13,41001,1,30,0.8196507096290588,2.2817230224609375,1.9087519288063046,0.1
measurement_noise,Measurement noise,Measurement noise (m),90.0,90,0,pointer_lstm,Attention-LSTM pointer,14,41001,2,30,0.6318081021308899,1.8722660541534424,1.3969819664955132,0.16666666666666666
measurement_noise,Measurement noise,Measurement noise (m),90.0,90,0,pointer_lstm,Attention-LSTM pointer,15,41001,3,30,0.769191563129425,3.017578125,1.5741033911705014,0.03333333333333333
measurement_noise,Measurement noise,Measurement noise (m),90.0,90,0,pointer_lstm,Attention-LSTM pointer,16,41001,4,30,0.4539548456668854,0.8982771635055542,0.7747111290693282,0.06666666666666667
measurement_noise,Measurement noise,Measurement noise (m),90.0,90,0,pointer_lstm,Attention-LSTM pointer,17,41001,5,30,0.7514569759368896,1.9682966470718384,1.60698002576828,0.1
measurement_noise,Measurement noise,Measurement noise (m),90.0,90,0,pointer_lstm,Attention-LSTM pointer,18,41001,6,30,0.5322322249412537,1.1350420713424683,1.070506566762924,0.1
measurement_noise,Measurement noise,Measurement noise (m),90.0,90,0,pointer_lstm,Attention-LSTM pointer,19,41001,7,30,0.6511738300323486,2.469438076019287,1.6541664838790875,0.06666666666666667
measurement_noise,Measurement noise,Measurement noise (m),90.0,90,0,pointer_lstm,Attention-LSTM pointer,20,41001,8,30,0.6257741451263428,2.4615485668182373,1.3333331406116473,0.1
measurement_noise,Measurement noise,Measurement noise (m),90.0,90,0,pointer_lstm,Attention-LSTM pointer,21,41001,9,30,0.7759048938751221,2.1278629302978516,1.7865259587764735,0.1
measurement_noise,Measurement noise,Measurement noise (m),90.0,90,0,pointer_lstm,Attention-LSTM pointer,22,41001,10,30,0.6782304048538208,3.5816152095794678,1.224098378419876,0.03333333333333333
measurement_noise,Measurement noise,Measurement noise (m),90.0,90,0,pointer_lstm,Attention-LSTM pointer,23,41001,11,30,0.7206639647483826,2.77005672454834,1.622353839874266,0.06666666666666667
measurement_noise,Measurement noise,Measurement noise (m),100.0,100,0,expected_info_gain,Expected information gain,0,41000,0,30,2.01674747467041,10.051224708557129,5.6991835832595745,0.03333333333333333
measurement_noise,Measurement noise,Measurement noise (m),100.0,100,0,expected_info_gain,Expected information gain,1,41000,1,30,0.7053844332695007,1.5783107280731201,1.2068374872207637,0.03333333333333333
measurement_noise,Measurement noise,Measurement noise (m),100.0,100,0,expected_info_gain,Expected information gain,2,41000,2,30,0.9470068216323853,2.697937250137329,1.7027656853199002,0.06666666666666667
measurement_noise,Measurement noise,Measurement noise (m),100.0,100,0,expected_info_gain,Expected information gain,3,41000,3,30,0.8625898957252502,2.637808322906494,2.3438278555870045,0.06666666666666667
measurement_noise,Measurement noise,Measurement noise (m),100.0,100,0,expected_info_gain,Expected information gain,4,41000,4,30,1.0993200540542603,4.211997032165527,2.49775776863098,0.06666666666666667
measurement_noise,Measurement noise,Measurement noise (m),100.0,100,0,expected_info_gain,Expected information gain,5,41000,5,30,0.692477822303772,2.2180981636047363,1.6272925019264208,0.1
measurement_noise,Measurement noise,Measurement noise (m),100.0,100,0,expected_info_gain,Expected information gain,6,41000,6,30,0.8109119534492493,2.346360445022583,1.6394549667835228,0.06666666666666667
measurement_noise,Measurement noise,Measurement noise (m),100.0,100,0,expected_info_gain,Expected information gain,7,41000,7,30,0.7341359257698059,1.256394624710083,1.2397711932659148,0.03333333333333333
measurement_noise,Measurement noise,Measurement noise (m),100.0,100,0,expected_info_gain,Expected information gain,8,41000,8,30,1.0665103197097778,4.247906684875488,2.884635722637176,0.1
measurement_noise,Measurement noise,Measurement noise (m),100.0,100,0,expected_info_gain,Expected information gain,9,41000,9,30,0.7627813220024109,1.4591320753097534,1.4397154092788695,0.06666666666666667
measurement_noise,Measurement noise,Measurement noise (m),100.0,100,0,expected_info_gain,Expected information gain,10,41000,10,30,0.793916642665863,2.012500047683716,1.841039323806762,0.1
measurement_noise,Measurement noise,Measurement noise (m),100.0,100,0,expected_info_gain,Expected information gain,11,41000,11,30,0.6871398091316223,2.0776596069335938,1.4582970857620239,0.0
measurement_noise,Measurement noise,Measurement noise (m),100.0,100,0,expected_info_gain,Expected information gain,12,41001,0,30,1.1193621158599854,2.0095112323760986,1.9149842083454127,0.03333333333333333
measurement_noise,Measurement noise,Measurement noise (m),100.0,100,0,expected_info_gain,Expected information gain,13,41001,1,30,1.1783465147018433,3.9521052837371826,2.7237803339958147,0.1
measurement_noise,Measurement noise,Measurement noise (m),100.0,100,0,expected_info_gain,Expected information gain,14,41001,2,30,1.1100114583969116,3.0266823768615723,2.92201851606369,0.03333333333333333
measurement_noise,Measurement noise,Measurement noise (m),100.0,100,0,expected_info_gain,Expected information gain,15,41001,3,30,1.5498261451721191,7.061645984649658,5.243697559833518,0.1
measurement_noise,Measurement noise,Measurement noise (m),100.0,100,0,expected_info_gain,Expected information gain,16,41001,4,30,0.8682659268379211,2.102844715118408,1.9369704425334922,0.03333333333333333
measurement_noise,Measurement noise,Measurement noise (m),100.0,100,0,expected_info_gain,Expected information gain,17,41001,5,30,0.8633878231048584,2.557070255279541,1.8845432937145232,0.06666666666666667
measurement_noise,Measurement noise,Measurement noise (m),100.0,100,0,expected_info_gain,Expected information gain,18,41001,6,30,0.7253499627113342,1.8082786798477173,1.6252054810523986,0.03333333333333333
measurement_noise,Measurement noise,Measurement noise (m),100.0,100,0,expected_info_gain,Expected information gain,19,41001,7,30,0.967698872089386,2.7458114624023438,2.1990847706794723,0.03333333333333333
measurement_noise,Measurement noise,Measurement noise (m),100.0,100,0,expected_info_gain,Expected information gain,20,41001,8,30,1.0057820081710815,2.362299919128418,2.1008441329002365,0.03333333333333333
measurement_noise,Measurement noise,Measurement noise (m),100.0,100,0,expected_info_gain,Expected information gain,21,41001,9,30,1.2995375394821167,3.7444887161254883,2.928007805347442,0.03333333333333333
measurement_noise,Measurement noise,Measurement noise (m),100.0,100,0,expected_info_gain,Expected information gain,22,41001,10,30,0.8184685111045837,3.8115274906158447,1.3894083917140956,0.03333333333333333
measurement_noise,Measurement noise,Measurement noise (m),100.0,100,0,expected_info_gain,Expected information gain,23,41001,11,30,0.9203453660011292,3.5659308433532715,1.7335573077201842,0.03333333333333333
measurement_noise,Measurement noise,Measurement noise (m),100.0,100,0,flat_lstm,Flat LSTM,0,41000,0,30,1.3394577503204346,4.053371429443359,3.288182115554809,0.03333333333333333
measurement_noise,Measurement noise,Measurement noise (m),100.0,100,0,flat_lstm,Flat LSTM,1,41000,1,30,1.0745184421539307,3.4975101947784424,2.5674272418022137,0.03333333333333333
measurement_noise,Measurement noise,Measurement noise (m),100.0,100,0,flat_lstm,Flat LSTM,2,41000,2,30,1.2206770181655884,3.714080810546875,3.1698151588439942,0.03333333333333333
measurement_noise,Measurement noise,Measurement noise (m),100.0,100,0,flat_lstm,Flat LSTM,3,41000,3,30,1.0576140880584717,4.085806846618652,3.186312472820279,0.13333333333333333
measurement_noise,Measurement noise,Measurement noise (m),100.0,100,0,flat_lstm,Flat LSTM,4,41000,4,30,1.2532812356948853,3.8478400707244873,3.194573879241943,0.06666666666666667
measurement_noise,Measurement noise,Measurement noise (m),100.0,100,0,flat_lstm,Flat LSTM,5,41000,5,30,0.9019225835800171,3.137826919555664,2.198428714275359,0.06666666666666667
measurement_noise,Measurement noise,Measurement noise (m),100.0,100,0,flat_lstm,Flat LSTM,6,41000,6,30,1.0458524227142334,3.4269120693206787,3.0446780920028664,0.06666666666666667
measurement_noise,Measurement noise,Measurement noise (m),100.0,100,0,flat_lstm,Flat LSTM,7,41000,7,30,0.8712025284767151,3.3675575256347656,2.4051290035247788,0.06666666666666667
measurement_noise,Measurement noise,Measurement noise (m),100.0,100,0,flat_lstm,Flat LSTM,8,41000,8,30,1.1928045749664307,4.957237243652344,3.725205433368682,0.1
measurement_noise,Measurement noise,Measurement noise (m),100.0,100,0,flat_lstm,Flat LSTM,9,41000,9,30,0.929955780506134,3.839116096496582,2.1184129834175107,0.03333333333333333
measurement_noise,Measurement noise,Measurement noise (m),100.0,100,0,flat_lstm,Flat LSTM,10,41000,10,30,0.9954913258552551,2.641601085662842,2.4031395077705384,0.03333333333333333
measurement_noise,Measurement noise,Measurement noise (m),100.0,100,0,flat_lstm,Flat LSTM,11,41000,11,30,0.8013004660606384,2.737731695175171,1.5661681771278368,0.1
measurement_noise,Measurement noise,Measurement noise (m),100.0,100,0,flat_lstm,Flat LSTM,12,41001,0,30,1.2883223295211792,2.8842272758483887,2.85633385181427,0.13333333333333333
measurement_noise,Measurement noise,Measurement noise (m),100.0,100,0,flat_lstm,Flat LSTM,13,41001,1,30,1.4439456462860107,5.79019832611084,3.910737371444702,0.06666666666666667
measurement_noise,Measurement noise,Measurement noise (m),100.0,100,0,flat_lstm,Flat LSTM,14,41001,2,30,1.259689450263977,4.179503440856934,3.025950443744659,0.13333333333333333
measurement_noise,Measurement noise,Measurement noise (m),100.0,100,0,flat_lstm,Flat LSTM,15,41001,3,30,1.4228157997131348,5.23032808303833,4.074187517166134,0.06666666666666667
measurement_noise,Measurement noise,Measurement noise (m),100.0,100,0,flat_lstm,Flat LSTM,16,41001,4,30,0.9320712685585022,3.4010798931121826,2.449063992500304,0.06666666666666667
measurement_noise,Measurement noise,Measurement noise (m),100.0,100,0,flat_lstm,Flat LSTM,17,41001,5,30,0.8791583776473999,3.327848434448242,2.1360673904418936,0.16666666666666666
measurement_noise,Measurement noise,Measurement noise (m),100.0,100,0,flat_lstm,Flat LSTM,18,41001,6,30,0.9048470854759216,2.6435868740081787,2.559365665912628,0.06666666666666667
measurement_noise,Measurement noise,Measurement noise (m),100.0,100,0,flat_lstm,Flat LSTM,19,41001,7,30,1.22813081741333,5.034712314605713,2.576013743877411,0.1
measurement_noise,Measurement noise,Measurement noise (m),100.0,100,0,flat_lstm,Flat LSTM,20,41001,8,30,1.164093255996704,4.143180847167969,3.4640363931655864,0.06666666666666667
measurement_noise,Measurement noise,Measurement noise (m),100.0,100,0,flat_lstm,Flat LSTM,21,41001,9,30,1.265339970588684,3.885098457336426,3.5732213854789734,0.13333333333333333
measurement_noise,Measurement noise,Measurement noise (m),100.0,100,0,flat_lstm,Flat LSTM,22,41001,10,30,1.0722252130508423,3.8134753704071045,2.7170387387275676,0.06666666666666667
measurement_noise,Measurement noise,Measurement noise (m),100.0,100,0,flat_lstm,Flat LSTM,23,41001,11,30,1.086482286453247,3.5210139751434326,2.8990443468093865,0.06666666666666667
measurement_noise,Measurement noise,Measurement noise (m),100.0,100,0,pointer_lstm,Attention-LSTM pointer,0,41000,0,30,0.8241329789161682,3.9815754890441895,1.8809066414833053,0.1
measurement_noise,Measurement noise,Measurement noise (m),100.0,100,0,pointer_lstm,Attention-LSTM pointer,1,41000,1,30,0.691463053226471,1.729531168937683,1.4370028913021087,0.1
measurement_noise,Measurement noise,Measurement noise (m),100.0,100,0,pointer_lstm,Attention-LSTM pointer,2,41000,2,30,0.7188242673873901,2.0147249698638916,1.610921686887741,0.03333333333333333
measurement_noise,Measurement noise,Measurement noise (m),100.0,100,0,pointer_lstm,Attention-LSTM pointer,3,41000,3,30,0.6679196953773499,3.497389316558838,2.1205788671970343,0.03333333333333333
measurement_noise,Measurement noise,Measurement noise (m),100.0,100,0,pointer_lstm,Attention-LSTM pointer,4,41000,4,30,0.7261585593223572,3.1976962089538574,1.2907483577728263,0.06666666666666667
measurement_noise,Measurement noise,Measurement noise (m),100.0,100,0,pointer_lstm,Attention-LSTM pointer,5,41000,5,30,0.5661334991455078,1.7082000970840454,1.4310957849025714,0.06666666666666667
measurement_noise,Measurement noise,Measurement noise (m),100.0,100,0,pointer_lstm,Attention-LSTM pointer,6,41000,6,30,0.6975449323654175,3.6031346321105957,1.781893110275268,0.06666666666666667
measurement_noise,Measurement noise,Measurement noise (m),100.0,100,0,pointer_lstm,Attention-LSTM pointer,7,41000,7,30,0.7008785605430603,1.6617931127548218,1.5446558892726896,0.1
measurement_noise,Measurement noise,Measurement noise (m),100.0,100,0,pointer_lstm,Attention-LSTM pointer,8,41000,8,30,0.5371392369270325,1.5149041414260864,1.0221645653247833,0.13333333333333333
measurement_noise,Measurement noise,Measurement noise (m),100.0,100,0,pointer_lstm,Attention-LSTM pointer,9,41000,9,30,0.6417223811149597,1.7184338569641113,1.4917723417282092,0.1
measurement_noise,Measurement noise,Measurement noise (m),100.0,100,0,pointer_lstm,Attention-LSTM pointer,10,41000,10,30,0.7865006923675537,2.6067955493927,1.6826281964778897,0.06666666666666667
measurement_noise,Measurement noise,Measurement noise (m),100.0,100,0,pointer_lstm,Attention-LSTM pointer,11,41000,11,30,0.5179230570793152,1.2131133079528809,0.966944462060928,0.13333333333333333
measurement_noise,Measurement noise,Measurement noise (m),100.0,100,0,pointer_lstm,Attention-LSTM pointer,12,41001,0,30,0.5859813094139099,2.7287559509277344,1.4562727391719807,0.13333333333333333
measurement_noise,Measurement noise,Measurement noise (m),100.0,100,0,pointer_lstm,Attention-LSTM pointer,13,41001,1,30,2.128568172454834,41.625885009765625,3.2351584196090615,0.06666666666666667
measurement_noise,Measurement noise,Measurement noise (m),100.0,100,0,pointer_lstm,Attention-LSTM pointer,14,41001,2,30,0.7115352749824524,2.0411300659179688,1.7248388528823848,0.1
measurement_noise,Measurement noise,Measurement noise (m),100.0,100,0,pointer_lstm,Attention-LSTM pointer,15,41001,3,30,0.9134541153907776,3.8107352256774902,2.4913075327873213,0.06666666666666667
measurement_noise,Measurement noise,Measurement noise (m),100.0,100,0,pointer_lstm,Attention-LSTM pointer,16,41001,4,30,0.49029427766799927,0.9853003025054932,0.8327611178159713,0.06666666666666667
measurement_noise,Measurement noise,Measurement noise (m),100.0,100,0,pointer_lstm,Attention-LSTM pointer,17,41001,5,30,0.7580904364585876,1.7970433235168457,1.6216530203819268,0.1
measurement_noise,Measurement noise,Measurement noise (m),100.0,100,0,pointer_lstm,Attention-LSTM pointer,18,41001,6,30,0.5659565329551697,1.4085536003112793,1.1920426905155177,0.03333333333333333
measurement_noise,Measurement noise,Measurement noise (m),100.0,100,0,pointer_lstm,Attention-LSTM pointer,19,41001,7,30,0.6868894696235657,2.6721103191375732,1.3899650216102595,0.06666666666666667
measurement_noise,Measurement noise,Measurement noise (m),100.0,100,0,pointer_lstm,Attention-LSTM pointer,20,41001,8,30,0.6776750683784485,2.7201015949249268,1.4514559209346756,0.06666666666666667
measurement_noise,Measurement noise,Measurement noise (m),100.0,100,0,pointer_lstm,Attention-LSTM pointer,21,41001,9,30,0.7982805967330933,2.0989651679992676,1.9706700801849362,0.13333333333333333
measurement_noise,Measurement noise,Measurement noise (m),100.0,100,0,pointer_lstm,Attention-LSTM pointer,22,41001,10,30,0.7772216200828552,3.612485408782959,1.5573651015758512,0.06666666666666667
measurement_noise,Measurement noise,Measurement noise (m),100.0,100,0,pointer_lstm,Attention-LSTM pointer,23,41001,11,30,0.8186145424842834,4.112937927246094,1.5593555569648743,0.03333333333333333
inclination_shift,Inclination shift,Shift of training band (deg),70.0,105-155,0,expected_info_gain,Expected information gain,0,41000,0,30,1.481460690498352,9.685517311096191,4.763715481758114,0.03333333333333333
inclination_shift,Inclination shift,Shift of training band (deg),70.0,105-155,0,expected_info_gain,Expected information gain,1,41000,1,30,0.398002028465271,1.129893183708191,0.7358099043369288,0.06666666666666667
inclination_shift,Inclination shift,Shift of training band (deg),70.0,105-155,0,expected_info_gain,Expected information gain,2,41000,2,30,3.316559314727783,42.18689727783203,15.006231307983343,0.1
inclination_shift,Inclination shift,Shift of training band (deg),70.0,105-155,0,expected_info_gain,Expected information gain,3,41000,3,30,0.7538015246391296,2.3623898029327393,1.9268129169940946,0.16666666666666666
inclination_shift,Inclination shift,Shift of training band (deg),70.0,105-155,0,expected_info_gain,Expected information gain,4,41000,4,30,0.6878514885902405,2.331465244293213,1.6317140936851497,0.1
inclination_shift,Inclination shift,Shift of training band (deg),70.0,105-155,0,expected_info_gain,Expected information gain,5,41000,5,30,0.7395609021186829,2.429227113723755,2.3324463009834284,0.03333333333333333
inclination_shift,Inclination shift,Shift of training band (deg),70.0,105-155,0,expected_info_gain,Expected information gain,6,41000,6,30,0.48423829674720764,1.2395515441894531,0.9093131393194197,0.16666666666666666
inclination_shift,Inclination shift,Shift of training band (deg),70.0,105-155,0,expected_info_gain,Expected information gain,7,41000,7,30,0.5157488584518433,0.9318467378616333,0.8998738169670104,0.16666666666666666
inclination_shift,Inclination shift,Shift of training band (deg),70.0,105-155,0,expected_info_gain,Expected information gain,8,41000,8,30,0.4706263244152069,1.0344542264938354,0.9788971662521362,0.13333333333333333
inclination_shift,Inclination shift,Shift of training band (deg),70.0,105-155,0,expected_info_gain,Expected information gain,9,41000,9,30,0.4685041606426239,1.0010279417037964,0.9788009226322174,0.2
inclination_shift,Inclination shift,Shift of training band (deg),70.0,105-155,0,expected_info_gain,Expected information gain,10,41000,10,30,0.5861403346061707,1.8900678157806396,1.3081218898296354,0.06666666666666667
inclination_shift,Inclination shift,Shift of training band (deg),70.0,105-155,0,expected_info_gain,Expected information gain,11,41000,11,30,0.5449314713478088,1.2409640550613403,1.032989180088043,0.06666666666666667
inclination_shift,Inclination shift,Shift of training band (deg),70.0,105-155,0,expected_info_gain,Expected information gain,12,41001,0,30,0.6956771612167358,1.501746416091919,1.314069890975952,0.1
inclination_shift,Inclination shift,Shift of training band (deg),70.0,105-155,0,expected_info_gain,Expected information gain,13,41001,1,30,1.0330476760864258,10.091663360595703,2.3279632568359365,0.1
inclination_shift,Inclination shift,Shift of training band (deg),70.0,105-155,0,expected_info_gain,Expected information gain,14,41001,2,30,0.6893537640571594,2.34411358833313,1.2690201222896573,0.03333333333333333
inclination_shift,Inclination shift,Shift of training band (deg),70.0,105-155,0,expected_info_gain,Expected information gain,15,41001,3,30,1.6810543537139893,16.207523345947266,5.903892040252677,0.13333333333333333
inclination_shift,Inclination shift,Shift of training band (deg),70.0,105-155,0,expected_info_gain,Expected information gain,16,41001,4,30,0.643642008304596,1.2606474161148071,1.1283030569553367,0.06666666666666667
inclination_shift,Inclination shift,Shift of training band (deg),70.0,105-155,0,expected_info_gain,Expected information gain,17,41001,5,30,0.5654051303863525,1.4269001483917236,1.0498006701469418,0.16666666666666666
inclination_shift,Inclination shift,Shift of training band (deg),70.0,105-155,0,expected_info_gain,Expected information gain,18,41001,6,30,0.7696602940559387,2.3454184532165527,1.9575153410434711,0.16666666666666666
inclination_shift,Inclination shift,Shift of training band (deg),70.0,105-155,0,expected_info_gain,Expected information gain,19,41001,7,30,0.6396582722663879,2.2374768257141113,1.4031472980976103,0.1
inclination_shift,Inclination shift,Shift of training band (deg),70.0,105-155,0,expected_info_gain,Expected information gain,20,41001,8,30,0.7067756056785583,1.6282376050949097,1.4470784306526183,0.13333333333333333
inclination_shift,Inclination shift,Shift of training band (deg),70.0,105-155,0,expected_info_gain,Expected information gain,21,41001,9,30,2.7993721961975098,41.19807434082031,6.596444582939148,0.16666666666666666
inclination_shift,Inclination shift,Shift of training band (deg),70.0,105-155,0,expected_info_gain,Expected information gain,22,41001,10,30,0.531251072883606,1.6727994680404663,1.1388200998306273,0.06666666666666667
inclination_shift,Inclination shift,Shift of training band (deg),70.0,105-155,0,expected_info_gain,Expected information gain,23,41001,11,30,0.5587623119354248,1.729109287261963,1.1049492478370664,0.16666666666666666
inclination_shift,Inclination shift,Shift of training band (deg),70.0,105-155,0,flat_lstm,Flat LSTM,0,41000,0,30,0.746644914150238,2.4523658752441406,1.9045621812343592,0.13333333333333333
inclination_shift,Inclination shift,Shift of training band (deg),70.0,105-155,0,flat_lstm,Flat LSTM,1,41000,1,30,0.5783169269561768,1.812300682067871,1.2731965184211718,0.06666666666666667
inclination_shift,Inclination shift,Shift of training band (deg),70.0,105-155,0,flat_lstm,Flat LSTM,2,41000,2,30,8.333562850952148,116.7784652709961,20.79269390106198,0.1
inclination_shift,Inclination shift,Shift of training band (deg),70.0,105-155,0,flat_lstm,Flat LSTM,3,41000,3,30,0.6424936652183533,2.5042731761932373,1.9298399209976167,0.13333333333333333
inclination_shift,Inclination shift,Shift of training band (deg),70.0,105-155,0,flat_lstm,Flat LSTM,4,41000,4,30,0.7998055219650269,2.7148075103759766,2.3947907209396355,0.1
inclination_shift,Inclination shift,Shift of training band (deg),70.0,105-155,0,flat_lstm,Flat LSTM,5,41000,5,30,0.6859257221221924,3.0424423217773438,1.9519875466823566,0.16666666666666666
inclination_shift,Inclination shift,Shift of training band (deg),70.0,105-155,0,flat_lstm,Flat LSTM,6,41000,6,30,0.8413827419281006,4.0891523361206055,2.088021779060363,0.1
inclination_shift,Inclination shift,Shift of training band (deg),70.0,105-155,0,flat_lstm,Flat LSTM,7,41000,7,30,0.7659118175506592,2.8768224716186523,2.638394248485565,0.13333333333333333
inclination_shift,Inclination shift,Shift of training band (deg),70.0,105-155,0,flat_lstm,Flat LSTM,8,41000,8,30,0.8740968108177185,4.322073936462402,2.1677910804748524,0.16666666666666666
inclination_shift,Inclination shift,Shift of training band (deg),70.0,105-155,0,flat_lstm,Flat LSTM,9,41000,9,30,0.8277638554573059,2.992893934249878,2.61696275472641,0.16666666666666666
inclination_shift,Inclination shift,Shift of training band (deg),70.0,105-155,0,flat_lstm,Flat LSTM,10,41000,10,30,0.7769079804420471,3.6974310874938965,1.859116399288177,0.13333333333333333
inclination_shift,Inclination shift,Shift of training band (deg),70.0,105-155,0,flat_lstm,Flat LSTM,11,41000,11,30,0.5411375164985657,3.365838050842285,1.4623678445816028,0.23333333333333334
inclination_shift,Inclination shift,Shift of training band (deg),70.0,105-155,0,flat_lstm,Flat LSTM,12,41001,0,30,1.3277424573898315,10.28372859954834,5.784731817245463,0.1
inclination_shift,Inclination shift,Shift of training band (deg),70.0,105-155,0,flat_lstm,Flat LSTM,13,41001,1,30,1.0238652229309082,10.716113090515137,1.8019420385360703,0.13333333333333333
inclination_shift,Inclination shift,Shift of training band (deg),70.0,105-155,0,flat_lstm,Flat LSTM,14,41001,2,30,0.7984549403190613,2.5366485118865967,2.2749891757965077,0.13333333333333333
inclination_shift,Inclination shift,Shift of training band (deg),70.0,105-155,0,flat_lstm,Flat LSTM,15,41001,3,30,0.7897383570671082,3.5258872509002686,1.8174064397811889,0.2
inclination_shift,Inclination shift,Shift of training band (deg),70.0,105-155,0,flat_lstm,Flat LSTM,16,41001,4,30,3.0138440132141113,23.65165138244629,16.413293695449806,0.13333333333333333
inclination_shift,Inclination shift,Shift of training band (deg),70.0,105-155,0,flat_lstm,Flat LSTM,17,41001,5,30,0.7166049480438232,3.3861067295074463,2.207904767990109,0.06666666666666667
inclination_shift,Inclination shift,Shift of training band (deg),70.0,105-155,0,flat_lstm,Flat LSTM,18,41001,6,30,0.7729963064193726,3.119450092315674,2.295861220359801,0.13333333333333333
inclination_shift,Inclination shift,Shift of training band (deg),70.0,105-155,0,flat_lstm,Flat LSTM,19,41001,7,30,1.500248670578003,12.4816255569458,5.714252018928521,0.1
inclination_shift,Inclination shift,Shift of training band (deg),70.0,105-155,0,flat_lstm,Flat LSTM,20,41001,8,30,1.038033366203308,6.066025257110596,3.8451631546020426,0.23333333333333334
inclination_shift,Inclination shift,Shift of training band (deg),70.0,105-155,0,flat_lstm,Flat LSTM,21,41001,9,30,0.6964055299758911,2.0642876625061035,2.011485922336578,0.13333333333333333
inclination_shift,Inclination shift,Shift of training band (deg),70.0,105-155,0,flat_lstm,Flat LSTM,22,41001,10,30,0.6347236037254333,1.7500133514404297,1.6357246279716484,0.1
inclination_shift,Inclination shift,Shift of training band (deg),70.0,105-155,0,flat_lstm,Flat LSTM,23,41001,11,30,0.7537622451782227,3.329747200012207,1.4940462052822103,0.06666666666666667
inclination_shift,Inclination shift,Shift of training band (deg),70.0,105-155,0,pointer_lstm,Attention-LSTM pointer,0,41000,0,30,0.9790544509887695,3.5519468784332275,2.515235090255734,0.03333333333333333
inclination_shift,Inclination shift,Shift of training band (deg),70.0,105-155,0,pointer_lstm,Attention-LSTM pointer,1,41000,1,30,0.9795736074447632,3.331031560897827,2.354788815975188,0.1
inclination_shift,Inclination shift,Shift of training band (deg),70.0,105-155,0,pointer_lstm,Attention-LSTM pointer,2,41000,2,30,1.263613224029541,3.5883982181549072,3.049876296520231,0.0
inclination_shift,Inclination shift,Shift of training band (deg),70.0,105-155,0,pointer_lstm,Attention-LSTM pointer,3,41000,3,30,1.1563199758529663,9.242544174194336,2.6601166605949387,0.13333333333333333
inclination_shift,Inclination shift,Shift of training band (deg),70.0,105-155,0,pointer_lstm,Attention-LSTM pointer,4,41000,4,30,1.138277292251587,2.41919207572937,2.2969659566879272,0.03333333333333333
inclination_shift,Inclination shift,Shift of training band (deg),70.0,105-155,0,pointer_lstm,Attention-LSTM pointer,5,41000,5,30,0.8885708451271057,3.0548150539398193,2.6733310580253584,0.16666666666666666
inclination_shift,Inclination shift,Shift of training band (deg),70.0,105-155,0,pointer_lstm,Attention-LSTM pointer,6,41000,6,30,1.2301108837127686,4.261110305786133,3.2773128151893594,0.03333333333333333
inclination_shift,Inclination shift,Shift of training band (deg),70.0,105-155,0,pointer_lstm,Attention-LSTM pointer,7,41000,7,30,1.1441948413848877,2.7094266414642334,2.360468280315399,0.03333333333333333
inclination_shift,Inclination shift,Shift of training band (deg),70.0,105-155,0,pointer_lstm,Attention-LSTM pointer,8,41000,8,30,1.017375111579895,5.947022914886475,3.4274761915206824,0.03333333333333333
inclination_shift,Inclination shift,Shift of training band (deg),70.0,105-155,0,pointer_lstm,Attention-LSTM pointer,9,41000,9,30,1.0180214643478394,2.3283326625823975,2.0645547628402707,0.0
inclination_shift,Inclination shift,Shift of training band (deg),70.0,105-155,0,pointer_lstm,Attention-LSTM pointer,10,41000,10,30,1.0313866138458252,4.05668306350708,2.370196557044981,0.03333333333333333
inclination_shift,Inclination shift,Shift of training band (deg),70.0,105-155,0,pointer_lstm,Attention-LSTM pointer,11,41000,11,30,0.7928463220596313,3.494976282119751,1.8295861780643459,0.1
inclination_shift,Inclination shift,Shift of training band (deg),70.0,105-155,0,pointer_lstm,Attention-LSTM pointer,12,41001,0,30,1.228036642074585,9.30215072631836,3.7179527044296186,0.03333333333333333
inclination_shift,Inclination shift,Shift of training band (deg),70.0,105-155,0,pointer_lstm,Attention-LSTM pointer,13,41001,1,30,1.3059306144714355,2.9814038276672363,2.8148511052131644,0.0
inclination_shift,Inclination shift,Shift of training band (deg),70.0,105-155,0,pointer_lstm,Attention-LSTM pointer,14,41001,2,30,1.1145610809326172,3.2859041690826416,2.5617713212966913,0.03333333333333333
inclination_shift,Inclination shift,Shift of training band (deg),70.0,105-155,0,pointer_lstm,Attention-LSTM pointer,15,41001,3,30,1.2331621646881104,6.029456615447998,4.153520143032065,0.03333333333333333
inclination_shift,Inclination shift,Shift of training band (deg),70.0,105-155,0,pointer_lstm,Attention-LSTM pointer,16,41001,4,30,0.8287540674209595,3.040544033050537,1.5114947855472558,0.0
inclination_shift,Inclination shift,Shift of training band (deg),70.0,105-155,0,pointer_lstm,Attention-LSTM pointer,17,41001,5,30,1.1099269390106201,4.263969898223877,2.1884051442146295,0.03333333333333333
inclination_shift,Inclination shift,Shift of training band (deg),70.0,105-155,0,pointer_lstm,Attention-LSTM pointer,18,41001,6,30,0.814422607421875,3.4417083263397217,1.6702383339405045,0.06666666666666667
inclination_shift,Inclination shift,Shift of training band (deg),70.0,105-155,0,pointer_lstm,Attention-LSTM pointer,19,41001,7,30,1.3510019779205322,7.1567206382751465,2.6968474984169,0.0
inclination_shift,Inclination shift,Shift of training band (deg),70.0,105-155,0,pointer_lstm,Attention-LSTM pointer,20,41001,8,30,1.2652827501296997,3.137233018875122,2.895456564426421,0.0
inclination_shift,Inclination shift,Shift of training band (deg),70.0,105-155,0,pointer_lstm,Attention-LSTM pointer,21,41001,9,30,1.118773102760315,4.015148639678955,3.0040232539176905,0.1
inclination_shift,Inclination shift,Shift of training band (deg),70.0,105-155,0,pointer_lstm,Attention-LSTM pointer,22,41001,10,30,1.0943089723587036,3.859163999557495,3.0903262972831724,0.03333333333333333
inclination_shift,Inclination shift,Shift of training band (deg),70.0,105-155,0,pointer_lstm,Attention-LSTM pointer,23,41001,11,30,1.5173702239990234,5.27732515335083,4.332280910015102,0.0
inclination_shift,Inclination shift,Shift of training band (deg),80.0,115-165,0,expected_info_gain,Expected information gain,0,41000,0,30,1.8761513233184814,15.87182903289795,8.417890453338597,0.06666666666666667
inclination_shift,Inclination shift,Shift of training band (deg),80.0,115-165,0,expected_info_gain,Expected information gain,1,41000,1,30,0.41576823592185974,0.9300237894058228,0.8026482969522475,0.06666666666666667
inclination_shift,Inclination shift,Shift of training band (deg),80.0,115-165,0,expected_info_gain,Expected information gain,2,41000,2,30,1.9629037380218506,24.931232452392578,4.434055685997007,0.13333333333333333
inclination_shift,Inclination shift,Shift of training band (deg),80.0,115-165,0,expected_info_gain,Expected information gain,3,41000,3,30,0.8956978917121887,3.1271462440490723,2.3445342659950255,0.13333333333333333
inclination_shift,Inclination shift,Shift of training band (deg),80.0,115-165,0,expected_info_gain,Expected information gain,4,41000,4,30,1.1793361902236938,7.009760856628418,3.8637075543403587,0.1
inclination_shift,Inclination shift,Shift of training band (deg),80.0,115-165,0,expected_info_gain,Expected information gain,5,41000,5,30,0.49309977889060974,1.4708683490753174,1.1901726961135857,0.13333333333333333
inclination_shift,Inclination shift,Shift of training band (deg),80.0,115-165,0,expected_info_gain,Expected information gain,6,41000,6,30,0.47521013021469116,1.2600101232528687,0.8728872925043102,0.13333333333333333
inclination_shift,Inclination shift,Shift of training band (deg),80.0,115-165,0,expected_info_gain,Expected information gain,7,41000,7,30,0.5549365282058716,1.123346209526062,1.0041337907314296,0.13333333333333333
inclination_shift,Inclination shift,Shift of training band (deg),80.0,115-165,0,expected_info_gain,Expected information gain,8,41000,8,30,0.4698781967163086,1.0232288837432861,0.9819703429937362,0.16666666666666666
inclination_shift,Inclination shift,Shift of training band (deg),80.0,115-165,0,expected_info_gain,Expected information gain,9,41000,9,30,0.533099353313446,1.9603240489959717,1.1904368937015524,0.16666666666666666
inclination_shift,Inclination shift,Shift of training band (deg),80.0,115-165,0,expected_info_gain,Expected information gain,10,41000,10,30,1.8473085165023804,40.132869720458984,1.0010137379169464,0.1
inclination_shift,Inclination shift,Shift of training band (deg),80.0,115-165,0,expected_info_gain,Expected information gain,11,41000,11,30,0.5021726489067078,1.4082159996032715,0.9407674580812448,0.13333333333333333
inclination_shift,Inclination shift,Shift of training band (deg),80.0,115-165,0,expected_info_gain,Expected information gain,12,41001,0,30,0.7165281772613525,1.3657913208007812,1.2381491720676419,0.16666666666666666
inclination_shift,Inclination shift,Shift of training band (deg),80.0,115-165,0,expected_info_gain,Expected information gain,13,41001,1,30,0.6552756428718567,1.9767590761184692,1.5415958464145652,0.16666666666666666
inclination_shift,Inclination shift,Shift of training band (deg),80.0,115-165,0,expected_info_gain,Expected information gain,14,41001,2,30,0.5225636959075928,1.339098334312439,1.0757563799619665,0.06666666666666667
inclination_shift,Inclination shift,Shift of training band (deg),80.0,115-165,0,expected_info_gain,Expected information gain,15,41001,3,30,1.894060492515564,16.2071475982666,6.315964794158924,0.1
inclination_shift,Inclination shift,Shift of training band (deg),80.0,115-165,0,expected_info_gain,Expected information gain,16,41001,4,30,0.695465087890625,3.232680320739746,2.0739399790763837,0.13333333333333333
inclination_shift,Inclination shift,Shift of training band (deg),80.0,115-165,0,expected_info_gain,Expected information gain,17,41001,5,30,0.5351475477218628,1.7112056016921997,1.3344354093074786,0.23333333333333334
inclination_shift,Inclination shift,Shift of training band (deg),80.0,115-165,0,expected_info_gain,Expected information gain,18,41001,6,30,0.5861507058143616,1.6763699054718018,1.2178455293178556,0.06666666666666667
inclination_shift,Inclination shift,Shift of training band (deg),80.0,115-165,0,expected_info_gain,Expected information gain,19,41001,7,30,0.6367381811141968,1.3727073669433594,1.2319548010826111,0.13333333333333333
inclination_shift,Inclination shift,Shift of training band (deg),80.0,115-165,0,expected_info_gain,Expected information gain,20,41001,8,30,0.7526455521583557,2.6837024688720703,1.7171482503414148,0.1
inclination_shift,Inclination shift,Shift of training band (deg),80.0,115-165,0,expected_info_gain,Expected information gain,21,41001,9,30,3.2033579349517822,51.76480484008789,6.220969176292416,0.16666666666666666
inclination_shift,Inclination shift,Shift of training band (deg),80.0,115-165,0,expected_info_gain,Expected information gain,22,41001,10,30,0.5903171300888062,2.5392045974731445,1.4251232504844655,0.1
inclination_shift,Inclination shift,Shift of training band (deg),80.0,115-165,0,expected_info_gain,Expected information gain,23,41001,11,30,0.6829701066017151,2.0383450984954834,1.6298349559307097,0.13333333333333333
inclination_shift,Inclination shift,Shift of training band (deg),80.0,115-165,0,flat_lstm,Flat LSTM,0,41000,0,30,0.6628730893135071,3.0117132663726807,2.045033252239225,0.16666666666666666
inclination_shift,Inclination shift,Shift of training band (deg),80.0,115-165,0,flat_lstm,Flat LSTM,1,41000,1,30,0.6891763806343079,2.679736614227295,1.6578220248222335,0.16666666666666666
inclination_shift,Inclination shift,Shift of training band (deg),80.0,115-165,0,flat_lstm,Flat LSTM,2,41000,2,30,0.9409112334251404,2.8021342754364014,2.0972157716751094,0.16666666666666666
inclination_shift,Inclination shift,Shift of training band (deg),80.0,115-165,0,flat_lstm,Flat LSTM,3,41000,3,30,0.8471669554710388,2.3829689025878906,2.0569917917251583,0.13333333333333333
inclination_shift,Inclination shift,Shift of training band (deg),80.0,115-165,0,flat_lstm,Flat LSTM,4,41000,4,30,0.7392682433128357,2.9290096759796143,2.420523798465729,0.16666666666666666
inclination_shift,Inclination shift,Shift of training band (deg),80.0,115-165,0,flat_lstm,Flat LSTM,5,41000,5,30,1.1687358617782593,8.872420310974121,2.9524947404861437,0.1
inclination_shift,Inclination shift,Shift of training band (deg),80.0,115-165,0,flat_lstm,Flat LSTM,6,41000,6,30,0.7924500703811646,3.0303902626037598,2.3236201763153077,0.16666666666666666
inclination_shift,Inclination shift,Shift of training band (deg),80.0,115-165,0,flat_lstm,Flat LSTM,7,41000,7,30,0.987528920173645,9.233566284179688,2.458621859550474,0.2
inclination_shift,Inclination shift,Shift of training band (deg),80.0,115-165,0,flat_lstm,Flat LSTM,8,41000,8,30,0.8059215545654297,2.5984482765197754,1.967854058742523,0.16666666666666666
inclination_shift,Inclination shift,Shift of training band (deg),80.0,115-165,0,flat_lstm,Flat LSTM,9,41000,9,30,0.9625044465065002,3.999446392059326,2.9356654167175287,0.16666666666666666
inclination_shift,Inclination shift,Shift of training band (deg),80.0,115-165,0,flat_lstm,Flat LSTM,10,41000,10,30,0.6224887371063232,1.7089825868606567,1.6231611132621762,0.13333333333333333
inclination_shift,Inclination shift,Shift of training band (deg),80.0,115-165,0,flat_lstm,Flat LSTM,11,41000,11,30,1.3603891134262085,11.271924018859863,4.078603160381316,0.1
inclination_shift,Inclination shift,Shift of training band (deg),80.0,115-165,0,flat_lstm,Flat LSTM,12,41001,0,30,0.9133033156394958,6.2920355796813965,2.7570383906364437,0.16666666666666666
inclination_shift,Inclination shift,Shift of training band (deg),80.0,115-165,0,flat_lstm,Flat LSTM,13,41001,1,30,0.9172332286834717,3.1797993183135986,2.954285120964049,0.16666666666666666
inclination_shift,Inclination shift,Shift of training band (deg),80.0,115-165,0,flat_lstm,Flat LSTM,14,41001,2,30,0.8142908215522766,2.3999671936035156,2.032010734081267,0.2
inclination_shift,Inclination shift,Shift of training band (deg),80.0,115-165,0,flat_lstm,Flat LSTM,15,41001,3,30,0.6338444948196411,1.8439712524414062,1.7172174811363214,0.13333333333333333
inclination_shift,Inclination shift,Shift of training band (deg),80.0,115-165,0,flat_lstm,Flat LSTM,16,41001,4,30,0.7707485556602478,1.931636929512024,1.8204402804374689,0.1
inclination_shift,Inclination shift,Shift of training band (deg),80.0,115-165,0,flat_lstm,Flat LSTM,17,41001,5,30,0.5927700400352478,1.960903525352478,1.5225982606410977,0.2
inclination_shift,Inclination shift,Shift of training band (deg),80.0,115-165,0,flat_lstm,Flat LSTM,18,41001,6,30,1.3303011655807495,8.782814979553223,3.074848902225493,0.1
inclination_shift,Inclination shift,Shift of training band (deg),80.0,115-165,0,flat_lstm,Flat LSTM,19,41001,7,30,1.0141652822494507,4.857724189758301,2.674521124362944,0.13333333333333333
inclination_shift,Inclination shift,Shift of training band (deg),80.0,115-165,0,flat_lstm,Flat LSTM,20,41001,8,30,1.0157444477081299,5.806760311126709,2.3045988917350755,0.1
inclination_shift,Inclination shift,Shift of training band (deg),80.0,115-165,0,flat_lstm,Flat LSTM,21,41001,9,30,0.7674767971038818,2.0720417499542236,1.951007169485092,0.2
inclination_shift,Inclination shift,Shift of training band (deg),80.0,115-165,0,flat_lstm,Flat LSTM,22,41001,10,30,0.823228120803833,2.6087634563446045,2.2902430057525627,0.2
inclination_shift,Inclination shift,Shift of training band (deg),80.0,115-165,0,flat_lstm,Flat LSTM,23,41001,11,30,0.7943297028541565,3.3366379737854004,1.9802255153655999,0.1
inclination_shift,Inclination shift,Shift of training band (deg),80.0,115-165,0,pointer_lstm,Attention-LSTM pointer,0,41000,0,30,1.2611249685287476,5.127622604370117,3.4093634366989094,0.0
inclination_shift,Inclination shift,Shift of training band (deg),80.0,115-165,0,pointer_lstm,Attention-LSTM pointer,1,41000,1,30,1.032723069190979,3.3511545658111572,2.748592483997342,0.1
inclination_shift,Inclination shift,Shift of training band (deg),80.0,115-165,0,pointer_lstm,Attention-LSTM pointer,2,41000,2,30,1.6374276876449585,10.184224128723145,3.9988046526908816,0.03333333333333333
inclination_shift,Inclination shift,Shift of training band (deg),80.0,115-165,0,pointer_lstm,Attention-LSTM pointer,3,41000,3,30,1.1838630437850952,9.763042449951172,2.6376449584960917,0.06666666666666667
inclination_shift,Inclination shift,Shift of training band (deg),80.0,115-165,0,pointer_lstm,Attention-LSTM pointer,4,41000,4,30,1.0925915241241455,2.6219217777252197,2.51599326133728,0.06666666666666667
inclination_shift,Inclination shift,Shift of training band (deg),80.0,115-165,0,pointer_lstm,Attention-LSTM pointer,5,41000,5,30,1.030811071395874,4.374030590057373,3.379160594940185,0.06666666666666667
inclination_shift,Inclination shift,Shift of training band (deg),80.0,115-165,0,pointer_lstm,Attention-LSTM pointer,6,41000,6,30,1.6503223180770874,10.636861801147461,2.804753565788269,0.03333333333333333
inclination_shift,Inclination shift,Shift of training band (deg),80.0,115-165,0,pointer_lstm,Attention-LSTM pointer,7,41000,7,30,1.4098564386367798,4.766180992126465,3.0121738076210014,0.06666666666666667
inclination_shift,Inclination shift,Shift of training band (deg),80.0,115-165,0,pointer_lstm,Attention-LSTM pointer,8,41000,8,30,1.4066120386123657,7.341592311859131,5.299021792411801,0.0
inclination_shift,Inclination shift,Shift of training band (deg),80.0,115-165,0,pointer_lstm,Attention-LSTM pointer,9,41000,9,30,1.0456851720809937,2.744741439819336,2.4130695462226868,0.0
inclination_shift,Inclination shift,Shift of training band (deg),80.0,115-165,0,pointer_lstm,Attention-LSTM pointer,10,41000,10,30,1.1621092557907104,3.9689252376556396,3.3034990549087495,0.0
inclination_shift,Inclination shift,Shift of training band (deg),80.0,115-165,0,pointer_lstm,Attention-LSTM pointer,11,41000,11,30,0.8945989012718201,5.119383335113525,1.9601486206054677,0.1
inclination_shift,Inclination shift,Shift of training band (deg),80.0,115-165,0,pointer_lstm,Attention-LSTM pointer,12,41001,0,30,1.294893503189087,10.524630546569824,2.7120402932167047,0.0
inclination_shift,Inclination shift,Shift of training band (deg),80.0,115-165,0,pointer_lstm,Attention-LSTM pointer,13,41001,1,30,1.774790644645691,13.86758804321289,3.7689811468124357,0.0
inclination_shift,Inclination shift,Shift of training band (deg),80.0,115-165,0,pointer_lstm,Attention-LSTM pointer,14,41001,2,30,1.457358717918396,9.640716552734375,2.7996976375579825,0.03333333333333333
inclination_shift,Inclination shift,Shift of training band (deg),80.0,115-165,0,pointer_lstm,Attention-LSTM pointer,15,41001,3,30,1.3222182989120483,8.125913619995117,2.3481477379798887,0.03333333333333333
inclination_shift,Inclination shift,Shift of training band (deg),80.0,115-165,0,pointer_lstm,Attention-LSTM pointer,16,41001,4,30,1.0641340017318726,3.085695505142212,2.0282864332199093,0.0
inclination_shift,Inclination shift,Shift of training band (deg),80.0,115-165,0,pointer_lstm,Attention-LSTM pointer,17,41001,5,30,1.1233131885528564,4.931587219238281,2.116426384449005,0.06666666666666667
inclination_shift,Inclination shift,Shift of training band (deg),80.0,115-165,0,pointer_lstm,Attention-LSTM pointer,18,41001,6,30,0.782611072063446,2.9800987243652344,1.7896618843078596,0.16666666666666666
inclination_shift,Inclination shift,Shift of training band (deg),80.0,115-165,0,pointer_lstm,Attention-LSTM pointer,19,41001,7,30,1.3767176866531372,3.379608392715454,2.6664462804794304,0.0
inclination_shift,Inclination shift,Shift of training band (deg),80.0,115-165,0,pointer_lstm,Attention-LSTM pointer,20,41001,8,30,1.28236985206604,3.3485450744628906,2.4901825428009032,0.0
inclination_shift,Inclination shift,Shift of training band (deg),80.0,115-165,0,pointer_lstm,Attention-LSTM pointer,21,41001,9,30,1.5627319812774658,7.152426719665527,5.214159846305841,0.06666666666666667
inclination_shift,Inclination shift,Shift of training band (deg),80.0,115-165,0,pointer_lstm,Attention-LSTM pointer,22,41001,10,30,1.2883120775222778,3.8721275329589844,3.210274577140808,0.06666666666666667
inclination_shift,Inclination shift,Shift of training band (deg),80.0,115-165,0,pointer_lstm,Attention-LSTM pointer,23,41001,11,30,1.8226888179779053,15.654119491577148,3.4770793914794917,0.0
inclination_shift,Inclination shift,Shift of training band (deg),90.0,125-175,0,expected_info_gain,Expected information gain,0,41000,0,30,0.8110324740409851,3.693035125732422,2.741266655921932,0.03333333333333333
inclination_shift,Inclination shift,Shift of training band (deg),90.0,125-175,0,expected_info_gain,Expected information gain,1,41000,1,30,0.3946501910686493,1.1163287162780762,0.7107217401266092,0.06666666666666667
inclination_shift,Inclination shift,Shift of training band (deg),90.0,125-175,0,expected_info_gain,Expected information gain,2,41000,2,30,1.54285728931427,10.373822212219238,7.401895284652695,0.1
inclination_shift,Inclination shift,Shift of training band (deg),90.0,125-175,0,expected_info_gain,Expected information gain,3,41000,3,30,0.6146805286407471,1.6494640111923218,1.3069579958915702,0.16666666666666666
inclination_shift,Inclination shift,Shift of training band (deg),90.0,125-175,0,expected_info_gain,Expected information gain,4,41000,4,30,0.7678680419921875,2.8177998065948486,1.75139365196228,0.1
inclination_shift,Inclination shift,Shift of training band (deg),90.0,125-175,0,expected_info_gain,Expected information gain,5,41000,5,30,0.6043672561645508,1.9795200824737549,1.633939707279204,0.06666666666666667
inclination_shift,Inclination shift,Shift of training band (deg),90.0,125-175,0,expected_info_gain,Expected information gain,6,41000,6,30,0.5236613154411316,1.2276630401611328,1.1457395076751704,0.1
inclination_shift,Inclination shift,Shift of training band (deg),90.0,125-175,0,expected_info_gain,Expected information gain,7,41000,7,30,0.5860129594802856,1.7572437524795532,1.2193576216697688,0.06666666666666667
inclination_shift,Inclination shift,Shift of training band (deg),90.0,125-175,0,expected_info_gain,Expected information gain,8,41000,8,30,0.4888949394226074,1.3708336353302002,1.0040242135524748,0.16666666666666666
inclination_shift,Inclination shift,Shift of training band (deg),90.0,125-175,0,expected_info_gain,Expected information gain,9,41000,9,30,0.5253407955169678,1.265042781829834,1.035370260477066,0.2
inclination_shift,Inclination shift,Shift of training band (deg),90.0,125-175,0,expected_info_gain,Expected information gain,10,41000,10,30,0.49196237325668335,1.3538490533828735,0.9689615666866301,0.03333333333333333
inclination_shift,Inclination shift,Shift of training band (deg),90.0,125-175,0,expected_info_gain,Expected information gain,11,41000,11,30,0.45586684346199036,0.9270637631416321,0.8469847798347473,0.2
inclination_shift,Inclination shift,Shift of training band (deg),90.0,125-175,0,expected_info_gain,Expected information gain,12,41001,0,30,0.7140763998031616,1.4847303628921509,1.3866479337215423,0.16666666666666666
inclination_shift,Inclination shift,Shift of training band (deg),90.0,125-175,0,expected_info_gain,Expected information gain,13,41001,1,30,0.9639098644256592,7.269343852996826,2.15870393514633,0.13333333333333333
inclination_shift,Inclination shift,Shift of training band (deg),90.0,125-175,0,expected_info_gain,Expected information gain,14,41001,2,30,0.5362015962600708,1.3372279405593872,1.227460342645645,0.03333333333333333
inclination_shift,Inclination shift,Shift of training band (deg),90.0,125-175,0,expected_info_gain,Expected information gain,15,41001,3,30,0.9215243458747864,4.431971073150635,1.825634139776229,0.16666666666666666
inclination_shift,Inclination shift,Shift of training band (deg),90.0,125-175,0,expected_info_gain,Expected information gain,16,41001,4,30,0.6145343780517578,1.3746728897094727,1.0726265072822567,0.13333333333333333
inclination_shift,Inclination shift,Shift of training band (deg),90.0,125-175,0,expected_info_gain,Expected information gain,17,41001,5,30,0.5381145477294922,1.5942180156707764,1.310741341114043,0.26666666666666666
inclination_shift,Inclination shift,Shift of training band (deg),90.0,125-175,0,expected_info_gain,Expected information gain,18,41001,6,30,0.6216374635696411,2.5673623085021973,1.5730185091495505,0.1
inclination_shift,Inclination shift,Shift of training band (deg),90.0,125-175,0,expected_info_gain,Expected information gain,19,41001,7,30,0.6664479374885559,2.027658462524414,1.4382295846939084,0.1
inclination_shift,Inclination shift,Shift of training band (deg),90.0,125-175,0,expected_info_gain,Expected information gain,20,41001,8,30,0.654768705368042,1.3712431192398071,1.2708330988883971,0.13333333333333333
inclination_shift,Inclination shift,Shift of training band (deg),90.0,125-175,0,expected_info_gain,Expected information gain,21,41001,9,30,3.7352638244628906,67.84121704101562,6.828526020050047,0.2
inclination_shift,Inclination shift,Shift of training band (deg),90.0,125-175,0,expected_info_gain,Expected information gain,22,41001,10,30,0.5195309519767761,1.1680238246917725,1.0256585657596584,0.06666666666666667
inclination_shift,Inclination shift,Shift of training band (deg),90.0,125-175,0,expected_info_gain,Expected information gain,23,41001,11,30,0.6075464487075806,2.483973979949951,1.3566993772983542,0.1
inclination_shift,Inclination shift,Shift of training band (deg),90.0,125-175,0,flat_lstm,Flat LSTM,0,41000,0,30,0.7074936628341675,3.1055569648742676,1.807408434152602,0.16666666666666666
inclination_shift,Inclination shift,Shift of training band (deg),90.0,125-175,0,flat_lstm,Flat LSTM,1,41000,1,30,0.7932950258255005,4.06023645401001,2.185159528255462,0.13333333333333333
inclination_shift,Inclination shift,Shift of training band (deg),90.0,125-175,0,flat_lstm,Flat LSTM,2,41000,2,30,2.5343854427337646,16.675281524658203,11.365899181365966,0.13333333333333333
inclination_shift,Inclination shift,Shift of training band (deg),90.0,125-175,0,flat_lstm,Flat LSTM,3,41000,3,30,0.717063307762146,2.964926242828369,1.8247816383838646,0.06666666666666667
inclination_shift,Inclination shift,Shift of training band (deg),90.0,125-175,0,flat_lstm,Flat LSTM,4,41000,4,30,0.8450758457183838,2.718146800994873,1.7540817439556118,0.13333333333333333
inclination_shift,Inclination shift,Shift of training band (deg),90.0,125-175,0,flat_lstm,Flat LSTM,5,41000,5,30,1.9715746641159058,12.783458709716797,8.77492389678955,0.16666666666666666
inclination_shift,Inclination shift,Shift of training band (deg),90.0,125-175,0,flat_lstm,Flat LSTM,6,41000,6,30,0.846997082233429,3.1321897506713867,2.806450963020323,0.16666666666666666
inclination_shift,Inclination shift,Shift of training band (deg),90.0,125-175,0,flat_lstm,Flat LSTM,7,41000,7,30,0.6068293452262878,1.742055892944336,1.4506054282188412,0.23333333333333334
inclination_shift,Inclination shift,Shift of training band (deg),90.0,125-175,0,flat_lstm,Flat LSTM,8,41000,8,30,0.6558316349983215,2.9129178524017334,1.6732696533203124,0.16666666666666666
inclination_shift,Inclination shift,Shift of training band (deg),90.0,125-175,0,flat_lstm,Flat LSTM,9,41000,9,30,0.731280505657196,3.101344108581543,1.8245639622211454,0.2
inclination_shift,Inclination shift,Shift of training band (deg),90.0,125-175,0,flat_lstm,Flat LSTM,10,41000,10,30,0.8383706212043762,3.1099729537963867,2.035397732257842,0.13333333333333333
inclination_shift,Inclination shift,Shift of training band (deg),90.0,125-175,0,flat_lstm,Flat LSTM,11,41000,11,30,3.9241859912872314,18.648157119750977,13.315418148040768,0.1
inclination_shift,Inclination shift,Shift of training band (deg),90.0,125-175,0,flat_lstm,Flat LSTM,12,41001,0,30,0.9956995844841003,6.719418525695801,2.6453848481178284,0.1
inclination_shift,Inclination shift,Shift of training band (deg),90.0,125-175,0,flat_lstm,Flat LSTM,13,41001,1,30,0.9031927585601807,3.4964704513549805,2.762666618824003,0.16666666666666666
inclination_shift,Inclination shift,Shift of training band (deg),90.0,125-175,0,flat_lstm,Flat LSTM,14,41001,2,30,0.5744343996047974,1.5740586519241333,1.1599234461784358,0.16666666666666666
inclination_shift,Inclination shift,Shift of training band (deg),90.0,125-175,0,flat_lstm,Flat LSTM,15,41001,3,30,1.1255112886428833,4.7995171546936035,3.2852674722671504,0.1
inclination_shift,Inclination shift,Shift of training band (deg),90.0,125-175,0,flat_lstm,Flat LSTM,16,41001,4,30,1.003029465675354,10.281257629394531,2.3315256714820833,0.13333333333333333
inclination_shift,Inclination shift,Shift of training band (deg),90.0,125-175,0,flat_lstm,Flat LSTM,17,41001,5,30,0.5929742455482483,1.918757677078247,1.6813269615173332,0.2
inclination_shift,Inclination shift,Shift of training band (deg),90.0,125-175,0,flat_lstm,Flat LSTM,18,41001,6,30,1.3895808458328247,12.382338523864746,2.9361673116683944,0.16666666666666666
inclination_shift,Inclination shift,Shift of training band (deg),90.0,125-175,0,flat_lstm,Flat LSTM,19,41001,7,30,6.122367858886719,106.32797241210938,12.561243915557855,0.23333333333333334
inclination_shift,Inclination shift,Shift of training band (deg),90.0,125-175,0,flat_lstm,Flat LSTM,20,41001,8,30,0.8545055389404297,2.358661413192749,1.9540857315063471,0.16666666666666666
inclination_shift,Inclination shift,Shift of training band (deg),90.0,125-175,0,flat_lstm,Flat LSTM,21,41001,9,30,0.8106285333633423,2.717970848083496,2.146648108959198,0.16666666666666666
inclination_shift,Inclination shift,Shift of training band (deg),90.0,125-175,0,flat_lstm,Flat LSTM,22,41001,10,30,0.5468903183937073,1.7699085474014282,1.5825103998184196,0.2
inclination_shift,Inclination shift,Shift of training band (deg),90.0,125-175,0,flat_lstm,Flat LSTM,23,41001,11,30,1.0610241889953613,7.087371349334717,3.1188120841979945,0.13333333333333333
inclination_shift,Inclination shift,Shift of training band (deg),90.0,125-175,0,pointer_lstm,Attention-LSTM pointer,0,41000,0,30,1.3618910312652588,10.80964183807373,2.6311081409454333,0.03333333333333333
inclination_shift,Inclination shift,Shift of training band (deg),90.0,125-175,0,pointer_lstm,Attention-LSTM pointer,1,41000,1,30,1.2611463069915771,5.112927436828613,3.459106302261351,0.1
inclination_shift,Inclination shift,Shift of training band (deg),90.0,125-175,0,pointer_lstm,Attention-LSTM pointer,2,41000,2,30,1.641515851020813,10.50733757019043,3.703314042091369,0.0
inclination_shift,Inclination shift,Shift of training band (deg),90.0,125-175,0,pointer_lstm,Attention-LSTM pointer,3,41000,3,30,1.26450514793396,9.466440200805664,2.6710112214088415,0.03333333333333333
inclination_shift,Inclination shift,Shift of training band (deg),90.0,125-175,0,pointer_lstm,Attention-LSTM pointer,4,41000,4,30,1.415805697441101,9.139935493469238,4.4744098424911405,0.0
inclination_shift,Inclination shift,Shift of training band (deg),90.0,125-175,0,pointer_lstm,Attention-LSTM pointer,5,41000,5,30,0.8969419002532959,3.5244438648223877,2.6811599135398843,0.1
inclination_shift,Inclination shift,Shift of training band (deg),90.0,125-175,0,pointer_lstm,Attention-LSTM pointer,6,41000,6,30,1.573039174079895,6.67861270904541,3.997293114662165,0.0
inclination_shift,Inclination shift,Shift of training band (deg),90.0,125-175,0,pointer_lstm,Attention-LSTM pointer,7,41000,7,30,1.3380870819091797,3.3304500579833984,2.724826443195343,0.06666666666666667
inclination_shift,Inclination shift,Shift of training band (deg),90.0,125-175,0,pointer_lstm,Attention-LSTM pointer,8,41000,8,30,1.5415823459625244,10.44162654876709,4.996286010742185,0.03333333333333333
inclination_shift,Inclination shift,Shift of training band (deg),90.0,125-175,0,pointer_lstm,Attention-LSTM pointer,9,41000,9,30,1.1810797452926636,3.290712833404541,2.7803870677947993,0.0
inclination_shift,Inclination shift,Shift of training band (deg),90.0,125-175,0,pointer_lstm,Attention-LSTM pointer,10,41000,10,30,1.6651891469955444,16.00819206237793,3.70611900091171,0.03333333333333333
inclination_shift,Inclination shift,Shift of training band (deg),90.0,125-175,0,pointer_lstm,Attention-LSTM pointer,11,41000,11,30,0.8368771076202393,2.3469791412353516,1.8284073472023006,0.1
inclination_shift,Inclination shift,Shift of training band (deg),90.0,125-175,0,pointer_lstm,Attention-LSTM pointer,12,41001,0,30,1.254382610321045,5.041823863983154,3.3441601276397703,0.0
inclination_shift,Inclination shift,Shift of training band (deg),90.0,125-175,0,pointer_lstm,Attention-LSTM pointer,13,41001,1,30,1.5681052207946777,5.833396911621094,4.2033454775810215,0.03333333333333333
inclination_shift,Inclination shift,Shift of training band (deg),90.0,125-175,0,pointer_lstm,Attention-LSTM pointer,14,41001,2,30,1.4663697481155396,10.059089660644531,2.6153808474540705,0.03333333333333333
inclination_shift,Inclination shift,Shift of training band (deg),90.0,125-175,0,pointer_lstm,Attention-LSTM pointer,15,41001,3,30,1.431349277496338,9.59949016571045,2.9598446011543262,0.0
inclination_shift,Inclination shift,Shift of training band (deg),90.0,125-175,0,pointer_lstm,Attention-LSTM pointer,16,41001,4,30,1.2212889194488525,5.041201114654541,2.6600416421890216,0.03333333333333333
inclination_shift,Inclination shift,Shift of training band (deg),90.0,125-175,0,pointer_lstm,Attention-LSTM pointer,17,41001,5,30,1.4397872686386108,7.827346324920654,5.028875160217283,0.03333333333333333
inclination_shift,Inclination shift,Shift of training band (deg),90.0,125-175,0,pointer_lstm,Attention-LSTM pointer,18,41001,6,30,0.7708921432495117,3.1042356491088867,1.4135450065135953,0.13333333333333333
inclination_shift,Inclination shift,Shift of training band (deg),90.0,125-175,0,pointer_lstm,Attention-LSTM pointer,19,41001,7,30,1.5035150051116943,3.389721632003784,3.2300686836242667,0.0
inclination_shift,Inclination shift,Shift of training band (deg),90.0,125-175,0,pointer_lstm,Attention-LSTM pointer,20,41001,8,30,1.2834951877593994,3.483975887298584,2.8304575443267805,0.0
inclination_shift,Inclination shift,Shift of training band (deg),90.0,125-175,0,pointer_lstm,Attention-LSTM pointer,21,41001,9,30,1.2077959775924683,5.50722599029541,2.517082595825195,0.06666666666666667
inclination_shift,Inclination shift,Shift of training band (deg),90.0,125-175,0,pointer_lstm,Attention-LSTM pointer,22,41001,10,30,1.3174477815628052,4.513493537902832,3.1035894989967345,0.06666666666666667
inclination_shift,Inclination shift,Shift of training band (deg),90.0,125-175,0,pointer_lstm,Attention-LSTM pointer,23,41001,11,30,1.459114909172058,7.538669586181641,3.5546458482742285,0.03333333333333333
eccentricity,Eccentricity,Maximum eccentricity,0.055,0.055,0,expected_info_gain,Expected information gain,0,41000,0,30,1.038131594657898,4.567238807678223,2.566342937946319,0.06666666666666667
eccentricity,Eccentricity,Maximum eccentricity,0.055,0.055,0,expected_info_gain,Expected information gain,1,41000,1,30,1.2878680229187012,18.73542594909668,2.2470970571041082,0.06666666666666667
eccentricity,Eccentricity,Maximum eccentricity,0.055,0.055,0,expected_info_gain,Expected information gain,2,41000,2,30,0.9412105083465576,2.6974172592163086,2.4150282263755796,0.16666666666666666
eccentricity,Eccentricity,Maximum eccentricity,0.055,0.055,0,expected_info_gain,Expected information gain,3,41000,3,30,0.738187849521637,6.64445686340332,2.471533823013302,0.16666666666666666
eccentricity,Eccentricity,Maximum eccentricity,0.055,0.055,0,expected_info_gain,Expected information gain,4,41000,4,30,0.865995466709137,6.587540626525879,1.9885735988616928,0.13333333333333333
eccentricity,Eccentricity,Maximum eccentricity,0.055,0.055,0,expected_info_gain,Expected information gain,5,41000,5,30,0.8170498609542847,6.434664726257324,3.4066118717193543,0.1
eccentricity,Eccentricity,Maximum eccentricity,0.055,0.055,0,expected_info_gain,Expected information gain,6,41000,6,30,0.5910114645957947,1.5996789932250977,1.3209406197071072,0.2
eccentricity,Eccentricity,Maximum eccentricity,0.055,0.055,0,expected_info_gain,Expected information gain,7,41000,7,30,1.9064773321151733,29.262744903564453,8.29075670242306,0.13333333333333333
eccentricity,Eccentricity,Maximum eccentricity,0.055,0.055,0,expected_info_gain,Expected information gain,8,41000,8,30,0.8942712545394897,4.665691375732422,2.6314870476722696,0.06666666666666667
eccentricity,Eccentricity,Maximum eccentricity,0.055,0.055,0,expected_info_gain,Expected information gain,9,41000,9,30,0.4533424973487854,0.9929908514022827,0.8631691962480544,0.2
eccentricity,Eccentricity,Maximum eccentricity,0.055,0.055,0,expected_info_gain,Expected information gain,10,41000,10,30,1.1539647579193115,21.175275802612305,1.1355408132076261,0.1
eccentricity,Eccentricity,Maximum eccentricity,0.055,0.055,0,expected_info_gain,Expected information gain,11,41000,11,30,0.5658888220787048,1.6883885860443115,1.1761651813983913,0.06666666666666667
eccentricity,Eccentricity,Maximum eccentricity,0.055,0.055,0,expected_info_gain,Expected information gain,12,41001,0,30,0.8216071724891663,2.109288215637207,1.897119629383087,0.13333333333333333
eccentricity,Eccentricity,Maximum eccentricity,0.055,0.055,0,expected_info_gain,Expected information gain,13,41001,1,30,0.6631977558135986,2.900834560394287,0.9967573165893547,0.06666666666666667
eccentricity,Eccentricity,Maximum eccentricity,0.055,0.055,0,expected_info_gain,Expected information gain,14,41001,2,30,0.6839429140090942,2.7969882488250732,1.2399905622005463,0.13333333333333333
eccentricity,Eccentricity,Maximum eccentricity,0.055,0.055,0,expected_info_gain,Expected information gain,15,41001,3,30,0.8433371782302856,5.511510848999023,1.259593099355697,0.1
eccentricity,Eccentricity,Maximum eccentricity,0.055,0.055,0,expected_info_gain,Expected information gain,16,41001,4,30,0.7259117960929871,3.3335134983062744,1.8285563528537727,0.16666666666666666
eccentricity,Eccentricity,Maximum eccentricity,0.055,0.055,0,expected_info_gain,Expected information gain,17,41001,5,30,0.567844569683075,1.3605068922042847,1.2622871398925777,0.13333333333333333
eccentricity,Eccentricity,Maximum eccentricity,0.055,0.055,0,expected_info_gain,Expected information gain,18,41001,6,30,0.6838217377662659,1.942664384841919,1.7682547867298124,0.23333333333333334
eccentricity,Eccentricity,Maximum eccentricity,0.055,0.055,0,expected_info_gain,Expected information gain,19,41001,7,30,0.6240648031234741,2.1093971729278564,1.5231580734252925,0.13333333333333333
eccentricity,Eccentricity,Maximum eccentricity,0.055,0.055,0,expected_info_gain,Expected information gain,20,41001,8,30,0.8546699285507202,2.9368667602539062,2.069167423248289,0.16666666666666666
eccentricity,Eccentricity,Maximum eccentricity,0.055,0.055,0,expected_info_gain,Expected information gain,21,41001,9,30,1.661587119102478,15.235994338989258,5.55508713722228,0.13333333333333333
eccentricity,Eccentricity,Maximum eccentricity,0.055,0.055,0,expected_info_gain,Expected information gain,22,41001,10,30,0.4757474362850189,1.2576247453689575,1.0336259990930552,0.13333333333333333
eccentricity,Eccentricity,Maximum eccentricity,0.055,0.055,0,expected_info_gain,Expected information gain,23,41001,11,30,0.7436819076538086,2.2169132232666016,1.628167814016342,0.03333333333333333
eccentricity,Eccentricity,Maximum eccentricity,0.055,0.055,0,flat_lstm,Flat LSTM,0,41000,0,30,0.8406476974487305,3.781853199005127,2.8439873695373508,0.13333333333333333
eccentricity,Eccentricity,Maximum eccentricity,0.055,0.055,0,flat_lstm,Flat LSTM,1,41000,1,30,0.5144361257553101,2.0512325763702393,1.197021108865737,0.16666666666666666
eccentricity,Eccentricity,Maximum eccentricity,0.055,0.055,0,flat_lstm,Flat LSTM,2,41000,2,30,0.9136672616004944,3.6049749851226807,3.203754246234892,0.13333333333333333
eccentricity,Eccentricity,Maximum eccentricity,0.055,0.055,0,flat_lstm,Flat LSTM,3,41000,3,30,0.7741960287094116,4.687306880950928,2.6817059993743873,0.13333333333333333
eccentricity,Eccentricity,Maximum eccentricity,0.055,0.055,0,flat_lstm,Flat LSTM,4,41000,4,30,0.8418248295783997,6.008857727050781,2.3371553063392625,0.13333333333333333
eccentricity,Eccentricity,Maximum eccentricity,0.055,0.055,0,flat_lstm,Flat LSTM,5,41000,5,30,0.6187649965286255,3.721313953399658,2.624699425697326,0.16666666666666666
eccentricity,Eccentricity,Maximum eccentricity,0.055,0.055,0,flat_lstm,Flat LSTM,6,41000,6,30,0.7563119530677795,3.981473445892334,1.66191086769104,0.1
eccentricity,Eccentricity,Maximum eccentricity,0.055,0.055,0,flat_lstm,Flat LSTM,7,41000,7,30,2.083051919937134,25.99142074584961,9.162885570526107,0.1
eccentricity,Eccentricity,Maximum eccentricity,0.055,0.055,0,flat_lstm,Flat LSTM,8,41000,8,30,0.785525381565094,4.094017028808594,2.559030055999752,0.16666666666666666
eccentricity,Eccentricity,Maximum eccentricity,0.055,0.055,0,flat_lstm,Flat LSTM,9,41000,9,30,0.5749816298484802,2.091399669647217,1.4390531301498408,0.23333333333333334
eccentricity,Eccentricity,Maximum eccentricity,0.055,0.055,0,flat_lstm,Flat LSTM,10,41000,10,30,0.6226633191108704,1.9682484865188599,1.7817816019058224,0.13333333333333333
eccentricity,Eccentricity,Maximum eccentricity,0.055,0.055,0,flat_lstm,Flat LSTM,11,41000,11,30,0.8177823424339294,6.94356632232666,1.9790018379688261,0.06666666666666667
eccentricity,Eccentricity,Maximum eccentricity,0.055,0.055,0,flat_lstm,Flat LSTM,12,41001,0,30,1.3567359447479248,9.632054328918457,4.448268389701841,0.16666666666666666
eccentricity,Eccentricity,Maximum eccentricity,0.055,0.055,0,flat_lstm,Flat LSTM,13,41001,1,30,1.0196572542190552,7.158608913421631,2.9020590901374805,0.06666666666666667
eccentricity,Eccentricity,Maximum eccentricity,0.055,0.055,0,flat_lstm,Flat LSTM,14,41001,2,30,0.8655523061752319,3.2578020095825195,2.687846934795377,0.13333333333333333
eccentricity,Eccentricity,Maximum eccentricity,0.055,0.055,0,flat_lstm,Flat LSTM,15,41001,3,30,0.7295543551445007,3.5536587238311768,2.1242767333984363,0.23333333333333334
eccentricity,Eccentricity,Maximum eccentricity,0.055,0.055,0,flat_lstm,Flat LSTM,16,41001,4,30,0.5949785113334656,1.8970890045166016,1.5699720561504362,0.2
eccentricity,Eccentricity,Maximum eccentricity,0.055,0.055,0,flat_lstm,Flat LSTM,17,41001,5,30,0.6422401070594788,2.119670867919922,1.6869201302528374,0.26666666666666666
eccentricity,Eccentricity,Maximum eccentricity,0.055,0.055,0,flat_lstm,Flat LSTM,18,41001,6,30,0.5856074690818787,2.432988166809082,1.376082700490951,0.16666666666666666
eccentricity,Eccentricity,Maximum eccentricity,0.055,0.055,0,flat_lstm,Flat LSTM,19,41001,7,30,0.8395046591758728,3.6944692134857178,2.3715931892395017,0.16666666666666666
eccentricity,Eccentricity,Maximum eccentricity,0.055,0.055,0,flat_lstm,Flat LSTM,20,41001,8,30,0.4970952272415161,1.8009535074234009,1.158233588933944,0.16666666666666666
eccentricity,Eccentricity,Maximum eccentricity,0.055,0.055,0,flat_lstm,Flat LSTM,21,41001,9,30,0.8039894104003906,3.8216917514801025,2.136576235294342,0.26666666666666666
eccentricity,Eccentricity,Maximum eccentricity,0.055,0.055,0,flat_lstm,Flat LSTM,22,41001,10,30,0.6010616421699524,2.582888126373291,2.1171409726142856,0.16666666666666666
eccentricity,Eccentricity,Maximum eccentricity,0.055,0.055,0,flat_lstm,Flat LSTM,23,41001,11,30,0.5533013939857483,1.6359447240829468,1.4936410844326011,0.26666666666666666
eccentricity,Eccentricity,Maximum eccentricity,0.055,0.055,0,pointer_lstm,Attention-LSTM pointer,0,41000,0,30,0.5365288853645325,3.366666555404663,1.5862739861011503,0.23333333333333334
eccentricity,Eccentricity,Maximum eccentricity,0.055,0.055,0,pointer_lstm,Attention-LSTM pointer,1,41000,1,30,0.37553131580352783,0.8034520745277405,0.7413018196821212,0.13333333333333333
eccentricity,Eccentricity,Maximum eccentricity,0.055,0.055,0,pointer_lstm,Attention-LSTM pointer,2,41000,2,30,0.37861427664756775,0.8201820254325867,0.7781575381755829,0.23333333333333334
eccentricity,Eccentricity,Maximum eccentricity,0.055,0.055,0,pointer_lstm,Attention-LSTM pointer,3,41000,3,30,0.3992328345775604,1.8562339544296265,1.278590887784956,0.36666666666666664
eccentricity,Eccentricity,Maximum eccentricity,0.055,0.055,0,pointer_lstm,Attention-LSTM pointer,4,41000,4,30,0.7523583769798279,10.90241527557373,1.071817892789839,0.13333333333333333
eccentricity,Eccentricity,Maximum eccentricity,0.055,0.055,0,pointer_lstm,Attention-LSTM pointer,5,41000,5,30,0.44431057572364807,2.3225975036621094,1.1935086965560908,0.23333333333333334
eccentricity,Eccentricity,Maximum eccentricity,0.055,0.055,0,pointer_lstm,Attention-LSTM pointer,6,41000,6,30,0.34445133805274963,1.1071348190307617,0.5879432410001753,0.16666666666666666
eccentricity,Eccentricity,Maximum eccentricity,0.055,0.055,0,pointer_lstm,Attention-LSTM pointer,7,41000,7,30,0.4194810688495636,1.2370061874389648,0.9116430163383483,0.1
eccentricity,Eccentricity,Maximum eccentricity,0.055,0.055,0,pointer_lstm,Attention-LSTM pointer,8,41000,8,30,0.35989564657211304,0.9064314365386963,0.7658278673887249,0.23333333333333334
eccentricity,Eccentricity,Maximum eccentricity,0.055,0.055,0,pointer_lstm,Attention-LSTM pointer,9,41000,9,30,0.47705963253974915,2.6046578884124756,0.8895925819873806,0.23333333333333334
eccentricity,Eccentricity,Maximum eccentricity,0.055,0.055,0,pointer_lstm,Attention-LSTM pointer,10,41000,10,30,0.37539416551589966,1.1706589460372925,0.9189268648624407,0.3
eccentricity,Eccentricity,Maximum eccentricity,0.055,0.055,0,pointer_lstm,Attention-LSTM pointer,11,41000,11,30,0.32896754145622253,0.7872498035430908,0.6660192042589185,0.2
eccentricity,Eccentricity,Maximum eccentricity,0.055,0.055,0,pointer_lstm,Attention-LSTM pointer,12,41001,0,30,1.4439034461975098,20.51515769958496,5.860017347335795,0.23333333333333334
eccentricity,Eccentricity,Maximum eccentricity,0.055,0.055,0,pointer_lstm,Attention-LSTM pointer,13,41001,1,30,0.45977485179901123,1.3389508724212646,0.922293025255203,0.16666666666666666
eccentricity,Eccentricity,Maximum eccentricity,0.055,0.055,0,pointer_lstm,Attention-LSTM pointer,14,41001,2,30,0.4477069079875946,1.3053003549575806,0.9127683192491527,0.2
eccentricity,Eccentricity,Maximum eccentricity,0.055,0.055,0,pointer_lstm,Attention-LSTM pointer,15,41001,3,30,0.37113237380981445,0.8253189325332642,0.7188746958971017,0.13333333333333333
eccentricity,Eccentricity,Maximum eccentricity,0.055,0.055,0,pointer_lstm,Attention-LSTM pointer,16,41001,4,30,0.3211587965488434,0.5949752926826477,0.5298289626836776,0.13333333333333333
eccentricity,Eccentricity,Maximum eccentricity,0.055,0.055,0,pointer_lstm,Attention-LSTM pointer,17,41001,5,30,0.40420687198638916,0.9375154972076416,0.9088885277509688,0.26666666666666666
eccentricity,Eccentricity,Maximum eccentricity,0.055,0.055,0,pointer_lstm,Attention-LSTM pointer,18,41001,6,30,0.355439156293869,1.3632186651229858,0.9540586352348313,0.26666666666666666
eccentricity,Eccentricity,Maximum eccentricity,0.055,0.055,0,pointer_lstm,Attention-LSTM pointer,19,41001,7,30,0.34616920351982117,1.245331048965454,0.7090320795774452,0.16666666666666666
eccentricity,Eccentricity,Maximum eccentricity,0.055,0.055,0,pointer_lstm,Attention-LSTM pointer,20,41001,8,30,0.37316226959228516,1.4855095148086548,0.7364144384860991,0.2
eccentricity,Eccentricity,Maximum eccentricity,0.055,0.055,0,pointer_lstm,Attention-LSTM pointer,21,41001,9,30,0.5308598875999451,2.5472028255462646,1.2182627022266381,0.2
eccentricity,Eccentricity,Maximum eccentricity,0.055,0.055,0,pointer_lstm,Attention-LSTM pointer,22,41001,10,30,0.40555593371391296,1.147762656211853,0.7112615376710891,0.13333333333333333
eccentricity,Eccentricity,Maximum eccentricity,0.055,0.055,0,pointer_lstm,Attention-LSTM pointer,23,41001,11,30,0.4342871904373169,1.1092619895935059,0.9633590519428249,0.2
initial_uncertainty,Initial uncertainty,Initial uncertainty scale,0.5,0.5x,0,expected_info_gain,Expected information gain,0,41000,0,30,0.6100298762321472,1.977262258529663,1.5845710396766661,0.06666666666666667
initial_uncertainty,Initial uncertainty,Initial uncertainty scale,0.5,0.5x,0,expected_info_gain,Expected information gain,1,41000,1,30,0.35426512360572815,0.9684950113296509,0.5979633748531341,0.13333333333333333
initial_uncertainty,Initial uncertainty,Initial uncertainty scale,0.5,0.5x,0,expected_info_gain,Expected information gain,2,41000,2,30,0.6123764514923096,1.1613572835922241,1.132975035905838,0.16666666666666666
initial_uncertainty,Initial uncertainty,Initial uncertainty scale,0.5,0.5x,0,expected_info_gain,Expected information gain,3,41000,3,30,0.47383564710617065,1.3280704021453857,1.2460094630718228,0.23333333333333334
initial_uncertainty,Initial uncertainty,Initial uncertainty scale,0.5,0.5x,0,expected_info_gain,Expected information gain,4,41000,4,30,0.6764278411865234,2.4542012214660645,1.5104885280132279,0.13333333333333333
initial_uncertainty,Initial uncertainty,Initial uncertainty scale,0.5,0.5x,0,expected_info_gain,Expected information gain,5,41000,5,30,0.6626917123794556,1.7212694883346558,1.2871165513992309,0.03333333333333333
initial_uncertainty,Initial uncertainty,Initial uncertainty scale,0.5,0.5x,0,expected_info_gain,Expected information gain,6,41000,6,30,0.4871867299079895,1.3473066091537476,0.9788943350315094,0.16666666666666666
initial_uncertainty,Initial uncertainty,Initial uncertainty scale,0.5,0.5x,0,expected_info_gain,Expected information gain,7,41000,7,30,0.4107626974582672,0.8463565707206726,0.6699851036071776,0.13333333333333333
initial_uncertainty,Initial uncertainty,Initial uncertainty scale,0.5,0.5x,0,expected_info_gain,Expected information gain,8,41000,8,30,0.4988149106502533,1.3056777715682983,1.1508542478084558,0.16666666666666666
initial_uncertainty,Initial uncertainty,Initial uncertainty scale,0.5,0.5x,0,expected_info_gain,Expected information gain,9,41000,9,30,0.5758056640625,3.137134313583374,1.2366135567426666,0.06666666666666667
initial_uncertainty,Initial uncertainty,Initial uncertainty scale,0.5,0.5x,0,expected_info_gain,Expected information gain,10,41000,10,30,0.3973211348056793,1.0613749027252197,0.9306895971298215,0.16666666666666666
initial_uncertainty,Initial uncertainty,Initial uncertainty scale,0.5,0.5x,0,expected_info_gain,Expected information gain,11,41000,11,30,0.3957710564136505,1.1632870435714722,0.7451868802309034,0.13333333333333333
initial_uncertainty,Initial uncertainty,Initial uncertainty scale,0.5,0.5x,0,expected_info_gain,Expected information gain,12,41001,0,30,0.5675479173660278,1.1147488355636597,0.9676466971635816,0.13333333333333333
initial_uncertainty,Initial uncertainty,Initial uncertainty scale,0.5,0.5x,0,expected_info_gain,Expected information gain,13,41001,1,30,0.639779806137085,1.6823654174804688,1.6291569113731381,0.1
initial_uncertainty,Initial uncertainty,Initial uncertainty scale,0.5,0.5x,0,expected_info_gain,Expected information gain,14,41001,2,30,0.5743752121925354,1.5681496858596802,1.3764475643634786,0.13333333333333333
initial_uncertainty,Initial uncertainty,Initial uncertainty scale,0.5,0.5x,0,expected_info_gain,Expected information gain,15,41001,3,30,0.7412043809890747,3.5561020374298096,1.4440835237503051,0.1
initial_uncertainty,Initial uncertainty,Initial uncertainty scale,0.5,0.5x,0,expected_info_gain,Expected information gain,16,41001,4,30,0.5933603644371033,1.9316842555999756,1.2660833299159997,0.13333333333333333
initial_uncertainty,Initial uncertainty,Initial uncertainty scale,0.5,0.5x,0,expected_info_gain,Expected information gain,17,41001,5,30,0.4520992338657379,1.3267347812652588,0.9001284003257747,0.16666666666666666
initial_uncertainty,Initial uncertainty,Initial uncertainty scale,0.5,0.5x,0,expected_info_gain,Expected information gain,18,41001,6,30,0.4166039228439331,1.0735220909118652,0.9813054352998731,0.2
initial_uncertainty,Initial uncertainty,Initial uncertainty scale,0.5,0.5x,0,expected_info_gain,Expected information gain,19,41001,7,30,0.5523052215576172,1.6047217845916748,1.2142480254173276,0.1
initial_uncertainty,Initial uncertainty,Initial uncertainty scale,0.5,0.5x,0,expected_info_gain,Expected information gain,20,41001,8,30,0.5352753400802612,1.3197808265686035,1.0302355200052258,0.1
initial_uncertainty,Initial uncertainty,Initial uncertainty scale,0.5,0.5x,0,expected_info_gain,Expected information gain,21,41001,9,30,0.5879048705101013,1.7443593740463257,1.3424464523792252,0.2
initial_uncertainty,Initial uncertainty,Initial uncertainty scale,0.5,0.5x,0,expected_info_gain,Expected information gain,22,41001,10,30,0.4003530442714691,0.9904417395591736,0.7750546485185623,0.13333333333333333
initial_uncertainty,Initial uncertainty,Initial uncertainty scale,0.5,0.5x,0,expected_info_gain,Expected information gain,23,41001,11,30,0.5278216004371643,1.1320083141326904,0.9881987690925597,0.1
initial_uncertainty,Initial uncertainty,Initial uncertainty scale,0.5,0.5x,0,flat_lstm,Flat LSTM,0,41000,0,30,0.563312292098999,1.4632248878479004,1.3382136702537537,0.2
initial_uncertainty,Initial uncertainty,Initial uncertainty scale,0.5,0.5x,0,flat_lstm,Flat LSTM,1,41000,1,30,0.39769574999809265,1.144201397895813,0.9818561136722561,0.16666666666666666
initial_uncertainty,Initial uncertainty,Initial uncertainty scale,0.5,0.5x,0,flat_lstm,Flat LSTM,2,41000,2,30,1.0007954835891724,5.436486721038818,2.5083285689353922,0.1
initial_uncertainty,Initial uncertainty,Initial uncertainty scale,0.5,0.5x,0,flat_lstm,Flat LSTM,3,41000,3,30,0.6563876867294312,4.949901580810547,1.523680555820465,0.13333333333333333
initial_uncertainty,Initial uncertainty,Initial uncertainty scale,0.5,0.5x,0,flat_lstm,Flat LSTM,4,41000,4,30,0.5609750747680664,1.722263216972351,1.3921010971069334,0.13333333333333333
initial_uncertainty,Initial uncertainty,Initial uncertainty scale,0.5,0.5x,0,flat_lstm,Flat LSTM,5,41000,5,30,0.5093969702720642,1.838489055633545,1.4913623034954056,0.2
initial_uncertainty,Initial uncertainty,Initial uncertainty scale,0.5,0.5x,0,flat_lstm,Flat LSTM,6,41000,6,30,0.5743071436882019,3.1984505653381348,2.0221321105957006,0.13333333333333333
initial_uncertainty,Initial uncertainty,Initial uncertainty scale,0.5,0.5x,0,flat_lstm,Flat LSTM,7,41000,7,30,0.6547536849975586,4.095562934875488,2.6272528350353204,0.13333333333333333
initial_uncertainty,Initial uncertainty,Initial uncertainty scale,0.5,0.5x,0,flat_lstm,Flat LSTM,8,41000,8,30,0.6424997448921204,3.344985246658325,1.590799033641815,0.1
initial_uncertainty,Initial uncertainty,Initial uncertainty scale,0.5,0.5x,0,flat_lstm,Flat LSTM,9,41000,9,30,0.4428519904613495,1.127916932106018,1.0217094302177425,0.23333333333333334
initial_uncertainty,Initial uncertainty,Initial uncertainty scale,0.5,0.5x,0,flat_lstm,Flat LSTM,10,41000,10,30,0.55779629945755,1.620574951171875,1.2935605525970444,0.13333333333333333
initial_uncertainty,Initial uncertainty,Initial uncertainty scale,0.5,0.5x,0,flat_lstm,Flat LSTM,11,41000,11,30,0.5236099362373352,1.6040077209472656,1.1123372882604594,0.06666666666666667
initial_uncertainty,Initial uncertainty,Initial uncertainty scale,0.5,0.5x,0,flat_lstm,Flat LSTM,12,41001,0,30,0.6758484244346619,2.7376444339752197,2.055973410606381,0.23333333333333334
initial_uncertainty,Initial uncertainty,Initial uncertainty scale,0.5,0.5x,0,flat_lstm,Flat LSTM,13,41001,1,30,0.6722014546394348,2.3913867473602295,1.3567646145820615,0.13333333333333333
initial_uncertainty,Initial uncertainty,Initial uncertainty scale,0.5,0.5x,0,flat_lstm,Flat LSTM,14,41001,2,30,0.7493555545806885,3.4854109287261963,1.8935101807117458,0.13333333333333333
initial_uncertainty,Initial uncertainty,Initial uncertainty scale,0.5,0.5x,0,flat_lstm,Flat LSTM,15,41001,3,30,1.053849220275879,5.509817600250244,3.528011393547058,0.13333333333333333
initial_uncertainty,Initial uncertainty,Initial uncertainty scale,0.5,0.5x,0,flat_lstm,Flat LSTM,16,41001,4,30,0.6759001612663269,3.8401432037353516,2.545970439910883,0.13333333333333333
initial_uncertainty,Initial uncertainty,Initial uncertainty scale,0.5,0.5x,0,flat_lstm,Flat LSTM,17,41001,5,30,1.0841580629348755,6.524620056152344,5.085959815978999,0.13333333333333333
initial_uncertainty,Initial uncertainty,Initial uncertainty scale,0.5,0.5x,0,flat_lstm,Flat LSTM,18,41001,6,30,0.6827563643455505,4.873527526855469,1.7699687242507933,0.13333333333333333
initial_uncertainty,Initial uncertainty,Initial uncertainty scale,0.5,0.5x,0,flat_lstm,Flat LSTM,19,41001,7,30,0.7645338177680969,5.166158199310303,2.0436539471149415,0.16666666666666666
initial_uncertainty,Initial uncertainty,Initial uncertainty scale,0.5,0.5x,0,flat_lstm,Flat LSTM,20,41001,8,30,0.6531122922897339,4.437592506408691,1.3914783537387843,0.13333333333333333
initial_uncertainty,Initial uncertainty,Initial uncertainty scale,0.5,0.5x,0,flat_lstm,Flat LSTM,21,41001,9,30,1.1144254207611084,5.2429094314575195,3.8162341833114555,0.2
initial_uncertainty,Initial uncertainty,Initial uncertainty scale,0.5,0.5x,0,flat_lstm,Flat LSTM,22,41001,10,30,0.7594627737998962,4.693129539489746,3.268494582176203,0.1
initial_uncertainty,Initial uncertainty,Initial uncertainty scale,0.5,0.5x,0,flat_lstm,Flat LSTM,23,41001,11,30,0.5832821726799011,2.405074119567871,1.3535881757736192,0.1
initial_uncertainty,Initial uncertainty,Initial uncertainty scale,0.5,0.5x,0,pointer_lstm,Attention-LSTM pointer,0,41000,0,30,0.4974439740180969,1.1097612380981445,0.9762060999870298,0.16666666666666666
initial_uncertainty,Initial uncertainty,Initial uncertainty scale,0.5,0.5x,0,pointer_lstm,Attention-LSTM pointer,1,41000,1,30,0.4410308301448822,1.247560977935791,0.8817994236946102,0.13333333333333333
initial_uncertainty,Initial uncertainty,Initial uncertainty scale,0.5,0.5x,0,pointer_lstm,Attention-LSTM pointer,2,41000,2,30,0.4515744745731354,1.1530604362487793,0.9366665959358208,0.2
initial_uncertainty,Initial uncertainty,Initial uncertainty scale,0.5,0.5x,0,pointer_lstm,Attention-LSTM pointer,3,41000,3,30,0.39144107699394226,1.2611663341522217,0.8755117177963255,0.1
initial_uncertainty,Initial uncertainty,Initial uncertainty scale,0.5,0.5x,0,pointer_lstm,Attention-LSTM pointer,4,41000,4,30,0.5307201147079468,1.1094863414764404,1.0345359206199642,0.06666666666666667
initial_uncertainty,Initial uncertainty,Initial uncertainty scale,0.5,0.5x,0,pointer_lstm,Attention-LSTM pointer,5,41000,5,30,0.4082013666629791,1.2338199615478516,0.8431711882352828,0.13333333333333333
initial_uncertainty,Initial uncertainty,Initial uncertainty scale,0.5,0.5x,0,pointer_lstm,Attention-LSTM pointer,6,41000,6,30,0.3936208188533783,1.7063891887664795,0.7486195027828214,0.23333333333333334
initial_uncertainty,Initial uncertainty,Initial uncertainty scale,0.5,0.5x,0,pointer_lstm,Attention-LSTM pointer,7,41000,7,30,0.43908604979515076,0.9796864986419678,0.8677731394767759,0.13333333333333333
initial_uncertainty,Initial uncertainty,Initial uncertainty scale,0.5,0.5x,0,pointer_lstm,Attention-LSTM pointer,8,41000,8,30,0.48749643564224243,2.8658342361450195,1.0163004785776137,0.16666666666666666
initial_uncertainty,Initial uncertainty,Initial uncertainty scale,0.5,0.5x,0,pointer_lstm,Attention-LSTM pointer,9,41000,9,30,0.4936143159866333,1.5184435844421387,1.1436914265155778,0.23333333333333334
initial_uncertainty,Initial uncertainty,Initial uncertainty scale,0.5,0.5x,0,pointer_lstm,Attention-LSTM pointer,10,41000,10,30,0.4219488203525543,0.9432182312011719,0.8923608124256133,0.16666666666666666
initial_uncertainty,Initial uncertainty,Initial uncertainty scale,0.5,0.5x,0,pointer_lstm,Attention-LSTM pointer,11,41000,11,30,0.38505351543426514,0.8730218410491943,0.6565522909164426,0.13333333333333333
initial_uncertainty,Initial uncertainty,Initial uncertainty scale,0.5,0.5x,0,pointer_lstm,Attention-LSTM pointer,12,41001,0,30,0.45671436190605164,1.9320749044418335,1.1326182246208183,0.2
initial_uncertainty,Initial uncertainty,Initial uncertainty scale,0.5,0.5x,0,pointer_lstm,Attention-LSTM pointer,13,41001,1,30,0.4428647458553314,1.0345631837844849,0.7922236353158948,0.2
initial_uncertainty,Initial uncertainty,Initial uncertainty scale,0.5,0.5x,0,pointer_lstm,Attention-LSTM pointer,14,41001,2,30,0.5478439927101135,1.4402179718017578,1.2516722679138177,0.13333333333333333
initial_uncertainty,Initial uncertainty,Initial uncertainty scale,0.5,0.5x,0,pointer_lstm,Attention-LSTM pointer,15,41001,3,30,0.44292396306991577,1.1917836666107178,0.9148779124021525,0.13333333333333333
initial_uncertainty,Initial uncertainty,Initial uncertainty scale,0.5,0.5x,0,pointer_lstm,Attention-LSTM pointer,16,41001,4,30,0.3426370322704315,0.7392095923423767,0.5646078079938887,0.13333333333333333
initial_uncertainty,Initial uncertainty,Initial uncertainty scale,0.5,0.5x,0,pointer_lstm,Attention-LSTM pointer,17,41001,5,30,0.485037624835968,1.4013707637786865,1.1048912882804869,0.26666666666666666
initial_uncertainty,Initial uncertainty,Initial uncertainty scale,0.5,0.5x,0,pointer_lstm,Attention-LSTM pointer,18,41001,6,30,0.40762460231781006,0.8475801944732666,0.6708835899829864,0.1
initial_uncertainty,Initial uncertainty,Initial uncertainty scale,0.5,0.5x,0,pointer_lstm,Attention-LSTM pointer,19,41001,7,30,0.5157039165496826,1.1963980197906494,0.9299675136804579,0.1
initial_uncertainty,Initial uncertainty,Initial uncertainty scale,0.5,0.5x,0,pointer_lstm,Attention-LSTM pointer,20,41001,8,30,0.7715356349945068,9.26233959197998,1.08504936993122,0.1
initial_uncertainty,Initial uncertainty,Initial uncertainty scale,0.5,0.5x,0,pointer_lstm,Attention-LSTM pointer,21,41001,9,30,0.5709896087646484,2.1152796745300293,1.2773667633533476,0.16666666666666666
initial_uncertainty,Initial uncertainty,Initial uncertainty scale,0.5,0.5x,0,pointer_lstm,Attention-LSTM pointer,22,41001,10,30,0.6254997253417969,5.465197563171387,1.0646187126636504,0.13333333333333333
initial_uncertainty,Initial uncertainty,Initial uncertainty scale,0.5,0.5x,0,pointer_lstm,Attention-LSTM pointer,23,41001,11,30,0.7532528638839722,8.382640838623047,1.858184075355526,0.13333333333333333
initial_uncertainty,Initial uncertainty,Initial uncertainty scale,1.0,1x,1,expected_info_gain,Expected information gain,0,41000,0,30,0.88933265209198,2.8182387351989746,2.5746898293495173,0.06666666666666667
initial_uncertainty,Initial uncertainty,Initial uncertainty scale,1.0,1x,1,expected_info_gain,Expected information gain,1,41000,1,30,0.4364413917064667,0.9071905612945557,0.8825337797403334,0.03333333333333333
initial_uncertainty,Initial uncertainty,Initial uncertainty scale,1.0,1x,1,expected_info_gain,Expected information gain,2,41000,2,30,3.388972520828247,42.18659210205078,17.672280502319268,0.13333333333333333
initial_uncertainty,Initial uncertainty,Initial uncertainty scale,1.0,1x,1,expected_info_gain,Expected information gain,3,41000,3,30,0.6651638150215149,2.4598774909973145,1.957763087749479,0.2
initial_uncertainty,Initial uncertainty,Initial uncertainty scale,1.0,1x,1,expected_info_gain,Expected information gain,4,41000,4,30,0.7778584957122803,2.090914487838745,1.8680544435977924,0.06666666666666667
initial_uncertainty,Initial uncertainty,Initial uncertainty scale,1.0,1x,1,expected_info_gain,Expected information gain,5,41000,5,30,0.6013795137405396,3.0197882652282715,1.3968838155269596,0.1
initial_uncertainty,Initial uncertainty,Initial uncertainty scale,1.0,1x,1,expected_info_gain,Expected information gain,6,41000,6,30,0.5012767910957336,1.2260682582855225,1.1372012794017787,0.16666666666666666
initial_uncertainty,Initial uncertainty,Initial uncertainty scale,1.0,1x,1,expected_info_gain,Expected information gain,7,41000,7,30,0.627172589302063,2.7701022624969482,1.131330984830856,0.16666666666666666
initial_uncertainty,Initial uncertainty,Initial uncertainty scale,1.0,1x,1,expected_info_gain,Expected information gain,8,41000,8,30,0.5038450360298157,0.9940693378448486,0.9326257556676862,0.13333333333333333
initial_uncertainty,Initial uncertainty,Initial uncertainty scale,1.0,1x,1,expected_info_gain,Expected information gain,9,41000,9,30,0.4691925644874573,1.9379180669784546,1.0185003280639646,0.23333333333333334
initial_uncertainty,Initial uncertainty,Initial uncertainty scale,1.0,1x,1,expected_info_gain,Expected information gain,10,41000,10,30,0.5276930928230286,1.3533055782318115,1.2393265902996056,0.13333333333333333
initial_uncertainty,Initial uncertainty,Initial uncertainty scale,1.0,1x,1,expected_info_gain,Expected information gain,11,41000,11,30,0.5357144474983215,1.0502103567123413,0.8856424063444137,0.06666666666666667
initial_uncertainty,Initial uncertainty,Initial uncertainty scale,1.0,1x,1,expected_info_gain,Expected information gain,12,41001,0,30,0.7072227001190186,1.4592335224151611,1.386705762147903,0.2
initial_uncertainty,Initial uncertainty,Initial uncertainty scale,1.0,1x,1,expected_info_gain,Expected information gain,13,41001,1,30,0.833732008934021,3.914825916290283,2.81807652711868,0.16666666666666666
initial_uncertainty,Initial uncertainty,Initial uncertainty scale,1.0,1x,1,expected_info_gain,Expected information gain,14,41001,2,30,0.604419469833374,1.3315902948379517,1.2281229019165039,0.06666666666666667
initial_uncertainty,Initial uncertainty,Initial uncertainty scale,1.0,1x,1,expected_info_gain,Expected information gain,15,41001,3,30,1.0484193563461304,4.195164680480957,2.5826500535011268,0.1
initial_uncertainty,Initial uncertainty,Initial uncertainty scale,1.0,1x,1,expected_info_gain,Expected information gain,16,41001,4,30,0.7000675797462463,4.064257621765137,1.404124402999877,0.06666666666666667
initial_uncertainty,Initial uncertainty,Initial uncertainty scale,1.0,1x,1,expected_info_gain,Expected information gain,17,41001,5,30,0.5484256744384766,1.7157927751541138,1.2823491394519795,0.23333333333333334
initial_uncertainty,Initial uncertainty,Initial uncertainty scale,1.0,1x,1,expected_info_gain,Expected information gain,18,41001,6,30,1.642101764678955,14.227099418640137,6.699669337272642,0.06666666666666667
initial_uncertainty,Initial uncertainty,Initial uncertainty scale,1.0,1x,1,expected_info_gain,Expected information gain,19,41001,7,30,0.6591709852218628,2.061505079269409,1.5758298277854914,0.13333333333333333
initial_uncertainty,Initial uncertainty,Initial uncertainty scale,1.0,1x,1,expected_info_gain,Expected information gain,20,41001,8,30,0.5894886255264282,1.491870403289795,1.1051654040813441,0.16666666666666666
initial_uncertainty,Initial uncertainty,Initial uncertainty scale,1.0,1x,1,expected_info_gain,Expected information gain,21,41001,9,30,2.9468753337860107,41.19865798950195,6.3975422143936145,0.2
initial_uncertainty,Initial uncertainty,Initial uncertainty scale,1.0,1x,1,expected_info_gain,Expected information gain,22,41001,10,30,0.5739468932151794,2.10353684425354,1.260304546356201,0.06666666666666667
initial_uncertainty,Initial uncertainty,Initial uncertainty scale,1.0,1x,1,expected_info_gain,Expected information gain,23,41001,11,30,0.6473436951637268,1.8137253522872925,1.7733720600605012,0.1
initial_uncertainty,Initial uncertainty,Initial uncertainty scale,1.0,1x,1,flat_lstm,Flat LSTM,0,41000,0,30,1.5591681003570557,10.863590240478516,5.481977653503416,0.1
initial_uncertainty,Initial uncertainty,Initial uncertainty scale,1.0,1x,1,flat_lstm,Flat LSTM,1,41000,1,30,0.6076990365982056,2.7040247917175293,1.8901262938976258,0.13333333333333333
initial_uncertainty,Initial uncertainty,Initial uncertainty scale,1.0,1x,1,flat_lstm,Flat LSTM,2,41000,2,30,1.0475397109985352,3.84989333152771,3.0553035259246815,0.13333333333333333
initial_uncertainty,Initial uncertainty,Initial uncertainty scale,1.0,1x,1,flat_lstm,Flat LSTM,3,41000,3,30,0.6828124523162842,2.2376842498779297,1.9808942735195152,0.23333333333333334
initial_uncertainty,Initial uncertainty,Initial uncertainty scale,1.0,1x,1,flat_lstm,Flat LSTM,4,41000,4,30,0.7596394419670105,2.5200932025909424,1.9270347774028775,0.1
initial_uncertainty,Initial uncertainty,Initial uncertainty scale,1.0,1x,1,flat_lstm,Flat LSTM,5,41000,5,30,0.7018646001815796,2.0357909202575684,1.93680585026741,0.1
initial_uncertainty,Initial uncertainty,Initial uncertainty scale,1.0,1x,1,flat_lstm,Flat LSTM,6,41000,6,30,0.7624981999397278,4.247733116149902,2.0520945310592635,0.2
initial_uncertainty,Initial uncertainty,Initial uncertainty scale,1.0,1x,1,flat_lstm,Flat LSTM,7,41000,7,30,0.6589504480361938,2.152179002761841,1.9533274114131924,0.13333333333333333
initial_uncertainty,Initial uncertainty,Initial uncertainty scale,1.0,1x,1,flat_lstm,Flat LSTM,8,41000,8,30,0.7553113102912903,2.7540504932403564,2.263793945312499,0.13333333333333333
initial_uncertainty,Initial uncertainty,Initial uncertainty scale,1.0,1x,1,flat_lstm,Flat LSTM,9,41000,9,30,0.636222779750824,3.609217643737793,2.1316152691841097,0.23333333333333334
initial_uncertainty,Initial uncertainty,Initial uncertainty scale,1.0,1x,1,flat_lstm,Flat LSTM,10,41000,10,30,1.3979185819625854,10.114509582519531,5.837766098976118,0.13333333333333333
initial_uncertainty,Initial uncertainty,Initial uncertainty scale,1.0,1x,1,flat_lstm,Flat LSTM,11,41000,11,30,0.45983824133872986,1.8292917013168335,1.2871246933937062,0.23333333333333334
initial_uncertainty,Initial uncertainty,Initial uncertainty scale,1.0,1x,1,flat_lstm,Flat LSTM,12,41001,0,30,0.912102460861206,3.004215717315674,2.573337233066558,0.16666666666666666
initial_uncertainty,Initial uncertainty,Initial uncertainty scale,1.0,1x,1,flat_lstm,Flat LSTM,13,41001,1,30,0.882773220539093,3.201726198196411,2.6365779042243935,0.13333333333333333
initial_uncertainty,Initial uncertainty,Initial uncertainty scale,1.0,1x,1,flat_lstm,Flat LSTM,14,41001,2,30,0.8709851503372192,4.027813911437988,2.891664838790887,0.06666666666666667
initial_uncertainty,Initial uncertainty,Initial uncertainty scale,1.0,1x,1,flat_lstm,Flat LSTM,15,41001,3,30,0.8792780041694641,5.41661262512207,2.5612649679183948,0.16666666666666666
initial_uncertainty,Initial uncertainty,Initial uncertainty scale,1.0,1x,1,flat_lstm,Flat LSTM,16,41001,4,30,0.7454552054405212,3.380619525909424,2.192505526542663,0.2
initial_uncertainty,Initial uncertainty,Initial uncertainty scale,1.0,1x,1,flat_lstm,Flat LSTM,17,41001,5,30,0.688373327255249,2.2856709957122803,1.9849045932292937,0.2
initial_uncertainty,Initial uncertainty,Initial uncertainty scale,1.0,1x,1,flat_lstm,Flat LSTM,18,41001,6,30,0.6883108615875244,2.744328022003174,2.532711946964264,0.2
initial_uncertainty,Initial uncertainty,Initial uncertainty scale,1.0,1x,1,flat_lstm,Flat LSTM,19,41001,7,30,0.8131343126296997,4.575910568237305,2.7354378104209878,0.13333333333333333
initial_uncertainty,Initial uncertainty,Initial uncertainty scale,1.0,1x,1,flat_lstm,Flat LSTM,20,41001,8,30,0.595333456993103,3.1928749084472656,1.4463220417499538,0.13333333333333333
initial_uncertainty,Initial uncertainty,Initial uncertainty scale,1.0,1x,1,flat_lstm,Flat LSTM,21,41001,9,30,0.7123822569847107,3.149289846420288,2.5504507780075047,0.13333333333333333
initial_uncertainty,Initial uncertainty,Initial uncertainty scale,1.0,1x,1,flat_lstm,Flat LSTM,22,41001,10,30,0.5165109634399414,1.8990838527679443,1.3360384702682486,0.16666666666666666
initial_uncertainty,Initial uncertainty,Initial uncertainty scale,1.0,1x,1,flat_lstm,Flat LSTM,23,41001,11,30,0.6315031051635742,3.5186798572540283,1.5845452904701232,0.13333333333333333
initial_uncertainty,Initial uncertainty,Initial uncertainty scale,1.0,1x,1,pointer_lstm,Attention-LSTM pointer,0,41000,0,30,0.5745923519134521,2.6904773712158203,1.7631370663642847,0.16666666666666666
initial_uncertainty,Initial uncertainty,Initial uncertainty scale,1.0,1x,1,pointer_lstm,Attention-LSTM pointer,1,41000,1,30,0.42686188220977783,1.2532575130462646,0.953091350197791,0.13333333333333333
initial_uncertainty,Initial uncertainty,Initial uncertainty scale,1.0,1x,1,pointer_lstm,Attention-LSTM pointer,2,41000,2,30,0.4754529893398285,2.599048137664795,1.0193147659301756,0.23333333333333334
initial_uncertainty,Initial uncertainty,Initial uncertainty scale,1.0,1x,1,pointer_lstm,Attention-LSTM pointer,3,41000,3,30,0.4328922629356384,2.222836971282959,1.2719942390918721,0.26666666666666666
initial_uncertainty,Initial uncertainty,Initial uncertainty scale,1.0,1x,1,pointer_lstm,Attention-LSTM pointer,4,41000,4,30,0.40217331051826477,1.514832615852356,0.8164203137159339,0.1
initial_uncertainty,Initial uncertainty,Initial uncertainty scale,1.0,1x,1,pointer_lstm,Attention-LSTM pointer,5,41000,5,30,0.2788352370262146,0.6167962551116943,0.5083265632390974,0.36666666666666664
initial_uncertainty,Initial uncertainty,Initial uncertainty scale,1.0,1x,1,pointer_lstm,Attention-LSTM pointer,6,41000,6,30,0.3811430037021637,1.9601657390594482,0.8175405442714686,0.26666666666666666
initial_uncertainty,Initial uncertainty,Initial uncertainty scale,1.0,1x,1,pointer_lstm,Attention-LSTM pointer,7,41000,7,30,0.4220600426197052,1.236633539199829,0.8988598406314848,0.2
initial_uncertainty,Initial uncertainty,Initial uncertainty scale,1.0,1x,1,pointer_lstm,Attention-LSTM pointer,8,41000,8,30,0.4088744819164276,1.3546098470687866,1.1221335023641577,0.23333333333333334
initial_uncertainty,Initial uncertainty,Initial uncertainty scale,1.0,1x,1,pointer_lstm,Attention-LSTM pointer,9,41000,9,30,0.35560116171836853,0.9167998433113098,0.7388087689876555,0.3333333333333333
initial_uncertainty,Initial uncertainty,Initial uncertainty scale,1.0,1x,1,pointer_lstm,Attention-LSTM pointer,10,41000,10,30,0.4688921570777893,1.0504677295684814,0.98805376291275,0.16666666666666666
initial_uncertainty,Initial uncertainty,Initial uncertainty scale,1.0,1x,1,pointer_lstm,Attention-LSTM pointer,11,41000,11,30,0.31141892075538635,0.6049116849899292,0.5776414960622787,0.23333333333333334
initial_uncertainty,Initial uncertainty,Initial uncertainty scale,1.0,1x,1,pointer_lstm,Attention-LSTM pointer,12,41001,0,30,0.4326367974281311,1.489823579788208,1.3065423488616932,0.2
initial_uncertainty,Initial uncertainty,Initial uncertainty scale,1.0,1x,1,pointer_lstm,Attention-LSTM pointer,13,41001,1,30,0.4140162467956543,1.0364046096801758,0.8722803473472592,0.13333333333333333
initial_uncertainty,Initial uncertainty,Initial uncertainty scale,1.0,1x,1,pointer_lstm,Attention-LSTM pointer,14,41001,2,30,0.3775832951068878,0.8654903769493103,0.7364336997270583,0.26666666666666666
initial_uncertainty,Initial uncertainty,Initial uncertainty scale,1.0,1x,1,pointer_lstm,Attention-LSTM pointer,15,41001,3,30,0.5283119082450867,2.975306272506714,1.3293003559112546,0.16666666666666666
initial_uncertainty,Initial uncertainty,Initial uncertainty scale,1.0,1x,1,pointer_lstm,Attention-LSTM pointer,16,41001,4,30,0.2961934804916382,0.5278434157371521,0.48502267301082597,0.16666666666666666
initial_uncertainty,Initial uncertainty,Initial uncertainty scale,1.0,1x,1,pointer_lstm,Attention-LSTM pointer,17,41001,5,30,0.4415367543697357,1.2733500003814697,0.905996939539909,0.26666666666666666
initial_uncertainty,Initial uncertainty,Initial uncertainty scale,1.0,1x,1,pointer_lstm,Attention-LSTM pointer,18,41001,6,30,0.3455788791179657,0.7042900919914246,0.6778794348239897,0.3
initial_uncertainty,Initial uncertainty,Initial uncertainty scale,1.0,1x,1,pointer_lstm,Attention-LSTM pointer,19,41001,7,30,0.3712347149848938,1.5123635530471802,0.7075507342815399,0.2
initial_uncertainty,Initial uncertainty,Initial uncertainty scale,1.0,1x,1,pointer_lstm,Attention-LSTM pointer,20,41001,8,30,0.4091784656047821,1.4908933639526367,1.098244670033453,0.2
initial_uncertainty,Initial uncertainty,Initial uncertainty scale,1.0,1x,1,pointer_lstm,Attention-LSTM pointer,21,41001,9,30,0.4529096484184265,1.0656689405441284,0.9803973793983454,0.2
initial_uncertainty,Initial uncertainty,Initial uncertainty scale,1.0,1x,1,pointer_lstm,Attention-LSTM pointer,22,41001,10,30,0.3865141272544861,1.3171706199645996,0.7846894949674604,0.23333333333333334
initial_uncertainty,Initial uncertainty,Initial uncertainty scale,1.0,1x,1,pointer_lstm,Attention-LSTM pointer,23,41001,11,30,0.5260925889015198,2.27292799949646,1.2202054500579829,0.23333333333333334
initial_uncertainty,Initial uncertainty,Initial uncertainty scale,1.5,1.5x,0,expected_info_gain,Expected information gain,0,41000,0,30,4.4315972328186035,27.769001007080078,18.80227479934692,0.06666666666666667
initial_uncertainty,Initial uncertainty,Initial uncertainty scale,1.5,1.5x,0,expected_info_gain,Expected information gain,1,41000,1,30,0.5720692276954651,3.7137675285339355,2.1262664079666127,0.13333333333333333
initial_uncertainty,Initial uncertainty,Initial uncertainty scale,1.5,1.5x,0,expected_info_gain,Expected information gain,2,41000,2,30,0.8216652274131775,3.3336448669433594,1.8089699983596774,0.1
initial_uncertainty,Initial uncertainty,Initial uncertainty scale,1.5,1.5x,0,expected_info_gain,Expected information gain,3,41000,3,30,0.604836106300354,2.195020914077759,1.3460476040840144,0.26666666666666666
initial_uncertainty,Initial uncertainty,Initial uncertainty scale,1.5,1.5x,0,expected_info_gain,Expected information gain,4,41000,4,30,1.5982846021652222,17.526451110839844,5.281892871856676,0.1
initial_uncertainty,Initial uncertainty,Initial uncertainty scale,1.5,1.5x,0,expected_info_gain,Expected information gain,5,41000,5,30,2.322350263595581,28.16178321838379,10.019221782684294,0.06666666666666667
initial_uncertainty,Initial uncertainty,Initial uncertainty scale,1.5,1.5x,0,expected_info_gain,Expected information gain,6,41000,6,30,1.076451063156128,17.691463470458984,1.1961665213108061,0.16666666666666666
initial_uncertainty,Initial uncertainty,Initial uncertainty scale,1.5,1.5x,0,expected_info_gain,Expected information gain,7,41000,7,30,1.0266309976577759,5.395971775054932,2.660045075416564,0.1
initial_uncertainty,Initial uncertainty,Initial uncertainty scale,1.5,1.5x,0,expected_info_gain,Expected information gain,8,41000,8,30,5.1001200675964355,34.31072235107422,33.27685184478759,0.1
initial_uncertainty,Initial uncertainty,Initial uncertainty scale,1.5,1.5x,0,expected_info_gain,Expected information gain,9,41000,9,30,0.8185262680053711,3.876964569091797,2.499321389198303,0.2
initial_uncertainty,Initial uncertainty,Initial uncertainty scale,1.5,1.5x,0,expected_info_gain,Expected information gain,10,41000,10,30,1.3731881380081177,25.1571044921875,2.0528550624847353,0.13333333333333333
initial_uncertainty,Initial uncertainty,Initial uncertainty scale,1.5,1.5x,0,expected_info_gain,Expected information gain,11,41000,11,30,0.7118695378303528,2.18641996383667,1.3771287441253655,0.13333333333333333
initial_uncertainty,Initial uncertainty,Initial uncertainty scale,1.5,1.5x,0,expected_info_gain,Expected information gain,12,41001,0,30,5.254183769226074,34.33061218261719,28.40356101989744,0.1
initial_uncertainty,Initial uncertainty,Initial uncertainty scale,1.5,1.5x,0,expected_info_gain,Expected information gain,13,41001,1,30,11.17471981048584,111.41985321044922,57.2882139205932,0.13333333333333333
initial_uncertainty,Initial uncertainty,Initial uncertainty scale,1.5,1.5x,0,expected_info_gain,Expected information gain,14,41001,2,30,5.989437580108643,40.23988723754883,33.60468540191646,0.13333333333333333
initial_uncertainty,Initial uncertainty,Initial uncertainty scale,1.5,1.5x,0,expected_info_gain,Expected information gain,15,41001,3,30,4.657744407653809,28.672637939453125,24.389480018615707,0.1
initial_uncertainty,Initial uncertainty,Initial uncertainty scale,1.5,1.5x,0,expected_info_gain,Expected information gain,16,41001,4,30,1.6849110126495361,27.866647720336914,2.9178148984909047,0.16666666666666666
initial_uncertainty,Initial uncertainty,Initial uncertainty scale,1.5,1.5x,0,expected_info_gain,Expected information gain,17,41001,5,30,1.9853789806365967,33.46063995361328,4.780969572067252,0.23333333333333334
initial_uncertainty,Initial uncertainty,Initial uncertainty scale,1.5,1.5x,0,expected_info_gain,Expected information gain,18,41001,6,30,1.022514820098877,6.100625514984131,3.669420206546783,0.16666666666666666
initial_uncertainty,Initial uncertainty,Initial uncertainty scale,1.5,1.5x,0,expected_info_gain,Expected information gain,19,41001,7,30,0.8503694534301758,3.312340259552002,2.2939049601554857,0.16666666666666666
initial_uncertainty,Initial uncertainty,Initial uncertainty scale,1.5,1.5x,0,expected_info_gain,Expected information gain,20,41001,8,30,1.1788575649261475,8.552010536193848,2.3807010769844044,0.1
initial_uncertainty,Initial uncertainty,Initial uncertainty scale,1.5,1.5x,0,expected_info_gain,Expected information gain,21,41001,9,30,12.46197509765625,82.75323486328125,30.89110870361328,0.13333333333333333
initial_uncertainty,Initial uncertainty,Initial uncertainty scale,1.5,1.5x,0,expected_info_gain,Expected information gain,22,41001,10,30,0.8828430771827698,6.678122520446777,2.2747363567352252,0.03333333333333333
initial_uncertainty,Initial uncertainty,Initial uncertainty scale,1.5,1.5x,0,expected_info_gain,Expected information gain,23,41001,11,30,4.7762041091918945,31.921703338623047,31.859372329711913,0.13333333333333333
initial_uncertainty,Initial uncertainty,Initial uncertainty scale,1.5,1.5x,0,flat_lstm,Flat LSTM,0,41000,0,30,13.4910306930542,119.45997619628906,33.51349086761475,0.03333333333333333
initial_uncertainty,Initial uncertainty,Initial uncertainty scale,1.5,1.5x,0,flat_lstm,Flat LSTM,1,41000,1,30,0.6940068006515503,2.668816089630127,1.8254210770130153,0.16666666666666666
initial_uncertainty,Initial uncertainty,Initial uncertainty scale,1.5,1.5x,0,flat_lstm,Flat LSTM,2,41000,2,30,41.513084411621094,122.42645263671875,114.71470527648921,0.0
initial_uncertainty,Initial uncertainty,Initial uncertainty scale,1.5,1.5x,0,flat_lstm,Flat LSTM,3,41000,3,30,0.7165483832359314,3.1064088344573975,2.007690340280532,0.16666666666666666
initial_uncertainty,Initial uncertainty,Initial uncertainty scale,1.5,1.5x,0,flat_lstm,Flat LSTM,4,41000,4,30,20.1810245513916,119.38204956054688,80.56956710815408,0.06666666666666667
initial_uncertainty,Initial uncertainty,Initial uncertainty scale,1.5,1.5x,0,flat_lstm,Flat LSTM,5,41000,5,30,4.4211835861206055,45.278602600097656,24.94619569778438,0.06666666666666667
initial_uncertainty,Initial uncertainty,Initial uncertainty scale,1.5,1.5x,0,flat_lstm,Flat LSTM,6,41000,6,30,0.6868346333503723,3.1365723609924316,2.1181982278823828,0.23333333333333334
initial_uncertainty,Initial uncertainty,Initial uncertainty scale,1.5,1.5x,0,flat_lstm,Flat LSTM,7,41000,7,30,2.0246245861053467,21.04754066467285,8.585065412521345,0.16666666666666666
initial_uncertainty,Initial uncertainty,Initial uncertainty scale,1.5,1.5x,0,flat_lstm,Flat LSTM,8,41000,8,30,3.791273355484009,27.964996337890625,16.96995377540586,0.06666666666666667
initial_uncertainty,Initial uncertainty,Initial uncertainty scale,1.5,1.5x,0,flat_lstm,Flat LSTM,9,41000,9,30,1.197618007659912,8.158645629882812,3.248707389831542,0.16666666666666666
initial_uncertainty,Initial uncertainty,Initial uncertainty scale,1.5,1.5x,0,flat_lstm,Flat LSTM,10,41000,10,30,0.7928957343101501,3.7008042335510254,1.7465746045112607,0.13333333333333333
initial_uncertainty,Initial uncertainty,Initial uncertainty scale,1.5,1.5x,0,flat_lstm,Flat LSTM,11,41000,11,30,0.5898796916007996,2.450380802154541,1.7178780436515801,0.2
initial_uncertainty,Initial uncertainty,Initial uncertainty scale,1.5,1.5x,0,flat_lstm,Flat LSTM,12,41001,0,30,32.558170318603516,120.30848693847656,111.70971984863277,0.03333333333333333
initial_uncertainty,Initial uncertainty,Initial uncertainty scale,1.5,1.5x,0,flat_lstm,Flat LSTM,13,41001,1,30,2.9499096870422363,27.471195220947266,13.828457784652706,0.13333333333333333
initial_uncertainty,Initial uncertainty,Initial uncertainty scale,1.5,1.5x,0,flat_lstm,Flat LSTM,14,41001,2,30,18.799989700317383,117.78096008300781,55.40984153747554,0.0
initial_uncertainty,Initial uncertainty,Initial uncertainty scale,1.5,1.5x,0,flat_lstm,Flat LSTM,15,41001,3,30,1.1849939823150635,5.849883556365967,3.194765090942383,0.06666666666666667
initial_uncertainty,Initial uncertainty,Initial uncertainty scale,1.5,1.5x,0,flat_lstm,Flat LSTM,16,41001,4,30,31.24076271057129,121.10774993896484,113.89264831542965,0.0
initial_uncertainty,Initial uncertainty,Initial uncertainty scale,1.5,1.5x,0,flat_lstm,Flat LSTM,17,41001,5,30,0.9160080552101135,4.143296241760254,3.344910502433774,0.2
initial_uncertainty,Initial uncertainty,Initial uncertainty scale,1.5,1.5x,0,flat_lstm,Flat LSTM,18,41001,6,30,5.933866500854492,30.162460327148438,25.776187133789055,0.06666666666666667
initial_uncertainty,Initial uncertainty,Initial uncertainty scale,1.5,1.5x,0,flat_lstm,Flat LSTM,19,41001,7,30,0.9452175498008728,3.9146289825439453,2.958531582355498,0.23333333333333334
initial_uncertainty,Initial uncertainty,Initial uncertainty scale,1.5,1.5x,0,flat_lstm,Flat LSTM,20,41001,8,30,7.5927629470825195,118.53959655761719,22.866865158081005,0.16666666666666666
initial_uncertainty,Initial uncertainty,Initial uncertainty scale,1.5,1.5x,0,flat_lstm,Flat LSTM,21,41001,9,30,5.189696788787842,30.5141544342041,17.088990068435663,0.1
initial_uncertainty,Initial uncertainty,Initial uncertainty scale,1.5,1.5x,0,flat_lstm,Flat LSTM,22,41001,10,30,0.8483644723892212,3.9766621589660645,3.0181687116622893,0.2
initial_uncertainty,Initial uncertainty,Initial uncertainty scale,1.5,1.5x,0,flat_lstm,Flat LSTM,23,41001,11,30,1.8305474519729614,19.253530502319336,5.1319595336914015,0.2
initial_uncertainty,Initial uncertainty,Initial uncertainty scale,1.5,1.5x,0,pointer_lstm,Attention-LSTM pointer,0,41000,0,30,3.070601463317871,75.63371276855469,2.1249963104724854,0.16666666666666666
initial_uncertainty,Initial uncertainty,Initial uncertainty scale,1.5,1.5x,0,pointer_lstm,Attention-LSTM pointer,1,41000,1,30,0.43789058923721313,2.224376916885376,1.0152757495641698,0.16666666666666666
initial_uncertainty,Initial uncertainty,Initial uncertainty scale,1.5,1.5x,0,pointer_lstm,Attention-LSTM pointer,2,41000,2,30,0.3822025954723358,1.0248456001281738,0.8057372689247131,0.23333333333333334
initial_uncertainty,Initial uncertainty,Initial uncertainty scale,1.5,1.5x,0,pointer_lstm,Attention-LSTM pointer,3,41000,3,30,0.3737545311450958,1.688093900680542,0.823653998970985,0.2
initial_uncertainty,Initial uncertainty,Initial uncertainty scale,1.5,1.5x,0,pointer_lstm,Attention-LSTM pointer,4,41000,4,30,0.5139943361282349,2.3325393199920654,1.5919963240623467,0.23333333333333334
initial_uncertainty,Initial uncertainty,Initial uncertainty scale,1.5,1.5x,0,pointer_lstm,Attention-LSTM pointer,5,41000,5,30,0.3327077627182007,0.9582700133323669,0.7460450649261474,0.36666666666666664
initial_uncertainty,Initial uncertainty,Initial uncertainty scale,1.5,1.5x,0,pointer_lstm,Attention-LSTM pointer,6,41000,6,30,0.4064096510410309,2.2574551105499268,0.9928999304771418,0.3
initial_uncertainty,Initial uncertainty,Initial uncertainty scale,1.5,1.5x,0,pointer_lstm,Attention-LSTM pointer,7,41000,7,30,0.4043029248714447,1.346907138824463,0.8248449265956878,0.2
initial_uncertainty,Initial uncertainty,Initial uncertainty scale,1.5,1.5x,0,pointer_lstm,Attention-LSTM pointer,8,41000,8,30,0.5558649301528931,2.432732105255127,1.9539506673812839,0.23333333333333334
initial_uncertainty,Initial uncertainty,Initial uncertainty scale,1.5,1.5x,0,pointer_lstm,Attention-LSTM pointer,9,41000,9,30,0.2731929421424866,0.7060825824737549,0.5773314714431761,0.36666666666666664
initial_uncertainty,Initial uncertainty,Initial uncertainty scale,1.5,1.5x,0,pointer_lstm,Attention-LSTM pointer,10,41000,10,30,0.4450182616710663,1.904921531677246,1.1913938641548154,0.2
initial_uncertainty,Initial uncertainty,Initial uncertainty scale,1.5,1.5x,0,pointer_lstm,Attention-LSTM pointer,11,41000,11,30,0.2617521584033966,0.5586703419685364,0.4601266264915464,0.2
initial_uncertainty,Initial uncertainty,Initial uncertainty scale,1.5,1.5x,0,pointer_lstm,Attention-LSTM pointer,12,41001,0,30,0.518254280090332,4.0680718421936035,1.1756080478429782,0.23333333333333334
initial_uncertainty,Initial uncertainty,Initial uncertainty scale,1.5,1.5x,0,pointer_lstm,Attention-LSTM pointer,13,41001,1,30,0.8281272053718567,5.247577667236328,3.2955471634864777,0.13333333333333333
initial_uncertainty,Initial uncertainty,Initial uncertainty scale,1.5,1.5x,0,pointer_lstm,Attention-LSTM pointer,14,41001,2,30,0.49984511733055115,3.968278408050537,1.0904145061969757,0.23333333333333334
initial_uncertainty,Initial uncertainty,Initial uncertainty scale,1.5,1.5x,0,pointer_lstm,Attention-LSTM pointer,15,41001,3,30,0.6568470597267151,3.2785520553588867,1.6425668776035307,0.16666666666666666
initial_uncertainty,Initial uncertainty,Initial uncertainty scale,1.5,1.5x,0,pointer_lstm,Attention-LSTM pointer,16,41001,4,30,0.28919506072998047,0.4843655824661255,0.4782691225409508,0.23333333333333334
initial_uncertainty,Initial uncertainty,Initial uncertainty scale,1.5,1.5x,0,pointer_lstm,Attention-LSTM pointer,17,41001,5,30,0.4388902485370636,0.8480064868927002,0.8077115982770919,0.13333333333333333
initial_uncertainty,Initial uncertainty,Initial uncertainty scale,1.5,1.5x,0,pointer_lstm,Attention-LSTM pointer,18,41001,6,30,0.422146201133728,1.7647387981414795,0.8871180474758142,0.23333333333333334
initial_uncertainty,Initial uncertainty,Initial uncertainty scale,1.5,1.5x,0,pointer_lstm,Attention-LSTM pointer,19,41001,7,30,0.38413381576538086,1.4410141706466675,0.8474919646978377,0.16666666666666666
initial_uncertainty,Initial uncertainty,Initial uncertainty scale,1.5,1.5x,0,pointer_lstm,Attention-LSTM pointer,20,41001,8,30,0.32576844096183777,0.8683833479881287,0.7709658890962597,0.26666666666666666
initial_uncertainty,Initial uncertainty,Initial uncertainty scale,1.5,1.5x,0,pointer_lstm,Attention-LSTM pointer,21,41001,9,30,2.045933485031128,30.31562042236328,7.6100746393203655,0.13333333333333333
initial_uncertainty,Initial uncertainty,Initial uncertainty scale,1.5,1.5x,0,pointer_lstm,Attention-LSTM pointer,22,41001,10,30,0.4910663366317749,3.111159324645996,1.1780653178691851,0.2
initial_uncertainty,Initial uncertainty,Initial uncertainty scale,1.5,1.5x,0,pointer_lstm,Attention-LSTM pointer,23,41001,11,30,0.45662301778793335,1.5608352422714233,1.1428330779075617,0.2
initial_uncertainty,Initial uncertainty,Initial uncertainty scale,2.0,2x,0,expected_info_gain,Expected information gain,0,41000,0,30,10.478313446044922,34.052528381347656,32.2367483139038,0.1
initial_uncertainty,Initial uncertainty,Initial uncertainty scale,2.0,2x,0,expected_info_gain,Expected information gain,1,41000,1,30,0.8720290660858154,6.926879405975342,3.6207591772079364,0.03333333333333333
initial_uncertainty,Initial uncertainty,Initial uncertainty scale,2.0,2x,0,expected_info_gain,Expected information gain,2,41000,2,30,13.009693145751953,32.554405212402344,32.43126544952393,0.1
initial_uncertainty,Initial uncertainty,Initial uncertainty scale,2.0,2x,0,expected_info_gain,Expected information gain,3,41000,3,30,1.1957625150680542,12.773966789245605,4.093470644950862,0.23333333333333334
initial_uncertainty,Initial uncertainty,Initial uncertainty scale,2.0,2x,0,expected_info_gain,Expected information gain,4,41000,4,30,16.178815841674805,103.41929626464844,30.901023864746094,0.06666666666666667
initial_uncertainty,Initial uncertainty,Initial uncertainty scale,2.0,2x,0,expected_info_gain,Expected information gain,5,41000,5,30,2.623255729675293,16.76178550720215,15.7813726902008,0.1
initial_uncertainty,Initial uncertainty,Initial uncertainty scale,2.0,2x,0,expected_info_gain,Expected information gain,6,41000,6,30,2.2982823848724365,31.310741424560547,13.95012693405145,0.23333333333333334
initial_uncertainty,Initial uncertainty,Initial uncertainty scale,2.0,2x,0,expected_info_gain,Expected information gain,7,41000,7,30,1.8097827434539795,33.71391296386719,1.9856585264205902,0.13333333333333333
initial_uncertainty,Initial uncertainty,Initial uncertainty scale,2.0,2x,0,expected_info_gain,Expected information gain,8,41000,8,30,6.262609481811523,118.38943481445312,27.40977573394774,0.1
initial_uncertainty,Initial uncertainty,Initial uncertainty scale,2.0,2x,0,expected_info_gain,Expected information gain,9,41000,9,30,0.7551257610321045,3.6973354816436768,2.564844590425486,0.23333333333333334
initial_uncertainty,Initial uncertainty,Initial uncertainty scale,2.0,2x,0,expected_info_gain,Expected information gain,10,41000,10,30,4.632521629333496,78.86705780029297,19.200638198852488,0.0
initial_uncertainty,Initial uncertainty,Initial uncertainty scale,2.0,2x,0,expected_info_gain,Expected information gain,11,41000,11,30,8.440982818603516,78.18354034423828,34.310994148254395,0.1
initial_uncertainty,Initial uncertainty,Initial uncertainty scale,2.0,2x,0,expected_info_gain,Expected information gain,12,41001,0,30,6.271674633026123,36.951332092285156,32.478074836730954,0.13333333333333333
initial_uncertainty,Initial uncertainty,Initial uncertainty scale,2.0,2x,0,expected_info_gain,Expected information gain,13,41001,1,30,2.657829761505127,36.53876876831055,8.802555513381956,0.1
initial_uncertainty,Initial uncertainty,Initial uncertainty scale,2.0,2x,0,expected_info_gain,Expected information gain,14,41001,2,30,9.706625938415527,105.71309661865234,47.94257507324214,0.0
initial_uncertainty,Initial uncertainty,Initial uncertainty scale,2.0,2x,0,expected_info_gain,Expected information gain,15,41001,3,30,14.517024993896484,37.88799285888672,37.62732772827148,0.13333333333333333
initial_uncertainty,Initial uncertainty,Initial uncertainty scale,2.0,2x,0,expected_info_gain,Expected information gain,16,41001,4,30,7.365577697753906,37.23045349121094,28.983325576782224,0.1
initial_uncertainty,Initial uncertainty,Initial uncertainty scale,2.0,2x,0,expected_info_gain,Expected information gain,17,41001,5,30,0.8800294995307922,9.855008125305176,1.607316714525221,0.16666666666666666
initial_uncertainty,Initial uncertainty,Initial uncertainty scale,2.0,2x,0,expected_info_gain,Expected information gain,18,41001,6,30,0.5696803331375122,1.3909285068511963,1.3437662184238435,0.2
initial_uncertainty,Initial uncertainty,Initial uncertainty scale,2.0,2x,0,expected_info_gain,Expected information gain,19,41001,7,30,2.9984195232391357,54.199623107910156,6.411458611488337,0.16666666666666666
initial_uncertainty,Initial uncertainty,Initial uncertainty scale,2.0,2x,0,expected_info_gain,Expected information gain,20,41001,8,30,11.707182884216309,107.40388488769531,39.3569819450378,0.06666666666666667
initial_uncertainty,Initial uncertainty,Initial uncertainty scale,2.0,2x,0,expected_info_gain,Expected information gain,21,41001,9,30,13.361340522766113,94.50605010986328,30.58400058746338,0.13333333333333333
initial_uncertainty,Initial uncertainty,Initial uncertainty scale,2.0,2x,0,expected_info_gain,Expected information gain,22,41001,10,30,5.139439105987549,29.830190658569336,23.91911334991454,0.06666666666666667
initial_uncertainty,Initial uncertainty,Initial uncertainty scale,2.0,2x,0,expected_info_gain,Expected information gain,23,41001,11,30,6.816617965698242,62.489200592041016,31.31397409439087,0.13333333333333333
initial_uncertainty,Initial uncertainty,Initial uncertainty scale,2.0,2x,0,flat_lstm,Flat LSTM,0,41000,0,30,74.73770904541016,122.5490493774414,113.4515884399414,0.03333333333333333
initial_uncertainty,Initial uncertainty,Initial uncertainty scale,2.0,2x,0,flat_lstm,Flat LSTM,1,41000,1,30,24.989795684814453,102.46994018554688,37.65008430480957,0.03333333333333333
initial_uncertainty,Initial uncertainty,Initial uncertainty scale,2.0,2x,0,flat_lstm,Flat LSTM,2,41000,2,30,23.21917724609375,119.19056701660156,82.36329078674298,0.03333333333333333
initial_uncertainty,Initial uncertainty,Initial uncertainty scale,2.0,2x,0,flat_lstm,Flat LSTM,3,41000,3,30,10.012277603149414,82.46365356445312,34.510753250122036,0.0
initial_uncertainty,Initial uncertainty,Initial uncertainty scale,2.0,2x,0,flat_lstm,Flat LSTM,4,41000,4,30,17.385534286499023,58.392616271972656,42.56378192901609,0.03333333333333333
initial_uncertainty,Initial uncertainty,Initial uncertainty scale,2.0,2x,0,flat_lstm,Flat LSTM,5,41000,5,30,6.494992733001709,96.66815185546875,24.067392826080308,0.16666666666666666
initial_uncertainty,Initial uncertainty,Initial uncertainty scale,2.0,2x,0,flat_lstm,Flat LSTM,6,41000,6,30,2.068082094192505,22.205076217651367,6.3389592647552435,0.16666666666666666
initial_uncertainty,Initial uncertainty,Initial uncertainty scale,2.0,2x,0,flat_lstm,Flat LSTM,7,41000,7,30,7.065300941467285,85.22988891601562,19.63928184509277,0.03333333333333333
initial_uncertainty,Initial uncertainty,Initial uncertainty scale,2.0,2x,0,flat_lstm,Flat LSTM,8,41000,8,30,11.133487701416016,114.19235229492188,36.73361740112305,0.06666666666666667
initial_uncertainty,Initial uncertainty,Initial uncertainty scale,2.0,2x,0,flat_lstm,Flat LSTM,9,41000,9,30,37.03958511352539,110.10546875,105.55862731933593,0.0
initial_uncertainty,Initial uncertainty,Initial uncertainty scale,2.0,2x,0,flat_lstm,Flat LSTM,10,41000,10,30,2.100987195968628,16.19810676574707,8.147069406509384,0.06666666666666667
initial_uncertainty,Initial uncertainty,Initial uncertainty scale,2.0,2x,0,flat_lstm,Flat LSTM,11,41000,11,30,60.14104080200195,120.77781677246094,114.56735572814941,0.0
initial_uncertainty,Initial uncertainty,Initial uncertainty scale,2.0,2x,0,flat_lstm,Flat LSTM,12,41001,0,30,20.517215728759766,119.83793640136719,97.01725654602043,0.03333333333333333
initial_uncertainty,Initial uncertainty,Initial uncertainty scale,2.0,2x,0,flat_lstm,Flat LSTM,13,41001,1,30,14.407675743103027,120.06866455078125,81.53436393737769,0.13333333333333333
initial_uncertainty,Initial uncertainty,Initial uncertainty scale,2.0,2x,0,flat_lstm,Flat LSTM,14,41001,2,30,25.881677627563477,119.9000244140625,114.18316650390624,0.0
initial_uncertainty,Initial uncertainty,Initial uncertainty scale,2.0,2x,0,flat_lstm,Flat LSTM,15,41001,3,30,10.315985679626465,109.26940155029297,59.12650222778311,0.06666666666666667
initial_uncertainty,Initial uncertainty,Initial uncertainty scale,2.0,2x,0,flat_lstm,Flat LSTM,16,41001,4,30,20.257089614868164,86.81362915039062,66.08150615692128,0.0
initial_uncertainty,Initial uncertainty,Initial uncertainty scale,2.0,2x,0,flat_lstm,Flat LSTM,17,41001,5,30,23.962493896484375,119.99098205566406,82.86255569457985,0.0
initial_uncertainty,Initial uncertainty,Initial uncertainty scale,2.0,2x,0,flat_lstm,Flat LSTM,18,41001,6,30,28.080257415771484,89.55671691894531,87.49522209167479,0.0
initial_uncertainty,Initial uncertainty,Initial uncertainty scale,2.0,2x,0,flat_lstm,Flat LSTM,19,41001,7,30,11.054963111877441,120.06434631347656,34.82963390350341,0.03333333333333333
initial_uncertainty,Initial uncertainty,Initial uncertainty scale,2.0,2x,0,flat_lstm,Flat LSTM,20,41001,8,30,46.810001373291016,122.31321716308594,116.33285751342771,0.0
initial_uncertainty,Initial uncertainty,Initial uncertainty scale,2.0,2x,0,flat_lstm,Flat LSTM,21,41001,9,30,34.46552658081055,119.73860931396484,110.69337005615229,0.0
initial_uncertainty,Initial uncertainty,Initial uncertainty scale,2.0,2x,0,flat_lstm,Flat LSTM,22,41001,10,30,6.931597709655762,106.00086212158203,30.671505546569755,0.06666666666666667
initial_uncertainty,Initial uncertainty,Initial uncertainty scale,2.0,2x,0,flat_lstm,Flat LSTM,23,41001,11,30,1.3714889287948608,6.3321614265441895,4.641630566120144,0.06666666666666667
initial_uncertainty,Initial uncertainty,Initial uncertainty scale,2.0,2x,0,pointer_lstm,Attention-LSTM pointer,0,41000,0,30,0.615780770778656,3.989358901977539,1.5363369643688185,0.13333333333333333
initial_uncertainty,Initial uncertainty,Initial uncertainty scale,2.0,2x,0,pointer_lstm,Attention-LSTM pointer,1,41000,1,30,0.38447457551956177,1.013550043106079,0.875245386362075,0.16666666666666666
initial_uncertainty,Initial uncertainty,Initial uncertainty scale,2.0,2x,0,pointer_lstm,Attention-LSTM pointer,2,41000,2,30,10.312214851379395,104.08988952636719,53.70648689270018,0.23333333333333334
initial_uncertainty,Initial uncertainty,Initial uncertainty scale,2.0,2x,0,pointer_lstm,Attention-LSTM pointer,3,41000,3,30,0.41890862584114075,1.5124051570892334,1.1820890665054318,0.26666666666666666
initial_uncertainty,Initial uncertainty,Initial uncertainty scale,2.0,2x,0,pointer_lstm,Attention-LSTM pointer,4,41000,4,30,0.5713728070259094,1.9991403818130493,1.578356564044952,0.13333333333333333
initial_uncertainty,Initial uncertainty,Initial uncertainty scale,2.0,2x,0,pointer_lstm,Attention-LSTM pointer,5,41000,5,30,0.31227877736091614,1.5796818733215332,0.6671148031949996,0.5
initial_uncertainty,Initial uncertainty,Initial uncertainty scale,2.0,2x,0,pointer_lstm,Attention-LSTM pointer,6,41000,6,30,0.4252818822860718,1.716055989265442,1.1716856360435481,0.26666666666666666
initial_uncertainty,Initial uncertainty,Initial uncertainty scale,2.0,2x,0,pointer_lstm,Attention-LSTM pointer,7,41000,7,30,0.5261029005050659,3.833766222000122,0.9778214454650878,0.23333333333333334
initial_uncertainty,Initial uncertainty,Initial uncertainty scale,2.0,2x,0,pointer_lstm,Attention-LSTM pointer,8,41000,8,30,0.4782811403274536,1.4683983325958252,1.2427480041980736,0.26666666666666666
initial_uncertainty,Initial uncertainty,Initial uncertainty scale,2.0,2x,0,pointer_lstm,Attention-LSTM pointer,9,41000,9,30,0.6629183888435364,7.635446071624756,1.924050986766813,0.36666666666666664
initial_uncertainty,Initial uncertainty,Initial uncertainty scale,2.0,2x,0,pointer_lstm,Attention-LSTM pointer,10,41000,10,30,0.39829614758491516,1.0855296850204468,0.7790346801280973,0.16666666666666666
initial_uncertainty,Initial uncertainty,Initial uncertainty scale,2.0,2x,0,pointer_lstm,Attention-LSTM pointer,11,41000,11,30,0.2547166645526886,0.5528648495674133,0.544203469157219,0.3333333333333333
initial_uncertainty,Initial uncertainty,Initial uncertainty scale,2.0,2x,0,pointer_lstm,Attention-LSTM pointer,12,41001,0,30,0.5075436234474182,3.192960262298584,1.3262064814567565,0.26666666666666666
initial_uncertainty,Initial uncertainty,Initial uncertainty scale,2.0,2x,0,pointer_lstm,Attention-LSTM pointer,13,41001,1,30,1.1216175556182861,11.869162559509277,4.796119666099532,0.13333333333333333
initial_uncertainty,Initial uncertainty,Initial uncertainty scale,2.0,2x,0,pointer_lstm,Attention-LSTM pointer,14,41001,2,30,0.6946273446083069,5.90828275680542,1.8010920882225032,0.3
initial_uncertainty,Initial uncertainty,Initial uncertainty scale,2.0,2x,0,pointer_lstm,Attention-LSTM pointer,15,41001,3,30,0.585066020488739,2.1163344383239746,1.4153116047382346,0.16666666666666666
initial_uncertainty,Initial uncertainty,Initial uncertainty scale,2.0,2x,0,pointer_lstm,Attention-LSTM pointer,16,41001,4,30,0.5265400409698486,4.753368854522705,1.216130447387695,0.26666666666666666
initial_uncertainty,Initial uncertainty,Initial uncertainty scale,2.0,2x,0,pointer_lstm,Attention-LSTM pointer,17,41001,5,30,0.5400068759918213,1.6849490404129028,1.3203272044658654,0.13333333333333333
initial_uncertainty,Initial uncertainty,Initial uncertainty scale,2.0,2x,0,pointer_lstm,Attention-LSTM pointer,18,41001,6,30,0.32568374276161194,0.9405202269554138,0.6895372956991196,0.3
initial_uncertainty,Initial uncertainty,Initial uncertainty scale,2.0,2x,0,pointer_lstm,Attention-LSTM pointer,19,41001,7,30,0.5230050086975098,2.3667354583740234,1.4033658683300017,0.1
initial_uncertainty,Initial uncertainty,Initial uncertainty scale,2.0,2x,0,pointer_lstm,Attention-LSTM pointer,20,41001,8,30,0.3630709946155548,1.091628909111023,0.7326436460018158,0.23333333333333334
initial_uncertainty,Initial uncertainty,Initial uncertainty scale,2.0,2x,0,pointer_lstm,Attention-LSTM pointer,21,41001,9,30,2.06943678855896,30.3157958984375,7.698490738868706,0.16666666666666666
initial_uncertainty,Initial uncertainty,Initial uncertainty scale,2.0,2x,0,pointer_lstm,Attention-LSTM pointer,22,41001,10,30,0.3501887023448944,1.1495306491851807,0.7393129974603652,0.26666666666666666
initial_uncertainty,Initial uncertainty,Initial uncertainty scale,2.0,2x,0,pointer_lstm,Attention-LSTM pointer,23,41001,11,30,0.8766692876815796,4.670643329620361,2.9005421996116607,0.1
initial_uncertainty,Initial uncertainty,Initial uncertainty scale,3.0,3x,0,expected_info_gain,Expected information gain,0,41000,0,30,19.475852966308594,35.8245735168457,35.44099044799805,0.03333333333333333
initial_uncertainty,Initial uncertainty,Initial uncertainty scale,3.0,3x,0,expected_info_gain,Expected information gain,1,41000,1,30,4.69985294342041,27.415321350097656,26.680635452270508,0.03333333333333333
initial_uncertainty,Initial uncertainty,Initial uncertainty scale,3.0,3x,0,expected_info_gain,Expected information gain,2,41000,2,30,14.956584930419922,36.60665512084961,36.27647476196289,0.1
initial_uncertainty,Initial uncertainty,Initial uncertainty scale,3.0,3x,0,expected_info_gain,Expected information gain,3,41000,3,30,9.57365894317627,43.69910430908203,32.45177993774414,0.23333333333333334
initial_uncertainty,Initial uncertainty,Initial uncertainty scale,3.0,3x,0,expected_info_gain,Expected information gain,4,41000,4,30,16.568281173706055,107.1392822265625,40.66702632904048,0.0
initial_uncertainty,Initial uncertainty,Initial uncertainty scale,3.0,3x,0,expected_info_gain,Expected information gain,5,41000,5,30,2.787156343460083,27.49020767211914,17.913689994811953,0.0
initial_uncertainty,Initial uncertainty,Initial uncertainty scale,3.0,3x,0,expected_info_gain,Expected information gain,6,41000,6,30,1.4166074991226196,14.769432067871094,7.175242614746072,0.1
initial_uncertainty,Initial uncertainty,Initial uncertainty scale,3.0,3x,0,expected_info_gain,Expected information gain,7,41000,7,30,10.59372329711914,111.55459594726562,61.55155906677227,0.06666666666666667
initial_uncertainty,Initial uncertainty,Initial uncertainty scale,3.0,3x,0,expected_info_gain,Expected information gain,8,41000,8,30,3.8787662982940674,31.958820343017578,23.66132259368896,0.13333333333333333
initial_uncertainty,Initial uncertainty,Initial uncertainty scale,3.0,3x,0,expected_info_gain,Expected information gain,9,41000,9,30,6.180452823638916,37.02128982543945,31.046490669250474,0.13333333333333333
initial_uncertainty,Initial uncertainty,Initial uncertainty scale,3.0,3x,0,expected_info_gain,Expected information gain,10,41000,10,30,5.9134697914123535,27.907386779785156,26.867128181457513,0.03333333333333333
initial_uncertainty,Initial uncertainty,Initial uncertainty scale,3.0,3x,0,expected_info_gain,Expected information gain,11,41000,11,30,14.052872657775879,35.26420211791992,34.70255031585693,0.03333333333333333
initial_uncertainty,Initial uncertainty,Initial uncertainty scale,3.0,3x,0,expected_info_gain,Expected information gain,12,41001,0,30,7.849730491638184,37.209774017333984,32.199752426147455,0.13333333333333333
initial_uncertainty,Initial uncertainty,Initial uncertainty scale,3.0,3x,0,expected_info_gain,Expected information gain,13,41001,1,30,5.6609721183776855,62.905540466308594,29.46571149826044,0.13333333333333333
initial_uncertainty,Initial uncertainty,Initial uncertainty scale,3.0,3x,0,expected_info_gain,Expected information gain,14,41001,2,30,8.512717247009277,55.9344482421875,34.739420509338366,0.0
initial_uncertainty,Initial uncertainty,Initial uncertainty scale,3.0,3x,0,expected_info_gain,Expected information gain,15,41001,3,30,12.701616287231445,37.056758880615234,35.03521308898925,0.1
initial_uncertainty,Initial uncertainty,Initial uncertainty scale,3.0,3x,0,expected_info_gain,Expected information gain,16,41001,4,30,14.680130004882812,38.233055114746094,33.67956123352051,0.03333333333333333
initial_uncertainty,Initial uncertainty,Initial uncertainty scale,3.0,3x,0,expected_info_gain,Expected information gain,17,41001,5,30,2.070882558822632,34.31060791015625,7.404176235198943,0.2
initial_uncertainty,Initial uncertainty,Initial uncertainty scale,3.0,3x,0,expected_info_gain,Expected information gain,18,41001,6,30,8.844707489013672,29.283706665039062,27.5221884727478,0.06666666666666667
initial_uncertainty,Initial uncertainty,Initial uncertainty scale,3.0,3x,0,expected_info_gain,Expected information gain,19,41001,7,30,16.182741165161133,105.32488250732422,95.64895553588866,0.16666666666666666
initial_uncertainty,Initial uncertainty,Initial uncertainty scale,3.0,3x,0,expected_info_gain,Expected information gain,20,41001,8,30,18.21012306213379,109.71121215820312,56.021743774414055,0.03333333333333333
initial_uncertainty,Initial uncertainty,Initial uncertainty scale,3.0,3x,0,expected_info_gain,Expected information gain,21,41001,9,30,9.49401569366455,54.6870231628418,29.259904956817625,0.1
initial_uncertainty,Initial uncertainty,Initial uncertainty scale,3.0,3x,0,expected_info_gain,Expected information gain,22,41001,10,30,9.943742752075195,41.98973846435547,36.076010894775365,0.0
initial_uncertainty,Initial uncertainty,Initial uncertainty scale,3.0,3x,0,expected_info_gain,Expected information gain,23,41001,11,30,14.886019706726074,109.38302612304688,75.76890563964822,0.16666666666666666
initial_uncertainty,Initial uncertainty,Initial uncertainty scale,3.0,3x,0,flat_lstm,Flat LSTM,0,41000,0,30,29.95935821533203,94.90640258789062,86.15061378478998,0.0
initial_uncertainty,Initial uncertainty,Initial uncertainty scale,3.0,3x,0,flat_lstm,Flat LSTM,1,41000,1,30,21.13882827758789,85.69818115234375,44.956590461730926,0.0
initial_uncertainty,Initial uncertainty,Initial uncertainty scale,3.0,3x,0,flat_lstm,Flat LSTM,2,41000,2,30,17.95256805419922,120.58251953125,35.09035873413085,0.0
initial_uncertainty,Initial uncertainty,Initial uncertainty scale,3.0,3x,0,flat_lstm,Flat LSTM,3,41000,3,30,33.33623504638672,119.81834411621094,105.43592758178706,0.0
initial_uncertainty,Initial uncertainty,Initial uncertainty scale,3.0,3x,0,flat_lstm,Flat LSTM,4,41000,4,30,72.78522491455078,112.24773406982422,111.97552909851073,0.0
initial_uncertainty,Initial uncertainty,Initial uncertainty scale,3.0,3x,0,flat_lstm,Flat LSTM,5,41000,5,30,26.60103416442871,119.94804382324219,98.31709594726559,0.03333333333333333
initial_uncertainty,Initial uncertainty,Initial uncertainty scale,3.0,3x,0,flat_lstm,Flat LSTM,6,41000,6,30,6.036620616912842,28.808834075927734,26.127255153656,0.1
initial_uncertainty,Initial uncertainty,Initial uncertainty scale,3.0,3x,0,flat_lstm,Flat LSTM,7,41000,7,30,43.727317810058594,119.97736358642578,117.48292541503905,0.0
initial_uncertainty,Initial uncertainty,Initial uncertainty scale,3.0,3x,0,flat_lstm,Flat LSTM,8,41000,8,30,27.743932723999023,119.68937683105469,88.98447189331051,0.03333333333333333
initial_uncertainty,Initial uncertainty,Initial uncertainty scale,3.0,3x,0,flat_lstm,Flat LSTM,9,41000,9,30,20.31836700439453,106.9024658203125,34.42078971862793,0.03333333333333333
initial_uncertainty,Initial uncertainty,Initial uncertainty scale,3.0,3x,0,flat_lstm,Flat LSTM,10,41000,10,30,13.742996215820312,120.00509643554688,34.11833496093747,0.03333333333333333
initial_uncertainty,Initial uncertainty,Initial uncertainty scale,3.0,3x,0,flat_lstm,Flat LSTM,11,41000,11,30,30.32248306274414,121.11273193359375,107.13062057495112,0.03333333333333333
initial_uncertainty,Initial uncertainty,Initial uncertainty scale,3.0,3x,0,flat_lstm,Flat LSTM,12,41001,0,30,32.369850158691406,112.63981628417969,100.07324600219724,0.03333333333333333
initial_uncertainty,Initial uncertainty,Initial uncertainty scale,3.0,3x,0,flat_lstm,Flat LSTM,13,41001,1,30,19.615516662597656,119.08757019042969,112.95414314270016,0.1
initial_uncertainty,Initial uncertainty,Initial uncertainty scale,3.0,3x,0,flat_lstm,Flat LSTM,14,41001,2,30,23.989824295043945,120.42111206054688,119.85022087097168,0.03333333333333333
initial_uncertainty,Initial uncertainty,Initial uncertainty scale,3.0,3x,0,flat_lstm,Flat LSTM,15,41001,3,30,78.955078125,115.84858703613281,115.35668144226074,0.0
initial_uncertainty,Initial uncertainty,Initial uncertainty scale,3.0,3x,0,flat_lstm,Flat LSTM,16,41001,4,30,30.76586151123047,119.95936584472656,76.53635826110826,0.0
initial_uncertainty,Initial uncertainty,Initial uncertainty scale,3.0,3x,0,flat_lstm,Flat LSTM,17,41001,5,30,32.5764274597168,119.76849365234375,100.98746414184563,0.0
initial_uncertainty,Initial uncertainty,Initial uncertainty scale,3.0,3x,0,flat_lstm,Flat LSTM,18,41001,6,30,44.36849594116211,113.20697021484375,110.9508647918701,0.03333333333333333
initial_uncertainty,Initial uncertainty,Initial uncertainty scale,3.0,3x,0,flat_lstm,Flat LSTM,19,41001,7,30,33.09202194213867,120.5145034790039,102.02290420532222,0.0
initial_uncertainty,Initial uncertainty,Initial uncertainty scale,3.0,3x,0,flat_lstm,Flat LSTM,20,41001,8,30,71.7448501586914,113.33853149414062,111.02889251708984,0.0
initial_uncertainty,Initial uncertainty,Initial uncertainty scale,3.0,3x,0,flat_lstm,Flat LSTM,21,41001,9,30,25.41880989074707,99.95439147949219,42.70553646087643,0.03333333333333333
initial_uncertainty,Initial uncertainty,Initial uncertainty scale,3.0,3x,0,flat_lstm,Flat LSTM,22,41001,10,30,32.01930618286133,120.16407012939453,119.84969100952148,0.03333333333333333
initial_uncertainty,Initial uncertainty,Initial uncertainty scale,3.0,3x,0,flat_lstm,Flat LSTM,23,41001,11,30,18.389514923095703,41.6950569152832,34.99898986816406,0.0
initial_uncertainty,Initial uncertainty,Initial uncertainty scale,3.0,3x,0,pointer_lstm,Attention-LSTM pointer,0,41000,0,30,0.8435919880867004,5.489889144897461,2.630396223068231,0.2
initial_uncertainty,Initial uncertainty,Initial uncertainty scale,3.0,3x,0,pointer_lstm,Attention-LSTM pointer,1,41000,1,30,1.7514984607696533,35.1116943359375,3.7783138990402083,0.13333333333333333
initial_uncertainty,Initial uncertainty,Initial uncertainty scale,3.0,3x,0,pointer_lstm,Attention-LSTM pointer,2,41000,2,30,7.359686851501465,115.78054809570312,36.21191616058344,0.2
initial_uncertainty,Initial uncertainty,Initial uncertainty scale,3.0,3x,0,pointer_lstm,Attention-LSTM pointer,3,41000,3,30,0.6328673958778381,3.560807943344116,2.174217104911803,0.3333333333333333
initial_uncertainty,Initial uncertainty,Initial uncertainty scale,3.0,3x,0,pointer_lstm,Attention-LSTM pointer,4,41000,4,30,0.5479668378829956,1.5466418266296387,1.3671221971511835,0.1
initial_uncertainty,Initial uncertainty,Initial uncertainty scale,3.0,3x,0,pointer_lstm,Attention-LSTM pointer,5,41000,5,30,0.3458334505558014,0.8847052454948425,0.7507164001464839,0.3333333333333333
initial_uncertainty,Initial uncertainty,Initial uncertainty scale,3.0,3x,0,pointer_lstm,Attention-LSTM pointer,6,41000,6,30,0.9544661641120911,7.616397857666016,5.578146648406973,0.3333333333333333
initial_uncertainty,Initial uncertainty,Initial uncertainty scale,3.0,3x,0,pointer_lstm,Attention-LSTM pointer,7,41000,7,30,0.4959595501422882,2.137000560760498,1.063631084561347,0.16666666666666666
initial_uncertainty,Initial uncertainty,Initial uncertainty scale,3.0,3x,0,pointer_lstm,Attention-LSTM pointer,8,41000,8,30,1.1804922819137573,18.899547576904297,1.293682092428207,0.16666666666666666
initial_uncertainty,Initial uncertainty,Initial uncertainty scale,3.0,3x,0,pointer_lstm,Attention-LSTM pointer,9,41000,9,30,0.517204999923706,1.9373695850372314,1.5862083911895741,0.3333333333333333
initial_uncertainty,Initial uncertainty,Initial uncertainty scale,3.0,3x,0,pointer_lstm,Attention-LSTM pointer,10,41000,10,30,0.46008220314979553,1.467958688735962,1.1234855592250823,0.23333333333333334
initial_uncertainty,Initial uncertainty,Initial uncertainty scale,3.0,3x,0,pointer_lstm,Attention-LSTM pointer,11,41000,11,30,0.2881764769554138,1.0988398790359497,0.6135091423988341,0.2
initial_uncertainty,Initial uncertainty,Initial uncertainty scale,3.0,3x,0,pointer_lstm,Attention-LSTM pointer,12,41001,0,30,0.43419402837753296,2.113006830215454,1.1210771441459646,0.26666666666666666
initial_uncertainty,Initial uncertainty,Initial uncertainty scale,3.0,3x,0,pointer_lstm,Attention-LSTM pointer,13,41001,1,30,1.239338755607605,15.70599365234375,4.19136490821837,0.2
initial_uncertainty,Initial uncertainty,Initial uncertainty scale,3.0,3x,0,pointer_lstm,Attention-LSTM pointer,14,41001,2,30,0.7203571200370789,4.163773536682129,2.9985726118087763,0.2
initial_uncertainty,Initial uncertainty,Initial uncertainty scale,3.0,3x,0,pointer_lstm,Attention-LSTM pointer,15,41001,3,30,5.991222858428955,97.78363037109375,21.873976230621302,0.13333333333333333
initial_uncertainty,Initial uncertainty,Initial uncertainty scale,3.0,3x,0,pointer_lstm,Attention-LSTM pointer,16,41001,4,30,0.33671075105667114,0.9788201451301575,0.7555650800466533,0.3333333333333333
initial_uncertainty,Initial uncertainty,Initial uncertainty scale,3.0,3x,0,pointer_lstm,Attention-LSTM pointer,17,41001,5,30,0.6839935779571533,3.875256061553955,1.6621467709541309,0.13333333333333333
initial_uncertainty,Initial uncertainty,Initial uncertainty scale,3.0,3x,0,pointer_lstm,Attention-LSTM pointer,18,41001,6,30,0.9018211364746094,12.501093864440918,2.0282747387886038,0.1
initial_uncertainty,Initial uncertainty,Initial uncertainty scale,3.0,3x,0,pointer_lstm,Attention-LSTM pointer,19,41001,7,30,0.5318892002105713,5.224575042724609,1.5026012480258917,0.3333333333333333
initial_uncertainty,Initial uncertainty,Initial uncertainty scale,3.0,3x,0,pointer_lstm,Attention-LSTM pointer,20,41001,8,30,0.3425036370754242,1.0929481983184814,0.7438783466815941,0.26666666666666666
initial_uncertainty,Initial uncertainty,Initial uncertainty scale,3.0,3x,0,pointer_lstm,Attention-LSTM pointer,21,41001,9,30,5.357949733734131,107.9155044555664,19.71346120834344,0.16666666666666666
initial_uncertainty,Initial uncertainty,Initial uncertainty scale,3.0,3x,0,pointer_lstm,Attention-LSTM pointer,22,41001,10,30,0.6415976881980896,4.4076924324035645,1.287874281406402,0.1
initial_uncertainty,Initial uncertainty,Initial uncertainty scale,3.0,3x,0,pointer_lstm,Attention-LSTM pointer,23,41001,11,30,0.6099908947944641,2.3655097484588623,1.3855374157428741,0.16666666666666666
initial_uncertainty,Initial uncertainty,Initial uncertainty scale,4.0,4x,0,expected_info_gain,Expected information gain,0,41000,0,30,18.362119674682617,35.98788070678711,33.06837902069092,0.03333333333333333
initial_uncertainty,Initial uncertainty,Initial uncertainty scale,4.0,4x,0,expected_info_gain,Expected information gain,1,41000,1,30,8.268959045410156,35.988319396972656,31.03706264495847,0.03333333333333333
initial_uncertainty,Initial uncertainty,Initial uncertainty scale,4.0,4x,0,expected_info_gain,Expected information gain,2,41000,2,30,15.456990242004395,36.606658935546875,36.29408588409424,0.16666666666666666
initial_uncertainty,Initial uncertainty,Initial uncertainty scale,4.0,4x,0,expected_info_gain,Expected information gain,3,41000,3,30,9.542394638061523,43.699100494384766,29.88549289703369,0.13333333333333333
initial_uncertainty,Initial uncertainty,Initial uncertainty scale,4.0,4x,0,expected_info_gain,Expected information gain,4,41000,4,30,18.43795394897461,107.13980865478516,40.569883251190134,0.1
initial_uncertainty,Initial uncertainty,Initial uncertainty scale,4.0,4x,0,expected_info_gain,Expected information gain,5,41000,5,30,9.328286170959473,29.696453094482422,27.4307373046875,0.06666666666666667
initial_uncertainty,Initial uncertainty,Initial uncertainty scale,4.0,4x,0,expected_info_gain,Expected information gain,6,41000,6,30,1.9497967958450317,32.10895538330078,6.639281845092748,0.2
initial_uncertainty,Initial uncertainty,Initial uncertainty scale,4.0,4x,0,expected_info_gain,Expected information gain,7,41000,7,30,5.0574116706848145,25.95565414428711,24.027798652648926,0.0
initial_uncertainty,Initial uncertainty,Initial uncertainty scale,4.0,4x,0,expected_info_gain,Expected information gain,8,41000,8,30,8.1707181930542,34.84682083129883,33.02462177276611,0.16666666666666666
initial_uncertainty,Initial uncertainty,Initial uncertainty scale,4.0,4x,0,expected_info_gain,Expected information gain,9,41000,9,30,5.502946376800537,36.980491638183594,32.48952312469482,0.13333333333333333
initial_uncertainty,Initial uncertainty,Initial uncertainty scale,4.0,4x,0,expected_info_gain,Expected information gain,10,41000,10,30,8.425321578979492,77.85795593261719,28.15156850814819,0.0
initial_uncertainty,Initial uncertainty,Initial uncertainty scale,4.0,4x,0,expected_info_gain,Expected information gain,11,41000,11,30,21.14313507080078,102.91840362548828,34.92732963562012,0.03333333333333333
initial_uncertainty,Initial uncertainty,Initial uncertainty scale,4.0,4x,0,expected_info_gain,Expected information gain,12,41001,0,30,7.204741477966309,37.496498107910156,31.536154747009277,0.13333333333333333
initial_uncertainty,Initial uncertainty,Initial uncertainty scale,4.0,4x,0,expected_info_gain,Expected information gain,13,41001,1,30,6.09895658493042,53.01190185546875,43.45268840789792,0.16666666666666666
initial_uncertainty,Initial uncertainty,Initial uncertainty scale,4.0,4x,0,expected_info_gain,Expected information gain,14,41001,2,30,11.453726768493652,77.10025024414062,33.99416847229004,0.1
initial_uncertainty,Initial uncertainty,Initial uncertainty scale,4.0,4x,0,expected_info_gain,Expected information gain,15,41001,3,30,12.398319244384766,37.05678176879883,34.3272180557251,0.1
initial_uncertainty,Initial uncertainty,Initial uncertainty scale,4.0,4x,0,expected_info_gain,Expected information gain,16,41001,4,30,19.778085708618164,34.97724151611328,34.638489723205566,0.0
initial_uncertainty,Initial uncertainty,Initial uncertainty scale,4.0,4x,0,expected_info_gain,Expected information gain,17,41001,5,30,8.383902549743652,101.4030990600586,35.62017307281493,0.13333333333333333
initial_uncertainty,Initial uncertainty,Initial uncertainty scale,4.0,4x,0,expected_info_gain,Expected information gain,18,41001,6,30,4.164059162139893,26.223115921020508,19.038648796081503,0.03333333333333333
initial_uncertainty,Initial uncertainty,Initial uncertainty scale,4.0,4x,0,expected_info_gain,Expected information gain,19,41001,7,30,10.388728141784668,33.65167236328125,33.367140769958496,0.1
initial_uncertainty,Initial uncertainty,Initial uncertainty scale,4.0,4x,0,expected_info_gain,Expected information gain,20,41001,8,30,4.45473051071167,45.442474365234375,16.544973993301387,0.06666666666666667
initial_uncertainty,Initial uncertainty,Initial uncertainty scale,4.0,4x,0,expected_info_gain,Expected information gain,21,41001,9,30,10.085786819458008,54.68709182739258,34.40137033462522,0.13333333333333333
initial_uncertainty,Initial uncertainty,Initial uncertainty scale,4.0,4x,0,expected_info_gain,Expected information gain,22,41001,10,30,6.13370943069458,32.51594924926758,29.221027946472155,0.03333333333333333
initial_uncertainty,Initial uncertainty,Initial uncertainty scale,4.0,4x,0,expected_info_gain,Expected information gain,23,41001,11,30,7.014053821563721,49.197898864746094,34.89752750396728,0.1
initial_uncertainty,Initial uncertainty,Initial uncertainty scale,4.0,4x,0,flat_lstm,Flat LSTM,0,41000,0,30,32.68953323364258,103.00164794921875,94.1652263641357,0.0
initial_uncertainty,Initial uncertainty,Initial uncertainty scale,4.0,4x,0,flat_lstm,Flat LSTM,1,41000,1,30,28.823162078857422,88.48576354980469,81.75396537780762,0.0
initial_uncertainty,Initial uncertainty,Initial uncertainty scale,4.0,4x,0,flat_lstm,Flat LSTM,2,41000,2,30,34.938167572021484,120.53854370117188,119.73164253234863,0.0
initial_uncertainty,Initial uncertainty,Initial uncertainty scale,4.0,4x,0,flat_lstm,Flat LSTM,3,41000,3,30,28.87312126159668,120.14817810058594,98.69604034423817,0.0
initial_uncertainty,Initial uncertainty,Initial uncertainty scale,4.0,4x,0,flat_lstm,Flat LSTM,4,41000,4,30,76.76354217529297,115.98246765136719,115.60679779052734,0.0
initial_uncertainty,Initial uncertainty,Initial uncertainty scale,4.0,4x,0,flat_lstm,Flat LSTM,5,41000,5,30,39.72168731689453,120.5421142578125,107.6057579040527,0.03333333333333333
initial_uncertainty,Initial uncertainty,Initial uncertainty scale,4.0,4x,0,flat_lstm,Flat LSTM,6,41000,6,30,18.01981544494629,111.7206802368164,48.13629989624015,0.0
initial_uncertainty,Initial uncertainty,Initial uncertainty scale,4.0,4x,0,flat_lstm,Flat LSTM,7,41000,7,30,45.79470443725586,122.22380828857422,119.91226196289062,0.0
initial_uncertainty,Initial uncertainty,Initial uncertainty scale,4.0,4x,0,flat_lstm,Flat LSTM,8,41000,8,30,21.820096969604492,119.76717376708984,91.42212905883774,0.03333333333333333
initial_uncertainty,Initial uncertainty,Initial uncertainty scale,4.0,4x,0,flat_lstm,Flat LSTM,9,41000,9,30,23.48931121826172,116.71945190429688,61.50034027099595,0.1
initial_uncertainty,Initial uncertainty,Initial uncertainty scale,4.0,4x,0,flat_lstm,Flat LSTM,10,41000,10,30,21.288442611694336,49.5905876159668,47.8970869064331,0.0
initial_uncertainty,Initial uncertainty,Initial uncertainty scale,4.0,4x,0,flat_lstm,Flat LSTM,11,41000,11,30,35.094749450683594,119.26261901855469,83.62668190002438,0.03333333333333333
initial_uncertainty,Initial uncertainty,Initial uncertainty scale,4.0,4x,0,flat_lstm,Flat LSTM,12,41001,0,30,60.319087982177734,117.62857818603516,116.60421371459961,0.0
initial_uncertainty,Initial uncertainty,Initial uncertainty scale,4.0,4x,0,flat_lstm,Flat LSTM,13,41001,1,30,38.0439453125,121.0429916381836,115.91634368896482,0.03333333333333333
initial_uncertainty,Initial uncertainty,Initial uncertainty scale,4.0,4x,0,flat_lstm,Flat LSTM,14,41001,2,30,36.554786682128906,119.70520782470703,103.50132637023916,0.0
initial_uncertainty,Initial uncertainty,Initial uncertainty scale,4.0,4x,0,flat_lstm,Flat LSTM,15,41001,3,30,25.2093448638916,116.05875396728516,70.38467140197737,0.0
initial_uncertainty,Initial uncertainty,Initial uncertainty scale,4.0,4x,0,flat_lstm,Flat LSTM,16,41001,4,30,31.309593200683594,119.95027160644531,111.36826591491699,0.0
initial_uncertainty,Initial uncertainty,Initial uncertainty scale,4.0,4x,0,flat_lstm,Flat LSTM,17,41001,5,30,27.797590255737305,119.69026947021484,87.28654670715312,0.0
initial_uncertainty,Initial uncertainty,Initial uncertainty scale,4.0,4x,0,flat_lstm,Flat LSTM,18,41001,6,30,29.8369083404541,120.24008178710938,98.96425285339342,0.0
initial_uncertainty,Initial uncertainty,Initial uncertainty scale,4.0,4x,0,flat_lstm,Flat LSTM,19,41001,7,30,5.204699516296387,83.34356689453125,17.84649977684019,0.13333333333333333
initial_uncertainty,Initial uncertainty,Initial uncertainty scale,4.0,4x,0,flat_lstm,Flat LSTM,20,41001,8,30,77.43875885009766,117.24301147460938,115.53660926818847,0.0
initial_uncertainty,Initial uncertainty,Initial uncertainty scale,4.0,4x,0,flat_lstm,Flat LSTM,21,41001,9,30,24.18692398071289,81.3297348022461,36.43271713256836,0.0
initial_uncertainty,Initial uncertainty,Initial uncertainty scale,4.0,4x,0,flat_lstm,Flat LSTM,22,41001,10,30,74.66962432861328,121.27949523925781,117.8131664276123,0.03333333333333333
initial_uncertainty,Initial uncertainty,Initial uncertainty scale,4.0,4x,0,flat_lstm,Flat LSTM,23,41001,11,30,26.732723236083984,119.82255554199219,110.77416076660157,0.0
initial_uncertainty,Initial uncertainty,Initial uncertainty scale,4.0,4x,0,pointer_lstm,Attention-LSTM pointer,0,41000,0,30,5.1394453048706055,61.9433708190918,35.20949115753169,0.1
initial_uncertainty,Initial uncertainty,Initial uncertainty scale,4.0,4x,0,pointer_lstm,Attention-LSTM pointer,1,41000,1,30,0.4227820038795471,1.167082667350769,0.9233926713466631,0.1
initial_uncertainty,Initial uncertainty,Initial uncertainty scale,4.0,4x,0,pointer_lstm,Attention-LSTM pointer,2,41000,2,30,3.8328938484191895,44.960411071777344,18.414108943939205,0.13333333333333333
initial_uncertainty,Initial uncertainty,Initial uncertainty scale,4.0,4x,0,pointer_lstm,Attention-LSTM pointer,3,41000,3,30,0.5336644649505615,1.2896039485931396,1.2293370485305783,0.13333333333333333
initial_uncertainty,Initial uncertainty,Initial uncertainty scale,4.0,4x,0,pointer_lstm,Attention-LSTM pointer,4,41000,4,30,0.6848011612892151,2.8821589946746826,1.5506309568881989,0.13333333333333333
initial_uncertainty,Initial uncertainty,Initial uncertainty scale,4.0,4x,0,pointer_lstm,Attention-LSTM pointer,5,41000,5,30,0.49101781845092773,2.280904769897461,1.4083033561706537,0.3
initial_uncertainty,Initial uncertainty,Initial uncertainty scale,4.0,4x,0,pointer_lstm,Attention-LSTM pointer,6,41000,6,30,0.59911048412323,1.9335757493972778,1.7130261421203603,0.16666666666666666
initial_uncertainty,Initial uncertainty,Initial uncertainty scale,4.0,4x,0,pointer_lstm,Attention-LSTM pointer,7,41000,7,30,0.47008734941482544,1.8923051357269287,1.0971009254455553,0.2
initial_uncertainty,Initial uncertainty,Initial uncertainty scale,4.0,4x,0,pointer_lstm,Attention-LSTM pointer,8,41000,8,30,0.6294209957122803,2.824272871017456,2.1033113479614243,0.26666666666666666
initial_uncertainty,Initial uncertainty,Initial uncertainty scale,4.0,4x,0,pointer_lstm,Attention-LSTM pointer,9,41000,9,30,0.48040229082107544,1.733614206314087,1.4866787493228908,0.3
initial_uncertainty,Initial uncertainty,Initial uncertainty scale,4.0,4x,0,pointer_lstm,Attention-LSTM pointer,10,41000,10,30,0.4321145713329315,1.4622806310653687,0.9773049235343929,0.23333333333333334
initial_uncertainty,Initial uncertainty,Initial uncertainty scale,4.0,4x,0,pointer_lstm,Attention-LSTM pointer,11,41000,11,30,0.34245070815086365,0.9641880989074707,0.6924023330211633,0.13333333333333333
initial_uncertainty,Initial uncertainty,Initial uncertainty scale,4.0,4x,0,pointer_lstm,Attention-LSTM pointer,12,41001,0,30,0.5451553463935852,2.213996171951294,1.436672240495681,0.2
initial_uncertainty,Initial uncertainty,Initial uncertainty scale,4.0,4x,0,pointer_lstm,Attention-LSTM pointer,13,41001,1,30,3.6183125972747803,80.68289184570312,7.014147949218721,0.16666666666666666
initial_uncertainty,Initial uncertainty,Initial uncertainty scale,4.0,4x,0,pointer_lstm,Attention-LSTM pointer,14,41001,2,30,1.0935207605361938,20.207012176513672,1.379309666156768,0.3333333333333333
initial_uncertainty,Initial uncertainty,Initial uncertainty scale,4.0,4x,0,pointer_lstm,Attention-LSTM pointer,15,41001,3,30,0.6690841913223267,1.8338799476623535,1.5407300353050224,0.13333333333333333
initial_uncertainty,Initial uncertainty,Initial uncertainty scale,4.0,4x,0,pointer_lstm,Attention-LSTM pointer,16,41001,4,30,0.39901068806648254,1.5339840650558472,1.1149378299713129,0.36666666666666664
initial_uncertainty,Initial uncertainty,Initial uncertainty scale,4.0,4x,0,pointer_lstm,Attention-LSTM pointer,17,41001,5,30,0.5378755927085876,1.4226912260055542,1.1907695829868312,0.2
initial_uncertainty,Initial uncertainty,Initial uncertainty scale,4.0,4x,0,pointer_lstm,Attention-LSTM pointer,18,41001,6,30,0.528214156627655,1.4947192668914795,1.3974410533905024,0.16666666666666666
initial_uncertainty,Initial uncertainty,Initial uncertainty scale,4.0,4x,0,pointer_lstm,Attention-LSTM pointer,19,41001,7,30,0.4056681990623474,2.3660778999328613,0.9098573893308635,0.26666666666666666
initial_uncertainty,Initial uncertainty,Initial uncertainty scale,4.0,4x,0,pointer_lstm,Attention-LSTM pointer,20,41001,8,30,0.817912757396698,10.335188865661621,2.640374219417566,0.26666666666666666
initial_uncertainty,Initial uncertainty,Initial uncertainty scale,4.0,4x,0,pointer_lstm,Attention-LSTM pointer,21,41001,9,30,1.976391315460205,19.677303314208984,12.33640041351315,0.16666666666666666
initial_uncertainty,Initial uncertainty,Initial uncertainty scale,4.0,4x,0,pointer_lstm,Attention-LSTM pointer,22,41001,10,30,1.1626815795898438,14.65097713470459,4.528750407695764,0.06666666666666667
initial_uncertainty,Initial uncertainty,Initial uncertainty scale,4.0,4x,0,pointer_lstm,Attention-LSTM pointer,23,41001,11,30,1.386366367340088,16.176532745361328,3.0111407876014686,0.1
measurement_noise,Measurement noise,Measurement noise (m),25.0,25,0,expected_info_gain,Expected information gain,0,41000,0,30,0.7942580580711365,3.8714842796325684,2.6826349854469282,0.23333333333333334
measurement_noise,Measurement noise,Measurement noise (m),25.0,25,0,expected_info_gain,Expected information gain,1,41000,1,30,0.3209414780139923,2.015709400177002,0.6577694624662388,0.4
measurement_noise,Measurement noise,Measurement noise (m),25.0,25,0,expected_info_gain,Expected information gain,2,41000,2,30,0.934107780456543,4.264797210693359,3.6476737499237055,0.26666666666666666
measurement_noise,Measurement noise,Measurement noise (m),25.0,25,0,expected_info_gain,Expected information gain,3,41000,3,30,0.5422512292861938,3.0509262084960938,1.588728582859039,0.26666666666666666
measurement_noise,Measurement noise,Measurement noise (m),25.0,25,0,expected_info_gain,Expected information gain,4,41000,4,30,0.49205678701400757,1.9413697719573975,1.3368383407592763,0.36666666666666664
measurement_noise,Measurement noise,Measurement noise (m),25.0,25,0,expected_info_gain,Expected information gain,5,41000,5,30,1.0378913879394531,19.032962799072266,2.2530458569526663,0.3333333333333333
measurement_noise,Measurement noise,Measurement noise (m),25.0,25,0,expected_info_gain,Expected information gain,6,41000,6,30,0.3040049374103546,0.6424393653869629,0.6387718617916107,0.3333333333333333
measurement_noise,Measurement noise,Measurement noise (m),25.0,25,0,expected_info_gain,Expected information gain,7,41000,7,30,0.4047366678714752,1.5574665069580078,0.9527866512537002,0.2
measurement_noise,Measurement noise,Measurement noise (m),25.0,25,0,expected_info_gain,Expected information gain,8,41000,8,30,0.34328654408454895,0.8968261480331421,0.8370193421840665,0.3
measurement_noise,Measurement noise,Measurement noise (m),25.0,25,0,expected_info_gain,Expected information gain,9,41000,9,30,0.2831856608390808,0.5437284708023071,0.5243254721164703,0.36666666666666664
measurement_noise,Measurement noise,Measurement noise (m),25.0,25,0,expected_info_gain,Expected information gain,10,41000,10,30,1.6475626230239868,40.715946197509766,0.5744588613510131,0.23333333333333334
measurement_noise,Measurement noise,Measurement noise (m),25.0,25,0,expected_info_gain,Expected information gain,11,41000,11,30,2.4622225761413574,33.16234588623047,17.111917209625197,0.3
measurement_noise,Measurement noise,Measurement noise (m),25.0,25,0,expected_info_gain,Expected information gain,12,41001,0,30,0.4409900903701782,1.6699111461639404,0.8558769911527631,0.2
measurement_noise,Measurement noise,Measurement noise (m),25.0,25,0,expected_info_gain,Expected information gain,13,41001,1,30,0.7107418775558472,7.511674880981445,1.6427992939949028,0.13333333333333333
measurement_noise,Measurement noise,Measurement noise (m),25.0,25,0,expected_info_gain,Expected information gain,14,41001,2,30,0.9729059338569641,13.439706802368164,1.9012345433235165,0.1
measurement_noise,Measurement noise,Measurement noise (m),25.0,25,0,expected_info_gain,Expected information gain,15,41001,3,30,1.2900089025497437,17.812454223632812,4.620811581611621,0.2
measurement_noise,Measurement noise,Measurement noise (m),25.0,25,0,expected_info_gain,Expected information gain,16,41001,4,30,0.4031776487827301,1.0940463542938232,0.9003763437271113,0.36666666666666664
measurement_noise,Measurement noise,Measurement noise (m),25.0,25,0,expected_info_gain,Expected information gain,17,41001,5,30,0.48927757143974304,4.927695274353027,0.8893838346004476,0.3
measurement_noise,Measurement noise,Measurement noise (m),25.0,25,0,expected_info_gain,Expected information gain,18,41001,6,30,0.5093845129013062,5.403797626495361,1.5799829244613601,0.4666666666666667
measurement_noise,Measurement noise,Measurement noise (m),25.0,25,0,expected_info_gain,Expected information gain,19,41001,7,30,0.372456431388855,1.3410547971725464,0.6856266021728514,0.26666666666666666
measurement_noise,Measurement noise,Measurement noise (m),25.0,25,0,expected_info_gain,Expected information gain,20,41001,8,30,0.4687351584434509,2.587207317352295,0.9383083254098886,0.23333333333333334
measurement_noise,Measurement noise,Measurement noise (m),25.0,25,0,expected_info_gain,Expected information gain,21,41001,9,30,0.5371900200843811,2.082292318344116,1.324487966299057,0.23333333333333334
measurement_noise,Measurement noise,Measurement noise (m),25.0,25,0,expected_info_gain,Expected information gain,22,41001,10,30,0.6540288329124451,4.950248718261719,3.375093317031853,0.4
measurement_noise,Measurement noise,Measurement noise (m),25.0,25,0,expected_info_gain,Expected information gain,23,41001,11,30,0.3964698612689972,1.24224054813385,1.1412833154201503,0.23333333333333334
measurement_noise,Measurement noise,Measurement noise (m),25.0,25,0,flat_lstm,Flat LSTM,0,41000,0,30,0.672913670539856,4.461442470550537,1.9896137833595264,0.3
measurement_noise,Measurement noise,Measurement noise (m),25.0,25,0,flat_lstm,Flat LSTM,1,41000,1,30,0.4768638014793396,2.545548439025879,1.2828843295574168,0.26666666666666666
measurement_noise,Measurement noise,Measurement noise (m),25.0,25,0,flat_lstm,Flat LSTM,2,41000,2,30,0.6283587217330933,3.1136035919189453,1.9867413818836206,0.26666666666666666
measurement_noise,Measurement noise,Measurement noise (m),25.0,25,0,flat_lstm,Flat LSTM,3,41000,3,30,0.5497621297836304,3.1003646850585938,1.6372033596038782,0.36666666666666664
measurement_noise,Measurement noise,Measurement noise (m),25.0,25,0,flat_lstm,Flat LSTM,4,41000,4,30,0.47697243094444275,2.6686408519744873,1.8613903939723926,0.3333333333333333
measurement_noise,Measurement noise,Measurement noise (m),25.0,25,0,flat_lstm,Flat LSTM,5,41000,5,30,1.6315271854400635,9.97697639465332,8.496419954299924,0.23333333333333334
measurement_noise,Measurement noise,Measurement noise (m),25.0,25,0,flat_lstm,Flat LSTM,6,41000,6,30,0.38663801550865173,1.6263978481292725,1.1063464045524591,0.26666666666666666
measurement_noise,Measurement noise,Measurement noise (m),25.0,25,0,flat_lstm,Flat LSTM,7,41000,7,30,0.6385393142700195,3.4980289936065674,2.1491382241249064,0.3
measurement_noise,Measurement noise,Measurement noise (m),25.0,25,0,flat_lstm,Flat LSTM,8,41000,8,30,0.6036427617073059,3.7749459743499756,2.1139753341674767,0.3
measurement_noise,Measurement noise,Measurement noise (m),25.0,25,0,flat_lstm,Flat LSTM,9,41000,9,30,0.6035811901092529,3.0843636989593506,1.7875688552856428,0.26666666666666666
measurement_noise,Measurement noise,Measurement noise (m),25.0,25,0,flat_lstm,Flat LSTM,10,41000,10,30,0.6761265993118286,7.954423904418945,1.411850821971893,0.36666666666666664
measurement_noise,Measurement noise,Measurement noise (m),25.0,25,0,flat_lstm,Flat LSTM,11,41000,11,30,0.5954922437667847,4.324085712432861,1.4052629470825193,0.3
measurement_noise,Measurement noise,Measurement noise (m),25.0,25,0,flat_lstm,Flat LSTM,12,41001,0,30,0.3905167579650879,2.4245941638946533,0.8750074356794351,0.5333333333333333
measurement_noise,Measurement noise,Measurement noise (m),25.0,25,0,flat_lstm,Flat LSTM,13,41001,1,30,0.6743736863136292,6.884064674377441,1.7986061811447096,0.23333333333333334
measurement_noise,Measurement noise,Measurement noise (m),25.0,25,0,flat_lstm,Flat LSTM,14,41001,2,30,0.4912998080253601,2.4712233543395996,1.633315372467039,0.3333333333333333
measurement_noise,Measurement noise,Measurement noise (m),25.0,25,0,flat_lstm,Flat LSTM,15,41001,3,30,0.6044590473175049,2.506568670272827,2.3825230002403255,0.3333333333333333
measurement_noise,Measurement noise,Measurement noise (m),25.0,25,0,flat_lstm,Flat LSTM,16,41001,4,30,0.500257134437561,3.372173547744751,1.501179784536359,0.3333333333333333
measurement_noise,Measurement noise,Measurement noise (m),25.0,25,0,flat_lstm,Flat LSTM,17,41001,5,30,0.5156547427177429,5.181768894195557,0.8288342803716657,0.43333333333333335
measurement_noise,Measurement noise,Measurement noise (m),25.0,25,0,flat_lstm,Flat LSTM,18,41001,6,30,0.5001100897789001,2.139960765838623,1.3702884495258318,0.26666666666666666
measurement_noise,Measurement noise,Measurement noise (m),25.0,25,0,flat_lstm,Flat LSTM,19,41001,7,30,0.5301716923713684,2.7742252349853516,1.5607141613960251,0.4
measurement_noise,Measurement noise,Measurement noise (m),25.0,25,0,flat_lstm,Flat LSTM,20,41001,8,30,0.7197685837745667,3.694650411605835,2.503868925571441,0.4
measurement_noise,Measurement noise,Measurement noise (m),25.0,25,0,flat_lstm,Flat LSTM,21,41001,9,30,0.6239526271820068,3.0933656692504883,2.0136447787284837,0.43333333333333335
measurement_noise,Measurement noise,Measurement noise (m),25.0,25,0,flat_lstm,Flat LSTM,22,41001,10,30,0.5410366058349609,4.831932067871094,1.1675687372684467,0.3
measurement_noise,Measurement noise,Measurement noise (m),25.0,25,0,flat_lstm,Flat LSTM,23,41001,11,30,0.5860742926597595,3.6259310245513916,2.0656082689762085,0.43333333333333335
measurement_noise,Measurement noise,Measurement noise (m),25.0,25,0,pointer_lstm,Attention-LSTM pointer,0,41000,0,30,0.28446874022483826,0.6404194235801697,0.5398651182651517,0.4
measurement_noise,Measurement noise,Measurement noise (m),25.0,25,0,pointer_lstm,Attention-LSTM pointer,1,41000,1,30,0.23853799700737,0.5787969827651978,0.39218343943357464,0.43333333333333335
measurement_noise,Measurement noise,Measurement noise (m),25.0,25,0,pointer_lstm,Attention-LSTM pointer,2,41000,2,30,0.26962947845458984,0.6575281620025635,0.49141727387905115,0.4
measurement_noise,Measurement noise,Measurement noise (m),25.0,25,0,pointer_lstm,Attention-LSTM pointer,3,41000,3,30,0.23603393137454987,0.7917945981025696,0.7117368578910825,0.6
measurement_noise,Measurement noise,Measurement noise (m),25.0,25,0,pointer_lstm,Attention-LSTM pointer,4,41000,4,30,0.26475855708122253,0.6835134029388428,0.5656855344772332,0.5333333333333333
measurement_noise,Measurement noise,Measurement noise (m),25.0,25,0,pointer_lstm,Attention-LSTM pointer,5,41000,5,30,0.3592947721481323,3.646483898162842,0.9277965933084469,0.5333333333333333
measurement_noise,Measurement noise,Measurement noise (m),25.0,25,0,pointer_lstm,Attention-LSTM pointer,6,41000,6,30,0.23847565054893494,1.1412577629089355,0.3541378021240234,0.5666666666666667
measurement_noise,Measurement noise,Measurement noise (m),25.0,25,0,pointer_lstm,Attention-LSTM pointer,7,41000,7,30,0.24138592183589935,0.7222464084625244,0.38292663395404813,0.4
measurement_noise,Measurement noise,Measurement noise (m),25.0,25,0,pointer_lstm,Attention-LSTM pointer,8,41000,8,30,0.24100807309150696,0.8980829119682312,0.5115212678909298,0.5
measurement_noise,Measurement noise,Measurement noise (m),25.0,25,0,pointer_lstm,Attention-LSTM pointer,9,41000,9,30,0.24978044629096985,0.5810912251472473,0.5198428303003308,0.43333333333333335
measurement_noise,Measurement noise,Measurement noise (m),25.0,25,0,pointer_lstm,Attention-LSTM pointer,10,41000,10,30,0.27488309144973755,0.6066336631774902,0.557379388809204,0.43333333333333335
measurement_noise,Measurement noise,Measurement noise (m),25.0,25,0,pointer_lstm,Attention-LSTM pointer,11,41000,11,30,0.2123846560716629,0.41022852063179016,0.35943531841039655,0.5333333333333333
measurement_noise,Measurement noise,Measurement noise (m),25.0,25,0,pointer_lstm,Attention-LSTM pointer,12,41001,0,30,0.2707332372665405,0.8912628889083862,0.6525842115283005,0.4
measurement_noise,Measurement noise,Measurement noise (m),25.0,25,0,pointer_lstm,Attention-LSTM pointer,13,41001,1,30,0.28385305404663086,0.6040753722190857,0.5458386808633803,0.3333333333333333
measurement_noise,Measurement noise,Measurement noise (m),25.0,25,0,pointer_lstm,Attention-LSTM pointer,14,41001,2,30,0.25740328431129456,0.5018231272697449,0.45795318186283107,0.43333333333333335
measurement_noise,Measurement noise,Measurement noise (m),25.0,25,0,pointer_lstm,Attention-LSTM pointer,15,41001,3,30,0.4070071280002594,3.2454757690429688,0.7880524069070814,0.36666666666666664
measurement_noise,Measurement noise,Measurement noise (m),25.0,25,0,pointer_lstm,Attention-LSTM pointer,16,41001,4,30,0.1994730532169342,0.340137779712677,0.3222749724984168,0.5
measurement_noise,Measurement noise,Measurement noise (m),25.0,25,0,pointer_lstm,Attention-LSTM pointer,17,41001,5,30,0.3639121353626251,3.4798007011413574,0.5909278869628902,0.3333333333333333
measurement_noise,Measurement noise,Measurement noise (m),25.0,25,0,pointer_lstm,Attention-LSTM pointer,18,41001,6,30,0.2371116429567337,1.120720624923706,0.40906642228364914,0.5
measurement_noise,Measurement noise,Measurement noise (m),25.0,25,0,pointer_lstm,Attention-LSTM pointer,19,41001,7,30,0.24702869355678558,0.8220351934432983,0.5088812351226804,0.5333333333333333
measurement_noise,Measurement noise,Measurement noise (m),25.0,25,0,pointer_lstm,Attention-LSTM pointer,20,41001,8,30,0.26015254855155945,0.9418444633483887,0.6019579663872712,0.36666666666666664
measurement_noise,Measurement noise,Measurement noise (m),25.0,25,0,pointer_lstm,Attention-LSTM pointer,21,41001,9,30,0.27019309997558594,0.6412931680679321,0.5694724559783935,0.4
measurement_noise,Measurement noise,Measurement noise (m),25.0,25,0,pointer_lstm,Attention-LSTM pointer,22,41001,10,30,0.27144816517829895,1.3625752925872803,0.5197687894105911,0.5
measurement_noise,Measurement noise,Measurement noise (m),25.0,25,0,pointer_lstm,Attention-LSTM pointer,23,41001,11,30,0.34413936734199524,2.7213363647460938,0.8662382602691643,0.4
measurement_noise,Measurement noise,Measurement noise (m),150.0,150,0,expected_info_gain,Expected information gain,0,41000,0,30,1.685721755027771,4.455103397369385,4.319356298446655,0.03333333333333333
measurement_noise,Measurement noise,Measurement noise (m),150.0,150,0,expected_info_gain,Expected information gain,1,41000,1,30,1.0077508687973022,2.6338558197021484,2.1954145550727833,0.0
measurement_noise,Measurement noise,Measurement noise (m),150.0,150,0,expected_info_gain,Expected information gain,2,41000,2,30,1.3768502473831177,3.528562068939209,3.0264074087142925,0.03333333333333333
measurement_noise,Measurement noise,Measurement noise (m),150.0,150,0,expected_info_gain,Expected information gain,3,41000,3,30,0.9307204484939575,2.2910315990448,2.0912503302097307,0.0
measurement_noise,Measurement noise,Measurement noise (m),150.0,150,0,expected_info_gain,Expected information gain,4,41000,4,30,1.32979416847229,2.9974417686462402,2.9566256761550904,0.0
measurement_noise,Measurement noise,Measurement noise (m),150.0,150,0,expected_info_gain,Expected information gain,5,41000,5,30,0.956120491027832,2.579568386077881,2.391236007213591,0.0
measurement_noise,Measurement noise,Measurement noise (m),150.0,150,0,expected_info_gain,Expected information gain,6,41000,6,30,1.1105841398239136,3.5714449882507324,2.3775888085365287,0.03333333333333333
measurement_noise,Measurement noise,Measurement noise (m),150.0,150,0,expected_info_gain,Expected information gain,7,41000,7,30,0.9497876763343811,2.202141284942627,2.010560357570648,0.03333333333333333
measurement_noise,Measurement noise,Measurement noise (m),150.0,150,0,expected_info_gain,Expected information gain,8,41000,8,30,1.178438425064087,2.4850268363952637,2.359632158279419,0.06666666666666667
measurement_noise,Measurement noise,Measurement noise (m),150.0,150,0,expected_info_gain,Expected information gain,9,41000,9,30,1.0106070041656494,3.410080909729004,1.8580465793609608,0.03333333333333333
measurement_noise,Measurement noise,Measurement noise (m),150.0,150,0,expected_info_gain,Expected information gain,10,41000,10,30,0.9258601665496826,2.540621757507324,2.2919025301933282,0.06666666666666667
measurement_noise,Measurement noise,Measurement noise (m),150.0,150,0,expected_info_gain,Expected information gain,11,41000,11,30,0.8398721218109131,1.6888227462768555,1.6059343457221984,0.0
measurement_noise,Measurement noise,Measurement noise (m),150.0,150,0,expected_info_gain,Expected information gain,12,41001,0,30,1.3650707006454468,2.802382469177246,2.6154361963272086,0.0
measurement_noise,Measurement noise,Measurement noise (m),150.0,150,0,expected_info_gain,Expected information gain,13,41001,1,30,1.6428701877593994,4.829718112945557,3.7902689218521104,0.03333333333333333
measurement_noise,Measurement noise,Measurement noise (m),150.0,150,0,expected_info_gain,Expected information gain,14,41001,2,30,1.1571877002716064,2.701876640319824,2.4769677042961105,0.03333333333333333
measurement_noise,Measurement noise,Measurement noise (m),150.0,150,0,expected_info_gain,Expected information gain,15,41001,3,30,1.4746450185775757,6.578510284423828,2.741800129413604,0.03333333333333333
measurement_noise,Measurement noise,Measurement noise (m),150.0,150,0,expected_info_gain,Expected information gain,16,41001,4,30,1.0523033142089844,2.0669214725494385,1.8081670522689808,0.03333333333333333
measurement_noise,Measurement noise,Measurement noise (m),150.0,150,0,expected_info_gain,Expected information gain,17,41001,5,30,1.0112433433532715,2.7434866428375244,2.5736950635910025,0.06666666666666667
measurement_noise,Measurement noise,Measurement noise (m),150.0,150,0,expected_info_gain,Expected information gain,18,41001,6,30,1.017259120941162,2.918900489807129,2.6277667999267567,0.03333333333333333
measurement_noise,Measurement noise,Measurement noise (m),150.0,150,0,expected_info_gain,Expected information gain,19,41001,7,30,1.1608295440673828,2.8157846927642822,2.588535928726196,0.03333333333333333
measurement_noise,Measurement noise,Measurement noise (m),150.0,150,0,expected_info_gain,Expected information gain,20,41001,8,30,1.2586138248443604,2.712419271469116,2.401132345199585,0.03333333333333333
measurement_noise,Measurement noise,Measurement noise (m),150.0,150,0,expected_info_gain,Expected information gain,21,41001,9,30,1.7332097291946411,5.642122268676758,3.9062817335128783,0.03333333333333333
measurement_noise,Measurement noise,Measurement noise (m),150.0,150,0,expected_info_gain,Expected information gain,22,41001,10,30,1.1672080755233765,4.024770736694336,2.762118744850157,0.0
measurement_noise,Measurement noise,Measurement noise (m),150.0,150,0,expected_info_gain,Expected information gain,23,41001,11,30,1.0639487504959106,2.5487914085388184,2.0081899702548975,0.03333333333333333
measurement_noise,Measurement noise,Measurement noise (m),150.0,150,0,flat_lstm,Flat LSTM,0,41000,0,30,1.6179275512695312,7.3631086349487305,5.224673151969902,0.06666666666666667
measurement_noise,Measurement noise,Measurement noise (m),150.0,150,0,flat_lstm,Flat LSTM,1,41000,1,30,1.4965519905090332,4.566150188446045,4.273557281494139,0.03333333333333333
measurement_noise,Measurement noise,Measurement noise (m),150.0,150,0,flat_lstm,Flat LSTM,2,41000,2,30,1.7737312316894531,6.020489692687988,5.486906337738035,0.03333333333333333
measurement_noise,Measurement noise,Measurement noise (m),150.0,150,0,flat_lstm,Flat LSTM,3,41000,3,30,1.2416995763778687,4.148571968078613,3.138714504241942,0.03333333333333333
measurement_noise,Measurement noise,Measurement noise (m),150.0,150,0,flat_lstm,Flat LSTM,4,41000,4,30,1.4635887145996094,4.684581756591797,3.343669235706327,0.03333333333333333
measurement_noise,Measurement noise,Measurement noise (m),150.0,150,0,flat_lstm,Flat LSTM,5,41000,5,30,1.281324863433838,3.372063159942627,3.102238047122955,0.0
measurement_noise,Measurement noise,Measurement noise (m),150.0,150,0,flat_lstm,Flat LSTM,6,41000,6,30,1.1265908479690552,2.7532100677490234,2.476570534706114,0.03333333333333333
measurement_noise,Measurement noise,Measurement noise (m),150.0,150,0,flat_lstm,Flat LSTM,7,41000,7,30,1.2273809909820557,3.602606773376465,3.1010706186294543,0.03333333333333333
measurement_noise,Measurement noise,Measurement noise (m),150.0,150,0,flat_lstm,Flat LSTM,8,41000,8,30,1.4199599027633667,3.5539228916168213,3.3005594730377186,0.03333333333333333
measurement_noise,Measurement noise,Measurement noise (m),150.0,150,0,flat_lstm,Flat LSTM,9,41000,9,30,1.1467225551605225,2.7561352252960205,2.608820378780364,0.03333333333333333
measurement_noise,Measurement noise,Measurement noise (m),150.0,150,0,flat_lstm,Flat LSTM,10,41000,10,30,1.1629555225372314,3.026676654815674,2.6580807924270613,0.03333333333333333
measurement_noise,Measurement noise,Measurement noise (m),150.0,150,0,flat_lstm,Flat LSTM,11,41000,11,30,0.9633132815361023,4.3700270652771,1.9191913068294522,0.03333333333333333
measurement_noise,Measurement noise,Measurement noise (m),150.0,150,0,flat_lstm,Flat LSTM,12,41001,0,30,1.7940911054611206,4.825433254241943,4.239487981796264,0.03333333333333333
measurement_noise,Measurement noise,Measurement noise (m),150.0,150,0,flat_lstm,Flat LSTM,13,41001,1,30,1.6822837591171265,3.9100499153137207,3.523621201515196,0.03333333333333333
measurement_noise,Measurement noise,Measurement noise (m),150.0,150,0,flat_lstm,Flat LSTM,14,41001,2,30,1.4975745677947998,3.737529754638672,3.36535836458206,0.06666666666666667
measurement_noise,Measurement noise,Measurement noise (m),150.0,150,0,flat_lstm,Flat LSTM,15,41001,3,30,1.4755980968475342,5.64681339263916,3.7557050228118887,0.0
measurement_noise,Measurement noise,Measurement noise (m),150.0,150,0,flat_lstm,Flat LSTM,16,41001,4,30,1.2933485507965088,3.314103126525879,2.9081547856330863,0.03333333333333333
measurement_noise,Measurement noise,Measurement noise (m),150.0,150,0,flat_lstm,Flat LSTM,17,41001,5,30,1.3312528133392334,3.905226707458496,3.2190865874290444,0.06666666666666667
measurement_noise,Measurement noise,Measurement noise (m),150.0,150,0,flat_lstm,Flat LSTM,18,41001,6,30,1.176085114479065,3.8139564990997314,3.11596094369888,0.03333333333333333
measurement_noise,Measurement noise,Measurement noise (m),150.0,150,0,flat_lstm,Flat LSTM,19,41001,7,30,1.4361507892608643,5.290257453918457,3.793437528610226,0.03333333333333333
measurement_noise,Measurement noise,Measurement noise (m),150.0,150,0,flat_lstm,Flat LSTM,20,41001,8,30,1.6544508934020996,6.259314060211182,4.5059429407119715,0.03333333333333333
measurement_noise,Measurement noise,Measurement noise (m),150.0,150,0,flat_lstm,Flat LSTM,21,41001,9,30,1.798105239868164,5.767165184020996,4.584537529945372,0.03333333333333333
measurement_noise,Measurement noise,Measurement noise (m),150.0,150,0,flat_lstm,Flat LSTM,22,41001,10,30,1.2031997442245483,3.192136287689209,2.6870941877365087,0.03333333333333333
measurement_noise,Measurement noise,Measurement noise (m),150.0,150,0,flat_lstm,Flat LSTM,23,41001,11,30,1.3750579357147217,4.6847639083862305,3.814496684074398,0.03333333333333333
measurement_noise,Measurement noise,Measurement noise (m),150.0,150,0,pointer_lstm,Attention-LSTM pointer,0,41000,0,30,1.2000805139541626,10.318558692932129,2.098801934719085,0.06666666666666667
measurement_noise,Measurement noise,Measurement noise (m),150.0,150,0,pointer_lstm,Attention-LSTM pointer,1,41000,1,30,0.9639254808425903,2.0703067779541016,1.9681249380111694,0.06666666666666667
measurement_noise,Measurement noise,Measurement noise (m),150.0,150,0,pointer_lstm,Attention-LSTM pointer,2,41000,2,30,1.0558056831359863,3.37432599067688,2.343241751194,0.03333333333333333
measurement_noise,Measurement noise,Measurement noise (m),150.0,150,0,pointer_lstm,Attention-LSTM pointer,3,41000,3,30,0.8924919366836548,3.925424575805664,2.9892045855522125,0.0
measurement_noise,Measurement noise,Measurement noise (m),150.0,150,0,pointer_lstm,Attention-LSTM pointer,4,41000,4,30,0.9586872458457947,2.1604559421539307,1.6827158987522122,0.0
measurement_noise,Measurement noise,Measurement noise (m),150.0,150,0,pointer_lstm,Attention-LSTM pointer,5,41000,5,30,0.7908467650413513,3.2846436500549316,1.5964408397674554,0.03333333333333333
measurement_noise,Measurement noise,Measurement noise (m),150.0,150,0,pointer_lstm,Attention-LSTM pointer,6,41000,6,30,1.0469869375228882,3.7729766368865967,2.8679883837699873,0.03333333333333333
measurement_noise,Measurement noise,Measurement noise (m),150.0,150,0,pointer_lstm,Attention-LSTM pointer,7,41000,7,30,0.977171778678894,2.349897623062134,2.067705237865448,0.06666666666666667
measurement_noise,Measurement noise,Measurement noise (m),150.0,150,0,pointer_lstm,Attention-LSTM pointer,8,41000,8,30,0.8201611638069153,2.147905111312866,1.784181207418441,0.03333333333333333
measurement_noise,Measurement noise,Measurement noise (m),150.0,150,0,pointer_lstm,Attention-LSTM pointer,9,41000,9,30,0.9844074845314026,4.180235862731934,2.348318481445309,0.0
measurement_noise,Measurement noise,Measurement noise (m),150.0,150,0,pointer_lstm,Attention-LSTM pointer,10,41000,10,30,0.927757203578949,3.353039026260376,1.9826866388320918,0.06666666666666667
measurement_noise,Measurement noise,Measurement noise (m),150.0,150,0,pointer_lstm,Attention-LSTM pointer,11,41000,11,30,0.7414977550506592,1.8905105590820312,1.3790398716926573,0.03333333333333333
measurement_noise,Measurement noise,Measurement noise (m),150.0,150,0,pointer_lstm,Attention-LSTM pointer,12,41001,0,30,1.0387754440307617,3.6942977905273438,3.131431412696838,0.03333333333333333
measurement_noise,Measurement noise,Measurement noise (m),150.0,150,0,pointer_lstm,Attention-LSTM pointer,13,41001,1,30,1.2111715078353882,3.3818042278289795,2.1608677029609678,0.03333333333333333
measurement_noise,Measurement noise,Measurement noise (m),150.0,150,0,pointer_lstm,Attention-LSTM pointer,14,41001,2,30,0.9930515289306641,3.35530948638916,2.265158188343048,0.06666666666666667
measurement_noise,Measurement noise,Measurement noise (m),150.0,150,0,pointer_lstm,Attention-LSTM pointer,15,41001,3,30,1.3237940073013306,4.6221466064453125,3.3670961022376984,0.0
measurement_noise,Measurement noise,Measurement noise (m),150.0,150,0,pointer_lstm,Attention-LSTM pointer,16,41001,4,30,0.7464391589164734,1.8492285013198853,1.4932702422142023,0.0
measurement_noise,Measurement noise,Measurement noise (m),150.0,150,0,pointer_lstm,Attention-LSTM pointer,17,41001,5,30,1.0613455772399902,2.41910719871521,2.242616629600525,0.06666666666666667
measurement_noise,Measurement noise,Measurement noise (m),150.0,150,0,pointer_lstm,Attention-LSTM pointer,18,41001,6,30,0.7913492918014526,2.1676816940307617,1.6385697007179258,0.0
measurement_noise,Measurement noise,Measurement noise (m),150.0,150,0,pointer_lstm,Attention-LSTM pointer,19,41001,7,30,0.866628885269165,3.5284156799316406,1.6624886870384208,0.03333333333333333
measurement_noise,Measurement noise,Measurement noise (m),150.0,150,0,pointer_lstm,Attention-LSTM pointer,20,41001,8,30,0.9862074255943298,4.312094688415527,3.0237974405288637,0.03333333333333333
measurement_noise,Measurement noise,Measurement noise (m),150.0,150,0,pointer_lstm,Attention-LSTM pointer,21,41001,9,30,1.065383791923523,3.421769857406616,2.259728288650512,0.03333333333333333
measurement_noise,Measurement noise,Measurement noise (m),150.0,150,0,pointer_lstm,Attention-LSTM pointer,22,41001,10,30,1.051738977432251,3.592474937438965,2.735360503196716,0.03333333333333333
measurement_noise,Measurement noise,Measurement noise (m),150.0,150,0,pointer_lstm,Attention-LSTM pointer,23,41001,11,30,0.9785584807395935,2.323683738708496,2.164487850666046,0.03333333333333333
measurement_noise,Measurement noise,Measurement noise (m),200.0,200,0,expected_info_gain,Expected information gain,0,41000,0,30,2.136631488800049,5.1041579246521,5.036608076095581,0.0
measurement_noise,Measurement noise,Measurement noise (m),200.0,200,0,expected_info_gain,Expected information gain,1,41000,1,30,1.1083167791366577,2.968559503555298,2.2905021309852596,0.0
measurement_noise,Measurement noise,Measurement noise (m),200.0,200,0,expected_info_gain,Expected information gain,2,41000,2,30,1.3011239767074585,2.6666347980499268,2.407472503185272,0.03333333333333333
measurement_noise,Measurement noise,Measurement noise (m),200.0,200,0,expected_info_gain,Expected information gain,3,41000,3,30,1.4959311485290527,5.169682502746582,4.509838938713074,0.0
measurement_noise,Measurement noise,Measurement noise (m),200.0,200,0,expected_info_gain,Expected information gain,4,41000,4,30,1.6749993562698364,4.681858539581299,4.275165796279906,0.03333333333333333
measurement_noise,Measurement noise,Measurement noise (m),200.0,200,0,expected_info_gain,Expected information gain,5,41000,5,30,1.3784563541412354,2.973036289215088,2.661044430732727,0.0
measurement_noise,Measurement noise,Measurement noise (m),200.0,200,0,expected_info_gain,Expected information gain,6,41000,6,30,1.4855835437774658,4.724990367889404,3.160575973987579,0.03333333333333333
measurement_noise,Measurement noise,Measurement noise (m),200.0,200,0,expected_info_gain,Expected information gain,7,41000,7,30,1.292818307876587,3.0582032203674316,2.8195579648017874,0.03333333333333333
measurement_noise,Measurement noise,Measurement noise (m),200.0,200,0,expected_info_gain,Expected information gain,8,41000,8,30,1.289662480354309,4.219564914703369,2.247098064422607,0.0
measurement_noise,Measurement noise,Measurement noise (m),200.0,200,0,expected_info_gain,Expected information gain,9,41000,9,30,1.5278006792068481,5.2123260498046875,3.5236247181892386,0.0
measurement_noise,Measurement noise,Measurement noise (m),200.0,200,0,expected_info_gain,Expected information gain,10,41000,10,30,1.201505184173584,2.652543544769287,2.237541854381561,0.0
measurement_noise,Measurement noise,Measurement noise (m),200.0,200,0,expected_info_gain,Expected information gain,11,41000,11,30,0.992136538028717,2.5335216522216797,2.2633430480957015,0.0
measurement_noise,Measurement noise,Measurement noise (m),200.0,200,0,expected_info_gain,Expected information gain,12,41001,0,30,1.5083363056182861,3.5453131198883057,3.065690302848813,0.0
measurement_noise,Measurement noise,Measurement noise (m),200.0,200,0,expected_info_gain,Expected information gain,13,41001,1,30,3.650622844696045,57.91257095336914,4.91374876499176,0.0
measurement_noise,Measurement noise,Measurement noise (m),200.0,200,0,expected_info_gain,Expected information gain,14,41001,2,30,1.336172342300415,3.0187771320343018,2.721338677406309,0.03333333333333333
measurement_noise,Measurement noise,Measurement noise (m),200.0,200,0,expected_info_gain,Expected information gain,15,41001,3,30,1.8553520441055298,4.925069808959961,4.324150228500364,0.0
measurement_noise,Measurement noise,Measurement noise (m),200.0,200,0,expected_info_gain,Expected information gain,16,41001,4,30,1.4130574464797974,3.022376537322998,2.845869731903076,0.0
measurement_noise,Measurement noise,Measurement noise (m),200.0,200,0,expected_info_gain,Expected information gain,17,41001,5,30,1.2664432525634766,2.851921558380127,2.630734252929686,0.03333333333333333
measurement_noise,Measurement noise,Measurement noise (m),200.0,200,0,expected_info_gain,Expected information gain,18,41001,6,30,1.2020984888076782,3.005817174911499,2.5769292116165157,0.0
measurement_noise,Measurement noise,Measurement noise (m),200.0,200,0,expected_info_gain,Expected information gain,19,41001,7,30,1.5530476570129395,3.309297561645508,2.9902269244194026,0.03333333333333333
measurement_noise,Measurement noise,Measurement noise (m),200.0,200,0,expected_info_gain,Expected information gain,20,41001,8,30,1.4845408201217651,4.729634761810303,3.0781072139739982,0.03333333333333333
measurement_noise,Measurement noise,Measurement noise (m),200.0,200,0,expected_info_gain,Expected information gain,21,41001,9,30,1.784650444984436,5.250706195831299,4.101200711727142,0.03333333333333333
measurement_noise,Measurement noise,Measurement noise (m),200.0,200,0,expected_info_gain,Expected information gain,22,41001,10,30,1.3135566711425781,4.25037956237793,3.1977379322051998,0.0
measurement_noise,Measurement noise,Measurement noise (m),200.0,200,0,expected_info_gain,Expected information gain,23,41001,11,30,1.3027244806289673,4.568848609924316,2.6551675915718076,0.03333333333333333
measurement_noise,Measurement noise,Measurement noise (m),200.0,200,0,flat_lstm,Flat LSTM,0,41000,0,30,1.8472474813461304,7.956927299499512,4.240488243103027,0.03333333333333333
measurement_noise,Measurement noise,Measurement noise (m),200.0,200,0,flat_lstm,Flat LSTM,1,41000,1,30,1.6951611042022705,5.157804489135742,4.0945628166198675,0.0
measurement_noise,Measurement noise,Measurement noise (m),200.0,200,0,flat_lstm,Flat LSTM,2,41000,2,30,2.12740159034729,6.998291969299316,5.689245939254755,0.03333333333333333
measurement_noise,Measurement noise,Measurement noise (m),200.0,200,0,flat_lstm,Flat LSTM,3,41000,3,30,1.566654920578003,4.744288444519043,4.27561912536621,0.0
measurement_noise,Measurement noise,Measurement noise (m),200.0,200,0,flat_lstm,Flat LSTM,4,41000,4,30,1.7530791759490967,4.265946865081787,3.6583155512809746,0.0
measurement_noise,Measurement noise,Measurement noise (m),200.0,200,0,flat_lstm,Flat LSTM,5,41000,5,30,1.34866201877594,4.493210792541504,3.501056647300718,0.03333333333333333
measurement_noise,Measurement noise,Measurement noise (m),200.0,200,0,flat_lstm,Flat LSTM,6,41000,6,30,1.523271918296814,4.163539886474609,3.8454520225524895,0.03333333333333333
measurement_noise,Measurement noise,Measurement noise (m),200.0,200,0,flat_lstm,Flat LSTM,7,41000,7,30,1.61156165599823,4.223988056182861,4.132224225997924,0.0
measurement_noise,Measurement noise,Measurement noise (m),200.0,200,0,flat_lstm,Flat LSTM,8,41000,8,30,2.335763454437256,9.695477485656738,4.2730621814727785,0.0
measurement_noise,Measurement noise,Measurement noise (m),200.0,200,0,flat_lstm,Flat LSTM,9,41000,9,30,1.498523235321045,4.897651195526123,3.2096251130104063,0.03333333333333333
measurement_noise,Measurement noise,Measurement noise (m),200.0,200,0,flat_lstm,Flat LSTM,10,41000,10,30,1.6295679807662964,3.7068562507629395,3.3989113450050352,0.03333333333333333
measurement_noise,Measurement noise,Measurement noise (m),200.0,200,0,flat_lstm,Flat LSTM,11,41000,11,30,1.2826684713363647,2.982029676437378,2.633327317237853,0.03333333333333333
measurement_noise,Measurement noise,Measurement noise (m),200.0,200,0,flat_lstm,Flat LSTM,12,41001,0,30,1.8408855199813843,4.700645923614502,4.087387919425964,0.06666666666666667
measurement_noise,Measurement noise,Measurement noise (m),200.0,200,0,flat_lstm,Flat LSTM,13,41001,1,30,2.0897438526153564,4.400932788848877,3.9605412006378167,0.03333333333333333
measurement_noise,Measurement noise,Measurement noise (m),200.0,200,0,flat_lstm,Flat LSTM,14,41001,2,30,1.8511663675308228,5.186456680297852,4.454048943519591,0.03333333333333333
measurement_noise,Measurement noise,Measurement noise (m),200.0,200,0,flat_lstm,Flat LSTM,15,41001,3,30,1.5072808265686035,4.215826988220215,3.801902616024015,0.0
measurement_noise,Measurement noise,Measurement noise (m),200.0,200,0,flat_lstm,Flat LSTM,16,41001,4,30,1.2695177793502808,4.1148576736450195,2.6477999448776246,0.03333333333333333
measurement_noise,Measurement noise,Measurement noise (m),200.0,200,0,flat_lstm,Flat LSTM,17,41001,5,30,1.7621315717697144,4.3899359703063965,3.6623020648956297,0.03333333333333333
measurement_noise,Measurement noise,Measurement noise (m),200.0,200,0,flat_lstm,Flat LSTM,18,41001,6,30,1.5015243291854858,4.074599742889404,3.557134687900541,0.03333333333333333
measurement_noise,Measurement noise,Measurement noise (m),200.0,200,0,flat_lstm,Flat LSTM,19,41001,7,30,1.7043803930282593,5.365274906158447,4.339020085334776,0.03333333333333333
measurement_noise,Measurement noise,Measurement noise (m),200.0,200,0,flat_lstm,Flat LSTM,20,41001,8,30,1.8224085569381714,5.546582221984863,4.09666140079498,0.03333333333333333
measurement_noise,Measurement noise,Measurement noise (m),200.0,200,0,flat_lstm,Flat LSTM,21,41001,9,30,1.9989749193191528,5.572363376617432,5.2181022405624375,0.0
measurement_noise,Measurement noise,Measurement noise (m),200.0,200,0,flat_lstm,Flat LSTM,22,41001,10,30,1.535786509513855,4.000742435455322,3.664364099502563,0.03333333333333333
measurement_noise,Measurement noise,Measurement noise (m),200.0,200,0,flat_lstm,Flat LSTM,23,41001,11,30,1.8481252193450928,6.2540974617004395,5.514078307151792,0.03333333333333333
measurement_noise,Measurement noise,Measurement noise (m),200.0,200,0,pointer_lstm,Attention-LSTM pointer,0,41000,0,30,1.1506049633026123,2.96433162689209,2.6323418021202087,0.03333333333333333
measurement_noise,Measurement noise,Measurement noise (m),200.0,200,0,pointer_lstm,Attention-LSTM pointer,1,41000,1,30,1.2365987300872803,2.708740711212158,2.5168324589729307,0.0
measurement_noise,Measurement noise,Measurement noise (m),200.0,200,0,pointer_lstm,Attention-LSTM pointer,2,41000,2,30,1.3489347696304321,3.4800238609313965,2.937943577766417,0.03333333333333333
measurement_noise,Measurement noise,Measurement noise (m),200.0,200,0,pointer_lstm,Attention-LSTM pointer,3,41000,3,30,0.939559817314148,4.248967170715332,2.50641974210739,0.0
measurement_noise,Measurement noise,Measurement noise (m),200.0,200,0,pointer_lstm,Attention-LSTM pointer,4,41000,4,30,1.2678837776184082,2.7279298305511475,2.4411242485046376,0.03333333333333333
measurement_noise,Measurement noise,Measurement noise (m),200.0,200,0,pointer_lstm,Attention-LSTM pointer,5,41000,5,30,0.9015233516693115,2.4737138748168945,2.075302428007125,0.0
measurement_noise,Measurement noise,Measurement noise (m),200.0,200,0,pointer_lstm,Attention-LSTM pointer,6,41000,6,30,1.2856602668762207,4.027600288391113,3.6354823350906353,0.03333333333333333
measurement_noise,Measurement noise,Measurement noise (m),200.0,200,0,pointer_lstm,Attention-LSTM pointer,7,41000,7,30,1.1979081630706787,2.6850168704986572,2.6069553971290587,0.0
measurement_noise,Measurement noise,Measurement noise (m),200.0,200,0,pointer_lstm,Attention-LSTM pointer,8,41000,8,30,0.9830262064933777,2.6021554470062256,2.1075707316398606,0.0
measurement_noise,Measurement noise,Measurement noise (m),200.0,200,0,pointer_lstm,Attention-LSTM pointer,9,41000,9,30,1.123687505722046,3.188676357269287,2.7320266723632787,0.0
measurement_noise,Measurement noise,Measurement noise (m),200.0,200,0,pointer_lstm,Attention-LSTM pointer,10,41000,10,30,1.0667271614074707,2.3060684204101562,2.1129939675331113,0.0
measurement_noise,Measurement noise,Measurement noise (m),200.0,200,0,pointer_lstm,Attention-LSTM pointer,11,41000,11,30,0.9201671481132507,2.4473390579223633,1.6848984777927398,0.0
measurement_noise,Measurement noise,Measurement noise (m),200.0,200,0,pointer_lstm,Attention-LSTM pointer,12,41001,0,30,1.1067548990249634,4.421210289001465,2.8834566950798006,0.0
measurement_noise,Measurement noise,Measurement noise (m),200.0,200,0,pointer_lstm,Attention-LSTM pointer,13,41001,1,30,1.477389931678772,4.805393218994141,3.7512152552604667,0.03333333333333333
measurement_noise,Measurement noise,Measurement noise (m),200.0,200,0,pointer_lstm,Attention-LSTM pointer,14,41001,2,30,1.370565414428711,7.549482345581055,3.6624372243881163,0.0
measurement_noise,Measurement noise,Measurement noise (m),200.0,200,0,pointer_lstm,Attention-LSTM pointer,15,41001,3,30,1.668028712272644,7.1173858642578125,4.1393809437751745,0.0
measurement_noise,Measurement noise,Measurement noise (m),200.0,200,0,pointer_lstm,Attention-LSTM pointer,16,41001,4,30,1.0614469051361084,6.3318400382995605,2.078048068284987,0.03333333333333333
measurement_noise,Measurement noise,Measurement noise (m),200.0,200,0,pointer_lstm,Attention-LSTM pointer,17,41001,5,30,1.2600035667419434,2.9127557277679443,2.792425429821014,0.03333333333333333
measurement_noise,Measurement noise,Measurement noise (m),200.0,200,0,pointer_lstm,Attention-LSTM pointer,18,41001,6,30,1.074882984161377,2.641697645187378,2.2714595913887017,0.0
measurement_noise,Measurement noise,Measurement noise (m),200.0,200,0,pointer_lstm,Attention-LSTM pointer,19,41001,7,30,1.1579681634902954,4.173527240753174,2.399245047569272,0.03333333333333333
measurement_noise,Measurement noise,Measurement noise (m),200.0,200,0,pointer_lstm,Attention-LSTM pointer,20,41001,8,30,1.2010343074798584,5.657907962799072,3.6337466597556976,0.06666666666666667
measurement_noise,Measurement noise,Measurement noise (m),200.0,200,0,pointer_lstm,Attention-LSTM pointer,21,41001,9,30,1.4994279146194458,3.994345188140869,3.0004229187965388,0.03333333333333333
measurement_noise,Measurement noise,Measurement noise (m),200.0,200,0,pointer_lstm,Attention-LSTM pointer,22,41001,10,30,1.0691466331481934,2.4696831703186035,2.3468173384666438,0.0
measurement_noise,Measurement noise,Measurement noise (m),200.0,200,0,pointer_lstm,Attention-LSTM pointer,23,41001,11,30,1.272983431816101,3.1604394912719727,2.5891736984252924,0.03333333333333333
